"genes","r_est","p_est","r_rmse","p_rmse","zero_prop"
"A2M",0.19132983024476,0.00260742356507422,31.8238493285874,0.012048993930659,0.542399072822098
"AAAS",3.56372148425336,0.46840965173995,12.3282582111975,0.0424707134585326,0.764052540081128
"AACS",1.00064251356634,0.269562080338395,26.5584519301907,0.0262992916864365,0.845663511686305
"AAGAB",2.43836217242528,0.345356504766676,18.529278008093,0.0326513116921437,0.744736333784045
"AAK1",1.87662533112955,0.162279459457427,22.6156082785181,0.0210782421398257,0.562391346339579
"AAMDC",1.94256646248443,0.14871878366875,23.305445816593,0.0204209577878307,0.559107591269075
"AAMP",4.63107086867356,0.24136607590181,12.8478862645694,0.026886181493452,0.431427467645354
"AAR2",2.5954503221072,0.393552960727692,16.7700807496515,0.0364742169642682,0.771489279505505
"AARS",1.14994932124666,0.0999187048527572,27.7556854055557,0.016745686277054,0.599575043461464
"AASDH",2.98421991580842,0.53130414360322,11.5085875719732,0.0484169670462223,0.837647286073015
"AASDHPPT",4.04456252947795,0.355214785634592,13.4065201200222,0.033266835406938,0.621981842766081
"AATF",5.91348080447205,0.415949574286168,8.78168364664894,0.0374703865998723,0.589820359281437
"ABCB7",4.51360361555225,0.53703291335012,8.7725645576715,0.0482070216230589,0.768108943403516
"ABCB8",2.25175835607559,0.420194849744095,16.824830675813,0.0387777665709116,0.814467838516515
"ABCC1",1.64236521530996,0.388947108139091,19.6179142858529,0.0362414157912182,0.843055823836199
"ABCC5",0.832778367747297,0.17518799095927,30.1618292126911,0.0191477681506567,0.793026849526753
"ABCD3",2.07772403641861,0.390209741855732,18.2706630017761,0.0362731202939552,0.807707166312536
"ABCD4",0.65599624060158,0.110052286189359,32.3567331185982,0.0148520066646925,0.746474792350782
"ABCE1",2.3793221571003,0.219933156583222,20.9239732909357,0.0242844386744427,0.611261348271199
"ABCF1",3.44394958078154,0.236765980131568,16.6881072912542,0.0260173726695345,0.524724744060267
"ABCF3",2.4876026198935,0.360026654045705,17.901376500507,0.0337691372065587,0.75053119567317
"ABCG1",0.393662795257407,0.0625331888453062,35.7868687768582,0.010992999514173,0.763666215955186
"ABHD10",2.65569561511382,0.463581979407826,14.3983059579751,0.0424032363272703,0.81437125748503
"ABHD11",0.326169428644359,0.040343105893858,36.3757805966016,0.00980389137304786,0.742418389028395
"ABHD12",1.00457638885,0.0618587585432607,27.1903782119092,0.0160486001115211,0.517094842572919
"ABHD13",3.244843118513,0.403785312610342,14.5962280466849,0.0370964820809405,0.728027815337068
"ABHD14B",2.43344510643151,0.129054000452942,19.9732553459771,0.0211093496246416,0.434904384778829
"ABHD17A",1.70264767758558,0.218740022871726,23.8288579656527,0.0234802164721686,0.688526173459533
"ABHD17B",1.74970543014535,0.633266861787552,9.0938393005291,0.0586138880696563,0.932200115897238
"ABHD18",3.13735182286972,0.513791065058749,11.7772464772591,0.0467028856937039,0.818234498744447
"ABHD2",1.3085759660499,0.116822345175635,26.4292736689513,0.0179185441399411,0.591269074753718
"ABHD3",0.960008481760341,0.210705343915846,28.4322603898995,0.0218360139351172,0.80278153370678
"ABHD4",0.757972715397791,0.277140586972742,27.3961309062224,0.0267228613151912,0.881205331272938
"ABHD5",1.05637676794597,0.151356282677428,28.8175176209337,0.0183678289593447,0.716051767432876
"ABHD8",2.21347284266536,0.393163622639835,17.8625444421579,0.0365191917381613,0.800946494108557
"ABI1",3.04266916194646,0.173191001676222,17.6064225211986,0.0231810657306214,0.445528298242225
"ABI2",1.90264784596291,0.173848696528322,23.3595444535883,0.0213902027958362,0.602279312343056
"ABI3",0.228083929946922,0.0225590918195965,37.357559239707,0.00854900107973997,0.739907282209774
"ABL1",0.56498894637121,0.171918896015136,32.3786874680369,0.0181762057990079,0.849913077071663
"ABL2",0.701067047987479,0.103626797193102,32.0502103191697,0.0147318253548488,0.726965423990728
"ABLIM1",0.267735281672489,0.0459341283228925,37.8253353379461,0.00907518889570662,0.793992659841607
"ABR",0.660594625900332,0.103150174359731,32.4434075219441,0.0145115543858145,0.737299594359668
"ABRACL",1.0893078859369,0.0326184994519369,22.6132536087709,0.0185828538546913,0.333880625845084
"ABT1",7.07106000229567,0.496737410677669,5.60388546391066,0.0434960881618335,0.621595518640139
"ABTB1",1.63828654258258,0.214664102110394,24.1085412814993,0.0231672662950152,0.689588564805872
"ACAA1",2.03149007037385,0.144302957776551,21.6999455485766,0.0207902343151301,0.507243577361406
"ACAA2",2.99597587400547,0.317099578604033,17.2509149987586,0.0306176594662769,0.666119374154916
"ACACA",1.44091422492873,0.273174627790347,24.2689883375054,0.0269011414858174,0.788101216920997
"ACAD8",1.54177064984921,0.391759463669524,19.7973782641735,0.0364920697552521,0.852520764921769
"ACAD9",2.56000800490362,0.345904959962507,18.1769120126925,0.0327062275598631,0.735947459918872
"ACADM",1.75093468929961,0.166405775861905,23.8692177485931,0.0208593212442677,0.603824608846822
"ACADS",1.86526754563499,0.32869208206862,20.9083558528909,0.0313040807473651,0.783755070504153
"ACADVL",2.59664677429202,0.0923035747862016,16.6806813157756,0.0219428721142584,0.280761058528105
"ACAP2",3.99003755948418,0.169877939431312,13.2813764354441,0.024319656757652,0.325671238168824
"ACAT1",1.60505799399607,0.181373304127253,24.791044593213,0.0212476508981087,0.653950164187754
"ACAT2",0.900600815814613,0.148267851653123,30.1388256002494,0.0176960608568795,0.747923507823064
"ACBD3",1.56761453950438,0.154891913509656,25.7087831596659,0.01976739244855,0.635599768205524
"ACBD5",3.64339852648484,0.416301912702619,13.7132021459592,0.0381506716743698,0.722522696542399
"ACBD6",4.47524371857337,0.271862481819573,13.7064945119084,0.0282796109384316,0.501738458566737
"ACD",4.01545864211454,0.395270177220172,13.1465502965076,0.0363390866858223,0.675487734209001
"ACER3",1.00837894213861,0.162439410469466,29.0795194049273,0.0188316318338453,0.741742321807997
"ACIN1",3.01982482536919,0.200313216135426,17.4388356195966,0.024146201965253,0.485416264245702
"ACLY",1.75913229964552,0.208868097406768,23.642414786401,0.0229820296426216,0.667374927564226
"ACO1",1.1958040620434,0.257044115344026,25.910146688243,0.0255024892324843,0.807610585281051
"ACO2",2.32816119169889,0.139347048299741,20.9225705441313,0.0210206053379118,0.478269267915781
"ACOT13",1.29661924550361,0.129441839943564,26.7899556542265,0.0182256078285931,0.622754491017964
"ACOT7",0.455713844115493,0.0922883942928772,35.1773117671281,0.0126268333986837,0.796793509754684
"ACOT8",3.15247182133769,0.353876512229577,16.3265849552319,0.0333298051000091,0.697991114545103
"ACOT9",1.17504195932257,0.133488647288331,27.5964704686705,0.0180301160398918,0.652018543558045
"ACOX1",2.11787752919555,0.269840060736033,21.3341343212769,0.0270929258593696,0.702337260961947
"ACOX3",1.25602225160918,0.380393425698055,21.2235092438681,0.0355755322689395,0.874154915974503
"ACP1",4.36637488528392,0.137487168661672,13.3161816791791,0.0239021153450506,0.274869615607495
"ACP2",0.502783951295353,0.0501508025583374,33.0795024392487,0.0122027321602409,0.664380915588178
"ACP5",0.168341057632929,0.00600589793128744,35.5198584304927,0.00939671803521242,0.656847595132316
"ACP6",0.853288674791474,0.32077902478178,25.2125755649543,0.0304404003332625,0.890283948232567
"ACSF3",2.67642620164228,0.472015289767016,14.0799597203634,0.0431448330728669,0.818524241838903
"ACSL1",0.661147106053546,0.0675189092336587,31.9198567189084,0.0134510611894256,0.661483484643616
"ACSL3",1.21814775840689,0.0866846013777375,26.1960408625365,0.0171350885862998,0.532740969673556
"ACSL4",0.953645119571153,0.13616714948815,29.3689783228891,0.017393004305416,0.706103921189878
"ACSL5",0.677255333036763,0.161167607173122,31.6585624519809,0.0177944731302558,0.811956731697895
"ACSS1",0.756844664720054,0.203087355895385,30.0983170466105,0.0208929212233026,0.836874637821132
"ACTB",2.55241523643873,0.00163889883469962,12.5233633883262,0.0258723206092745,0.000193162062970833
"ACTG1",2.77681420968845,0.00514173857191937,12.2636270351791,0.0258808871199812,0.00164187753525208
"ACTL6A",1.83639310889146,0.173700020494618,23.8255121523593,0.0212393090281598,0.61483484643616
"ACTN1",0.876671759199361,0.0196779478715711,22.8727438052269,0.0184711172357267,0.316399459146224
"ACTN4",1.30676052768826,0.0318126661838573,19.9464619678371,0.0202855363649104,0.257098705814178
"ACTR10",2.75227552827373,0.242402908763502,18.900213404515,0.0258404467444264,0.592717790226
"ACTR1A",1.82969391753453,0.159683968819025,23.049696045828,0.0208400173378089,0.570021247826927
"ACTR1B",4.63691590173109,0.329976397251485,12.7267906743084,0.0316824954698857,0.565385358315627
"ACTR2",2.3127107641043,0.0742352875707529,17.0122358653506,0.0217380252815688,0.256615800656751
"ACTR3",2.23151969703425,0.0434604315880616,15.2444576227162,0.022983611530598,0.151052733243191
"ACTR6",1.3135679216146,0.22618629660909,26.0033614442915,0.0234309195163656,0.760479041916168
"ACTR8",2.5181448115111,0.531849755806947,12.2034650356421,0.0486231493301954,0.858991694031292
"ACVR1",0.800293903971223,0.196048353851777,29.9351830053822,0.0204853906531884,0.820842186594553
"ACYP1",1.36229278502537,0.253007369980893,25.0816126402331,0.0253620895692957,0.778249951709484
"ACYP2",2.35788367117624,0.167805666990404,21.6581610616872,0.0217825983180972,0.546165733050029
"ADA",0.624323880667273,0.154214981719131,32.2959449598149,0.0171540704420887,0.818427660807417
"ADAM10",1.60630425771304,0.123102222072772,23.899659994626,0.0192192966508092,0.531581997295731
"ADAM15",0.575957872888589,0.0262277160969435,29.2509376207996,0.0141776755206411,0.51158972377825
"ADAM17",2.90691785918228,0.319191837239737,17.5608677669876,0.0307588768920403,0.677709097933166
"ADAM9",1.11912040653031,0.101910597786997,27.9759511235083,0.01669556126599,0.60913656557852
"ADAR",1.73000135477183,0.0519409496447624,18.3770010456247,0.0210587479350628,0.251593587019509
"ADAT1",2.76163326201082,0.534435863190983,11.7631250942069,0.0487998508952596,0.850009658103149
"ADCK2",1.37937798702977,0.358868839960391,21.6814962233811,0.0337364233623788,0.85271392698474
"ADCK5",1.30066583650091,0.336031975306531,22.8633166764574,0.0318274151683974,0.849237009851265
"ADD1",1.79355309876633,0.135905378513426,22.3940437889908,0.0202045878318347,0.511686304809735
"ADD3",0.67563507884639,0.0459105199829995,29.5415087080793,0.0142946765092008,0.555340931041144
"ADGRE5",0.423691949097534,0.041511447172318,33.7074049270782,0.0115470940686287,0.667278346532741
"ADGRG1",0.46776126510084,0.0453900822509607,34.172680440112,0.0113961462531349,0.687656944176164
"ADH5",2.06947624972522,0.104508218862223,20.434534127422,0.0203395182937336,0.404288197797952
"ADI1",2.31884059731502,0.103471972616935,19.9411566902637,0.0206136968835238,0.389897624106625
"ADIPOR1",3.77263452209019,0.113050444773906,14.7566661304755,0.0230752642057513,0.270040564033224
"ADIPOR2",3.58760508677562,0.357767177047203,15.0373912804279,0.0335979670616206,0.669209967162449
"ADK",2.02105661399168,0.211356712917536,22.550797125582,0.0234284225761535,0.64158779215762
"ADM",0.120039172081577,0.00831291890457928,39.4261286728373,0.00661422504413049,0.775352520764922
"ADNP",2.57203349860166,0.341762238156276,18.2181704016111,0.0323869480044059,0.730635503187174
"ADNP2",1.62157475431403,0.468567425049195,16.589481522675,0.0432709701814652,0.884006181186015
"ADO",1.81164043745013,0.556236842499946,12.4747542197332,0.0512666901421495,0.906123237396175
"ADPGK",1.41682944067665,0.123593208556995,25.4424434690536,0.0185724773891994,0.575236623527139
"ADPRHL2",2.29625648016887,0.257402444774622,20.8622864680572,0.0263966307247544,0.669692872319876
"ADPRM",1.00082734212825,0.498560303208758,16.630295112198,0.046267730123244,0.933648831369519
"ADRM1",2.82151442729255,0.0939085590961919,16.5031006833653,0.0220787675609292,0.279988410276222
"ADSL",3.49628776596602,0.217827009500394,16.9074706011926,0.0251638195762764,0.500386324125942
"ADSS",3.24041899938955,0.169172272742489,17.5638179519546,0.0231558640456387,0.438381301912304
"AEBP2",1.95031133471493,0.368021865438963,19.4271304834597,0.0344655495398413,0.804809735367974
"AEN",0.868575353729227,0.228078226423932,28.5963893637796,0.0229468376303117,0.835522503380336
"AES",1.40575276485347,0.0495120266223459,20.7940455476986,0.0196561040533654,0.314081514390574
"AFF1",1.2083172775533,0.171150875341482,27.0741024187291,0.0199504149441492,0.700212478269268
"AFF4",2.90456596630328,0.174503085898367,17.9554679576226,0.0230890730684401,0.456828278926019
"AFG3L2",4.18899489947179,0.278462991488549,14.458443934967,0.0285401000378331,0.531678578327217
"AFMID",0.800298254691125,0.18479054617642,30.3239422876499,0.0196778967546986,0.81330886613869
"AFTPH",2.63522615459384,0.265095018056453,19.2325384971038,0.0270831612170703,0.637821131929689
"AGA",1.13758043633754,0.227272272660436,26.8389949399059,0.0232859930537405,0.785396948039405
"AGAP3",1.07388757749518,0.225504870004185,27.3849290968289,0.0230584954623428,0.797662739038053
"AGBL5",1.07224454021811,0.222145710910742,27.7878424563002,0.0227803875022257,0.803361019895693
"AGFG1",2.5357010239861,0.389872180448141,16.993306322166,0.0361691189398355,0.771972184662932
"AGGF1",3.77057265155234,0.289414100753174,14.8044394758312,0.0289675939336844,0.557755456828279
"AGK",3.30312519597573,0.510023164640757,11.6332068389418,0.0463060005359009,0.808190071469963
"AGL",1.98549215974264,0.298071256019055,21.2331198547604,0.0290103304417038,0.744350009658103
"AGO1",3.53854030352351,0.567311907445725,9.3800352548664,0.0515202781949038,0.832045586246861
"AGO2",1.23149713826926,0.130939496581202,27.8269309829813,0.0178792304083336,0.654336488313695
"AGO3",2.66492133870897,0.328503339447071,17.9958381862513,0.0313669540308112,0.704075719528685
"AGPAT1",3.59960271577315,0.285376230158391,16.0397321338886,0.0287410112764762,0.584218659455283
"AGPAT2",2.00640029800697,0.138250950569467,22.2206111694515,0.0204341709015311,0.511493142746764
"AGPAT3",1.5846079788901,0.257598642685333,23.8889184694036,0.0258810569190667,0.752752559397334
"AGPAT5",1.01467001010681,0.204862014733053,28.2919075403878,0.0215166072514761,0.789356770330307
"AGPS",1.42186507721562,0.286391590263576,23.7632686171453,0.0278788275135903,0.795344794282403
"AGRN",0.60423663027655,0.0551777502888349,32.0770794754363,0.0129785816210347,0.644485223102183
"AGTPBP1",1.39820866869282,0.333177320686815,22.4432894976198,0.0315822758640009,0.833204558624686
"AGTRAP",1.98727988792757,0.0970226470301591,21.7643881265708,0.0196452114134899,0.428433455669307
"AHCTF1",1.57105330566248,0.192158550036814,25.2440437648042,0.0216913551381242,0.684180027042689
"AHCY",1.70716179250981,0.0782287283366451,23.2422883546077,0.0185991936114946,0.436353100251111
"AHCYL1",3.60310523228575,0.289859757989205,15.8746056853347,0.0290024220003277,0.586826347305389
"AHDC1",1.11625307623496,0.206991189841283,27.670929462473,0.0218286709867944,0.775545682827893
"AHI1",1.08428819249458,0.165835062392632,28.3218612116618,0.0192695375298732,0.726192775738845
"AHNAK",1.00987839656399,0.0142128787719951,18.5370460621337,0.0214813301611241,0.181572339192583
"AHR",0.643452165925451,0.0488013239942563,30.4034248715348,0.0138219132297428,0.585184469770137
"AHSA1",2.71583955891238,0.185654773642132,19.1677838007064,0.0231606222379188,0.507919644581804
"AIDA",2.5209543639866,0.236396132095258,19.9665982793226,0.0253261954605291,0.611840834460112
"AIFM1",2.08424531422482,0.304484966277845,20.8114421396807,0.0295245400264324,0.742901294185822
"AIFM2",0.604774607833348,0.232975053758884,30.0307085908711,0.0229460794593158,0.883523276028588
"AIG1",1.33636483232968,0.155773931489197,26.8064069303874,0.019353272110587,0.667374927564226
"AIMP1",4.39822413307946,0.248295220282083,13.7507952774015,0.027084142613209,0.465906895885648
"AIMP2",2.57265871404887,0.256977812663499,19.9823754422102,0.0265516774083467,0.645161290322581
"AIP",2.6627313926264,0.145583423844389,18.326830307508,0.0220857355711803,0.418002704268882
"AK2",2.68260947762707,0.0846097625380135,17.433340672554,0.0216257731051304,0.289067027235851
"AK3",1.88214117212235,0.155165826764353,22.9656464038659,0.0207200432128227,0.5602665636469
"AK6",4.45348191225931,0.373681146046963,12.5143874593193,0.0346574191238444,0.625941665056983
"AKAP1",0.776734074075761,0.132544926289269,31.5941918044593,0.016312830666405,0.762700405640332
"AKAP10",1.97947648354904,0.346165444925924,19.76331886057,0.0326482373356911,0.779988410276222
"AKAP11",1.80958443988548,0.282713017657914,22.0308589893381,0.0278046351465375,0.741935483870968
"AKAP13",2.09517927562309,0.0798260525718329,18.6298984868003,0.0209199291931238,0.310701178288584
"AKAP17A",2.13266937176227,0.301719205122861,20.4254120098091,0.0293117736031133,0.728124396368553
"AKAP8",3.58776059546451,0.463555830926592,12.5687935484542,0.0421181733686111,0.762990148734789
"AKAP8L",2.60526149935073,0.354482894744549,17.8474660051267,0.0333713331901087,0.740293606335716
"AKAP9",1.37154522845584,0.0400292002463394,20.6214921996809,0.0198047344747826,0.291867877148928
"AKIP1",2.21006815485186,0.190733939565145,21.7641933117089,0.0226419171383556,0.586536604210933
"AKIRIN1",2.1182605917319,0.165994493461521,21.787223806902,0.0215553353073115,0.546165733050029
"AKIRIN2",1.65004228437296,0.119342663897515,23.4760250755182,0.0192920054087536,0.513424763376473
"AKNA",0.406871396028683,0.0657946782396552,35.3148597448448,0.011389404380419,0.755649990341897
"AKR1A1",1.27610887306992,0.0337592747512327,20.3684410691903,0.0199976217442631,0.272551670851845
"AKR1B1",0.495482710064624,0.0344263857041919,31.6496635977571,0.0127113522380309,0.595422059107591
"AKR7A2",0.997717966904786,0.0342762053086861,23.2773626061813,0.0181404056989543,0.355418195866332
"AKT1",1.29095194933065,0.183918349916087,26.6944990188398,0.0207697106863077,0.710739810701178
"AKT1S1",2.83943092545052,0.266136390034168,18.8098958089835,0.0272648078139055,0.628066447749662
"AKT2",3.92956092418902,0.320415047656923,14.4446479676838,0.0309664528582297,0.596194707359475
"AKT3",0.461359358824771,0.0684181587704485,34.9374510608794,0.0117324243569384,0.749372223295345
"AKTIP",1.89164300390916,0.29490673765887,21.7453960275461,0.0287472263941212,0.753332045586247
"ALAD",1.95505832981867,0.282743961593657,21.7723642355308,0.0278965863560007,0.734788487541047
"ALAS1",1.05569873364837,0.173309701105808,28.4959855310486,0.0196103628315804,0.743384199343249
"ALCAM",0.28026740312621,0.0287683225042879,36.4324769011296,0.00937853240043907,0.723874830983195
"ALDH16A1",1.69732242760568,0.239571979648056,23.71178857673,0.0247619334011101,0.718949198377439
"ALDH18A1",1.3842235071995,0.227718593964134,25.6940543165133,0.0236134852746058,0.754394436932586
"ALDH2",0.363974425276317,0.0198597162958178,32.8577152242242,0.0116021264690893,0.60430751400425
"ALDH3A2",0.86990552454587,0.115914616060719,30.3585718968904,0.0160732835837675,0.699922735174812
"ALDH6A1",0.957378237653314,0.230877827922663,27.9898974492283,0.0232805347392322,0.823160131350203
"ALDH7A1",0.915558288902001,0.121694785272655,30.2781308315666,0.0163837163406447,0.707456055630674
"ALDH9A1",1.26044800121851,0.063087481626074,24.6918239541863,0.0175149756038396,0.448908634344215
"ALDOA",1.78039421456593,0.00704968883511775,12.9789370701165,0.0254366991348137,0.0149700598802395
"ALG1",2.74813666392799,0.436416305385479,15.1307345145018,0.0400406914232791,0.792543944369326
"ALG12",2.30595994147303,0.307621066477583,19.8644809935589,0.0298114910761951,0.722039791384972
"ALG13",3.81858115925146,0.318342327188261,14.7060146869528,0.0308067404441134,0.599961367587406
"ALG14",2.46476907364034,0.496695262210328,13.6858761581403,0.0454672710958948,0.845856673749276
"ALG2",2.87011087289964,0.30006273569992,17.8791766596948,0.0294222188083666,0.656461271006374
"ALG3",3.66180993878588,0.22243223914511,16.7585076917153,0.0254627895473933,0.504056403322387
"ALG5",2.73126831959113,0.221607497054468,19.2471748210507,0.0247301568071269,0.568669113386131
"ALG6",1.23532626863455,0.31651906537782,23.807433157983,0.0302016060024845,0.844407958276994
"ALG8",1.76468197705868,0.316296085551359,21.6559378158384,0.0303206149441841,0.784720880819007
"ALKBH1",1.63555427715211,0.614204820797848,10.1113825202447,0.0568310817745556,0.931427467645354
"ALKBH2",2.285545195577,0.314453758968701,20.0171995519859,0.0303350208944085,0.736816689202241
"ALKBH3",4.94499314213263,0.578908670701371,7.15579126508732,0.0520420713418026,0.784044813598609
"ALKBH4",1.06039547014883,0.194380183162919,28.3129603373341,0.0208864642219829,0.772841413946301
"ALKBH5",2.27833030453945,0.299923660147769,20.0457037116673,0.0292424560283679,0.714892795055051
"ALKBH7",4.08439616507728,0.111430247547248,14.1738147861585,0.0233432805336732,0.253138883523276
"ALOX12-AS1",3.6764073436902,0.641803390071501,6.69292175366006,0.0587499613677707,0.868746378211319
"ALOX5AP",0.100596391390985,0.0027261139689824,38.1888298403533,0.00734463203484221,0.729186787714893
"AMD1",0.792459095107128,0.0427813204575319,27.4805315272159,0.0155364932048696,0.490824802008885
"AMDHD2",1.283347631572,0.203988268371402,26.680846801374,0.0219210688614943,0.743191037280278
"AMFR",2.19480288768992,0.355464756301357,18.9960418626575,0.0334319787091446,0.773324319103728
"AMMECR1",1.86334575588672,0.508837004983473,14.4183194899986,0.0468486587474606,0.886130963878694
"AMPD2",1.61707412081773,0.295646586975161,22.7996197169826,0.0286843981647699,0.783465327409697
"AMZ2",4.32660469679749,0.246503025516483,14.4204661836048,0.0269718273276024,0.480780374734402
"ANAPC1",2.00611201693082,0.36537776556813,19.2774703034841,0.0342315601621704,0.796600347691713
"ANAPC10",4.51951971954986,0.602146542255596,7.00277179383899,0.0544573484629959,0.815240486768399
"ANAPC11",4.42068526542291,0.0650233071173943,11.189680095868,0.024813522845317,0.09397334363531
"ANAPC13",4.72405915956542,0.258568811654079,13.1746317497619,0.027710478780326,0.467259030326444
"ANAPC15",2.70529950725563,0.233875948805467,19.5097081454688,0.0253251876736477,0.595518640139077
"ANAPC16",5.30014183518858,0.123336390828292,9.83035395294598,0.024975436821993,0.162256132895499
"ANAPC2",3.93307146667353,0.509516374448292,10.4946261933434,0.0459630924752347,0.775255939733436
"ANAPC4",2.6513201466168,0.497967452225502,13.152870439598,0.0454357635804788,0.833011396561715
"ANAPC5",3.46616747620472,0.14982727513181,15.2443930838121,0.0233037949700202,0.343635310025111
"ANAPC7",3.26919195936194,0.440957695660778,13.7660193459772,0.0402438559124453,0.761831176356964
"ANGEL2",4.2114629522449,0.478574914927106,10.7905656709998,0.0430952630352688,0.736816689202241
"ANK3",0.407555052037479,0.102066711184789,35.8932858688846,0.0127425027866895,0.833687463782113
"ANKFY1",1.33965146053795,0.232846570720172,25.5078265240195,0.0239359426800631,0.757581610971605
"ANKH",0.595411688180588,0.0395590653581197,30.7973200261548,0.0133853653140801,0.580162256132896
"ANKHD1",1.78232284341979,0.521977063581144,13.9538780317061,0.048056944470332,0.894050608460498
"ANKIB1",1.60213972276876,0.21161198007016,24.6153457183657,0.0228998444737856,0.698570600734016
"ANKLE2",1.87547717601131,0.187298071273535,23.1007130333839,0.0220412767036354,0.617249372223295
"ANKRA2",2.33076204165626,0.44572074618554,15.6806205765154,0.0409269564044072,0.82258064516129
"ANKRD10",1.7637593932247,0.0971438123929807,21.6070501705546,0.0196272712025933,0.423121498937609
"ANKRD11",2.00322150076647,0.102873748032559,21.0267987889443,0.0200498924510782,0.417809542205911
"ANKRD12",2.24070561469869,0.0763435230288696,17.093310236926,0.0216771841421792,0.26212091945142
"ANKRD13A",1.54927329311861,0.2541521436649,24.0256225624692,0.025613485517632,0.751014100830597
"ANKRD13C",16.4811489558583,0.829970461546646,1.9405732657074,0.0795399483651265,0.78993625651922
"ANKRD13D",2.52729925676277,0.306703295491761,19.060444487122,0.0298002309097136,0.698763762796987
"ANKRD17",2.50660713327256,0.180723607216642,20.1533789340061,0.0226798969892784,0.526366621595519
"ANKRD26",1.23863688333318,0.215695482913211,26.7399506125513,0.0226095514517064,0.763859378018157
"ANKRD27",1.05296980310952,0.195666352605254,28.2268946372616,0.0209765982868443,0.772551670851845
"ANKRD28",0.492742799279554,0.0741861340560359,34.3110544116239,0.0123094024292274,0.74125941665057
"ANKRD37",0.343309986425426,0.0343506809749737,35.1632795815888,0.010395484382371,0.696832142167278
"ANKRD39",1.89583758265991,0.289716121170885,21.8911362824091,0.0283718464044826,0.749082480200889
"ANKRD40",2.67520222150987,0.539224402409911,11.6854245993404,0.049253638390877,0.855514776897817
"ANKRD44",0.346729222775733,0.05199120212617,36.1182871664932,0.0103762176705631,0.755070504152984
"ANKRD46",1.42886721137299,0.301740234051835,23.5909214904021,0.0290915227893808,0.814854162642457
"ANKRD49",2.3486522574434,0.350162844620357,18.6057355133149,0.0330040055477284,0.754394436932586
"ANKRD52",2.49342211232428,0.468006430744264,14.5959111672284,0.0428536451202043,0.826830210546649
"ANKRD54",2.58848958568083,0.343531396909908,18.2992084888158,0.0325576419461148,0.735464554761445
"ANKS3",1.63778025229583,0.362167141016407,20.6126351835154,0.0339923826437118,0.828375507050415
"ANKZF1",1.96991644324852,0.308426377998199,21.0843299023398,0.0297760448036106,0.756615800656751
"ANO6",1.21604004372693,0.105565963079427,26.4480327171646,0.0175107844291824,0.572339192582577
"ANP32A",3.35228379300203,0.131078226858591,15.5586891512853,0.02287576587513,0.32026270040564
"ANP32B",2.46543151454785,0.0426668845588898,14.9214019899441,0.0231978642866711,0.142457021440989
"ANP32E",0.869704232500084,0.0599883695182372,28.2432609764132,0.0153781822441293,0.543461464168437
"ANTXR2",0.335787688264701,0.0741028543714057,36.821811062222,0.0108771304151518,0.81311570407572
"ANXA1",0.630638017212539,0.0101599539934717,23.1209139422821,0.0183669760755362,0.304326830210547
"ANXA11",2.64672974039154,0.0753749236229817,15.2669827539072,0.0226172381480936,0.211802202047518
"ANXA2",1.43099554639942,0.00977986013954448,14.7005216287359,0.0242025194315731,0.0661580065675101
"ANXA2R",0.206479803103859,0.0934648758458544,38.7346857437917,0.0107991982355875,0.900618118601507
"ANXA4",1.92436180682224,0.0844319073143778,21.3698844621141,0.0196300427367016,0.395209580838323
"ANXA5",2.16036295613458,0.0246296431559578,14.0389604639292,0.0241370717832707,0.0818041336681476
"ANXA6",0.995390272006939,0.0418613474600132,23.9839335120981,0.0176998499554354,0.389414718949198
"ANXA7",2.63980499494422,0.121384102930331,17.6285464280101,0.0218351463814866,0.357542978559011
"AP1AR",1.53297600069569,0.292016327906837,23.3369881778581,0.028375435094086,0.79244736333784
"AP1B1",0.899145883796982,0.0757087267798017,29.0135238033601,0.0153320662453095,0.593007533320456
"AP1G1",2.4382013737833,0.302527907784963,19.2673203537268,0.0294612152557024,0.697894533513618
"AP1G2",1.33307469158293,0.209370678160142,26.0429038990268,0.0223806259147399,0.73430558238362
"AP1M1",3.76171190300574,0.318736635239548,14.7400704342621,0.0308051697763494,0.601506664091172
"AP1S1",2.6288201327577,0.148675171182714,19.7812620418943,0.0217494651026687,0.463299208035542
"AP1S2",0.418728047019884,0.0246139663721895,31.676178917355,0.0124942614985129,0.578520378597643
"AP2A1",2.90171097168927,0.198471409130153,18.4342595198865,0.0238770215385565,0.5092717790226
"AP2A2",1.35265762474493,0.155817235536303,26.4093059294749,0.0194785471840272,0.656364689974889
"AP2B1",2.59893925693666,0.214982159393422,19.317576850657,0.0243296670414085,0.559687077457987
"AP2M1",4.91454370086257,0.0970597416748156,10.2900138986097,0.0248495484464069,0.127969866718177
"AP2S1",2.73375831570957,0.0507388421555782,14.5219324932772,0.0232908679747762,0.147865559204172
"AP3B1",4.19575616604122,0.349804884594645,13.1360247784645,0.0328929073470936,0.606528877728414
"AP3D1",2.64745674323259,0.214606918698789,19.7629383732026,0.024291914871359,0.571276801236237
"AP3M1",3.25776494371579,0.468155957607239,12.8729862121496,0.0425228140110438,0.779022599961368
"AP3M2",1.17359032072151,0.233962141883926,26.64165473983,0.0237893557285122,0.790708904771103
"AP3S1",2.24726715856337,0.0944799473644084,18.664075527384,0.0210183758917439,0.338130191230442
"AP3S2",2.42589058394188,0.498563305118129,13.7020812424227,0.04565800124715,0.849237009851265
"AP4B1",4.34530191910176,0.680477263961513,4.68864184495695,0.0623819804746498,0.867297662739038
"AP4M1",1.49430337836996,0.266667456836056,24.2830313241665,0.0264587486400598,0.778056789646513
"AP5M1",2.95613683451771,0.445746011505237,14.2035285377604,0.0407012726014266,0.781533706779988
"AP5S1",2.94009024071788,0.519653923093083,12.0365496921808,0.0473904012774752,0.834460112033997
"AP5Z1",2.5368213973569,0.422894734479414,15.9822067665531,0.0389171351580851,0.795344794282403
"APAF1",0.756199444410496,0.211273828282411,29.7107561112628,0.0215210568747957,0.839385744639753
"APBA3",4.80294924959677,0.561555009922196,7.79633421701073,0.0504395987243822,0.776608074174232
"APBB1IP",0.298744502073072,0.0227260849212432,35.0931961972375,0.0101179179424149,0.674328761831176
"APBB3",1.64933437107569,0.364530495747605,20.4773571866444,0.0341850520349626,0.828375507050415
"APC",1.71561705077967,0.253198834059494,23.2301925436762,0.0256897862450461,0.727641491211126
"APEH",2.15965280637638,0.232008084305599,21.5417585518428,0.0247568895048008,0.647479235078231
"APEX1",3.43101526488986,0.114857030097843,15.4247118373357,0.0227668543929824,0.289549932393278
"APEX2",3.51418253925294,0.447014015658141,13.1798188429179,0.0407282926505848,0.754684180027043
"APH1A",4.26639678432031,0.0984439558958268,12.9005688889722,0.0238031056133162,0.197315047324705
"APH1B",1.06833055625134,0.222142909185925,27.5115014486938,0.0228107939223824,0.795731118408345
"API5",3.8909729550326,0.306173436097936,14.397187869897,0.0300108914811596,0.573015259802975
"APIP",2.49599143725121,0.200172065508104,20.5096702445106,0.0234351751580199,0.567993046165733
"APLP2",1.12856092194334,0.0287915977467597,21.0109311212002,0.0196266659495321,0.280954220591076
"APMAP",1.56535458501977,0.105392381930174,24.0998570966559,0.0186552748801783,0.506857253235465
"APOBEC3C",0.380913784678913,0.0578561493721451,35.5671358657721,0.0109320109020791,0.749275642263859
"APOBEC3G",0.22971763161069,0.0206742160497174,36.6367316415669,0.00898415907095861,0.715568862275449
"APOE",0.11098062581398,0.00102177696280493,35.2343050353062,0.00948896536311511,0.639366428433456
"APOL2",0.566087311633331,0.102959304235704,33.5328425487324,0.0139565822703865,0.767915781340545
"APOL3",0.565969098267205,0.0819468870963834,33.3739596545344,0.0131386371062072,0.727738072242612
"APOL6",0.81872781675721,0.0473480565697064,27.6544387921947,0.0154959602218948,0.504056403322387
"APOO",2.56204189126621,0.316700990511749,19.1635544078008,0.0305803071260967,0.71701757774773
"APOOL",2.46753442170938,0.530923596787003,12.3955456116651,0.0486031446585345,0.862854935290709
"APOPT1",6.6841805849768,0.618404503549451,4.47408143429688,0.0554344483034702,0.761251690168051
"APP",0.543685426067277,0.00478784753287572,22.2178759319921,0.0190755125480193,0.267336295151632
"APPBP2",4.74168338265513,0.510760548796559,8.97999649427145,0.0456591907213984,0.734885068572532
"APPL1",3.41214734731556,0.164814874560829,16.3498809568672,0.0233623547369447,0.398589916940313
"APPL2",1.05312713465023,0.230024099396656,27.2632499158337,0.0233672403414474,0.801622561328955
"APRT",2.13736443723032,0.0299835208924206,14.6806942629829,0.0236027362240222,0.109716051767433
"APTR",1.13099593003057,0.27380174105961,25.7634465613234,0.0267324866683034,0.830403708711609
"APTX",3.80830323728562,0.395178168574993,13.8138004202952,0.0364326018932651,0.693162062970832
"AQP3",0.153264326465682,0.00876025495982554,37.9177455928465,0.00772757851079309,0.73198763762797
"AQR",2.30321014342832,0.392132765581492,17.467841389477,0.0363629513919051,0.788680703109909
"ARAF",2.45163542806867,0.233415736348078,20.4608146738646,0.0250907488988741,0.620436546262314
"ARAP1",0.892996330500774,0.103338313620586,29.7536302805906,0.0158436770922129,0.661483484643616
"ARAP2",0.403688756370502,0.116744331182702,35.3852866363005,0.0137427094867072,0.843731891056597
"ARCN1",2.47525756707515,0.209668664147626,19.9131412839642,0.0239423989373474,0.567123816882364
"ARF1",3.04751316933413,0.0301998707439778,12.1249603770823,0.0250963554370158,0.0460691520185436
"ARF3",2.64054294024061,0.178748160815987,19.2511711635303,0.0228500418719743,0.498647865559204
"ARF4",1.6217499361204,0.0408481540449322,18.3910158090883,0.0211536339762754,0.231214989376087
"ARF5",3.54510341180866,0.0521044421641793,12.6930098370266,0.0242704153210966,0.105756229476531
"ARF6",2.21559275758748,0.107998709438003,19.6755926219493,0.0207442153247692,0.389704462043655
"ARFGAP1",1.57443857110779,0.245880319016432,24.1791387248989,0.0250629308724436,0.741935483870968
"ARFGAP2",5.99925233310274,0.464189256838869,7.70989905947873,0.041126658155977,0.631833107977593
"ARFGAP3",1.81481684962173,0.105337133984903,22.6564097610537,0.0193555028756923,0.467065868263473
"ARFGEF1",0.995118986331379,0.127066534721528,29.3123023209238,0.017033112467446,0.689298821711416
"ARFGEF2",1.94963846912884,0.280273847986019,21.9058674038105,0.0277211616517434,0.734498744446591
"ARFIP1",3.00710359942711,0.338240726381335,16.8175434571337,0.0321191835980484,0.687270620050222
"ARFIP2",1.68371625571197,0.182693780348879,24.6398883350985,0.0213939358694106,0.652018543558045
"ARFRP1",2.99665213167593,0.291558775344125,17.6681384698421,0.0289103583405366,0.637434807803747
"ARGLU1",2.37341310684233,0.0781310673330869,16.8266065722722,0.0218266631217887,0.258644002317945
"ARHGAP1",1.00299167379463,0.0965116826043613,28.2585217732653,0.0163375561399301,0.607591269074754
"ARHGAP12",1.79938609422413,0.289905775399194,22.1638764781144,0.0283347085989511,0.756905543751207
"ARHGAP15",0.210782483416346,0.0296503248584729,38.3910023161246,0.00808018547635718,0.782306355031872
"ARHGAP18",0.317830562232148,0.0185886899814228,33.7983451413755,0.0109174051257545,0.629322001158972
"ARHGAP21",0.814314153322097,0.077067995267957,30.3916198114979,0.0146240801657211,0.634537376859185
"ARHGAP27",0.73722924657197,0.143689973867469,31.4475571095231,0.0169159853599874,0.777090979331659
"ARHGAP35",1.73772546661472,0.280179689385806,22.6676946222701,0.0275949236240823,0.755263666215955
"ARHGAP4",0.356561270571774,0.0356874575650103,35.045251082324,0.0105154525568543,0.695769750820939
"ARHGAP5",2.07042399387378,0.214656952115849,22.5621992242455,0.0236356759462855,0.64728607301526
"ARHGDIA",3.06303848791702,0.0753291215423813,13.7346274301628,0.0233871643485142,0.171817655012556
"ARHGDIB",0.440953179966883,0.00494282291804215,24.4050193488697,0.0174903937417356,0.330790032837551
"ARHGEF1",1.22887451956391,0.0915204042327481,25.4086260717883,0.0176128860140779,0.518736720108171
"ARHGEF12",0.88105086328904,0.12324924406446,30.1297709183411,0.0164864504286468,0.705814178095422
"ARHGEF2",1.64243314835157,0.148979021600415,24.420608517533,0.0199401442563597,0.589916940312923
"ARHGEF7",1.6970462922891,0.243628407983917,23.3989966596051,0.0250410877581837,0.716920996716245
"ARHGEF9",0.457602485476445,0.0363264391214277,33.3260392755898,0.0116740622455266,0.64728607301526
"ARID1A",2.89601594151074,0.237725916770051,18.4624660975564,0.0256920074491127,0.573498164960402
"ARID1B",1.42954796116255,0.217683523092205,25.3300757567255,0.0230514599461508,0.728124396368553
"ARID2",1.93096585703196,0.322690449028742,20.6030131624058,0.030815511346241,0.766080741742322
"ARID3A",0.561469803928732,0.209312564568145,31.1943697564562,0.0209880354570238,0.877728414139463
"ARID4A",1.58275979159394,0.175817987056005,24.5968462800487,0.0210085944894367,0.639366428433456
"ARID4B",4.07572281146574,0.168756163364683,13.7161483345486,0.0242446383232529,0.336005408537763
"ARID5A",0.705677598479194,0.0578337656193444,29.984908080052,0.0142844590155595,0.589144292061039
"ARID5B",0.52050318300124,0.0296118768550285,30.3594679698546,0.0134718988915359,0.549546069152019
"ARIH1",2.7514365282712,0.312425125933425,18.1657612420647,0.0302519200707691,0.683503959822291
"ARIH2",5.11039694151524,0.308798384294735,11.1593544905569,0.0303342270095367,0.492273517481167
"ARL1",2.31495360849747,0.141534760094484,20.5591956435562,0.0211844223990526,0.471798338806258
"ARL13B",1.13588562290098,0.213032005980935,27.2819899857796,0.0222887744331519,0.774579872513038
"ARL14EP",3.30743591340677,0.343790102902042,15.7708314417623,0.0325168476355963,0.667664670658683
"ARL16",3.42865937224724,0.232245191408561,16.8639713780722,0.0257857705825223,0.522213637241646
"ARL2",1.68643396294987,0.262043381845041,23.3704355375324,0.0262710084405905,0.745605563067414
"ARL2BP",3.82856790953247,0.1869173108741,14.7302743356815,0.024442248982838,0.392312149893761
"ARL3",2.4798054051163,0.240100704316518,20.2750272329717,0.0254925260646223,0.626134827119954
"ARL4A",0.356799523404788,0.0405148160141266,35.3250815553684,0.010480503384353,0.712285107204945
"ARL4C",0.403423919973439,0.0271596474971962,32.6680214861557,0.0118756121189238,0.611840834460112
"ARL5A",3.29101432504878,0.13997062600855,15.6819445424094,0.0229525316225263,0.338323353293413
"ARL5B",0.852586952522566,0.13404310107487,30.6214824846724,0.0167866844537296,0.737782499517095
"ARL6IP1",0.980324771584029,0.0669440395433712,27.1336006461571,0.0161559635878001,0.524241838902839
"ARL6IP4",10.6103133630482,0.177224479509462,2.6934195256131,0.0274168667794212,0.093490438477883
"ARL6IP5",1.64347637905181,0.0399511753914105,17.8249916964818,0.0215001296408517,0.213540660614255
"ARL6IP6",2.31485011362961,0.199569371662118,21.1759140414065,0.023205707726466,0.584991307707166
"ARL8A",1.95369116100347,0.260454720151808,22.3608262646393,0.0263559668184568,0.715375700212478
"ARL8B",2.28012727949244,0.127940041223394,20.5589235493326,0.0208247654904721,0.448715472281244
"ARMC1",2.02598319283474,0.190712019927415,22.8379566590974,0.0223424791684781,0.615800656751014
"ARMC10",2.1966965023975,0.120523953174248,21.2737586343719,0.0203727066174341,0.455765887579679
"ARMC6",1.07066603068716,0.18930532426406,28.3785515792457,0.0205724455426005,0.766370484836778
"ARMC7",2.77830439199785,0.641293100912579,7.61625345453582,0.0590057395527605,0.898107011782886
"ARMC8",0.32421229006705,0.0165703306454937,32.610587344809,0.0117007803637707,0.591075912690748
"ARMCX3",2.09368019318984,0.132015661271,21.4760450177021,0.0205386174807426,0.480490631639946
"ARMT1",0.984080655875948,0.209663709908324,28.2605041789317,0.0218115899012744,0.796310604597257
"ARNT",2.81671117058043,0.374969405224867,16.4794209659639,0.034893477520996,0.734981649604018
"ARNTL",0.748980581033861,0.21626727909009,29.6244259882115,0.0218791874320749,0.845084025497392
"ARPC1A",0.853396653511919,0.0221352240155587,23.3036005978299,0.0181593631384462,0.333204558624686
"ARPC1B",0.942527193394826,0.0127567490658571,19.3053991885298,0.0209892058020431,0.20059880239521
"ARPC2",1.70374429694393,0.013439640422218,13.7425929594175,0.0246978771400963,0.0480973536797373
"ARPC3",2.51412847000194,0.0233918434054676,12.5155297238356,0.0250949909972494,0.0395016418775352
"ARPC4",1.55546112667472,0.158231956675334,25.0015087212543,0.0201005911205862,0.621402356577168
"ARPC5",3.22000877841923,0.050449320458349,12.7102166947024,0.0242755838465806,0.100444272744833
"ARPC5L",2.62328884425072,0.111603632233473,18.1823882202464,0.0215016312476039,0.356190844118215
"ARPP19",4.05770762327788,0.240038992452369,14.3428393689552,0.0265426776326998,0.468031678578327
"ARRB2",0.457994870863355,0.0254219352983888,31.2989744884809,0.0127734362411695,0.569152018543558
"ARRDC1",1.94655474386974,0.144681332949881,22.6083468518041,0.0204884276036276,0.532934131736527
"ARRDC1-AS1",5.20851893572534,0.688497998926352,3.85715455542244,0.0630546238805558,0.850782306355032
"ARRDC2",0.403000350360279,0.0851215317992497,35.8408857408658,0.0119326256455534,0.803650762990149
"ARRDC3",0.619645477903365,0.0868215523940249,32.8713451272009,0.0136117946489035,0.721750048290516
"ARSA",1.00695388438836,0.087751225672444,28.2501698689951,0.0160867053768955,0.592331466100058
"ARSG",0.727614744840473,0.39610845191459,22.2674173321032,0.0370389003702079,0.928530036700792
"ARSK",1.27832322901192,0.493975888672296,16.2597362209807,0.0457329825611542,0.915395016418775
"ARV1",2.19605220995274,0.325272180478846,19.8936716106189,0.0311034081760407,0.75053119567317
"ASAH1",0.836533350614448,0.0235096855148769,23.0653818110525,0.0183003684632205,0.328665250144872
"ASAP1",1.09419207186319,0.0850082007965486,27.5176674699974,0.0164074420989064,0.567027235850879
"ASB1",2.21396955470781,0.394428481942391,17.7858522962621,0.0366136369885246,0.800849913077072
"ASB6",3.80205812964598,0.5910339662198,8.24107469447086,0.0536801703287323,0.835329341317365
"ASB8",6.4307453796995,0.556336969650063,5.52872312254082,0.0491034380241619,0.704558624686112
"ASCC1",2.51753224964704,0.419743058082134,16.1867151370135,0.0386768600227994,0.796020861502801
"ASCC2",10.7432133092509,0.579247450077156,0.636516670978455,0.0497830713036324,0.596967355611358
"ASCC3",2.1775656334491,0.253183786056748,21.2088521502152,0.0260500600124941,0.672397141201468
"ASF1A",1.43831950963182,0.196801885599652,25.6418234009138,0.0217857686342379,0.702723585087889
"ASH1L",2.68747400205259,0.153296256241017,18.7956028651788,0.0221667609535844,0.443983001738459
"ASH2L",1.25077608630533,0.250259880413415,25.7167033388946,0.025056948287368,0.791384971991501
"ASL",1.86774339439373,0.233209550855307,23.2545888481829,0.0245104866692954,0.69615607494688
"ASMTL",1.69385225110349,0.255632958392577,23.3419153026231,0.0258356028654269,0.734595325478076
"ASNA1",5.30107617267801,0.24186852650198,11.338033174575,0.0271994307481912,0.393760865366042
"ASNS",0.24489134338823,0.0508080557961886,38.6380770696563,0.00876871657654979,0.825864400231795
"ASNSD1",11.0772726272232,0.62370932046957,0.295301066488175,0.054343252088667,0.643229669692872
"ASPH",0.739727727089632,0.0238106368868091,24.9727577151129,0.0170260943936161,0.38390960015453
"ASPSCR1",3.35268295857426,0.326216257798024,16.1340510514602,0.0313166364629235,0.650183503959822
"ASXL1",1.84474027471297,0.262280480318161,22.4813018475386,0.0264037720634904,0.72165346725903
"ASXL2",2.54178111937744,0.288743579089881,19.1417253039177,0.028552457840189,0.67278346532741
"ATAD1",3.8765722493132,0.411907131866133,12.9278635974011,0.0376026989964076,0.694997102569055
"ATAD2",0.246044654439754,0.0336554295514844,37.8458489523178,0.00859644298702329,0.773420900135213
"ATAD2B",1.82245689160599,0.335839237769865,20.7342943104601,0.0318419002594499,0.790322580645161
"ATAD3A",1.69350334279091,0.335332203693583,21.4906055221113,0.0318335034871486,0.810121692099672
"ATAD3B",1.89363970603404,0.399711240751966,18.5415361823027,0.0371290986652207,0.830017384585667
"ATAT1",1.58802938929849,0.37274141090955,20.4662634018954,0.0348969142516277,0.840931041143519
"ATE1",2.6467550567755,0.425290965226741,15.6018049688184,0.0390759523682273,0.788584122078424
"ATF1",5.31672783515867,0.473449220825214,8.91878716344316,0.042244176487011,0.677709097933166
"ATF2",4.51801151315745,0.440402238718038,10.8725210674981,0.0396780234034193,0.68224840641298
"ATF3",0.268015083455484,0.0116033403900591,33.6968606247066,0.0108430789655035,0.61377245508982
"ATF4",2.26856151236711,0.0650093404196445,17.506230394735,0.0215285768509283,0.254008112806645
"ATF5",0.36317205792853,0.0166433344900185,31.5913697248868,0.012419818035436,0.561618698087696
"ATF6",4.03822522656842,0.37702878511086,13.1359655878182,0.0348597586776168,0.647865559204172
"ATF6B",3.13139445967597,0.187785477187645,17.0039646970688,0.0238073187124939,0.453351361792544
"ATF7IP",1.75728523804479,0.160577245846576,23.7413904387829,0.020653053372928,0.59059300753332
"ATF7IP2",0.754433063263935,0.181669277321357,30.6889875157945,0.0193624270451596,0.818427660807417
"ATG10",4.84960189448135,0.612840596460951,6.41729567256598,0.0554640252971053,0.81330886613869
"ATG101",3.12813075774404,0.25258059783406,17.9359186374023,0.02663804043536,0.583156268108943
"ATG12",3.90743944764496,0.285607773982826,14.349190814963,0.0287793191351967,0.539791384971992
"ATG13",5.04723846555026,0.48459770414344,9.08064919630457,0.043252490757305,0.698763762796987
"ATG14",2.60773276420294,0.414217812780523,16.0002403816653,0.0381396814727487,0.782499517094843
"ATG16L1",1.62428983912581,0.469762810440666,16.5139723749272,0.0433685882026395,0.883813019123044
"ATG16L2",0.858624441518596,0.158985885580438,30.1568033514081,0.0182345143477591,0.766177322773807
"ATG2A",1.405528594015,0.424560332921471,18.9103746940436,0.0393906535033546,0.879660034769171
"ATG3",2.61939056734793,0.10974020305254,17.7265681496368,0.021647914386817,0.340254973923121
"ATG4A",1.17675238896767,0.419676213495211,19.7821961372109,0.0390292117469947,0.896368553216148
"ATG4B",8.57593132934099,0.571034830989962,2.95672922529054,0.0497983088588515,0.651342476337647
"ATG4C",1.50860082577189,0.340637741004386,21.7605938088908,0.0322041147735417,0.826154143326251
"ATG4D",4.70145502580779,0.559555369133148,8.0639710557074,0.0503468684007009,0.781050801622561
"ATG5",3.39304250428387,0.274629098590148,16.4188021501868,0.0280071828276818,0.577457987251304
"ATG7",1.30430776150767,0.212561812931568,26.2814977254978,0.0225216931105361,0.746088468224841
"ATIC",2.18477873927369,0.174726926164653,22.2861760343102,0.0218259600567724,0.574560556306741
"ATL2",0.678061982327473,0.108192934173776,32.5674451385307,0.0146933074119588,0.749372223295345
"ATL3",2.19142936766405,0.140743215840126,21.3481301473704,0.0208668525830783,0.49198377438671
"ATM",1.34062550185084,0.130281242093394,25.9157863948325,0.0185904966074483,0.59967162449295
"ATMIN",1.53435165577788,0.301893353833785,22.9762357523747,0.0291307278336306,0.798242225226965
"ATN1",1.36691710173076,0.112906463298998,26.2928177644848,0.0178772903385157,0.580934904384779
"ATOX1",1.42095323820299,0.0256798213200696,17.7485646673161,0.0217738264701866,0.183503959822291
"ATP10D",1.00348187782529,0.222320986102312,27.7469075572098,0.0227455967455591,0.802588371643809
"ATP11A",0.784336968753822,0.227630647485932,29.0300966538024,0.0227997856717372,0.846919065095615
"ATP11B",1.74754860129631,0.320729616667566,21.4034982882641,0.0306362503091796,0.784914042881978
"ATP11C",0.859722649398007,0.18302342575342,29.8958292166995,0.0197080850899361,0.798435387289936
"ATP13A1",1.58872136601074,0.179730405071093,24.9797996118346,0.0211157438490004,0.656461271006374
"ATP13A2",0.866997363318579,0.167845711653466,30.0966020020428,0.0187571880485438,0.779119180992853
"ATP13A3",0.826037414540661,0.112859512470809,30.6315431921661,0.0158056193010214,0.702433841993433
"ATP1A1",2.04045664968195,0.0537890072970107,17.9461798684223,0.0213341534213918,0.244929495847016
"ATP1B1",0.440850255988152,0.0267503683073394,32.3421920911189,0.0121005194018728,0.601796407185629
"ATP1B3",2.23367202151029,0.1015551305192,20.1736516997006,0.0204631973035195,0.392698474019703
"ATP2A2",2.08043569292753,0.155484346669599,21.9969674411446,0.0210988589695799,0.534382847208808
"ATP2B1",0.890125862127451,0.0801396396892764,29.0375311297702,0.0154328059635691,0.601313502028202
"ATP2B4",0.734098983002084,0.0698599437082558,30.490803813448,0.0143217262224014,0.624686111647672
"ATP2C1",3.03600476903167,0.254109295444398,18.069987468851,0.0266692289089497,0.589144292061039
"ATP6AP1",2.19997714453873,0.0763415311004705,18.7095688769148,0.0209044437495563,0.307514004249565
"ATP6AP2",1.95490904868306,0.0533488375943374,18.0843521941889,0.0212477280375942,0.247440602665636
"ATP6V0A1",1.0950989487318,0.185869719989952,28.0081606999124,0.0204641368094155,0.750434614641684
"ATP6V0A2",1.41484552251815,0.280184050214119,23.9931799092779,0.0274054993991419,0.791771296117443
"ATP6V0B",1.56344143502594,0.0239942751160225,16.9238861944999,0.0223417571754443,0.157909986478656
"ATP6V0D1",1.629012826408,0.073585579656114,21.747592806964,0.0192532018956857,0.385358315626811
"ATP6V0E1",3.66105538584224,0.0526791177976673,11.3070089277639,0.0249564391284742,0.0689588564805872
"ATP6V0E2",0.693189767048824,0.120100668267145,32.110498300636,0.0154467001806221,0.75642263859378
"ATP6V1A",1.68306464261335,0.148541570795186,24.1840812557786,0.0200160302711278,0.582673362951516
"ATP6V1B2",0.58264766336342,0.036431650280535,30.0133328436806,0.0138146810726374,0.551864013907668
"ATP6V1C1",1.60405149012751,0.126027985453171,24.8885310743906,0.0189520171260681,0.564322966969287
"ATP6V1D",3.1266981288479,0.23831958560539,17.6714725349748,0.0258851699553708,0.55331272937995
"ATP6V1E1",4.38570774771573,0.266690861609996,13.5039856667442,0.0279543337614825,0.488217114158779
"ATP6V1F",1.82430233905864,0.0265255227457325,15.4506918775257,0.0232126970107999,0.122561328954993
"ATP6V1G1",4.05822293261108,0.0563949595260966,10.7504244730933,0.0251592888267272,0.0635503187174039
"ATP6V1H",1.33724562204653,0.131185514173836,26.579301111585,0.0183895491929724,0.619857060073402
"ATP7A",1.24707502085916,0.34742322687544,22.5206995786945,0.032753884001185,0.857929302684953
"ATP9B",2.36453391505241,0.440180366363124,15.7934287322701,0.0404352229382759,0.817075526366622
"ATPAF1",3.36778610559615,0.368242962908682,15.3498187836113,0.0343779313568714,0.693741549159745
"ATPAF2",2.27743124005918,0.419375921694197,16.8355997439581,0.0387193945460177,0.813405447170176
"ATR",2.12103905836984,0.367856989273658,18.8306827199105,0.0344226089485988,0.788197797952482
"ATRAID",4.07490860063488,0.0907420901290965,12.9385564293653,0.0237756730064869,0.183890283948233
"ATRN",2.26397829616288,0.404353615429134,17.2642016366679,0.0374133710194789,0.802008885454897
"ATRX",3.04974179476155,0.103755159573579,15.473365272743,0.0225775449944628,0.269654239907282
"ATXN1",0.888638328799484,0.123296460634064,29.9389164463491,0.0165662232988302,0.700502221363724
"ATXN10",3.29020069258522,0.156041088232813,16.8872118678613,0.0229691670842166,0.398300173845857
"ATXN1L",2.30545345893744,0.450091131351543,15.6815655086912,0.0413593347314816,0.829244736333784
"ATXN2",3.55959614876776,0.347628565565844,14.9383832253719,0.0327783996875091,0.651245895306162
"ATXN2L",4.33035895488956,0.26739469866027,13.5012786878112,0.0279612257856637,0.489182924473633
"ATXN3",2.63972572822102,0.308392640914742,18.4464478197131,0.029923571480715,0.684856094263087
"ATXN7L1",1.92685092980836,0.43745092750481,17.0500570600655,0.0403743014249717,0.847788294378984
"ATXN7L3B",1.84245473722941,0.175103990691527,23.1837365000411,0.021449679550087,0.599381881398493
"AUH",1.63210753490622,0.308135301014048,22.3562120582515,0.0296448693473904,0.791095228897045
"AUP1",6.35856805427884,0.151765470286405,8.41328082024347,0.0256534949760942,0.17741935483871
"AURKAIP1",5.04745049668356,0.116995986395131,10.8785122867183,0.0246202256345191,0.178481746185049
"AVL9",2.58233503310618,0.348986826043147,18.0035718944971,0.0329366076563733,0.736044040950357
"AVPI1",0.550953751799423,0.161381053030422,32.9114550092765,0.0173493337277731,0.847595132316013
"AZI2",2.25326051442314,0.201762036704941,21.0942321371121,0.0232853820148911,0.586246861116477
"AZIN1",1.59032982482137,0.0859277537122041,23.1321518309613,0.0187128080507902,0.446011203399652
"B2M",1.93208541734733,0.00138889492714606,13.2312216583075,0.025474228176155,0.0133281823449874
"B3GALNT2",1.39649398633681,0.336842535421911,22.4718319487085,0.0319077594093778,0.839675487734209
"B3GAT3",5.44139661515801,0.293654058757793,10.8857135601878,0.0296250767086072,0.462236816689202
"B3GNT2",1.19953617100873,0.0960667235056139,26.5234309462042,0.0172053001777174,0.558141780954221
"B4GALT1",0.999997753267737,0.0730204645266431,27.3881831597455,0.0161499485289058,0.542205910759127
"B4GALT3",2.83504193324213,0.227369195331846,18.9896948712646,0.0250961371550838,0.571083639173266
"B4GALT4",1.44947456022548,0.255412521984317,24.6870779324278,0.0256096182505839,0.771199536411049
"B4GALT5",0.683617050375756,0.14950722403583,31.914171747128,0.0170458816698682,0.799884102762218
"B4GALT7",1.83892763722632,0.230722681885313,23.2913529264408,0.0243366761710072,0.693162062970832
"B4GAT1",0.85029520421811,0.283657665910534,26.6630677014263,0.0273253019447973,0.87125748502994
"B9D2",2.92701742257709,0.63342346320488,7.7716121009221,0.0581799916441594,0.889704462043655
"BABAM1",7.08590296523683,0.572062949968161,4.79830752041487,0.0506007107319027,0.704655205717597
"BACE2",0.424746966943972,0.0185653578880935,31.5231546824194,0.0125170425982053,0.563357156654433
"BACH1",1.25611684508691,0.141610009795835,27.0205510819444,0.0186112733265739,0.64960401777091
"BAD",3.49494370325681,0.193736168107016,16.5663647478473,0.02425044901885,0.452192389414719
"BAG1",3.21038286875636,0.147049886534364,16.3588041478435,0.0228694609323878,0.368456635116863
"BAG3",0.436097193555226,0.0576901280181346,34.6867555392131,0.0114642062172318,0.723681668920224
"BAG4",1.28151084891283,0.201136378810158,26.5626380856791,0.0217685676751777,0.735271392698474
"BAG5",3.51813999364685,0.367587527853337,14.9427098767615,0.0343085669779963,0.681765501255553
"BAG6",5.07567056775338,0.238788059466747,11.801070191014,0.0269823557744103,0.400618118601507
"BAIAP2",0.782744662774105,0.111781291985479,31.4970773205717,0.0153740441940713,0.725130384392505
"BAK1",1.77538883415754,0.232162940236397,23.2625369966908,0.0243842335868687,0.694707359474599
"BANF1",5.10464385704725,0.0996381781611913,10.6935863887621,0.0247232571039147,0.144774966196639
"BANP",3.47251083122067,0.504525115282486,11.499642794574,0.0457353195585412,0.795924280471315
"BAP1",2.01279779327591,0.398179702033542,18.1601973177371,0.0369447230015575,0.817172107398107
"BARD1",0.755179484131097,0.138678130678224,31.5201278686782,0.0166390499919621,0.770813212285107
"BATF",0.106259248744594,0.00889355298776615,40.0743977807251,0.00615898023789239,0.795344794282403
"BAX",1.65777575302307,0.0562790398321206,19.4022237464264,0.0204547306120972,0.288101216920997
"BAZ1A",1.624178795595,0.102366572654216,23.3383511415755,0.0189303230489366,0.480394050608461
"BAZ1B",2.4347370003218,0.143444669647374,19.6802033850384,0.0215485294839468,0.451033417036894
"BAZ2A",2.98203484046423,0.231456853144789,17.6133414760385,0.0254678357333527,0.540564033223875
"BAZ2B",1.03787165389596,0.119260217818906,28.4974063653372,0.0170479705363221,0.65317751593587
"BBC3",0.491206625053717,0.126885364087277,34.3115574560406,0.0147960997173434,0.830113965617153
"BBIP1",2.46569304123576,0.331795526597132,18.4836841846229,0.0315725632309713,0.722522696542399
"BBS2",1.63593538527833,0.305809797401918,22.4560975373797,0.0294712374294978,0.79012941858219
"BBS4",1.2120364908357,0.390071175907414,20.9410209038701,0.0364146533410303,0.881688236430365
"BBS7",2.28123256792319,0.436848958784436,16.196931509378,0.0402097795546763,0.822966969287232
"BBX",2.26691799650051,0.138872479661454,20.4453389738177,0.021125483639485,0.46397527525594
"BCAM",0.176757657038615,0.00693496424172351,35.8181643125341,0.00920415867394817,0.667278346532741
"BCAP29",1.82549574025386,0.111546798726953,22.44519229454,0.0195755103904741,0.471798338806258
"BCAP31",3.0502588988595,0.0618517528429395,14.4682152844403,0.0231903514289923,0.168630480973537
"BCAS2",2.31836772895998,0.192799927013908,20.7312762431249,0.0229722900482284,0.561715279119181
"BCAS3",1.1463930751991,0.327150548952805,23.6712919838954,0.0310423240427117,0.857639559590496
"BCAS4",0.364547005515492,0.0728525167594627,36.5956021801601,0.0109616113227619,0.804519992273517
"BCAT1",0.188783329540275,0.0320032444873387,39.4429661589218,0.00746611732770909,0.816978945335136
"BCAT2",1.42619793234959,0.209864219660526,25.7555072773492,0.0225170351415109,0.727158586053699
"BCCIP",5.89227891331588,0.335610254307245,9.4723953026617,0.0319816731335879,0.489279505505119
"BCDIN3D",1.51808920842263,0.504020399833551,15.2949939337801,0.046545710997753,0.903805292640525
"BCKDK",4.24151557574398,0.266454823318441,14.1944868806249,0.0279049537972918,0.505988023952096
"BCL10",2.45428007302567,0.315643385676276,19.0404830008498,0.0304107649264633,0.712285107204945
"BCL2L1",1.76005889021833,0.132857122413659,23.1859525477065,0.0198352661744386,0.528587985319683
"BCL2L11",0.63437178869152,0.18439349247267,31.5040138272965,0.0192583291715366,0.84576009271779
"BCL2L12",1.85049914381183,0.247964224129706,22.9953545482118,0.0254455925136558,0.712768012362372
"BCL2L13",7.08333775685114,0.509126065718647,5.96382857701087,0.0449115362337008,0.647479235078231
"BCL3",0.619539690059393,0.0510535952532617,31.0293037385342,0.0134908834547155,0.607108363917327
"BCL7A",0.625609256345141,0.192093140610232,31.4276574922209,0.0197845106031772,0.856190844118215
"BCL7B",3.77981238531892,0.296942265144933,14.7811863759535,0.0294233467031569,0.568862275449102
"BCL7C",0.969820963877626,0.0788541909814849,28.5480588300655,0.0156840987797638,0.585377631833108
"BCL9L",1.18941624260265,0.19081479470972,27.3345498736026,0.0209563496484051,0.739810701178289
"BCLAF1",3.2263240393721,0.150065074287026,16.0639980623242,0.0230131844769203,0.365462623140815
"BCOR",0.999313155212409,0.278201267641417,26.1302512644432,0.0269846815573518,0.847691713347499
"BCR",0.784501574947062,0.23475160682383,28.8809729523535,0.0233399795786157,0.854259223488507
"BCS1L",3.4426531417452,0.528658693238212,10.8821005973875,0.0480043328374507,0.815240486768399
"BDH2",0.769372306719014,0.107429384651774,31.0771565645621,0.0153566293657788,0.705814178095422
"BDP1",2.26174150706639,0.179952993378578,20.8895798197516,0.0223742398092509,0.544813598609233
"BECN1",7.16274692674874,0.408648648365029,6.26767539755292,0.036503529572016,0.5139076685339
"BEST1",0.386858668460393,0.081992641145178,36.0427114407763,0.0116758642234372,0.804133668147576
"BET1",1.39230216928463,0.111401140111244,25.7960518410407,0.0180424355007373,0.564419548000773
"BET1L",2.43737530898496,0.220621510931062,20.5590078897751,0.0243902866300591,0.602472474406027
"BEX4",0.700623547503585,0.0600674081925853,30.8698209193547,0.0138396476454496,0.618504925632606
"BFAR",5.36134793923253,0.354019267568083,10.7866484987038,0.0332392479363419,0.550801622561329
"BHLHE40",0.696336908485996,0.0254583439737938,26.1436847234003,0.0162455019649679,0.420610392118988
"BICD2",2.43810096531721,0.339448337857759,18.4976463604823,0.0321642921301003,0.734788487541047
"BID",0.941229195423882,0.0812840298967922,28.9218746304996,0.0155485709305004,0.600154529650377
"BIN1",0.730883879557061,0.080393903907072,31.1616035238298,0.0142922292748857,0.662062970832529
"BIN3",2.64172773703404,0.5641193404471,10.7583670827841,0.0515747955246776,0.868166892022407
"BIRC2",2.12737783969608,0.172636582712794,21.7827700061046,0.0218194541647491,0.557079389607881
"BIRC3",0.220078628581895,0.0162739714456644,36.3923866106244,0.00903201899846211,0.700695383426695
"BIRC6",3.04216075494025,0.206235762613269,17.5188832216507,0.0243830682155559,0.497295731118408
"BISPR",0.689960946086914,0.258733599939825,28.4824384027121,0.0251481178297402,0.881881398493336
"BLCAP",4.8449200829219,0.349300570454289,11.8281932946473,0.0329025214996512,0.571083639173266
"BLMH",2.11803878495814,0.351969073396975,19.3105844207681,0.033147514978946,0.776511493142747
"BLOC1S1",1.05091231267356,0.104375004522275,28.2362206675319,0.0166259165456167,0.6205331272938
"BLOC1S2",1.29165553207793,0.100078157081477,25.5815126756825,0.0177686106628272,0.538632412594166
"BLOC1S6",2.13153758970458,0.186938022347108,21.6655283685292,0.0224453089767225,0.577457987251304
"BLVRA",0.692672860344417,0.0525404539684962,30.2635547067728,0.0140049021652083,0.587888738651729
"BLVRB",0.967754992488213,0.0311406477168741,24.100846233493,0.0176280397172343,0.373382267722619
"BLZF1",3.34358571532937,0.42729915010329,13.9257972252812,0.0390567537566959,0.745412401004443
"BMI1",2.86244667512362,0.428224199423162,15.0056539255831,0.0392668321825311,0.776608074174232
"BMP2K",0.323138503299614,0.037901032740541,36.0594660626196,0.00992097061010601,0.728993625651922
"BMPR2",0.641592698913751,0.0699352652539043,31.6528159714538,0.0136559996426075,0.657909986478656
"BMS1",3.70141826838017,0.394642746216679,13.915181678505,0.0363540291813778,0.695286845663512
"BNIP1",3.88667489464815,0.702149797486021,4.36008266812229,0.0648191354486998,0.892698474019702
"BNIP2",2.60797030146445,0.159864940582656,18.7966537214043,0.0223166240753125,0.45470349623334
"BNIP3",0.477219375958828,0.0182609551643064,29.1086495489992,0.0141750225916367,0.492659841607108
"BNIP3L",1.18350772406233,0.0364431411399537,21.4135863007815,0.0193164782083354,0.306837937029167
"BOD1",2.56501208220083,0.248963160231358,20.229271449899,0.0260613293343376,0.639076685338999
"BOD1L1",2.43935136494086,0.218254266304333,19.9839598637435,0.0243281570977109,0.582963106045973
"BOLA1",2.05651196781503,0.262155393722028,22.2573471578144,0.0265410537205477,0.715182538149507
"BOLA2B",1.33568939167913,0.357459494052194,21.8871203491805,0.033617242963738,0.856190844118215
"BOLA3",2.68154451273328,0.117047069452795,19.2977729079243,0.0212010981535101,0.396851458373575
"BORCS5",1.42797471776728,0.246018815462368,24.9639809970431,0.0249267898295535,0.763762796986672
"BORCS6",1.6973925864573,0.374664047405174,19.890199527761,0.0350081419819683,0.828182344987444
"BORCS7",1.21703068770921,0.285086178742668,24.7942778622229,0.0276659555608259,0.821711415877922
"BPGM",1.11769608908825,0.251589832691094,26.3647844424922,0.0250233498810795,0.811473826540467
"BPNT1",1.77666884329788,0.45132102941311,16.9415338262807,0.0416748450993586,0.866525014487155
"BPTF",3.14564542569879,0.173102924315336,17.0032803187027,0.0233449997890621,0.42920610392119
"BRAF",2.77702163069378,0.452603511921078,14.4744157708034,0.0413920478766535,0.799497778636276
"BRAP",11.1927899696913,0.779641340314378,0.905940633855259,0.0725358713480631,0.803167857832722
"BRAT1",4.35560119552679,0.454426875911728,11.1319644855088,0.0410034984586805,0.70987058141781
"BRCA1",0.149392622803567,0.0843978415137252,40.0042924898242,0.00961417019907657,0.921962526559784
"BRCC3",2.81141301015314,0.349469804585836,17.5505712985669,0.0330312407356709,0.724261155109137
"BRD2",3.37766854910223,0.0916905178687688,13.6929765889117,0.0233458045584398,0.201468031678578
"BRD3",2.94094792963512,0.289623698401518,17.9684896350711,0.0287740647845832,0.642457021440989
"BRD4",3.78865754028199,0.181667595803065,15.4999623773955,0.0241501190852445,0.404481359860923
"BRD7",2.44138740771122,0.258575014965468,20.4487253045834,0.0265657382270449,0.660324512265791
"BRD8",1.43514935001047,0.236767194090852,24.9919548287823,0.0243060548933056,0.749661966389801
"BRD9",3.24403843153986,0.334123746111738,16.1759242185649,0.0318343039809307,0.663608267336295
"BRF1",4.22652803973856,0.636140382432924,6.30850807757335,0.0579695355293876,0.847208808190071
"BRI3",1.02991562943845,0.0572061331397119,26.4173842913388,0.016415483589905,0.486864979717983
"BRI3BP",0.800131952862285,0.254640064586116,28.0757942090003,0.0249289543205706,0.863917326637048
"BRIX1",1.94949926738861,0.204999430126947,23.1368239734436,0.0229664421755662,0.64728607301526
"BRK1",5.3437424645868,0.0633562799603412,9.56005847198,0.0256066603742624,0.0541819586633185
"BRMS1",7.76626388219728,0.470276055558151,5.04987000476715,0.0411484480984229,0.569152018543558
"BROX",4.29828425845583,0.389369206522098,12.6612265511328,0.0358572319750082,0.653467259030326
"BRWD1",4.06546759701649,0.272945644699916,14.3600041935664,0.0281637559324896,0.520378597643423
"BRWD3",1.07696997815545,0.286494713937502,25.4246160266703,0.0276958010982912,0.841413946300946
"BSDC1",2.16755770374758,0.218612715467118,21.6834569995515,0.0240081597204657,0.629708325284914
"BSG",2.5350282391105,0.0398763210018619,13.9308293005716,0.0238141683754291,0.109909213830404
"BST2",0.564686842200617,0.00556762120040712,22.066695422902,0.0191719340102844,0.264535445238555
"BTAF1",2.06936818854214,0.350168019425082,19.3516065747602,0.0329680910301733,0.77496619663898
"BTBD1",4.68031749251131,0.437274638343523,10.9629975635052,0.0395334861333884,0.679447556499903
"BTBD10",4.63328219332628,0.540431393933868,8.51008679206468,0.0484747546481802,0.76569441761638
"BTBD7",1.7562249137465,0.304927604548452,21.8789863681918,0.0294327482551827,0.772937994977786
"BTD",1.16524666663154,0.317995958751255,23.9715141495593,0.0302940163605537,0.851361792543944
"BTF3",6.04752887182099,0.0366641304413927,9.35839862548858,0.0262983058739311,0.00965810314854163
"BTF3L4",5.75390001959843,0.222548465917516,10.7682489211214,0.026690117029219,0.349719915008692
"BTG1",0.833405918288616,0.00931346584937768,17.8732383446333,0.0220531588842339,0.151535638400618
"BTG2",0.31924562494472,0.00801324330707764,29.2628832438717,0.0139702814435795,0.477786362758354
"BTG3",1.33186189664947,0.0832671087439462,25.3860387924373,0.0174994090546005,0.504249565385358
"BTN2A1",1.69459078135777,0.306875871722529,21.9721027117659,0.0295509559971488,0.778636275835426
"BTN3A1",0.74911788332972,0.146504694130923,31.1411135208148,0.0171758350843014,0.773131157040757
"BTN3A2",0.833561848297741,0.0889365055390393,29.87968064622,0.0152545542756156,0.64033223874831
"BTN3A3",0.619960716800622,0.141528510786494,32.4964036016468,0.0163604777432664,0.803071276801236
"BUB3",1.58888772911873,0.0877323314979423,22.303325791376,0.0191192127314062,0.425632605756229
"BUD13",2.36651368486654,0.420722531486226,16.4320173595477,0.0387609011183841,0.804519992273517
"BUD31",3.74478421621815,0.146073727069105,14.5119465837993,0.0235192408866108,0.318620822870388
"BYSL",1.2211636963441,0.337752078888753,23.1744378521926,0.03197166489668,0.860536990535059
"BZW1",2.45291087799488,0.0919919864947704,17.2311112215603,0.0216717998440137,0.29476530809349
"BZW2",1.68751656553261,0.133902751456484,24.8373220383187,0.0192800233600282,0.576395595904964
"C11orf1",1.93750623141705,0.235879569476798,22.8645074311809,0.0247487374860885,0.689781726868843
"C11orf24",1.13376211048794,0.105052140192562,27.6971721769641,0.0169238450395058,0.6066254587599
"C11orf49",3.27080615908123,0.437041036321424,13.8601084932539,0.0399074979300339,0.758450840254974
"C11orf54",1.91057301907752,0.295262552271169,21.5716761821315,0.0287741439512862,0.749179061232374
"C11orf58",10.2601424326855,0.194562920883764,2.57296463675633,0.0275429338458283,0.114255360247247
"C11orf68",2.12771686199511,0.443079534981794,16.4081496742919,0.0408280088943518,0.838516515356384
"C11orf71",2.01337263384381,0.39493810627161,18.4356663501861,0.0367240027472381,0.819490052153757
"C12orf10",5.30423922333347,0.37879919523366,10.46048114133,0.0348833283436126,0.579293026849527
"C12orf29",5.72333465453926,0.653561472240577,4.4037391493094,0.059241445867695,0.813212285107205
"C12orf4",2.3369045660533,0.422148453773793,16.5709181955815,0.0389326387372342,0.810411435194128
"C12orf43",5.60405191249788,0.651944008662076,4.52851168865002,0.0590924545014236,0.814950743673942
"C12orf45",1.61558552039812,0.181752304242996,24.8726386357811,0.0212557116138449,0.656847595132316
"C12orf49",0.925951120990935,0.19553370457151,29.1670080010425,0.020695457193882,0.798531968321422
"C12orf57",1.38424967275553,0.0185447393350835,17.0663342783544,0.0223718606050411,0.150376666022793
"C12orf65",1.67026797062248,0.277398462194564,22.9298114696608,0.0273518672694878,0.758064516129032
"C12orf73",2.05757600615385,0.370535613087927,19.1313625496776,0.0346939486939104,0.80046358895113
"C12orf75",0.294888198830372,0.0159655167670846,33.8909012545115,0.0107944970661456,0.627293799497779
"C12orf76",3.526944650864,0.433510892225526,13.288077835152,0.0394922345601965,0.737492756422639
"C14orf119",3.94115542275387,0.251819016923918,14.6342583500046,0.0270296447358526,0.49430171914236
"C15orf39",0.882518716029841,0.182400672969103,29.6524408626452,0.0197418909895715,0.790612323739618
"C15orf40",2.07383461049175,0.189299212901788,22.5691574086621,0.0223525667734531,0.606142553602472
"C15orf61",1.38866659705813,0.0991276188974533,25.4900821976049,0.0178315880363539,0.53476917133475
"C16orf58",3.0772035872346,0.366008955096802,16.1824992241994,0.0342305665475112,0.712864593393857
"C16orf70",10.1338658473047,0.761143846397477,0.287121662505257,0.070392339787527,0.804326830210547
"C16orf72",4.11396331735463,0.426519636638233,12.2479731157354,0.0387779786239097,0.698377438671045
"C16orf87",3.002098359673,0.364090502978644,16.3711825678837,0.0340720436598631,0.715085957118022
"C16orf91",2.9155901562791,0.347098311491728,17.2323558566901,0.0328394377993804,0.711995364110489
"C17orf49",1.34705965985553,0.164558394554977,26.6123783346471,0.0198292418195754,0.676550125555341
"C17orf58",1.08603935438491,0.191810622492334,28.2834973778589,0.0207539372994338,0.767819200309059
"C17orf75",2.07744262580897,0.494893650634628,14.5245294629896,0.0454644671845021,0.867007919644582
"C18orf21",3.48866537838503,0.434472040983188,13.5086734867012,0.0396525577863144,0.744736333784045
"C18orf32",3.92329127896404,0.240751479875581,14.9016509526355,0.0264993142528465,0.483870967741935
"C19orf12",2.18416316154723,0.325321600279934,19.7304870790994,0.0310739498613708,0.746281630287811
"C19orf24",4.93907145931007,0.19666780352484,12.4309679041253,0.0254627385455927,0.350106239134634
"C19orf25",8.84654278504152,0.559830992863868,2.62938590330816,0.0485152299483209,0.627486961560749
"C19orf48",0.808989634087908,0.102291480318639,31.3189876667249,0.0150675389095636,0.704075719528685
"C19orf53",3.12422472998157,0.0520831819149218,12.9390439884954,0.0241197723110926,0.10894340351555
"C19orf66",1.20116369375966,0.0603313794467399,23.7462207551434,0.0179771157646883,0.416650569828086
"C1D",7.99291609122503,0.407101294905614,5.29635447773607,0.036389155140038,0.486478655592042
"C1GALT1",0.831464481736736,0.0616560578816326,29.3871580582412,0.0147640211141153,0.579099864786556
"C1GALT1C1",1.16242890698248,0.210498121122786,27.0960408978643,0.0221732211071642,0.765308093490438
"C1QBP",3.30015472605082,0.097979847212857,14.8010210892143,0.0228827905497548,0.242611551091366
"C1RL",1.1782149223759,0.131680403922486,27.8481539586328,0.0178696875018254,0.656074946880433
"C1orf122",1.54636244303907,0.116627034500643,24.8571316430479,0.0186433456534561,0.547324705427854
"C1orf131",3.13312582424085,0.293494531641461,17.5580121855053,0.0291127682277944,0.637434807803747
"C1orf159",7.21338076348506,0.808926946839108,0.356436164935026,0.0762614188731815,0.888255746571373
"C1orf174",4.24810230040933,0.395550373060916,12.6032256867278,0.0363153878705072,0.661290322580645
"C1orf21",0.625845387604265,0.0725315806224347,32.5473570783562,0.0132579272795841,0.688043268302105
"C1orf216",1.68471265073017,0.361123527024748,20.5122972752914,0.0339090292963663,0.823932779602086
"C1orf35",3.04295487224375,0.248284307781718,18.4174658686059,0.0263460679521081,0.589240873092525
"C1orf43",2.74973135822505,0.0531033182773933,14.7851877155265,0.0231165302664267,0.159648445045393
"C1orf52",3.98847388214118,0.344935097076057,13.8683020549225,0.0325933481689937,0.618504925632606
"C20orf194",0.86745933426768,0.216096432548218,28.8489596405148,0.0220696842089175,0.823160131350203
"C20orf27",1.90594019623233,0.116559364140401,22.627727064631,0.019657376923278,0.485802588371644
"C21orf91",0.846022437220208,0.129470611691175,30.6395827152567,0.0165565207674061,0.730635503187174
"C22orf39",5.36783223281984,0.351090540131849,10.6490414117576,0.0330052807392741,0.542881977979525
"C2orf49",3.68448063800883,0.496136229387972,11.4199944733246,0.04492502461375,0.78066447749662
"C2orf68",4.82455709036866,0.507186277179958,9.31849668263913,0.0455418439429365,0.73787908054858
"C2orf69",2.73886636323038,0.408797884476571,16.0765689423461,0.0377456247442425,0.775835425922349
"C2orf76",3.13463894758123,0.45141956193138,13.9160541019546,0.0412534375840214,0.781726868842959
"C3orf14",0.616321344315241,0.0767618612303846,33.0423806939669,0.0131436387347606,0.709484257291868
"C3orf38",2.36614956309848,0.355429733614809,18.2797048854367,0.0333859164249025,0.753814950743674
"C4orf3",3.05479705940681,0.0424073388162972,12.5216693513453,0.024548294553289,0.0792930268495268
"C4orf33",1.51254970698552,0.420239471028975,18.7900962329763,0.0389796129935299,0.869422445431717
"C4orf46",0.87214693801837,0.358826191934978,23.4819403346876,0.0337246424107603,0.902839482325671
"C4orf48",1.35593793119709,0.0403301120006484,21.3692113025679,0.0193561038814292,0.313791771296117
"C5orf15",1.48674872377494,0.118763426296542,24.8962013820648,0.0186612975737663,0.551864013907668
"C5orf24",2.90558235769127,0.185497725368995,18.5391636317779,0.0233600453581969,0.490921383040371
"C5orf30",0.52134079045961,0.283811049959702,28.3891375197113,0.0271114565783269,0.919644581804134
"C5orf51",1.97227784618615,0.206941656465404,22.9016224551003,0.0231167695082057,0.644002317944756
"C6orf106",2.16810217047131,0.292442270736389,20.6642410348401,0.0286760371701303,0.719915008692293
"C6orf120",2.07641500443383,0.362238082750082,19.1873409793137,0.0339817440861142,0.789163608267336
"C6orf136",3.28438117083756,0.435242763516248,13.9581057678489,0.0397855290477074,0.758257678192003
"C6orf203",2.72799078412343,0.401092741687155,16.2714195851264,0.0370906605014253,0.769364496812826
"C6orf226",1.044475772009,0.123590720526686,29.1948117430808,0.0169600751186817,0.680220204751787
"C6orf47",5.92021315290919,0.54871675490469,6.60361614808794,0.0487817163956588,0.723102182731312
"C6orf48",1.33285772733586,0.0775450243349359,24.7511948733633,0.0177061309601433,0.476241066254588
"C6orf62",1.22429327617901,0.07609603512981,24.9390347029395,0.017544899834603,0.478559011010238
"C6orf89",2.62349118180874,0.174379771655141,19.3853120289125,0.0226585462766784,0.495074367394244
"C7orf26",4.03981814579639,0.558471831732534,9.01157515740456,0.0505152244657291,0.807127680123624
"C7orf50",3.01282559148864,0.146743205402904,17.4916008016009,0.0224847251390076,0.398300173845857
"C8orf33",1.11546334332901,0.108530275162627,28.3383138789892,0.0167618680360937,0.630674135599768
"C8orf59",2.95948244247688,0.0581682852396454,14.0151171493253,0.0234548426922793,0.148638207456056
"C8orf76",1.72564385051206,0.269894220410215,23.225691387518,0.0268539607996651,0.75410469383813
"C9orf16",1.93906019523034,0.0322358233824461,15.592998891643,0.0229941312548177,0.138110875024145
"C9orf3",0.32965960180601,0.0387445030642762,36.1248745642449,0.00991069005586136,0.732373961753912
"C9orf64",1.4875533239285,0.4476759461609,17.7358785285853,0.0414214110078614,0.883330113965617
"C9orf72",0.678527685463826,0.19433525119547,30.8524731800256,0.020095860405359,0.843731891056597
"C9orf78",4.68169844681016,0.255189851412362,12.267564309537,0.0274982893200416,0.437898396754877
"C9orf85",3.44387129074615,0.486518128124496,12.054232489194,0.0441130136294947,0.784044813598609
"CAAP1",3.30698439520356,0.434337984359689,13.8637227792975,0.039673507190701,0.754394436932586
"CAB39",1.58596812766551,0.229291728740687,24.2125443884382,0.0239973447786514,0.716148348464362
"CABIN1",1.85222010998447,0.228642633083594,22.7326733486863,0.0242691796667344,0.674521923894147
"CACUL1",2.51545877728431,0.203752016377623,20.2705921576714,0.0236438462886588,0.567316978945335
"CACYBP",1.81831325302483,0.0600675565662239,19.4690465575187,0.0204414221181688,0.297855901101024
"CADM1",0.314720443177016,0.0621488354142809,37.3360102956507,0.0100554337163663,0.807610585281051
"CALCOCO1",0.962628274200264,0.139730138796568,29.2255756837371,0.0176136671117518,0.708035541819587
"CALCOCO2",2.95395611657665,0.164045313339657,17.3074043898521,0.0229383307387747,0.421865945528298
"CALD1",0.253083178320434,0.00190705623182168,28.18610531459,0.014729153947366,0.434711222715859
"CALM1",2.19160195085453,0.01792837073893,12.8761091617761,0.0250709595004133,0.0365076299014873
"CALM2",2.45019517902383,0.0194826434851024,12.7244072208508,0.0250985792348107,0.0376666022793123
"CALM3",1.84145810974724,0.0424419754292563,16.2882178152714,0.0223740821535577,0.175680896271972
"CALR",2.12332064807943,0.0155956341352686,13.3568172807797,0.0248493972042579,0.0452965037666602
"CALU",0.914623592730876,0.0261617632634144,23.5563118712937,0.0179813220820017,0.348271199536411
"CAMK1",0.263950792087913,0.0328506748130419,37.1855914483559,0.00900560050224009,0.75284914042882
"CAMK1D",0.762267668659835,0.110856601159901,31.6040545253156,0.0152754411511858,0.726579099864787
"CAMK2D",1.14720534977186,0.125281971133152,27.8899245160274,0.0175785419803948,0.646416843731891
"CAMK2G",1.75176131152978,0.268100363971622,22.794527797653,0.0267411475390881,0.739520958083832
"CAMKK2",1.89769890212943,0.311618983288247,21.1948428831136,0.0299870040700583,0.764728607301526
"CAMKMT",2.37584544478937,0.517251134777921,13.1425129419685,0.0474171807031138,0.862565192196253
"CAMLG",2.73454672966524,0.163048805973054,18.7081346767535,0.0224902143671662,0.457987251303844
"CAMSAP1",1.77051180131264,0.53937282654056,13.2570376880072,0.0496948185208661,0.901777090979332
"CAMSAP2",1.74831076255732,0.273120173758451,22.8779187811553,0.0270961693021645,0.749758547421286
"CAMTA1",3.98270025060901,0.125993429032218,14.4895035246608,0.0233312406590297,0.285686691133861
"CAND1",1.95584742802114,0.162452106767235,22.4386313659971,0.0211728424200714,0.55794861889125
"CANT1",2.20666868857569,0.233145589361607,21.5343868631205,0.0248522454307102,0.649121112613483
"CANX",3.95607311246232,0.0684450494983167,12.2258434576477,0.0242584321969033,0.124782692679158
"CAP1",1.72846472258415,0.0364886740576338,16.5740386291133,0.0223054286943587,0.172107398107012
"CAPG",0.588209284043618,0.00637153224625087,22.8817351911487,0.0185829581111113,0.290032837550705
"CAPN1",1.88673912226694,0.0962543355280711,21.9141050551286,0.0195300560946933,0.430847981456442
"CAPN10",3.37452141525076,0.74813618158537,2.85231721798644,0.0696152736574271,0.923314661000579
"CAPN15",1.70471847198426,0.439870673468886,17.5080858113925,0.0406554412420249,0.864496812825961
"CAPN2",1.7314364189182,0.0579608320317665,19.6618451252448,0.0203252398159091,0.299014873478849
"CAPN7",2.64343315606429,0.310455012936461,18.5071905691756,0.0300827194963989,0.689685145837358
"CAPNS1",2.35892255173523,0.112153074040737,19.5893505854479,0.0208926180739711,0.395112999806838
"CAPRIN1",2.93880162642468,0.123118846826171,16.9986725360581,0.0221746003800438,0.34450453930848
"CAPRIN2",1.06665476427616,0.371069744575606,22.2318011127612,0.0347804449570224,0.88748309831949
"CAPZA1",2.42094851641145,0.113736493887976,17.9406724555197,0.0215484323859531,0.352037859764342
"CAPZA2",4.28757353549941,0.131536297396241,12.3835294350943,0.0240732704250885,0.239038052926405
"CAPZB",3.28183048399002,0.0494099198209292,12.1933203340686,0.024566866786728,0.0846049835812246
"CARD16",0.409683625793756,0.0241807373695335,31.9160842494504,0.0123243500976166,0.58470156461271
"CARD19",1.91906511444774,0.166353157845344,22.9735252148647,0.0211732872318603,0.579196445818041
"CARD8",0.645187460533619,0.108522976687471,32.5020988793041,0.0147136821309253,0.748020088854549
"CARHSP1",0.952631184997069,0.0376835984983193,24.9279049970743,0.0171095840264271,0.408924087309252
"CARM1",1.89829799352887,0.30930806617916,21.4159250298754,0.0298305320692348,0.767046552057176
"CARNMT1",2.15382516822299,0.460451723961653,15.6677772504668,0.0423332292274649,0.845084025497392
"CARS",2.31170016635545,0.302748517401608,19.9077285131684,0.0294585644603218,0.715568862275449
"CARS2",2.13455609195489,0.35009769085469,19.4792491006481,0.0330351266614965,0.778056789646513
"CASC3",2.75399325473841,0.23888043952098,19.0087908266564,0.0256468504242393,0.590013521344408
"CASC4",1.19159003826767,0.12194567242619,27.2033165816257,0.0177347213501746,0.621498937608654
"CASD1",0.880546134906886,0.284645734454585,26.5202484615144,0.0274274844726013,0.868842959242805
"CASK",0.619398543545914,0.119094369109589,33.155241602117,0.014930494307997,0.784334556693066
"CASP1",0.440154848669207,0.038011289860664,33.2102946268795,0.0117769149105354,0.646803167857833
"CASP2",2.10652181448011,0.412069984005554,17.5020884234706,0.0381281119753803,0.820552443500097
"CASP3",1.32005581888748,0.218537496263918,25.9513415205488,0.0229503680122514,0.746667954413753
"CASP4",1.00871420576148,0.0696577195002256,26.7886712022495,0.0163990618237063,0.519219625265598
"CASP6",1.17778370620913,0.236663793938539,26.6032127441767,0.0239834581693031,0.793992659841607
"CASP7",1.67031048056732,0.279003612953226,22.8288091142962,0.0274662869129155,0.757871354066061
"CASP8",1.14327855596268,0.203960728233333,27.368210856841,0.0217069066454383,0.762217500482905
"CAST",1.99187013326542,0.056699785779646,17.345553202937,0.0216200703193143,0.232663704848368
"CAT",1.60311416008625,0.110554717760896,23.9904965822492,0.0188435100611171,0.512748696156075
"CAV1",0.150193986916635,0.00450477061179181,36.0669188960994,0.00896186788087797,0.670175777477304
"CAV2",0.367947560788635,0.0282310431560085,34.3426944845064,0.0107828234092671,0.662352713926985
"CBFA2T2",1.5236052867466,0.255492015198395,24.3709120967066,0.0256780423430159,0.762603824608847
"CBFB",2.31798372459024,0.270744264962825,20.2424303091835,0.0272612076923479,0.674135599768205
"CBL",0.96775601220434,0.165716954561186,29.1419399987231,0.0189639301304855,0.748889318137918
"CBLB",0.745128774439233,0.099637209916311,31.1596751385225,0.0149922906782848,0.69490052153757
"CBLL1",7.37937478228021,0.673739391071063,2.40038156419115,0.0606666222690222,0.77960208615028
"CBR1",1.39382433778521,0.0773517467696788,24.4883763493644,0.0178575087497333,0.468707745798725
"CBR4",1.80282912813771,0.394080744681281,18.9843472818238,0.0366609967150451,0.833494301719142
"CBWD1",1.74941359950661,0.375970301528819,19.8147978793802,0.0351478077198808,0.827989182924474
"CBWD2",2.15604180210285,0.240564181823388,21.6643761598501,0.0252474657738057,0.664574077651149
"CBWD5",1.13393223714459,0.259562619192849,26.1158141948084,0.0256376281432515,0.817365269461078
"CBX1",2.4663897123339,0.196471333146142,20.4851761893934,0.0232558211102951,0.561232373961754
"CBX3",3.89449178737801,0.108470135898653,13.2144073461646,0.0236132251820843,0.220494494881205
"CBX4",0.860024202699224,0.207787300200622,29.2402688650151,0.02143718745082,0.820552443500097
"CBX5",2.17035876534926,0.163269023194859,21.6078648908572,0.0215249549855969,0.536797372995944
"CBX6",1.11410974502053,0.134126672949943,28.2549930151131,0.0177907514550129,0.671527911918099
"CBY1",2.07694032898419,0.260895457456881,22.0467208202506,0.0264709431413934,0.707456055630674
"CC2D1A",0.916834067779022,0.119940295424241,30.0310633756296,0.0164040851730452,0.697508209387676
"CCAR1",3.3042293379605,0.206938066454113,16.5695236560347,0.0246505265240146,0.47324705427854
"CCAR2",2.19321122762667,0.387217408751448,17.861843762552,0.0359541952614468,0.791964458180413
"CCDC106",3.28622047120959,0.475415444866215,12.8138407900012,0.0432571566356936,0.788004635889511
"CCDC107",2.44340435752743,0.120784502316923,19.1445436052652,0.0212291973917281,0.39781726868843
"CCDC112",0.841858787921422,0.166471670357203,30.3600809462731,0.0185890276259766,0.78423797566158
"CCDC115",4.33227226474712,0.304118031202065,13.3638387741337,0.029986287161027,0.542592234885069
"CCDC117",1.66738717871181,0.288535124831172,22.8177960703318,0.0281750040141514,0.77264825188333
"CCDC12",3.9595869068437,0.286155401496999,14.1082190156444,0.0288167424460991,0.534286266177323
"CCDC124",3.84172636198698,0.139697810201136,14.7979486348825,0.0233764695712278,0.316302878114738
"CCDC126",1.08795790892599,0.331114527134436,23.7606072419061,0.0313628109248288,0.866428433455669
"CCDC127",4.15221468309007,0.481347930947747,11.0146958561122,0.0434588106485159,0.746764535445239
"CCDC130",3.54745506065644,0.303317096389248,15.7804606271162,0.029811660389259,0.605273324319104
"CCDC137",3.26900079214436,0.349462907584993,15.9783147911681,0.0329753031557903,0.681862082287039
"CCDC14",0.747555379261293,0.0590100125771344,30.3439781635778,0.0141315973765159,0.601699826154143
"CCDC159",2.12990708042906,0.432639546938476,16.6940174993783,0.039881607855268,0.830307127680124
"CCDC167",0.844835805821269,0.0626033722872022,29.2506832427505,0.014866199667991,0.576878501062391
"CCDC174",3.91695803517448,0.368659344833113,13.6897066499636,0.0342904963889508,0.649893760865366
"CCDC186",1.92451339128646,0.210650129599988,22.8518613619651,0.0232911841750658,0.648638207456056
"CCDC22",2.00774065777477,0.339465326360619,20.1156940105439,0.0321698523031822,0.778926018929882
"CCDC25",1.51303894599341,0.138211304014343,24.6638754057206,0.0193940430135338,0.578327216534673
"CCDC28A",3.0120889226479,0.331113418062197,16.8202129064877,0.031583491953667,0.67635696349237
"CCDC28B",0.810260230671704,0.183696430043664,30.2256783966728,0.0196384556780719,0.808769557658876
"CCDC34",0.616895366320961,0.116493248932299,33.2644178352107,0.0147547347468316,0.783079003283755
"CCDC43",8.18349167585238,0.605317724922372,3.16088020078215,0.0535179269568516,0.703303071276801
"CCDC47",3.15166644447453,0.167397990157195,17.2234295322448,0.0231360721859646,0.4258257678192
"CCDC50",0.951796545055042,0.0638425808116916,26.9635394628096,0.0161807920521966,0.513811087502415
"CCDC51",4.88659268269475,0.653101942210926,5.3110272529396,0.0596044010074491,0.840931041143519
"CCDC57",1.11733508193329,0.130505748438616,28.3231812348681,0.0176151252851531,0.667374927564226
"CCDC58",2.09679698510891,0.350294467382074,19.612815050123,0.0330534249432467,0.782016611937415
"CCDC59",5.94604413058062,0.360460986878261,9.47537362712778,0.033617924098474,0.526270040564033
"CCDC6",2.26936057970292,0.218131162568924,21.2852284556645,0.0240868645734269,0.618118601506664
"CCDC66",1.53974171106077,0.337950932833706,21.7469561677871,0.0319898586080831,0.821518253814951
"CCDC69",0.217438902377254,0.0347456107068612,38.5431664228672,0.00816917950629718,0.795537956345374
"CCDC82",2.83370676484125,0.321015883879643,17.5411812116903,0.030842111126181,0.680123623720301
"CCDC84",1.77004254554537,0.404546832392326,18.5469627422495,0.0375115911287689,0.838033610198957
"CCDC85B",1.48449579765677,0.0345926724929185,17.9632926161704,0.0214817050719654,0.20649024531582
"CCDC86",1.81101840918842,0.338565584957248,20.914758977088,0.0320967391411347,0.79940119760479
"CCDC88A",0.766257352526726,0.0456162613779922,28.6122021727692,0.0148840508733721,0.528394823256712
"CCDC88B",0.870095633548966,0.234427857242102,28.3206550048015,0.0234368090728579,0.838130191230442
"CCDC88C",0.398585695979045,0.131399994403864,35.1190490651175,0.0146782010285048,0.860536990535059
"CCDC9",0.864743254920256,0.327310301373083,24.9040986880019,0.0310031460545274,0.89211898783079
"CCDC90B",4.46182332220388,0.248942888682891,13.4175721880497,0.0271402830708075,0.458180413366815
"CCDC91",2.70665991648689,0.248050777824592,19.1887327460142,0.0261187640605249,0.609522889704462
"CCDC92",1.00333550573763,0.24964644045206,27.0695587992949,0.0247567142252422,0.827892601892988
"CCDC93",2.54252414534125,0.377487208066932,17.2619725246745,0.0351472493695691,0.760189298821711
"CCDC97",6.42830837084295,0.626801633529292,4.30768301649039,0.0561736975912489,0.770137145064709
"CCHCR1",1.03210802365513,0.221640021909239,27.9347221037729,0.0226975096057551,0.806644774966197
"CCL4",0.0669372708653632,0.00111163482578657,39.6389329335818,0.00621316020594956,0.768881591655399
"CCL5",0.0753973858046002,0.00142487439480368,39.0446876229959,0.00666594886073791,0.751979911145451
"CCM2",1.37681274148218,0.180550325833181,26.0024606772616,0.0207976991478389,0.686015066640912
"CCNB1IP1",1.98864168574353,0.205851741121835,23.0818027870146,0.0230439462150984,0.647189491983774
"CCNC",2.05178141499235,0.164691640135206,22.4879682219454,0.0212992114621937,0.563260575622948
"CCND1",0.332120610215099,0.0110882371908869,31.4007944737276,0.0124803054542115,0.545972570987058
"CCND2",0.182234250681354,0.0149176578083344,37.5867214557579,0.0081450023404266,0.733146610005795
"CCND3",1.0172484016773,0.0580873305151033,25.9991839604127,0.0166531379936702,0.476337647286073
"CCNDBP1",1.1509857886598,0.120502771326537,27.3480598871575,0.0176038805834034,0.62304423411242
"CCNG1",1.76751410147834,0.175384936963604,23.7115582640535,0.0213000451287536,0.614351941278733
"CCNG2",0.768339390614862,0.112942629203838,31.3644267444492,0.0154701888223969,0.723295344794282
"CCNH",1.07812521438684,0.136160297401879,28.2766064970325,0.0178486084116192,0.675487734209001
"CCNI",3.77001225743813,0.0272763580517748,11.1187698096639,0.0257297378308356,0.0196059493915395
"CCNK",3.39677688380431,0.341371511894346,15.4655448249105,0.0323251427222938,0.655785203785976
"CCNL1",2.19734168180904,0.0778846259412603,17.8795144948689,0.0212951635772874,0.286749082480201
"CCNL2",1.95720860763154,0.151779767659458,22.256212921596,0.0208352988276386,0.535058914429206
"CCNT1",2.23163890607167,0.358808147182387,18.5909193329565,0.0336518789068913,0.767626038246088
"CCNT2",2.89606083377259,0.362563476975958,16.4790239677755,0.0339037952738039,0.715858605369905
"CCNY",1.9959520280641,0.312802522203558,20.8204169589431,0.030105292627516,0.756326057562295
"CCP110",1.23266933258567,0.302014694574786,24.2276306977131,0.029017207113676,0.833011396561715
"CCPG1",1.03285147197672,0.0743553599197059,26.9782482623092,0.0164020696144616,0.532934131736527
"CCS",2.13040662007163,0.127524493596653,20.9549615480195,0.0206164765834915,0.458470156461271
"CCSER2",2.59583575776091,0.198330737129371,19.720272422664,0.023524130149053,0.543558045199923
"CCT2",2.55599088665423,0.107016402568409,18.4037648377792,0.0213407802057177,0.354162642457021
"CCT3",2.51477337798587,0.0762543742817071,17.104446233333,0.0217338958907802,0.264149121112613
"CCT4",3.18585117748777,0.100897863431345,15.3658833674621,0.0226433261323185,0.262603824608847
"CCT5",1.43882548935203,0.0478020203912339,21.6674821619838,0.0191736339124329,0.336295151632219
"CCT6A",2.7164338544404,0.0822522666489248,16.9349272106665,0.0218516401256295,0.271199536411049
"CCT7",3.24939562643367,0.132178950149587,16.1649319999397,0.0226749463842703,0.338323353293413
"CCT8",2.64957877006424,0.104617960113091,17.9972351806442,0.021502113126103,0.339192582576782
"CCZ1",2.1583416775959,0.57338308961783,11.1995416071921,0.0527262039135774,0.896078810121692
"CD151",1.22078032445399,0.02427668544243,19.9132553702721,0.0204003110870893,0.241742321807997
"CD164",2.42482694309268,0.0605733340947157,15.2247453135132,0.0227467449293783,0.182731311570408
"CD276",0.761585235459114,0.0744134908670433,30.8397952754763,0.0142857667481571,0.64265018350396
"CD2AP",1.50138702470135,0.140444530825798,25.5300959716368,0.0191897314182402,0.606335715665443
"CD2BP2",6.64984976198543,0.388089141850142,7.37541176713342,0.0351961377345289,0.512748696156075
"CD320",0.7034484633608,0.0460864488490313,30.1881217143457,0.0139259693353535,0.574463975275256
"CD37",0.221622397528934,0.00731448213995202,34.0003796740812,0.0105389970122531,0.61483484643616
"CD3D",0.0477415299713668,0.00259847188390554,42.6233354287904,0.00404900912621285,0.859184856094263
"CD40",0.345208507870353,0.0312904341295042,34.9380764039187,0.0104588051530091,0.684952675294572
"CD44",1.00848753785735,0.0204863768708324,20.8758252038893,0.0198027515534958,0.260961947073595
"CD46",2.31087888629296,0.113618952930272,19.1973593147333,0.0210434902429839,0.38642070697315
"CD47",1.7087021386362,0.0616607392197713,20.1923801322575,0.0200310362324707,0.320552443500097
"CD48",0.212913311731709,0.0144914632884988,36.5561022881282,0.00887016239113721,0.702337260961947
"CD52",0.0929837673065427,0.00198188011007644,38.1323692938705,0.00736314248686959,0.726192775738845
"CD53",0.241175917310674,0.013192288572635,35.2544910210493,0.00976544822659939,0.662062970832529
"CD55",0.61636519864356,0.0298720551141959,28.6544933256626,0.0146127714961508,0.500965810314854
"CD58",0.665051196686052,0.072257271758579,31.5749716904284,0.0137821802417857,0.659745026076878
"CD59",0.594595320253152,0.00543525574371201,20.7775844598958,0.0200951454791327,0.226868842959243
"CD63",1.44676583305853,0.0103836673647742,14.8095796999875,0.0241075788829359,0.0706007340158393
"CD68",0.139225935386545,0.00181353748431371,34.334111533663,0.0101776077629221,0.614448522310218
"CD69",0.0812268606836674,0.00628053388162712,41.1224947237171,0.00530012108279115,0.821518253814951
"CD74",0.846129658582267,0.00101409037920683,18.5469645892744,0.021814431066917,0.155785203785976
"CD81",0.656181001500851,0.0195865653319494,25.2452572621055,0.0168382417509341,0.383619857060073
"CD82",0.714750995113357,0.0301894808894915,27.5113199998551,0.0153845848161166,0.468900907861696
"CD83",0.172500971487965,0.00800817060033785,36.4917544718125,0.00874089483590167,0.688912497585474
"CD9",0.525237148631438,0.00586486292096909,23.6214410737752,0.0180542191706362,0.310218273131157
"CD99",0.766963288672216,0.00789740046297454,18.5984604753105,0.021584341603965,0.16940312922542
"CD99L2",1.18887848687936,0.259160044277708,25.6661148635663,0.0256609834379453,0.804326830210547
"CDADC1",2.25474544390425,0.523353356751504,13.047522297074,0.0479857076948814,0.869808769557659
"CDC123",2.40706725717679,0.149698428097912,20.451216858742,0.0214926943584758,0.482808576395596
"CDC16",3.61372636463397,0.373132530918322,14.4222286240022,0.0346691435823746,0.67635696349237
"CDC23",2.87268987543882,0.524175051149268,11.8881639560648,0.0477694725705295,0.837647286073015
"CDC25B",0.531672378792139,0.0544935854489817,32.9660613535916,0.0124077662010552,0.668727062005022
"CDC26",5.67324441321548,0.31185202101099,9.72711601006993,0.0305377531468644,0.460015452965038
"CDC27",4.46383254225025,0.370536841913886,12.3609119394971,0.0343760791910348,0.617249372223295
"CDC34",2.01757008704287,0.425747969211088,17.3520861630742,0.03936570170822,0.837647286073015
"CDC37",3.66468929010354,0.0710359019390554,11.7653970089336,0.0243996415318956,0.114062198184277
"CDC37L1",2.11646047354966,0.321586001925422,20.1956859659727,0.0307996333379937,0.753042302491791
"CDC40",3.7283420865037,0.338589618315581,14.4060760897639,0.0320994626582546,0.623237396175391
"CDC42",3.51652333337472,0.0770666599276818,12.4040255755107,0.0240210100745011,0.141201468031679
"CDC42EP1",0.574838629339946,0.0239073850583749,29.1077945737851,0.0142515186601912,0.503283755070504
"CDC42EP3",0.605334010106121,0.0446898656518165,31.048639748018,0.0133356922357747,0.596484450453931
"CDC42EP4",0.348781487421482,0.030338433920838,34.915084256263,0.010451102213288,0.682634730538922
"CDC42SE1",2.45952884956723,0.136844186618612,19.7813476626246,0.0213629258029743,0.442824029360634
"CDC42SE2",1.00229129574377,0.0952402074886458,28.2061994751705,0.0163220534473534,0.603921189878308
"CDC5L",3.11152508633899,0.216129108559182,18.0477549009782,0.0247887646314151,0.5278153370678
"CDC73",3.47520446172319,0.264212147773666,16.4677440613686,0.0274621959501433,0.562391346339579
"CDCA4",0.79585697078131,0.163166627315219,30.7781758239268,0.0182492123034647,0.790515742708132
"CDCA7L",0.447877348656348,0.124271732791005,34.985013396187,0.0143567416291538,0.844890863434421
"CDIP1",1.31918653341043,0.222965516688676,25.9154343846788,0.0232358100555174,0.75284914042882
"CDIPT",6.9527941598355,0.328256800377096,7.64585947242985,0.031627109386565,0.431910372802782
"CDK10",2.99762667112322,0.311829526889411,17.2643469472961,0.0302456805995178,0.658296310604597
"CDK11A",2.26909886866201,0.378513248148393,17.9063032559422,0.0352307438788082,0.77960208615028
"CDK11B",2.67575113011983,0.381261469363497,16.7320173128707,0.0354170921797426,0.751593587019509
"CDK12",3.65151612025791,0.339004534455986,14.7389178658655,0.0321535778077156,0.632702337260962
"CDK13",2.89787126827765,0.400967081716681,15.6054424506644,0.0369662944040999,0.751207262893568
"CDK16",0.856108388418793,0.0405207963286865,26.7483313763916,0.015982574165783,0.466003476917133
"CDK17",0.814053805940703,0.156547047668164,30.4248413811641,0.0179900110388179,0.769654239907282
"CDK19",1.38754287734856,0.257687012992326,24.9471446970308,0.0257196330604104,0.782016611937415
"CDK2",0.834822145711873,0.227890175228736,28.7837613717233,0.0228860576280475,0.840448135986092
"CDK2AP2",1.15886768298059,0.0362972513475674,21.9179317542054,0.0190050434666837,0.320938767626038
"CDK4",3.23356199900413,0.133078014213103,16.7987243299882,0.0224940978237003,0.357253235464555
"CDK5",4.28264647178695,0.513776021576402,9.86830142669271,0.0462500024726931,0.763762796986672
"CDK5RAP1",2.89786436404831,0.444887368102325,14.4375542232514,0.0406811533187342,0.78655592041723
"CDK5RAP2",1.68166404174098,0.274336231984476,23.0311832627519,0.0271396882931705,0.755939733436353
"CDK5RAP3",3.13296880216388,0.172020007101907,16.8197454175238,0.0233444644463802,0.422348850685725
"CDK6",0.370239940565366,0.0227308567807394,33.0536484739286,0.0115227432209745,0.615124589530616
"CDK7",14.9239377255196,0.859135484737143,1.58056036841739,0.0839125895163443,0.842862661773228
"CDK8",1.85048025967138,0.42588873923137,17.7201918882399,0.0394019313096377,0.848271199536411
"CDK9",2.15607450572419,0.348206156790105,19.1475035069632,0.0328202909347264,0.766273903805293
"CDKN1A",0.286292383007072,0.00777277346626256,30.9031456858046,0.0127877403732461,0.525207649217694
"CDKN1B",1.53055431013094,0.112937343557419,24.1193227244553,0.0188190867094734,0.520185435580452
"CDKN2A",0.325371272904554,0.0102298693916179,31.5501799427142,0.0123642558644271,0.548773420900135
"CDKN2AIP",1.68693235900299,0.257959323044717,23.3258211447311,0.0259896874771842,0.73787908054858
"CDKN2AIPNL",5.96703997794727,0.5287900444272,7.18736939113,0.0470900832006319,0.709677419354839
"CDKN2C",0.409930112838434,0.0675799288415658,35.5604796155266,0.0113273682290729,0.765790998647866
"CDKN2D",0.311059804495998,0.0837262445595866,37.3012924953762,0.0110684368994783,0.843152404867684
"CDS2",2.12751485232818,0.224234912105211,21.5208359922735,0.0243039433906152,0.634344214796214
"CDV3",1.50891883838892,0.131108252400855,25.0361542723744,0.0190188332303775,0.576781920030906
"CDYL",3.54164774500178,0.602002071377844,8.25887236793424,0.0548992891287684,0.853003670079196
"CEBPB",1.30997838067179,0.0469452324163363,22.9449354265518,0.0184071831542309,0.370581417809542
"CEBPD",0.429559797609522,0.0130391007775481,28.6557639362374,0.0144473454918504,0.469770137145065
"CEBPG",1.64561935571485,0.118346323926456,24.2921940159946,0.0189570805227003,0.534672590303264
"CEBPZ",2.28135592566112,0.160388850876924,20.8458861129515,0.0216694315822884,0.511203399652308
"CEBPZOS",4.57492781929125,0.359900320495593,12.4055933716034,0.0336590815325,0.602279312343056
"CELF1",3.42636845171558,0.206767545844509,16.2304017299516,0.0247404928103423,0.464071856287425
"CELF2",0.746186771317687,0.0447225644916666,28.3826464568154,0.0149997044368553,0.520088854548967
"CENPB",1.33899250569814,0.23962007108665,25.6208755560511,0.0243822128513701,0.771585860536991
"CENPBD1",2.13723998621173,0.460797571334836,15.793722388889,0.0424170799018885,0.848947266756809
"CENPC",1.68142113369741,0.223639831935602,23.740173458895,0.0237643525818351,0.694031292254201
"CENPH",0.425032964770343,0.150803849417887,34.420165628667,0.0161249265483134,0.872802781533707
"CENPK",0.184635199589677,0.058989850508828,39.9143688001372,0.00835080853976004,0.876666022793123
"CENPN",0.260557151704664,0.0645866602183766,38.3785460807237,0.00954194396016186,0.841800270426888
"CENPQ",0.696197761252952,0.281406092493895,27.5734028916263,0.0270329205438118,0.892988217114159
"CENPT",3.09623218023144,0.327694582151127,16.5278842233298,0.0313319924403843,0.663221943210353
"CENPW",0.295970991684083,0.0414319604464377,37.0751527727686,0.00938770553884134,0.764535445238555
"CEP104",3.12262133492736,0.366185372094913,16.1619415976425,0.0342695302907509,0.712478269267916
"CEP135",0.758471822441948,0.217051758656777,29.5478069571272,0.0219531825320356,0.844214796214024
"CEP164",1.88252459211965,0.349499660377145,20.1360140089324,0.0329405121397765,0.795344794282403
"CEP170",1.70589419010276,0.141569899403653,23.9507118880204,0.0198452495372831,0.564516129032258
"CEP250",1.75154702783312,0.359709817554543,20.3668301272671,0.0337972123472685,0.817655012555534
"CEP290",0.793541569988411,0.148855267875917,30.9504104025142,0.0173952663235839,0.771682441568476
"CEP295",0.907354150367748,0.246924139323708,27.7175109647609,0.0244405212549999,0.841510527332432
"CEP350",2.73056287655519,0.175093180711172,18.7376134487367,0.0228684113315711,0.478752173073208
"CEP57",2.69328740175095,0.171726663921268,19.4675245516223,0.0225829639612184,0.493142746764535
"CEP57L1",0.976959518988997,0.3083717532012,25.1330327191532,0.0294339637960378,0.868263473053892
"CEP63",3.39172187682988,0.328399778086018,16.1149175999827,0.0314956047221728,0.652984353872899
"CEP68",0.746557761758271,0.146206801890919,31.3573738773848,0.0170878855354767,0.778732856866911
"CEP78",0.898974807963063,0.223839426370149,28.5552254222062,0.0226730710836107,0.827506277767047
"CEP85L",0.606776476937464,0.179758193275551,31.7566455380678,0.0188733310928585,0.845277187560363
"CEP89",0.799348480736098,0.166990491786559,30.7050434097833,0.0184952647433664,0.79476530809349
"CEP95",2.6151214887924,0.373078464648684,17.2687346377454,0.0348133137653774,0.753428626617732
"CEPT1",2.91849643000958,0.411394478300159,15.3291085551681,0.0378378346668292,0.759609812632799
"CERK",1.49712647174251,0.27335140865325,23.7860681680531,0.0269485429268286,0.775159358701951
"CERS2",2.30202502538582,0.165723311614552,21.0853061718487,0.0218091214050333,0.52675294572146
"CERS4",0.609607273267772,0.128630715247304,33.0671003922011,0.015449636218059,0.797759320069538
"CERS5",2.44617098337953,0.365296562577835,17.76307683881,0.0341559549812214,0.755070504152984
"CERS6",1.13491167249747,0.21345276012286,27.4109826181898,0.0222969278621369,0.778829437898397
"CES2",2.9693895550639,0.346042635795506,16.7852621080161,0.0326938020983989,0.69847401970253
"CETN2",1.5259399159766,0.175321956999413,25.8176917795845,0.0206694690702662,0.672397141201468
"CETN3",4.53341824733588,0.647371256277053,5.61762455381687,0.0589632510863802,0.843345566930655
"CFAP20",2.43129580474179,0.283807600336565,19.8771281044294,0.0281926086329796,0.684856094263087
"CFAP36",2.34381068542005,0.21722994851217,21.2339190025124,0.0240900675100954,0.615317751593587
"CFAP97",2.74750380840208,0.215734453908124,19.2439490312461,0.0244559244073407,0.559107591269075
"CFDP1",1.90967849749171,0.0915351239184825,21.3366777126389,0.0197220803292352,0.406509561522117
"CFL1",2.94659058470537,0.0116216462208371,11.9570110226431,0.02581622881452,0.00656751014100831
"CFL2",0.940749627844379,0.167651889600259,29.5179483321215,0.018952255027147,0.762603824608847
"CFLAR",1.69082381640274,0.0680086431606094,20.3074816042264,0.0199695928923483,0.334943017191424
"CGGBP1",4.3168498176769,0.283230432236269,13.2390260464976,0.0287645998768295,0.50695383426695
"CGRRF1",1.92714135726103,0.413970725217684,17.8270414431224,0.0383027066541059,0.832721653467259
"CHAF1A",0.388539532001147,0.12895666559091,35.4724757728209,0.014393417791942,0.866525014487155
"CHAMP1",3.2387348587862,0.437203801563506,13.9468865041586,0.039939563370333,0.76105852810508
"CHCHD1",7.02758268890826,0.371655915582036,7.27193564730275,0.0342224657798034,0.485995750434615
"CHCHD10",1.37967418854666,0.0244177999269919,18.7148113745828,0.021182485149263,0.208711609039985
"CHCHD2",4.80878680946421,0.0312799564536619,10.2037584790373,0.0260613956308092,0.0114931427467645
"CHCHD3",4.07200432195452,0.243008335901704,15.095058816113,0.0266779474917164,0.492853003670079
"CHCHD4",2.26050137064372,0.377115238414851,18.3380561305322,0.0352192748961317,0.78887386517288
"CHCHD5",4.15509889659771,0.229487100742622,14.306020934499,0.0261382712844632,0.450453930847981
"CHCHD6",0.847244101884661,0.147657632639928,30.6495799763522,0.0174649145308873,0.761251690168051
"CHCHD7",0.551023366397207,0.036905172469198,30.3858782417275,0.0135747174264167,0.563357156654433
"CHD1",1.7241449336535,0.139802624531709,23.3990580298133,0.0199684527626642,0.546165733050029
"CHD2",2.07593072527019,0.128358803632737,21.160775394036,0.0205427430819995,0.465423990728221
"CHD3",1.1889999273742,0.113903209478225,27.2554479749606,0.0174295951638175,0.609329727641491
"CHD4",2.33427463298578,0.131386459988807,20.0923290008076,0.0210814873514418,0.441761638014294
"CHD6",1.51380991519615,0.180658339541643,25.365955467011,0.0210307511833963,0.668630480973537
"CHD7",0.708295210013926,0.109727629000172,32.4853107494152,0.0148186890478028,0.749661966389801
"CHD8",2.84491160911724,0.343877965257736,17.0038829077987,0.0324887207352219,0.701178288584122
"CHD9",2.3500118568205,0.11393488930729,19.2298743189561,0.021050661030826,0.388062584508403
"CHEK2",0.702519553785494,0.251147525814632,28.7729568887554,0.0245403465084169,0.877728414139463
"CHERP",3.07932967377367,0.374208273669197,15.9766706148809,0.0348608088448254,0.719915008692293
"CHFR",2.89912898106503,0.408161675032024,15.2938802894089,0.0375139487330029,0.753911531775159
"CHIC2",3.4032763727254,0.223847123768577,16.4443480059696,0.0254128147310792,0.497392312149894
"CHID1",3.27955665599084,0.201999045665168,17.5646174511899,0.0243263326649831,0.492176936449681
"CHKA",0.268305324594261,0.050136272224561,38.090026149911,0.00908366781295916,0.808866138690361
"CHM",2.79630353757408,0.442648010150995,14.683450897984,0.0404988149486596,0.790032837550705
"CHML",0.591726320538334,0.21117613981848,31.0391382341456,0.0211733150352756,0.876376279698667
"CHMP1A",3.01770412731479,0.222037800789193,18.2503406796233,0.0249935076444564,0.542688815916554
"CHMP1B",0.496339966520301,0.0294781377309315,30.5079044444577,0.0133634488679611,0.553505891442921
"CHMP2A",6.3623453673885,0.193184692481863,8.49171994227723,0.026236148165005,0.245702144098899
"CHMP2B",3.36666031300237,0.206508481208009,17.0245909546152,0.024614004797814,0.48502994011976
"CHMP3",2.09939190506743,0.128386439218584,21.8368192033044,0.020325453917451,0.484450453930848
"CHMP4A",2.08462588690731,0.421727031701807,17.1371916647243,0.0389292906884588,0.825671238168824
"CHMP5",3.39936334974476,0.12943248342868,14.9815793823963,0.0230445602596339,0.301815723391926
"CHMP6",3.73321442074533,0.47786989192484,11.7647873763417,0.0432463244438771,0.762700405640332
"CHMP7",1.8290513524182,0.329217027376858,20.7984001512086,0.0313042825590414,0.781726868842959
"CHORDC1",1.82726561592462,0.195266627398872,23.3742147248687,0.0223509965620151,0.637821131929689
"CHP1",2.45694126824449,0.300374659029209,19.365395751315,0.0293288188196579,0.697121885261735
"CHPF",0.367898062417757,0.0180352470765235,32.2829843529981,0.0119667514521344,0.584315240486768
"CHPF2",1.43641844284739,0.233976129831475,25.0326175168504,0.0241200922822178,0.746281630287811
"CHPT1",0.417234175064949,0.0362211248130787,33.995856107979,0.0112275577832695,0.666409117249372
"CHRAC1",1.56147895169481,0.116600000543731,25.2615888696789,0.0184957291493714,0.558721267143133
"CHRNB1",1.53472127850785,0.407711526835798,19.2155887295334,0.0378760045087381,0.861502800849913
"CHST11",0.446830638239385,0.0584234122230551,34.394720166148,0.0116621268568123,0.716534672590303
"CHST12",0.767113340283828,0.072959326153203,29.8224160718191,0.0147740850975707,0.610971605176743
"CHSY1",0.758838223754842,0.137616914757873,31.3808974117815,0.0166346142338739,0.765114931427468
"CHTOP",2.71743920157812,0.173917158609135,19.3651244128881,0.0226928599223045,0.494011976047904
"CHUK",2.50139986409187,0.553253588281343,11.4578014596927,0.0506575014329408,0.871160903998455
"CHURC1",1.95967998983068,0.171297699583293,22.294666368071,0.0215575428445182,0.568669113386131
"CIAO1",8.43176687854027,0.422500368709269,4.45189604983218,0.0373417341873804,0.486671817655013
"CIAPIN1",3.58417551580671,0.377687376618464,14.6898653263732,0.0351022532964409,0.69026463202627
"CIB1",3.08793834735241,0.0811645889898576,14.584662978624,0.0229677458910662,0.206007340158393
"CIC",1.67830611726543,0.271681346677931,23.0830784356106,0.0269467125171986,0.753138883523276
"CIDEB",0.993944173285124,0.236641611938518,27.5607508249141,0.0237620441721425,0.820552443500097
"CINP",5.34280850464215,0.442151382157133,9.53669544316661,0.0397005116734946,0.648251883330114
"CIR1",2.3027338937858,0.176084095343351,20.5436824665568,0.0223159628380546,0.528974309445625
"CIRBP",2.16562879905695,0.0286830473590546,13.3154794085855,0.0244584608328197,0.0685725323546456
"CISD1",2.16323773475959,0.159924239084717,21.7257295622266,0.0213703783672039,0.534479428240294
"CISD2",3.3359735286789,0.146684611104691,16.7824517796267,0.0227986737601115,0.380046358895113
"CISD3",1.94606255748767,0.114845308269728,21.8006085074255,0.0199464244559834,0.459822290902067
"CITED2",0.584638980853277,0.0226729302526411,27.595261213876,0.0152488110382762,0.457118022020475
"CIZ1",3.2340944880655,0.356899308180888,15.8156738915464,0.0334995975209117,0.68900907861696
"CKAP2",0.26203528340864,0.0486159626893971,38.0135848274474,0.00906335844611254,0.80403708711609
"CKAP4",0.57045231421366,0.0431204209786669,31.6322406060171,0.0129326596182733,0.610488700019316
"CKAP5",1.11023478328648,0.142835221266203,28.1624291445586,0.0182038058813864,0.683503959822291
"CKB",0.148810425394185,0.0173980040046599,39.6995378906409,0.0067349270378107,0.79920803554182
"CKLF",0.331441862305043,0.0202879419926541,33.2371471715101,0.0113363832291424,0.615993818813985
"CKS1B",0.607683481762521,0.0353920787807918,30.2756264373473,0.0136463697095979,0.557755456828279
"CKS2",0.312636125418972,0.0208223352503232,34.1272824988168,0.0107345516852764,0.642843345566931
"CLASP1",2.29499024905717,0.405110003140281,17.0887639561238,0.0374470023826556,0.798435387289936
"CLASP2",1.46769634730098,0.262995950068162,24.1344500580349,0.0261745172752272,0.768205524435001
"CLASRP",2.79280840420277,0.284848156802426,18.1408160026274,0.028382576776638,0.639656171527912
"CLCC1",2.09500800892259,0.369798224434832,18.8902866088835,0.0345923359554991,0.792833687463782
"CLCN3",2.65679417163016,0.269673716821826,19.1929123403723,0.027380685177182,0.644002317944756
"CLCN7",1.21396714249523,0.197244648748484,27.105385923981,0.0213948577924223,0.743963685532162
"CLDND1",1.65778317427038,0.188000277665045,24.1163277944122,0.0217463671738362,0.64622368166892
"CLEC16A",3.51013485433784,0.55039534906936,9.95465856967917,0.0499200169638877,0.82258064516129
"CLEC2B",0.386283032171735,0.0199914260482835,31.7606229908531,0.0123571822525897,0.572628935677033
"CLEC2D",0.142290144240895,0.0192696566718091,39.9097186587412,0.00665118172126106,0.808576395595905
"CLIC1",2.83355907542499,0.0180554040619152,12.0818211390624,0.0255193417730881,0.0206683407378791
"CLIC4",1.34702268053534,0.0491091072334006,23.0113342038715,0.0183827352711902,0.376569441761638
"CLINT1",2.59699739523001,0.159451615527929,19.2883545449088,0.022178665380804,0.4675487734209
"CLIP1",2.55134951375336,0.197887690513712,19.9402817988564,0.0234479830685594,0.548773420900135
"CLK1",1.62640219607069,0.132323535942248,23.4984950695409,0.0196462007559144,0.53602472474406
"CLK2",2.54200086867658,0.453250537276863,15.003608881876,0.0415415120501646,0.815240486768399
"CLK3",2.33430790920235,0.305376942040325,19.6219378524843,0.0296370752796441,0.711995364110489
"CLK4",1.82948746637145,0.332864220815599,20.7055107488737,0.0315925521661636,0.784914042881978
"CLN5",1.98815528195084,0.272257660892294,21.7768485606252,0.0271792453272001,0.718273131157041
"CLN6",1.23492433718257,0.139715152728411,27.8257281883788,0.0182536762754385,0.669016805099478
"CLN8",0.945554278719253,0.202066702238625,28.7394283324647,0.0212082596392332,0.797276414912111
"CLNS1A",2.19985106998554,0.0723220360279536,18.7606278678799,0.0208766695137023,0.301912304423411
"CLOCK",2.69931561229747,0.358256629125253,17.4510796093809,0.033655982396094,0.735367973729959
"CLP1",2.50209475183535,0.65698213547711,7.25360610745227,0.0606487172795004,0.913463395789067
"CLPB",2.12046368893556,0.453386592551497,16.1377662088276,0.0417786769668046,0.846919065095615
"CLPP",7.54708777662143,0.306987776642932,6.86667217433976,0.0305990433726266,0.381205331272938
"CLPTM1",3.03145058152299,0.1955186219503,17.8598670589413,0.0239082001170338,0.489086343442148
"CLPTM1L",1.25807633184174,0.184457679229898,27.0834932340599,0.020694128395864,0.722426115510914
"CLPX",2.82788564650985,0.35445187688482,17.105225594297,0.033346378164427,0.720108170755264
"CLSTN1",1.55248917851147,0.109323494530068,24.4483302518571,0.0186050618898346,0.523372609619471
"CLSTN3",0.297309836762114,0.043703004551882,36.9071387408338,0.00957248108822421,0.763569634923701
"CLTA",4.6103589038043,0.0705850169741715,10.9560868297751,0.0248442136829404,0.0987058141780954
"CLTB",1.51460604767981,0.0384577083306575,18.8705262247551,0.0208855662477639,0.239810701178289
"CLTC",3.10758513289102,0.123511301687969,15.8277832026992,0.0226194405479777,0.313598609233147
"CLU",0.162907302297219,0.00215469133833406,32.8925625693826,0.0112506654370767,0.572822097740004
"CLUAP1",1.17683577714438,0.199916687032594,27.6027932652626,0.0214413166621475,0.76212091945142
"CLUH",1.34033829761173,0.326772949648055,22.9806495280466,0.0310611883152567,0.837840448135986
"CMAS",1.72887382780805,0.153063444183677,24.4046061068304,0.0201537943333073,0.596484450453931
"CMC1",3.97347275925897,0.28612191422522,14.3727256206953,0.028847464389721,0.541240100444273
"CMC2",1.89082172835313,0.111664682292304,21.8890281335838,0.019821945775668,0.456635116863048
"CMIP",0.669337589028502,0.0682633154851445,31.2529840247244,0.0138353085064124,0.643615993818814
"CMPK1",4.04538769281915,0.169480236084969,14.7689472210079,0.0240518081060594,0.365655785203786
"CMSS1",1.53749403798807,0.218555934841677,25.2201619150159,0.0231931970087747,0.726482518833301
"CMTM3",0.562144202240436,0.0351758481771137,30.3395009618788,0.0135821564588734,0.559011010237589
"CMTM6",2.14872037475628,0.0753277696226935,18.261516800267,0.0211032419970142,0.292737106432297
"CMTM7",1.24562611136892,0.07196393000684,25.610698173672,0.0171496146629728,0.490631639945915
"CMTR1",1.3506405006062,0.275224024015319,24.3989805018601,0.0269907041011414,0.795055051187947
"CMTR2",1.54213234588981,0.272037416860331,23.7553869309424,0.0268840430418819,0.772165346725903
"CNBP",8.80681427461482,0.0888821966010463,6.14072439008098,0.026650411744466,0.0338999420513811
"CNDP2",1.83757336741251,0.103826810367902,22.1758430387558,0.0195311806345117,0.451033417036894
"CNIH1",3.32896439022207,0.121749640829427,15.5641477728013,0.0227546841897715,0.304519992273518
"CNIH4",2.69635277882586,0.112321719962343,18.6270005452143,0.0213733679432908,0.370195093683601
"CNKSR3",0.260527919919077,0.0888615408297141,38.1347165458881,0.0108803942214816,0.875700212478269
"CNN2",0.932615599340486,0.0224169931956366,21.7807446521442,0.019170766444345,0.29012941858219
"CNOT1",1.81320300047674,0.133162072037269,23.1097807276322,0.0198965920377476,0.527139269847402
"CNOT10",4.20716346063577,0.547452503068261,9.04112679601279,0.0493723085397401,0.791288390960015
"CNOT11",3.58939580224987,0.528784732053522,10.7138021696714,0.048001776219456,0.810314854162642
"CNOT2",4.50718977819809,0.269604460027179,12.6836452449552,0.0281114555278337,0.471218852617346
"CNOT3",3.79488312860096,0.433575331271686,12.6992331476025,0.0394162299458389,0.72146030519606
"CNOT4",4.74390673767372,0.320530453829401,12.3197087766025,0.0310513014064596,0.540370871160904
"CNOT6",2.19686364438535,0.516609680400083,13.4263893710826,0.0473939103128394,0.87000193162063
"CNOT6L",1.42833453870457,0.201027183549589,25.4516011642549,0.0220497230634569,0.704365462623141
"CNOT7",6.2622511278216,0.275572714041853,8.64932554311354,0.0288524820549279,0.377631833107978
"CNOT8",3.42576658124873,0.326368027848394,15.5353841993567,0.0312660415375372,0.634537376859185
"CNP",1.79631087136413,0.170447201032715,23.6005633642081,0.0211244307252161,0.603148541626425
"CNPPD1",2.58396370397653,0.205034289204152,19.6707185620645,0.0238205388024024,0.553119567316979
"CNPY2",2.29780480626213,0.320740658972154,19.6336457348743,0.0307779120240657,0.736333784044814
"CNPY3",1.96297815957908,0.0815522318069893,20.0167161654501,0.0202433213810634,0.352134440795828
"CNPY4",0.672972704457954,0.160558719705348,31.7904158781343,0.0177170696495904,0.814661000579486
"CNST",2.35414726299786,0.314410947437458,19.4568232757665,0.0303056098291288,0.72165346725903
"CNTLN",1.50496410372434,0.24533750895616,24.6149244827642,0.024954267957569,0.753042302491791
"CNTRL",0.643420877799254,0.112678887239968,32.5174828288904,0.0148967096813133,0.755456828278926
"COA1",2.83068753354821,0.241201527106678,18.8766247517664,0.0258222165315565,0.590206683407379
"COA3",7.33093191233357,0.269851631355509,7.1517183105897,0.0288894465248278,0.332625072435774
"COA4",4.61047141480076,0.185825866406492,13.6406095965049,0.0248849222523804,0.363917326637049
"COA5",4.71653325375816,0.287830318708297,13.0610813416184,0.0292108092976324,0.509658103148542
"COA6",4.38198633224529,0.222179568229026,14.6134675567199,0.0259341559214817,0.447556499903419
"COA7",2.34454191700397,0.488701829678825,14.3838753706052,0.0448801396185481,0.85271392698474
"COASY",3.5130215542565,0.349511528133124,15.2016529352597,0.0329533392394363,0.661097160517674
"COBLL1",0.503076180665638,0.0972619349099941,34.5548235172647,0.0131852522156305,0.787425149700599
"COG1",2.23905960609234,0.398516591689028,17.5459878071504,0.0369378174601005,0.800656751014101
"COG2",3.78519653479593,0.494635257950162,11.3275799594864,0.0447770198809767,0.775642263859378
"COG3",1.68566673366009,0.286139007201739,22.7446056703677,0.0280032933063353,0.766853389994205
"COG4",2.39818103185021,0.302727333775838,19.5495084846713,0.0294783333368234,0.705814178095422
"COG5",4.04503929746783,0.510556039074731,10.2747766431656,0.0460101844126923,0.770620050222136
"COG6",2.09577374994108,0.427681901345417,16.9438631402372,0.0394572694499573,0.82953447942824
"COG7",3.0108292071516,0.488025334462295,12.9259108148845,0.0444665691926793,0.810701178288584
"COG8",2.33319772291695,0.458546131630685,15.3577913198681,0.0421116813059819,0.833301139656171
"COIL",5.61227778670376,0.548087616228779,7.06287160189499,0.04886884040452,0.735174811666989
"COL18A1",0.121877216884075,0.00397905611731818,37.2303033361845,0.00808795977020185,0.703303071276801
"COL4A3BP",1.5196279932358,0.21289466686457,24.8379063933401,0.0228891743848895,0.706779988410276
"COL6A1",0.169603642226766,0.00218920047456581,32.2514101827836,0.0117238365635499,0.554085377631833
"COLGALT1",1.51466215592043,0.132020606663444,25.2421700339524,0.0189827602114024,0.584122078423798
"COMMD1",3.41729429750693,0.118441299442024,15.5290509804481,0.022759641856987,0.298435387289936
"COMMD10",3.32814580160549,0.415702393426715,14.1318392732501,0.0380548333419945,0.733532934131736
"COMMD2",3.1897228546191,0.200886006742155,17.6421583571162,0.0242269911101477,0.492273517481167
"COMMD3",2.61023955561498,0.515074679393782,12.6984968736263,0.047058058980926,0.846629322001159
"COMMD4",2.90521979843916,0.220517191203298,18.3859375329784,0.0248490581831699,0.543751207262894
"COMMD5",2.91537597065364,0.222891592253461,18.9243444096348,0.0249241040063665,0.562198184276608
"COMMD6",2.95461794092267,0.030754089600472,12.0912532116142,0.0251017457391596,0.0451999227351748
"COMMD7",3.55129566177512,0.179134113629824,16.3638823577849,0.0238250741543099,0.423024917906123
"COMMD8",2.70159192592108,0.260538909976572,19.0925174589842,0.0268453260186611,0.626810894340352
"COMMD9",2.83927604363683,0.25904473298457,18.778700842815,0.0268381760310174,0.615993818813985
"COMT",3.02020117629667,0.0683570263052269,15.1664010393527,0.0227822346562771,0.199439830017385
"COMTD1",1.06447474552097,0.129617585064055,28.8176789607633,0.0173672052101632,0.67973729959436
"COPA",3.51240236713139,0.156488471944193,16.0061059645805,0.0232757562778623,0.375796793509755
"COPB1",2.87271372331931,0.200786044818634,18.3440958348446,0.0239688278018355,0.51052733243191
"COPB2",0.316886999065505,0.00505408161933136,26.4110274215765,0.0160191896895963,0.388835232760286
"COPE",4.13095244078779,0.102731496517006,12.2950818993105,0.0239861503661938,0.186980876955766
"COPG1",2.74048716726894,0.178986878071804,19.2731013581374,0.0229044100670992,0.499903418968515
"COPRS",2.64970226421379,0.316327491102156,18.8501338291307,0.0305668914106933,0.707938960788101
"COPS2",3.91109996987175,0.269386461829713,14.8291240225088,0.0279167715071465,0.527139269847402
"COPS3",2.74768235392532,0.229494758063872,19.3797074488052,0.0251276536339193,0.584991307707166
"COPS4",4.39343515419501,0.419081922461343,11.7823835333533,0.0380968204137114,0.674618504925633
"COPS5",1.98468493730314,0.0977734905275236,21.0882660790276,0.019940846592721,0.41066254587599
"COPS6",1.58733679421198,0.0582573683688973,20.7196648944092,0.0197218261206748,0.328761831176357
"COPS7A",3.94754918227576,0.242386617330798,15.3305096851074,0.0265823335160798,0.497971798338806
"COPS7B",6.46052671173367,0.566352341602167,5.68798827580487,0.0503262786044034,0.721943210353487
"COPS8",1.66738829794097,0.140352038873721,24.0172347283006,0.0197610495312883,0.564226385937802
"COPZ1",5.12218966556139,0.201924028568952,11.6139830420522,0.0257594587261276,0.337357542978559
"COQ10B",1.69060825400062,0.183495992746023,24.1351031084515,0.0215417789108113,0.639366428433456
"COQ2",0.933717311748162,0.168931246074083,29.6772567537241,0.0189779595625962,0.769171334749855
"COQ4",4.71926382540222,0.30472016617567,12.7598525921768,0.0301452231128711,0.527718756036314
"COQ5",4.68201903143721,0.574554259817189,7.63921528502454,0.0517532046016584,0.791578134054472
"COQ6",4.47325521816571,0.585834085885335,7.49287422773867,0.0528542858404259,0.805002897430945
"COQ7",1.29416990348252,0.277836696893302,24.7254342024914,0.0271546180803003,0.808190071469963
"COQ9",3.06831056148771,0.289962631846198,17.8684806437352,0.0288675573450796,0.640235657716824
"CORO1A",0.180970950437647,0.00345380442462424,33.3561390342718,0.0109339206340079,0.588854548966583
"CORO1B",2.22497969612602,0.0719481216262002,17.6920868868281,0.0213997205944305,0.271199536411049
"CORO1C",1.10324530083979,0.0993926103928255,27.7414293501035,0.0167103987530071,0.598126327989183
"CORO7",0.375821502941741,0.216643602849984,32.2485437279404,0.0212164757000267,0.919258257678192
"COTL1",0.406021745930215,0.0050274169800522,25.071819499876,0.0170037157272129,0.350202820166119
"COX10",5.43389094575095,0.691275939261875,3.60821309404891,0.0632837133411594,0.846629322001159
"COX11",3.56620561445211,0.440738894165755,12.9912927671791,0.0400727295579975,0.740390187367201
"COX14",5.32670408696371,0.18947787194432,10.1778807416984,0.0256620607506128,0.279891829244736
"COX15",3.951417056665,0.605824940666711,7.57372251909311,0.0550569638004107,0.838419934324899
"COX16",10.9542338515873,0.374880977537446,1.35501684307462,0.0339918595896842,0.344021634151053
"COX17",3.75883827704696,0.116311754305532,13.5192208697614,0.0235020050703694,0.241355997682055
"COX18",2.37364764005997,0.612170435869095,9.28767158287114,0.0563422119236644,0.901873672010817
"COX19",3.57582493221714,0.401358742242746,14.0651747532781,0.0369072313980313,0.709580838323353
"COX20",1.50852332804542,0.0528226019946534,21.8993726055506,0.0190576940602553,0.352327602858799
"COX4I1",4.35415194437955,0.024411977624828,10.714165119296,0.0260144597239832,0.00907861695962913
"COX5A",3.20754143759339,0.0450395758328729,12.8190111242427,0.0243331213327475,0.0937801815723392
"COX5B",4.39323174466885,0.0404022411966039,10.5633000739218,0.0256348599550307,0.033417036893954
"COX6A1",7.10919552355002,0.0684270559735051,7.89539784845107,0.0262563666369939,0.0330307127680124
"COX6B1",3.90283901248441,0.0328624407585774,11.002894781579,0.0256213301457988,0.0276221750048291
"COX6C",2.4989557101485,0.018260345587546,12.4574126284611,0.0253027007701262,0.028298242225227
"COX7A2",4.6578408760583,0.0468466620379696,10.5230602437326,0.0254951620999456,0.0460691520185436
"COX7A2L",5.32756038458168,0.124366126631838,10.6014295408114,0.0247723499776495,0.185049256326058
"COX7B",3.52747098844903,0.0528042054466267,12.5409073819006,0.0243321728666026,0.102569055437512
"COX7C",8.99685522128003,0.0746188928330197,6.30258593548383,0.0267923101629912,0.0170948425729187
"COX8A",4.96949066237539,0.0530721646586257,10.2493682535325,0.0254920625418475,0.0521537570021248
"CPD",0.856580427200922,0.126193868417907,30.4680322401655,0.0164746946975996,0.720301332818234
"CPEB2",0.688779207677143,0.271053696721112,28.0104095156022,0.0261627684725489,0.88854548966583
"CPEB4",0.654437961615694,0.112459700781741,32.479025374992,0.0149101152762679,0.754008112806645
"CPM",0.292843399700177,0.0531873437113077,37.5319562494481,0.00955482105527456,0.797952482132509
"CPNE1",1.75219187156214,0.134917823451387,23.5144048413407,0.0197866125214622,0.541240100444273
"CPNE2",0.600776925024245,0.155016758524584,32.5813273496872,0.017096512748512,0.827796020861503
"CPNE3",2.06240276731713,0.0936249157570301,20.8177156487322,0.0200293903922249,0.396271972184663
"CPNE8",0.763471933478015,0.180578457679756,30.5941441374249,0.0193227010073474,0.813984933359088
"CPOX",1.54123556523879,0.480497854417076,16.2880316516536,0.0443946359686606,0.89443693258644
"CPPED1",0.804604305484499,0.132283654974862,31.0144058054178,0.0165276986713762,0.74589530616187
"CPQ",0.788698438646332,0.0540939177958349,29.2913084202507,0.0146410472213083,0.562970832528491
"CPSF1",1.41115983295746,0.179716405523965,26.2524744325695,0.020721559281977,0.691616766467066
"CPSF2",3.61301266765932,0.428898758004039,13.1866418484804,0.0390737091195134,0.727738072242612
"CPSF3",2.28287673720672,0.331045284110191,19.4781756749219,0.0315587263568978,0.74821325091752
"CPSF4",2.65686183892235,0.429355404085032,15.5813945329457,0.0394704223425049,0.794089240873093
"CPSF6",3.76469078308876,0.278224455517034,15.2269102358163,0.0283503679118505,0.551477689781727
"CPSF7",4.78852734306285,0.397131287774885,11.0505220670989,0.0362108184318889,0.622464747923508
"CPT1A",0.848894846051692,0.222525400212021,28.8180330650092,0.0225090234821369,0.832721653467259
"CPT2",1.85140993541163,0.411218261680167,18.2674837024571,0.0381315634676961,0.840448135986092
"CPTP",2.55858204416254,0.350726793377601,18.1450114210768,0.0330947982606441,0.74251497005988
"CRADD",0.63024987716788,0.245253762053187,29.3756068740356,0.0239783526053512,0.885068572532355
"CRAT",0.704656556798457,0.110622165878197,31.8860344134429,0.0151086262623884,0.734112420320649
"CRBN",1.65337367684439,0.176584118279063,24.3669218710368,0.0211396703656199,0.634344214796214
"CRCP",2.96940659364715,0.44356042234344,14.3613654152549,0.0405634501455657,0.782306355031872
"CREB1",2.75058050897007,0.239609033987117,18.7729598172734,0.0256939129328433,0.584798145644196
"CREB3",3.45681090743386,0.262368019910082,16.5877869108002,0.0273529175993629,0.562681089434035
"CREB3L2",1.73879779486513,0.126019327338321,23.7561403484859,0.0194226424136935,0.532934131736527
"CREB3L4",0.485441296820262,0.107457562549141,34.8038661396511,0.0135587229195048,0.811666988603438
"CREB5",0.214150540969962,0.0633517929718396,39.2512115145552,0.00896098427781181,0.864883136951903
"CREBBP",2.93261639912558,0.298633533450745,17.566477270283,0.0293315494072304,0.645837357542979
"CREBL2",1.09756488696336,0.125651391009769,28.2033949519425,0.0174473458242506,0.655785203785976
"CREBRF",1.14191301939158,0.145326084231332,27.8442531120784,0.0184390505783692,0.678771489279505
"CREBZF",1.82990629673517,0.212627810174367,23.2113745882048,0.0232920678745967,0.661676646706587
"CREG1",0.77947812391893,0.0267563866754456,25.269624677457,0.0168376496157826,0.398107011782886
"CRELD1",1.39950022500359,0.176211915989255,26.3283656298244,0.0205150936420161,0.68794668727062
"CRELD2",0.771842554369281,0.036321483800911,27.056240665942,0.0157315983851083,0.466969287231988
"CREM",0.618687181990049,0.0521066910524653,30.7919123624628,0.0136521350530822,0.602086150280085
"CRIM1",0.374342232533309,0.0567455950030072,35.9708830440824,0.0106552124439085,0.759030326443886
"CRIP1",0.409540450156643,0.034294799867703,33.3583226778021,0.0115804880402461,0.644485223102183
"CRIP2",0.257831749029204,0.00579759853452215,31.7346385724323,0.012165554634552,0.545875989955573
"CRIPT",3.9357322981836,0.301421124936481,14.9654999494721,0.0298141833419059,0.580645161290323
"CRK",2.60967236323651,0.244123967092275,19.6577869782061,0.0258245848487722,0.615897237782499
"CRKL",2.36137631971704,0.319779309822153,19.2744007835828,0.0306951127444047,0.725130384392505
"CRLF3",1.4983763652084,0.235704742743458,24.5804333760519,0.0243128847432284,0.73662352713927
"CRNDE",0.337829743233765,0.0145216344755543,32.9276861068732,0.0114583148804725,0.596774193548387
"CRNKL1",4.28850946848998,0.542155368954384,9.00804879531544,0.0488016856539203,0.782499517094843
"CROT",0.520372144367352,0.166169878170543,32.9572633328612,0.0176155315868579,0.856770330307128
"CRTAP",1.31542330656289,0.0332133607640005,19.7419713513172,0.0203949112026342,0.253814950743674
"CRTC2",2.62027885334214,0.329727879181165,18.2742000458493,0.0314791304126086,0.71344407958277
"CRTC3",2.65138680449644,0.312472642229021,18.2156534344755,0.0301966623517452,0.685049256326058
"CRY1",0.867284876995687,0.21956700515524,28.8136350050848,0.0223155735723032,0.827796020861503
"CRYBG3",0.422749439081008,0.0708173740240777,35.2539530345084,0.0116308552604314,0.762507243577361
"CRYL1",1.10095319788871,0.169186069568846,28.2443693334267,0.0194796629299225,0.729573111840835
"CRYZ",1.76999448109751,0.289020918216681,22.2959244977621,0.0282554465971841,0.759126907475372
"CRYZL1",7.31636426513869,0.581236699342087,4.20506508914943,0.0512617904176939,0.701371450647093
"CS",4.61328982517999,0.36907373068161,11.9581712668686,0.0342330555903808,0.604404095035735
"CSDE1",6.75453102077169,0.113844236012322,7.5379275801536,0.0258551676499734,0.095132316013135
"CSE1L",1.73026165799379,0.23552324728541,23.7385406725891,0.0245252708246803,0.713154336488314
"CSF1",0.236251724105388,0.0299877818691021,37.6532185049195,0.00859059647056894,0.761444852231022
"CSGALNACT2",1.07584100219152,0.192648461442643,27.977078447067,0.020857574168168,0.760672203979138
"CSK",0.62607196659164,0.0490792092542804,30.6765031583057,0.0136581430771387,0.593490438477883
"CSNK1A1",5.36152043035614,0.156566899001772,10.0428764617401,0.0251464997629572,0.223102182731312
"CSNK1D",4.82718748997928,0.285560733327261,12.029324554272,0.0290308679289393,0.47913849719915
"CSNK1E",1.70938748667636,0.144010692245817,24.4085236409359,0.0197933547131789,0.581417809542206
"CSNK1G1",2.07326991430106,0.436036570780478,16.729034271845,0.0402011180727522,0.836584894726676
"CSNK1G2",2.20806861918598,0.310863768910433,20.0693130490094,0.0300131366990836,0.732760285879853
"CSNK1G3",2.12815042371489,0.339037906693998,19.5940331454252,0.0321230749165168,0.764052540081128
"CSNK2A1",4.18049032599009,0.306255808255762,14.3109425581555,0.0301699116562246,0.57079389607881
"CSNK2A2",3.83360212740299,0.560114839692296,9.26521285459039,0.050764484433473,0.817075526366622
"CSNK2B",2.51883277978772,0.254615567481259,19.9961567579771,0.0263744146641345,0.641780954220591
"CSPP1",0.861103000058216,0.168294630100639,30.2839376442291,0.0187293962894557,0.785107204944949
"CSRNP1",0.442233993330119,0.0460753158315961,33.8478807470358,0.011596498813291,0.679350975468418
"CSRNP2",1.3096408975956,0.419946874732439,19.4037764475341,0.0390213210376157,0.886130963878694
"CSRP1",0.510298060645904,0.0091648145770038,23.6787000951295,0.017967085171406,0.317848174618505
"CST3",0.518042008708007,0.0014355030189511,20.0522798062506,0.0207047227567143,0.197508209387676
"CST7",0.0675704462502665,0.00461192694169289,41.6492922217593,0.00484963995989329,0.834073787908055
"CSTB",1.02438262451155,0.00551831032222862,14.6617423491804,0.0244079136554634,0.0528298242225227
"CSTF1",2.88445902305653,0.427472603058532,15.1157788483235,0.0392534890339585,0.778249951709484
"CSTF3",1.44818370251254,0.219302269130433,25.6279377840126,0.0231283082387648,0.73894147189492
"CTBP1",3.35468230330993,0.325021134825921,15.863503668003,0.0311846977333343,0.641201468031679
"CTBP2",2.40194921020252,0.262574535171108,20.5669551781612,0.0267932830473426,0.669886034382847
"CTBS",2.70836427116603,0.21164264652452,19.2058431307067,0.0242469001600511,0.551381108750241
"CTCF",3.05844117559806,0.339634103069945,16.6155565034611,0.0322184910637481,0.683986864979718
"CTDNEP1",3.51389467758118,0.270548823268772,16.1583741492735,0.0278279850008726,0.564129804906316
"CTDP1",2.50063203511005,0.482944973836737,14.0333825126308,0.0441715358252262,0.834363531002511
"CTDSP1",2.50634703898598,0.223512795497716,19.6331652475603,0.0246626130018206,0.581997295731118
"CTDSP2",2.09270743236198,0.168058008211096,21.7946792588957,0.0216186337476469,0.549739231214989
"CTDSPL2",2.56333562977546,0.435094334262573,15.4697951314529,0.0399264991221636,0.800173845856674
"CTNNA1",2.50516594137978,0.10378373538372,18.5118120057262,0.0212464009274736,0.351361792543944
"CTNNB1",1.42463300638309,0.0632567570194101,22.129286843428,0.0189327040324653,0.376859184856094
"CTNNBIP1",1.66563402627334,0.109888475462463,24.3206862289574,0.0187252616589831,0.521151245895306
"CTNNBL1",3.38388936005835,0.379257041159088,15.0019322439751,0.0351985028233595,0.701274869615607
"CTNND1",1.85573382640598,0.101062924068357,22.1975671236595,0.0194790250955106,0.446977013714506
"CTNS",1.13826723339476,0.376588032670375,21.7761809756759,0.0352592290336986,0.883523276028588
"CTPS1",0.900865510664219,0.199953660660518,29.317343247439,0.0209341136588755,0.809928530036701
"CTR9",3.67735424139319,0.343525714705082,14.5836042994428,0.0324653630835129,0.635503187174039
"CTSA",1.10852136628177,0.0363363477796963,22.1220653204596,0.0188685897719144,0.326540467452192
"CTSB",0.50580133279138,0.0026961509970049,18.1738155272639,0.0220272237771741,0.144774966196639
"CTSC",0.350734742013503,0.00646574654880663,27.5282076801404,0.015219311536783,0.424377052346919
"CTSD",0.510443022845902,0.00325811435072082,19.5519579148038,0.0210182575844126,0.186208228703883
"CTSF",0.403537194031791,0.0206565287149864,32.0649094898146,0.0121690560090065,0.582769943983002
"CTSH",0.674741799065135,0.0136102771675892,23.7801678463364,0.0178788407518789,0.330210546648638
"CTSL",0.207822006401552,0.00357920288720698,31.1788491145623,0.0125323113275852,0.525304230249179
"CTSO",0.64736890625726,0.110446423656817,32.5000637006737,0.0148035909811035,0.751207262893568
"CTSS",0.264451273569771,0.00641867003281836,31.3890309019407,0.0124216398354377,0.536893954027429
"CTTN",0.569873800194261,0.032164133332455,30.5481158417748,0.0134087137779505,0.559783658489473
"CTTNBP2NL",1.3421117673785,0.246669772835825,25.3068404614534,0.0248911056600339,0.774290129418582
"CTU2",1.91112890174583,0.347086733729865,20.3591578384034,0.0327973652077287,0.797469576975082
"CUEDC2",8.38703451534437,0.389523699761857,4.66123309946551,0.035100173405381,0.445528298242225
"CUL1",2.5994634905158,0.256094917769396,19.2687965131593,0.0265181244669539,0.624492949584702
"CUL2",3.96837579000289,0.464733414547819,11.6614741932664,0.0420228589826454,0.739907282209774
"CUL3",4.50241213600138,0.544170929568015,8.60236999131164,0.0488762314178668,0.774000386324126
"CUL4A",3.61684186208524,0.273514996052054,16.1453196771104,0.0280558979018168,0.56847595132316
"CUL4B",2.65470211705283,0.377600729443199,17.0003995020799,0.0351595263935175,0.753138883523276
"CUL5",3.75427207659316,0.312770725601846,14.7775136145492,0.0304111226260826,0.593297276414912
"CUL9",0.553399218119299,0.179930475698282,32.2516702780002,0.0187233287805219,0.859474599188719
"CUTA",2.72927055691287,0.0450597861272645,14.6865825190393,0.0233026429025371,0.142360440409504
"CUTC",2.25744100506116,0.372795224730033,18.1848204447371,0.0347890180570264,0.778249951709484
"CUX1",1.81786352696279,0.114844018087679,22.6924815715725,0.0195520377653016,0.484353872899363
"CWC15",10.5979692079111,0.389802577747533,1.82952683198772,0.0349288835623239,0.37589337454124
"CWC22",4.17551456702934,0.466077874056698,11.0985360773319,0.0419983118303615,0.726675680896272
"CWC25",4.00832994492832,0.421468591868199,12.3255356244461,0.0382921874116414,0.693258644002318
"CWC27",2.86987016640724,0.36305948161821,16.6608179530684,0.0339736971309531,0.72146030519606
"CWF19L1",1.93208170442409,0.507720602190555,14.251001338647,0.0466714905795074,0.879756615800657
"CWF19L2",1.42063385387562,0.282915409662252,23.841327474018,0.0276133946465548,0.791964458180413
"CXADR",0.3011166358052,0.045129762889181,37.4011929492788,0.00932535285085093,0.780374734402163
"CXCL16",0.548673636737177,0.0234485208933122,29.6386313838675,0.013886289795868,0.517770909793317
"CXCR4",0.161823311968494,0.0100635538316845,37.5260617624125,0.00804588217424426,0.722812439636855
"CXXC1",3.48474410728322,0.376278686921717,14.4060768794734,0.0348387749960474,0.68099285300367
"CXXC5",0.585317480077367,0.0797063621430901,33.2397766842933,0.0131326803063303,0.720108170755264
"CXorf38",2.18952140359024,0.310326305988388,20.0741346000189,0.0299600740155449,0.732084218659455
"CXorf40A",3.27022948232225,0.510231691350965,11.7549656603696,0.046380170662405,0.811763569634924
"CXorf40B",3.67393777692509,0.386388428844597,14.2922686323972,0.0357615408049342,0.692775738844891
"CXorf56",2.12735512927872,0.475234131934735,15.1870590523312,0.0436705402497898,0.854742128645934
"CYB561",0.97095768357734,0.0844102136707313,29.38611212097,0.0154278148558903,0.618891249758547
"CYB561A3",1.49993841998679,0.152002288927993,25.5500617835756,0.0196485682682758,0.626231408151439
"CYB5A",0.623480340678834,0.022050715380129,26.1251594196595,0.0162359680907619,0.413463395789067
"CYB5B",3.9217597905847,0.276771230943828,14.7059019054115,0.0283184272113353,0.535445238555148
"CYB5D2",1.17007144285829,0.267007877980981,25.5922546757095,0.0262372128403508,0.814854162642457
"CYB5R1",2.53158393641278,0.200835078713938,20.5528796811449,0.0234793462558187,0.570310990921383
"CYB5R3",1.83134429384289,0.0362032760523543,17.4381581115812,0.0218099497504869,0.19721846629322
"CYB5R4",1.00060458277398,0.158344900514814,29.0562398461186,0.0186158469440953,0.73430558238362
"CYBA",0.790346748940753,0.00645477130587974,18.2030607407286,0.0219017689815128,0.155398879660035
"CYC1",1.8257541967934,0.0512356002319448,18.8700038104179,0.0208116294053095,0.265114931427468
"CYCS",2.46869445405481,0.0692980965795924,16.7509061395926,0.021917905097257,0.241645740776511
"CYFIP1",1.35697847120034,0.0965582628613173,25.4319350491447,0.0177787325605929,0.528587985319683
"CYFIP2",0.143795341179388,0.0380545081789394,40.814139990881,0.00680508951391331,0.867201081707553
"CYHR1",1.11732707049652,0.0704843128862403,26.842990422718,0.0164351206132073,0.522696542399073
"CYLD",1.48937017170395,0.135293279958541,25.0342031848154,0.0191549100601963,0.583735754297856
"CYP20A1",3.12545508272061,0.306620001479272,16.8214391414472,0.0299066941568219,0.638304037087116
"CYP2R1",2.41287685709331,0.406119306376211,16.8747996928569,0.0375508436402742,0.793896078810122
"CYP4V2",1.46253733771942,0.291545431429949,23.5729737192918,0.0283007184119511,0.798242225226965
"CYSTM1",1.33457402638063,0.0579954027063971,23.2666421327618,0.018268217122015,0.399555727255167
"CYTH1",0.968823635351394,0.0949689077302724,28.6636405483961,0.016087647560176,0.616380142939927
"CYTH2",2.53961003273297,0.2824449353139,19.2485325069605,0.0281344719802648,0.665733050028974
"CYTIP",0.168773378746784,0.0136910979718713,38.0999349339207,0.00774377193769646,0.745991887193355
"D2HGDH",2.26429168174069,0.384776946934575,17.932015951832,0.0358014210605216,0.789839675487734
"DAAM1",0.892817999339097,0.0892115989137693,29.9857733660467,0.0152474629705603,0.644002317944756
"DAB2",0.401854125663428,0.0157052005608493,30.4414296929726,0.0132169873119717,0.526559783658489
"DAD1",3.54559298615491,0.0568899451566695,12.3059921170906,0.0243725056550165,0.103341703689395
"DAG1",1.16625083095112,0.181347195556385,27.823376881511,0.0202952624812719,0.73787908054858
"DALRD3",1.62312782390787,0.226066027843934,24.1529848426721,0.0238294429088592,0.709291095228897
"DAP",1.28150096484267,0.0469088187316897,23.1821591350449,0.0182621188924691,0.37714892795055
"DAP3",4.505689779117,0.211821139195427,13.810888567713,0.0256471584008018,0.409889897624107
"DAPK1",0.513786845430454,0.067460379367975,34.0883414090411,0.0121899597269789,0.723391925825768
"DAPK3",1.67572037509693,0.191101218513878,24.3680646359798,0.0218663245728519,0.658296310604597
"DARS",2.83726327543123,0.116765305503466,17.6634892903793,0.0218275706936056,0.351651535638401
"DARS2",1.05776964488826,0.425020557602536,19.9488446597445,0.0395627025770032,0.909503573498165
"DAXX",3.8909152039961,0.289944280855859,14.7178864244735,0.0290582184013519,0.556306741355998
"DAZAP1",2.99537359637515,0.241006680029153,18.1970064775825,0.0259310832861492,0.571663125362179
"DAZAP2",2.92083197489815,0.0596866893714443,12.9230314676183,0.0239720105993155,0.120243384199343
"DBF4",0.566078751315774,0.105153134842159,33.6435823318777,0.0140099035048848,0.774773034576009
"DBI",1.42736660830364,0.0117910011525751,14.7857820015215,0.024076697889732,0.0723391925825768
"DBN1",0.606049167184469,0.0683305315820728,32.6994876723049,0.0130255938837807,0.685145837357543
"DBNL",2.31014589885424,0.125192014310205,19.5930354598617,0.0211045164484541,0.417230056016998
"DBP",0.847795086264451,0.2238197592814,28.843700452826,0.022596959613181,0.835522503380336
"DBR1",0.209445109616255,0.030939411675209,38.7388490488857,0.00789810493894327,0.794668727062005
"DCAF10",2.44905589695808,0.245068740822627,20.5483664233005,0.025749487375198,0.641491211126135
"DCAF11",3.8563475364647,0.330303135521297,14.6484068461793,0.0316386533866309,0.616766467065868
"DCAF12",3.14391571178878,0.285640032505975,17.4355204086583,0.0285988634997467,0.621885261734595
"DCAF13",0.91055027059668,0.0746367332249736,28.9385207554398,0.0153488762268533,0.589047711029554
"DCAF15",2.37440911163228,0.485992634236582,14.2299417854048,0.0445213446253333,0.844601120339965
"DCAF16",1.92789117590233,0.378019249183467,19.1118632399534,0.0352777316031552,0.811860150666409
"DCAF5",1.98341577821463,0.277011393410366,21.415765345132,0.0274956093536122,0.716051767432876
"DCAF6",2.24187832902014,0.172329225965972,21.9006151568179,0.0218434022387617,0.560073401583929
"DCAF7",5.43601390059518,0.295864589218361,10.3707506924834,0.0296655463308863,0.452192389414719
"DCAF8",3.76550069859327,0.333192278436369,14.6490264259329,0.0317876166539519,0.621305775545683
"DCAKD",1.30866426588284,0.290074107910851,24.337397655901,0.0281116177660304,0.816978945335136
"DCK",1.23377492415364,0.125471730670091,27.1082628625965,0.0179246956613629,0.624879273710643
"DCLRE1C",1.46069375927993,0.343039159483194,21.8464630179027,0.032395762812844,0.832335329341317
"DCP1A",3.14936873115457,0.384045186746862,15.3072622451135,0.035544761683693,0.717114158779216
"DCP2",1.41875899427729,0.162072125262977,25.7359427149343,0.019989143194946,0.648058721267143
"DCPS",1.9990236372939,0.194475626839751,22.6784698267654,0.0225357559133237,0.617539115317752
"DCTD",8.52721048069045,0.432690790778082,4.60310950589934,0.0382296807422136,0.504442727448329
"DCTN1",2.41652916019462,0.173244815918001,20.4132824922982,0.0222959890630897,0.520958083832335
"DCTN2",4.46409845217163,0.205496049139392,12.9651560368173,0.0254854730477103,0.37695576588758
"DCTN3",4.62166890199564,0.176662368210965,12.376179897838,0.0248459861307918,0.315047324705428
"DCTN4",2.97137471980789,0.320049582434367,17.1464665927249,0.0307987670144855,0.667954413753139
"DCTN5",6.41255092413862,0.539864390853609,6.09245888922012,0.047746591749496,0.695866331852424
"DCTN6",3.07728087916701,0.433802150498946,14.2854488894368,0.0396499209114358,0.765404674521924
"DCTPP1",1.87413599988381,0.118303894413684,23.2626286120826,0.0194506553173297,0.506470929109523
"DCUN1D1",3.76495023418137,0.429770455267763,12.9889014952401,0.0391679650292519,0.723391925825768
"DCUN1D4",2.1145528076983,0.361282970140444,19.2254397375729,0.0339338828557534,0.788584122078424
"DCUN1D5",4.61685570062759,0.326524809846452,12.8793304110266,0.0314747918706346,0.564129804906316
"DCXR",1.17907049131365,0.0394449206756427,22.4136286530258,0.0186948523851291,0.341027622175005
"DDA1",2.53220867616671,0.166792178867774,20.2432105903738,0.0221601787033601,0.50589144292061
"DDAH2",1.578981796558,0.0559680900021213,21.063319828743,0.0195355018430339,0.334460112033997
"DDB1",3.37645280534534,0.21895692347815,16.5375827559462,0.0251806906801412,0.49198377438671
"DDB2",0.937319562588371,0.138155427670839,29.5976377993831,0.0173967458962188,0.715858605369905
"DDHD1",0.555052335648406,0.13553139658919,33.272554656144,0.0157085175064277,0.815047324705428
"DDHD2",1.44972482169552,0.22833338178656,25.1568638619854,0.0237528038243765,0.740583349430172
"DDI2",1.79593065238595,0.287039787783726,22.3239159167732,0.0281274901870667,0.756712381688236
"DDIT3",0.467804908988963,0.0475813028122394,33.5413134422805,0.0118374195801777,0.673169789453351
"DDIT4",0.482098417614094,0.011586530760619,26.5787340261873,0.0159101659522726,0.406799304616573
"DDOST",3.28848349713308,0.0760804624469856,14.3719409778524,0.0231296356673136,0.192679157813405
"DDR1",0.352606091016612,0.0252597070411895,34.9573204151735,0.010299090437535,0.675004829051574
"DDRGK1",3.65004945433861,0.176194550246651,15.7762161569309,0.0238847729680553,0.402549739231215
"DDT",1.89466535418394,0.0831427641672823,21.1270804483532,0.019718694873325,0.385937801815723
"DDX1",4.17335005711972,0.314273617986759,14.1876036661595,0.0306599511089704,0.579872513038439
"DDX10",1.45445352539653,0.29503160375687,23.5441207008569,0.028568011823241,0.802974695769751
"DDX11",0.944727293757288,0.201850501141104,28.7868513513434,0.0211853363589137,0.798242225226965
"DDX17",2.44650197584417,0.0472141493664189,14.238314510293,0.0234834364632061,0.13106045972571
"DDX18",4.44666024393505,0.158191769164244,12.8986794584639,0.0243280367658957,0.29814564419548
"DDX19A",3.52497332288159,0.480229877873083,12.1297345333318,0.043550393801699,0.776414912111261
"DDX19B",9.40245378677761,0.871509180465839,1.86200608824491,0.0844073531696659,0.906895885648059
"DDX20",12.8454136888816,0.868365660185484,1.69240446560909,0.084774895753974,0.871064322966969
"DDX21",2.65300936816356,0.117824480815344,18.5826652099405,0.0214553333812077,0.378114738265405
"DDX23",2.80667087267276,0.315736669676211,17.6264561951929,0.030452793053225,0.674232180799691
"DDX24",2.46649089170803,0.0942089202878656,16.8947195596495,0.0218242989781371,0.289260189298822
"DDX27",2.9281925878165,0.23607582168321,18.4163104794864,0.0256268781049719,0.569634923700985
"DDX28",3.99383157946229,0.763234682357405,2.02338435780801,0.0711745356825524,0.917519799111455
"DDX39A",1.49937050928912,0.0888958865541824,23.8476438323858,0.0183946780802189,0.471025690554375
"DDX39B",2.16605340280752,0.271534151238985,20.8394797351803,0.0272282260235976,0.691616766467066
"DDX3X",2.64941645755223,0.100687714138306,16.2394853058044,0.0221630754828316,0.283272165346726
"DDX41",1.58521424609843,0.186652355444197,24.8198476950236,0.0214940611824114,0.663415105273324
"DDX42",3.40902405707291,0.288092034254351,16.4678950951207,0.0288330519980539,0.59986478655592
"DDX46",5.43510563002955,0.235005045801058,10.5543858657249,0.0269920275450566,0.362661773227738
"DDX49",3.05496291115146,0.260556980387951,18.4911114239172,0.0270548322595935,0.610681862082287
"DDX5",2.16007634690793,0.0211634941030657,12.807555594616,0.0250060466667716,0.0401777090979332
"DDX50",5.01069716863208,0.408455908025057,10.5803316284784,0.0370821402930826,0.626617732277381
"DDX52",1.93431750561414,0.285276706659865,21.5836891379733,0.0280555765893957,0.733726096194707
"DDX54",4.64063150758077,0.364771888666809,12.1903680753503,0.0339963907927947,0.603921189878308
"DDX55",4.80063241887401,0.627555947838331,6.06881732009343,0.056971540464972,0.825284914042882
"DDX56",3.75503551821601,0.35633810532288,14.5485350433575,0.0334672845175181,0.653950164187754
"DDX59",2.67184298195084,0.35428161609881,17.6278331381869,0.0333491591196381,0.734015839289164
"DDX6",2.19601573763873,0.171663590327229,20.7695713304449,0.022045045975536,0.527622175004829
"DDX60",0.563839461842887,0.0920890255347723,33.4463259048444,0.0135141147067674,0.747054278539695
"DDX60L",0.382451297997781,0.0529502388010789,35.4444875551167,0.0108287330779988,0.737299594359668
"DEAF1",1.47386227275305,0.348371440592694,21.7233189964748,0.0328584967088939,0.837260961947074
"DECR1",2.84744464702018,0.149869133307368,18.0053803833771,0.0223537292428936,0.417036893954027
"DEDD",5.08624222124823,0.36657158729705,11.4031123748149,0.0341544001690064,0.585667374927564
"DEDD2",1.96512888200577,0.306098583574558,20.9463133193799,0.0295783205877042,0.749275642263859
"DEF8",1.921080781082,0.18123978236599,23.1586412322867,0.0217753041780387,0.60894340351555
"DEGS1",1.71957420135813,0.106135511455449,22.841484526705,0.0192556678919532,0.47324705427854
"DEK",2.16428562423498,0.0411158519631402,15.6130564542199,0.0228141778777659,0.156751014100831
"DENND1A",1.34786198011557,0.332463259933261,22.6910091484729,0.0315204875398848,0.838902839482326
"DENND1B",1.22081641402055,0.150230988103375,27.2730372705386,0.0188889108128042,0.671045006760672
"DENND4A",1.45835836194195,0.369527353297735,20.8948984883323,0.0346063723218954,0.847884875410469
"DENND4B",1.3180713683535,0.28358767800374,24.3885277118756,0.0276091564916295,0.808093490438478
"DENND4C",1.80536508059727,0.259094767452122,22.698904796772,0.026159258953257,0.722522696542399
"DENND5A",1.13806554741523,0.215702584161582,27.1847631991216,0.022476927294084,0.776221750048291
"DENR",6.42953021615275,0.273873287637699,9.01540950431536,0.0288923364376851,0.384875410469384
"DERA",2.1373911338067,0.191519776330806,22.191713024954,0.0225611089664126,0.599478462429979
"DERL1",1.84256813228681,0.102470518611273,22.0487151855885,0.0195605316472404,0.445141974116284
"DERL2",2.82263729784591,0.229286363828579,18.4986529646971,0.0252184506979514,0.560846049835812
"DESI1",3.13685259777167,0.218937742859959,18.2926857411935,0.0249096092024845,0.539018736720108
"DESI2",2.14897861680004,0.132122439732261,21.981570908307,0.0204016425528047,0.494977786362758
"DEXI",1.7667407969325,0.344599725075933,20.8491905080892,0.0325726713235879,0.807127680123624
"DFFA",4.38842122113231,0.381362080550706,12.7159386688732,0.0352843531689769,0.642746764535445
"DGAT1",1.11686085590413,0.241334774623081,26.9106575809956,0.0242448509224674,0.810025111068186
"DGCR2",3.29411495650665,0.388594381619999,14.9933578782886,0.0359308400716463,0.715375700212478
"DGCR6L",5.62825333225935,0.250587955858587,10.9320979120639,0.0276855506872166,0.397430944562488
"DGCR8",1.48045126722606,0.306304299855294,23.047561770604,0.0294531066270633,0.807224261155109
"DGKD",0.491868159104257,0.147127998190331,33.7676016927346,0.01616261923935,0.848271199536411
"DGKZ",1.35125890170308,0.157098309481249,26.3123755624237,0.0195631853796951,0.655785203785976
"DGUOK",7.86759238064089,0.241008005944532,6.73045535563027,0.0280185199632757,0.279795248213251
"DHCR24",0.163643718960186,0.0257871658736821,39.8408693763911,0.00695052066269108,0.817848174618505
"DHCR7",0.398288900962822,0.0622707744105556,36.0462345974081,0.0108410326512305,0.770716631253622
"DHDDS",3.31681384499361,0.464113703399149,13.1493485402533,0.0422864140870564,0.779891829244736
"DHFR",0.211988743425634,0.0519847379775477,39.330058067732,0.00838524533879322,0.847884875410469
"DHPS",3.30246831479746,0.234585836430237,16.9752747090756,0.0258249537033506,0.528781147382654
"DHRS1",2.63085076638147,0.328873115268705,18.3502598972935,0.0314330830954419,0.714120146803168
"DHRS12",1.8665290323435,0.40897970316503,18.2483511504098,0.037915004227179,0.83648831369519
"DHRS13",0.809977235027116,0.208292967479956,29.7166515001252,0.0213556780853091,0.834653274096967
"DHRS3",0.624111569840551,0.0613258505497523,32.3822443325281,0.0129909931548834,0.663994591462237
"DHRS4",4.09256379286844,0.280201815727487,14.0516264036623,0.0285508865218789,0.523565771682442
"DHRS4-AS1",1.95082021630469,0.354731439619853,19.94597772416,0.0334057098221723,0.79814564419548
"DHRS4L2",1.48755411474972,0.232583332840794,24.9678550026302,0.0240709204219812,0.742225226965424
"DHRS7",1.73708604331295,0.0804009944468967,20.8430398513814,0.0197762319587446,0.372223295344794
"DHRS7B",1.55728567780877,0.285782009761938,23.3276350116069,0.0279114560095612,0.782306355031872
"DHRSX",1.75772537946394,0.200599703751493,23.8165326999921,0.0225090644749132,0.658682634730539
"DHTKD1",0.813100251481772,0.156537226060795,30.9133223947534,0.0178443730076877,0.783368746378211
"DHX15",4.04936185549795,0.255593157284999,14.524870605358,0.0272679697933898,0.497488893181379
"DHX16",2.9533022854384,0.39259113076816,15.6929651912455,0.0362818477487967,0.740679930461657
"DHX29",2.8608404446571,0.188257240746959,18.7097384985006,0.0234121782333938,0.5
"DHX30",4.06965511742461,0.338334674972181,13.5173157524838,0.0320930301779257,0.599188719335523
"DHX32",3.40259695058988,0.537005836763883,10.6813484620134,0.0487977141341374,0.822387483098319
"DHX33",1.88275487604854,0.38620647144551,19.0926945336577,0.036002373796104,0.824029360633572
"DHX36",4.54579739814502,0.238466569655673,13.016186815808,0.026724704219152,0.431137724550898
"DHX38",2.3339866136103,0.336832884941166,18.9098280437473,0.0319597051831685,0.741935483870968
"DHX40",3.38911042071029,0.519173948941598,11.1841419661851,0.0470990222211555,0.809542205910759
"DHX57",1.52805576304138,0.485839582744319,16.0789369603467,0.044882631658609,0.897044620436546
"DHX8",2.94878644584915,0.440997129554053,14.3630525040477,0.0402979016752245,0.778636275835426
"DHX9",3.60813155705439,0.255356234638932,15.8421376727123,0.0270456463176416,0.531775159358702
"DIAPH1",1.46520142399746,0.153099410901994,25.4177487203896,0.0197124974150902,0.624299787521731
"DIAPH2",0.92178168764538,0.185356821091728,29.2092693043073,0.0200495956043796,0.783079003283755
"DICER1",2.02926790012214,0.178196375379025,22.0652101479656,0.0219319680991198,0.573884489086343
"DIDO1",2.82460555548949,0.238452835387327,18.9823078648248,0.0256664662116516,0.588661386903612
"DIMT1",3.54692985725597,0.393174454889121,14.1582584555822,0.0362126106253252,0.699826154143326
"DIP2A",2.73745842668038,0.327998131476735,17.7755060787505,0.0313388810474408,0.697315047324705
"DIP2B",2.257240068308,0.344239700508701,19.0172506681547,0.0325329765285579,0.75642263859378
"DIS3",3.0277200617085,0.421029670720991,14.7707403299438,0.0385987075096728,0.759126907475372
"DIS3L",2.24090815288882,0.444900762415599,16.0124897251164,0.0409246849600933,0.830403708711609
"DIS3L2",2.05487284516489,0.425973424366831,17.1238690356148,0.0393268804125933,0.83185242418389
"DKC1",1.87536872705364,0.168648210973284,23.9013583994666,0.021020820693514,0.608653660421093
"DLAT",2.76280219250607,0.482463313032507,13.6079671453871,0.0440713758828673,0.82132509175198
"DLD",3.40212536879705,0.308211113125996,16.1031181073557,0.0300898326781327,0.621498937608654
"DLEU2",0.501947452081195,0.157156396994791,33.417919782149,0.016896831424378,0.854935290708905
"DLG1",1.47554020464667,0.209397365934726,25.5031048989091,0.0225595742612562,0.719432103534866
"DLGAP1-AS1",0.847947067006193,0.240936860477846,28.2552798899924,0.0239065363555601,0.84682248406413
"DLGAP4",2.35782048713969,0.183639077132377,21.1037727546267,0.0225355391819329,0.556982808576396
"DLST",2.93538293695866,0.346701225073296,16.751552646785,0.0327160601058567,0.698667181765501
"DMAP1",2.39268803905894,0.319249461039958,19.2206314870254,0.0306680259280568,0.722812439636855
"DMTF1",2.34614193096222,0.322975403821855,19.0542153373276,0.0308984050494726,0.724261155109137
"DMXL1",1.62637529244899,0.291695034455987,22.7090547412817,0.0283799258602672,0.774773034576009
"DNAAF2",2.66910577053666,0.312310468030326,18.4436687280015,0.0302265816981511,0.690844118215183
"DNAJA1",1.983687248599,0.0478150029393763,16.8889892640794,0.0219686526829431,0.203689395402743
"DNAJA2",5.84641373660296,0.254192768004225,10.0851637036784,0.0278885580057121,0.381301912304423
"DNAJA3",2.86448270573589,0.338378735230482,17.5229282663078,0.0321762614422358,0.706393664284335
"DNAJB1",0.518073410639475,0.0118141275484549,24.6775282813513,0.0172417649496813,0.351941278732857
"DNAJB11",1.85955366252297,0.0938955248072919,21.5806692275141,0.0196282841543033,0.417230056016998
"DNAJB12",4.5083416106049,0.360976274219792,12.3022501734978,0.0336705449849463,0.601313502028202
"DNAJB14",3.01897324239061,0.260767493220839,17.3569016073954,0.0270283749395442,0.580548580258837
"DNAJB2",1.85054237926456,0.213613883415594,23.4376132320487,0.023331313265343,0.669499710256906
"DNAJB4",0.515519947931275,0.0943328046413168,34.2780982217452,0.013187693228027,0.774579872513038
"DNAJB6",2.01927346368265,0.0753718030254952,19.0630390762786,0.0206863934805839,0.314661000579486
"DNAJB9",0.62734705666449,0.0519370524858353,30.8611705870415,0.0136125944573403,0.603824608846822
"DNAJC1",1.53451486730203,0.0929074478745833,23.5973083629803,0.0185944776813286,0.471025690554375
"DNAJC10",2.51247201846365,0.194157377107507,19.8590067142012,0.0232795367400919,0.540370871160904
"DNAJC13",2.02461050082276,0.315396409518233,20.5957808850501,0.0303009673805528,0.754297855901101
"DNAJC14",3.65349642150194,0.628155717406303,7.13278231346483,0.0573487746924123,0.860826733629515
"DNAJC15",3.12281960195671,0.107570789230708,15.5169813971112,0.0225984627743275,0.277863627583543
"DNAJC16",3.10673325263325,0.550123086078098,10.6361493394174,0.0501059821019165,0.841896851458374
"DNAJC17",3.3086679583944,0.440088489186545,13.537115585042,0.0400852575443242,0.754491017964072
"DNAJC19",3.74001300485953,0.16525956819768,15.1438617409612,0.0237571850590798,0.36768398686498
"DNAJC2",2.62476555669599,0.184818070898518,19.9723338417246,0.0229368939422977,0.528394823256712
"DNAJC21",1.73269267165014,0.210058925321226,24.3236744992502,0.0229371441048309,0.688043268302105
"DNAJC24",16.4873641211226,0.870641053398597,1.42164119594465,0.0860801982014497,0.843152404867684
"DNAJC25",1.46333985858948,0.531903932966989,14.1895333649485,0.0491700182338543,0.916843731891057
"DNAJC3",1.85099026186074,0.0924270935866047,21.4840909975241,0.019647240062762,0.4119180992853
"DNAJC30",5.0804395864234,0.536309734451717,8.14201461663442,0.0480322948861666,0.748309831949005
"DNAJC4",1.55172201646367,0.0624841968269366,22.1063381292298,0.0189811873973921,0.375603631446784
"DNAJC5",2.11590164469603,0.247330314562259,21.9333397988126,0.0256234914868006,0.682731311570408
"DNAJC7",3.71415256891963,0.242174087725311,15.0425313439707,0.0264561169554386,0.489569248599575
"DNAJC8",6.40039057196401,0.24003207289039,7.87106583110553,0.0275000146821016,0.302974695769751
"DNAJC9",0.817275518291882,0.100001224167838,30.681731562494,0.0152647902424607,0.68205524435001
"DNAL1",1.77185855540691,0.483061138310312,15.6569889309596,0.0445246542658863,0.88052926405254
"DNAL4",1.63489484767879,0.193597026439419,25.3428140004144,0.0217929376929661,0.689298821711416
"DNASE1L1",1.80209445573107,0.313774044523225,21.6117946691428,0.0301388374742802,0.779505505118795
"DNASE2",1.16810130590956,0.0766126641210759,26.2901340507804,0.0168554947435384,0.517770909793317
"DNM1L",3.1951834166617,0.276778067424791,17.3020082302795,0.0280687988114333,0.604404095035735
"DNM2",2.12407232677588,0.197873525141851,21.5645755020348,0.02295564333014,0.592621209194514
"DNMT1",1.17113550989574,0.0646243282694303,25.4167102577174,0.0171126081126987,0.471894919837744
"DNMT3A",2.33828498079922,0.346435747384019,18.8576462260913,0.0327391755619099,0.755360247247441
"DNPEP",6.22601172067595,0.332507102846935,9.13624724045948,0.0318814476097895,0.476047904191617
"DNPH1",1.70786873360585,0.0453624176202491,19.966843277136,0.0202162114028534,0.285107204944949
"DNTTIP1",1.53782924002108,0.125473496885303,25.0215996662838,0.018851313179046,0.566930654819393
"DNTTIP2",4.1644393468184,0.321273792812583,13.5720450594344,0.0310049745177566,0.574463975275256
"DOHH",3.59867379597987,0.472605850722612,12.2572762494923,0.0428817115957281,0.768205524435001
"DOK1",0.755311794133758,0.145096418214641,31.3301442997153,0.0170431505562647,0.776125169016805
"DOT1L",1.058066454054,0.322944671802644,24.2444871450624,0.0306774891713452,0.866814757581611
"DPAGT1",2.8497738018599,0.377632211842763,16.4762106963666,0.0351437384243077,0.738844890863434
"DPF2",6.01960633478636,0.450858232264687,7.86529520982701,0.0400350827920214,0.616669886034383
"DPH2",1.42630439790779,0.272255457510449,24.4850454979321,0.0268240212981679,0.792543944369326
"DPH3",1.95677823832671,0.193166488790326,22.978982391195,0.0223946085887692,0.623623720301333
"DPH5",5.91642589715466,0.698653050963033,3.08147484703636,0.0639611026631414,0.839772068765694
"DPH6",2.80699100277179,0.455894485452664,14.4445500572895,0.0417333276460924,0.803457600927178
"DPH7",4.64103549736003,0.530236546816822,8.68978211155337,0.0474847929187011,0.755746571373382
"DPM1",2.73023756802933,0.301762943042796,18.7263377363668,0.0295415435381401,0.681862082287039
"DPM2",6.22215961535467,0.346593751223402,9.19087612116552,0.0327670812004494,0.498358122464748
"DPM3",2.24189446195826,0.0842391283038251,19.5571408775117,0.0205562164360362,0.345470349623334
"DPP3",2.15984276124011,0.34208309819953,19.6308670232486,0.0324057341031136,0.769654239907282
"DPP7",2.23299266989587,0.0658249423748314,17.0073541754591,0.0217662483442163,0.241066254587599
"DPP8",2.70547569915395,0.338453935034508,17.5937766273259,0.0320906072755571,0.708711609039985
"DPP9",1.7697787730993,0.256536755792685,22.9792623379846,0.0259576085585928,0.726096194707359
"DPY19L1",0.587114747402314,0.305986926765557,27.026611358894,0.029066550006102,0.917230056016998
"DPY30",4.26962939876421,0.201582587426766,14.3476769356146,0.0251414564766987,0.407185628742515
"DPYD",0.709464681131813,0.0810162186021168,31.2511588608087,0.0142553223701455,0.665636468997489
"DPYSL2",0.928843519769962,0.0761214886631731,28.3100527172822,0.0157146379505327,0.573691327023373
"DR1",3.90504939986114,0.277868053698553,14.4850399558586,0.0283540578268575,0.531292254201275
"DRAM1",0.5175462053829,0.0497270912498757,32.9362714495274,0.0122839935626975,0.659551864013908
"DRAM2",2.35675168787577,0.159446422178927,20.7342937745187,0.0217032602499358,0.506760672203979
"DRAP1",3.31132031025701,0.0630768153438769,12.7054293177053,0.0240543448699161,0.123430558238362
"DRG1",4.10335232861634,0.277740036322563,14.8055293358717,0.028479946258353,0.539694803940506
"DRG2",6.78060798114577,0.595458833291541,4.55329289409041,0.0528692005253902,0.731891056596484
"DSE",0.381194785384939,0.0310072296400867,34.1243417492885,0.0109975792554885,0.660903998454703
"DSN1",0.900076482851981,0.209484300804404,28.9789121548248,0.0216241210503043,0.816013135020282
"DST",0.59134359996128,0.0366755765638198,30.0569909831709,0.0137949727933406,0.553602472474406
"DSTN",1.1883659069209,0.0139273326865187,17.8902174474003,0.02193368361578,0.163898010430751
"DSTYK",1.24958931366359,0.25689365769814,25.6467445451456,0.0255399576306344,0.800077264825188
"DTD1",2.90077273488564,0.278204723793685,18.4465941338263,0.0280419485780809,0.637338226772262
"DTNBP1",1.77268147723665,0.314763428000742,21.5731704495645,0.0301924867166653,0.780084991307707
"DTWD1",1.22667803032096,0.150771676079397,27.1957758567864,0.0189405246711556,0.669789453351362
"DTX3L",1.17302542882753,0.103477337629014,26.9263286891332,0.017223944722662,0.582190457794089
"DTYMK",1.03735647672934,0.110109577755896,28.8468069454758,0.016562528485062,0.647575816109716
"DUS1L",0.956641201423238,0.183839068822149,29.1394129653458,0.0199986135381333,0.778636275835426
"DUS3L",4.61546203926087,0.521715517113874,9.13626220022352,0.0468396734413225,0.754973923121499
"DUS4L",1.16185481001395,0.296120327747307,24.8412436425951,0.0285195405879777,0.840544717017578
"DUSP1",0.462942242104121,0.00476569609869885,23.2718855342987,0.0183093194726678,0.297469576975082
"DUSP10",0.439247978435086,0.13299292405286,34.7266301571061,0.0149486242935338,0.852037859764342
"DUSP11",5.91641693028448,0.464835559094654,7.88633964363826,0.0412325074573886,0.637434807803747
"DUSP12",3.84862894840252,0.421661640365792,13.1019621402495,0.0385245632162749,0.714023565771682
"DUSP14",0.697036369319307,0.14219529252182,32.0494159011684,0.0166050922547183,0.791578134054472
"DUSP16",0.504873722971948,0.16718764295329,33.106965686838,0.0176274012037702,0.862661773227738
"DUSP18",1.44395688542717,0.395689778434881,19.9742712895695,0.0368576197400911,0.863627583542592
"DUSP2",0.156562940318051,0.00484645994717413,35.7460935104111,0.00920489431743513,0.661386903612131
"DUSP22",2.63359201166102,0.293787690324861,18.7085301612087,0.0289213788177068,0.669016805099478
"DUSP23",1.26553180431216,0.0442170117019924,22.072465736913,0.0189037541970665,0.340351554954607
"DUSP3",1.24581561387635,0.112995109390533,27.0722384327681,0.0175038168708225,0.602762217500483
"DUSP4",0.0850748400430746,0.00636309887561378,40.8805218366175,0.00548071611488134,0.814564419548001
"DUSP6",0.184448651343739,0.019097567361459,38.3972691981053,0.00770970393820727,0.764149121112613
"DUT",1.46640222677307,0.041368046149843,19.4505746178493,0.0205015952091143,0.261348271199536
"DVL2",3.98000656647523,0.532643960285497,9.79304597977712,0.0480779588636839,0.790419161676647
"DVL3",2.15605913764568,0.317196007446932,20.0680298992779,0.0304645116346335,0.742708132122851
"DXO",2.48009377184921,0.351282293063656,18.349695857768,0.0331323174684857,0.748985899169403
"DYM",5.93955827522261,0.46417192425982,8.12792569994501,0.0413130124578375,0.642457021440989
"DYNC1H1",2.80116219866045,0.109481424221456,16.532508396876,0.022145914607726,0.307514004249565
"DYNC1I2",3.29126945580517,0.223156522240295,16.6754205574129,0.0253088030673921,0.50231794475565
"DYNC1LI1",2.68414401125418,0.292130128146215,18.6197894631679,0.02883330240993,0.663994591462237
"DYNC1LI2",2.15649756814752,0.111851469927106,21.2172697253005,0.0201944460120999,0.439250531195673
"DYNC2LI1",1.27008514185156,0.313538788582228,23.6835259878142,0.0299601392055841,0.836295151632219
"DYNLL1",4.95011573211793,0.0483586698693133,10.1697061024157,0.02563319907248,0.0416264245702144
"DYNLL2",1.40274159409639,0.265821443513015,24.6639669804462,0.0263281624460643,0.787231987637628
"DYNLRB1",5.46379187151259,0.115153585514213,9.21848525878554,0.0251867754478008,0.133185242418389
"DYNLT1",1.70342926495507,0.0440078149365181,18.1731083159201,0.0212525216048984,0.231311570407572
"DYNLT3",1.8275018790955,0.149833683505507,23.4777993587145,0.0203497484619038,0.565481939347112
"DYRK1A",2.6331333780968,0.445559190084167,14.9991897764005,0.0408185733054819,0.803264438864207
"DYRK1B",1.15295097652336,0.365622591053216,22.1585150442743,0.0343055658464921,0.876762603824609
"DYRK2",0.973284344431105,0.240552112580255,27.4927491427976,0.0240351213221174,0.824995170948426
"DYRK4",1.75199438553222,0.228680654883089,23.8873906979908,0.0241020876603697,0.706200502221364
"DZIP3",0.799049189897867,0.305508491483975,26.0470478631955,0.0291201435518256,0.889124975854742
"E2F3",0.473784289859647,0.0894813497443901,34.8229516491445,0.0126803677082215,0.78192003090593
"E2F4",3.66439243878087,0.350719051305878,14.5475883428145,0.0329837269574846,0.645547614448522
"E2F6",5.87429504364105,0.682637969593503,3.56275365739701,0.0622862757035883,0.830500289743094
"E4F1",9.33679486979162,0.719460163942295,0.543541658579777,0.065451151787162,0.779119180992853
"EAF1",0.818557767110125,0.225907653601978,28.8879869293295,0.0227183700361138,0.840158392891636
"EAPP",4.39626388219729,0.285678150385597,13.0890216144141,0.0289253775386669,0.506857253235465
"EBAG9",1.97410618640879,0.120594559856602,22.7045988542552,0.0197613036175352,0.495074367394244
"EBNA1BP2",2.18202030733827,0.142204825431523,21.7850523093643,0.0207740473909874,0.506567510141008
"EBP",0.85512221826775,0.0912775888052088,30.4138648394596,0.0150937597366049,0.659648445045393
"EBPL",1.61105721947015,0.0841298226948989,23.7899878665991,0.0183874742412136,0.46165733050029
"ECD",2.52641359168612,0.428257222568388,15.7532114507065,0.0393430134144816,0.797469576975082
"ECH1",2.20535250829617,0.181376858255407,21.5373525286431,0.0222722130492957,0.5649024531582
"ECHDC1",1.48131968845524,0.159600433909964,25.3640799446862,0.020016759077709,0.633668147575816
"ECHDC2",0.926828148814069,0.0910579957434023,29.3333540713116,0.0156325795520252,0.628645933938574
"ECHS1",3.50968377736499,0.163770821921532,16.2262107776812,0.0234018678317372,0.393857446397528
"ECI1",1.03402648347587,0.240759223560246,27.3718370139604,0.0241060851536339,0.821904577940892
"ECI2",1.44072151141072,0.175607849628316,25.7516943225664,0.0206444533878261,0.670948425729187
"ECSIT",4.29380813497116,0.379678592672126,13.0932508630933,0.0352132037681481,0.650183503959822
"EDC3",3.32950685917394,0.568799795986108,9.71475109951053,0.051814344008153,0.843925053119567
"EDEM1",0.894950191911383,0.156042098315841,29.8999340198362,0.018175072873357,0.75410469383813
"EDEM2",1.59585515234897,0.185595274181959,24.948461794971,0.0214210526846262,0.665250144871547
"EDEM3",2.36086943826539,0.243095727968222,20.4836287428065,0.0255816284235455,0.636565578520379
"EDF1",8.42716408771959,0.0891801500543805,6.03844582896958,0.0266480110574634,0.0284914042881978
"EEA1",1.58939687215159,0.125450906276191,24.2030417605095,0.019171038755155,0.54404095035735
"EED",1.54921943083199,0.262316014281229,23.7953772120832,0.0261884566581055,0.757774773034576
"EEF1A1",5.09050929192397,0.00265037339791562,11.4855354688975,0.0262318836534438,0
"EEF1B2",3.47258042722421,0.0205985433407853,11.6466788582555,0.0256544715242956,0.0195093683600541
"EEF1D",2.40048934157311,0.0111842811233382,12.2224138307448,0.0257144433477246,0.00753332045586247
"EEF1E1",0.98417623628696,0.453872015120281,18.8017331198797,0.0421853104549897,0.923411242032065
"EEF2",3.13767318771744,0.0151035186317489,11.8365969257235,0.0257498740969819,0.0114931427467645
"EEF2KMT",1.97934615039071,0.361897247055912,19.6470731249186,0.0339914033564017,0.801139656171528
"EEFSEC",6.7547573757657,0.618747003882313,4.31768790248643,0.0553755787737488,0.75748502994012
"EEPD1",0.429862601105789,0.157575871838996,34.111136763739,0.0166565453342918,0.875217307320842
"EFCAB14",1.78240323927808,0.135701528474219,22.7356072844455,0.0200816229150787,0.52086150280085
"EFCAB2",1.7742265997711,0.347185436450063,20.6964609184668,0.0327737012497836,0.807031099092138
"EFHC1",1.31504787727194,0.246500177612699,25.5201018790433,0.0248478214263138,0.779891829244736
"EFHD2",0.572446173451713,0.0444917164634147,31.4323491417961,0.0130838493709882,0.607108363917327
"EFNA1",0.305799979782451,0.0182129716777328,34.6095713092977,0.0103497314726614,0.652308286652501
"EFNA4",0.952035452114525,0.212134282098034,28.7248216059598,0.0218816374922489,0.813212285107205
"EFR3A",2.57503133699299,0.154272492078647,19.4813537163528,0.0219656132149651,0.464168437318911
"EFTUD2",3.34004540912785,0.390944348244736,14.7252737579294,0.0360762119339944,0.711802202047518
"EGLN1",1.28876435795523,0.156339055823768,27.1997446756676,0.0192374209115722,0.679254394436933
"EGLN2",2.12604959981088,0.424373770553748,16.9510816179873,0.0391507382049925,0.824608846822484
"EGLN3",0.162422819576579,0.0192726208783185,39.4324010637035,0.00699206075563022,0.794668727062005
"EGR1",0.267758070612655,0.00383616131668269,29.4195230438316,0.0138334275187409,0.47450260768785
"EHBP1",1.0919664669161,0.174871881835704,28.4276485089971,0.0197394369913213,0.744060266563647
"EHBP1L1",0.833588460272234,0.121999959939325,30.5271057353127,0.0162475555107304,0.714892795055051
"EHD1",1.1682323030751,0.170637750461668,27.6730247566982,0.0197474598346566,0.716051767432876
"EHD4",0.546519719959725,0.0505746375339759,32.2840638739853,0.0127062196543518,0.642263859378018
"EHMT1",1.49101108461361,0.166360829033259,25.0642764538159,0.0204030660516098,0.636565578520379
"EHMT2",2.10784896576365,0.200778728735778,22.2817736019107,0.0229746636946549,0.617056210160325
"EI24",3.25585457439285,0.161505742337057,17.5372587654324,0.0229466010264619,0.425053119567317
"EID1",1.40058299086994,0.0288378653208116,17.6111186101661,0.0217942182381946,0.185145837357543
"EIF1",3.82499260413712,0.0136845401461067,11.3138708623433,0.0260602412323177,0.00135213444079583
"EIF1AD",3.55262055913547,0.557700322343105,9.72033342208326,0.050635295263317,0.826830210546649
"EIF1AX",5.95322955904051,0.151897210927354,9.58950334535127,0.0253376850817294,0.206683407378791
"EIF1B",3.64520005067009,0.151815323282001,13.9821118602313,0.0237111182516881,0.313212285107205
"EIF2A",4.30929563213668,0.215935458285434,14.0649483695773,0.0256907145237275,0.422735174811667
"EIF2AK1",3.56256092487608,0.189474495191734,16.3985987621099,0.0241582391985305,0.440892408730925
"EIF2AK2",1.21345745390114,0.0482265375951187,22.6314590772392,0.0185602099605737,0.363241259416651
"EIF2AK3",0.740135811446617,0.200863822655398,30.1789321102441,0.0207143119846493,0.835522503380336
"EIF2AK4",2.90914562540599,0.224118040269735,18.5775081111565,0.0250075323285364,0.554761444852231
"EIF2B1",5.48520578026103,0.432048235462372,9.33954306369889,0.0388112557745052,0.628259609812633
"EIF2B2",2.49757165413696,0.370515895878331,17.5798296584473,0.0345942563605027,0.758064516129032
"EIF2B3",2.92057216664184,0.371236735773612,16.6002121795713,0.0346779643704712,0.732180799690941
"EIF2B4",3.97619854239787,0.432058384534571,12.6273682449845,0.0393587377601968,0.716727834653274
"EIF2B5",3.14616055531958,0.330385349443593,16.7576306699899,0.0316038111746344,0.673362951516322
"EIF2D",3.39983022513539,0.317976990788578,16.5438033144936,0.0308266339995308,0.648251883330114
"EIF2S1",3.51220702060555,0.25664112064323,16.1267728050441,0.0270643363473858,0.541336681475758
"EIF2S2",2.76644044813784,0.0674861189065638,15.6698943342623,0.0225070946438897,0.210160324512266
"EIF2S3",3.17979934598826,0.103564596602738,15.5777369140972,0.022571352176053,0.273034576009272
"EIF3A",3.79518928849543,0.130427342396304,13.746590560985,0.0235408290557626,0.271682441568476
"EIF3B",3.08074676450941,0.300244356559733,17.5566938362301,0.0295326227425688,0.647962140235658
"EIF3D",4.3553213415531,0.136760731498011,12.6085347792237,0.0240763012156132,0.254297855901101
"EIF3E",1.77304117721043,0.0254353457107097,15.4628169843864,0.0232315661333809,0.120436546262314
"EIF3F",4.62968103517202,0.0760201820539094,10.6330744618707,0.0249043010836551,0.0992853003670079
"EIF3G",5.72969399954713,0.108308279889521,8.89758337717462,0.0253509497482908,0.115028008499131
"EIF3H",2.43640052627164,0.0305577076922792,13.9338126946485,0.0240379464385256,0.0922348850685725
"EIF3I",5.64479987258508,0.190894874917104,10.2251849094985,0.0257958922131269,0.284817461850493
"EIF3J",3.26179161142105,0.225135878186261,17.3279727498838,0.025337721982425,0.523082866525014
"EIF3K",6.11294167556251,0.0743378038739584,8.53449774273371,0.025870040482012,0.0514776897817269
"EIF3L",2.72570076987526,0.0449572074118318,14.7623307519885,0.0232631337773317,0.144292061039212
"EIF3M",3.14650939675599,0.106657025270178,15.5090763678983,0.0226029128981339,0.276221750048291
"EIF4A1",2.15985869806736,0.149739076501773,21.4027725695055,0.0211097658095161,0.508499130770717
"EIF4A2",3.17579014502401,0.0657584281349741,13.134941474407,0.0237955121640224,0.139076685338999
"EIF4A3",2.02993794971945,0.117415844042382,21.2839280662651,0.0202297283979029,0.45006760672204
"EIF4B",3.25072889206377,0.0736507073197723,14.0501769190901,0.0232880740413204,0.179157813405447
"EIF4E",2.37193602607919,0.165166215905062,20.206753233483,0.0220328428474722,0.501738458566737
"EIF4E2",9.279431230043,0.361777838292757,3.66495657636529,0.0334073005249617,0.38159165539888
"EIF4E3",1.04417606224143,0.419905829254101,20.1528442486907,0.0390850423445662,0.907185628742515
"EIF4EBP1",0.788786748001974,0.020873069559651,24.4592873152064,0.0173902241881925,0.364013907668534
"EIF4EBP2",3.07031345770724,0.285140967318482,17.3913905900612,0.0285188437619685,0.619953641104887
"EIF4ENIF1",3.84790334199804,0.644989532787381,6.39615475980399,0.0589950342985087,0.864496812825961
"EIF4G1",2.96816631197008,0.121089964553573,16.7867492467157,0.0222282466591313,0.335329341317365
"EIF4G2",4.45721159037214,0.0760322125902909,10.1109955407456,0.0251057042690275,0.0834460112033997
"EIF4G3",1.66000602349109,0.216440850725199,24.0878007476987,0.0232871777151297,0.691906509561522
"EIF4H",5.77352080681469,0.178908326138327,9.27044288106995,0.0257071402732182,0.240776511493143
"EIF5",3.53507943694586,0.0912625191469565,13.0852597556271,0.0236199987569134,0.184952675294572
"EIF5A",3.10023070638896,0.0547037042029135,14.0368031253511,0.0235117932179317,0.144292061039212
"EIF5B",3.70058904473542,0.131478503739291,14.7451101603322,0.0232327698045224,0.300367007919645
"EIF6",3.76309069630052,0.161732880515017,15.2262440212196,0.0236664913748713,0.364207069731505
"ELAC1",1.98078797636628,0.574706679350673,11.4081898515114,0.0529300326210238,0.904577940892409
"ELAC2",4.30697630387051,0.508543127120783,9.88236013501311,0.0457176991553521,0.756519219625266
"ELAVL1",5.21036157470365,0.256344307402908,11.9576946650682,0.0277879108609337,0.432489858991694
"ELF1",1.67717187874499,0.0970980404021872,21.7785489608776,0.0195193948358841,0.427467645354452
"ELF2",2.82869890727804,0.207590472323887,18.3019243840329,0.024236260544513,0.520378597643423
"ELK3",0.266016054187411,0.0303996010087388,36.7808336243204,0.00919121980703379,0.736816689202241
"ELK4",2.08736796899559,0.30504386006344,20.602621194602,0.0295476097397357,0.738168823643036
"ELL",1.94481296745194,0.334707890979103,20.2771397667317,0.0317564321080158,0.77602858798532
"ELL2",0.351948236439437,0.0501896887346875,36.1280690010397,0.0103091526102147,0.752269654239907
"ELMO1",0.395852418973911,0.0639604227545108,35.6553273497178,0.0111231249834513,0.762314081514391
"ELMOD2",1.88546032109467,0.405284317254048,18.2809202943101,0.0375779692809492,0.831659262120919
"ELMOD3",2.78146350292787,0.423796497081385,15.3261632609444,0.0389145251400076,0.778636275835426
"ELMSAN1",1.45482165553169,0.224054610716138,25.1871070262667,0.0234815458218284,0.734498744446591
"ELOF1",7.35587147704788,0.42499722829557,6.35041231693561,0.0378821472788908,0.538922155688623
"ELOVL1",1.42971267250959,0.0635739035241722,22.7475985172546,0.0186097367557919,0.395112999806838
"ELOVL5",0.836362583547536,0.0614694385171003,28.2221166631017,0.0154018534897067,0.54529650376666
"ELP2",2.16957323873548,0.25052409796609,21.2764290178976,0.0258779260174864,0.669982615414333
"ELP3",4.00415935849122,0.594174868220805,7.83974584686241,0.0538654611233615,0.828375507050415
"ELP4",1.90476387249322,0.443245353363934,16.8975998679152,0.040896010271683,0.852617345953255
"ELP5",5.54713088117739,0.367111626285385,10.0356703782415,0.0340340439992803,0.550801622561329
"ELP6",3.19307021071748,0.432300191132443,14.0644880870232,0.03948934756055,0.757002124782693
"EMC1",1.94547840093329,0.327416728955437,20.6723497304627,0.0312199349421391,0.775255939733436
"EMC10",2.78905006294166,0.135182076851656,17.8869018895851,0.0220396766527175,0.388835232760286
"EMC2",1.17800668991743,0.104602267718194,27.3075343995276,0.017098864058569,0.594939153950164
"EMC3",3.94507785009834,0.236665064117004,14.8110477703482,0.0263277969998475,0.474985512845277
"EMC4",6.89583913149648,0.239878708127634,7.57281690633823,0.0276692715969847,0.296600347691713
"EMC6",6.27437203777604,0.27625596895509,9.41162474506469,0.0289751359022076,0.398493335908828
"EMC7",2.98289062995676,0.168813048757768,17.5184435198816,0.023040001169646,0.435677033030713
"EMC8",3.48745494103178,0.248426049249766,16.6713849370614,0.0266243555888333,0.542881977979525
"EMC9",1.36988340508564,0.230654399952774,25.6795403084537,0.0237971539131901,0.75874058334943
"EMD",3.80276562028493,0.0979922981003379,13.6732354310472,0.0234239714324767,0.21469963299208
"EML2",1.50036845279596,0.199039120447803,25.4041438765279,0.0219938614025267,0.699826154143326
"EML3",1.58321724358645,0.174218305119241,25.0049576458932,0.0208393223805965,0.648058721267143
"EML4",1.29193630081426,0.0666180240743075,23.5876238477277,0.0181443239255339,0.423700985126521
"EMP2",0.593795214249779,0.020602592896811,28.1291395894691,0.0148889224816652,0.468997488893181
"EMP3",0.477416901988259,0.00876232333133042,25.7048854266322,0.0165370172084076,0.376086536604211
"EMSY",2.27781884138864,0.433049968935651,16.2702229585009,0.0398549027275833,0.819200309059301
"ENAH",0.667157739876378,0.046332431693409,31.1074433182924,0.0133659666270422,0.601313502028202
"ENC1",0.254465595306606,0.0501154534292763,38.2619891055459,0.00897047649914608,0.813791771296117
"ENDOD1",1.07885609870958,0.145132293161721,28.6320959534986,0.0181388472898606,0.700502221363724
"ENDOV",2.71457441499417,0.412257149621723,16.0886298286303,0.0380590602836224,0.781437125748503
"ENG",0.231928318374096,0.00702491219885313,32.5175162770818,0.0116033930345527,0.570890477110296
"ENO1",1.57232192358084,0.0123365264727682,14.2920726706836,0.0243806033603489,0.060556306741356
"ENOPH1",5.27177539765318,0.35413010356731,11.1597139055116,0.0333002664587266,0.560652887772841
"ENOSF1",1.66224105682226,0.144943279608382,25.0581364581979,0.0196035436501844,0.601023758933745
"ENOX2",1.6550514971579,0.3661785403862,20.4372564070802,0.034330732531652,0.829824222522696
"ENSA",3.05542133390699,0.0899809461649785,15.6864151968865,0.0224672172356252,0.251883330113966
"ENTPD1",0.22330514704664,0.0249729106914162,37.6047390763808,0.00845359828919161,0.751303843925053
"ENTPD4",1.8185977022153,0.329947857645846,20.8631938135532,0.0313674859389774,0.784624299787522
"ENTPD6",1.30876667121441,0.185142788910137,26.9555240290831,0.0207938868896064,0.720011589723778
"ENY2",2.5656008429907,0.0493307292140851,14.8381748395353,0.0231308772433863,0.152887772841414
"EOGT",0.712630342628666,0.174144855257948,31.1357675395095,0.0187507680021779,0.818620822870388
"EP300",2.33538786466643,0.247374334757192,20.4660234348616,0.0258169530146262,0.642939926598416
"EP400",2.30360598561048,0.276151405752012,20.1141183625467,0.027604245689885,0.679254394436933
"EPAS1",0.202882269013602,0.0125459972267547,36.2847319057614,0.00900777666898003,0.690940699246668
"EPB41",0.955226360333947,0.17415771047689,29.2176103931851,0.0194093302877712,0.764921769364497
"EPB41L2",0.667794197795559,0.0762041074623915,31.8967534835004,0.0137438668325094,0.675777477303458
"EPB41L4A-AS1",0.831499969436351,0.0874271099012141,30.2374774386699,0.0150337820326305,0.647962140235658
"EPC1",3.98539577408579,0.178040904383302,13.4312781025951,0.0244740665288676,0.343152404867684
"EPC2",2.18828187753717,0.55304853600421,11.9675167766917,0.0507778524112623,0.885937801815723
"EPG5",1.02543393233415,0.329745496847291,24.0146801243328,0.0312278615833255,0.871354066061426
"EPHX1",0.496754539762625,0.0178593985015209,28.9638860650465,0.0142784069606962,0.487830790032838
"EPHX2",0.748485556403216,0.175979745332692,30.8874466357115,0.0189538867735569,0.814661000579486
"EPM2AIP1",1.57268744115538,0.270463475890546,23.5043519073676,0.0267885447645648,0.762796986671818
"EPN1",5.70832478220837,0.224045856622338,9.85445923158105,0.0267393773966842,0.327796020861503
"EPOR",0.505559917944945,0.303603696721387,27.5402197820127,0.0288207471776101,0.927757388448909
"EPRS",1.75918835677513,0.084253872296078,22.315660056699,0.0191327069559536,0.420803554181959
"EPS15",1.82678940836846,0.164355289093419,22.8984068241095,0.0210602350330143,0.573594745991887
"EPS15L1",3.48927646252127,0.448630881573084,13.1357192506878,0.0408496775390276,0.756036314467838
"EPS8",0.394226148437481,0.0331002571292393,34.0035003448815,0.0111326652011622,0.661097160517674
"EPS8L2",0.577800579305225,0.0495689909444451,32.7281549385335,0.0124363500458814,0.653467259030326
"EPSTI1",0.310405737194311,0.012541500638047,32.3954064876511,0.0117891885620249,0.577554568282789
"ERAL1",4.6580762767796,0.461281842219164,10.4662236978182,0.0415083142949067,0.701757774773035
"ERAP1",1.33517070816196,0.24209512566318,25.3312796755478,0.0245686644071296,0.767626038246088
"ERAP2",0.44111222418609,0.0668333870114107,34.821944947108,0.0117212972350289,0.743287618311764
"ERCC1",4.66856357777484,0.213596423604538,12.9724033620242,0.0258387069694048,0.390766853389994
"ERCC3",4.40959190500015,0.476926778440521,10.4532081748772,0.0428708047144873,0.72503380336102
"ERCC4",2.31918257336246,0.440977616148482,15.9959962979463,0.0405705828305961,0.823739617539115
"ERF",1.5123646965313,0.277693304928293,23.7717004379831,0.0272825689849219,0.781630287811474
"ERGIC1",1.88826166781896,0.163042537461241,22.864468613583,0.0210509570419951,0.570600734015839
"ERGIC2",2.76013179931218,0.153746696348982,18.5594159111226,0.0222719561136787,0.43847788294379
"ERGIC3",2.49229192492466,0.0495380208053449,15.5586974323846,0.0227337374701208,0.173073208421866
"ERH",3.87284564795707,0.0737191317463423,11.7439028140096,0.0243912949681335,0.119857060073402
"ERI1",2.41118982466303,0.481666491235284,14.3243188486103,0.0441240474056625,0.840448135986092
"ERI3",2.84400672973492,0.197323006875302,19.4452134214642,0.0236547510920797,0.534865752366235
"ERICH1",1.99058280241404,0.194021485959932,22.1167431532643,0.022605259658775,0.601313502028202
"ERLEC1",1.56649033812588,0.0585056471843974,20.648156714923,0.0197545430785645,0.327023372609619
"ERLIN1",2.46890106876211,0.449616222730495,15.3220229919449,0.0412623525968579,0.818427660807417
"ERLIN2",1.49674592165417,0.222930025503504,25.152019492348,0.0234440438682231,0.731697894533514
"ERN1",0.9689262453544,0.1762600293645,29.1145512942249,0.0195655722886528,0.765501255553409
"ERO1A",0.375469071631371,0.0304713733716585,33.8487232116007,0.0111601323491879,0.65192196252656
"ERO1B",0.703299430532498,0.166044924322071,31.4174393672068,0.0181738037361856,0.813212285107205
"ERP29",2.97791803709574,0.0736702543477587,14.4332575875239,0.0230710738019561,0.187850106239135
"ERP44",2.13827861159162,0.125366471825582,20.6529561093308,0.0206735338024487,0.446397527525594
"ERRFI1",0.293699600430667,0.0232798271684286,35.5371461596181,0.00983080962923692,0.688236430365076
"ERVK3-1",1.99493874541131,0.408440540465166,17.85542390499,0.0378189103119087,0.824802008885455
"ESCO1",4.48431247640329,0.455007207856563,10.8975897858573,0.0410225947082742,0.704268881591655
"ESD",2.42792110885793,0.125043380789562,19.2682525022159,0.0212588689576589,0.408441182151825
"ESF1",3.45087951209961,0.242187798346926,16.7722979889565,0.0262855022416601,0.535638400618119
"ESRRA",1.83157847853106,0.419070311662388,18.0433000707561,0.0388202959051496,0.846532740969674
"ESYT1",1.3571146535299,0.169292221976483,26.1368997228084,0.0201873594668446,0.671141587792158
"ESYT2",1.28607670174729,0.167926478901123,27.0793451245274,0.0198358485891248,0.695093683600541
"ETAA1",2.41441841907362,0.473871701297253,14.610604852807,0.0434314025313191,0.836295151632219
"ETF1",5.26428378862814,0.317741879814287,11.3180309523579,0.0309695608895887,0.510044427274483
"ETFA",2.33515099695313,0.149280495424865,20.1820861019937,0.0215211508064069,0.474406026656365
"ETFB",2.00587136774295,0.133070469192568,22.2394912715058,0.0202757302168384,0.503283755070504
"ETFDH",2.37790942955885,0.455127691569366,15.3052755794215,0.0417613810124297,0.826637048483678
"ETHE1",1.88626727740987,0.0919665297300116,21.7111626477204,0.0195545846956558,0.417712961174425
"ETNK1",2.94710937543192,0.234289713706536,18.2464986400693,0.0255545406344803,0.562198184276608
"ETS1",0.235131156387564,0.0258189049085263,37.2355507321425,0.00873287582119454,0.742032064902453
"ETS2",0.305308242198317,0.0227654034909711,34.6266767718469,0.0104354990624424,0.660807417423218
"ETV6",1.61836639281878,0.122524236870401,24.5171972133627,0.0189832013575368,0.548000772648252
"EVA1B",0.597884503626956,0.141187305306432,32.9163666438367,0.016181905499018,0.81437125748503
"EVI5",1.30765836728183,0.224544793371227,25.9311464351062,0.0233276667764573,0.755843152404868
"EVL",0.358206268087588,0.0168348671867981,31.3127490391232,0.0126110139863608,0.553795634537377
"EWSR1",4.00338303074817,0.126706362056405,12.1009055319738,0.0240533849418112,0.221460305196059
"EXD2",2.35338186630563,0.547021288196016,11.9603280615097,0.0501521493159007,0.87589337454124
"EXOC1",3.8379664487325,0.391342434718364,13.4115248100706,0.0359902736449363,0.676936449681283
"EXOC2",1.23370902295727,0.314890583119516,23.6654985975302,0.0300451738876435,0.838033610198957
"EXOC3",4.60251377962097,0.50156345662426,9.5719021564696,0.0449802475111963,0.737299594359668
"EXOC4",3.68389322756989,0.331196373997773,14.8575188844163,0.0316382952377439,0.623816882364304
"EXOC5",2.92558174024299,0.315888232714956,17.270929340736,0.0304888058182437,0.664863820745606
"EXOC6",0.638603420379014,0.218203323299966,30.3097486197274,0.0218333317143776,0.867394243770523
"EXOC7",4.81095624043221,0.361902232794213,11.446219738301,0.0336710071485108,0.580162256132896
"EXOG",1.2966870760781,0.424534812626581,19.2213102522169,0.0394226879156216,0.888352327602859
"EXOSC1",3.35643673931315,0.353391795864307,15.3221491671037,0.0331818592983572,0.67046552057176
"EXOSC10",4.09773351200907,0.407296936873193,12.4163462857291,0.037145677616218,0.674328761831176
"EXOSC2",7.42244305959103,0.76615459530257,0.634115321544577,0.0712586598760981,0.855707938960788
"EXOSC3",3.52239894857805,0.376813389517078,14.7827196861124,0.0350183750457633,0.69152018543558
"EXOSC4",0.744722079620786,0.0447929936204314,29.1306049483707,0.0145533471152997,0.541819586633185
"EXOSC5",1.77133927791879,0.156557593483975,24.5288950254038,0.0202856388765545,0.605852810508016
"EXOSC6",1.30967853601274,0.358733257483891,21.8603450666749,0.0337099116373369,0.857542978559011
"EXOSC7",3.70798608407139,0.390933695733837,14.1077199723561,0.0361070266134937,0.694707359474599
"EXOSC8",2.01895813770819,0.251424197853818,21.8864710162176,0.025818723558877,0.688043268302105
"EXOSC9",1.93958715937297,0.358698620401314,19.6454768767228,0.033679217604966,0.796310604597257
"EXT1",0.506067822562904,0.133432019261372,34.0810646395174,0.0152616574684284,0.834460112033997
"EXT2",1.25961183226428,0.195156426042173,26.8174853156469,0.0213567606638035,0.732567123816882
"EXTL2",0.82854111065219,0.274355745199186,27.1231222107517,0.0265483685908973,0.869132702337261
"EYA3",2.7394470333235,0.452286911741013,14.5718745146853,0.0413793047475657,0.80171914236044
"EZH1",1.26219403593113,0.296069733803835,24.1945341120734,0.0285501628498744,0.822677226192776
"EZH2",0.350112037166752,0.0788923526273558,36.7574720523515,0.0111413610491317,0.819393471122272
"EZR",0.918683856817543,0.0422566268286424,25.5856691580392,0.0167170818960849,0.435870195093684
"F11R",0.915457873398564,0.165521545351816,30.0055830427357,0.0186835303854895,0.772744832914816
"FAAP100",2.89091140039968,0.512952370744604,12.2555584397669,0.0467373714136625,0.83059687077458
"FAAP20",6.15728604571545,0.192666400180009,9.27000639381462,0.0260951580974149,0.264535445238555
"FABP5",0.248978631856115,0.00325221800425386,28.7683763491327,0.0143002502652544,0.454220591075913
"FADD",0.801472778988908,0.10794432771882,31.0987342656296,0.0153894947748836,0.707359474599189
"FADS1",0.640270058639042,0.0908771563459377,32.9427925617359,0.0137531867907512,0.730732084218659
"FADS2",0.308402255097812,0.0499806016114991,37.2669795232347,0.00959549865496193,0.784817461850493
"FADS3",0.508558616945153,0.124494312873528,34.1591458603191,0.0147364574654017,0.821807996909407
"FAF1",1.30032513992965,0.27493794748882,24.8061410601684,0.0269378251209999,0.805775545682828
"FAF2",3.07636472819749,0.343432832602494,16.4762469448219,0.0324934230491178,0.686111647672397
"FAH",1.02810254627217,0.169278271610401,29.0864699174753,0.0192178423582693,0.753235464554761
"FAHD1",3.70723361023591,0.510610470412006,11.1077506407424,0.0463093726054893,0.79350975468418
"FAHD2A",1.16915212757955,0.130205851629283,28.3342170334958,0.0176307572064815,0.667278346532741
"FAIM",0.163022667549361,0.0071653300238388,36.4777694680286,0.00872709974479298,0.686980876955766
"FAM102A",0.761858484786729,0.118033692704827,31.5594624947742,0.0156152940791288,0.737396175391153
"FAM102B",0.696253544509897,0.252137450873128,28.6833497905781,0.0246183872320459,0.876859184856094
"FAM104A",5.31548837809777,0.400183087217885,10.3480512670051,0.0364986208735749,0.60788101216921
"FAM104B",2.63751466799922,0.339788882158237,18.2912089901288,0.0322871318161236,0.729379949777864
"FAM107B",0.572063548211894,0.0865712183110691,33.3953131743022,0.0133156100780516,0.736237203013328
"FAM110A",0.868374173555671,0.109024734356636,30.6426809278694,0.015669352341191,0.696349237009851
"FAM111A",0.611695427638734,0.0852926894270949,32.7133818313569,0.0136244943627483,0.714603051960595
"FAM114A1",0.98738893019586,0.0635177559674136,28.0344715387957,0.0156136495101125,0.544137531388835
"FAM114A2",2.57515547607141,0.444003666298322,15.1716047300817,0.0406980247991848,0.805678964651342
"FAM118A",0.762497908520607,0.0914190168474616,31.0022738726614,0.0147672952473393,0.676453544523856
"FAM118B",2.30069857587768,0.505135380039009,13.6174058069272,0.0462643211112026,0.857446397527526
"FAM120A",3.66949344433786,0.236770841888608,15.6401911006361,0.026170107583576,0.496909406992467
"FAM120AOS",3.48554495212454,0.284881415167914,16.0686652068356,0.0286467902569663,0.584218659455283
"FAM120B",2.0406932782662,0.361136044560921,19.2250334348789,0.0338683505052326,0.788584122078424
"FAM122A",3.54371563704291,0.43411981595951,13.3757264564384,0.0395977644355818,0.740583349430172
"FAM122B",1.58504642814161,0.274420459327813,23.4728346084059,0.0270855447220136,0.768205524435001
"FAM126A",0.893878719846541,0.211412542849975,28.8276136632506,0.0217730266548631,0.814950743673942
"FAM126B",1.50718716111241,0.266856603299756,24.0065146207101,0.0264821864191783,0.770813212285107
"FAM129A",0.438441470262271,0.0512475273588067,34.5095103895445,0.01135553368865,0.707456055630674
"FAM129B",0.957149098158919,0.0977399002440355,29.3634148079776,0.0158557422191361,0.641008305968708
"FAM131A",2.43879553000708,0.55323157379346,11.6176786022677,0.0507232390137276,0.875603631446784
"FAM133B",2.47977942346149,0.152735621195284,19.7499520872246,0.0218062591628867,0.468707745798725
"FAM135A",1.31328565899802,0.340614206554399,22.5381878002262,0.0321915852535713,0.847595132316013
"FAM136A",2.8417620814106,0.176096365318371,19.2149628920455,0.0228618441080378,0.493818813984933
"FAM13B",1.58753050914307,0.219981366689446,24.2302284592649,0.0234301241530813,0.701564612710064
"FAM160A2",1.69056917384267,0.347926253259456,20.8427412486104,0.0328063689727152,0.812343055823836
"FAM160B1",1.26833368779036,0.283193121309308,24.5177857971541,0.0275455584235753,0.811087502414526
"FAM162A",1.26208820947176,0.0427872146238584,21.8264820081356,0.0190518554871202,0.330693451806065
"FAM168B",2.9790330431182,0.340198303299889,17.0711130109875,0.0323030998334112,0.697025304230249
"FAM172A",1.82234432695615,0.312775082462064,21.3731078557284,0.0300454280407706,0.771489279505505
"FAM173A",2.9668080783743,0.19063912431981,18.3809155504699,0.0236098458334644,0.495170948425729
"FAM174A",2.07036107630033,0.273332263001904,21.3669920017327,0.0272991260353417,0.70880819007147
"FAM177A1",4.46525128589643,0.181436816818706,12.9683378055903,0.0248093677658992,0.338130191230442
"FAM189B",1.8619158962454,0.270770908475918,22.7466404862321,0.0270062593711369,0.742321807996909
"FAM192A",3.5764547562966,0.238118017568021,16.3460256603421,0.0261641139767932,0.517867490824802
"FAM193A",2.33176461947635,0.479981053188264,14.5353216080818,0.0439961989375266,0.843828472088082
"FAM199X",2.77413433326175,0.446908589568484,14.7000662921046,0.040916929690319,0.79689009078617
"FAM200B",3.55874620152152,0.210272594274462,16.7986204845238,0.0248862610578484,0.485416264245702
"FAM204A",4.65612850401502,0.282482819798069,12.2132556298212,0.0288017083841513,0.479041916167665
"FAM207A",1.28081835101965,0.080411736234556,26.0557425026205,0.0170974349566205,0.518157233919258
"FAM210A",1.04499910288013,0.170032724704752,28.7239951305057,0.0193644259606977,0.744350009658103
"FAM210B",1.46469130085751,0.0869847732391321,24.8439891806032,0.0178857442838626,0.495847015646127
"FAM214A",0.599626074470209,0.156141690449522,32.491445593835,0.0171902690356786,0.827119953641105
"FAM214B",0.790014887770552,0.21881664355138,29.3000974810523,0.0221373885552861,0.840158392891636
"FAM217B",1.55950376560392,0.206636666135424,25.193016284414,0.0225003410141898,0.706393664284335
"FAM219B",2.36980253727577,0.310168199834179,19.3657312724135,0.0299861261145329,0.712574850299401
"FAM222B",1.99340370005547,0.295786489000347,21.4137341250985,0.028859286574978,0.745605563067414
"FAM32A",7.54342985914843,0.331848827311517,6.75752980211071,0.0318803036541566,0.415008692292834
"FAM3A",4.6318063930108,0.340576412103423,12.8076775836706,0.0324157777562076,0.583542592234885
"FAM3C",1.25978986790962,0.0731792653363591,25.1045944193128,0.0174315045332303,0.478365848947267
"FAM45A",3.59347871885779,0.342157420718939,15.0674381878911,0.0324199358954848,0.64622368166892
"FAM49B",1.16242266223275,0.0382035775901092,22.8702732208937,0.0184198188942193,0.351844697701371
"FAM50A",3.50286339458415,0.183853740029073,16.2952002641911,0.0239627351151659,0.428723198763763
"FAM50B",0.298377632643342,0.0468433412841292,37.3133671081869,0.00944108997075348,0.780761058528105
"FAM53C",1.301947477437,0.190059461401925,26.6096811344847,0.0211343671095258,0.718466293220012
"FAM76A",2.58185032308057,0.445657653213046,15.2680144474311,0.0409117711252193,0.810604597257099
"FAM76B",1.91305314154443,0.403585409083247,18.2732233995063,0.037430067812571,0.828761831176357
"FAM89B",1.12838878299129,0.317418950971161,24.1223725581851,0.0302329611267644,0.854645547614449
"FAM8A1",1.83791138484532,0.407785350739534,18.3786582285607,0.0378215499989059,0.838226772261928
"FAM91A1",2.29447812482611,0.256946760037817,20.8605281580991,0.0263668255683195,0.668920224067993
"FAM98A",2.26322179996465,0.274564108133816,20.7398979079863,0.0274935552876116,0.69364496812826
"FAM98B",5.00260517707556,0.675439947765952,4.38404906916358,0.0617264980928005,0.847691713347499
"FAM98C",2.87634355152593,0.359754324413779,16.9230604487668,0.0337702497343619,0.723295344794282
"FANCF",2.05392800073872,0.405827781028768,17.9642010086986,0.0376443594736816,0.823449874444659
"FANCL",1.0869206736873,0.195565644376488,28.0419808161518,0.0210299086666206,0.767239714120147
"FAR1",1.43079406663438,0.193383630090272,25.5928716295074,0.0216004792482143,0.695769750820939
"FARP1",0.664541373786018,0.0709295138870611,32.1150523772806,0.0134558689330775,0.672976627390381
"FARP2",2.03541232051126,0.443308447010718,16.5445093422104,0.0408450398581165,0.842862661773228
"FARS2",3.88340281795849,0.546832013632498,9.57441114654238,0.0494742565316466,0.805678964651342
"FARSA",4.19909642330917,0.28044230531005,14.4732850157279,0.028657775405498,0.535155495460692
"FARSB",2.34965628362079,0.320449345798383,19.5785528091256,0.0307828943714671,0.73430558238362
"FAS",0.40902724723927,0.0644358132583118,35.4019586142147,0.0112905316677785,0.755843152404868
"FASN",0.249337212121455,0.0236158545591256,36.5149754251225,0.00915845573488978,0.717210739810701
"FASTK",3.97232648192385,0.302890649169313,14.4988878904538,0.0298658189745751,0.570600734015839
"FASTKD1",2.11746168226654,0.445919217930513,16.2317054838876,0.0410386508795584,0.838226772261928
"FASTKD2",3.26343242269473,0.522357254771232,11.298568613468,0.0474460928736883,0.81775159358702
"FASTKD3",2.60456893607674,0.608061095779991,9.18021863053922,0.0558600398456497,0.891539501641878
"FASTKD5",2.71805015286293,0.636469516395136,7.89662337967663,0.0585734710566163,0.898783079003284
"FAU",7.91398715004313,0.0191786248815706,9.41331736062242,0.0266685526819632,0.000289743094456249
"FBL",1.71049416246712,0.0551302833457517,20.5065267662963,0.0198731280424758,0.31794475564999
"FBRS",3.81407957048742,0.423394787999173,12.8061494969177,0.0385397342762642,0.709097933165926
"FBRSL1",1.10674107660802,0.399814540172048,20.8919848932955,0.0372986075716176,0.895789067027236
"FBXL12",2.90371413178022,0.415613185645732,15.2843879119289,0.0382046042550607,0.764825188333011
"FBXL15",2.72267815086282,0.348307841901121,17.3210969976559,0.032827527663235,0.716631253621789
"FBXL17",1.72808561607518,0.561191784045229,12.3613145063098,0.0517489886040784,0.911048870001932
"FBXL20",1.90375351434391,0.417256021809606,17.7477617131349,0.0385828862036129,0.835715665443307
"FBXL3",1.7627795766198,0.278977038300959,22.3540946910319,0.0275140469300925,0.74483291481553
"FBXL4",2.3482544421164,0.416122653564411,16.7461007380607,0.038418377595681,0.805872126714313
"FBXL5",2.07892130726234,0.169745057131803,21.7295241503147,0.0216916071404267,0.550705041529844
"FBXO11",2.81564995525794,0.375822123550625,16.4077770427578,0.0349456038530271,0.734402163415105
"FBXO21",2.69212351868143,0.324744100867853,18.0823602897104,0.0311133631167887,0.700502221363724
"FBXO22",2.66251855986886,0.325522329151711,18.4859302536605,0.0312185906377882,0.712478269267916
"FBXO25",2.94182118966213,0.406617696664248,15.4074563236453,0.0374413499276938,0.754394436932586
"FBXO28",3.80076073473495,0.488276154239509,11.4989682626103,0.0442170334691179,0.770716631253622
"FBXO3",2.04733994324395,0.290400102114774,21.107381055118,0.0284766056174537,0.728800463588951
"FBXO30",1.03969130067588,0.424297762471452,19.9831387296073,0.0394848280053693,0.90940699246668
"FBXO32",0.190064630557855,0.00423748789321893,33.7905620926583,0.0106318036590933,0.603051960594939
"FBXO33",1.82082742763293,0.505064130028153,14.5977383363784,0.046486182549372,0.885454896658296
"FBXO34",2.13604775612245,0.363679994075153,18.9285631898301,0.0340884964646339,0.784334556693066
"FBXO38",1.45267952391926,0.373037345309792,20.7709348232153,0.0349012761432485,0.850009658103149
"FBXO4",1.73396973163043,0.365874173434145,20.207478452614,0.034305509146765,0.822966969287232
"FBXO44",2.19505072431781,0.312060214725766,20.1682332573332,0.0301075566615601,0.737299594359668
"FBXO45",1.29134765347979,0.463717276927692,17.6143790002611,0.0429764515116882,0.905350589144292
"FBXO6",0.944782311258593,0.14297448767619,29.8019616067809,0.0175666851748784,0.72966969287232
"FBXO7",7.08099221766517,0.313612781898173,7.23967456373812,0.0308033033351309,0.399942051381109
"FBXO8",4.34846715688515,0.581278074877562,7.86887876212802,0.0525299812525231,0.808769557658876
"FBXO9",2.72792143776641,0.210194047066886,19.3264931626526,0.0241773177260316,0.552346919065096
"FBXW11",4.12671357627258,0.380861292987321,12.7570896501119,0.0350994962447167,0.643615993818814
"FBXW2",5.44963138850259,0.459661228427953,8.83104070066189,0.0409898665821201,0.655302298628549
"FBXW4",1.94365014242363,0.494657713746179,14.8258532707423,0.0455095544151995,0.875217307320842
"FBXW5",3.45207847462198,0.159109643887357,15.9128780849983,0.023334029621001,0.377342090013521
"FBXW7",0.887798275226799,0.19034693624358,29.3697812036669,0.0202985514946629,0.795731118408345
"FCER1G",0.0922956369614439,0.00125588926549568,37.8440893774056,0.00755770518643948,0.716438091558818
"FCF1",6.16756831587203,0.712010391489102,2.46717397003898,0.0652455748846279,0.840544717017578
"FCGRT",0.741970643088997,0.0135852906955419,21.9933237493915,0.0191154798651583,0.278636275835426
"FCHO2",0.556428409257359,0.0955153104960321,33.703013018437,0.0135369719199776,0.760189298821711
"FCHSD2",0.635760783187048,0.110115350095189,32.6423303647095,0.0147203412319331,0.754684180027043
"FDFT1",1.49136944372672,0.0886598791890453,23.4957522388237,0.0185483364072405,0.46059493915395
"FDPS",1.21806128967435,0.0688896105586889,24.6914620704748,0.0175665118977541,0.458856480587213
"FDX1",1.55618513879129,0.107454377183103,23.6407376749203,0.0188871408577087,0.497392312149894
"FDXR",0.742852650534748,0.234509042398154,29.1162014638673,0.023266003146205,0.860440409503573
"FECH",1.92092855300059,0.383683591631983,18.9440810370762,0.0357505741476951,0.816109716051767
"FEM1A",5.98733695475698,0.677534631792381,3.51491321202101,0.0616203288346139,0.821711415877922
"FEM1B",2.49371265978515,0.315612168252445,18.9361994706671,0.0304206877398323,0.709387676260382
"FEM1C",1.08302521496521,0.311076890812499,24.5422584205653,0.0296946792964415,0.856190844118215
"FEN1",0.315658827641348,0.0668430980508522,37.3404592805711,0.0102581171678702,0.815723391925826
"FER",1.15333729173783,0.329025601602607,23.549114974171,0.0311965057614233,0.857253235464555
"FERMT3",0.270469212538012,0.0194405673282207,35.5322091197975,0.00972783526888432,0.681282596098126
"FES",0.822152330594854,0.162018682334072,30.5634229502945,0.0182625970607145,0.782596098126328
"FEZ2",2.24866261815954,0.163035381648784,21.1400901718019,0.0216719373988185,0.523662352713927
"FGD5-AS1",2.31451633699198,0.180480424538316,20.8047843937961,0.02244067312834,0.543461464168437
"FGFR1",0.331489943274251,0.0280569173500619,35.213090420959,0.0101882344055502,0.687270620050222
"FGFR1OP",1.54198254233642,0.339743646045393,21.7117901336771,0.0321419459797186,0.823353293413174
"FGFR1OP2",2.5767774430396,0.149468709544227,18.6090900398437,0.0220669994106194,0.432006953834267
"FGGY",0.582948427949994,0.135169227754296,33.3173896722706,0.0156933347094521,0.815723391925826
"FH",1.68069749480445,0.158522827644586,24.9552756271749,0.020199755477629,0.620822870388256
"FHL3",0.887748860066107,0.097124808181058,29.7899670688416,0.0156023093834714,0.65192196252656
"FIBP",5.28673742233243,0.207816261594997,11.569408223146,0.0259998095402911,0.346146416843732
"FIP1L1",4.76447458912258,0.333881521349268,11.9823266442687,0.031851703044014,0.551864013907668
"FIS1",3.49941744375798,0.0703070555474652,13.0460995487018,0.0238131362683832,0.147189491983774
"FKBP11",0.231436115757361,0.0118120937873576,34.4913885689557,0.0102692267574029,0.637241645740776
"FKBP14",0.597624016625398,0.117677855660701,33.2224176823607,0.0148169292934179,0.783851651535638
"FKBP15",0.974525441284405,0.136668634878082,29.3621765016146,0.0174322678205769,0.706779988410276
"FKBP1A",1.57816965571418,0.017690183849951,14.4540013025277,0.0240964074520072,0.0752366235271393
"FKBP2",2.02301387562271,0.0440891878461495,16.4591478117579,0.0222692022074214,0.185049256326058
"FKBP3",2.54567957319646,0.181091471104017,19.7835997439945,0.0227857088650601,0.516901680509948
"FKBP4",1.01641875415453,0.0472863052000741,26.329138357306,0.0163500428558349,0.466776125169017
"FKBP5",0.613671458274214,0.0676932009453648,32.1561511820674,0.0133016735198444,0.668437318910566
"FKBP7",0.566330123249944,0.105223183343114,33.6699062515924,0.0140018578796643,0.775642263859378
"FKBP8",4.0402022977416,0.0761161287992332,11.8722351391387,0.0243235050777979,0.128935677033031
"FKBP9",0.593813410595647,0.0518989486040096,31.8174585047253,0.0130381083551022,0.631253621788681
"FLAD1",1.58556126593001,0.174292761438408,25.3828555878536,0.0207568692406502,0.658682634730539
"FLCN",0.91630983254446,0.412818938854974,20.893797588884,0.0384978222637956,0.916650569828086
"FLII",2.82208858796878,0.203248212153406,18.3706548003571,0.0240407662475924,0.51516322194321
"FLNA",0.704594400139138,0.00851252427021175,20.2907892680664,0.0203817941421879,0.21933552250338
"FLNB",0.557106338983704,0.0304426262249252,30.7513800107099,0.0132475935642918,0.56258450840255
"FLOT1",2.55475939097928,0.0664324904657761,16.1650971208892,0.0222382384226901,0.220687656944176
"FLOT2",2.2143777838647,0.164808540353511,21.371840078687,0.0216618317013773,0.532934131736527
"FLYWCH1",1.82785024940672,0.440872969953447,17.1488465552697,0.0406994854428635,0.855997682055244
"FLYWCH2",4.17281549713612,0.277141350256051,14.2081646599014,0.0284385770891122,0.522986285493529
"FMNL2",0.439826012234104,0.0623762254690135,35.0465341952102,0.0114305557631861,0.742128645933939
"FMR1",2.29713005918923,0.331690894953931,19.3475029955573,0.031598221131766,0.745702144098899
"FN1",0.16796466107167,0.00107195336794397,31.0677114427504,0.0125855982273235,0.51728800463589
"FN3KRP",1.79652888720626,0.277701587547108,22.5340382261353,0.0274515738103513,0.747633764728607
"FNBP1",1.32045635460527,0.079306027813499,24.0931051479027,0.0180502530376885,0.460498358122465
"FNBP1L",1.04457651364542,0.113869943607418,29.2451192182693,0.0165470497633647,0.665250144871547
"FNBP4",3.356461755091,0.199353138579913,16.072622991784,0.0244515206866433,0.447556499903419
"FNDC3A",1.49222215394896,0.145021513169714,24.9152735835439,0.0195539310139275,0.596774193548387
"FNDC3B",1.29132677208109,0.0543776551705047,23.2732128735796,0.0182335068877966,0.393084798145644
"FNIP1",1.33982431853148,0.210209160747455,26.1019993860192,0.0224276113698852,0.737299594359668
"FNIP2",0.36694848367558,0.0723471018893877,36.3403333842279,0.0110767568045232,0.796310604597257
"FNTA",2.94920508896667,0.153571092592845,18.0121501756632,0.0224884275314542,0.423797566158007
"FOPNL",3.45633887582133,0.298413006619365,16.5543060717075,0.0295298686856873,0.61821518253815
"FOS",0.471578540769354,0.00159991004198821,20.3497402685763,0.0204818142596358,0.206103921189878
"FOSB",0.409001803088538,0.00813623943097673,27.4375749166779,0.0152961785219458,0.425149700598802
"FOSL2",0.913959875600462,0.0829760903294191,28.9211297808319,0.015581213014213,0.602955379563454
"FOXJ2",1.61729647362267,0.383481227513348,19.9225898179636,0.0357875051999654,0.842862661773228
"FOXJ3",2.66020933195274,0.311997489952118,18.4505832849949,0.0301987843358642,0.690554375120726
"FOXK2",1.92745488119923,0.362378916253248,19.7874449606888,0.0340301638019777,0.805775545682828
"FOXN2",1.19044895011675,0.184042328939662,27.3136840695725,0.0205752404121563,0.728124396368553
"FOXN3",0.980761740913968,0.0967303163295592,28.4038262412177,0.0162667197691131,0.612033996523083
"FOXO1",0.312175939291918,0.111445296721296,36.6979952453096,0.0128244372003041,0.87231987637628
"FOXO3",1.70326050176692,0.152615617787003,24.1736385295714,0.0201871099186403,0.589240873092525
"FOXP1",0.845492854800492,0.050211766888523,27.1061402366809,0.01586212181009,0.493432489858992
"FOXRED1",2.01319417733894,0.407663922084452,17.8443064298213,0.0377525723106355,0.823256712381688
"FPGS",3.50374329730993,0.287850334647714,15.8650035002536,0.028820285080906,0.5834460112034
"FRA10AC1",2.17773815617193,0.315714098769532,19.9971539369986,0.030355203338762,0.738458566737493
"FRG1",3.97412076257093,0.349260036250072,13.6231415712229,0.0328408519585983,0.618698087695577
"FRMD4B",0.399879709025933,0.0509545065562348,35.228023625463,0.0108988590334012,0.727641491211126
"FRMD8",2.25392453087083,0.346518466922374,19.0082111820647,0.0327184153491236,0.759706393664284
"FRS2",1.55928474700052,0.366269469638645,20.6984318749234,0.0343308984102781,0.837260961947074
"FRYL",1.73211898938622,0.182833763159288,23.7470965899333,0.0216152572613957,0.627583542592235
"FSCN1",0.468354662427411,0.0163077537940187,29.8890808097088,0.0136272453513852,0.511879466872706
"FSTL3",0.0963964360892487,0.0366159877242943,42.2991514139035,0.00575833628669033,0.907958276994398
"FTH1",2.39182769560421,0.00125119258600552,12.6028327956083,0.0258533942725862,0
"FTL",1.3501400834477,0.00103550333087545,13.0508495749679,0.0256826061176199,0.00106239134633958
"FTO",0.80950089329144,0.13624696674174,30.8653833607602,0.0167799003301988,0.748309831949005
"FTSJ1",2.13128245209376,0.181191934724387,22.3763112252736,0.0220545794095473,0.587598995557273
"FTSJ3",2.68025857755584,0.381560030125502,16.8220824877992,0.0354728870049702,0.754394436932586
"FTX",0.689149587895098,0.235688681610377,29.3620603916257,0.023288235048886,0.869229283368746
"FUBP1",2.64183241800942,0.24635044615499,19.3186825065894,0.0259802800558992,0.610295537956345
"FUBP3",2.88467838277406,0.466625799029773,13.7909227484801,0.0425765984103482,0.802105466486382
"FUCA1",0.317724537578353,0.0439044915338367,36.4609344764796,0.00986607653174805,0.751014100830597
"FUCA2",1.12191783189079,0.0798669064848027,26.6912655226428,0.0167017664394734,0.534672590303264
"FUNDC1",3.04247768084458,0.376419333386463,16.1104538669654,0.035062478745649,0.726868842959243
"FUNDC2",4.35992073100529,0.192993936826403,13.2979332651278,0.0250309250780981,0.36536604210933
"FUOM",0.954692118164431,0.099866023778274,29.4025790439037,0.0159100108670211,0.645740776511493
"FURIN",0.905430591335296,0.1537741312441,29.9235530877895,0.0180544675381917,0.751014100830597
"FUS",3.71406276627937,0.0608042865375607,11.6831849775414,0.0246114360538066,0.0942630867297663
"FUT8",0.445682888797412,0.0822968609437925,35.0636346411092,0.0122244985472647,0.776608074174232
"FUZ",2.37269284090906,0.501155075230319,13.6961061954689,0.0459088552284673,0.853196832142167
"FXN",1.41384754433279,0.224143569421787,25.743045460501,0.0233980517641162,0.749951709484257
"FXR1",4.28011233604094,0.229784633173393,13.8807598124151,0.0262252451760693,0.439830017384586
"FXR2",2.47921981546583,0.615533637759379,9.01421760800569,0.0566204052906387,0.898976241066255
"FXYD5",1.65094079716938,0.0198049566163058,15.7749063027452,0.0231817059120752,0.117925439443693
"FYN",0.202900199854888,0.0314440734712109,38.7460132025076,0.00790729638440442,0.795731118408345
"FYTTD1",4.4287960261123,0.241911232525977,13.4992526706714,0.026812909976415,0.449198377438671
"FZR1",1.84835449090967,0.420518659230392,17.8595873451062,0.0389102876016165,0.843828472088082
"G2E3",1.44216455903393,0.318854204235611,22.7298835650635,0.0304279465559844,0.818427660807417
"G3BP1",4.08368637511969,0.169046866923949,13.5016234590878,0.0242942450563643,0.330693451806065
"G3BP2",2.9892421507315,0.19671955912254,17.6038349302177,0.0239700919137501,0.483967548773421
"G6PC3",2.06056707287861,0.218666929441888,22.3992111833957,0.0238676560004139,0.649314274676454
"G6PD",1.27844192186272,0.125639071973007,26.8409483153012,0.0180545742261649,0.617732277380722
"GAA",1.43798577036934,0.0866690350034122,24.6666879044268,0.0179501812657397,0.490148734788488
"GABARAP",3.51906389632795,0.0272145401161044,11.3221443701805,0.0256284837792715,0.0226965423990728
"GABARAPL1",0.966510326275216,0.115092008991199,29.2428813580669,0.0165479694685512,0.66708518446977
"GABARAPL2",4.49179575827,0.0852010455990315,11.0517746113435,0.0246127602866539,0.125458759899556
"GABPA",2.9574912224793,0.441897635433585,14.2827850200573,0.0403572429274627,0.777863627583543
"GABPB1",2.40490057113542,0.277105000371424,19.89963332276,0.0277251289379688,0.674908248020089
"GABPB1-AS1",1.34404734245243,0.178161182415077,26.4470681045232,0.0205524829435122,0.694417616380143
"GABPB2",1.23889056286188,0.317059666137541,23.7299094081424,0.0302417958751208,0.843152404867684
"GADD45A",0.449342661761366,0.0840674955256238,35.2043958561525,0.0122342620765268,0.783658489472668
"GADD45B",0.439783864875891,0.00829267100339086,25.9052195658493,0.0163893172001199,0.380819007146996
"GADD45GIP1",2.9759906210322,0.0801736560461683,15.4096787105078,0.022588525224855,0.226579099864787
"GAK",2.74962635381737,0.314937482362258,17.8009697491331,0.0303828012598842,0.677709097933166
"GALC",1.00159373879491,0.252234323104858,26.9537510290812,0.024954799534093,0.828858412207842
"GALE",0.835689975533626,0.141056284548604,31.073395346544,0.0169719800843057,0.762217500482905
"GALK1",1.2734747120723,0.112053409074842,26.8357429611206,0.0175827419964613,0.594552829824223
"GALK2",1.55283490217508,0.32455654332872,22.1298378502512,0.030911144715671,0.810894340351555
"GALM",0.302680476966832,0.0370711257936537,36.4563646690354,0.00963189075493022,0.739038052926405
"GALNS",1.38857685682653,0.239706873640301,25.3640503037511,0.0244423025219311,0.764632026270041
"GALNT1",0.843519026609995,0.0970528874501474,30.1812162129213,0.0153967331258838,0.662835619084412
"GALNT11",1.84773910884027,0.203598593478467,23.5384397862909,0.0227686164284242,0.655978365848947
"GALNT2",1.50136314793615,0.154060198670838,25.323384822151,0.0198014897583755,0.623333977206877
"GALNT7",0.93033188452268,0.262766375303902,27.0150954789672,0.0257039010394612,0.847498551284528
"GALT",2.1431782296988,0.450177008110604,16.0252377563479,0.041408390515821,0.839096001545297
"GAMT",0.576495695169656,0.119890734696463,33.5207933647223,0.0147941483149083,0.796020861502801
"GANAB",3.00185117695618,0.222015177439512,17.8854424207864,0.025012947873264,0.532740969673556
"GANC",1.48647148048293,0.398658109571218,19.6968061563172,0.0370962305428205,0.860633571566544
"GAPDH",1.90138665150916,0.001840108480337,12.7852582141113,0.0257642138605584,0.000965810314854163
"GAPVD1",3.17559558376849,0.364750843289104,15.5866487396305,0.0340339284295979,0.695093683600541
"GAR1",2.6945502247011,0.310674028761416,18.678461641867,0.0301542789639473,0.694514197411628
"GARS",1.61522220449721,0.101225611446521,23.8192908846227,0.0187001621170335,0.49198377438671
"GART",2.77406018049788,0.25447831046561,19.1020856794295,0.0265307160894322,0.617442534286266
"GAS6",0.317811901267027,0.0202909516206874,33.7418148268508,0.0109877282217765,0.630674135599768
"GATAD1",1.28961042828067,0.184418706162203,26.8421573147303,0.0207647613652317,0.715665443306934
"GATAD2A",1.94917103554254,0.24419578184189,22.545095974146,0.0252909746070526,0.694417616380143
"GATAD2B",3.37426702927478,0.341566839861756,15.6879190625963,0.0323731657316969,0.661966389801043
"GATB",2.1309463972931,0.569841233461761,11.401199792081,0.0524118638789051,0.896271972184663
"GATC",2.60850819117093,0.472077794902628,14.2504951119624,0.0431911558993355,0.823353293413174
"GBA",2.03399959330392,0.230466952821395,22.3346474561662,0.024527170942473,0.666602279312343
"GBA2",1.31287463490518,0.346585458724677,22.2317948795524,0.0326733948726488,0.848657523662353
"GBE1",0.404652699627791,0.0728118831041022,35.7809468689709,0.0114200751633721,0.781050801622561
"GBF1",2.32026027548652,0.310807401812515,19.5276151338544,0.0300200434101564,0.717983388062585
"GBP1",0.347286296209597,0.0121206031779311,30.5226399959325,0.0131108217366759,0.522213637241646
"GBP2",0.511542867656914,0.02992317732516,30.5812088318491,0.013329023786233,0.556499903418968
"GBP3",0.535270938264764,0.106691194950511,33.8791274258067,0.0139584898225616,0.784044813598609
"GBP4",0.267439726683242,0.0203558970233284,35.5867767017458,0.00971079448498009,0.684469770137145
"GCA",0.884466086365441,0.0932989569762466,29.9177247204974,0.0154106682018325,0.649024531581997
"GCC1",3.79792800070402,0.64786171405077,6.36015492203579,0.0593133879371146,0.867973729959436
"GCC2",1.96925417573866,0.13509602813394,21.7031236421044,0.0204900658303897,0.491597450260769
"GCDH",2.38616796621758,0.39753917026057,17.2481870871456,0.0368519059565656,0.790805485802588
"GCFC2",1.75454232825048,0.308147814767587,22.0394923036215,0.0297022666353815,0.782306355031872
"GCHFR",0.275325648869204,0.0234024245379335,35.8067262043719,0.00964271072582949,0.696252655978366
"GCLC",1.11699245721965,0.335651345451646,23.5267796254049,0.0317582999316142,0.867104500676067
"GCLM",0.864590528018066,0.138546434385891,30.5771053887183,0.0170323131565832,0.744060266563647
"GCN1",2.54420047244747,0.395630410686792,16.7352864429369,0.0366177565600181,0.773903805292641
"GCSH",0.433751248890215,0.0143523063889448,29.5460803774852,0.0138373708837707,0.498164960401777
"GDAP2",3.84737083187813,0.602426678010337,7.8250709403016,0.0547793377060677,0.840641298049063
"GDE1",2.92477126891898,0.256354043968366,18.4918070243961,0.0267313589570467,0.604017770909793
"GDI1",3.71969141462395,0.203633001102836,14.8689430174408,0.0249117417835747,0.422928336874638
"GDI2",2.919538392061,0.0590455354259849,14.2630805094145,0.0233135043334675,0.156847595132316
"GEMIN5",1.36562327685244,0.421419795064514,19.1975335021123,0.0391410219468143,0.882654046745219
"GEMIN6",6.38948195215809,0.585640854977717,5.50131135914786,0.0523079101832013,0.743963685532162
"GEMIN7",3.87692504211914,0.431547508174206,12.7030989034872,0.0392816633785748,0.718273131157041
"GEMIN8",0.819977156232657,0.157433793136258,30.6337171785067,0.0179819536644896,0.776994398300174
"GFER",2.33645593208634,0.228201542342112,20.789475615124,0.0247114717128355,0.620919451419741
"GFM1",3.05489577962319,0.364623124690222,16.2275764485963,0.0341133295474935,0.711995364110489
"GFM2",2.529900569943,0.570922850108137,10.7267704228326,0.0523138444308306,0.877921576202434
"GFOD1",0.312663515900681,0.0872579052262048,37.272448447064,0.0112611191172248,0.848271199536411
"GFOD2",1.41257306122564,0.241734070113551,25.2391088795551,0.0246059707147165,0.76443886420707
"GFPT1",1.15135903255343,0.0989266922482588,27.7301906702098,0.0167272495448986,0.597160517674329
"GGA1",2.85169688493669,0.27456975087359,18.342494771676,0.0277770097073425,0.628839096001545
"GGA2",2.09310102270048,0.189435065822793,22.1428488769257,0.0224475716653841,0.594649410855708
"GGA3",2.39068362120618,0.418450410624849,16.4262077632143,0.0385546585877034,0.800849913077072
"GGCT",0.991068597652762,0.0417960657362775,25.1005328799792,0.0170300990747159,0.421479621402357
"GGCX",5.70457242964991,0.532517445070769,7.44537313260495,0.047509487364521,0.722522696542399
"GGH",0.352666842984234,0.0371860167550063,35.5541233449839,0.0102350453769657,0.713154336488314
"GGNBP2",4.57108910975883,0.270471422884702,12.4647698500027,0.0281714785631255,0.466872706200502
"GGPS1",2.4001479032638,0.247684003311299,20.9431000078653,0.025861932043413,0.656364689974889
"GHDC",2.98963852431188,0.548925886043101,10.7852873192525,0.0499940916270366,0.844697701371451
"GHITM",5.02538889445454,0.161182847319059,11.3394358080143,0.0248675997380664,0.263762796986672
"GID4",3.18148874972011,0.584637242700842,9.37426009548772,0.0534007122703454,0.858895112999807
"GID8",2.48203971317694,0.120905822275692,19.806097972865,0.0210159035763773,0.416650569828086
"GIGYF1",1.16976907633266,0.283779896377819,25.1078855546025,0.0275373130811602,0.82827892601893
"GIGYF2",3.36837135618753,0.336261080220115,15.7213178821106,0.0319809980015865,0.654722812439637
"GIMAP2",0.425429565162927,0.11041822595277,35.2374195459064,0.0134803495075157,0.828954993239328
"GIMAP4",0.204394243353186,0.0101610468402714,35.8409321406621,0.00926908226733041,0.673749275642264
"GIMAP7",0.143476852772365,0.0104487685944423,38.6053828669983,0.00727824030374803,0.755070504152984
"GINM1",1.60420370126817,0.102977215008939,23.3622817650491,0.0189243309467703,0.482035928143713
"GIPC1",0.989225346813778,0.0998270391526482,29.6326200800172,0.0158274212598729,0.652308286652501
"GIT1",0.900728530438113,0.256639036326486,27.3799323147502,0.0251933730731416,0.847788294378984
"GIT2",1.24456129065854,0.13717091839381,26.8671269913522,0.0184712562915555,0.637821131929689
"GK",0.297290248853248,0.0335738845096962,36.4294117655695,0.00953549120913127,0.732180799690941
"GK5",0.835835564284301,0.152299995353251,30.722788690254,0.0176833596950739,0.771006374348078
"GLA",0.329717880566651,0.0393273377680498,35.9173386689862,0.0100588217225896,0.72735174811667
"GLB1",1.44242207805607,0.168946585445,25.869665503899,0.0202912907858602,0.663221943210353
"GLCCI1",0.241258310370295,0.12620047936806,37.1728396860772,0.0134524943257895,0.910372802781534
"GLCE",1.06851184536865,0.251898076153948,26.7735340428431,0.0249895968723198,0.823256712381688
"GLE1",6.17096993062309,0.672137462096566,3.47314026782966,0.0609614506982892,0.812149893760865
"GLG1",1.67262421418533,0.0643356676747466,20.3835289726844,0.019921471851272,0.330500289743094
"GLIPR1",0.612112296066734,0.0341600235033631,29.48429908448,0.0141287825647596,0.532644388642071
"GLIPR2",0.56819925444801,0.0328406387611644,30.3275984053505,0.013558055077385,0.55456828278926
"GLMN",1.72384162459352,0.478166327408881,15.9307494954554,0.0440838550534856,0.880625845084026
"GLMP",1.402368638574,0.0928331219928771,25.2770555333913,0.0177826208184595,0.517964071856287
"GLO1",2.57564884957865,0.130493389983333,19.2776275366808,0.0214251952726386,0.418582190457794
"GLOD4",6.93948591667307,0.448459661672485,6.51920875954763,0.0396482670456652,0.577168244156848
"GLRX",0.789363449014072,0.0254181654544785,25.1574475788728,0.0169153666066902,0.392505311956732
"GLRX2",1.83952923244837,0.19996238734273,23.7295070365497,0.0225412017162205,0.655302298628549
"GLRX3",3.1169100047394,0.22687250493915,17.7471939756396,0.0253133503220999,0.536990535058914
"GLRX5",2.10347989673592,0.296786870224065,20.9024658016417,0.0289686535524184,0.73324319103728
"GLS",1.43628604351436,0.135045712967128,25.5423850561836,0.0189458553426681,0.597450260768785
"GLT8D1",1.29856891251934,0.135157852539444,26.5266438763645,0.0185381923673541,0.624975854742129
"GLTP",2.03407315272353,0.147908329636914,22.5716683679854,0.0206526437531061,0.537570021247827
"GLUD1",1.86681420672462,0.0985608962610122,21.1258713366313,0.0198918688698768,0.412497585474213
"GLUL",0.602563043005407,0.00635080717794308,21.0243984716092,0.019901236735003,0.235850878887387
"GLYCTK",0.706446668923785,0.349688500210509,24.5119148330858,0.0329132860506574,0.917036893954027
"GLYR1",3.60505746017799,0.33570102962304,14.8041957859067,0.0319005570255334,0.629418582190458
"GM2A",0.341079352316754,0.0273826834320447,34.4535638101603,0.0106754430394837,0.663994591462237
"GMCL1",2.3709854551035,0.250238472407942,20.9173122544863,0.0259993339097736,0.659745026076878
"GMDS",1.23404189662377,0.116735501719598,27.4707460878833,0.0174688671119902,0.620339965230829
"GMEB1",1.5080891434823,0.334071790120835,21.9900260898704,0.0316699484992981,0.822097740003863
"GMFB",2.34938400004864,0.286879883326873,20.0928978882168,0.0283635654055749,0.695576588757968
"GMFG",0.35252092106015,0.0147467902690801,31.6758008034395,0.0123349855743188,0.560652887772841
"GMNN",0.346412567252341,0.0631303125862389,36.6443961875261,0.0105060689266199,0.789356770330307
"GMPPA",2.9660600123544,0.309849128045189,17.6914022166067,0.0301430301145246,0.666602279312343
"GMPPB",0.889789619645244,0.126066835669529,30.2486194987546,0.0165729879308929,0.713926984740197
"GMPR2",4.92020310804283,0.415740551803835,10.603221945967,0.037644148279871,0.638110875024145
"GMPS",1.63516674385496,0.131637288254384,24.9955650744808,0.0191194517064719,0.576878501062391
"GNA12",1.35823647413163,0.285685047740941,24.1556171707019,0.0277938016967053,0.805002897430945
"GNA13",0.949181840030715,0.123867991136775,29.4610388295225,0.0168110787114315,0.688043268302105
"GNAI2",0.825260653189464,0.0224969397805481,22.7657100781281,0.0185033202440754,0.318041336681476
"GNAI3",4.25869935269881,0.242860739430598,13.4588428087669,0.026772304358875,0.449294958470156
"GNAQ",1.44319840860866,0.129851729929673,25.6678130901998,0.0187194107641641,0.592234885068573
"GNAS",1.74774020652318,0.0222912289915608,15.4399851278028,0.0233286245061503,0.11377245508982
"GNB1",2.20421415474939,0.11501126623511,19.8619635437137,0.0207793758295594,0.406895885648059
"GNB1L",1.8464744847663,0.5001397130769,14.8223860775387,0.0460637639385818,0.883813019123044
"GNB2",2.21885318426291,0.032573570570277,14.3811915479414,0.0237179061738217,0.1066254587599
"GNB5",0.822610999517766,0.201603553981402,29.4824658656174,0.0209534807494176,0.817268688429592
"GNG12",0.948181283708255,0.115374004811478,29.850875894743,0.0163041624216353,0.684759513231601
"GNG2",0.212919951852492,0.0287306615828964,38.2498947745194,0.00814239855280111,0.776608074174232
"GNG5",4.38781914822394,0.0404731272377243,10.6611307134833,0.025583102587667,0.0362178868070311
"GNL1",2.55290505749125,0.204829442538545,19.9675513888457,0.0237549116186671,0.560846049835812
"GNL2",2.30639255349331,0.232429197387914,21.3026015754969,0.0248900245880656,0.641684373189106
"GNL3",2.17277856465173,0.160595317198568,21.7856041201657,0.0213843792707785,0.537280278153371
"GNL3L",2.2304850573408,0.462256960757528,15.4340703305643,0.0424680044329621,0.841317365269461
"GNPAT",8.32121245833834,0.48051179174935,4.70526742221788,0.0421249212840125,0.573208421865946
"GNPDA1",1.55520292407749,0.141674304390443,25.2969479543047,0.0193419896498453,0.6019895692486
"GNPDA2",1.04262895285896,0.369408658359639,22.3673004993261,0.034633163384674,0.888642070697315
"GNPNAT1",2.1385000335208,0.351334654264109,19.3678710248149,0.0331199984978348,0.776994398300174
"GNPTAB",1.12899290532507,0.0840500669409888,26.8427788740717,0.0167247833155589,0.546262314081514
"GNPTG",3.67022965665975,0.154223130296239,14.9466807810207,0.0235341296625184,0.343731891056596
"GNS",0.757290248376141,0.0504079617694686,28.7498906873634,0.0148727704322528,0.540757195286846
"GOLGA1",2.06713445011216,0.463019000163856,15.7114115879457,0.0425667904516279,0.850492563260576
"GOLGA2",1.91673824746802,0.127030937941244,22.7053341385111,0.0199060784674691,0.505794861889125
"GOLGA3",1.84234089295002,0.197856701716585,23.433627251475,0.0224818077120922,0.643712574850299
"GOLGA4",3.02853223826381,0.107814925434037,16.7374328158141,0.0221243702896269,0.311666988603438
"GOLGA5",3.49511829555788,0.373584312453131,14.7337073164522,0.0347212669996468,0.685435580451999
"GOLGA7",6.42260867812132,0.312645116619572,8.38902448544788,0.0306853641550071,0.427274483291482
"GOLGB1",2.10494465885054,0.0917444301373619,20.2842639883161,0.0202533624932288,0.37821131929689
"GOLIM4",1.02009622919208,0.0971636026917979,28.343049709027,0.0163292698878708,0.611164767239714
"GOLPH3",1.67205391597113,0.0576211909637677,20.7092326345728,0.019750250903103,0.327892601892988
"GOLPH3L",1.31317706947974,0.230209889014308,26.0096239902169,0.0236955921497467,0.767143133088661
"GOLT1B",2.07091068544973,0.179385625451083,22.5473119461765,0.0219057758387507,0.589240873092525
"GON4L",3.76038729573764,0.318789686643348,14.8176408252704,0.0308209407036768,0.603631446783852
"GOPC",2.81531709914571,0.215296403594358,18.5348374445561,0.0245443600439172,0.539211898783079
"GORAB",1.37105121034384,0.293006863379308,24.0438060761708,0.0283762611048989,0.813502028201661
"GORASP2",3.24143134244782,0.164672033496169,17.2036343157724,0.0231023442369337,0.421093297276415
"GOSR1",9.22839654541678,0.582589002246115,2.09116471850225,0.0506331380389907,0.64265018350396
"GOSR2",1.23301119798188,0.393660153282048,20.733855104946,0.0367269093709128,0.88159165539888
"GOT1",1.39996211164227,0.261967111751968,24.7578595186735,0.0260427062775843,0.783658489472668
"GOT2",2.51517001033402,0.247483894838815,20.2523588390176,0.025942200404898,0.637338226772262
"GPAA1",1.21335422437227,0.0398187075388374,22.0870378212751,0.0188975072920842,0.332528491404288
"GPALPP1",1.80323277683825,0.369869291213609,19.7452739714528,0.0346066726377725,0.816592621209195
"GPANK1",4.56704639590543,0.472304794144899,10.5369494161431,0.0425548714192107,0.719818427660807
"GPAT4",2.39453786681042,0.308797626602821,19.3100016444172,0.0298944591672626,0.708904771102955
"GPATCH1",1.81223421481403,0.449659714753211,16.9255981675095,0.0415167028018009,0.863434421479621
"GPATCH11",1.61483701843588,0.393051234079314,19.5628384846305,0.0366009315818072,0.847981456441955
"GPATCH2",2.06814922832043,0.33373792496719,20.1392712084653,0.0317401342466603,0.770523469190651
"GPATCH2L",1.86426400779619,0.271988750144232,22.1156654872362,0.0270824238885579,0.727158586053699
"GPATCH3",10.5308176397187,0.809182574741575,0.978121380498877,0.0764448824527677,0.84218659455283
"GPATCH4",1.75433436774462,0.214878981497027,24.1409403520854,0.0232524434641062,0.690844118215183
"GPATCH8",3.55820692194424,0.313982055133463,15.2142435836813,0.0304417480931764,0.60681862082287
"GPBP1",3.07055999112996,0.161824790631133,16.459144852736,0.0231222439333047,0.395306161869809
"GPBP1L1",2.77200101670906,0.222240288732394,18.9233115041247,0.0248117862174973,0.560942630867298
"GPCPD1",1.01359748240444,0.131003177867702,28.9436145157455,0.0173496467875411,0.685532161483485
"GPD2",1.08912575198764,0.213373477202712,27.683331051927,0.0222192445089944,0.786266177322774
"GPI",1.70702494272506,0.0421769956782793,18.3750058493333,0.0211593903302053,0.233822677226193
"GPKOW",1.44113269300984,0.292535998206465,23.6598066415905,0.0283679744339342,0.802202047517868
"GPN1",3.71386852841197,0.436945445309852,13.0546409148901,0.0398346539647308,0.735850878887387
"GPN2",4.72687920210426,0.622214834401184,6.27478904077349,0.0564404136866065,0.823546455476144
"GPN3",3.21913632670064,0.367356608676326,15.7603273786112,0.0343213224739061,0.703496233339772
"GPNMB",0.20590213776304,0.0061643061503253,33.9903078204255,0.0105216287813326,0.612420320649025
"GPR107",3.55885093911262,0.406603766275237,13.9172546819789,0.0373048093340538,0.713637241645741
"GPR108",4.37693510982434,0.290855253967416,13.6461958861534,0.0292653484111937,0.529553795634537
"GPR137",2.54195284129927,0.313529499514974,18.8978070418798,0.0302922518776839,0.705041529843539
"GPR137B",0.416862380994535,0.04186369144273,34.3894428113357,0.0111333871935878,0.687656944176164
"GPR155",0.291892851528289,0.0930524833059539,37.4318084673367,0.0114678423613169,0.862565192196253
"GPR180",1.67098430297313,0.29900775592985,22.5256126958336,0.02896505681398,0.781243963685532
"GPR89A",1.49327131934117,0.355237958798512,21.4584707148249,0.033440640851883,0.840737879080549
"GPRIN3",0.243140706611646,0.0344503111036775,37.8653499859113,0.00860973373972446,0.775352520764922
"GPS1",5.21439255893624,0.292789410231767,11.5584879211811,0.0295565037744848,0.478269267915781
"GPS2",2.40334288861141,0.403659771313194,16.8861240429864,0.0373161341259889,0.790515742708132
"GPSM2",0.192314198878059,0.0292891462841347,39.331095850269,0.0074386634751246,0.809059300753332
"GPSM3",0.369547737764394,0.0143019219791711,31.1282418994781,0.012716783166198,0.543944369325864
"GPX4",3.04764223809674,0.0217482647269925,12.5063356446486,0.0251297594095819,0.0416264245702144
"GPX7",0.439983905586844,0.0585500696698952,34.9026495261989,0.0113737365231336,0.731408151439057
"GRAMD1A",1.7908748448058,0.158028306922203,23.6172358707871,0.020602911096328,0.582963106045973
"GRB2",0.918536401827002,0.0252079003418341,21.7921892180207,0.0191284884124363,0.295441375313888
"GRHPR",3.56096757853063,0.178380919357357,16.2944906524724,0.0238185295005234,0.41993432489859
"GRINA",1.29978168903621,0.0189983099879372,17.5284805924707,0.0220549085806956,0.163801429399266
"GRIPAP1",3.24236796061604,0.364847272485558,15.4874712411667,0.0340585307492162,0.692485995750435
"GRN",0.716630565678886,0.00675083321493096,19.2075968601381,0.0211842550122933,0.18456635116863
"GRPEL1",2.12029676988471,0.212441735308746,22.1280323374033,0.0236003320195557,0.631833107977593
"GRPEL2",0.889765724233913,0.29562246448283,26.0475647000579,0.0283377521426114,0.873285686691134
"GRSF1",4.09877552780061,0.180092451611971,14.178335168324,0.024446947638036,0.367201081707553
"GRWD1",3.89487799468468,0.494687830594816,11.022013073475,0.0446776411327413,0.767432876183118
"GSDMD",1.83443673924234,0.110388155349946,22.3770130088044,0.0195809478099888,0.467935097546842
"GSE1",1.20065419439359,0.226384655198876,26.6688591188946,0.0232909584021325,0.779215762024338
"GSK3A",1.8937306506173,0.405324963195766,18.3424147453182,0.0376085149725859,0.833301139656171
"GSK3B",3.04855256135698,0.219947827459449,17.9916369428107,0.0249339789213138,0.532354645547614
"GSKIP",2.78992290175817,0.464638775912477,14.0671117279996,0.0424427227759765,0.806741355997682
"GSN",0.613126663569947,0.00503251329081327,19.8391330204588,0.0207737028526222,0.198860343828472
"GSPT1",3.52711876656261,0.219804061144125,16.7626036269349,0.0252769229023336,0.499710256905544
"GSPT2",0.675523267303082,0.351345308029419,24.547733276818,0.0330551300313312,0.920706973150473
"GSS",2.68390048837848,0.26610291533955,19.2740768020072,0.0271767311067051,0.640525400811281
"GSTK1",3.69139354530122,0.0729646351326158,12.2395911563225,0.0241640214021893,0.130867297662739
"GSTM3",0.305164479691242,0.0405549405982653,36.7108642988427,0.00958928350065971,0.752462816302878
"GSTM4",0.93202881560398,0.216555336962363,28.4271803107819,0.0222095068897945,0.812149893760865
"GSTO1",0.962049647667563,0.0362320150431481,23.8223682229009,0.01778954898341,0.374444659068959
"GSTP1",1.81527386510457,0.00972751113188293,14.1629375942261,0.0245436880644044,0.0544717017577748
"GSTZ1",1.11039195305959,0.220114625087427,27.418357457622,0.0227170993714993,0.789839675487734
"GTF2A1",1.51906895956351,0.304997347071861,22.7511582859889,0.0293482634707554,0.79708325284914
"GTF2A2",4.67926442089262,0.155413896077676,11.6342213361306,0.0246204470754721,0.260479041916168
"GTF2B",1.98704606670924,0.199130110959514,22.2828062703607,0.0228207621718734,0.614255360247247
"GTF2E2",4.43231540915705,0.341082295418956,12.7414226570354,0.0323204128458147,0.582769943983002
"GTF2F1",6.33588125254267,0.356096435676875,8.27939897643842,0.0331744705979104,0.489086343442148
"GTF2F2",2.6735664381347,0.301207818156684,18.7019380495794,0.0294626836143796,0.680413366814758
"GTF2H1",4.93573304340737,0.45872253526617,9.96230005564354,0.0411784037490118,0.684276608074174
"GTF2H2",2.5336728390606,0.590639117123583,9.96714524914614,0.0542110730002393,0.887000193162063
"GTF2H3",2.50759676241812,0.395255304242903,16.9031884220845,0.0366125586287502,0.777863627583543
"GTF2H5",3.82373930544003,0.203153210910535,15.1298595262537,0.0249134658405886,0.429495847015646
"GTF2I",2.69468508690543,0.0935117786980109,16.873454655353,0.0218915376036006,0.28887386517288
"GTF3A",3.3553986140917,0.101728323627925,14.6572283312439,0.0229558847836815,0.245412401004443
"GTF3C1",1.67078976938256,0.244002917146158,23.5921032520527,0.0250369017733173,0.722812439636855
"GTF3C2",4.71618199355543,0.496549429406266,9.69349388867397,0.0446040107558188,0.732663704848368
"GTF3C3",3.03245979067515,0.455306867554838,13.8890053444387,0.0415641318271588,0.787231987637628
"GTF3C5",1.67607760167916,0.230922953468983,23.8638834363924,0.0241910289608399,0.709194514197412
"GTF3C6",2.93959840970443,0.111639920722844,16.8225995043709,0.0221009068812687,0.320069538342669
"GTPBP1",2.56508128623572,0.444134809149655,15.2517922206911,0.0407392777117396,0.807996909406992
"GTPBP2",1.296181930659,0.354385725240774,22.0702696100454,0.0333415248274121,0.856480587212671
"GTPBP3",1.55333927774166,0.293557457448545,23.2523767464373,0.0285055969308165,0.792543944369326
"GTPBP4",1.22675237820065,0.116623127206321,27.5123151878788,0.0174444683241804,0.621305775545683
"GTPBP6",3.40492021111776,0.491471693691232,12.0670969738929,0.0446174280960468,0.791771296117443
"GTPBP8",2.14695263879107,0.409568195983154,17.461187997149,0.0378991789615166,0.815530229862855
"GUCD1",3.67353951474908,0.358855520217428,14.544442190176,0.0336097719768041,0.65781340544717
"GUF1",2.74199068533031,0.477506304107257,13.8461831649937,0.0436518283503613,0.82026270040564
"GUK1",3.44758281207039,0.0299944889176119,11.6876539867887,0.0253399888247359,0.0372802781533707
"GUSB",1.3561794265253,0.0765997307269605,24.2560165863984,0.0179455153860791,0.46059493915395
"GXYLT1",2.38587143328735,0.452112534648036,15.4017086299252,0.0414982401063319,0.824608846822484
"GYG1",1.89163477692373,0.140818872490342,22.9367324550944,0.020233422870804,0.535445238555148
"GYPC",0.576296700802553,0.0255683939385679,28.3747088222494,0.0147460468484505,0.484933359088275
"GZF1",0.849190895097479,0.277080284765838,26.9315561804539,0.026786326996121,0.868166892022407
"H1F0",0.563522794540691,0.0128283610441853,25.7015491075845,0.0165356549834325,0.384006181186015
"H1FX",0.767666846698825,0.0628108046278436,29.7995802898188,0.0145320064202822,0.592717790226
"H2AFJ",0.736728640580246,0.0118403207883022,21.7667696374073,0.0192976568297067,0.268785010623913
"H2AFV",1.63315956612046,0.0367601808036739,17.5748821498828,0.0216963776722046,0.200502221363724
"H2AFX",0.413675754930929,0.0336432387480163,33.2109858606786,0.011661820555398,0.639076685338999
"H2AFY",2.52398508453731,0.0690560483390984,16.7519531318092,0.0219297186922942,0.241645740776511
"H2AFZ",1.04968538301043,0.0110716631517294,16.1546527325622,0.0231848968661371,0.106915201854356
"H3F3A",3.9480099472564,0.0125417711541935,11.3781526604809,0.02605145939056,0.00241452578713541
"H3F3B",2.88128492807994,0.0083938473787451,12.0121617319354,0.0259076858839427,0.00154529650376666
"H6PD",1.09927682939794,0.154944445983838,28.3108325570868,0.018725356462352,0.707842379756616
"HABP4",0.813786569962454,0.411656818825024,21.2612004589126,0.0384189236716446,0.925149700598802
"HACD2",0.46067636263553,0.0348644838186987,32.8983117976951,0.0119122720081201,0.63231601313502
"HACD3",1.06077711250956,0.0793000411418055,27.6170002778847,0.0162031940381037,0.559880239520958
"HACL1",1.57414249030621,0.382887434719142,20.0450996834158,0.0357332414746967,0.845373768591849
"HADH",1.2903805322091,0.11773656055088,27.1559932538509,0.0176584874736154,0.613289549932393
"HADHA",5.13339200009182,0.175797299284862,10.6794946905324,0.0252598948899422,0.27033030712768
"HADHB",4.34172859556266,0.239865424467874,13.4822448336662,0.0266831446890018,0.445335136179254
"HAGH",3.09138705739546,0.248665453295798,17.787523767029,0.026403698608452,0.572918678771489
"HARS",3.57061041946105,0.378422249491513,14.3268864441551,0.0350447870250231,0.681958663318524
"HARS2",2.56546092542992,0.461486656767434,14.6172860489515,0.0422292043587453,0.817365269461078
"HAT1",1.84266392748887,0.240293692305867,22.9468415628427,0.0249534923045174,0.699150086922928
"HAUS1",1.72037954533818,0.267532372232478,23.007815051356,0.0266805084311942,0.744446590689589
"HAUS2",1.67393531941838,0.370525212715984,20.2174290347225,0.0346911762186688,0.83059687077458
"HAUS3",1.69261722176669,0.446673316963713,17.2399735914112,0.0412506988858887,0.867780567896465
"HAUS4",3.1785341959371,0.279405774418407,17.3137009212772,0.0282205668460438,0.608846822484064
"HAUS5",0.798823382988675,0.226642384398839,29.0955158516585,0.022731802737911,0.847112227158586
"HAUS6",1.91311365510092,0.42346333920703,17.6349882325399,0.0391689784957596,0.842090013521344
"HAUS8",0.710599397233565,0.27117815430464,27.9383805451943,0.026191297831558,0.886710450067607
"HAX1",3.37948721071682,0.126867954866615,15.6639587051596,0.0227976430016473,0.316206297083253
"HBP1",2.07374400903153,0.181527207497812,22.0064645617394,0.0221110103799042,0.577844311377245
"HBS1L",1.95526317341644,0.256039460091893,22.2536388943145,0.0260653849761722,0.70542785396948
"HCCS",3.96930798740636,0.473575948929407,11.6919086385481,0.0429201128308698,0.753525207649218
"HCFC1",2.49339094435182,0.258278952938839,19.8409127212778,0.0265815246649061,0.643422831755843
"HCFC1R1",1.6975665234009,0.0480030447526018,19.2810195174507,0.0205825568169867,0.270137145064709
"HCG18",1.67384105820073,0.213884286556769,24.2492301578244,0.0231277325143625,0.692196252655978
"HCLS1",0.358550105222156,0.0149920757952706,31.6333503594794,0.0123697763557029,0.559880239520958
"HCST",0.17558598715401,0.00517592803649443,35.1147238666336,0.00967852828624054,0.643519412787329
"HDAC1",1.91670994670693,0.161485302082434,23.0737432034075,0.0209520551787292,0.573884489086343
"HDAC10",3.50146896905929,0.475289852387688,12.2070138374501,0.0430680775071153,0.771296117442534
"HDAC2",2.73434801755242,0.137119407552038,18.422442329219,0.0218962576672933,0.406702723585088
"HDAC3",5.79306437328337,0.436334078753383,8.72217160610967,0.0390687653422969,0.618022020475179
"HDAC4",1.18830859179253,0.403598063081287,20.4625585423993,0.0376104172408151,0.88980104307514
"HDAC5",2.59892101875851,0.267213215149736,19.5845246374161,0.0271994233116153,0.650666409117249
"HDAC6",2.13769404101309,0.326289170735512,20.086454152304,0.0311737992739056,0.757388448908634
"HDAC7",0.625166871844781,0.0588311793154879,31.1783727890235,0.0135951743766802,0.624975854742129
"HDAC8",6.33166318626876,0.614205883524981,4.65563315990666,0.0549149670396664,0.762314081514391
"HDDC2",3.23663502349046,0.185992517368815,17.7063558972666,0.0236799323512488,0.46986671817655
"HDDC3",2.258132586558,0.259732655097483,21.1778816466627,0.0265184626804723,0.681958663318524
"HDGF",1.93904796956361,0.114204053776891,22.8312740745492,0.0195391426455774,0.487637627969867
"HDHD2",3.77381013735684,0.539464696638972,9.92374240449751,0.0488053459229955,0.804616573305003
"HDHD3",1.15275970951335,0.135601894138114,28.4837888796964,0.0178003945875287,0.680509947846243
"HDLBP",1.86936513035514,0.0341717753283315,17.5519447915572,0.0217807874830444,0.197121885261735
"HEATR1",1.95822459872525,0.314005784457141,21.0463374305815,0.0302007487156957,0.764342283175584
"HEATR5A",1.4139415617665,0.421359477984532,19.0633576358604,0.0391216922768319,0.878790805485803
"HEATR5B",2.24102763686466,0.472141153093098,14.9883637167029,0.0433154766749581,0.844407958276994
"HEBP1",3.46393183043052,0.138656093608267,16.5743927461832,0.0227420436560821,0.361502800849913
"HEBP2",0.598287736688436,0.0305160897566986,29.3832702416908,0.0141442650840325,0.5231794475565
"HECA",1.0040382674176,0.268940054731829,26.3687278189297,0.026253947923846,0.839482325671238
"HECTD1",3.30503838234046,0.226327063287781,16.5856343087327,0.0254629014526612,0.505022213637242
"HECTD4",1.68636609436807,0.379965608949194,19.7678132425252,0.0354627009804894,0.833107977593201
"HELB",0.515843688550333,0.170524229093399,32.847362752693,0.0179231972573952,0.860826733629515
"HELLS",0.237855855658832,0.0603383751493766,38.8290702337739,0.00907515462818784,0.847595132316013
"HELQ",8.15317985816405,0.722880938488614,1.04573724540803,0.0660002704481293,0.804519992273517
"HELZ",2.58929189785149,0.250414817304926,19.3183376211173,0.0261801122456896,0.616766467065868
"HELZ2",0.561013637931668,0.0895214932442402,33.5312200827273,0.0133637752210397,0.745122657909986
"HERC1",1.65625029734137,0.191918119013149,24.1664865270288,0.0219332738801033,0.654046745219239
"HERC2",1.88466356375478,0.138196426322656,22.5284178452073,0.0202751570209076,0.519605949391539
"HERC3",1.08674821858164,0.341338253152276,23.3407943521228,0.0322215078761308,0.871064322966969
"HERC4",3.30773181497623,0.396370179535218,14.638168803458,0.0364971427333332,0.717790225999614
"HERPUD1",0.685827641056604,0.0103897153191959,20.1669891513014,0.020425615759924,0.219045779408924
"HERPUD2",2.20787643399461,0.247469250728699,20.9337568846496,0.0257266409328126,0.655785203785976
"HEXA",0.684422302622059,0.0741731690761962,31.4581281489369,0.0139142722231518,0.659745026076878
"HEXB",1.06721826090505,0.040856288192126,23.3738967075197,0.0180860077631782,0.370484836778057
"HEXIM1",0.905084185369106,0.159164789030102,29.6914336812778,0.0184109888924041,0.753428626617732
"HEXIM2",3.09085513356517,0.653349797789742,6.85232375768859,0.0601109449833246,0.893471122271586
"HGS",4.47059145738785,0.292803709148163,13.3139044964464,0.0293892971405851,0.523855514776898
"HGSNAT",1.75808059414541,0.168583819251076,24.128168493833,0.0208944710948861,0.614641684373189
"HIBADH",1.1796103440081,0.0989265129741263,27.1998938763739,0.0169751622540482,0.582190457794089
"HIBCH",1.47832697876973,0.2141512757514,25.2650304245901,0.0228787599778487,0.720591075912691
"HIF1A",0.928871541856173,0.0341818786761271,23.6969065310933,0.0178621316952595,0.366911338613096
"HIF1AN",5.07049237538937,0.590153613531289,6.68626649430861,0.0530667025602453,0.787231987637628
"HIGD1A",0.830073390861094,0.251053271260046,27.9879985731574,0.024678486160162,0.855707938960788
"HIGD2A",4.70837456425596,0.0901904922571444,10.7021025300318,0.0247271154206414,0.126038246088468
"HILPDA",0.223929270212203,0.0159090400838338,36.2685120777531,0.00911101096072249,0.696445818041337
"HINFP",5.17124687859241,0.723826502737123,2.75305439456239,0.0667604091628806,0.871547228124396
"HINT1",3.82044892933463,0.0336402273026018,11.1992386907473,0.0254945913013213,0.0337067799884103
"HINT2",2.41887750141695,0.13709757941865,20.0496699582594,0.0212690122512607,0.450550511879467
"HINT3",1.64103770419948,0.233863902519807,24.3251021778442,0.0243137892694034,0.726579099864787
"HIP1",0.585530363929349,0.0999179772120851,33.2888592452185,0.0139415538576312,0.755843152404868
"HIP1R",0.443195818784808,0.134011649413096,34.735183506821,0.0150083017466789,0.853969480394051
"HIPK1",2.27725852707153,0.369506581909218,18.2058100731422,0.0345180337997057,0.77371064322967
"HIPK2",1.02039343312445,0.110019465073041,29.0238905930269,0.0164759982841736,0.652404867683987
"HIPK3",1.98297257295956,0.236711732945844,22.1395201825319,0.0248772788202284,0.671334749855128
"HIRIP3",1.20132217170268,0.217256409488326,26.860899293737,0.0226671010682036,0.769750820938768
"HIST1H1C",0.264418090333165,0.0156308038658702,34.7247559899481,0.0101959999864358,0.650956152211706
"HIST1H2AC",0.482393838553842,0.0413332530427562,33.2413858638081,0.0118619097566055,0.653660421093297
"HIST1H4C",0.435212509191861,0.00749625483777263,23.6022571811047,0.0180289299763435,0.311956731697895
"HIVEP2",0.547954180140009,0.189783186110978,31.9600556003913,0.0194515787876335,0.867394243770523
"HKR1",1.47018908498205,0.264315017621739,24.2949835123626,0.0262698809171092,0.774676453544524
"HLA-A",1.38854192384791,0.00239717280420933,13.5069879036599,0.0253024312617707,0.0172880046358895
"HLA-B",1.46423059399766,0.00170019610999202,13.740399083282,0.0251600243091761,0.0235657716824416
"HLA-C",1.47347198769719,0.00196139062634252,13.1535651609712,0.0255566328518898,0.0071469963299208
"HLA-DMA",0.431074541770363,0.00652605360136361,26.5027993625291,0.0159738693596923,0.395016418775353
"HLA-DMB",0.251486847642266,0.0122540681429182,34.6596207043787,0.010169409901599,0.643036507629901
"HLA-DPA1",0.317484529384278,0.00122957167018058,24.0950159439562,0.0177420705488741,0.313888352327603
"HLA-DPB1",0.311198759426966,0.00142948957778275,23.8865809280578,0.0178903159464896,0.308093490438478
"HLA-DQA1",0.166047094784402,0.00155420303612432,32.4881316227174,0.0115433123977391,0.559880239520958
"HLA-DQB1",0.256538901769719,0.00258724008706423,28.4656149647514,0.014524259348442,0.444176163801429
"HLA-DRA",0.322425513988528,0.00112058118946242,24.8445941422193,0.017196348628825,0.335715665443307
"HLA-DRB1",0.374324790044641,0.00113938502924242,23.9996655847516,0.0178230776086167,0.311377245508982
"HLA-DRB5",0.311133784562585,0.00130454178137227,25.8334654915392,0.0164687016972722,0.364979717983388
"HLA-E",1.36852030408605,0.00831064759012935,14.1539509268394,0.0246292105945578,0.0469383813019123
"HLA-F",1.01592348959631,0.0279010071329056,21.9346123445605,0.0190289180772626,0.305196059493915
"HLTF",1.48951372880848,0.171132796054193,25.8453722188972,0.0204328561514496,0.666215955186401
"HM13",2.27917968041791,0.0560722700575035,16.6177380731774,0.0220580970736121,0.213057755456828
"HMBOX1",0.986815706809091,0.207890276346364,28.3261612925871,0.0216869831422662,0.795248213250918
"HMBS",2.4832825434009,0.384199455506414,17.5095327404326,0.0357765861335544,0.777090979331659
"HMCES",2.06292084401986,0.274575562516141,21.5904917940576,0.027386080539928,0.71682441568476
"HMG20A",3.48016798008962,0.432551750041012,13.3738626283372,0.0394084988502963,0.738458566737493
"HMG20B",2.09163266568881,0.103232122616916,20.9107739518054,0.0201366532277912,0.415588178481746
"HMGA1",0.764600043850695,0.0213729583316361,25.7335428431889,0.0165383397796159,0.401777090979332
"HMGB1",2.24018149523216,0.014564903118643,12.3168250371178,0.0255421093146661,0.0147768978172687
"HMGB2",0.285460426411792,0.00863373770967038,30.4614585976833,0.0131073403917783,0.513811087502415
"HMGB3",0.410289606586526,0.0462003488098015,35.0035721207829,0.0108849396208425,0.712961174425343
"HMGCL",3.49013331475517,0.457194074304819,12.7879706754173,0.0415290129582456,0.759706393664284
"HMGCR",0.887703995565349,0.262757869600188,27.2977034220635,0.0256631338663867,0.855321614834846
"HMGCS1",0.558460004509705,0.0857506714637727,33.6269016164362,0.0131599874183314,0.741452578713541
"HMGN1",3.68319010312369,0.0406988125664669,11.9039274839337,0.024930723204999,0.0647092910952289
"HMGN2",1.37780086909434,0.0107014281496486,13.9592777315189,0.0246726258635305,0.0458759899555727
"HMGN3",2.43987803175611,0.0499916210331497,15.4398308652907,0.0227846496168807,0.170079196445818
"HMGXB3",1.89838035205099,0.234966369934907,22.7270123643873,0.0246768499131209,0.684566351168631
"HMGXB4",2.62853103067106,0.259337828108796,19.7220315707508,0.0267308884470351,0.641877535252076
"HMOX1",0.122563104464557,0.00422046793493347,37.2420533989128,0.00808529257163308,0.704075719528685
"HMOX2",2.55556632750402,0.188143856416003,19.8597804871358,0.0230539251896259,0.530616186980877
"HNRNPA0",3.50370000721482,0.0878834358309151,12.998075069692,0.0236696906686777,0.176453544523856
"HNRNPA1",4.18134395843132,0.0289716818213447,10.7712341503992,0.0258519580402708,0.0169982615414333
"HNRNPA2B1",2.96464980408772,0.025646618209909,11.5523738066509,0.0255740426175575,0.0207649217693645
"HNRNPA3",4.08227305459389,0.0711157214115486,11.4274180205489,0.0245864715376475,0.108267336295152
"HNRNPAB",2.03757502864523,0.0900125164320537,20.4378678223299,0.0201453964216636,0.379177129611744
"HNRNPC",5.66584015211811,0.0940150086106692,9.02278881559215,0.0254074190555015,0.0940699246667954
"HNRNPD",2.83903247173863,0.123650607800582,17.5792024805414,0.0219551759462856,0.361019895692486
"HNRNPDL",3.86510814070106,0.0637635626709101,10.8755276419073,0.0249433844209961,0.0782306355031872
"HNRNPF",2.89173004309108,0.0620934443909541,13.904817424619,0.0234445889614179,0.15192196252656
"HNRNPH1",3.53355897476588,0.170732282475362,15.019988311807,0.0238339496725156,0.372513038439251
"HNRNPH2",1.23086515544351,0.229868342322916,26.2341469471747,0.0235911996633168,0.772841413946301
"HNRNPH3",3.33356943902158,0.143460037575665,15.2404300295673,0.023145958550967,0.332238748309832
"HNRNPK",6.56796340983292,0.08864796955462,7.53260603162449,0.0260538303131153,0.0520571759706394
"HNRNPL",4.25960829603144,0.250071812678223,14.049772152855,0.027101242574999,0.476434228317558
"HNRNPLL",1.48259168141078,0.134392921594525,25.2230980202533,0.0190556131784758,0.587502414525787
"HNRNPM",3.02378300556299,0.116010260821113,15.5777434991778,0.0226058607193868,0.293413173652695
"HNRNPR",4.18354080310833,0.139123935009005,12.8107909696021,0.0239992233937244,0.262796986671818
"HNRNPU",3.37734694255183,0.0683505986163853,12.8342502961121,0.0239218085924624,0.136855321614835
"HNRNPUL1",4.18620702054609,0.148096093091804,12.8467488668372,0.0241004440382877,0.278732856866911
"HNRNPUL2",2.88281646293011,0.440563891545692,14.6199569795803,0.0403226276877427,0.784914042881978
"HOMER1",0.79683090260685,0.393603210534665,22.1963488037707,0.0368137263689221,0.922445431717211
"HOMEZ",2.40149337873638,0.479740560232482,14.5265055395552,0.0440125948215015,0.842862661773228
"HOOK2",1.16998932448387,0.0975455173019332,27.8758223504768,0.0166311300628374,0.598995557272552
"HOOK3",2.91735600326104,0.182146730972762,18.3261798812308,0.0232823821963179,0.479621402356577
"HOTAIRM1",1.02612917322765,0.180721316705848,28.6753811033465,0.0199684477976077,0.760575622947653
"HP1BP3",3.1143173681509,0.0867216325559857,14.3459820424404,0.0230471927954135,0.209194514197412
"HPCAL1",1.33994507520559,0.10578498002821,25.9190125037222,0.0178023970379519,0.558141780954221
"HPRT1",1.87620550966939,0.121438157969595,22.8627451040718,0.0196802323830794,0.500579486188912
"HPS1",4.32888918051343,0.247254529325951,13.5882258320035,0.0270009678609137,0.459822290902067
"HPS3",1.22088831030712,0.201692804317533,26.8330276546864,0.0217134246567618,0.743673942437705
"HPS4",2.45082843807073,0.332802501837455,18.7437316005918,0.0316874730458034,0.731021827313116
"HPS5",1.31090511189769,0.200498111601783,26.4747070787847,0.0217662330174352,0.731794475564999
"HRAS",0.871018747955402,0.194858652725165,29.5523423050404,0.0205362153947958,0.808190071469963
"HS1BP3",4.07870318617876,0.524215190085284,10.093506932194,0.0473981206852909,0.785396948039405
"HS2ST1",2.30092437860325,0.389461942345523,17.6734536726809,0.036178874206626,0.790032837550705
"HSBP1",4.20415981735349,0.0702934568397496,12.3750716800479,0.0241951839420336,0.134151052733243
"HSBP1L1",1.30519570286649,0.138215660289364,27.4191434466596,0.0183670270837657,0.655205717597064
"HSCB",5.14522030092173,0.466160950192602,9.67647844447804,0.0418554071221471,0.686980876955766
"HSD17B10",3.23440488880562,0.165160000223005,17.2597116669031,0.0231007749874124,0.423411242032065
"HSD17B11",0.436895448817874,0.0427417096774739,33.711889160471,0.0115844302283348,0.669596291288391
"HSD17B12",2.90064019435629,0.200211957539466,18.6278023058445,0.0239211086984608,0.517384585667375
"HSD17B4",1.32799413262605,0.134491316473413,26.5642317321497,0.0185166276276477,0.624975854742129
"HSD17B7",0.920647539901993,0.15798318461255,29.7952717076508,0.0183282114682505,0.754394436932586
"HSD17B8",0.531151803054954,0.0911008008685825,34.1848562696263,0.0130984870321069,0.766467065868264
"HSDL1",3.56494388133183,0.574699052964909,9.14640010542775,0.0522482908646464,0.83648831369519
"HSDL2",1.87841387520725,0.276301324545127,22.1955031370072,0.0273980828878206,0.736140621981843
"HSF1",1.55203921341403,0.0615900070993387,21.7690407424265,0.0191560891226604,0.364400231794476
"HSP90AA1",2.15512894139841,0.0147064110618043,12.7529844995086,0.0252647652311375,0.0266563646899749
"HSP90AB1",2.2526346136003,0.0128964676095063,12.7665587997867,0.0253139245189412,0.0247247440602666
"HSP90B1",1.25373229113892,0.010646699178379,15.2934562473005,0.02377954177334,0.0831562681089434
"HSPA13",0.898010002949089,0.181626022762368,29.532019302642,0.0197336875155022,0.785976434228318
"HSPA1A",0.418905918427309,0.00840391585853636,26.2136775735856,0.0161648766779191,0.389897624106625
"HSPA1B",0.360522497823356,0.0165140961735679,31.731952144294,0.0123205689741143,0.565481939347112
"HSPA4",2.75545908921477,0.201625253363101,18.9186276797875,0.0238645034172769,0.527332431910373
"HSPA5",0.89126188208389,0.0134648067159349,19.0533191601723,0.0211405532360988,0.194127873285687
"HSPA8",1.90112437192085,0.0140909578978448,13.3818494301581,0.0248984841013045,0.0409503573498165
"HSPA9",2.05570269906029,0.096369922671198,20.2666228846837,0.0202951945533613,0.385454896658296
"HSPB1",0.901901710400476,0.00798955351635397,17.5179500639992,0.022339053390795,0.139366428433456
"HSPB11",2.33561633969368,0.149658598176418,20.4481791078846,0.0214585982071477,0.482422252269654
"HSPBAP1",0.973500255926343,0.265250454108717,26.7752415487893,0.0259366391221692,0.844794282402936
"HSPBP1",3.29167215379186,0.358190575586249,15.8744590072584,0.0336544096615412,0.692389414718949
"HSPD1",0.910383431639634,0.0140458451500665,18.5718433430164,0.0214551768706583,0.181379177129612
"HSPE1",1.11615350038426,0.0156361133308001,17.237623501934,0.0223229694271847,0.147479235078231
"HSPH1",0.720738448144608,0.0481628055499201,28.7487018927804,0.0148212204487523,0.536604210932973
"HTATIP2",1.70587077078527,0.0851805653790639,23.2602346922206,0.018688349176016,0.448908634344215
"HTATSF1",1.51182129060526,0.0948967236810754,24.5977882962665,0.018180736964862,0.502704268881592
"HTRA1",0.0968629904399452,0.00353366443722591,38.90025655827,0.00684246147679178,0.751497005988024
"HTRA2",3.82095777750236,0.364223069129087,14.0659886901968,0.0339904242615159,0.65317751593587
"HTT",1.64990372073325,0.263973020630511,23.3552103360541,0.0263803741608886,0.748309831949005
"HUS1",2.77075559006029,0.422877484764215,15.5448473148939,0.0389046184610653,0.78298242225227
"HUWE1",2.59751274681126,0.161750426576734,19.2825655634068,0.0222508291064486,0.471218852617346
"HYI",0.707734966704043,0.0652533135087974,30.6604906515091,0.0140923497930415,0.621498937608654
"HYOU1",1.10438041007015,0.113920058376606,28.2278977035268,0.0169930881605727,0.636662159551864
"HYPK",1.99876573641654,0.592315847607088,10.6504808837645,0.0546166926759948,0.91066254587599
"IAH1",4.57409049884847,0.217831170358247,13.3586084233833,0.0259234308094141,0.407571952868457
"IARS",1.59851653532319,0.155249788644685,24.9932538711839,0.020002132323157,0.616283561908441
"IARS2",3.32389612237711,0.217445129793239,17.3851463831537,0.025018424385267,0.512362372030133
"IBTK",2.53309312311297,0.248637595336776,19.6987988544778,0.0260350037683055,0.624203206490245
"ICA1",0.492319140596022,0.0827220454048267,34.8373450517015,0.0123887024092259,0.770909793316593
"ICAM1",0.343925434496533,0.0172435175853661,32.619385281896,0.0117139441399966,0.592621209194514
"ICAM2",0.161594900132497,0.0182101280966851,39.0661930325957,0.00720724700661575,0.782113192968901
"ICAM3",0.337918941014303,0.0297247620144602,34.621596288907,0.010620088256882,0.672976627390381
"ICE1",3.1474401521504,0.281461916650852,17.2178682035925,0.028322694542628,0.609522889704462
"ICE2",3.69511396005483,0.422745188962691,13.1955786741337,0.0385638613834128,0.718562874251497
"ICK",1.23030284535951,0.22071550977749,26.770782167571,0.0229250659823635,0.772841413946301
"ICMT",2.35401489080021,0.231712300131143,20.8651841072937,0.0249096240384647,0.628645933938574
"ID2",0.415111792388239,0.016688665651062,29.8990703306312,0.0136021752830133,0.512555534093104
"ID3",0.154404348450685,0.00281100602104288,34.1330363283926,0.0103460143056478,0.610392118987831
"IDE",1.70405870777816,0.403410230853076,18.9024968588228,0.0374695877058457,0.845953254780761
"IDH1",0.641885888137935,0.0536262915697233,31.0047037603159,0.0135757350312954,0.610971605176743
"IDH2",1.25842608867983,0.0287819351472733,20.9570114998405,0.0196845494737981,0.280374734402163
"IDH3A",1.99996785952587,0.234424344881021,22.5010864688785,0.0247269042228489,0.677515935870195
"IDH3B",5.83583830712194,0.402018530222073,9.13946443721246,0.0364702892181277,0.5788101216921
"IDH3G",5.92649933502804,0.289600188304052,9.9294658674456,0.0295190385754874,0.431717210739811
"IDI1",0.869595925329523,0.077954115653303,29.52940533646,0.0151156229633387,0.611551091365656
"IDS",1.72479798996578,0.0857139359212112,20.9983148911436,0.0197441922233817,0.385841220784238
"IER2",0.742496465803135,0.00658064914920244,18.5581145027357,0.0216470468364093,0.165539887966003
"IER3",0.326263029106161,0.00700915644118097,29.2046630104018,0.0140123600144702,0.474309445624879
"IER3IP1",3.38912754734084,0.288262721868011,16.5375786569064,0.0288380127667578,0.6019895692486
"IER5",0.452145942981215,0.0784167625991538,35.0170226345603,0.0120870594610204,0.768688429592428
"IFFO1",0.425611941609285,0.0958755417637567,35.3787539864708,0.0126812035448539,0.808576395595905
"IFI16",0.719174686923676,0.0212217829523309,24.8130852599395,0.0171359494869098,0.374444659068959
"IFI27",0.312245334241351,0.00121515275514243,28.334081953787,0.0146408829543701,0.438188139849334
"IFI27L1",1.53696502226885,0.237266974070568,24.6976531800572,0.0244330949261863,0.742321807996909
"IFI27L2",0.692461774981016,0.0339108501892411,27.7431608401037,0.0152550542206635,0.482132509175198
"IFI35",0.658275121430074,0.0312775598788477,27.5620319712373,0.0153381695689618,0.471991500869229
"IFI44",0.517209080461333,0.0358925379384555,31.4244816809241,0.0128908463172625,0.591558817848175
"IFI6",0.46422186082725,0.00286397156938766,20.4856355251526,0.0203519890477801,0.21238168823643
"IFITM1",0.498090454882061,0.00192184205283362,19.2950501908482,0.0212392187308579,0.176067220397914
"IFITM2",0.40189353160103,0.00315638651061924,23.5814951085568,0.0181009821792494,0.303071276801236
"IFITM3",0.796499153301634,0.00182200371298805,16.8833778067866,0.0229801038416953,0.108267336295152
"IFNAR1",2.58053302107526,0.15515498814352,19.2002067558157,0.0220663630115406,0.457890670272359
"IFNAR2",1.04878015482731,0.0739834836769521,27.1267964922188,0.0163263855711939,0.536604210932973
"IFNGR1",0.814192709748822,0.0431022945323523,27.0724229647022,0.0157933762755854,0.479717983388063
"IFNGR2",1.1958124362656,0.0305573209214814,21.3037789564192,0.0194371965609664,0.293123430558238
"IFRD1",1.09444551795004,0.0937540203553134,27.7288115987329,0.0165446078388761,0.5880819007147
"IFRD2",3.0010762179456,0.264736508591116,18.2271891835708,0.0272647554608271,0.61019895692486
"IFT20",3.91301890926491,0.276388147917092,14.950672513721,0.0283095771764511,0.541336681475758
"IFT22",1.61435955724792,0.202263039454071,25.1320775834724,0.0222962880276934,0.697604790419162
"IFT27",3.32468670088549,0.301000827576186,16.796410172916,0.0296483344956733,0.62874251497006
"IFT43",2.56830496604149,0.277561529704088,19.4857054174607,0.0278425907554261,0.664380915588178
"IFT52",3.91187351518194,0.36627928842974,13.9424573611114,0.0341727173110052,0.652887772841414
"IFT57",1.8450075826784,0.192689877805774,23.6351335098963,0.0221866573536089,0.640815143905737
"IFT74",2.0564155647971,0.405641282801451,17.9348627190951,0.0376181106337694,0.822387483098319
"IGBP1",1.81049539025679,0.133560719016738,22.7788866116863,0.0200170749047433,0.5185435580452
"IGF2R",0.875120478420724,0.106843609675134,29.9905987327421,0.0158626263950926,0.674135599768205
"IGFBP4",0.135547405080057,0.00140434943828394,33.8600503113391,0.010519178823429,0.599768205524435
"IGFBP7",0.0427118071409341,1e-06,33.3015573280665,0.0108742957347163,0.580355418195866
"IGHMBP2",1.24769738139616,0.387410137581908,20.9987902504947,0.0361949687134123,0.878983967548773
"IGSF8",1.38802005596912,0.159453979103046,26.3672978276033,0.019678919868393,0.661290322580645
"IK",3.4392125310127,0.199750286981492,15.8304213593952,0.0245348513623389,0.441858219045779
"IKBIP",0.795114001457379,0.0718879931692301,29.7556776710603,0.0147953730313534,0.607301525980298
"IKBKB",2.46679080535319,0.317796042750582,18.7416981038893,0.0305395622422823,0.707649217693645
"IKBKG",3.00766173874992,0.376785650200608,15.8898669477505,0.0350069663204795,0.721750048290516
"IKZF5",2.53437541870684,0.538627000420907,11.9348228542679,0.049255261502995,0.861889124975855
"IL10RB",1.43434095154698,0.133468484026282,25.7128102084676,0.018829195549039,0.599575043461464
"IL13RA1",1.41230117881878,0.114831929729527,25.6656730014602,0.0182079583163065,0.566640911724937
"IL15",0.414691412633983,0.131892104000987,35.0053057695858,0.0147620968325476,0.858122464747924
"IL17RA",0.798199335953772,0.0864897631224429,30.3341446909708,0.014937351440288,0.649024531581997
"IL1RAP",0.522358401165485,0.190977728250142,32.1829693746811,0.0194656958566224,0.875603631446784
"IL27RA",0.317346601717334,0.0472712519078281,36.8170960062192,0.00976908230728903,0.767143133088661
"IL32",0.234612969695093,0.0027734973835102,29.413240007202,0.0138259526232169,0.4721846629322
"IL4R",0.576687483043986,0.0907602416356395,33.2374805072534,0.0135662111571287,0.738844890863434
"IL6R",0.453749985987697,0.0793812501464683,35.164868361757,0.0120533564702202,0.774579872513038
"IL6ST",0.718244722374483,0.0333973977165318,26.5802202115844,0.0159929106086304,0.447653080934904
"ILF2",1.56925600267274,0.0463888067015288,19.4488910090664,0.0204752192438694,0.271102955379563
"ILF3",3.72642899112134,0.134501896869171,14.3233126843324,0.02339897998128,0.293992659841607
"ILK",1.82252779781873,0.0763905532350936,19.9835930180195,0.0201909832144235,0.341317365269461
"ILKAP",3.92726402135407,0.36056246852435,13.8411193788569,0.0337123955996168,0.64158779215762
"ILVBL",1.01284268434074,0.108351044259045,29.1242710183808,0.0163680370593238,0.652404867683987
"IMMP1L",1.11934983811425,0.177207563590719,28.092272340737,0.0199688262715591,0.738555147768978
"IMMP2L",1.86155810667977,0.341218412369271,20.5744567947422,0.0322982333663816,0.794282402936063
"IMMT",5.57485038296922,0.355941605576769,10.4756198955507,0.0334014165196065,0.545489665829631
"IMP3",3.7385101483583,0.157886824382946,14.6918160752716,0.0236908228957748,0.343152404867684
"IMP4",4.82413224841604,0.273378510610018,12.6513250709378,0.0284580330812762,0.476627390380529
"IMPA1",1.98708973230139,0.367158075061082,19.3214421564519,0.0343879307092307,0.800560169982615
"IMPACT",2.7516626601984,0.273198405085023,19.1488385188359,0.0276622477609617,0.648348464361599
"IMPAD1",0.681972821037511,0.089787926884097,32.1671189434339,0.0141056765434777,0.706779988410276
"IMPDH1",1.43379596724775,0.112831630281793,25.7359075143386,0.018130863224023,0.565288777284141
"IMPDH2",2.05174631428813,0.0803890395522821,20.3638224424338,0.0201021572138611,0.360440409503573
"INAFM1",0.393027640275705,0.057369031239501,35.5750113915199,0.0109176274395824,0.748696156074947
"INF2",1.59356890079334,0.200217441985246,24.7948178290424,0.0222231936019905,0.684952675294572
"ING1",1.07124138921202,0.264231693512711,26.2453543428706,0.0259418260640405,0.828472088081901
"ING2",1.72152286801645,0.357498124741845,20.5637030297215,0.0336205867429816,0.819586633185242
"ING3",2.91058856093958,0.486191265595605,13.1347528976546,0.0443172262552836,0.813888352327603
"ING4",2.20961847895937,0.247854292388388,21.4162726358637,0.0257350476354929,0.669499710256906
"ING5",1.69570235506458,0.371010245038985,20.1305488342698,0.0347301407545587,0.828954993239328
"INIP",5.70711351743076,0.583968685584726,6.05235000912563,0.0521908767550248,0.759223488506857
"INO80",2.04074486312337,0.368333777332731,19.0448990671648,0.0344621913765576,0.794861889124976
"INO80C",1.7687618811206,0.349857149458255,20.551710629576,0.0329744148015317,0.807320842186595
"INO80D",2.66477798546635,0.424760828704213,15.542292468077,0.0390134828515045,0.786169596291288
"INO80E",8.08610330032802,0.399102606545617,5.28874735981971,0.0358654611760228,0.474888931813792
"INPP1",0.542409954697333,0.102225615506266,33.8140850959379,0.0137808653401461,0.774676453544524
"INPP4A",1.32337518199154,0.27728275999217,24.422506076054,0.0271274062869541,0.799014873478849
"INPP5F",0.69012265386429,0.166873110804185,31.4341418245197,0.0182093567551606,0.815047324705428
"INPP5K",2.74166842979224,0.374811466180847,16.6569206614084,0.0348794416170863,0.739617539115318
"INPPL1",1.97703957535379,0.289586927902641,21.4198829662649,0.0283892010608601,0.736044040950357
"INSIG1",0.40756564521905,0.0330711422654508,33.531924047082,0.0114407804768297,0.647382654046745
"INSIG2",0.848885075282279,0.114713091524119,30.4245699385866,0.0159825284754855,0.699729573111841
"INTS1",2.7582823175321,0.385937038036974,16.5304431743423,0.0358251542197618,0.753138883523276
"INTS10",3.42132510361527,0.270512007168732,16.4549550532752,0.0277870029899407,0.571952868456635
"INTS12",2.46368350424305,0.350879606291649,18.3860292203867,0.0330954422023221,0.749372223295345
"INTS3",2.08102942539879,0.256921954252659,21.6994671978521,0.0262158423602362,0.691713347498551
"INTS4",2.25301295552808,0.509410421667132,13.5914915765623,0.0467024380646164,0.863337840448136
"INTS5",4.94551263498887,0.707361226350527,3.48108925637393,0.0651297997702129,0.869132702337261
"INTS6",1.43797252400312,0.222658269519573,25.1811972227268,0.0233829150619927,0.732084218659455
"INTS7",1.99776356816973,0.509125008460844,14.1038293567721,0.046793264519249,0.877631833107978
"INTS8",1.99419251116543,0.297199434946741,21.3528332020067,0.0289609434165991,0.746185049256326
"IP6K1",3.47802087593382,0.493130208817993,11.694573953103,0.0446324951047558,0.784334556693066
"IP6K2",2.29656467248448,0.184338763986542,21.0838583996792,0.0225350572906493,0.557465713733823
"IPMK",1.21053420630856,0.32888461618949,23.3777454383612,0.0312035092794658,0.852231021827313
"IPO11",0.316530541083911,0.111203193658606,36.6884284255046,0.0128182634410622,0.871643809155882
"IPO13",2.62245853820201,0.480395991921244,13.9644598036184,0.0439421958025203,0.828182344987444
"IPO5",1.82842021934531,0.163145143038748,23.6903165287773,0.0208118904619383,0.593587019509368
"IPO7",2.54599016995822,0.172377790991009,20.0606475626821,0.0224059934195504,0.510141008305969
"IPO8",1.81297707706179,0.335083534359905,20.7916785885317,0.0317811731446028,0.790708904771103
"IPO9",2.68809207555944,0.314301236100769,18.4227754526855,0.0303822481645056,0.693355225033803
"IQCB1",3.68534652980722,0.436907772117041,13.0111540062876,0.0397939902781294,0.734788487541047
"IQCE",1.9292485748376,0.439608200177259,17.0041356834922,0.0405799861582195,0.849816496040178
"IQCG",0.471605298749281,0.0734391515852156,35.0920237206764,0.011855732083703,0.762410662545876
"IQGAP1",2.69425215398595,0.0716542345782915,15.5144527657668,0.022536422532362,0.212574850299401
"IQGAP2",0.253156008564642,0.0435966001732947,38.1040998865967,0.00880422089416785,0.798049063163995
"IQSEC1",0.763322262557605,0.161435864847776,30.9727899106484,0.0180702200492769,0.793123430558238
"IRAK1",1.03161035677103,0.105611588998247,28.9598682093699,0.016349127682191,0.643133088661387
"IRAK4",2.09697086783116,0.290271439855329,20.7157215430273,0.0284747510536462,0.717983388062585
"IREB2",3.69457604925958,0.376311824036084,14.2044260785939,0.0349135782737527,0.675294572146031
"IRF1",0.536877395918318,0.0188648062603651,27.1774328002681,0.0155049082585196,0.437801815723392
"IRF2",1.90977827988809,0.147228630770917,22.1121762505354,0.0207002699178841,0.523276028587985
"IRF2BP2",2.09725720739704,0.0972086069873362,20.4544543921138,0.0202410690064022,0.392408730925246
"IRF2BPL",1.38892013211532,0.147276668603673,26.1778308162717,0.0191959903322521,0.63569634923701
"IRF3",3.07535200704274,0.275061897436594,17.2402746947894,0.0278899699688857,0.600057948618891
"IRF7",0.467332097822621,0.0149221350176641,27.664955248625,0.0151478560309453,0.444465906895886
"IRS2",0.493572269308083,0.0895716985207783,34.7829121360844,0.0127176801715824,0.780954220591076
"ISCA1",5.27753285130249,0.371506439886705,10.7483554120473,0.0344228356585234,0.575912690747537
"ISCA2",4.78331485136827,0.369489618220813,11.3564887739693,0.0341815509608305,0.589240873092525
"ISCU",1.70104832029205,0.0426473303360701,17.1428676288599,0.0218632160217643,0.199343248985899
"ISG15",0.311653493670435,0.00261057193916905,24.7932243827142,0.0172128757134417,0.336874637821132
"ISG20",0.335032895949724,0.0097319405718902,29.8036063906964,0.0135979530582747,0.496812825960981
"ISG20L2",2.40240489086158,0.252313595613411,20.5420290701074,0.0261537941461905,0.652887772841414
"ISOC1",1.56118102619625,0.247108468571628,24.389452503772,0.0251258546638942,0.749661966389801
"ISOC2",1.57298672013391,0.0846883478623807,23.8166983943983,0.018368414996288,0.463202627004056
"IST1",6.9910997370351,0.416603878714366,6.31252307805478,0.0370301359694312,0.526656364689975
"ISY1",2.00077124872482,0.49234273637903,14.7918415584883,0.045269790390468,0.870581417809542
"ISYNA1",0.415798240445375,0.047009980524853,34.7814091770572,0.011047189913795,0.707938960788101
"ITCH",3.06714723215372,0.344326977168698,16.4821651319678,0.0325579728227894,0.687656944176164
"ITFG1",4.2757286933495,0.268660924812253,13.8844282496149,0.0280197885416855,0.50125555340931
"ITFG2",2.21484625889537,0.302088687499207,20.2180374521291,0.0293752172988499,0.723005601699826
"ITGA1",0.0831749064168757,0.0107800817119597,41.8710617291744,0.00492755181692801,0.851265211512459
"ITGA6",0.281906189905761,0.0193607685402715,35.376836046261,0.00983822911268447,0.676646706586826
"ITGAE",1.06148719330061,0.111429729263738,28.0025348156796,0.0169704354343894,0.625941665056983
"ITGAV",0.707557154870827,0.0504593632102414,29.6546977772263,0.0143238868088583,0.566737492756423
"ITGB1",1.12421768629808,0.0142666723028828,16.7232170992555,0.0227050283607616,0.130094649410856
"ITGB1BP1",4.42658718986325,0.179918374969203,13.5058203945088,0.0246756267080084,0.350009658103149
"ITGB2",0.260052041273969,0.00537294106648639,31.0883081201769,0.0126291587275655,0.526173459532548
"ITGB3BP",1.52610166803322,0.23972093359649,24.6732473247084,0.0245891083003519,0.745605563067414
"ITM2A",0.0976533465055159,0.00548885043492103,39.766946591638,0.00626798132282817,0.780374734402163
"ITM2B",1.03913648468106,0.00477625912417352,14.7410580664543,0.0243792963831813,0.0538922155688623
"ITM2C",0.267405950064693,0.00764538839608572,31.5638351545475,0.0123073202664731,0.544234112420321
"ITPA",4.02241335852998,0.276389918983416,14.7590307910053,0.0283563216976765,0.536314467838517
"ITPK1",1.40813788443604,0.291284550460245,23.701470216676,0.0282472974962717,0.801429399265984
"ITPR1",0.525886173761519,0.0923521263477229,33.9930845072962,0.0132408727039777,0.763086729766274
"ITPR2",0.856799371963307,0.0722650401229348,29.1897543490837,0.0151319550234921,0.591945141974116
"ITPRIPL2",0.46217284599948,0.0822403112999446,34.8507874341726,0.012340468201931,0.770426888159165
"ITSN1",0.819245582982036,0.158122202512817,30.5932093426258,0.0180317456963271,0.776994398300174
"ITSN2",2.24138445226106,0.156754176728204,20.7621776307096,0.0215499432876022,0.502704268881592
"IVD",1.22004799579869,0.228700271949463,26.368943395614,0.0234916242705243,0.774676453544524
"IVNS1ABP",1.11393612570805,0.0722186590703795,25.974774812484,0.0169111747665825,0.500869229283369
"IWS1",3.74663855302687,0.353676025654242,14.3994003002114,0.0332214823435756,0.646030519605949
"JADE1",0.783888976049149,0.175580107279872,30.4973189158927,0.0190522726927335,0.803071276801236
"JADE2",0.959929065717715,0.247957011295148,27.284809559098,0.0245850938757001,0.831176356963492
"JAG1",0.176443758972688,0.0174985889907217,38.433584949074,0.00762993023184562,0.762410662545876
"JAGN1",3.6629827054016,0.24248144737285,16.0541266381764,0.0264277778748398,0.517094842572919
"JAK1",2.00683083596914,0.0641078460428798,17.0402345581086,0.0217188068288914,0.237299594359668
"JARID2",1.26966967629762,0.23563030074322,25.9750998337809,0.0240320115877683,0.77496619663898
"JAZF1",0.872675754941984,0.193611379377586,29.4312019858938,0.0204812860150767,0.80278153370678
"JKAMP",2.78280160549361,0.266580878464143,18.4780499738183,0.0272489251237816,0.619857060073402
"JMJD1C",2.51434433274988,0.131360712176313,18.435430101674,0.021688244960281,0.396368553216148
"JMJD4",0.897209524602436,0.129407466596942,30.6615699620616,0.0165800898487,0.731214989376087
"JMJD6",2.37315815850364,0.323448320647568,19.1011428486205,0.0309604802430463,0.726192775738845
"JMJD8",3.37956824695537,0.43276762341704,13.8639222896957,0.0395710585036242,0.75178674908248
"JMY",1.37566587094075,0.367469988926371,21.3319663517203,0.0344567083678345,0.856673749275642
"JOSD1",2.57089692188245,0.268057861801629,19.7640052117382,0.0272392533207041,0.656847595132316
"JOSD2",3.75331348819772,0.194756724231461,15.5408079031949,0.0245431314137315,0.426791578134054
"JPX",5.71752713636243,0.379004875801338,9.52269803780952,0.0348134752408437,0.555051187946687
"JTB",5.08215613253679,0.0942131077398223,10.2109466714636,0.024921582428951,0.122271585860537
"JUN",0.57291299537095,0.00350542817193657,19.2159333431635,0.02125612300991,0.17741935483871
"JUNB",0.765892605395362,0.00296123693231405,15.9931407443804,0.0235776755608483,0.0841220784237976
"JUND",1.07320948875082,0.0672100715653619,26.013878817325,0.0167928046352996,0.49304616573305
"KANSL1",3.00802754146955,0.286230321425396,17.2902815790944,0.0285422374940024,0.618987830790033
"KANSL1-AS1",0.968038116522445,0.219123890952788,28.1701598989483,0.0224468208800406,0.809155881784817
"KANSL2",3.54676882048633,0.538175018918687,10.2812006262448,0.0487575243040039,0.81311570407572
"KANSL3",2.07712390646716,0.368034734349498,18.9463538072324,0.0344365015393538,0.791674715085957
"KARS",4.13249625884276,0.311158738071118,14.2329727048355,0.0304424910602494,0.576299014873479
"KAT2A",1.69805692362972,0.307408335019497,22.0741533621239,0.0296060191035436,0.782209774000386
"KAT5",4.03930709165842,0.479088489832149,11.1423376071242,0.0432296178397388,0.747247440602666
"KAT6A",1.69890487458069,0.215027683415592,23.970793819128,0.0232456747563608,0.686401390766853
"KAT6B",1.54793873111628,0.193141444047486,25.0572058506546,0.0217635576837658,0.680606528877728
"KAT7",4.58139320424645,0.503966710379231,9.56209951703173,0.0452104973232076,0.740583349430172
"KAT8",4.58215435257441,0.377875762055827,12.0190130237849,0.0349032414093501,0.619180992853004
"KATNA1",2.87380544907261,0.405831911197554,15.6141672637663,0.0373971134224852,0.758837164380916
"KATNAL1",0.94540642619061,0.285907180042023,26.1274345916852,0.0275706655860242,0.859957504346146
"KATNB1",3.29877271395372,0.50918404811419,11.801986159664,0.0463107250445614,0.811280664477497
"KATNBL1",4.35281436984983,0.343065674487407,12.7787297008632,0.0324208018530542,0.586826347305389
"KBTBD2",1.13215245845633,0.214069489827306,27.1860865209084,0.0223665893734439,0.773614062198184
"KBTBD3",1.10201040651822,0.390557104057613,21.2904633997744,0.0364798007391742,0.892215568862275
"KBTBD4",2.49529055606486,0.491501040112405,13.7753072650178,0.0449633408969973,0.840351554954607
"KBTBD7",1.185385282376,0.295317391535076,24.7619782813745,0.0284665149890895,0.837067799884103
"KCMF1",2.43197861161968,0.319377379923356,19.444290963404,0.0307367993437999,0.728897044620437
"KCNAB2",0.38435047229179,0.0529023064371906,35.520573533134,0.0107837905284747,0.739424377052347
"KCNQ1OT1",0.456703019971396,0.0574555944227439,34.6587262050445,0.0114851834938273,0.722522696542399
"KCTD10",1.20803278175091,0.22819407687427,26.4157600429464,0.0234441834475375,0.775159358701951
"KCTD13",5.58335330842408,0.575074053452906,6.53568930627851,0.0514767185365575,0.759609812632799
"KCTD18",5.79861620042365,0.680870923464009,3.59875235781507,0.0620542397484058,0.829631060459726
"KCTD20",3.09939875314168,0.261569175579683,17.2759168228763,0.0271189101997997,0.579679350975468
"KCTD5",1.68181730178386,0.289538656852928,22.6959134881084,0.0282547198235622,0.770909793316593
"KCTD6",2.01638550279506,0.488192899331749,14.9208796413201,0.0448848065636658,0.86768398686498
"KCTD9",1.02241693635399,0.24499237376069,27.1487828085786,0.024422279458043,0.82258064516129
"KDELC2",0.527065515679277,0.116572744963962,33.9482224103545,0.0144150979506585,0.802588371643809
"KDELR1",3.81188754748658,0.0715882595367526,12.5992328119485,0.024035477512354,0.139463009464941
"KDELR2",1.99717743644806,0.0364424333848861,16.9020341156628,0.0221395410902554,0.183697121885262
"KDM1A",1.88976660722205,0.279300081006761,22.2527702814643,0.0276229265926458,0.742418389028395
"KDM2A",3.80464626800713,0.27007147148995,15.2382211706853,0.0279175359792197,0.539018736720108
"KDM2B",1.08208811863465,0.192277475966721,27.9190337450787,0.0208512074685862,0.758450840254974
"KDM3A",1.04108420424386,0.198662839434283,28.2698135734365,0.0211460596508919,0.778636275835426
"KDM3B",2.97023381307705,0.457892788573913,13.7932093846865,0.0417396983897096,0.78887386517288
"KDM4B",1.42660284322403,0.277917719858735,24.0266972293169,0.0272430111836816,0.789067027235851
"KDM4C",2.55172430844682,0.432107642558224,15.6397793070226,0.0396931038035008,0.800173845856674
"KDM5A",3.37855991645681,0.197796116381622,16.3168457096355,0.0243744045307202,0.451709484257292
"KDM5B",1.1376493795095,0.0931897116737447,27.509933223096,0.0166509800385902,0.581031485416264
"KDM5C",2.6897271612512,0.288336492247046,18.528609385252,0.0285746001421411,0.655592041723006
"KDM6B",0.633476721181721,0.087670934048302,32.4723729474034,0.0138469785204195,0.711802202047518
"KDM7A",0.976697060597845,0.165576692980814,29.2500959239624,0.0189335208861799,0.751690168050995
"KDSR",2.94917782568641,0.177500549659945,18.2776046489199,0.0231457397780539,0.470735947459919
"KEAP1",4.82109427833943,0.319215095348371,12.6786834912808,0.0310786357060337,0.547711029553796
"KHDRBS1",5.22970330639129,0.143945742145917,10.2937229014248,0.024935921679858,0.208421865945528
"KHNYN",2.44553452889538,0.415873567449981,16.4057997486065,0.0383362093598496,0.796214023565772
"KHSRP",2.62117133736874,0.244504739689183,19.6601211641739,0.0258530587604391,0.616573305002897
"KIAA0040",0.569479799609653,0.0966181271052284,33.4073205911701,0.0137310541931115,0.753621788680703
"KIAA0100",2.44891829486625,0.283096791744403,19.635431407296,0.0281417612021936,0.677226192775739
"KIAA0232",1.73895833284319,0.280389729455042,22.6483499841003,0.0276104833045402,0.755070504152984
"KIAA0319L",1.98402425869218,0.279390537016182,21.422888482191,0.0276627022939726,0.720011589723778
"KIAA0355",0.524560355218814,0.120465840340684,33.9638470009436,0.0146094911986371,0.809542205910759
"KIAA0930",0.646989004852615,0.0660784439197738,31.816398418432,0.013455350959522,0.655978365848947
"KIAA1109",1.5634096180959,0.202011033478525,24.5737253474167,0.0223381783015462,0.681765501255553
"KIAA1143",5.18646921580747,0.476785375903647,9.06667231222853,0.0425676995065439,0.68669113386131
"KIAA1191",4.4204770966855,0.364056308424144,12.6740090569431,0.0339520283688584,0.615704075719529
"KIAA1586",2.40481749320098,0.471754808543534,14.6401050086682,0.0432133526357515,0.833977206876569
"KIAA2013",1.66966723116798,0.28686337570458,22.8405194522348,0.0280512183207836,0.770620050222136
"KIAA2026",3.78354987985383,0.453382381943156,12.2054583956217,0.0410643367787169,0.737975661580066
"KIDINS220",2.58209162389342,0.254153624694993,19.38346362298,0.0263922307247229,0.624492949584702
"KIF13B",0.911491863904153,0.222440300102252,28.3580632984918,0.0226086724880518,0.819779795248213
"KIF16B",1.13075628798989,0.228323194009107,27.0926509394823,0.02332565370087,0.794089240873093
"KIF1B",2.02903790536404,0.266836984260205,21.9213425846067,0.0268378955040915,0.713540660614255
"KIF1C",1.37602944159598,0.227861842213469,25.6784095414843,0.0236185416738674,0.754201274869616
"KIF20B",0.201039135328013,0.0466799358924896,39.4421670712604,0.00807615717520158,0.842090013521344
"KIF21A",0.484334459347494,0.0755272458369311,34.9172004737861,0.0120409041930761,0.760961947073595
"KIF22",0.836781388382549,0.0818444770962849,30.0753186351638,0.0149389797718524,0.633764728607301
"KIF2A",1.34279752022731,0.136744233263753,25.9092269289574,0.0188331005610535,0.610392118987831
"KIF3B",2.46088000968402,0.354959062258739,18.2548415510701,0.0334058527892654,0.752173073208422
"KIF5B",4.73969461419256,0.128290812145772,11.6219006227315,0.024376120882492,0.215568862275449
"KIF9",1.10663726769093,0.238719072644875,27.0277233650417,0.0240408848564886,0.809059300753332
"KIFAP3",1.36408777761683,0.145909407462857,26.3162507478963,0.0190809832950584,0.637241645740776
"KIFC3",1.01265815128225,0.128582710369563,29.3134105505184,0.0171099001241035,0.691906509561522
"KIN",6.49224629275258,0.531095580342698,6.18626675272944,0.0469425963109983,0.685725323546455
"KIZ",1.84273214543332,0.374130079080087,19.5405160742758,0.0349731133814036,0.817558431524049
"KLC1",2.1901335183931,0.277479087259844,20.5090328313799,0.0276338151675516,0.692099671624493
"KLC2",1.30783427138382,0.350508862505495,22.1951780072112,0.0330194844172973,0.85377631833108
"KLC4",1.80944606812348,0.449285577947564,16.9650933259634,0.0414922569685802,0.863917326637048
"KLF10",0.721483085980659,0.050566078108938,29.4453474598833,0.0144543866113883,0.560942630867298
"KLF13",0.722115106699846,0.113201211057815,31.6234911248246,0.0153440923953891,0.731021827313116
"KLF2",0.135741330318367,0.0104752615153363,38.9274172082824,0.00704535222911235,0.764535445238555
"KLF3",1.39019187001521,0.113265548400536,25.7557005989396,0.0181133601013047,0.566447749661966
"KLF4",0.239380671034902,0.0128927942343488,35.0715296997411,0.00988650289857082,0.656171527911918
"KLF6",0.839192345239612,0.0122034697971018,19.7437336756278,0.0206929728258444,0.211415877921576
"KLF7",0.571738742798662,0.15225146966981,32.8390076595076,0.0168294826210194,0.830500289743094
"KLF9",0.764819036467688,0.116984450967171,31.3356971777485,0.0156590252657599,0.729283368746378
"KLHDC10",2.0502817984177,0.353678138169478,19.5822476657752,0.033305579185516,0.78655592041723
"KLHDC2",1.88985350476861,0.171508538943469,23.0051219821462,0.0213629696085992,0.588564805872127
"KLHDC3",4.43159614129668,0.23389707511161,13.7575529035429,0.0264698746862112,0.443403515549546
"KLHDC4",1.55216684016235,0.317644097533904,22.4236745313763,0.0303707341259163,0.807996909406992
"KLHL12",4.64475771605969,0.558842231635385,8.21125447214551,0.0503385822313234,0.784044813598609
"KLHL18",2.77993100896753,0.488806161911649,13.3049654125736,0.0446042385783355,0.822773807224261
"KLHL2",1.26850066706961,0.454460440214463,18.0157621722113,0.042118366050589,0.902066834073788
"KLHL20",2.43145436094578,0.445293788078024,15.3996005985247,0.0408300814036187,0.814178095422059
"KLHL21",0.932962361166475,0.1883195264848,29.3299701625332,0.0202139739042868,0.791288390960015
"KLHL22",2.8588058674493,0.498944258848474,12.7683518443,0.0454631104792065,0.823449874444659
"KLHL24",1.79153458163539,0.173382853905299,23.9514768736974,0.021169690199871,0.617732277380722
"KLHL28",1.83134748292677,0.373812147948952,19.4333042534327,0.0349075734020311,0.814274676453545
"KLHL36",3.01049455485139,0.373923072089799,16.0818900687634,0.0348211182158647,0.722426115510914
"KLHL42",1.35987097124137,0.239482673678657,25.4254506157622,0.0244019834827048,0.765984160710836
"KLHL5",1.54447553379231,0.295612854828429,23.0139457629024,0.0286439058897617,0.789356770330307
"KLHL7",3.41143213314224,0.472873087007713,12.6086525376693,0.0429700218842769,0.778443113772455
"KLHL8",1.86787429527993,0.475040513447028,15.7469272850265,0.0437477633242936,0.870388255746571
"KLHL9",2.08549912903036,0.293633835287146,20.9383759965267,0.0287268159689262,0.729283368746378
"KMT2A",1.52467785174277,0.126858517435641,24.4517154951961,0.0190924845133662,0.553216148348464
"KMT2B",1.66737697982077,0.31844212472,21.9428744148905,0.0304611659789294,0.796020861502801
"KMT2C",2.31370721392694,0.160929298764599,20.4051626235171,0.0218137378767812,0.5
"KMT2D",1.63063882632265,0.309018935657063,22.2292765577753,0.0297016528340045,0.789067027235851
"KMT2E",2.09471159184335,0.0593075755435037,16.6856906595135,0.0219593072465887,0.21933552250338
"KMT2E-AS1",0.4436309196855,0.0895714899781328,35.3716067175697,0.0123981616732959,0.797759320069538
"KMT5A",1.44870652759008,0.379326903839612,20.6212515948252,0.0354570194939712,0.855707938960788
"KMT5B",2.41063468244823,0.269020949116624,20.0951307062726,0.0272058294011153,0.667374927564226
"KMT5C",1.34238535571134,0.464987392782548,17.3973058408766,0.0430543703434388,0.901294185821905
"KNOP1",2.17608917201197,0.197194042172453,22.36881966056,0.0228254408124052,0.613675874058335
"KNSTRN",0.294014499576425,0.135697470826171,36.2619075563663,0.014435682388556,0.90013521344408
"KPNA1",4.84244198500456,0.422782172968588,10.9294107036622,0.0383344835204501,0.656944176163801
"KPNA2",0.396043713709073,0.0386691252864257,34.2472118699515,0.0111215386710695,0.677902259996137
"KPNA3",3.77642335852194,0.336040396107116,14.6344038643066,0.0319940334997086,0.625265597836585
"KPNA4",3.4667696919063,0.292448961440598,16.2271873695718,0.0291179156182597,0.600251110681862
"KPNA6",4.39622552660806,0.39260885576835,12.2094831344301,0.0360253727756015,0.646416843731891
"KPNB1",4.9981396512708,0.146409151981287,10.8545171797199,0.0247725791955448,0.22628935677033
"KRAS",2.92263174028482,0.158301324754168,17.7680759185639,0.0226618758752801,0.424859957504346
"KRBOX4",1.47059599451418,0.292439222324645,23.5429609018631,0.0283751009938653,0.798821711415878
"KRCC1",2.60443434503141,0.16794357927673,19.6479549280174,0.0223702672206771,0.491597450260769
"KRI1",2.2768054932842,0.344888350848972,18.9778471205029,0.0325924642296739,0.756326057562295
"KRIT1",1.54553781124401,0.137919280195365,24.9058318731573,0.019322438297128,0.58470156461271
"KRR1",2.28645168903537,0.213063417953061,21.0270887651322,0.0238650247822783,0.602858798531968
"KRT10",2.27663692768439,0.0585381581203901,16.9201437256158,0.0218755544209721,0.225999613675874
"KRT18",0.237711940444446,0.00627875159365284,33.0988276388745,0.0111798989125531,0.586633185242418
"KRT8",0.26536890600468,0.00646930397253829,32.4993464291399,0.0116252680161329,0.5695383426695
"KRTCAP2",2.95631813325647,0.0448321492018787,12.9435749411384,0.0242614359062992,0.0946494108557079
"KTI12",1.90019813676955,0.631980997800025,8.99046461988048,0.0584406752367814,0.926501835039598
"KTN1",2.72668589137454,0.0607644781563959,14.549761221214,0.0231236213434721,0.166409117249372
"KXD1",6.07431303147649,0.227761431264295,9.71220361883644,0.0270028810941896,0.331079775932007
"L3HYPDH",0.804299644576091,0.247482854156288,28.2605177789706,0.0243675436867022,0.857542978559011
"L3MBTL2",4.81492643853889,0.579559949289843,7.36020785450313,0.0522015372090145,0.790805485802588
"LACTB",0.669745235025509,0.091161531560046,32.3159517932801,0.014080564299293,0.713347498551285
"LACTB2",3.1069043751965,0.344286003128899,16.8835859764706,0.0326669625673717,0.698087695576589
"LAGE3",1.45575501301587,0.0486224751499249,22.0370746218357,0.0189668372578779,0.348464361599382
"LAMC1",0.398906117630956,0.0328102252726471,33.9339902566813,0.0111727540696573,0.658586053699054
"LAMP1",2.13163575419274,0.0529257450390659,17.364934856184,0.0216704286805062,0.227544910179641
"LAMP2",1.66296812970725,0.0724954094696424,21.9676006378353,0.0191473776295315,0.389897624106625
"LAMTOR1",4.29245957736272,0.0934818218014143,11.7249408952833,0.0242602391853908,0.156654433069345
"LAMTOR2",3.09688579286364,0.0951047599462752,16.0349126671416,0.0223423438656895,0.270716631253622
"LAMTOR3",3.51873946027839,0.227724226905432,16.3204913552733,0.0256519331549368,0.500482905157427
"LAMTOR4",2.53354496507731,0.0441785533463241,14.0157109671512,0.023672670743464,0.120050222136372
"LAMTOR5",8.05467749188069,0.211034447956589,5.65403599513096,0.0272461290446397,0.207069731504732
"LANCL1",3.87489012516263,0.546546406439466,9.56539158187401,0.0494305194844726,0.80509947846243
"LAP3",0.758813252168255,0.0186363200155472,22.8789227755466,0.0184538737062917,0.313791771296117
"LAPTM4A",1.43320500532888,0.0179402371399797,16.7449212060785,0.0225988079672294,0.140428819779795
"LAPTM4B",0.616192114278005,0.0442194922969142,31.8698412866008,0.0128369186192163,0.61947073594746
"LAPTM5",0.168415763879854,0.00179254421126131,32.969550505452,0.0111929949749667,0.574463975275256
"LARP1",3.1111476869707,0.216593979809701,17.8312559516905,0.0248292923702156,0.522696542399073
"LARP1B",1.05791155833979,0.280255705293575,25.8566111327178,0.0271901790350841,0.843345566930655
"LARP4",3.57616176840829,0.369786979468306,14.5277027429568,0.034406137359855,0.674135599768205
"LARP4B",2.31559729690924,0.287358499514098,20.2431286935336,0.0283842324375598,0.700405640332239
"LARP7",3.22089207247502,0.251495543807815,17.0094117141372,0.0266350045445136,0.556596484450454
"LARS",3.39104157639559,0.201896104359863,17.0879489944255,0.0244361847483502,0.479331659262121
"LAS1L",2.68817541451359,0.395364124961527,16.4748135901782,0.0366069609465598,0.766177322773807
"LASP1",1.53222462930148,0.0929053864868269,22.9706559346263,0.0188727054895168,0.453254780761059
"LATS1",1.70030362220275,0.297280799431599,22.2167570400331,0.0288277450153589,0.770137145064709
"LATS2",0.793337558885869,0.18471896909827,30.2311681143395,0.0196887698346587,0.810604597257099
"LBR",0.817899872009714,0.0959072187344019,30.1910486668365,0.0153362103459437,0.661097160517674
"LCMT1",7.15763428395131,0.453084565809967,6.52084431113689,0.040156506359743,0.583156268108943
"LCOR",2.22761185786112,0.378948517061696,18.1066845848479,0.0352970322603166,0.785686691133861
"LCORL",1.51583647048436,0.370007216729465,20.6938922752537,0.0346447062714916,0.843055823836199
"LCP1",0.297521327971719,0.00890734861061795,31.5668231142718,0.0123286595686767,0.546745219238941
"LCP2",0.239025992520481,0.011289764728815,34.6405121176584,0.0101586378801811,0.640718562874252
"LDAH",2.44367994039698,0.559020385709032,11.300454818135,0.0512099728118329,0.87589337454124
"LDHA",1.35304475391768,0.00960608325176884,14.5591898499114,0.0243082415022741,0.0609426308672977
"LDHB",1.07641623234309,0.0181458444243343,19.1021045248153,0.0210222914221113,0.205814178095422
"LDLRAD4",0.446646718453759,0.0680269704704242,34.7808064670066,0.0117924457061467,0.744156847595132
"LDLRAP1",2.34683537769075,0.437172204845448,16.0526149636728,0.0402279185926625,0.819393471122272
"LEMD2",3.11306098770589,0.468516159771526,13.2477940290073,0.0426528530361904,0.789839675487734
"LEMD3",1.86190006823384,0.358615916515614,19.8989977896669,0.0336736258616998,0.803167857832722
"LENG1",2.791317220728,0.427428046396126,15.0886898546476,0.0391759637353328,0.777863627583543
"LENG8",2.01286255307926,0.126917016224393,21.319215596963,0.0204255247165079,0.467162449294958
"LEO1",2.02925108986085,0.356892325680047,19.3860548306329,0.0335262303389147,0.786362758354259
"LEPROT",1.42445245237127,0.060243219761499,22.1231934470284,0.0189245242251235,0.371354066061426
"LEPROTL1",1.69329726346568,0.112494037994396,22.8081621386533,0.0193967211685899,0.483098319490052
"LETM1",2.65196029424431,0.419719893007638,15.9124729318136,0.0386622772403027,0.788294378983968
"LETMD1",3.01452534421479,0.292427330570832,17.4256603986285,0.0289565881112093,0.63231601313502
"LGALS1",0.753051368562873,0.00198620091720117,16.990214397479,0.0228991767641182,0.1112613482712
"LGALS3",1.1210600576009,0.00799301333476059,16.5347572950858,0.0230199343739031,0.112903225806452
"LGALS3BP",0.335690936709276,0.00725799768423395,29.5104930630577,0.0137977956611534,0.48377438671045
"LGALS8",0.924436270377235,0.103724991890432,29.3270721849067,0.0160612894361037,0.650086922928337
"LGALS9",0.385833469735325,0.02126504618203,32.4479980666538,0.0119119667072321,0.594939153950164
"LGMN",0.327020485248852,0.00952746756934928,29.7023244943346,0.0136657677737092,0.493432489858992
"LHPP",1.95666502856069,0.213150433168723,23.3227500848253,0.0233881417264705,0.665636468997489
"LIAS",3.93986155840368,0.675006386009555,5.25548089142601,0.0619880136027407,0.877052346919065
"LIG1",0.44525568928497,0.111213911727745,35.0853600918821,0.0136019981879657,0.82596098126328
"LIMA1",0.37561256388229,0.0247641843929621,33.059043258146,0.0115591538475516,0.618891249758547
"LIMD1",1.104312735717,0.286960009383679,25.2935404317345,0.0277494903796883,0.838516515356384
"LIMD2",0.335524484626797,0.0125876644399975,31.0278726852199,0.0127565513893513,0.537763183310798
"LIMK1",0.610306270979121,0.135359540683979,32.8521936868339,0.0158902289951419,0.802878114738265
"LIMK2",0.676164561092383,0.0687703994519921,31.7995889021316,0.0135623581929459,0.660227931234306
"LIMS1",1.59672445433581,0.0514012672856546,19.9618368583216,0.020158571497763,0.294958470156461
"LIN7C",3.25392419618056,0.445952644884805,13.6229816410207,0.0406571949277962,0.765597836584895
"LINC00665",0.611572655540695,0.0855017986797071,33.4560447077632,0.0132688335250016,0.736237203013328
"LINC00667",3.70368833202765,0.312077986249377,15.2014502874704,0.0303999724615367,0.603438284720881
"LINC00909",2.67805307172249,0.484685852818335,13.6287127770502,0.0442651376941956,0.825574657137338
"LINC01006",1.278927305833,0.265948689398613,25.4457184461994,0.0262402754849318,0.808962719721847
"LINC01089",1.17949394802924,0.364676397915807,22.0978931584242,0.0342219562239854,0.87357542978559
"LINC01184",3.0249669787218,0.37837300264737,16.1689685926477,0.0352352015080459,0.731408151439057
"LINS1",1.32764649181355,0.270041593691197,24.8098806609117,0.0265866481468125,0.798049063163995
"LIPA",0.425190732240555,0.030137896413783,32.3750549358688,0.0121327748642819,0.608653660421093
"LITAF",1.18283978295518,0.0186466488939657,18.8484287825288,0.0211893124412584,0.200309059300753
"LIX1L",1.62783960603208,0.18896525304765,24.4090778289825,0.0217193347560834,0.655881784817462
"LLGL2",0.475808662210479,0.135232800630279,34.4288450480132,0.0152162525726336,0.847305389221557
"LLPH",1.43590939977633,0.331671245099216,22.4235209269144,0.0314763476592411,0.830210546648638
"LMAN1",1.68380198782598,0.0429552470904474,19.2700236644866,0.020630422012248,0.260672203979138
"LMAN2",3.06831372070951,0.084508260401902,14.581824182997,0.0229481440663812,0.211609039984547
"LMAN2L",2.07992448951146,0.479265201595284,15.1624924968882,0.0440658748016727,0.860343828472088
"LMBR1",1.46920602694092,0.255045036224504,24.4441405169508,0.0256053630723302,0.763955959049643
"LMBR1L",0.957105933987836,0.190695797402424,28.7781814174412,0.0204927403460595,0.779795248213251
"LMBRD1",2.20495574875403,0.18087886625304,21.3569646289368,0.0222872384778998,0.559107591269075
"LMBRD2",2.2178894215975,0.441471915567492,16.1794186660388,0.0406285874840181,0.829727641491211
"LMCD1",0.345118539243104,0.0225320770356907,33.9599937707388,0.0108989899940844,0.641104887000193
"LMF2",3.13524058788882,0.196383331789722,17.4584278825122,0.0240498907642689,0.479814564419548
"LMNA",1.07751011089107,0.0142880621398799,19.4333779651512,0.0208815088194624,0.208325284914043
"LMNB2",0.560325895283132,0.144643561319572,33.2468898614568,0.0162403471259778,0.829437898396755
"LMO4",0.720421129315526,0.0209669376572744,25.1675133874838,0.0169021368495762,0.384295924280471
"LMO7",0.199871078210825,0.0477627015524393,39.5449930095274,0.0080602768695886,0.846919065095615
"LNPEP",1.46688312874733,0.147159763267162,24.9823243059373,0.0196016674048049,0.60218273131157
"LONP1",1.45425962131914,0.279678436929129,24.0219328174008,0.0273969388791412,0.791674715085957
"LONP2",2.72918895741023,0.177418873010514,19.0938435776862,0.0228772700241105,0.492370098512652
"LPAR6",0.223018133569979,0.0201400756981112,37.0857773309318,0.00866015694848281,0.727738072242612
"LPCAT1",0.788311853868666,0.116938108491738,31.2963856405635,0.0156884125030301,0.728124396368553
"LPCAT3",1.6205680155716,0.187103558922044,25.0047383199528,0.0215030137993744,0.669306548193935
"LPCAT4",0.520589704467006,0.0693899559460556,33.4831779828094,0.0125887676952949,0.709291095228897
"LPGAT1",2.67714075089784,0.252140215552264,19.2442990426124,0.0263343800037726,0.617539115317752
"LPIN1",0.867599368997753,0.082715277173395,29.6718451970164,0.0151809774399344,0.623816882364304
"LPIN2",1.41015837920248,0.153354539016421,25.8724046313255,0.0195589343610734,0.637338226772262
"LPP",1.10296748387822,0.0383600194106893,22.8845143071992,0.0183951203527479,0.352134440795828
"LPXN",0.414063529205701,0.0409010077890882,34.1345729892505,0.0112620272324366,0.678578327216535
"LRBA",1.14540473199308,0.197143573173812,27.3965256976189,0.0212873255545015,0.751883330113966
"LRCH1",1.04549766237411,0.202637229297564,27.8973369506455,0.0214642802584757,0.774773034576009
"LRCH3",2.86600437721479,0.403821840825946,15.5474584173965,0.0371844953859232,0.75410469383813
"LRIF1",1.77448495368649,0.235715120775738,23.5159690153299,0.0245835742674736,0.707359474599189
"LRP1",0.242357669148189,0.00789921392974718,32.9862906302141,0.0112825807079947,0.586246861116477
"LRP10",2.28401662189904,0.089862145989367,18.1005521750221,0.0212435359965562,0.314467838516515
"LRPAP1",2.27607059493249,0.0885190216117396,18.4323140065795,0.021090239171332,0.321421672783465
"LRPPRC",2.13876421667127,0.206763033363759,22.01322848294,0.0233325448936379,0.61947073594746
"LRR1",0.776231886240221,0.199770597429098,30.0636797627224,0.0206898181318159,0.830500289743094
"LRRC14",1.40722684958359,0.280127229707354,24.3480945968853,0.0274061280549351,0.801332818234499
"LRRC23",3.06714648796327,0.394588654077904,15.6287144979264,0.036513832514331,0.741645740776511
"LRRC28",0.980836621931033,0.117283205861618,29.7281465552682,0.0164519600200072,0.684566351168631
"LRRC40",3.34915342345954,0.603220786218773,8.3860026293032,0.0550435418099747,0.859281437125748
"LRRC41",2.79016732795362,0.236132570313101,19.1669963793993,0.025513738594519,0.589916940312923
"LRRC42",1.27290870025435,0.188540338832624,27.1344190276541,0.020923611046381,0.730538922155689
"LRRC45",1.02842598911676,0.258495939061393,26.7598653160048,0.0254572175024804,0.833494301719142
"LRRC47",3.76642604491862,0.362956399744432,14.4540794488169,0.0339631997799042,0.661483484643616
"LRRC57",4.24060599809311,0.625510848089835,6.65765866040503,0.0569225675921452,0.841027622175005
"LRRC58",2.06337459659464,0.187611799752687,22.5369822836365,0.0222737967036326,0.602472474406027
"LRRC59",2.20584619786597,0.0918310828695153,20.0366218615227,0.0203956409888081,0.371933552250338
"LRRC8B",0.918474608787605,0.316466114507222,25.1135768290975,0.0300953550659499,0.880625845084026
"LRRC8C",0.472557917186955,0.140887846878282,34.1220442557817,0.0156547634380175,0.847981456441955
"LRRC8D",1.61692425827188,0.302578146897809,22.6211807301417,0.0292151446479306,0.789549932393278
"LRRCC1",0.721578498646702,0.107689592730146,32.201445592197,0.0148565132080899,0.738168823643036
"LRRFIP1",1.32236340449792,0.0317680276560144,19.2446089336475,0.020721696617119,0.236913270233726
"LRRFIP2",2.99759580886008,0.164152357802196,18.1180501165196,0.0227778356206627,0.444465906895886
"LRWD1",1.5564828436421,0.330709803925489,22.0249097527993,0.0314217392552971,0.817655012555534
"LSG1",2.78514211420207,0.390097643549422,16.3079306608014,0.0361443196546918,0.753525207649218
"LSM1",1.96860153080225,0.128715350395014,21.8375282089874,0.0202734432250234,0.484547034962333
"LSM10",3.03532892671021,0.183751561665191,17.7410959024665,0.0234992814137878,0.466582963106046
"LSM12",7.11985402403401,0.404248989234778,7.22577355061592,0.036558377226103,0.531678578327217
"LSM14A",4.31572560611669,0.15820174125244,13.0281514283516,0.0242579764351867,0.301043075140042
"LSM2",2.67427618133673,0.0739087014140835,16.6039999433841,0.0220085986821013,0.247054278539695
"LSM3",3.35799832287375,0.119288992019879,15.070070975392,0.0229019876944784,0.286845663511686
"LSM4",1.60864778228261,0.0461407315310734,19.9972955715142,0.0201726263404605,0.286652501448715
"LSM5",2.44242309842001,0.0952872548206972,18.2200831578244,0.0212700040876996,0.328182344987444
"LSM6",4.95744494910967,0.24274659359414,11.6094351621846,0.0270851400121709,0.401487347884875
"LSM7",3.9087175674995,0.082481065466087,12.4493929140691,0.0239987261346919,0.154915974502608
"LSM8",8.09893261008878,0.262854398882696,5.29662539444999,0.0287044215812258,0.276608074174232
"LSP1",0.309155634887133,0.00518635372341208,28.8397061103935,0.0142670011204548,0.460208615028008
"LSR",0.34643554716298,0.0183992530032035,33.6666313698623,0.0110183463780946,0.625265597836585
"LTA4H",0.87767215621805,0.0739701269026377,28.7571663127101,0.0154082918028352,0.582576781920031
"LTB",0.0811027954368918,0.00268426302611127,39.5177009713432,0.0063564098262022,0.768108943403516
"LTBP3",1.29356833826687,0.0755774747954819,25.1081909065495,0.0174814096350237,0.482808576395596
"LTBR",1.89900559018585,0.0774347515567294,21.4567579215897,0.0195146467972543,0.385358315626811
"LTN1",3.35131952601447,0.387523485867864,14.8056102458662,0.0358159060487931,0.708711609039985
"LTV1",2.2277127072415,0.352002902011461,18.9673428856371,0.033153171767041,0.767143133088661
"LUC7L",2.54250824390772,0.245407561939507,19.4186493285691,0.0258642425932793,0.61145451033417
"LUC7L2",3.29363580944434,0.175011802649787,16.8028779465472,0.023506317732711,0.427371064322967
"LUC7L3",3.47881143182501,0.123749120881966,14.3550144451887,0.0232057048968829,0.275352520764922
"LUZP1",1.10014955504212,0.139666368148366,28.2347219793115,0.0180311235320836,0.680220204751787
"LY6E",0.712415823224363,0.00269125807644729,15.6623333291878,0.0238266338860212,0.0734015839289164
"LY96",0.360087656069189,0.0284675343283442,34.2864038770066,0.0108208069515963,0.661097160517674
"LYAR",1.82646699400764,0.237473152268399,23.2294036195219,0.0247484617091435,0.702337260961947
"LYN",0.425341264795417,0.0288052025968808,32.8737996622368,0.0117837250297151,0.620822870388256
"LYPLA1",1.5885010218561,0.0614449793712944,21.5264679398024,0.0192948272118054,0.357446397527526
"LYPLA2",3.79924181548014,0.264262751582442,15.671757681545,0.0276180532674995,0.541433262507244
"LYPLAL1",3.43747200029309,0.326443758625559,16.0774153536452,0.0313759397964754,0.648927950550512
"LYRM1",2.17545575736148,0.260189458471697,21.3954763650968,0.0264927603186183,0.688622754491018
"LYRM2",5.19246280261456,0.328309646139236,11.4910931016146,0.0316200775614559,0.530519605949392
"LYRM4",2.72550240347613,0.316231204132905,18.3231816077919,0.0305353232887423,0.69364496812826
"LYRM7",2.99742119057321,0.471236716967605,13.4918427400832,0.0429807524665671,0.800656751014101
"LYSMD2",1.11828329360548,0.0888866804861451,27.1851784912927,0.0166754229398625,0.564322966969287
"LYSMD3",3.88560919480185,0.57905398146056,8.42400770113055,0.0524206061347545,0.822484064129805
"LYST",0.64302365259509,0.0753291653940212,31.8572969795483,0.0137204634857715,0.673073208421866
"LYZ",0.0793398937674539,0.00109113758204411,38.5813600591577,0.0070016802618157,0.737782499517095
"LZIC",5.08434001021568,0.415652149277756,10.7046414525903,0.0377744535069576,0.640139076685339
"LZTFL1",1.2195365141941,0.293141750647759,24.7100602453682,0.0283116045918825,0.832142167278347
"LZTR1",1.64398101488988,0.362035420804017,20.5230397277946,0.0339642831717852,0.825767819200309
"M6PR",1.94829059767211,0.0730360823160557,19.1728220902731,0.0206113341767201,0.313212285107205
"MACF1",1.50587095734511,0.0575618989008358,20.5823355096217,0.019775500910686,0.323063550318717
"MAD2L1",0.157212308356125,0.0511957684528979,40.5969893388595,0.00755417341588721,0.883233532934132
"MAD2L1BP",1.79210630313289,0.343415632467163,20.718007171616,0.0324635359974056,0.80171914236044
"MAD2L2",2.2203467513092,0.156009781660987,21.4502574704241,0.0213340991117803,0.520475178674908
"MADD",0.896919504194947,0.21929686100525,28.4992356691343,0.0223611846068785,0.818620822870388
"MAEA",7.91303532304902,0.575604646390293,3.54931702253921,0.0504271762519399,0.674908248020089
"MAF",0.377988344542961,0.0406360429988038,34.9530294596011,0.0107274023899189,0.701757774773035
"MAF1",2.71806751355901,0.106475526366447,17.3230517754384,0.0217992465281747,0.323932779602086
"MAFB",0.247999194147516,0.00575602645728113,31.5578707786827,0.0122884800635316,0.540564033223875
"MAFF",0.454521078689936,0.0571086455267273,34.7263781086457,0.0114333042113913,0.723874830983195
"MAFG",1.22589299700991,0.279602602386297,25.0326382256301,0.0272476285178873,0.819490052153757
"MAFK",0.883751432914635,0.269708683289771,27.0273433668988,0.0262164691079819,0.858991694031292
"MAGED1",0.705265621423108,0.0416274062713669,29.5201577911567,0.0142520977142795,0.547324705427854
"MAGED2",0.664877923178459,0.029613859598531,27.3370399620802,0.0154748318518507,0.462526559783658
"MAGEF1",1.26375821677862,0.089730685814642,26.5857423812708,0.0170474737020069,0.549256326057562
"MAGEH1",0.487340497443122,0.0809795589211369,34.399188829735,0.0125322230508768,0.755360247247441
"MAGOH",2.89082114467359,0.143811700286417,17.4188740707612,0.0223918790992183,0.39086343442148
"MAGOHB",1.82738026592437,0.199371760107256,23.9120530565162,0.0224729181165997,0.659358701950937
"MAGT1",2.56734660543082,0.226535006038406,19.8811826631541,0.0248323110383014,0.593683600540854
"MAK16",2.38113837400557,0.458057443604237,15.2197320521396,0.042029323959117,0.828761831176357
"MALAT1",2.81237466755521,0.00136996218330866,12.7049596364505,0.0257341149444618,0.0077264825188333
"MALSU1",6.52108140793977,0.399717547590406,8.02594407570277,0.0362278025815439,0.546165733050029
"MALT1",1.04024571632925,0.211680333076431,27.7742706896311,0.0220591514410558,0.786073015259803
"MAML1",2.84689024565634,0.506475077440775,12.5131684615925,0.0461391286596511,0.827989182924474
"MAML2",0.896087087411493,0.0639793808353008,28.4405711267219,0.0153602959672334,0.556210160324512
"MAN1A2",2.21254166417789,0.142319451859824,21.1601068453967,0.0209793244879285,0.48947266756809
"MAN1B1",2.61960173651427,0.250879286185003,19.419306229968,0.0262235940250619,0.620243384199343
"MAN2A1",0.808842102610313,0.122656637632585,30.7143792465479,0.0161884816943491,0.721267143133089
"MAN2C1",1.50202704996745,0.223632201344892,24.8121028206084,0.0235284825655498,0.723488506857253
"MANBA",0.990178064498712,0.144121100170154,29.2520708070642,0.0178325516900167,0.716148348464362
"MANBAL",2.84801765621698,0.268558926236793,18.8903656403708,0.0274215064525408,0.634054471701758
"MANEA",1.04928916337311,0.28352545062887,25.6160383761197,0.0274405661197757,0.841993432489859
"MANF",1.10815785996356,0.0468914049404002,24.1141722448176,0.017669008621772,0.402839482325671
"MAP1LC3A",0.800745649827703,0.0390424607200477,27.6146482030711,0.0154212588192339,0.488120533127294
"MAP1LC3B",3.05519807460124,0.0969876613080271,15.2250396521583,0.0226581573090871,0.251110681862082
"MAP1S",1.83645458337357,0.224877802034242,23.2513806805062,0.0239895139846177,0.682634730538922
"MAP2K1",2.05818366591771,0.202035926884123,22.3461203687736,0.0229976655429878,0.620822870388256
"MAP2K2",2.36398160379819,0.272305753633435,20.2019496659523,0.0273923710806731,0.675487734209001
"MAP2K3",1.11447051162986,0.119782716035557,27.8419452214537,0.0173667556289702,0.63569634923701
"MAP2K4",5.15715042542322,0.676161457943407,4.21173525096602,0.0617296327750903,0.843248985899169
"MAP2K5",7.65057534969956,0.69994469727821,1.92673430456171,0.0636878589199549,0.800077264825188
"MAP2K6",0.400668313549466,0.229332394418472,31.5434781079009,0.0223245356693678,0.920030905930075
"MAP2K7",5.88890183019143,0.517689504918708,7.16022525859459,0.0458832589580845,0.693934711222716
"MAP3K1",0.702509637633904,0.141855515691634,31.7409878457543,0.0166944311880043,0.782306355031872
"MAP3K11",1.78060509111568,0.15020899910553,23.5529801242277,0.0203163856052209,0.568089627197218
"MAP3K13",1.60943283212589,0.101680971913486,24.5478770355234,0.0184012857853926,0.513328182344987
"MAP3K2",2.49083847739242,0.180626589257417,20.0937785366208,0.0226794904389037,0.524531581997296
"MAP3K3",0.773322997538803,0.197039418055646,30.0151061006675,0.0205146381233666,0.824705427853969
"MAP3K7",4.60697880031459,0.47506479826764,10.1414999424455,0.0426395621178329,0.713637241645741
"MAP3K8",0.626015014269687,0.0470369455707806,30.542935976355,0.0136955354251578,0.586053699053506
"MAP4",1.86841693352547,0.0927742302899543,20.9843487839725,0.0198768969709949,0.398493335908828
"MAP4K2",1.32586637264533,0.290828574364438,24.1845242355903,0.0281765728335805,0.813984933359088
"MAP4K3",2.68068080135843,0.545248688666665,11.5379177112789,0.04986947138237,0.860440409503573
"MAP4K4",0.682260011047899,0.0736085001131516,31.4551920964053,0.0138968398369417,0.658682634730539
"MAP4K5",1.63104993169763,0.16535477318113,24.6480170281721,0.0205480008803982,0.623527139269847
"MAP7D1",1.72864496114089,0.136592342407461,23.5022605262211,0.0198323714620072,0.543654626231408
"MAP7D3",0.858365480906136,0.154416377886667,30.3676386793148,0.0179222790524763,0.764535445238555
"MAPK1",3.90157010341021,0.330691492182706,14.2150999697526,0.0316073858888842,0.605949391539502
"MAPK14",2.77951466475438,0.388695322457017,16.2443131601095,0.035995727940645,0.749758547421286
"MAPK1IP1L",3.91251790378596,0.22004388348161,14.1453781754215,0.0256578573191275,0.4304616573305
"MAPK3",1.54885880273689,0.231936979641415,24.5845878263648,0.0241052502349369,0.730635503187174
"MAPK6",2.7202711527905,0.315258060360437,18.3215911175505,0.0304598563546417,0.692099671624493
"MAPK7",2.36301905596242,0.491084493258681,14.0409194689899,0.0449723613662879,0.847305389221557
"MAPK8",2.95637024586236,0.465889764604851,13.6813119777731,0.0424940408839816,0.797855901101024
"MAPK8IP3",1.9076973981584,0.259636225970321,22.3469114999356,0.0262698959185829,0.713733822677226
"MAPK9",1.50104299450597,0.443463278007812,17.9551842775604,0.0410731186123804,0.882654046745219
"MAPKAP1",6.07735927399033,0.435777249399119,8.33092693279924,0.0389972845997352,0.6066254587599
"MAPKAPK2",1.25987768244553,0.151691449354273,27.0359184177253,0.0190510776570536,0.666892022406799
"MAPKAPK3",0.812184206655212,0.0984961068625331,30.7143291874302,0.0151902247414655,0.680413366814758
"MAPKAPK5",6.01363852262266,0.521503223697556,7.08974154297866,0.0462965423975459,0.696928723198764
"MAPKAPK5-AS1",5.68671081327703,0.495916292820171,7.99668070595939,0.0441055435248968,0.685049256326058
"MAPRE1",5.01870516738381,0.262998361284157,11.8818123799385,0.0279959654471396,0.440506084604984
"MAPRE2",0.982322385976147,0.106906076871695,28.7745338644324,0.0164446963947079,0.639945914622368
"MARCH5",5.0795105722577,0.411010568653437,10.6937805847494,0.0373784947754143,0.633088661386904
"MARCH6",2.43731360943501,0.181358576738509,20.4687600640822,0.0226072097861453,0.535928143712575
"MARCH7",3.67766858904335,0.314353713678573,14.8148823047524,0.0304758477747306,0.596774193548387
"MARCH9",0.613493348171226,0.335764878256976,25.548594806018,0.0316784096923264,0.923700985126521
"MARCKS",0.481195605432249,0.0117326917393566,27.0624901502196,0.0155723118937379,0.4211898783079
"MARCKSL1",0.504173560591381,0.00646563836526623,24.0945890831432,0.0177057091194951,0.324995170948426
"MARK2",1.90004809906892,0.215776745784843,23.2774715592564,0.0235042729746785,0.668630480973537
"MARK3",3.24697961281791,0.336168296045478,15.9249478405946,0.0319385651709708,0.66013135020282
"MARK4",1.68453694706781,0.394534300478465,19.3823716652551,0.036740986874582,0.845180606528878
"MARS",1.75154763414859,0.202441487085889,23.8407200960207,0.0225993178039334,0.662352713926985
"MAST3",0.73131951721806,0.341456333756389,24.7652674648112,0.0321908351521716,0.910952288970446
"MAST4",0.282180711450117,0.0639533106926267,37.8231473356459,0.00983832501579526,0.824705427853969
"MAT2A",2.24980768297912,0.0915618373408707,18.6890983454311,0.0209882270574127,0.333784044813599
"MAT2B",1.78809849490161,0.115152449699593,21.9359018965421,0.0198334783392899,0.463492370098513
"MAU2",3.63826484511539,0.471725747012212,12.0609466003083,0.042716773876872,0.761734595325478
"MAVS",4.2321084546991,0.442614423420215,11.6273051005448,0.0400522302359861,0.705717597063937
"MAX",2.37717495523093,0.118810307187272,18.7366924422316,0.0213153485203979,0.382750627776705
"MAZ",2.58872805382876,0.149878327750378,19.619395676585,0.0218091934595189,0.460691520185436
"MBD1",4.48487535972065,0.477886686893459,10.0251647298654,0.0427811451557937,0.715279119180993
"MBD2",1.49485682250542,0.193557993667674,25.3826202599724,0.0216913035696021,0.69026463202627
"MBD3",1.08504341128845,0.289944791805956,25.3207265957086,0.027978934722481,0.844021634151053
"MBD4",3.02206661242386,0.21116489583638,18.0468322735247,0.0245212436323693,0.519605949391539
"MBD5",2.00286389438947,0.408289779932021,17.821233166465,0.0377981054576942,0.82364303650763
"MBD6",2.17243557868826,0.307290841313877,20.1420366770642,0.029726556662555,0.729186787714893
"MBIP",2.17074277489227,0.389966044359715,18.0081399909129,0.036236324765031,0.800077264825188
"MBNL1",2.28514685861742,0.0676205165344637,16.1206360695372,0.0222030555502207,0.219528684566351
"MBNL2",1.18581490034377,0.0870814685903911,26.4953252009858,0.0169879178146378,0.541819586633185
"MBOAT7",2.25979470080699,0.269753651873619,20.8645564252478,0.0271723022910314,0.689395402742901
"MBP",0.904655439230002,0.0708485072811876,28.5885783299194,0.0154350323276287,0.572435773614062
"MBTD1",2.8606215814471,0.613543308370471,8.63915309438443,0.0562785159919991,0.883813019123044
"MBTPS1",1.94879170112087,0.157214202550612,22.5693317920263,0.0209386818528885,0.552829824222523
"MCAT",3.03126809778634,0.480504554782085,13.292305755363,0.0438735538089273,0.808962719721847
"MCCC1",0.883174803196342,0.151136528036596,30.344145106617,0.0177706490616352,0.758450840254974
"MCCC2",1.90544713402762,0.268463810118778,22.1885670618628,0.0268674911009632,0.723488506857253
"MCEE",2.11240413918783,0.270848545896131,21.5177678394549,0.0271613810153104,0.708904771102955
"MCFD2",2.60605025908116,0.149912876925453,19.4161027656592,0.0218729554704252,0.455186401390767
"MCL1",1.47767326908593,0.0273444563639768,16.9954609018127,0.0222158421145127,0.165346725903033
"MCM3",0.561116510725292,0.0642221455846031,33.0266317950775,0.0126875872672045,0.687367201081708
"MCM3AP",2.69333254233251,0.322777234383037,17.9826721383008,0.0309501791925099,0.694803940506085
"MCM5",0.465445284263776,0.0542897992691022,34.1916592060416,0.0116542900573541,0.703592814371258
"MCM6",0.440483386533705,0.095726730590339,35.3228548700228,0.0127109477335855,0.806741355997682
"MCM7",0.400226435979477,0.0333081128013761,33.7909691904687,0.0112767810684954,0.655302298628549
"MCMBP",2.66247743361241,0.323622115282437,18.073137452301,0.0310075780513684,0.698570600734016
"MCOLN1",1.20202916483861,0.140801325942823,27.5740281948909,0.0183631227980459,0.663704848367781
"MCRS1",6.81223520941822,0.491561274868157,6.07728858139344,0.0431615048823334,0.627004056403322
"MCTS1",3.86415364334041,0.215092083532952,15.224946161029,0.0253666823439034,0.451419741162836
"MCUR1",3.30946576742473,0.188671430051583,17.6307812199435,0.0238232916454393,0.472377824995171
"MDC1",1.09142823532775,0.276825068318426,25.7365536982638,0.0269399900968739,0.834556693065482
"MDFIC",0.816481765851714,0.14391956867544,30.6789170705431,0.0172380146818623,0.755843152404868
"MDH1",2.13957549349773,0.0821910153232861,19.26010546928,0.0206491762925207,0.33291481553023
"MDH2",3.18604935095741,0.07070428482293,14.5068506285045,0.023096106891378,0.186304809735368
"MDK",0.319032485315999,0.00588778557020612,29.2885857403053,0.01394801480588,0.474695769750821
"MDM1",1.19699691026296,0.425169230117118,19.4880437105313,0.0395134784884344,0.896851458373575
"MDM2",0.847466234419451,0.102637642482636,30.0436879039006,0.0156638539671219,0.668437318910566
"MDM4",2.22331487709617,0.218040471134951,21.2671780365194,0.0240561492741901,0.617442534286266
"MDN1",1.59904539766128,0.295001317126512,22.9180785444753,0.0286293434208835,0.785686691133861
"ME2",0.545023414482015,0.0486394623509503,31.9633196137083,0.0128463696994584,0.629611744253429
"MEA1",4.22307989199175,0.125059612324967,13.3762004059364,0.0237215087069544,0.254973923121499
"MEAF6",2.80359588657276,0.119258521682196,17.0586543552943,0.0220583453228324,0.338902839482326
"MECP2",3.92349066515374,0.323653300450636,14.1779661428848,0.0311328097719643,0.594166505698281
"MECR",3.21084446035068,0.432955085816773,14.3626940439314,0.0396886426775629,0.765597836584895
"MED1",4.26968009255711,0.515962104643885,9.67985805098763,0.0463599936973108,0.762217500482905
"MED10",4.39400807158,0.235184801755185,13.0827592140104,0.026518774909176,0.427371064322967
"MED11",3.26328904174048,0.443006350702009,13.6098219862529,0.0403700235173368,0.760865366042109
"MED12",1.57769169066717,0.35735838897138,20.9194059346366,0.0335801320296448,0.82934131736527
"MED13",2.97906167352449,0.372883602618833,15.9840105645024,0.0346852635176918,0.718369712188526
"MED13L",1.74517080223586,0.200542037822373,23.7221665651545,0.0225132348236881,0.655978365848947
"MED14",1.80191390136302,0.309446092081567,21.7163831426356,0.0298052431346922,0.775545682827893
"MED15",3.29254669662785,0.276041994613807,16.4085584451625,0.0280310255013402,0.579389607881012
"MED16",4.0715733606264,0.502154745282081,10.4480085321823,0.0452384438442608,0.762796986671818
"MED17",1.9454399875719,0.345919960157969,20.0569643443939,0.0326613881343664,0.787521730732084
"MED19",6.24762672520449,0.46670766314905,7.75816045875681,0.0415184302939057,0.635792930268495
"MED21",2.44499939122395,0.279286244213273,19.8553304900381,0.0278946984806598,0.677129611744253
"MED23",1.51842720758422,0.346785867223264,21.4738688399353,0.032701712967598,0.827989182924474
"MED24",1.86961457928929,0.335675702876654,20.5389244939258,0.0318284458822169,0.784720880819007
"MED25",3.90250513185747,0.451586764772453,12.0815295454855,0.040907008317645,0.731697894533514
"MED27",4.57396287089706,0.585609196296928,7.37971346438164,0.0527963412915002,0.801236237203013
"MED28",10.2282315274638,0.491494050085901,1.7443625759866,0.0421687913462006,0.511203399652308
"MED29",3.53807231503983,0.292177840777377,15.6579695432148,0.0290859763909672,0.58470156461271
"MED30",1.8685121296915,0.129277487394238,23.2550077666923,0.0197582684573161,0.524821325091752
"MED31",4.23895889439612,0.507097044244974,9.99317310047702,0.0455909255843519,0.757581610971605
"MED4",3.78262432019042,0.307926503609435,14.7140555535709,0.0301043672072077,0.584122078423798
"MED6",2.49484643607766,0.557625512320844,11.306112550977,0.0510769424422794,0.873672010817076
"MED7",3.27408545968918,0.55478275778874,10.2070288040419,0.0504627863881632,0.836681475758161
"MED8",2.67443546171778,0.195277428924995,19.71006298267,0.023437349096252,0.538439250531196
"MED9",20.1428093384013,0.911881667626201,0.239424531868409,0.0943490253225431,0.872223295344794
"MEF2A",1.03096882881481,0.0459519636825868,25.077129865107,0.0170771620091121,0.428433455669307
"MEF2C",0.462931864128855,0.0230054961487332,30.7888098267226,0.013081903975584,0.550028974309446
"MEF2D",1.28399041868189,0.190499992149816,26.5768933850576,0.0211533400397838,0.718273131157041
"MEGF9",0.573690196419381,0.19119793441293,31.7543186694515,0.0196133335262783,0.863917326637048
"MEMO1",3.29434030499962,0.432507735237125,13.9183220547619,0.0395138655482781,0.753138883523276
"MEN1",4.07922001710635,0.61719683633366,7.15892037899937,0.0562076725204392,0.843055823836199
"MEPCE",1.17099037162366,0.217470457268591,27.0469660231756,0.0226345851716251,0.775255939733436
"METAP1",2.03149418836926,0.266713076105379,21.7645991246548,0.0268296356317316,0.709097933165926
"METAP2",5.089035933595,0.251632224303753,11.2860200694737,0.0274999798251031,0.407185628742515
"METRNL",0.243286118626271,0.0499267202071884,38.4502788824949,0.00884229479805782,0.818910565964844
"METTL1",1.87859198576699,0.430726149767651,17.553906292476,0.0398510896943298,0.851072049449488
"METTL14",2.40932759581089,0.399800989951028,16.9659838284486,0.0369859447306295,0.786749082480201
"METTL15",2.16130801427991,0.419906699858858,17.0334023072931,0.0387642718423105,0.819876376279699
"METTL16",2.12555177432558,0.425525846679173,16.9289954457719,0.0392566878438868,0.825767819200309
"METTL17",3.69219487843801,0.36014929180245,14.2301660096694,0.0336393542292055,0.651535638400618
"METTL18",2.99069614954919,0.586465092280597,9.57516916095419,0.0536650881003495,0.867877148927951
"METTL21A",1.71057644528449,0.262329363214294,23.2979024283351,0.0263085733467725,0.744060266563647
"METTL22",2.08604173457237,0.411465164253692,17.5594416675678,0.0380749523353186,0.821228510720495
"METTL23",4.92052600627199,0.346157537482822,11.6030259269254,0.0326713404866209,0.560459725709871
"METTL2A",2.54465026914522,0.557243188197311,11.2765206073809,0.0510415390258647,0.872030133281823
"METTL2B",2.64687276275787,0.503291178052808,13.0967227559091,0.0459901190306394,0.839385744639753
"METTL3",2.20781005284918,0.353264239159857,18.8810226409932,0.0332274838581757,0.766853389994205
"METTL4",2.05843307057501,0.469236766608207,15.5166230883203,0.0431352749575264,0.854742128645934
"METTL5",5.93842896869822,0.25887853824222,10.0035909920253,0.0281174260522284,0.386613869036121
"METTL6",2.98191391236529,0.578018281061567,9.87075268440281,0.0528382701751074,0.863337840448136
"METTL7A",0.43479372911522,0.0701652721965756,35.036949012366,0.0117292271869484,0.75516708518447
"METTL8",1.94428397935411,0.396852300120115,18.4686522831513,0.0368674480983241,0.823546455476144
"METTL9",6.343170693006,0.239805968030538,9.3981171555348,0.027518101631288,0.342379756615801
"MEX3C",1.50087094340746,0.398476007487176,19.6878179087047,0.0370861087055477,0.860054085377632
"MFAP1",2.45605073483084,0.343122968382648,18.2781131826482,0.0324300943403234,0.734595325478076
"MFF",8.14467206924199,0.306511977274035,5.23805188388008,0.0304871502187698,0.340061811860151
"MFGE8",0.207854067530848,0.00164497655530174,29.9359915421823,0.013433345824875,0.485319683214217
"MFHAS1",0.68959424826288,0.246819349255834,28.9531592574141,0.0241788979238652,0.875796793509755
"MFN1",1.61167407092459,0.267813813389209,23.5548389987095,0.0266258169160531,0.759899555727255
"MFN2",3.35529986576757,0.462029122022647,12.9701651654627,0.0420130123562122,0.772068765694418
"MFNG",0.31258713863555,0.0652849231403122,37.2416835725639,0.0102418249742052,0.810218273131157
"MFSD1",0.869518060946183,0.0336527053955911,25.0618928621611,0.0169951573297963,0.405060846049836
"MFSD10",3.20492569906458,0.126240337198836,16.7452275207612,0.0223919682342126,0.344118215182538
"MFSD11",2.96977933339167,0.297610909370436,17.848691599121,0.0293150319192311,0.651728800463589
"MFSD12",0.714262365857365,0.108397371147836,31.9495369143535,0.0149901418280127,0.732180799690941
"MFSD14B",1.45050924879765,0.28455593361065,23.7264453294056,0.0277568015849868,0.791384971991501
"MFSD3",0.873404802922394,0.151735408743401,30.6661603932767,0.0176969184079943,0.768495267529457
"MFSD5",5.6143209001027,0.506452186535805,7.83449375426672,0.0450156331039937,0.69615607494688
"MFSD8",2.27299039153494,0.528367248368797,12.7844276468296,0.0484207714506187,0.870291674715086
"MGA",2.12771297905572,0.338621963205115,19.5310730125744,0.0320767736109754,0.761734595325478
"MGAT1",1.16144325263884,0.0416923321088406,22.1502914692247,0.0188393565551847,0.337357542978559
"MGAT2",1.33713724236677,0.196971995133432,26.1315595313489,0.0216397456506147,0.716534672590303
"MGAT4A",0.33793743609479,0.0329324899181988,35.3283993399565,0.0102474318490357,0.699150086922928
"MGAT4B",1.11615102019715,0.217065022982291,27.3908943764398,0.022522323472974,0.784141394630095
"MGAT5",0.819300982874611,0.183088579879382,30.1680873708933,0.0196202263200417,0.80616186980877
"MGLL",0.184646622286998,0.0142998385434763,37.6166829207713,0.00810856740695621,0.732953447942824
"MGME1",2.05104180732259,0.353284012615101,19.6561381375737,0.0332880580845606,0.787908054858026
"MGMT",2.82625453644761,0.181778054135276,18.8192010577552,0.0231344326375793,0.492273517481167
"MGRN1",3.24602762476009,0.301775060727055,16.3451827651079,0.0295983810305585,0.618022020475179
"MGST1",0.247223073292232,0.00694172004705276,33.1622965955029,0.0111468747330149,0.589723778249952
"MGST2",0.689538715801569,0.0575079904436683,30.774185306771,0.0138241723587301,0.611261348271199
"MGST3",2.23855543473689,0.0306905416232704,15.1134694067413,0.0233306994447216,0.124299787521731
"MIA3",2.40109222862565,0.209019841827076,20.3937358284901,0.0238101500532573,0.579099864786556
"MIB1",2.05735106788217,0.319948425148132,20.4812195271569,0.0306683815216145,0.758257678192003
"MIB2",2.08895241085323,0.323080221880322,20.3557804840238,0.0309226823420012,0.759706393664284
"MICA",1.92908018941065,0.350076633024559,20.0207764046796,0.0330002148632848,0.793026849526753
"MICAL3",0.68403433973058,0.145683011496345,32.1388190041898,0.0167587358082746,0.799884102762218
"MICU1",1.80921770197259,0.218358485248074,23.1997749145907,0.0236005680162355,0.67065868263473
"MICU2",2.68151139197542,0.306554227306153,18.1323182256508,0.0297817804894574,0.673556113579293
"MID1IP1",0.904453349996088,0.115494585635635,30.1191402828371,0.0161738698256344,0.692485995750435
"MIDN",1.53370024631517,0.121831709612049,24.5067516679476,0.0189227962204028,0.546262314081514
"MIEF1",2.18510150993506,0.306172924984579,20.4857371355824,0.0296884516769082,0.73662352713927
"MIEN1",4.63441656531471,0.177412675149768,12.7265375313885,0.0248127391375429,0.325767819200309
"MIER1",2.75550579027216,0.195133602686636,18.4302427778719,0.0236695132689056,0.50338033610199
"MIF",1.20337956961689,0.00311377409510078,13.5364035053058,0.025272875719549,0.0174811666988603
"MIF4GD",1.32543117760777,0.119424445132511,26.5963468492031,0.0179512736853999,0.600444272744833
"MIIP",2.20683631181179,0.173049514627955,21.5280422018473,0.0219353711068994,0.550898203592814
"MINK1",1.15570152534718,0.137798364621201,27.7867028756428,0.0181342209219694,0.664574077651149
"MINPP1",1.71722190707083,0.38535294681196,19.4901197671635,0.0359161812475309,0.833880625845084
"MIOS",2.5234488673883,0.409694176891343,16.4966294550943,0.0378328597859921,0.788970446204366
"MIR22HG",0.417737525087471,0.102856458599885,35.5055034916753,0.0129649159677084,0.823932779602086
"MIR4435-2HG",0.404630795671812,0.0188644944401342,30.8299433878816,0.0129824332339294,0.543558045199923
"MIS12",1.57634479816234,0.373036518680313,20.4110963022092,0.0349017977133868,0.839965230828665
"MIS18A",0.725017608660551,0.20072280257341,30.4120832820182,0.0206502111626339,0.841800270426888
"MIS18BP1",1.01889198044831,0.0988419808651614,28.2796077852099,0.0164095473608761,0.612227158586054
"MITD1",3.73306035433282,0.333297120683728,14.6929835085717,0.0317842710621899,0.622657909986479
"MKKS",5.07620736984715,0.351053536852052,11.3499028590341,0.0330291566972375,0.561135792930268
"MKLN1",4.10123799067172,0.34453664651035,13.3641950198307,0.0325143889731212,0.604597257098706
"MKNK1",0.797764024441939,0.122392304457881,30.9998223979544,0.0160590330761132,0.728897044620437
"MKNK2",1.22221987221535,0.126561891389186,27.2597361024203,0.0179037432274284,0.630963878694224
"MKRN1",6.26747887574514,0.317041439273167,9.13613285166873,0.0310038581771147,0.452965037666602
"MLEC",2.89215264188181,0.0851241148682605,16.4952802455655,0.0220861978685774,0.265018350395982
"MLF1",0.967646968748088,0.139069527335655,30.2686152334087,0.0172338847506009,0.736333784044814
"MLF2",3.63791877899096,0.0786830271716181,13.3194618682687,0.0236249407883738,0.17046552057176
"MLH1",2.56645609287427,0.447337841655803,15.0790536340986,0.0409884949079757,0.808286652501449
"MLH3",1.00678850326047,0.277578913316248,26.0891985793921,0.0269398553554585,0.845566930654819
"MLLT1",2.69428596924853,0.456743338335892,14.5846414757885,0.041810103750032,0.808866138690361
"MLLT10",2.07174311466335,0.203460570017063,22.5142231586824,0.02305295697053,0.627776704655206
"MLLT3",0.753888772355015,0.166148319952408,30.9540408351288,0.0183443825874858,0.800367007919645
"MLLT6",1.79224130790907,0.203203088225314,23.2159973487175,0.022761871839731,0.646416843731891
"MLST8",3.41100153210569,0.254452457308846,17.4742416005889,0.0269043904436219,0.573884489086343
"MLX",4.24602632947409,0.249466688631132,13.799762986981,0.0270630217256247,0.468804326830211
"MLXIP",1.56615919365436,0.154457845186547,25.1638705189498,0.0199018537229228,0.619663898010431
"MLYCD",2.18173144204441,0.53227783539094,12.8368757340839,0.0488529745930365,0.877921576202434
"MMAB",2.00840240789111,0.273195337884953,21.9048770293759,0.0272612616198846,0.723198763762797
"MMADHC",4.86476450939679,0.172114976718785,12.191318015487,0.0248637150876702,0.303747344021634
"MMD",0.404897789230007,0.109705356364262,35.5977470168769,0.0132724912007406,0.838033610198957
"MMGT1",2.44985426900973,0.284369206865918,19.8628570511573,0.028242349535141,0.685338999420514
"MMP14",0.336618254228331,0.0102892289734328,30.231028034233,0.0132996411134551,0.51033417036894
"MMS22L",0.688294906970642,0.287865335490515,27.3680729143282,0.0275721556578449,0.897624106625459
"MNAT1",3.85570737613932,0.424521113279493,12.9159437774687,0.0387130733130851,0.71344407958277
"MNT",3.64742246047835,0.58547465407336,8.6909572374303,0.0532586067032299,0.839772068765694
"MOAP1",1.84626546927508,0.409433012340775,18.1930539943329,0.0379259833520988,0.835812246474792
"MOB1A",1.89793445524003,0.0642375165393754,18.6808322802235,0.0208561517559132,0.283368746378211
"MOB1B",1.74970288657244,0.302366271726795,22.0708516687869,0.0292455635507797,0.774096967355611
"MOB2",1.90648359115862,0.219708058792401,22.7595848178058,0.0237885841085419,0.660807417423218
"MOB3A",1.311405322521,0.187110921696929,26.2620017481703,0.0210477577395308,0.703979138497199
"MOB3B",0.507096824415265,0.126014326140261,34.1890073081196,0.0148069535672999,0.825188333011397
"MOB4",0.544149311420894,0.0715285428947865,33.1857661932659,0.0128367553314074,0.704462043654626
"MOCS2",3.41063342470045,0.285665196459055,16.5523782566682,0.0286905247945953,0.598319490052154
"MOGS",2.97725910731617,0.391125357068959,15.7917723065735,0.036199883898905,0.740969673556114
"MON1B",3.59048527943757,0.423540726528801,13.383069572653,0.0386459485330588,0.724937222329535
"MON2",1.88646760689522,0.251426955030275,22.2745457701427,0.0257191653174605,0.698667181765501
"MORF4L1",5.28714928766147,0.0766110097683674,9.26500023605473,0.0254995556493271,0.0681862082287039
"MORF4L2",2.09156763914815,0.0794958971843368,19.9118532782166,0.0203197473469014,0.346339578906703
"MORN2",2.05824998396498,0.289666827629647,21.5741383934708,0.0284616707335912,0.74019702530423
"MOSPD1",2.81272941788729,0.495390122285681,13.1241976154512,0.0452425643639179,0.827602858798532
"MOSPD2",1.61811933738124,0.295682045804126,22.7690190560864,0.0286857220400391,0.782692679157813
"MOSPD3",1.02176284679668,0.0794536338834193,28.1571621387556,0.0159200804793631,0.57542978559011
"MOV10",1.71335286945122,0.267489373974549,22.8677196530298,0.0266718177962427,0.740583349430172
"MPC1",2.71606513154253,0.165328876994276,18.9655687795659,0.0224925853997382,0.468804326830211
"MPC2",2.57418597516932,0.0802621695068207,18.0326587740745,0.0213224271870096,0.297662739038053
"MPDU1",2.31507416445122,0.284138381477979,20.2162342190194,0.0281582497713197,0.694610778443114
"MPG",5.91836644941418,0.196089411234694,10.0409577463717,0.0260286947055272,0.289356770330307
"MPHOSPH10",3.3499173622604,0.274088803577856,16.9973397530266,0.0279818329286756,0.592041723005602
"MPHOSPH6",0.719953956600526,0.0929061614730155,31.589846520661,0.0145208440929969,0.695673169789453
"MPHOSPH8",2.72264815216257,0.132568759134729,16.8871504682568,0.0222762756707048,0.356384006181186
"MPHOSPH9",1.00092330439129,0.27126003411777,26.3465734627472,0.0264342043807331,0.842572918678771
"MPI",2.6847741652804,0.423420158270566,15.6784871022936,0.0389508407293554,0.78761831176357
"MPLKIP",11.1554428806267,0.458991913354424,1.30952798760441,0.0397021775701534,0.45595904964265
"MPP1",0.31992183707263,0.0313092210754071,35.6498074495414,0.00998451950183381,0.705621016032451
"MPP5",1.90636925612576,0.369370271519328,19.6240647074164,0.0346054258322509,0.812246474792351
"MPPE1",6.00613873858262,0.51938420825394,7.05126848308577,0.0460505547176043,0.693065481939347
"MPRIP",0.718930661299975,0.090421177079546,31.335982556315,0.0145471291102072,0.684180027042689
"MPST",0.989822200255882,0.0765339560759646,28.6754613642673,0.0155713801774047,0.585087888738652
"MPV17",6.7237189171127,0.295976445752002,8.27413468197263,0.0299516865440142,0.399652308286652
"MPV17L2",1.64788050010989,0.318557383416538,22.1105140747604,0.0304777663223148,0.800753332045586
"MPZL1",1.38669231029918,0.0807126824780189,24.8339452688194,0.0177410941647132,0.484353872899363
"MR1",1.18926600740854,0.253590370014431,25.8431910337418,0.0252462632375757,0.800270426888159
"MRFAP1",3.90151061123981,0.158726283637508,13.9447979952113,0.0239304702041222,0.32489858991694
"MRFAP1L1",3.86604050899933,0.292812347660113,14.4835984484123,0.0291897184062885,0.55456828278926
"MRGBP",1.26832823785805,0.287772592027115,24.7312678733312,0.0279164321836907,0.824125941665057
"MRI1",1.70212406251931,0.253291102850654,23.5363134017763,0.0256773999078175,0.736140621981843
"MRPL1",5.0484483990503,0.568383946787859,7.29150033512496,0.0509866753861325,0.772165346725903
"MRPL10",4.51764594338096,0.427122805719585,11.4032990511838,0.0387212430952106,0.67635696349237
"MRPL11",5.01087564988175,0.21925701659768,12.4413233394962,0.0262120684523763,0.386613869036121
"MRPL13",1.96992598362002,0.100664044687104,21.8570155793428,0.0196596028401231,0.437222329534479
"MRPL14",2.38884900435328,0.0702964972047178,18.3808077879603,0.0211082114291953,0.28887386517288
"MRPL15",0.994547723599796,0.0655620100629487,27.6162862341143,0.015880314971337,0.535734981649604
"MRPL16",5.81615461140524,0.333880075851794,9.57684830840289,0.0318617959264482,0.489376086536604
"MRPL17",2.10679836569371,0.115379915117654,21.1514972226471,0.0202688244098492,0.443210353486575
"MRPL18",3.89901714851456,0.194168171353836,14.7063382683052,0.0246969150444001,0.40370871160904
"MRPL19",5.28017629741211,0.326336051936687,11.7110389226467,0.0315895164419805,0.533223874830983
"MRPL2",3.24996418369818,0.244956657064639,17.7404204190901,0.026296868023361,0.565868263473054
"MRPL20",4.76057392290359,0.137481581163034,11.6239580231972,0.0244455757267546,0.231021827313116
"MRPL21",1.28727396868957,0.0746728410397296,24.9139557535656,0.0175616316246558,0.475661580065675
"MRPL22",6.08575612886272,0.407778649716862,8.4457065464487,0.0367783192365438,0.569152018543558
"MRPL23",0.956092378436385,0.265305658624462,26.8800365950083,0.0259256923310797,0.847788294378984
"MRPL24",3.24656825197022,0.194969506276774,17.9589634007486,0.0239801409469346,0.491404288197798
"MRPL27",5.65187781417734,0.268011098814425,10.3478765060873,0.0284111279758482,0.409117249372223
"MRPL28",5.88670517080993,0.343106733237993,9.615823803323,0.0324838195747193,0.504152984353873
"MRPL3",4.00145235607559,0.183256343366145,15.5239101659131,0.0242853987737934,0.408441182151825
"MRPL30",2.00137010222243,0.516741540119031,13.8495220499189,0.0475286907228277,0.882267722619278
"MRPL32",4.23637997305073,0.289086677849537,13.90232247756,0.0291151306424639,0.533513617925439
"MRPL33",5.20679852054332,0.154972970699938,10.9422798125817,0.0249090947404739,0.243867104500676
"MRPL34",3.95237702527496,0.137714528651627,14.4960774156841,0.0234644272962997,0.305292640525401
"MRPL35",4.24375227677113,0.422353155917444,12.1043062090905,0.0384253844711357,0.688139849333591
"MRPL36",2.81767697581669,0.12086521576963,18.3857088940191,0.0216323424114282,0.378597643422832
"MRPL37",2.28059353441469,0.13159358199669,21.2969482406241,0.0206716995323287,0.475468418002704
"MRPL39",2.45821627904494,0.374100370370275,17.7049940126301,0.0349143012861644,0.766949971025691
"MRPL4",4.47779254223155,0.190384918778367,13.7259810368723,0.024949989639438,0.373092524628163
"MRPL40",4.22723733832908,0.196258581995064,14.3808038870052,0.0249448534137318,0.399362565192196
"MRPL41",3.1817151372401,0.0859014465140175,14.1826794360933,0.0231325756444933,0.203689395402743
"MRPL42",4.41843866771871,0.304637377268223,13.3369599460722,0.0300615030288851,0.542688815916554
"MRPL43",13.2873543487989,0.405276967344154,1.48254054909586,0.0354140143811887,0.317655012555534
"MRPL44",5.72872725148046,0.546131762051574,6.98636647766134,0.0486668776846502,0.729959435966776
"MRPL45",6.9676166302698,0.527862643069401,5.70689567154947,0.0465411019495276,0.667374927564226
"MRPL46",3.55347124951224,0.381971227404589,14.5689040795562,0.035401902394731,0.69364496812826
"MRPL47",3.30227613844596,0.247443014838003,17.2216506806186,0.0264653663160074,0.555920417230056
"MRPL48",2.48344766671064,0.298440321678235,19.5809237471141,0.0292287009527347,0.699826154143326
"MRPL49",2.95068267689054,0.363622075200275,16.459602215285,0.0340222599281655,0.71682441568476
"MRPL50",5.6559689825847,0.472869496009331,8.3431803889529,0.0420716501351374,0.66119374154916
"MRPL51",4.45453648947081,0.095364851963659,12.0703687998497,0.0241493685449387,0.170562101603245
"MRPL52",5.00948978727895,0.146099736624605,11.1208796142215,0.024712764648385,0.233050028974309
"MRPL53",2.91492817019218,0.65522591832903,6.9526249860311,0.0603601616828326,0.900038632412594
"MRPL54",4.37281440762182,0.206911483654241,13.0352020555108,0.0254862456332503,0.380819007146996
"MRPL55",3.33239659660507,0.15221727613222,17.0596407690325,0.0228519960198261,0.396851458373575
"MRPL57",6.4099855628877,0.167325557945589,8.55182505430472,0.0258094433595419,0.206393664284335
"MRPL9",3.66548737286727,0.208507149347126,16.4411157656316,0.0249029361683425,0.473150473247054
"MRPS10",3.23436183371667,0.250737993456422,17.6219198106412,0.0265994953887995,0.57185628742515
"MRPS11",3.6690311573738,0.242920914406072,16.1791346385575,0.0264505583377117,0.521151245895306
"MRPS12",2.3285619325831,0.107647215817691,19.7184115124325,0.0207638912227166,0.39086343442148
"MRPS14",5.01139472037726,0.313537020937854,12.2917241653439,0.0307588097755688,0.528974309445625
"MRPS15",2.74035050403772,0.123888546769397,18.3119172289157,0.0216791737965551,0.381301912304423
"MRPS16",7.39504113987845,0.320464738989459,7.1658812741661,0.0312912274760232,0.408537763183311
"MRPS18A",3.47161562728349,0.261025096576699,16.7281343974575,0.0272906113177054,0.564322966969287
"MRPS18B",4.61718946609526,0.201510486014413,13.0591240054509,0.0254153399252159,0.37357542978559
"MRPS18C",5.66465166220399,0.232026708466536,10.3730205456917,0.0269814865116974,0.353872899362565
"MRPS2",3.75558519274756,0.323567928979235,15.1549924651105,0.0312029917405005,0.619857060073402
"MRPS21",4.51374768138922,0.0823871671880421,11.3742103272914,0.0245163590284883,0.129708325284914
"MRPS22",0.407825339925644,0.0228368812588267,31.6137115786138,0.0125049995069595,0.573498164960402
"MRPS23",4.88079713727626,0.335959398260697,12.0460257318918,0.0320681888593267,0.556596484450454
"MRPS25",2.49410110482528,0.17896664602503,20.6775816719323,0.0225014282233696,0.537859764342283
"MRPS26",2.36503377840616,0.123328734468602,20.4179533555378,0.0208057442269393,0.437318910565965
"MRPS27",2.82241321787132,0.399637891916804,15.9278028905434,0.0369048139199599,0.757871354066061
"MRPS28",1.60065157232879,0.178824323964169,25.0575110904675,0.0210616106054528,0.657137338226772
"MRPS30",6.10028380311209,0.469082913388194,7.83606912568609,0.0416954626696712,0.64158779215762
"MRPS31",1.41290331969926,0.208627332311496,25.5204061376526,0.0224685342617041,0.718659455282982
"MRPS33",3.74992698730912,0.200557727366204,15.8289682316038,0.0247079885103094,0.443983001738459
"MRPS34",2.3439649765882,0.0694575739597829,17.3910697270671,0.0215804339476985,0.259126907475372
"MRPS35",3.35721422966191,0.205304431399948,17.4855947420385,0.0245087420759047,0.495557272551671
"MRPS36",6.38070679646371,0.306953976230538,8.0516799617323,0.0303033538317184,0.409986478655592
"MRPS5",6.14756569625303,0.329633151691885,9.52926672462484,0.031762679659196,0.481842766080742
"MRPS6",0.964844357492272,0.0318650951293172,23.4520804920371,0.0180321472354894,0.355901101023759
"MRPS7",4.48550715392945,0.213936707020138,13.4486652058868,0.0257390127409138,0.403515549546069
"MRPS9",2.29867916351219,0.366695463108538,18.3969346197589,0.0343353832005823,0.774386710450068
"MRRF",5.45251274566048,0.518737311577203,7.97311123506242,0.0462673607758805,0.717597063936643
"MRS2",13.9480998261047,0.739777788698682,1.50885087149756,0.0673627983065216,0.72165346725903
"MRTO4",2.35271030163466,0.240950574177824,21.104880777062,0.0254236685352612,0.649990341896851
"MSANTD3",0.739734511508593,0.19355192184742,30.4916938918092,0.0201638662318934,0.832335329341317
"MSH2",1.15880905010187,0.26539592757827,25.8658244320961,0.0261032490260017,0.819779795248213
"MSH3",1.6336973131306,0.316825077777292,22.0984066924786,0.0303230482927394,0.797759320069538
"MSH6",1.1561893761208,0.15662829414251,28.1435404981473,0.0188951574840625,0.706007340158393
"MSI2",1.02324746568268,0.159141845301845,28.9948111902007,0.0186906791886376,0.733919258257678
"MSL1",2.4971016433352,0.314291370107255,18.959195964929,0.0303272099760971,0.707938960788101
"MSL2",2.53816276136385,0.507591712403219,13.075355158815,0.0463874626113498,0.84576009271779
"MSL3",1.92608837922135,0.204785141494156,22.9147577735053,0.0229729488745738,0.640815143905737
"MSMO1",0.495026098961857,0.0817480060408566,34.4204430553445,0.0125585094882742,0.757291867877149
"MSN",1.52726769856346,0.0387535974258257,18.4783945339404,0.0211159817737498,0.229186787714893
"MSRA",1.16807666398204,0.187025844581124,27.4815621214763,0.0206930704962626,0.737685918485609
"MSRB1",1.07968379505386,0.140012778281413,28.6887778625535,0.017882638335829,0.693548387096774
"MSRB2",2.07820814476281,0.227005631059819,22.3548175499685,0.024353166642867,0.661580065675101
"MSTO1",1.57389796151042,0.318680049829394,22.4483139625844,0.0304762125423435,0.810218273131157
"MT-ATP6",2.41755820082076,0.00268354268149134,12.7732875310806,0.025679564738434,0.00782306355031872
"MT-ATP8",1.53763845771367,0.00272005936077618,13.4168544236563,0.0253357211715782,0.0169016805099478
"MT-CO1",4.03815459740443,0.00192426791807405,12.0415358025914,0.0260155651089018,0.00309059300753332
"MT-CO2",3.76751906381121,0.00162780191027487,12.2109512951796,0.0259462967484333,0.00444272744832915
"MT-CO3",2.64574852706815,0.00222652481887395,12.706304158614,0.0257175948767063,0.00753332045586247
"MT-CYB",1.72765219286397,0.00157726820938688,13.1089681703732,0.025573483619547,0.00791964458180413
"MT-ND1",2.39706382874691,0.00408313739648737,12.7380473350614,0.0256504437183228,0.00917519799111455
"MT-ND2",1.44052841599323,0.00283132096376764,13.3294024149407,0.0254024094665935,0.0135213444079583
"MT-ND3",2.03773835033027,0.00211720775288921,13.0807321000278,0.0255361561314208,0.0114931427467645
"MT-ND4",4.07751520967527,0.00630360790344613,11.9271386220806,0.0259266255800933,0.00811280664477497
"MT-ND4L",2.49371466675892,0.00252424741195184,12.7581259514236,0.0256877633353193,0.00791964458180413
"MT-ND5",1.76871725979356,0.00442960991420614,13.1494758452767,0.0254260544808125,0.0148734788487541
"MT-ND6",0.914466475128144,0.00951895700969683,17.7608628391867,0.0221274886425137,0.149410855707939
"MT1E",0.329773449600977,0.00639812420846237,29.2218543844166,0.0140003198765127,0.473729959435967
"MT1F",0.402903675383208,0.0270021997548607,33.03576446366,0.0116311223299518,0.622271585860537
"MT1X",0.32254968929881,0.00445328241355411,26.2890165978975,0.016112973016053,0.384199343248986
"MT2A",0.479836163850746,0.00229064029123272,18.9572580457571,0.0214726549762792,0.166698860343828
"MTA1",0.654827101394578,0.0979774166533449,32.6219026981133,0.0142064303700993,0.733629515163222
"MTA3",1.54473882523724,0.2920505313787,23.3787824247223,0.0283893447379375,0.793606335715665
"MTAP",2.00322355144711,0.379578721220218,19.0139089691578,0.0354486630346746,0.811377245508982
"MTCH1",2.91777319484178,0.0699623723436905,15.2415520737636,0.0227165595272767,0.203592814371257
"MTCH2",3.22393821063088,0.132344318339923,17.3768042079401,0.0223044786444278,0.371933552250338
"MTDH",2.26669084639776,0.0271125215990735,13.847912694866,0.0241819808488334,0.081900714699633
"MTERF1",1.17438918296141,0.307882491171278,24.3127418208022,0.0294709958787732,0.844697701371451
"MTERF3",1.57424652300755,0.27030044218735,23.9014344251804,0.0267814916413243,0.773324319103728
"MTERF4",5.13858462668104,0.504752421022194,8.49585006544237,0.0449762983400816,0.71238168823643
"MTF1",1.82932149573369,0.320087253817475,21.2611603032773,0.0306237708831195,0.779891829244736
"MTF2",3.46828798669249,0.372346982232999,14.6918970905887,0.0345913958886683,0.682538149507437
"MTFMT",2.31768224157557,0.441333898032892,15.9380302906069,0.040581199003387,0.822773807224261
"MTFP1",0.841201803637094,0.155032496425557,30.627063160363,0.0178659992963797,0.772841413946301
"MTFR1",0.697799443913978,0.121072339484026,32.4306099268435,0.0153711620856127,0.767143133088661
"MTFR1L",4.61593478883666,0.499833146319122,9.73430900739538,0.0449053949225145,0.738844890863434
"MTG1",2.97098046578507,0.298638176816931,17.4369002301164,0.0293423105377634,0.642360440409504
"MTG2",1.1538108758047,0.19640011406157,27.7361314460771,0.0211859566324555,0.760092717790226
"MTHFD1",1.41040234386507,0.213036936762116,25.7576613789898,0.0226979301447455,0.732373961753912
"MTHFD1L",1.14152894673801,0.284930358752364,25.3226111886439,0.0276153535935439,0.836005408537763
"MTHFD2",0.97533194409338,0.036322636161921,24.8267014975479,0.0171763820534624,0.40370871160904
"MTHFD2L",0.883786776393678,0.121592586256813,30.6883580364645,0.0162002347461729,0.718852617345953
"MTHFR",1.17093912122118,0.253411509176786,26.0747915725275,0.0252100416017727,0.80635503187174
"MTHFS",2.60283390134673,0.264014645119947,19.6759047415294,0.0270030696176563,0.648058721267143
"MTIF2",3.79725132198652,0.443315560009462,12.8187163757176,0.0403883223159256,0.738844890863434
"MTIF3",5.14815807950054,0.272765361593576,11.0545956966156,0.0284546397931129,0.434131736526946
"MTMR10",1.22300285095972,0.397937826135842,20.5581568215524,0.0370943852615476,0.883523276028588
"MTMR12",0.767472957381464,0.10751989328309,31.7609335954443,0.0150676708329533,0.725420127486962
"MTMR14",1.47613264121131,0.156655663498092,25.6680269498334,0.0198006209344698,0.637241645740776
"MTMR2",1.83289964650363,0.258721689708104,22.792812368843,0.0261517626705512,0.724454317172107
"MTMR3",2.66053665320601,0.418170072317866,15.7246767235796,0.038448547241693,0.781050801622561
"MTMR4",2.59719140766543,0.454647949252921,14.806555384,0.04163223923905,0.811956731697895
"MTMR6",1.93606771573381,0.350651729178104,19.8356454444613,0.0330163702270752,0.788970446204366
"MTMR9",1.29590131772022,0.330082368028775,22.8840082315241,0.0313017998814417,0.840544717017578
"MTO1",5.55375876726539,0.650354704282889,4.58519692016183,0.0589176370063042,0.814564419548001
"MTOR",2.82680695086473,0.405421495035333,15.7500250521458,0.037375706618394,0.761927757388449
"MTPAP",2.79561738896444,0.646163998232735,7.45954163209955,0.0595282795383802,0.900907861695963
"MTPN",5.7319676421342,0.191275449187495,10.5368138737218,0.0258038815583629,0.294089240873093
"MTR",2.52131783783563,0.252310986649425,19.7747643521485,0.0262411500518437,0.632122851072049
"MTRF1L",1.60780140578258,0.311259857611988,22.3048759424183,0.0298738259299039,0.794668727062005
"MTRR",2.37372042232947,0.403864235750785,17.0655504344165,0.0373759399689905,0.795634537376859
"MTSS1",0.355745189916176,0.0482947015119582,36.1535846495985,0.0102293947980183,0.749758547421286
"MTX1",3.07300998914308,0.249806043398741,18.1655275855366,0.0264508927876409,0.584894726675681
"MTX2",7.2588636308523,0.45836219921943,6.5846130373549,0.0406977801891905,0.591848560942631
"MUL1",3.80860924013339,0.529780371254548,10.1857853965369,0.0479095661428461,0.797179833880626
"MUS81",5.5796704654239,0.49317475378993,8.04494525187324,0.0438043614698625,0.682827892601893
"MUTYH",2.63800514085359,0.453103053847353,14.8655122750637,0.0415282999278549,0.81099092138304
"MVB12A",3.58080896462741,0.198047943989311,16.76629339934,0.0244215769197618,0.464844504539308
"MVD",0.694751350304119,0.100523945413845,32.1331823952494,0.0145600858005079,0.724067993046166
"MVK",1.15821469431053,0.358882688349389,22.4766308750983,0.0337407989404175,0.8748309831949
"MVP",1.30654145436126,0.077501598346883,24.3482556105202,0.0178930320768346,0.464554761444852
"MX1",0.342864367389758,0.00654043217608751,28.1749422611353,0.0147540504708636,0.443403515549546
"MXD1",0.347184836069812,0.059670803946805,36.5044961458312,0.0104450968407126,0.779408924087309
"MXD4",1.03180045968502,0.188036703353645,28.4494614936401,0.0204536754774864,0.766273903805293
"MXI1",0.836016090283627,0.202663453167311,29.5563789424998,0.0210211328058917,0.821035348657524
"MYADM",0.900206253149796,0.0382106461156743,25.1705545896313,0.0169458000474143,0.4165539887966
"MYBBP1A",1.36821729971125,0.274185879353164,24.5460074990331,0.0269273997816921,0.797372995943597
"MYC",0.379541796758373,0.0213986721361254,33.0268909533424,0.0115217141791033,0.612033996523083
"MYCBP",0.951871510320724,0.238955380648844,27.7320202272166,0.0238830631976331,0.829051574270813
"MYCBP2",1.36281145682326,0.0815261012625343,23.6582120154123,0.0183099220656969,0.452192389414719
"MYD88",0.899530341506362,0.0868214827320599,29.1577468555362,0.0155699992812219,0.616283561908441
"MYDGF",1.92585574116862,0.0368591578869326,16.6063921008534,0.0222980790995954,0.175391153177516
"MYH9",1.08948240706733,0.0135571370268453,16.7934266500933,0.0226774279279445,0.130480973536797
"MYL12A",1.78636466352764,0.0130556696118733,13.2953962202818,0.024999590269353,0.0353486575236624
"MYL12B",2.91963007812543,0.0279386689199084,12.0548610661404,0.0252089132625486,0.0387289936256519
"MYL6",2.9027408338066,0.00896736907367894,11.9740872604985,0.0259081476672657,0.00173845856673749
"MYL6B",2.96207825427226,0.190042461559712,18.4665865647244,0.0235710229760855,0.496523082866525
"MYLIP",0.705419479369874,0.113760428465595,31.9445363562154,0.0152258218711868,0.741066254587599
"MYNN",1.86713375888183,0.277188657537441,22.3714924131788,0.0274590993747629,0.742321807996909
"MYO19",1.92596751098294,0.350777543069402,20.1250386618207,0.0330805866597176,0.79689009078617
"MYO1B",0.253284939145616,0.0235847063335741,36.5130746126543,0.00916124625548524,0.717114158779216
"MYO1C",1.48375720473813,0.10829764729192,24.8305431177381,0.0183904871979227,0.532161483484644
"MYO1E",0.672865141466286,0.0667018524365596,31.5008415498664,0.0136589313493138,0.648058721267143
"MYO1F",0.283817877769968,0.0330860604258155,36.7650235838219,0.00929638975628092,0.741066254587599
"MYO5A",0.682577259051161,0.107713410677744,32.2191315307306,0.0148237371850609,0.738651728800464
"MYO6",0.433907477248115,0.0290916564441545,33.0742929570103,0.0116635492466571,0.627197218466293
"MYO9A",1.61666301015525,0.223145791395154,24.4059208695728,0.0236207622973723,0.711512458953062
"MYO9B",1.24879291737553,0.111621108395135,26.6491915144732,0.0176304247562172,0.588468224840641
"MYSM1",2.90857049117986,0.42016083057555,15.1196887293984,0.038573111445879,0.767336295151632
"MZF1",1.10197597309647,0.269278861336643,25.9289214932393,0.0263579640470423,0.827796020861503
"MZT1",1.65109230892336,0.139630166479312,24.3382523679985,0.0196247281081625,0.571952868456635
"MZT2A",1.55870476500667,0.0645238128105089,22.5985005861219,0.0187363774762096,0.393277960208615
"MZT2B",2.08259313173258,0.0710783597460145,19.5569823682433,0.0204571671791228,0.321518253814951
"N4BP2",1.03014103928905,0.250277391890737,26.9148544687566,0.0248324900960775,0.824608846822484
"N4BP2L1",0.984626309475333,0.172610550413771,28.8628756985777,0.0194303579725212,0.752462816302878
"N4BP2L2",2.8278138978581,0.100718086256289,15.1054190939418,0.0226557015003502,0.252752559397334
"NAA10",2.09495138691383,0.209254499022819,22.3035887015293,0.0233952355997633,0.631446783851652
"NAA15",2.06229039790118,0.288441414479785,21.2120116995235,0.0283515912611332,0.728510720494495
"NAA16",1.81044895759034,0.398451612111494,18.7367577346076,0.0370099810792923,0.833590882750628
"NAA20",2.49754366282522,0.11768518381796,19.2000053175785,0.021176945643611,0.394340351554955
"NAA25",2.15114211134849,0.344574347592437,19.4780010279078,0.0325785067031907,0.769461077844311
"NAA30",7.56881918095243,0.739249386667169,1.05534560948393,0.0680141718914838,0.830307127680124
"NAA35",4.38892414278279,0.590119878478745,7.62770093197231,0.0534238343015133,0.814854162642457
"NAA38",2.81915253941882,0.0852215600265183,15.9172025756061,0.0223191679698326,0.248502994011976
"NAA40",2.4164826290525,0.478046329847726,14.4616606265936,0.0438064430202617,0.838613096387869
"NAA50",3.38516401918892,0.207001392943697,17.0506587127062,0.0246402468520839,0.486575236623527
"NAA60",3.76728941352584,0.366558306119188,13.8485057115379,0.0340792383480769,0.651149314274676
"NAAA",0.646232570739932,0.0617145335675974,31.5988082188307,0.0134489270852543,0.642167278346533
"NAB1",1.40311529892629,0.269346427153933,24.3978022776137,0.0265892223960834,0.785590110102376
"NAB2",0.528268173878307,0.150498880291192,33.3485656330041,0.0165299364874479,0.841993432489859
"NABP1",0.53891691783201,0.0538662751515344,32.6652405952554,0.0125678181848696,0.658972377824995
"NABP2",3.62760811361132,0.315703902641207,15.4339022216997,0.0306332989164318,0.615221170562102
"NACA",4.75003909093472,0.0162757376728085,10.8227201218141,0.0261879543384181,0.00183503959822291
"NADK",1.1842580240176,0.135715404376613,27.7889244454601,0.0180623972209466,0.66119374154916
"NADSYN1",3.68126861189855,0.361680372291954,14.4105535111169,0.0337988294626466,0.658586053699054
"NAE1",2.46555438776275,0.24816210633626,20.4586237054035,0.025945685210166,0.644002317944756
"NAF1",1.38761582835299,0.339103788225347,22.285582996201,0.0320696986180384,0.838226772261928
"NAGA",1.09202002607382,0.12264948986505,28.4172136838005,0.0172443312043623,0.656751014100831
"NAGK",1.18662160151992,0.0758253637532542,25.7330881513006,0.0171275491843122,0.500579486188912
"NAGPA",1.55777378549507,0.313281414947513,22.5271003587146,0.0300266874902098,0.803940506084605
"NAIP",0.231034273699919,0.0286963961086719,37.9290573572679,0.00836387484729798,0.767239714120147
"NAMPT",1.0249074399796,0.0365796460759324,23.7998416100705,0.0178206197246308,0.374830983194901
"NANS",1.75732119712682,0.0915339266239639,22.9489858601584,0.0189513091447577,0.45132316013135
"NAP1L1",2.32737447301959,0.0528056345576813,16.2241135849451,0.0223116139802655,0.196445818041337
"NAP1L4",2.87262884581383,0.174341853363587,17.8349990848002,0.0230934182040766,0.453158199729573
"NAPA",2.91429744198829,0.0916028550902303,15.6504655876688,0.0224494264704665,0.252752559397334
"NAPEPLD",0.679576343913728,0.156766958155169,31.9132168392943,0.0174616593421757,0.811860150666409
"NAPG",5.78295476466655,0.499734102317646,7.78535879953048,0.0444101937330494,0.684759513231601
"NAPRT",1.61853362243101,0.139482460526075,24.9434627691858,0.0194078002292126,0.588564805872127
"NARF",2.64298053876541,0.157419435454936,19.3250608085422,0.0221296999427458,0.465327409696736
"NARS",4.02217025730705,0.230206905038347,14.8145972167012,0.0260846605800678,0.464941085570794
"NARS2",2.90946418496653,0.509840902891188,12.4450795570308,0.0465135264572121,0.830790032837551
"NASP",1.10329169100959,0.0654125584245796,25.7242130992163,0.0169323196368165,0.481746185049256
"NAT10",2.23749398466661,0.391801421490197,17.8344264643289,0.0364004012680317,0.798049063163995
"NAT9",1.88266378321948,0.254142434484636,22.6581038603739,0.0258827833676546,0.71344407958277
"NBAS",4.30202787405243,0.494885152989496,10.3054705232722,0.0445385051275787,0.747633764728607
"NBEAL1",1.69097608179828,0.0674866801050829,20.5841323078168,0.0198278441848821,0.341896851458374
"NBN",2.73383113491813,0.209482266603178,19.2799404996307,0.0241533593806032,0.54993239327796
"NBPF1",1.09995009626685,0.185469134140752,28.0525629622169,0.0204347906752399,0.751014100830597
"NBR1",2.35232512580483,0.213008629445603,20.4341316782215,0.0239702398853755,0.586633185242418
"NCAPD3",0.58994470028691,0.168006341008647,32.3361431008885,0.0179575702061036,0.842283175584315
"NCAPH2",0.922061360997228,0.176448345063374,29.5148217753327,0.0194462059016043,0.776994398300174
"NCBP1",2.98746177846531,0.466601951530843,13.5861606377312,0.0425411789482855,0.796310604597257
"NCBP2",6.01831911883554,0.358896349133039,9.53749404461469,0.0335689855709968,0.52549739231215
"NCBP2-AS2",3.38356753285019,0.227601867494936,17.5612690881923,0.0255044114518975,0.533513617925439
"NCBP3",2.00394922975254,0.253404373552223,21.7732033114965,0.025937589596517,0.688139849333591
"NCK1",2.25676291366229,0.145611455178959,21.3313726710673,0.0210484390638902,0.499903418968515
"NCK2",0.864857858627755,0.171466733767873,30.0699554945331,0.0189734180212822,0.784334556693066
"NCKAP1",1.04974324417212,0.112014146548011,29.2429808374306,0.0164792103412836,0.662062970832529
"NCKAP5L",0.845659116448505,0.250845417859653,27.9028813810317,0.0246794263368662,0.853003670079196
"NCKIPSD",3.13499928367457,0.588859528233103,9.2453131721727,0.0537973915972095,0.86198570600734
"NCL",3.26301081685589,0.0482452961738964,12.3621630527493,0.0245043659597307,0.0871160903998455
"NCLN",2.7616617857299,0.305603142769722,18.3511311848552,0.02979215202354,0.677805678964651
"NCOA1",1.82517666963774,0.242080190812652,22.8909614946428,0.0250571022187623,0.700502221363724
"NCOA2",1.51938100149614,0.22530548449064,24.9318035494093,0.0236320929640741,0.729476530809349
"NCOA3",1.56797158754202,0.179423322116692,24.6473431992394,0.021160297414337,0.646706586826347
"NCOA4",1.8408856415849,0.104199050317349,21.631548865606,0.0197614864955223,0.436353100251111
"NCOA5",3.04191321903884,0.487132952659396,12.839689002641,0.0443449645843473,0.807031099092138
"NCOA6",4.07851056498507,0.549068346957947,9.28246730508386,0.0496455960164168,0.800367007919645
"NCOA7",0.844792404065542,0.0602534819495052,28.7582090589593,0.0150872458381101,0.558624686111648
"NCOR1",4.22094417554008,0.17519844886308,12.4225019014848,0.0246660866220435,0.312149893760865
"NCOR2",1.27808739383246,0.105924983697585,26.1669036907444,0.017671225332179,0.565192196252656
"NCSTN",2.11773688263397,0.195509174797927,21.8568364752299,0.0227934344445757,0.596774193548387
"NDC1",0.863067851340874,0.280444946967022,26.7977168889511,0.0270722639236763,0.869808769557659
"NDEL1",2.64690098354336,0.355528947281051,17.5639464918242,0.0334206829070036,0.73430558238362
"NDFIP1",3.06943759891124,0.0916294119332191,14.4705021642712,0.022969406418516,0.220880819007147
"NDFIP2",0.97581079465996,0.160847424557498,29.2430659130912,0.0186781788542742,0.743673942437705
"NDRG1",0.278145467316499,0.00595117539391747,29.8731657347947,0.0135136954372344,0.491694031292254
"NDRG2",0.30037755026133,0.0113260451291781,32.7284796921917,0.011535508800726,0.585087888738652
"NDRG3",2.53173628938722,0.316540765475813,18.8953353170186,0.0305102690670307,0.709677419354839
"NDUFA1",3.96344526948951,0.0525715418702463,11.118628323694,0.0250608338274711,0.0662545875989956
"NDUFA10",5.90371061197898,0.294386767623948,9.93665308882066,0.029752314767064,0.439153950164188
"NDUFA11",2.04585266119756,0.16659625667813,22.4440895094225,0.021381580081759,0.565192196252656
"NDUFA12",4.37654518364529,0.146959242992298,12.0524286717818,0.0243310975873965,0.256229476530809
"NDUFA13",4.54713929981384,0.282758784901118,13.1395521838866,0.0288509436916183,0.503766660227931
"NDUFA2",6.66269253151201,0.179904302247806,7.6680146911148,0.0261650892789223,0.204365462623141
"NDUFA3",3.9713714180011,0.0933205097316381,11.6571536044387,0.0242373505005622,0.152115124589531
"NDUFA4",3.41345871912738,0.0282798968392272,11.9008058647111,0.0252709200888311,0.0398879660034769
"NDUFA5",4.00460915654161,0.154104022830288,14.3815122969461,0.0237815326447176,0.329631060459726
"NDUFA6",3.26314582573246,0.0691182157263925,14.0916433291968,0.0233152277649488,0.172493722232953
"NDUFA7",2.1498703253651,0.519934499308482,13.4776406967212,0.0477781532986765,0.876472860730153
"NDUFA8",5.69323976943744,0.265369212497051,10.6740925323998,0.02833785959284,0.413656557852038
"NDUFA9",1.04309479717964,0.196673927412144,28.313589887175,0.0210154525859119,0.776608074174232
"NDUFAB1",6.16222659732247,0.130019686827547,9.37237905338951,0.0252818102251818,0.166602279312343
"NDUFAF1",2.27777263128055,0.488738986302639,14.2804556607727,0.0447845604705919,0.850492563260576
"NDUFAF2",2.08573098710031,0.239398082507528,22.0132582054751,0.0251129602694833,0.672203979138497
"NDUFAF3",5.20079906364644,0.154339505336574,10.1648513507467,0.0250544848340528,0.221846629322001
"NDUFAF4",2.63274946415033,0.273544394879728,19.4714854664524,0.0276215604405734,0.657620243384199
"NDUFAF5",24.4964726302802,0.91982858282703,1.04842958610302,0.0977620929198228,0.86198570600734
"NDUFAF6",1.15338279313119,0.139098193841625,28.4578180213478,0.0179653375485931,0.68562874251497
"NDUFAF7",4.55622124573049,0.680063353481196,4.60142632978312,0.0623421703389605,0.862854935290709
"NDUFB1",5.30097266747288,0.13901293532113,10.1887565267128,0.0249414048918624,0.197894533513618
"NDUFB10",5.7543642649125,0.108967608066207,9.03931119389986,0.0253085966921385,0.120146803167858
"NDUFB11",2.93994977786128,0.0423138641104208,13.0467703214645,0.0242625059399237,0.0929109522889704
"NDUFB2",6.19365081294328,0.0755867203375609,8.73031642086522,0.0257822420038785,0.0595904964265018
"NDUFB3",4.97568755314995,0.143962130037926,10.9369880191218,0.0247247209941544,0.224357736140622
"NDUFB4",5.99739764306939,0.0818040019172797,8.96952224232677,0.0255940522768683,0.0748502994011976
"NDUFB5",6.69315779634512,0.223417488111705,8.86950282947149,0.0271039527564268,0.304326830210547
"NDUFB6",5.01095162704657,0.151717769617212,11.6224351937853,0.0246706617800074,0.255843152404868
"NDUFB7",4.03337221003876,0.0685707258598064,12.1673649827515,0.0242907024083715,0.124010044427274
"NDUFB8",1.1576729904926,0.39177673984174,21.0260840377248,0.0365677259731141,0.886807031099092
"NDUFB9",1.58987883172252,0.019204195104915,15.7462672722575,0.0232157456242344,0.115414332625072
"NDUFC1",3.6723750969513,0.0766612097648773,12.4023533963188,0.0240455421034629,0.141684373189106
"NDUFC2",0.901386399135486,0.158461217720804,29.8396629582892,0.0183276617950976,0.75642263859378
"NDUFS1",4.43111759239533,0.403964092341981,11.9597857285603,0.0368948956038684,0.656751014100831
"NDUFS2",4.07001460311475,0.183431981235518,14.427118071022,0.0244875639126316,0.37927371064323
"NDUFS3",5.25103500805557,0.233832202401714,11.3741822651761,0.0268697867478557,0.381977979524821
"NDUFS4",3.75032553333729,0.201557422710612,15.6905047254811,0.0247602339585148,0.441858219045779
"NDUFS5",3.36115906455975,0.0413432441315154,11.7684406537104,0.0249840817985401,0.0590110102375893
"NDUFS6",3.86344242750864,0.0897172337430669,12.9770786899597,0.0237283002851604,0.181668920224068
"NDUFS7",5.07407676650327,0.148020036827835,10.7368629600106,0.0248347787118302,0.226192775738845
"NDUFS8",2.71043570715677,0.062233110962743,15.08861045438,0.0228344570555802,0.184083446011203
"NDUFV1",4.49936000013565,0.122017558184508,12.4990133812333,0.0240323307451062,0.227544910179641
"NDUFV2",6.00726812862073,0.124404934944263,8.82592071544847,0.0253760837767848,0.141684373189106
"NDUFV3",4.6722775062765,0.247626329149205,13.2376438741691,0.0271806905450096,0.451709484257292
"NEAT1",0.968500589505705,0.00497353271157206,15.546559535989,0.0238119561511098,0.0769750820938768
"NECAP1",3.59865656906265,0.483768814810137,11.7783028819645,0.0437752619562078,0.772261927757388
"NECAP2",1.85447955856825,0.1448264046917,22.9069076770999,0.020356215535877,0.541240100444273
"NEDD1",1.16203431694456,0.309471274011081,24.222730890512,0.0295875650021643,0.844794282402936
"NEDD4L",0.616470751249589,0.130196945651279,33.0464169604126,0.015545697535498,0.799787521730732
"NEDD8",3.04882453030272,0.102953704311417,15.7034107852392,0.0224866705765205,0.274676453544524
"NEDD9",0.345972424949306,0.0682806566433023,36.6048101186115,0.0107441714130998,0.796986671817655
"NEIL2",1.48429068251873,0.347202356934613,21.6911960825617,0.0327552290237404,0.834556693065482
"NEK1",1.82964763014299,0.292906443030271,21.8366113113287,0.0285596168337897,0.752752559397334
"NEK4",3.27508346670576,0.568549031666116,9.68346011591215,0.0517296662441246,0.843152404867684
"NEK6",0.81104671863467,0.0969867252792684,30.8857853616794,0.0150554613939419,0.682731311570408
"NEK7",2.30547612553535,0.230500221835315,20.8596701353234,0.024813054672852,0.626521151245895
"NEK9",2.19345938011364,0.313007053678929,19.809593615672,0.0301344684725921,0.729186787714893
"NELFA",5.97860719391506,0.547556989906421,6.67333848543428,0.0487374486183594,0.722909020668341
"NELFB",3.17498411454286,0.489370652484458,12.496788282804,0.0444834354058432,0.800849913077072
"NELFCD",2.16191640074318,0.164332023272826,22.1517417427108,0.0214271745414666,0.553602472474406
"NELFE",4.93055160611257,0.231607856680752,12.6088741472469,0.0266303434496944,0.410372802781534
"NEMF",3.2196082356239,0.229638227907889,16.6725403479171,0.0255631983194304,0.512555534093104
"NENF",1.33037390166644,0.037022999087034,21.5854023542602,0.019241109602369,0.313888352327603
"NET1",0.483693985833432,0.0231891892283367,30.8900467444688,0.0130259320382256,0.553409310411435
"NEU1",1.66610379589297,0.0951185655703673,23.721803206407,0.0186380352469691,0.478945335136179
"NF1",2.08726848621164,0.241146923022198,21.6227558374659,0.0252402420474453,0.664380915588178
"NF2",3.20374017063723,0.433363479191595,14.1434550101844,0.0396310995572264,0.760575622947653
"NFAT5",1.53292708795602,0.120979025307003,24.6063459663266,0.0188599705114488,0.54761444852231
"NFATC2IP",2.04992494720113,0.240046948417311,21.8826525758797,0.0251361234522484,0.669692872319876
"NFATC3",1.81483826722536,0.220372605184318,23.1862829882901,0.0237205587684165,0.673556113579293
"NFE2L1",1.94330320195357,0.162137048135326,22.6221028888455,0.0211074095525195,0.562487927371064
"NFE2L2",2.57516317115821,0.105826503445093,17.4782105374079,0.0216901134869858,0.326347305389222
"NFIB",0.3907725223604,0.0143159419850202,31.3879581838739,0.0125461427612346,0.551670851844698
"NFIC",1.48899566806533,0.042127083752205,20.6556108454134,0.0197943820395207,0.297469576975082
"NFKB1",0.958229362446359,0.142781058973072,29.3533636660928,0.0177134500324625,0.716727834653274
"NFKB2",0.7898368220856,0.0885206535423867,30.4024696903037,0.01496684577641,0.654433069345181
"NFKBIA",0.515937902688387,0.0045192542337621,20.4269285268654,0.02035906192728,0.214216727834653
"NFKBIB",3.11108521153938,0.364285401943965,15.9246926804919,0.0340430949853436,0.703399652308287
"NFKBIE",0.532443610600584,0.0973049907966755,34.1490218149346,0.0133948089183449,0.775932006953834
"NFKBIL1",2.74959497043166,0.229749681667015,19.9058942576707,0.0251071305184114,0.59967162449295
"NFKBIZ",0.647356353709566,0.0267821601658015,27.428613946428,0.0153959265969028,0.460015452965038
"NFRKB",1.82805300971096,0.455620270362154,16.5786713819115,0.0420083875107228,0.863241259416651
"NFS1",6.58845754447958,0.71535771396909,2.26279776144813,0.065660717000527,0.83648831369519
"NFU1",4.97582658614145,0.400539484160287,11.1081000023888,0.0366171300750811,0.628549352907089
"NFX1",2.92264605563565,0.315893646831148,17.4487221278243,0.0305131462943062,0.669596291288391
"NFYA",1.37665265524893,0.349264303970106,22.0743273939417,0.0329345226572519,0.848367780567896
"NFYB",1.45584205430677,0.268231410584938,24.1361479694468,0.0265450843445065,0.776608074174232
"NFYC",4.27241601236073,0.281202561191785,13.922785557247,0.0286922131230574,0.521827313115704
"NGDN",4.36722517453524,0.401132841844834,12.1128288647749,0.0366761475521659,0.656654433069345
"NGLY1",1.52629835389452,0.199850714709937,25.0448089583739,0.0221170496829463,0.691230442341124
"NGRN",2.43564125491533,0.0896251612620729,19.1512699134255,0.0208325147336324,0.34450453930848
"NHLRC3",1.37976118372413,0.179843095103887,26.0408244160065,0.0207545199192297,0.685918485609426
"NHP2",2.84690875878186,0.0674075189202628,15.6190611007284,0.0225458321022611,0.209194514197412
"NIF3L1",3.04124619713083,0.464585832747731,13.5651042555135,0.0423588426654742,0.792543944369326
"NIFK",3.32430732167802,0.196574603280533,17.3161046859145,0.0241694978460787,0.476723971412015
"NIFK-AS1",1.34206299379377,0.366864243617628,21.4562792647538,0.0344037919984467,0.859184856094263
"NIN",1.16651964963905,0.148162510176365,27.5985859337909,0.0186606944661177,0.676646706586826
"NINJ1",0.894933782127675,0.027891135623351,24.2265224965254,0.0175380909601153,0.370677998841028
"NIP7",3.74290776656526,0.383523188060557,14.0368918878802,0.0354842913652312,0.681668920224068
"NIPA2",3.25453013430348,0.272783077811932,16.8721305813471,0.0278419908392415,0.586633185242418
"NIPAL3",0.888719595426342,0.144271425107811,30.368292525914,0.0174082670860329,0.747730345760093
"NIPBL",2.79104948042193,0.141513040254056,17.9129097393059,0.0221631796901708,0.400231794475565
"NIPSNAP1",2.32016742157705,0.269471506849733,20.8792708894183,0.027193862931149,0.689298821711416
"NIPSNAP3A",2.26023077167064,0.292232764145457,20.2247541402451,0.028690287022575,0.707649217693645
"NISCH",1.18635140487425,0.196260077829015,27.1006416651134,0.0213179589178565,0.742225226965424
"NIT1",2.70809957870639,0.287039793938983,18.6305028906189,0.0285075378651863,0.656268108943403
"NIT2",1.40170793906211,0.121101684203985,26.0737468014364,0.018247544868005,0.588757967935097
"NKAP",7.20865157710005,0.461234437914563,5.98370943087741,0.0405961852281406,0.58112806644775
"NKIRAS1",2.94180279153718,0.618814298432825,8.35818857719363,0.0567748525922532,0.883619857060073
"NKIRAS2",4.79496819424488,0.421856678096352,10.8256493546618,0.0381827529331985,0.653080934904385
"NKTR",2.31042897771886,0.12892513051489,19.6945036604034,0.021147247661752,0.426405254008113
"NLE1",2.10267919301743,0.541212312742897,12.6619775988424,0.0497526600102195,0.887000193162063
"NLRC5",0.678257946150026,0.107034094791207,32.1579029418708,0.0148171503277273,0.735754297855901
"NMB",0.175990351355188,0.0236950622239173,39.1764039545038,0.00732792207672195,0.794861889124976
"NMD3",3.29502055558485,0.351483719757626,15.9143618434699,0.0331350287733874,0.683214216727835
"NME1",1.40328614768456,0.230803793444876,25.6295481499875,0.0238355990707714,0.757581610971605
"NME2",2.34992688518832,0.0247993193847493,14.7584965555157,0.0236942689099372,0.10450067606722
"NME3",2.85411386666094,0.103149517755982,16.9321547351171,0.0219631357688729,0.308093490438478
"NME4",1.39948373877252,0.0456401008735717,22.857788953469,0.0184825726368455,0.366331852424184
"NME6",5.47692037362993,0.571720753858157,6.78046545092958,0.0512215908881346,0.761638014293993
"NME7",5.11583150513763,0.629381224783983,5.65272080101694,0.0570039193783544,0.815337067799884
"NMI",1.29740113367293,0.0987364794657482,25.7778073358055,0.0176520677075605,0.541916167664671
"NMRAL1",2.68026943525149,0.198179118732905,20.1158707883754,0.0235055131201716,0.554278539694804
"NMRK1",1.5346894075441,0.198026306668294,25.0931709857564,0.0220135813058377,0.689588564805872
"NMT1",2.78388254685204,0.300474842925986,18.0727412230313,0.0294161841004658,0.662352713926985
"NMT2",1.65708390438538,0.409709970183214,18.8539120591879,0.0380431050071449,0.854452385551478
"NNMT",0.155697564384252,0.00498655688789378,36.0864876338239,0.00896017944574655,0.671624492949585
"NNT",2.07545822562016,0.297338342901277,20.7894589705858,0.0289805680613318,0.731118408344601
"NNT-AS1",1.11018981674289,0.182118014266842,28.2221627119266,0.0202110833412015,0.750241452578714
"NOA1",2.60223562617527,0.295291758340657,19.2112120081081,0.0290497339579877,0.684856094263087
"NOB1",3.60290930145494,0.252709504856275,16.5512289149752,0.02691188754099,0.546552057175971
"NOC2L",3.06133307573117,0.269229708532415,17.8616316858471,0.0275583758169233,0.607494688043268
"NOC3L",2.28496000652118,0.338218393538732,19.1009769123349,0.0320735637039259,0.749275642263859
"NOC4L",4.91976271516975,0.549539368926639,8.13865707466545,0.0493942110059384,0.767626038246088
"NOL10",2.12028273228248,0.339551849133569,19.882795710635,0.0322139233707356,0.772551670851845
"NOL11",4.00064145858552,0.458921326090411,11.7073336675063,0.0414970081701522,0.732470542785397
"NOL12",2.64561897934966,0.64263633791835,7.72172080959049,0.0592037392635515,0.90370871160904
"NOL7",4.69539960948421,0.166247990034649,11.7733400815287,0.0247677572858812,0.282113192968901
"NOL8",2.52983830056205,0.287696300888894,19.2819831558672,0.0284835352033595,0.674908248020089
"NOLC1",2.42082623647415,0.216355628065816,20.6887642824091,0.0241488947347069,0.599092138304037
"NOM1",1.40665301207761,0.384018445540346,20.601995026507,0.0358720570657597,0.862565192196253
"NOMO1",1.78625649083244,0.430580259242728,17.7334554942921,0.0398404551011327,0.855997682055244
"NONO",3.36570022362194,0.122893853670321,15.1162365876597,0.0229222510222857,0.294282402936063
"NOP10",3.16216321268306,0.067224243796452,13.6666134621953,0.0235225232196594,0.156461271006374
"NOP14",2.10476676566321,0.30978569892614,20.5685053044648,0.0299177674319586,0.744639752752559
"NOP16",1.72756402639377,0.188788229176629,24.4721536314368,0.0217611092360872,0.657427081321229
"NOP56",2.19090701799648,0.169105657909026,21.7376549065737,0.0217251129428796,0.550125555340931
"NOP58",2.18110136574923,0.125732823183152,21.1222459062389,0.0205391712321873,0.460305196059494
"NOP9",2.3433448884687,0.59107887460438,10.1773435733267,0.0543113453349926,0.894340351554955
"NOSIP",4.9173181903264,0.247739698344553,11.4292095107319,0.0272656688827273,0.404481359860923
"NOTCH1",0.410138430261201,0.0792895794894302,35.6599511009249,0.0117658237695331,0.788584122078424
"NOTCH2",1.47042662645778,0.12213062829308,25.3397065817414,0.0185914763105808,0.570021247826927
"NPC1",0.583223823615817,0.0923309521428621,33.2755228768922,0.0136180460732664,0.742611551091366
"NPC2",1.03341770861476,0.00823118860212244,17.1038242828751,0.0226203254768845,0.129032258064516
"NPDC1",0.211218730913149,0.00880396089384712,34.5773164704076,0.0101453033520408,0.634344214796214
"NPEPL1",1.85629330443618,0.350222350783549,20.3523460911145,0.033029058483208,0.802298628549353
"NPEPPS",4.44357050646698,0.251698988085963,13.1862496767852,0.0272521345052776,0.456345373768592
"NPHP3",1.02732405217301,0.375234878375724,22.1694420976083,0.0351408259596582,0.892408730925246
"NPLOC4",2.3561639087479,0.316985990181012,19.4912608858959,0.0305077736070875,0.726579099864787
"NPM1",3.48023549613219,0.0249643199656817,11.4995878932906,0.0255993593399945,0.0232760285879853
"NPM3",1.35471646198146,0.213259901694832,26.3566510352981,0.0225904273637768,0.749275642263859
"NPRL2",4.64837255603054,0.535735458269056,8.57753538320016,0.048013097465722,0.760672203979138
"NPRL3",4.97771983612423,0.409634346548591,11.1792912397552,0.0373967737483632,0.643712574850299
"NPTN",1.56391906768742,0.113322453135791,24.026617378336,0.0188815090797772,0.518350395982229
"NQO1",0.35490543146674,0.0411880681232052,35.8205886592328,0.0101935141857841,0.727834653274097
"NQO2",2.04392480966295,0.140134881102951,22.1580290680582,0.0205293888035092,0.513038439250531
"NR1D1",0.332500047431592,0.0985100902449108,36.7580169710289,0.012104541896986,0.852424183890284
"NR1D2",1.27391881470765,0.219695325218169,26.2502646887834,0.0229540420350621,0.756808962719722
"NR1H2",5.50977152614767,0.298681567898514,10.0764117295107,0.0298055659363161,0.448908634344215
"NR2C1",1.73725313326252,0.399097022985739,18.9369942739931,0.0370832450262404,0.840158392891636
"NR2C2",2.46395227223466,0.4305582542907,15.8814482199498,0.0395780450713391,0.804519992273517
"NR2C2AP",1.15919707999786,0.163480779596853,28.2036740256795,0.0192286528464155,0.719045779408924
"NR2F6",0.775106126527035,0.168349446984102,30.9902664167684,0.0184817972831067,0.805002897430945
"NR3C1",1.22268509269516,0.0618608840377895,23.1957603539899,0.0182917381331585,0.40370871160904
"NR4A1",0.261787938303906,0.010642988025174,33.4229362390444,0.0110185493121045,0.604017770909793
"NR4A2",0.242366033752406,0.00773217210742188,33.042578083388,0.011240272214709,0.587598995557273
"NRAS",2.33418680980951,0.295530340516571,19.9310724199491,0.0289519469782692,0.704848367780568
"NRBF2",2.39192571458568,0.191776535418614,20.7208036527019,0.0229702297441726,0.559880239520958
"NRBP1",3.83769257292505,0.196444844318197,14.4803084308713,0.0247713783778468,0.401101023758934
"NRDC",3.35360199899871,0.175475386345779,16.3218408879134,0.0236372808224801,0.415201854355805
"NRDE2",1.54131113377263,0.37559220887805,20.3781737614799,0.0351072388259739,0.843152404867684
"NREP",0.21505308729432,0.0162255152755201,36.6632887735021,0.00884047098704967,0.708518446977014
"NRIP1",0.660807145835748,0.097958621380329,32.3858463241918,0.0143169410251994,0.726868842959243
"NRM",0.75455790863366,0.131162332311566,31.5160496845755,0.0162560245166345,0.758161097160518
"NSA2",4.85910607367901,0.158528396110648,11.2172765995428,0.0248017887469226,0.255263666215955
"NSD1",3.22434436204094,0.238152248150579,16.8710709447127,0.025959817251337,0.531581997295731
"NSDHL",1.6956026761407,0.341629401239984,21.230324729861,0.0323336328527625,0.812922542012749
"NSF",3.10711342627132,0.399558577104496,15.0758055537046,0.0367968044215433,0.734595325478076
"NSFL1C",4.13837521414801,0.243008504585256,14.4216135673776,0.0267156616870098,0.474985512845277
"NSL1",3.87691774198706,0.319885027717097,14.2794912556189,0.0308715312856334,0.591075912690748
"NSMAF",2.5989919355515,0.329843932207808,18.2112729278435,0.0314630234472274,0.711995364110489
"NSMCE1",4.39087617465275,0.270601461529616,13.6524450080945,0.0281660345466821,0.498261541433263
"NSMCE2",2.07762562548992,0.252417564677992,22.1918708565929,0.0259133358376038,0.697894533513618
"NSMCE4A",2.92184719666225,0.327558000949326,17.1826724665736,0.0313244305401193,0.680606528877728
"NSRP1",2.46824742598033,0.20333925769885,20.1918892377497,0.0236091775473421,0.564419548000773
"NSUN2",2.4603393073814,0.27166254998684,19.8692227669575,0.0274028161650789,0.665443306934518
"NSUN3",1.92918682161843,0.520467387959158,13.7387094854313,0.0478496040345345,0.885358315626811
"NSUN4",7.29918170256016,0.707089975139704,1.96456529196821,0.064527422708768,0.812922542012749
"NSUN5",1.67921409482575,0.184492738852934,24.4913914889569,0.0215108106574525,0.65085957118022
"NSUN6",1.05741171655595,0.171002552877487,28.5111026551356,0.0194804164370327,0.740003863241259
"NT5C",4.35481463490571,0.20972985960636,13.519823102212,0.0255306485375232,0.398300173845857
"NT5C2",2.30888230218279,0.30702977315391,19.7223194943385,0.029753281699781,0.717307320842187
"NT5C3A",0.935888338594823,0.0730872766379518,27.8823780052491,0.0158666560622151,0.556210160324512
"NT5C3B",2.27881784940429,0.23195797358279,21.3946064701882,0.0248395321949771,0.643422831755843
"NT5DC1",1.40182992729847,0.189549600310756,26.1545894240084,0.021263253502179,0.705041529843539
"NTAN1",2.3316798300005,0.195364577504068,20.9925062487133,0.0230506452969928,0.57311184083446
"NTHL1",1.85228109371443,0.260427484901689,22.9174588701122,0.0262796474898117,0.730538922155689
"NTMT1",3.66636006284821,0.289410865266884,15.7883939273762,0.0290034904790348,0.583832335329341
"NTPCR",2.01372329321701,0.145061563993581,23.1471156762671,0.0203756293041011,0.548773420900135
"NUB1",1.27976119460827,0.0935207942432125,25.3750674781451,0.0176965947479613,0.521440988989762
"NUBP1",2.75686009813219,0.358003113804995,17.1855582866033,0.0336097054835019,0.727834653274097
"NUBP2",2.91483175570055,0.189976481767855,18.7681175871365,0.0234960768144415,0.504539308479815
"NUCB1",2.91201611011845,0.0706361009128301,14.7885873232925,0.022922769807803,0.192003090593008
"NUCB2",0.617818986573058,0.0214781024981069,26.8622408479088,0.0157443401079168,0.43384199343249
"NUCKS1",2.44589613042988,0.0430403654889081,15.0363150453242,0.0231253291764622,0.14622368166892
"NUDC",4.79433303135601,0.171393167633507,12.0066287730176,0.0248556069299212,0.297276414912111
"NUDCD1",2.27932181595981,0.350160843807757,19.0688502622678,0.0330550924984421,0.766853389994205
"NUDCD2",5.78688996339039,0.301926404718434,10.1552729740368,0.0301267480931138,0.456152211705621
"NUDCD3",3.30617655922836,0.361261421239392,15.3951120807667,0.0337871528685365,0.684469770137145
"NUDT1",1.11959171208607,0.0969975584639941,27.693502910095,0.0166684099835291,0.592717790226
"NUDT14",1.60189427066234,0.125949148688686,24.8625606260529,0.0189575743903837,0.563453737685918
"NUDT15",1.10510764395434,0.202007636706789,27.9178999395517,0.0214646578390795,0.774290129418582
"NUDT16",3.01082945325614,0.293794173084181,17.5699384710603,0.029057605969167,0.638304037087116
"NUDT16L1",1.97421699221155,0.230788163183356,22.6023091612066,0.024485932425728,0.674425342862662
"NUDT19",0.888600756665953,0.302902365714711,25.8031273268025,0.028945699142617,0.878114738265405
"NUDT2",4.25443044164399,0.386975945772896,12.9413866851973,0.0357294186523135,0.657233919258258
"NUDT21",2.32911516964651,0.0989163815997015,19.3889003564509,0.0207837671416009,0.36662159551864
"NUDT22",3.47621118530641,0.23410507686742,16.2053782722465,0.0259265707269404,0.507533320455862
"NUDT3",2.55955797757906,0.153038974333612,19.8895555673176,0.0218153383176871,0.473343635310025
"NUDT4",0.781331254838518,0.0748040115291234,29.827372081747,0.0148291958236082,0.614351941278733
"NUDT5",1.7675156412866,0.101111649224067,22.8250114668622,0.0191816165852572,0.464361599381881
"NUDT8",0.208400152816827,0.0284257212231732,38.4570736175732,0.00799271153786034,0.782113192968901
"NUDT9",2.01577746419632,0.288372050989916,21.3712607513898,0.0283243684841619,0.732760285879853
"NUFIP1",1.87925257909655,0.413883714058185,18.0596260853253,0.0383425368729024,0.838902839482326
"NUFIP2",2.56760302243448,0.245641503302541,19.4401463949273,0.0258919059174968,0.612420320649025
"NUMA1",1.94872749058381,0.122378280962398,21.5418736226738,0.0202112491862899,0.465423990728221
"NUMB",2.01833659561062,0.167745659129304,21.9172641017677,0.0215376064375772,0.552443500096581
"NUP107",1.60745180985208,0.277509263069212,23.1547638938138,0.0273213137492029,0.76443886420707
"NUP133",3.34235277222887,0.434933361454436,13.7337308234626,0.0396980018011637,0.75178674908248
"NUP153",2.44124072774622,0.383570672413972,17.3492040010806,0.0356434702987339,0.772068765694418
"NUP155",1.21130004688634,0.284388811663126,24.980104890156,0.0276130693676562,0.825671238168824
"NUP160",3.1647345879053,0.443671169273202,13.7881356049667,0.0404496806688589,0.766853389994205
"NUP205",1.84971845023041,0.367927051520192,19.7291915648689,0.0344596102616788,0.813019123044234
"NUP214",1.67556368397067,0.235439359056096,23.6649544493935,0.0244882188027744,0.711029553795634
"NUP35",1.62518384309317,0.470390640789144,16.5190207713718,0.043440887426252,0.884875410469384
"NUP37",2.27165939788234,0.388430358262187,17.7768267050091,0.0360950077407285,0.791288390960015
"NUP50",2.65719980699784,0.243452959709564,19.475489062795,0.0258217730164861,0.609909213830404
"NUP54",4.51870601552857,0.430850953323943,11.3560190863918,0.03903334233713,0.680606528877728
"NUP58",2.42974032069807,0.259070957083162,19.9904540174683,0.0265897091739641,0.648734788487541
"NUP62",1.90487891305934,0.212361534249086,22.9162520139671,0.0233629707237984,0.65317751593587
"NUP85",1.73289046289603,0.330991224266873,21.353374717291,0.0314703234413707,0.799594359667761
"NUP88",2.12073170018525,0.490183896163293,14.6167028570842,0.0450168790402736,0.862178868070311
"NUP93",2.00675994516194,0.308475074536976,20.9186902348548,0.0297875785475919,0.752173073208422
"NUP98",2.63927291263866,0.299361610181468,18.4542173189062,0.0292856074539627,0.670948425729187
"NUPL2",3.51419269619785,0.390016307913536,14.2815257509043,0.0359632786217891,0.698377438671045
"NUS1",3.21690690589987,0.355417580937018,15.9665832859464,0.0334076759053937,0.690747537183697
"NUTF2",5.5604652431925,0.170178650047897,10.970744195347,0.0252491262269822,0.271102955379563
"NUTM2A-AS1",2.96782286733752,0.270910726533516,17.9643164369958,0.027607129759975,0.612903225806452
"NUTM2B-AS1",3.49979940272962,0.3166023814112,15.4723984838012,0.0306231466763984,0.617732277380722
"NVL",2.30283420714626,0.451976338257303,15.7031646615603,0.0415625647924903,0.832625072435774
"NXF1",2.3154745780355,0.335608297426428,18.9540372913045,0.0318564010882578,0.74125941665057
"NXPE3",0.60999124740152,0.184740091044782,31.6003859648074,0.0192401476573514,0.849043847788294
"NXT1",2.74861909058443,0.201959245501897,19.394590763879,0.0238107085845477,0.540853776318331
"NXT2",2.06119981690488,0.424144233886967,17.3449792374164,0.0392326725535599,0.834846436159938
"OARD1",3.19955552223768,0.310283804689657,16.8717259910168,0.030211097773641,0.645257871354066
"OAS1",0.298997326297948,0.014186554053225,32.9972735171641,0.0113865856123207,0.598029746957698
"OAT",0.984331372595163,0.0578757015835698,27.1002943302567,0.016026680069371,0.507436739424377
"OAZ1",2.56083798084193,0.0145614372078978,12.2869202328373,0.0255349045428467,0.0172880046358895
"OAZ2",1.55532380656037,0.132499941311871,24.8275682538706,0.0191631294426118,0.573401583928916
"OCEL1",3.23443568853553,0.384107181834489,15.2537531330021,0.0355890001073752,0.715568862275449
"OCIAD1",6.19363584325994,0.198116717568268,8.72219438675573,0.0262696099478707,0.258837164380916
"OCIAD2",0.802168356583008,0.0408979228428568,27.9616952802672,0.0152296255388695,0.501448715472281
"ODC1",0.688263924160783,0.0506942883327339,30.1049795233671,0.0140567623110578,0.58006567510141
"ODF2",1.80150471549802,0.277656064529581,22.4477610952217,0.0274490553645296,0.745219238941472
"ODF2L",0.963792334523165,0.0916263966392364,28.6381352704638,0.0159940404741477,0.609909213830404
"ODF3B",1.15847159253689,0.0508531693777893,24.4065895709493,0.0175351766637875,0.418582190457794
"OFD1",0.826030840666033,0.0733143012272863,29.5614634889377,0.0149502173298596,0.60430751400425
"OGDH",2.60436135228816,0.313980230282122,18.4548067197018,0.0303077864074752,0.69383813019123
"OGFOD1",5.29021035640698,0.56486806249112,7.06148356407627,0.0505513764254595,0.760189298821711
"OGFOD3",2.81035045317663,0.27066692085108,18.7696419526628,0.0275251731919212,0.634151052733243
"OGFR",2.87783589393164,0.173318174051944,18.0369382998339,0.0230222535225936,0.45702144098899
"OGFRL1",0.707680415288785,0.0518002387359393,30.6475854851401,0.0137745584847615,0.597740003863241
"OGG1",1.7191668110868,0.359736440197638,20.4082976711662,0.0337853027787188,0.818910565964844
"OGT",1.2869416427365,0.106726461254588,25.7422528966289,0.0178752589417122,0.55456828278926
"OLA1",3.63962257851864,0.165036808918698,16.0535992923472,0.023523827263378,0.391732663704848
"OMA1",1.32530346685892,0.344709542680877,22.4178687949712,0.0325477870895275,0.850685725323546
"OPA1",3.91629896593258,0.412636022733144,13.0143816930938,0.0377249365591375,0.698184276608074
"OPA3",1.24061436324169,0.299547151095553,24.2862169518816,0.0288241264187139,0.830693451806065
"OPN3",1.23918979204066,0.218221907745829,26.7876944869912,0.0227666567321689,0.769267915781341
"OPTN",1.14527563970708,0.0443803690783652,23.6743331870773,0.0179315983094494,0.385937801815723
"ORAI1",1.13988597140814,0.171798175556594,28.0063228586675,0.0197069700222516,0.727255167085184
"ORAI2",0.980124890652818,0.125967163726236,29.3171110341485,0.0169744205400309,0.687560363144678
"ORAI3",1.35131019657692,0.203139349892125,26.1200978928489,0.0220090692192684,0.72628935677033
"ORC2",2.88276765410176,0.496203620989527,12.8092158191037,0.0452023948786318,0.820359281437126
"ORC3",1.96934354494447,0.344230578338374,20.0270555150134,0.0325284712157016,0.784044813598609
"ORC4",2.89043456571652,0.424420705629178,15.0390473149482,0.0389341203051297,0.771682441568476
"ORC5",3.24119196181492,0.533757269508428,10.9727014864747,0.0485159227201944,0.826057562294765
"ORMDL1",6.32706155834496,0.324882322071538,8.66355095960362,0.0313738358763634,0.452578713540661
"ORMDL2",2.89641506778321,0.220957098791449,18.5880187837391,0.0248477699938598,0.54993239327796
"ORMDL3",1.13499753295045,0.202356101666323,27.3509261015429,0.0216047617252987,0.759126907475372
"OS9",2.44189144065473,0.0903832023179969,17.1612978322646,0.0216939839831793,0.28993625651922
"OSBP",2.68554482164013,0.407611703204081,16.1446386474669,0.0376226381075859,0.77602858798532
"OSBPL11",1.26529563006838,0.386519602493317,20.9330719206263,0.036102078355653,0.875796793509755
"OSBPL2",2.37441210893755,0.294569431799652,20.1477836110045,0.0289284137578575,0.709097933165926
"OSBPL3",0.732190774726833,0.17286843440966,30.9350868868038,0.0187378309075813,0.810894340351555
"OSBPL8",2.18140941662495,0.0980689530645179,19.0090103861782,0.0208828112308419,0.353679737299594
"OSBPL9",1.42767592641364,0.126830094688798,25.3632410573168,0.0187145240082231,0.578520378597643
"OSER1",2.4527323765338,0.217325411008451,20.640685276255,0.0242220877281433,0.599381881398493
"OSGEP",2.68170923007538,0.262847264211646,18.8308678333461,0.0269689023267628,0.623430558238362
"OSMR",0.258565272635277,0.0479731093601893,38.1915226853007,0.00892806424503269,0.808093490438478
"OST4",4.47479983713764,0.0346909354288218,10.6242046308576,0.025755525398011,0.0258837164380916
"OSTC",2.42187663740828,0.0488377459621034,15.5381667400169,0.0227476927474609,0.170658682634731
"OSTF1",1.84657227380214,0.0780598336684368,20.1919631227244,0.0201057090046927,0.350299401197605
"OSTM1",2.16528228761022,0.242820614404367,21.1654497098284,0.0254124318963376,0.654626231408151
"OTUB1",8.81829907597213,0.274559937423708,4.01962647168534,0.0292060173302022,0.263666215955186
"OTUD1",0.26115294321553,0.116812891757355,37.2749713784055,0.0128533961856078,0.897720687656944
"OTUD4",1.70785342122925,0.330217699992866,21.345158390021,0.0313855601009316,0.798242225226965
"OTUD5",0.966370676957467,0.181838377961595,28.8935350167878,0.0199414469777122,0.768495267529457
"OTUD6B",1.88542661506497,0.407681250778569,18.3153865759479,0.0378239936847613,0.836198570600734
"OTUD6B-AS1",1.43187956314821,0.0914505237557594,24.7134307311316,0.0180203854905503,0.499710256905544
"OTULIN",1.35310658917993,0.256281713617363,25.1052491748558,0.02558868618973,0.784141394630095
"OXA1L",3.73220726712977,0.162924613268985,14.8118700855735,0.0237696409268134,0.354742128645934
"OXCT1",0.84791826671183,0.116567744045452,30.835172172922,0.0158961181769266,0.71450647092911
"OXLD1",2.59340468076173,0.207800765066677,20.1809834432321,0.0238883624715832,0.571566544330693
"OXNAD1",0.338755421286344,0.0911062211733122,36.6861890763033,0.0117610031352339,0.837937029167471
"OXR1",1.67942077258849,0.150939683251165,24.4835752477554,0.0200189484226719,0.59503573498165
"OXSR1",1.1144425462134,0.180077275953392,27.9438228097509,0.0201604977939671,0.739134633957891
"P2RX4",0.900190375091317,0.152639133113841,30.0318846466277,0.0179579317849729,0.752173073208422
"P3H1",0.513721002482847,0.0763346716419939,33.9904527921493,0.012573204221668,0.735754297855901
"P4HA1",0.614980678099806,0.038379232799938,30.0960440942012,0.013807566942268,0.557852037859764
"P4HA2",0.443545955566828,0.0659097834927974,35.0708470024041,0.0115519554919705,0.748889318137918
"P4HB",1.56211164754251,0.0131895120596832,14.8627445804256,0.0239743742660166,0.0785203785976434
"P4HTM",1.33653569349792,0.219385564250382,25.9368184946193,0.0230173802118518,0.747633764728607
"PA2G4",3.500803623576,0.114403468632614,14.0512476892265,0.0232503213849043,0.251207262893568
"PAAF1",3.0114099944851,0.526186648441102,11.5742276336607,0.0478912283518689,0.831755843152405
"PABPC1",2.1628160483848,0.00803232843975344,12.6386902701355,0.025586839450235,0.0111068186208229
"PABPC4",1.83917487197194,0.0963099772379528,22.4902146210032,0.0192653170944148,0.446977013714506
"PABPN1",3.85499800380068,0.215010053724367,15.1158700670729,0.0253677658322754,0.448329148155302
"PACS1",1.81303817435078,0.27545036014414,22.3134603862143,0.0272952278875616,0.738072242611551
"PACSIN2",2.50332397434165,0.19275086877523,20.6096139375869,0.023092714112926,0.558624686111648
"PAF1",5.24512397729442,0.409136319471191,10.1231354792131,0.0370924147570839,0.615414332625072
"PAFAH1B1",3.75469097036377,0.196390230823663,14.7467964752218,0.0247001025908162,0.407958276994398
"PAFAH1B2",2.71870723655451,0.28846130709297,18.4679829126726,0.0285967390375987,0.654143326250724
"PAFAH1B3",1.15699228980776,0.0660695698465442,26.8083835511481,0.0163916507671618,0.514197411628356
"PAG1",0.353406376919605,0.0526744423356819,36.0705222406413,0.0104334458271083,0.754877342090014
"PAICS",1.28289406796818,0.0956405195016779,27.0388218385266,0.0170069124863879,0.572339192582577
"PAIP1",2.02612944052623,0.0993343191921955,21.3456249705397,0.0198721535676293,0.420803554181959
"PAIP2",5.88440703408351,0.1963774975058,8.86029986638398,0.0261208641122128,0.258354259223488
"PAK1",0.827974067059989,0.0534094223611636,28.6095787129353,0.0150361393715507,0.542302491790612
"PAK1IP1",2.83804842852089,0.390769268082368,16.2831967563358,0.0362321376020632,0.753718369712189
"PAK2",4.40358228234697,0.135960532892657,11.8895262907344,0.0242715139795363,0.233629515163222
"PAK4",1.26072005443073,0.204173881665689,26.990843872003,0.0218659707717975,0.752076492176936
"PALLD",0.29937831250076,0.0121880517451227,32.3956985373295,0.0117795850804022,0.576878501062391
"PAM",0.514585209247381,0.0237215037261887,29.9599455728079,0.0136621502415924,0.527429012941858
"PAN3",2.97045090636043,0.54408158972876,10.9949729611789,0.0495546780337012,0.843152404867684
"PANK2",2.15706370655467,0.251150720195922,21.2571739198177,0.0259091197858683,0.67046552057176
"PANK3",2.57339547017138,0.393184121818327,16.8216276792982,0.0364419795474904,0.772358508788874
"PANX1",1.22940339075238,0.314469451347686,23.8433841518002,0.030025613249312,0.84218659455283
"PAPOLA",5.12086835602604,0.171975392019601,10.5532649426836,0.0252076019603641,0.260672203979138
"PAPSS1",1.34597339464218,0.0636108472819828,24.3027603779919,0.0177591975085795,0.439153950164188
"PARK7",5.99486615384709,0.07813866684694,8.68854777145572,0.0257469885297071,0.0610392118987831
"PARL",3.27053027370081,0.262037473226026,17.137567255237,0.027241630373344,0.576781920030906
"PARN",4.5365959819589,0.437393444582632,11.195396158482,0.0395624490933912,0.686015066640912
"PARP1",1.49830791928458,0.0493164215442193,21.4077167695683,0.0193329991064275,0.331949005215376
"PARP10",0.735240672065722,0.0566013247346244,29.6330702601328,0.0144711343159819,0.576975082093877
"PARP12",0.900309402231621,0.0924972771534511,29.5205901221589,0.015576754263285,0.636372416457408
"PARP14",0.641917139098501,0.0261546329390276,27.0064309645236,0.0156664769095986,0.446590689588565
"PARP2",1.32891071093682,0.286462367639899,24.3322155151427,0.0278403944294323,0.811087502414526
"PARP3",1.32641643458462,0.326859289543221,22.9955690111987,0.0310602183245866,0.838419934324899
"PARP4",1.85222202885621,0.235997601124936,22.7543272543514,0.0247070611863582,0.686980876955766
"PARP8",0.325184478890681,0.0824368029161897,36.9196081026842,0.0112083555560025,0.830017384585667
"PARP9",1.01475318687865,0.0614650578461257,26.3950106234054,0.0164793411426599,0.493625651921963
"PARVA",0.677803165358591,0.0695750499458699,31.7411117900777,0.0136190852191374,0.659938188139849
"PARVB",0.931911624965586,0.0857120790885802,29.383217907439,0.0154465750338984,0.620919451419741
"PATL1",2.57327081588763,0.306341166866218,18.8815236181376,0.0297836508288018,0.693355225033803
"PAWR",0.739898542365002,0.132140979757293,31.9536822785239,0.0161365254032028,0.772165346725903
"PAXBP1",2.77673748386113,0.460368138030189,14.264635578631,0.0420875855038449,0.805582383619857
"PAXIP1-AS1",0.887599127803797,0.247706649135686,27.9270048942693,0.0244712585715589,0.848560942630867
"PBDC1",2.46204040854763,0.230834201031058,20.3682001085342,0.0249618956625354,0.61377245508982
"PBRM1",2.67264871786467,0.247297387244745,18.980001398512,0.0260608432290956,0.602665636468998
"PBX2",2.22888214698134,0.35913911263711,18.772119494952,0.0337208537695012,0.772937994977786
"PBX3",0.822418570935965,0.220239831106813,29.0582749928475,0.0222958080158609,0.835715665443307
"PBXIP1",0.841491165054311,0.0981798855556703,30.0868815946464,0.0154783798074679,0.662062970832529
"PCBD1",3.18400250815584,0.113564200825037,17.3104277828743,0.0220265183107124,0.338226772261928
"PCBD2",2.02286294855787,0.429365999751538,17.2001616855035,0.0396760169372709,0.839096001545297
"PCBP1",2.0097486228507,0.0310840650494062,14.7363451120102,0.0235379449239654,0.112130577554568
"PCBP2",6.16154840364916,0.0365305855531207,9.22048774987466,0.0263647323641489,0.00676067220397914
"PCBP4",1.13994239303357,0.255689963246664,26.2573740670584,0.0253479825584482,0.815047324705428
"PCCA",1.78033000463535,0.452300922916521,16.8488374634483,0.0417409940641307,0.865559204172301
"PCCB",1.12514602551925,0.216644695357418,27.4926939109401,0.0224876146014353,0.786266177322774
"PCED1A",1.1354268112718,0.203152325535285,27.3703198417064,0.021650868769405,0.760961947073595
"PCF11",2.49895264395434,0.237749158359328,19.7943687102068,0.0253964566839423,0.609329727641491
"PCGF1",5.72847841799009,0.518734440765929,7.63688268334344,0.0462071004594087,0.707938960788101
"PCGF2",0.833903386082098,0.122700339442145,30.8229906079409,0.0161653922751282,0.724454317172107
"PCGF3",2.30918295599212,0.32761447511701,19.2775099967963,0.0312703356902457,0.737492756422639
"PCGF5",1.74469225069161,0.159689940918146,23.6080419781403,0.0206454370830424,0.585377631833108
"PCGF6",1.77972596654228,0.372917364620141,19.817065882012,0.0348876327728593,0.823256712381688
"PCID2",2.09340608502048,0.264856877808773,21.5223138596628,0.026745013833037,0.69953641104887
"PCIF1",3.94881743754029,0.335158463768241,14.2955602237539,0.0319645344095105,0.61483484643616
"PCK2",0.910890006504612,0.134264940463875,30.1716505523421,0.0169955395164435,0.725516708518447
"PCM1",2.01229358404617,0.117662687162062,20.6962503816155,0.0204437386022814,0.433938574463975
"PCMT1",2.5955361235111,0.153740166978461,19.2594034277846,0.0220173590444781,0.457214603051961
"PCMTD1",0.93973266194468,0.0454474366859566,25.753097054213,0.0166444665940209,0.446494108557079
"PCMTD2",1.66701932618031,0.281344687501962,22.9271045782492,0.0276400126375793,0.764245702144099
"PCNA",0.642130965190664,0.0593497201973541,31.5671896594841,0.0133998890375865,0.637145064709291
"PCNP",8.68115788674224,0.29853514148361,4.62827036788248,0.0302178772004723,0.313984933359088
"PCNT",1.20951134570562,0.282638136283436,24.9859256757187,0.0274729407375122,0.823063550318717
"PCSK7",0.570177698050538,0.046904345682933,31.1232722288671,0.0133193356650212,0.602375893374541
"PCTP",3.02822218951834,0.493133991245623,12.7357844340234,0.0449231551879188,0.813212285107205
"PCYOX1",1.29866650059206,0.146472064769502,27.010273896803,0.0188500139668727,0.657523662352714
"PCYT1A",2.64774155013177,0.376319366385346,17.081141817274,0.0350656798137135,0.753332045586247
"PCYT2",0.889287415744258,0.144216714073481,30.4812153509606,0.0173690444733908,0.750820938767626
"PDAP1",2.24867376839343,0.0668525831338213,17.9318606136848,0.0213037122645863,0.269171334749855
"PDCD10",3.57404388459452,0.188824993237742,15.8353016343989,0.0242259954986521,0.42457021440989
"PDCD11",1.9661857055102,0.387988444849597,18.7127577303709,0.0361182770810732,0.816399459146224
"PDCD2",3.25484968788413,0.203241522601787,17.1367193843558,0.024415609742315,0.48251883330114
"PDCD4",0.870289686935673,0.0532446347723369,27.4224517417314,0.015729926344561,0.50801622561329
"PDCD5",1.80321895705737,0.0396075958575445,17.3292095078397,0.0218154629495368,0.200019316206297
"PDCD6",5.72655419046205,0.124080013714268,9.79003295301838,0.025071644918749,0.165250144871547
"PDCD6IP",3.40737978385296,0.190032532689225,15.5686419639012,0.024230930154906,0.418775352520765
"PDCD7",1.57573321974047,0.25395549497322,24.1267626965543,0.0256155857575075,0.753428626617732
"PDCL",3.76763527302622,0.447345638403766,12.2886924664489,0.0405129221161378,0.731311570407572
"PDCL3",3.42914033687119,0.280205651224417,16.5903651199845,0.0283705035385321,0.590786169596291
"PDE12",3.24400877295946,0.568028611522479,9.73933782119573,0.0516888694009873,0.844021634151053
"PDE4B",0.395316759318776,0.0284989071622941,33.3312111655862,0.0114640072560455,0.633474985512845
"PDE4D",0.321640526881388,0.0501566464775365,36.8990422855676,0.00983001882728,0.774483291481553
"PDE4DIP",1.02309146810127,0.0673808472045064,27.0194722096012,0.0162434813717454,0.52192389414719
"PDE6D",6.81603452176169,0.504111102934024,6.05692105217027,0.0443421516457749,0.64390573691327
"PDE7A",0.850717033881977,0.125938998152825,30.7871206986098,0.0163394337807619,0.728897044620437
"PDE8A",0.82528800294819,0.207841214310357,29.4027981991548,0.0213876907400443,0.825188333011397
"PDHA1",3.22995942384454,0.280789379471187,17.3340643466567,0.0283385927691565,0.611551091365656
"PDHB",2.59855791497772,0.248862979776769,19.2670879422817,0.0260979246883814,0.612903225806452
"PDHX",3.10927966543293,0.424170901521418,14.7624215537728,0.0389459610346363,0.763279891829245
"PDIA3",2.13871964239387,0.0288845786920306,14.3180034072259,0.0238492108926178,0.0973536797372996
"PDIA4",1.51488268094168,0.0508421310358147,20.9513730724665,0.0195896906898907,0.321711415877922
"PDIA5",0.800311057196461,0.126409109307529,31.2254831864021,0.0161629367616445,0.742032064902453
"PDIA6",1.70365174393942,0.0226358785342504,15.9359550028913,0.0230053218192066,0.128259609812633
"PDK1",0.320599180454773,0.0666363016073166,37.1951190233575,0.0103323063919656,0.811184083446011
"PDK2",1.72714143592655,0.338878960614872,20.9885256793294,0.0320755749148962,0.802105466486382
"PDLIM1",0.487925742074402,0.0168855293633996,28.8103441253068,0.0143749801201049,0.481553022986285
"PDLIM2",0.685352316700143,0.0611300727556939,30.6500837148196,0.0139801701382387,0.613965617152791
"PDLIM5",1.12522335397823,0.0383836080571602,23.4741318683507,0.0180446344719836,0.369325864400232
"PDLIM7",0.509842764721651,0.0271458977873034,30.0999676095574,0.0136051479253316,0.537570021247827
"PDP1",0.831805729876909,0.173721886601758,30.1926898178447,0.0190515806878814,0.791481553022986
"PDPK1",3.36393501726999,0.349093571632752,15.5948101926118,0.0329187955765259,0.671045006760672
"PDRG1",3.52635911875168,0.499396261063061,11.6473395373076,0.0453024998220167,0.791964458180413
"PDS5A",4.54990526569101,0.40275392720262,11.7139364616285,0.0367734350973006,0.648348464361599
"PDS5B",1.28609580479788,0.20916821695437,26.2572058546716,0.0223036357626101,0.739907282209774
"PDSS2",4.47047713258002,0.64050657827556,5.89510920688137,0.0582938543777797,0.841220784237976
"PDXDC1",2.36621272329097,0.125889857735255,20.4353420139074,0.0208564750823361,0.442147962140236
"PDXK",1.30878739933028,0.071946679671147,25.3374408273335,0.0173149908161522,0.483098319490052
"PDZD11",5.29539741928589,0.400111622409259,10.3467378777027,0.0364809046659557,0.607784431137725
"PDZD8",1.55779637700793,0.30198819802394,22.8617813932482,0.0291457882826033,0.795248213250918
"PEA15",1.45685353310051,0.0459487031565144,20.8187829353516,0.0196702286419961,0.308769557658876
"PEBP1",2.78311655610481,0.0339314665300997,13.4860931525248,0.0242163101290158,0.088854548966583
"PECR",0.754273347298132,0.292557603184305,26.834593594597,0.0280077447816238,0.890283948232567
"PEF1",4.09149529199434,0.268530227992596,14.1611914520406,0.0279318198874741,0.50820938767626
"PELI1",1.06303792808978,0.118566009671764,28.5574106360464,0.0170129434661215,0.653757002124783
"PELO",1.10759989669322,0.194861513152904,27.8158203168346,0.0210447599601515,0.75980297469577
"PELP1",2.62194706561018,0.367440823842128,17.3979507064135,0.0343662219185284,0.74821325091752
"PEMT",4.65698427152283,0.403415277456566,12.0781975866446,0.0370296447100649,0.658392891636083
"PEPD",2.0071267402276,0.144211061850316,22.1346332786412,0.0206455124811693,0.519123044234112
"PES1",5.12589258865856,0.399205898680475,10.9220159324755,0.0365270917680387,0.621498937608654
"PET100",6.65559859967259,0.223917146339254,7.50928894968173,0.0271061765842827,0.269364496812826
"PET117",2.729978749489,0.523064725325969,12.2898642517424,0.0477984942948744,0.847112227158586
"PEX1",0.858129298454627,0.197099058666941,29.5318768618431,0.0206755551379634,0.811280664477497
"PEX10",3.64663127002345,0.415332174473313,13.9079557911159,0.0381403478858499,0.726096194707359
"PEX11B",3.7896958064336,0.331473573006624,14.8423363220655,0.0317190801423054,0.623720301332818
"PEX13",1.76009656390365,0.242622018706145,23.6081668208663,0.0250078408072311,0.720977400038632
"PEX14",3.00061857800857,0.553006631448522,10.674686661177,0.0504068734543905,0.847691713347499
"PEX16",4.10662925115558,0.394205613067002,12.9291096290099,0.036230744435561,0.668050994784624
"PEX19",3.78225358215632,0.497953548087632,11.2255491706892,0.0450673594501268,0.777863627583543
"PEX2",1.57533816905522,0.124224156216923,24.718390351863,0.0189404048199639,0.556403322387483
"PEX26",5.00270288659679,0.577531036080975,7.15376794289202,0.0519119925098959,0.781726868842959
"PEX3",1.41359609816311,0.334109004210467,22.3586652722003,0.0316618187472361,0.832335329341317
"PEX5",2.32889081238084,0.428799132151589,16.5201830096076,0.0395653795084075,0.819103728027815
"PEX6",2.24162009042079,0.506252618634149,13.7958982836184,0.0464527523771215,0.864013907668534
"PFDN1",7.76028413722878,0.408906847270867,5.31535963677648,0.0364121753600004,0.489762410662546
"PFDN2",2.21731940010936,0.0657785197236768,17.5802585271412,0.0214769183085277,0.257098705814178
"PFDN4",2.9660465642277,0.175818512110555,18.5884166655099,0.0230361866864067,0.476530809349044
"PFDN5",4.34441084175591,0.0306812947150714,10.3770522382805,0.0260070143872587,0.0106239134633958
"PFDN6",4.00192840468217,0.270699124583473,14.9127988469425,0.028041875663372,0.531485416264246
"PFKFB3",0.423668073369134,0.0628886742743089,35.2215299551261,0.0113415598478136,0.748020088854549
"PFKL",2.64463922353249,0.0982809327962269,17.824963025144,0.0215141056612526,0.323449874444659
"PFKM",1.16940259845712,0.337594302018671,23.1695751112822,0.0319166884159924,0.860343828472088
"PFKP",0.823459755741095,0.0858268912503425,30.5301461667055,0.0148357450666229,0.653563840061812
"PFN1",1.80682211708695,0.00410625742390414,12.7547046933515,0.0257032476822512,0.00328375507050415
"PFN2",0.514967408574556,0.0240620407193033,31.1831174013318,0.0128569647368178,0.563646899748889
"PGAM1",1.74699437341477,0.0306648006703717,15.7801637478815,0.0229068466122731,0.138883523276029
"PGAP2",1.99982378724443,0.308114101899442,21.2200268453261,0.0297877464595189,0.759706393664284
"PGAP3",1.8489521486577,0.421438877929435,17.8472072463518,0.0389986868960932,0.844890863434421
"PGD",1.0834702592816,0.0573375443434027,25.9693833513541,0.0166870885975298,0.47450260768785
"PGGT1B",2.2285622124906,0.418234142827579,16.8600611269724,0.0385826830149208,0.812536217886807
"PGK1",1.31606482522393,0.0170924665170644,16.2157104164423,0.0229653982212272,0.122464747923508
"PGM1",1.50460403434321,0.120970720886325,25.7283643680922,0.0184279285001183,0.579099864786556
"PGM2",1.33255419585239,0.221318352445607,26.0931289352925,0.0231189794883569,0.755070504152984
"PGM2L1",0.356824373546552,0.0785592282074254,36.5182975116957,0.0112539913737192,0.811956731697895
"PGM3",1.2126213396335,0.200910590514043,27.196243171179,0.0215982339149983,0.752462816302878
"PGP",1.10245199891236,0.207186001352429,27.8126483087619,0.0218085374746441,0.779795248213251
"PGPEP1",0.70074843227348,0.212852715848044,30.0403513359248,0.0215374362372937,0.851168630480974
"PGRMC1",1.14641298132692,0.0426299035768759,23.8294951789471,0.0178381718751746,0.387289936256519
"PGRMC2",2.18409195195846,0.282133089466299,20.9525547048747,0.0279704499855987,0.711415877921576
"PGS1",2.38715036206772,0.35782720044941,18.255949953009,0.0335977282667971,0.756808962719722
"PHACTR1",0.160562906046937,0.0283383589827506,40.0911776049984,0.00688004550857151,0.82953447942824
"PHACTR2",0.591010177848215,0.0547549826639171,31.719396092807,0.0131652949875948,0.63337840448136
"PHACTR4",2.4058157124413,0.220081522745487,20.4822717570098,0.0243511822338391,0.599478462429979
"PHAX",5.2133371854642,0.427988550189783,9.80569993237104,0.0385155244800366,0.634923700985127
"PHB",3.53430704789012,0.12339580534104,15.3210606711408,0.0229129959975128,0.30171914236044
"PHB2",3.87570266802157,0.0874295861125508,12.7881890305433,0.023818628907079,0.172590303264439
"PHC2",0.706178671284663,0.115564553183016,31.9735939178101,0.0152971310887635,0.744929495847016
"PHC3",2.60798559047295,0.274483324647556,19.0852459983462,0.0276510055886391,0.648734788487541
"PHF1",1.70833082390626,0.15787970876171,23.7955707344093,0.0205025738634689,0.587502414525787
"PHF10",1.80138403319684,0.440729741508575,17.2296856512241,0.040699291726168,0.858025883716438
"PHF11",1.55596331957394,0.110196656723529,23.5563107436073,0.0189854581636521,0.499710256905544
"PHF12",3.31672361630907,0.484495453632375,12.3078477933674,0.043957068859158,0.788197797952482
"PHF14",2.90238865699747,0.174747117702816,18.6207278077118,0.0229627691334008,0.475468418002704
"PHF19",0.295062930174716,0.0529312272310785,37.4102401275306,0.00961752415286319,0.793992659841607
"PHF20",4.97701296844893,0.311266175848744,11.9538575250776,0.0305438734095782,0.516708518446977
"PHF20L1",1.9791671851704,0.099536123294075,21.704838190965,0.019707515378525,0.431041143519413
"PHF23",3.64217314148175,0.503001207467275,11.2104572639492,0.0455090530289648,0.78549352907089
"PHF3",2.57377484389293,0.14016670917515,18.8187142241025,0.021780384350579,0.422155688622754
"PHF5A",4.276644702132,0.215211456266046,14.6192322259282,0.0256103629111945,0.436353100251111
"PHF6",2.68410491863791,0.32594582007238,18.1826975033012,0.0312156996066048,0.705041529843539
"PHF8",2.17599832906642,0.482653789860811,14.7345150699464,0.0442844699953859,0.85377631833108
"PHGDH",0.366000480282958,0.0279546958849978,34.7508021533702,0.0105081288104966,0.673749275642264
"PHIP",2.35966694502983,0.127286112547111,19.7763939356423,0.0211055504973995,0.426115510913657
"PHKA2",1.7473967366213,0.462084736857738,16.5357517334879,0.0426269526724345,0.872223295344794
"PHKB",1.80338281070288,0.18417542903711,23.8350235861021,0.0217046490251298,0.63231601313502
"PHKG2",10.197163722006,0.600618096185897,1.33629119782709,0.0523674817529956,0.643133088661387
"PHLDA1",0.250842170414832,0.0129459822365199,34.6245646990062,0.0102065854092232,0.643229669692872
"PHPT1",2.23112705255841,0.0566278788395013,16.7048393768962,0.0219988813912206,0.216148348464362
"PHRF1",2.07714708024518,0.380340371620654,18.5335515007466,0.0354371166233121,0.799594359667761
"PHTF1",1.20170272332935,0.266951824986634,25.424358226995,0.0262580587833163,0.810121692099672
"PHTF2",0.778233627562164,0.125235948653144,31.0367372206823,0.0161635801026184,0.734691906509562
"PHYH",1.46820432873679,0.172166992013269,26.138856959124,0.0203995648942128,0.676067220397914
"PHYKPL",2.11423971258769,0.178907808807309,21.4151095303183,0.0221445955428619,0.557272551670852
"PI4K2A",0.553794557940674,0.216631434611644,30.9872029964272,0.0215513295672187,0.883813019123044
"PI4K2B",1.68855970212347,0.400008818277641,19.0999277841617,0.0371887116790332,0.846049835812246
"PI4KA",2.32252009264979,0.304116716439883,19.7418241142083,0.0295492554106847,0.713250917519799
"PI4KB",5.53860295387101,0.40540371606091,9.85023570468134,0.0368502957518215,0.602375893374541
"PIAS1",2.80055448687617,0.204977437068795,18.5097130679045,0.0240844085693122,0.521730732084219
"PIAS2",2.02882876408168,0.331044942072779,20.1689820044825,0.0314960017384142,0.767239714120147
"PIAS3",1.95602442123753,0.260445629997911,22.1976922703435,0.0263581309833289,0.710932972764149
"PIAS4",3.76650174897827,0.538756800838106,9.93141549275568,0.0487259917816265,0.80384392505312
"PICALM",1.78994317008081,0.136955041598289,23.0526728538528,0.0200211138340829,0.531871740390187
"PICK1",1.88263019546589,0.380103240525644,19.3101739400268,0.0354925682371799,0.820455862468611
"PIDD1",0.945393419559421,0.35257495267235,23.476351768417,0.0331830471918299,0.892698474019702
"PIEZO1",1.27388392040926,0.153248777498678,27.128756757076,0.0191038695585497,0.672107398107012
"PIGB",2.77604595079163,0.599755146085773,9.2443039141157,0.0549511134225464,0.880046358895113
"PIGBOS1",1.38698924147048,0.230275901592714,25.4877847350247,0.0238024894746052,0.75284914042882
"PIGC",5.66256244991959,0.369400445572993,9.9836813534736,0.0342434118305109,0.552733243191037
"PIGF",4.31869222372033,0.369312229242667,12.8772961524552,0.0343492368533416,0.629032258064516
"PIGG",2.57995133188059,0.454528709901638,14.832614716891,0.0416203351731757,0.812536217886807
"PIGH",2.68602468386989,0.376370188989275,16.8546023934001,0.0350321802239486,0.747344021634151
"PIGK",2.03037653521521,0.37385828107535,18.9134910225892,0.0349177814263939,0.799884102762218
"PIGL",2.70386033960659,0.52039126057759,12.3867901219781,0.0475356048507962,0.845856673749276
"PIGM",2.07323103879616,0.375665625360661,18.7999393127156,0.0350818053585417,0.799497778636276
"PIGO",3.07195895807796,0.554206449056965,10.5982405275037,0.050540177870414,0.847015646127101
"PIGP",2.49934106518701,0.192852420452995,20.913833418187,0.0230451924719015,0.567123816882364
"PIGQ",2.51796764669276,0.39891199809831,16.9037432952918,0.0369576136383684,0.783368746378211
"PIGS",3.48943948892797,0.370153373871043,14.9579664061718,0.0345022097361415,0.686111647672397
"PIGT",2.10271770082048,0.101546605597455,20.3901658786573,0.0203272089232472,0.398107011782886
"PIGU",2.54718451397144,0.55879210156852,11.2577844330226,0.0512173421950364,0.873768591848561
"PIGV",1.22488085021352,0.363483052477925,22.0688448585539,0.0341369903783593,0.870774579872513
"PIGX",2.03574351963797,0.237058713209424,22.5407991301433,0.0249069205900874,0.682827892601893
"PIH1D1",4.439442235526,0.30439953730891,12.7326129397258,0.0299702903221854,0.526463202627004
"PIK3C2A",1.28745476985123,0.162626869867137,26.7503284350138,0.0196611564218243,0.677129611744253
"PIK3C3",2.63878521248382,0.432447965895946,15.2812054117398,0.0396391093314264,0.790998647865559
"PIK3CA",1.5644186692151,0.373618339651857,20.3975212464228,0.0349439633323745,0.840544717017578
"PIK3CB",0.208584973200312,0.0156594487029439,36.9223523137416,0.00864258111117226,0.715085957118022
"PIK3IP1",0.457887834625002,0.0848543923562716,34.868086031081,0.0124418769709249,0.775352520764922
"PIK3R1",0.832842307801769,0.044412375365489,26.9651504154562,0.0158772448495656,0.479041916167665
"PIKFYVE",1.3937776970294,0.252493773151015,24.7562860046039,0.0253612029378136,0.768495267529457
"PILRB",0.816106324010611,0.144546366136612,30.8235104350211,0.0172229994619977,0.760961947073595
"PIM1",0.316656036865288,0.0294580564038284,35.2337128949014,0.0102025523465298,0.69026463202627
"PIM2",0.0722276205617949,0.00500941539762102,41.2540919354438,0.00515462067301932,0.823160131350203
"PIM3",0.831553179920306,0.0283103642859937,24.5450983109359,0.0173156072298071,0.380239520958084
"PIN1",6.73127120305485,0.28180734897695,7.65710892040182,0.029204660566219,0.362372030133282
"PIN4",6.6295993415159,0.313319676834781,8.15780854767808,0.0307720073169656,0.422542012748696
"PINK1",0.868947118708527,0.193514190386453,29.5200483249674,0.0204546330960802,0.80509947846243
"PIP4K2A",0.590752522471093,0.192278683621345,31.539933162298,0.0197460359502216,0.85966776125169
"PIP4K2C",2.76646362883477,0.457898482764575,14.3257359464153,0.0418559406618808,0.803554181958663
"PIP5K1A",2.66047220987938,0.310479015065821,18.6698146693265,0.0301163993942964,0.694031292254201
"PIP5K1C",1.53808815126006,0.263868640801554,23.8600242749233,0.0262901698083072,0.762024338419934
"PISD",1.53929025180018,0.279814519560717,23.4680571501083,0.0274525237013463,0.776704655205718
"PITHD1",3.3314800999653,0.212231809797471,17.0707321237318,0.0248263784894748,0.495460691520185
"PITPNA",1.57208540184763,0.278435973425277,23.4616777796512,0.0273730966371894,0.774290129418582
"PITPNA-AS1",3.02802276677005,0.407292846793413,15.4620880362141,0.0375803179318151,0.756519219625266
"PITPNB",3.53120247152602,0.278709293733041,15.927288107685,0.0282949645398655,0.57079389607881
"PITPNC1",0.512473746704194,0.13255888435584,33.9039595059466,0.0152817751020613,0.827989182924474
"PITRM1",2.30035200070373,0.329214637891432,19.4519888418957,0.031419816870321,0.744639752752559
"PJA1",1.25892585825494,0.304567908605657,24.0318825576849,0.0292327477410291,0.831659262120919
"PJA2",1.92846020504328,0.141189428834182,22.0694347291931,0.0205321529721785,0.511976047904192
"PKD2",0.544417249630876,0.134888530535438,33.4876722289987,0.0155876226028644,0.820069538342669
"PKIG",0.382591425030031,0.0449704771140473,35.1097521893268,0.0107652321105724,0.713830403708712
"PKM",1.70256824319738,0.0119802090427001,14.0078493064669,0.0245742396490182,0.0530229862854935
"PKN1",1.64223272720084,0.183765815883266,24.4418440835048,0.021461933931178,0.648251883330114
"PKN2",3.72597397190689,0.254867072153194,15.4366250456336,0.0270783671884353,0.520282016611937
"PKNOX1",1.56239716915207,0.35495964729203,21.1469620144542,0.0334008780185107,0.831755843152405
"PKP4",0.358910173622073,0.0568916856183125,36.2739711892747,0.0104762573749628,0.76801236237203
"PLA2G12A",3.13617145265735,0.295825727086393,17.6972855075072,0.0292838240185431,0.644774966196639
"PLA2G15",0.591254157966679,0.143813579845827,32.9229466523211,0.0163240256494727,0.818910565964844
"PLA2G16",0.42291450690643,0.018170157307881,30.4057410042372,0.0132715977076424,0.530036700791964
"PLAA",2.26934965562489,0.268882541703983,20.7764485388941,0.0271190751064879,0.68562874251497
"PLAUR",0.228464755493917,0.0063082475886362,32.957009080795,0.0112780614827434,0.582480200888545
"PLBD2",1.14761571995315,0.152158251664669,28.0092285150701,0.0187106987977112,0.694803940506085
"PLCG2",0.343004549313066,0.0357798070090275,35.233910543084,0.0103905066332862,0.701371450647093
"PLD3",0.853977010094197,0.0181064424214156,21.0557999722762,0.0196967701469809,0.260575622947653
"PLEC",1.05176614149444,0.0359841746225328,22.8370992955788,0.0184190545599532,0.346146416843732
"PLEKHA1",1.81181412430047,0.209822745369702,23.7255849699016,0.0230572589753418,0.671238168823643
"PLEKHA2",0.485833614267073,0.0868834021294082,34.497439361763,0.012732042815199,0.768205524435001
"PLEKHA3",3.38431451959883,0.428169702984581,13.8479910060492,0.0391329292705687,0.744543171721074
"PLEKHA5",0.63460695246752,0.110814317205552,32.930101641092,0.0146307113644612,0.764052540081128
"PLEKHA8",2.66717343861332,0.566320401611132,10.7512365794844,0.0518525246395407,0.870967741935484
"PLEKHB2",1.48515440071036,0.104477924173644,24.5080646158387,0.0184267088667102,0.516515356384006
"PLEKHF1",0.291115100144629,0.043584636933158,37.2472715146862,0.0093555942370926,0.773227738072243
"PLEKHF2",1.39680743863421,0.153886926205846,26.3284139199904,0.0194423427926713,0.650956152211706
"PLEKHG2",0.508341711061738,0.141544801667281,33.687876024719,0.0158704943902798,0.836778056789647
"PLEKHJ1",4.13920815106668,0.268605572079192,13.9693620724194,0.0279502154886026,0.503283755070504
"PLEKHM1",2.56818624442262,0.381971243761553,17.0458995709247,0.0354986973394132,0.761251690168051
"PLEKHM2",1.03319155671961,0.194930400513514,28.322019472479,0.0208987932898124,0.774000386324126
"PLEKHO1",0.460571396709377,0.0397413038741522,33.2000476563303,0.0118360500636432,0.64960401777091
"PLGRKT",2.04324159263956,0.188912826204076,22.6182382413163,0.0223074477710845,0.60681862082287
"PLIN2",0.338731151131695,0.0118406719358564,30.0065845012011,0.0134669722071019,0.506567510141008
"PLIN3",2.00613314940047,0.116710539073924,21.654177880917,0.020067567714075,0.459146223681669
"PLK2",0.320970362013426,0.0275886195751904,35.2358122001223,0.0101552455891171,0.687077457987251
"PLK3",0.453083701060101,0.0768213144950646,35.0105832334742,0.0120244426081887,0.765790998647866
"PLOD1",0.878077547507541,0.0519007549391559,27.9524769925283,0.0154105697576858,0.520958083832335
"PLOD3",0.828779272554403,0.0491015167349092,28.2821482159604,0.0151566200078835,0.525304230249179
"PLP2",1.00525571904665,0.0206135317633782,21.0219424022247,0.0197043836630742,0.265404674521924
"PLPP1",0.34727056814249,0.0185801405132843,32.4814756282662,0.0118296429879621,0.590979331659262
"PLPP5",0.730688669334837,0.0514300403498979,29.270967038729,0.014575656880105,0.557465713733823
"PLRG1",2.21224956331014,0.261460888055299,21.0717924894269,0.0265998384015066,0.681862082287039
"PLS3",0.447041763621771,0.0333229143846874,32.8502785872964,0.0119024133395999,0.628163028781147
"PLSCR1",0.798262895828244,0.0218202461244702,23.5499817632852,0.0179871369878234,0.339385744639753
"PLTP",0.213392912249884,0.00754327586245011,34.1162945267979,0.010455384335464,0.618601506664091
"PLXNB2",1.47651964940191,0.096221523319894,24.8531295304136,0.0180815267844652,0.512072628935677
"PLXND1",0.368080208480426,0.0294711092044425,34.1155659099649,0.0109599279357673,0.657909986478656
"PMAIP1",0.274417034084096,0.0554679833384137,37.9488797690027,0.00939257658971233,0.813888352327603
"PMF1",1.35103100507123,0.500160989775312,15.8110136901371,0.0462627864738231,0.912497585474213
"PML",1.69982222425884,0.104392898634105,22.7279860620675,0.0192576708472116,0.466969287231988
"PMM1",2.1189494456158,0.199589128722184,22.5312809920775,0.0228838101460254,0.621981842766081
"PMM2",2.8262226156012,0.328117982247994,17.8802440722244,0.0314244996697198,0.700115897237782
"PMP22",0.442460628649854,0.0160864545241212,29.6263891694423,0.0137956089549112,0.503670079196446
"PMPCA",4.5955306016176,0.485897260887738,9.87828276163832,0.0435608096228544,0.722619277573884
"PMPCB",3.27624756469977,0.235358271606859,16.8446591938422,0.0258534999469775,0.526463202627004
"PMS1",3.21047117148626,0.379450032602027,15.3986203659616,0.0352213346286941,0.71238168823643
"PMVK",3.7832421190421,0.199835958575971,16.1188546593764,0.024663269694996,0.450743673942438
"PNISR",3.04196975959327,0.0833075378363443,13.9521831469829,0.0232212640079952,0.191713347498551
"PNKD",5.75782047966363,0.200673017867699,10.534396457463,0.0260491101204562,0.309059300753332
"PNKP",3.88441107618236,0.343932513489655,14.0322643884759,0.0324960397741097,0.621402356577168
"PNMA1",1.1285678051993,0.203434195716636,27.4338125618353,0.0216527362012558,0.763183310797759
"PNN",2.72001982324558,0.125304117131457,17.5617602817917,0.0219441095638541,0.362758354259223
"PNO1",2.14293190577848,0.300801992717042,20.8647434310607,0.0292922457207084,0.738458566737493
"PNP",0.380190019917629,0.0410625114792566,34.850784918193,0.0108044118947234,0.69953641104887
"PNPLA2",1.68345425592908,0.0881569048616182,22.2093739704708,0.0192036105187246,0.424183890283948
"PNPLA4",1.69844980835545,0.259935305633557,23.6293520235836,0.0261294632340778,0.749275642263859
"PNPLA6",1.44713690265127,0.213761962761715,25.3403751365068,0.0228238416073121,0.722039791384972
"PNPLA8",4.0292949964132,0.389040723334749,13.051780030197,0.0357973427367307,0.663704848367781
"PNPO",1.35606925078701,0.319266649001538,23.1596065821966,0.0304513621838445,0.830886613869036
"PNPT1",1.22483891605836,0.181530470885698,27.2394481916816,0.0204755780481947,0.721943210353487
"PNRC1",1.81046796725892,0.0203814875627391,14.7923458337109,0.0237928561225189,0.0922348850685725
"PNRC2",3.06139976816264,0.133612652530755,16.0378259065259,0.0226706165915119,0.336295151632219
"POC1B",2.24862380600039,0.544881212387139,12.1800384714014,0.0499735340894874,0.879080548580259
"POFUT1",2.02528223080062,0.353528266052576,19.6899218459061,0.0332982053451487,0.789260189298822
"POGK",2.99458523108762,0.370298162392894,16.3271594437883,0.0345729581976872,0.723391925825768
"POGLUT1",1.33523148581778,0.278756664201372,24.4510758499424,0.0272497866381849,0.802105466486382
"POGZ",2.82642833680478,0.201995862978618,18.6860699294652,0.0239489679833717,0.521730732084219
"POLB",1.93930565231115,0.215492270788379,23.2938024207916,0.0235116379638542,0.668630480973537
"POLD2",1.64288278557013,0.100681847324727,24.4362749496007,0.0184403764203639,0.508595711802202
"POLD3",0.848649489339635,0.15623894190996,30.4184690346936,0.0179997627627252,0.768978172686884
"POLD4",2.24666748891877,0.0825311940052037,18.1136251058058,0.0212037459361418,0.301815723391926
"POLDIP2",5.43569868769943,0.28095009288839,11.497856834926,0.029039154270973,0.458759899555727
"POLDIP3",2.32258468144273,0.185375088299515,21.5256259923065,0.0225107000462883,0.571373382267723
"POLE3",2.81598648579997,0.219413426557678,19.050196876445,0.0246886269917213,0.559880239520958
"POLE4",2.12103342802794,0.099396621068908,20.2507419118135,0.0203623703724894,0.390573691327023
"POLG",4.0407448608613,0.442795795228218,12.0620946795799,0.0401490877199146,0.717790225999614
"POLG2",2.07350204703655,0.478585906894231,15.1514083893874,0.0439814466874816,0.859088275062778
"POLI",1.57956386557085,0.357159503046938,20.9420547901662,0.0335684642985317,0.829631060459726
"POLK",1.80627836782763,0.260289962307217,22.4937118074765,0.0262428429051356,0.718852617345953
"POLL",4.1561948145003,0.584435938060612,8.00990130483216,0.05290550586829,0.81794475564999
"POLM",1.65326710510196,0.310143537260711,22.1657910799344,0.0298018317926219,0.789067027235851
"POLR1C",1.4526413513555,0.194695986098706,25.9475014416205,0.0216224702135466,0.70774579872513
"POLR1D",4.45902437610916,0.140708711974184,12.3355364708739,0.0242158996860749,0.254008112806645
"POLR1E",2.22151332451049,0.357838140602003,19.0328122129289,0.0336638477513517,0.777863627583543
"POLR2A",1.68095256288201,0.128816303759679,23.2806665692479,0.0196427878659144,0.524145257871354
"POLR2B",3.54684926801702,0.324571106715296,15.330384518558,0.0311772872473882,0.626231408151439
"POLR2C",3.15475832754234,0.212864485723375,17.8547071647398,0.0246850534846617,0.517384585667375
"POLR2D",3.57552863220087,0.394974163002377,14.2585147250872,0.0364193498655885,0.705041529843539
"POLR2E",5.14932859497877,0.14911998746784,10.6505688557659,0.0248847716393113,0.226096194707359
"POLR2F",4.16565445577363,0.136717506225738,14.1842024278956,0.0236019848414414,0.296214023565772
"POLR2G",3.88056159171817,0.190211285463694,14.7465559309955,0.0245605818962219,0.398300173845857
"POLR2H",3.92333491490068,0.223723545609486,15.4958704845618,0.0257281299637039,0.472667568089627
"POLR2I",3.24547001707933,0.103883457479048,15.6095884690024,0.0225782333315858,0.274869615607495
"POLR2J",1.25201465263857,0.0556435435629821,23.6612921011124,0.0180114538242832,0.406219818427661
"POLR2K",2.40795872297945,0.0723525654995101,17.3010964400275,0.0216274628743601,0.26212091945142
"POLR2L",3.05001387800939,0.0412987745223152,12.6789278482907,0.0244896777258379,0.0817075526366622
"POLR2M",1.43341529029208,0.293456143706997,23.655524484239,0.0284347082136081,0.803554181958663
"POLR3A",2.8651118929789,0.548952333535055,11.0501516134436,0.050097901871646,0.852231021827313
"POLR3D",2.42801169698832,0.401751209392688,16.9593665481293,0.0371788677970812,0.789453351361793
"POLR3E",3.09497576915387,0.518186869304649,11.8214219931329,0.0471929022200212,0.82596098126328
"POLR3F",31.4251836795203,0.940097950071406,4.08814957364507,0.105630759456722,0.869615607494688
"POLR3GL",2.07959082997787,0.140547246324055,21.3561955339066,0.0208056223704333,0.491500869229283
"POLR3H",2.14104307744652,0.2227670967253,22.3994027620043,0.0241475092481428,0.655978365848947
"POLR3K",2.44748823388885,0.242815825551101,20.4960378720895,0.0256188092764728,0.636468997488893
"POLRMT",6.36801850854219,0.673821051053582,3.34684310353079,0.0611468278653401,0.809831949005215
"POM121",3.04835830637893,0.421642427039823,14.7533976723108,0.0386632124586831,0.759513231601313
"POM121C",2.51467187199719,0.360718254388294,17.7762836825488,0.0338159505080505,0.74821325091752
"POMGNT1",1.62576509925574,0.279194497005132,23.3317551724023,0.0274645699634489,0.771875603631447
"POMP",3.25784079043575,0.0550789003990256,12.4957094607479,0.0242945429005721,0.102955379563454
"POMT1",4.0591712643029,0.648508990199033,6.00667630531737,0.0592179577866648,0.858122464747924
"PON2",0.699597072578506,0.037973647697262,28.9764010703777,0.0145312266418485,0.525111068186208
"POP4",8.25842587791422,0.495500630724501,4.12500277990552,0.0430768129239095,0.579679350975468
"POP5",3.7023624268881,0.277627406619668,15.5318689983215,0.0283025747730238,0.558624686111648
"POP7",1.33345112580907,0.0749477422021987,25.0452057483173,0.0175195227324547,0.480104307514004
"POR",1.32640807570815,0.155003799444946,26.745684802326,0.0193289246659053,0.664380915588178
"POT1",3.41386766392778,0.567370988599128,9.64091503049842,0.0516405303450495,0.839482325671238
"POU2F1",1.55867767815774,0.331244561163306,21.8859965148142,0.0314475775799026,0.814757581610972
"PPA1",1.67330177156399,0.0367749520478883,18.2358299597589,0.0213086694809988,0.219818427660807
"PPA2",2.07137648320458,0.170815013896744,22.5490221724369,0.0215414664588838,0.575140042495654
"PPARA",1.40967141467083,0.319833125900452,23.0069766783846,0.0305210050973036,0.827506277767047
"PPARD",1.71514357702008,0.306075667574141,22.0886402913392,0.0295140981467809,0.780471315433649
"PPAT",1.55956461378906,0.321463005705553,22.5152713268158,0.0307078077549737,0.816399459146224
"PPCDC",1.42752099337408,0.372220724699997,20.9815254233512,0.0348583210069604,0.854452385551478
"PPCS",4.35353627380135,0.166443449984631,13.4374420471994,0.0243478608239574,0.325864400231794
"PPDPF",1.57660136172194,0.00511634369911602,13.0967407929926,0.0254549213734782,0.0125555340931041
"PPFIA1",1.28299998978815,0.1249786831246,27.1062412921234,0.0179355988332028,0.62410662545876
"PPFIBP1",0.576443225785728,0.0358979840278857,30.8825073341483,0.013259538611285,0.576105852810508
"PPHLN1",2.63803587087567,0.265638953224746,18.8920343761972,0.0271119079501447,0.629515163221943
"PPIA",4.43282981656677,0.0138625130686368,11.0791946777492,0.0261438698464341,0.00144871547228124
"PPIB",2.05315060925185,0.011282614701145,12.6713597497046,0.0254518368181082,0.0169016805099478
"PPIC",0.472365347198868,0.0204142598041478,30.2660231510293,0.013407713883146,0.530229862854935
"PPID",5.7806485198368,0.457981653707043,8.27024574952843,0.0407379367405113,0.637724550898204
"PPIE",5.24347573410529,0.40525092544739,10.3576272436958,0.0368682082577472,0.615704075719529
"PPIF",0.719528182292458,0.0629730791835354,30.641998336273,0.0140494765200718,0.617056210160325
"PPIG",6.16780029494915,0.19797303662866,8.46853090987238,0.0262764136223239,0.25178674908248
"PPIH",2.21060216575939,0.185854894617205,21.5568924105539,0.0224628691480531,0.572822097740004
"PPIL1",1.10134854261815,0.1936499198915,28.0956038455687,0.0209133434803375,0.765597836584895
"PPIL2",2.63080062276833,0.396307690064672,16.3867057080437,0.0366250747067551,0.765501255553409
"PPIL3",4.03820467558216,0.438718228907147,12.1105371343167,0.0397884270311027,0.713057755456828
"PPIL4",2.05874497802329,0.264977804550151,21.4178877609191,0.0267291870851288,0.696928723198764
"PPIP5K2",3.23724775507703,0.338702502933308,15.8718767146948,0.0321104357942853,0.662642457021441
"PPM1A",3.72111167869116,0.409855492919278,13.4692880342153,0.0375295958704283,0.706393664284335
"PPM1B",3.26692557899087,0.351172565667316,15.6507113800108,0.0330308916772172,0.675874058334943
"PPM1F",0.805747204358594,0.150178240341558,30.7830754566033,0.017528032176077,0.769171334749855
"PPM1G",3.46539789743154,0.114195705194264,14.7143854491176,0.0230139164856445,0.268978172686884
"PPM1K",0.646172279066058,0.063184075548591,31.3092584629573,0.0136489645732643,0.636372416457408
"PPME1",3.00746992574649,0.350584090108015,16.7296538151088,0.0330662258401343,0.703882557465714
"PPOX",1.68776761383322,0.396378310418198,19.2251669974639,0.0368737350689377,0.843828472088082
"PPP1CA",3.66836345390329,0.0739078105525655,12.9705257789878,0.023826863867746,0.152694610778443
"PPP1CB",2.35667162048915,0.0971334276038887,19.1524886511252,0.0208717461503832,0.357060073401584
"PPP1CC",3.46646396757905,0.12373471410583,14.3864642738275,0.0231921289390774,0.276125169016805
"PPP1R10",1.92600945662495,0.134066336255494,22.0404151302145,0.0203309910925665,0.499130770716631
"PPP1R11",6.27416539366572,0.289085344316985,9.42751513148223,0.0295863507796743,0.418389028394823
"PPP1R12A",1.75302019729465,0.0928381585695096,21.042635395402,0.0198104947460199,0.399652308286652
"PPP1R12B",0.34813937520914,0.0778408049437276,36.7086384910724,0.0111162789546111,0.816206297083253
"PPP1R12C",1.07544053801563,0.262335863897524,26.1830881712263,0.0258012276188425,0.823739617539115
"PPP1R14B",1.03004841335548,0.092182879800001,28.8381144782879,0.0159551919266538,0.616766467065868
"PPP1R15A",0.675930214998355,0.0166862082719032,23.9484881951489,0.0177351223217188,0.340737879080549
"PPP1R15B",1.37421188608373,0.206777892696427,25.9196478075467,0.0222720706480802,0.726675680896272
"PPP1R16A",0.328925109043263,0.0259976496245567,34.8961943439305,0.0103440321414027,0.674425342862662
"PPP1R18",0.788285460847505,0.0337558354251959,25.7902102752628,0.0165139643246809,0.4258257678192
"PPP1R2",3.16473204667238,0.138197191455247,16.10658050668,0.0227586708864802,0.346436159938188
"PPP1R21",3.59993063968239,0.475684138048516,11.9639086875936,0.0430442332768748,0.765211512458953
"PPP1R35",0.789790987430887,0.111288247356229,31.5293170091785,0.0153437417435387,0.725226965423991
"PPP1R37",3.66206644074663,0.467628187212176,12.2352866933458,0.0424074250792698,0.760092717790226
"PPP1R3B",0.540379453384019,0.155558538491808,33.1555633820435,0.0169075688364511,0.844890863434421
"PPP1R7",5.50618677393214,0.325463354490874,10.3897216048677,0.0313740411713192,0.49768205524435
"PPP1R8",9.60867430374949,0.735917473968751,0.305084690696816,0.0674697063949595,0.791674715085957
"PPP1R9B",0.997136377243869,0.158435445514034,28.9855443497777,0.0186384373378797,0.732470542785397
"PPP2CA",3.15580349439211,0.286773008882186,16.9091900973036,0.0286361480458748,0.609619470735947
"PPP2CB",1.61652491903,0.236263023213828,24.1200834144004,0.0244660571284136,0.724840641298049
"PPP2R1A",4.03194041833965,0.140109843066355,13.0637814919188,0.0239001066502564,0.270523469190651
"PPP2R1B",1.57252155705094,0.484809345225491,15.9956451986363,0.044754679157219,0.893084798145644
"PPP2R2A",2.20442672649641,0.182994863846269,21.0341258760802,0.0224383025493063,0.553699053505891
"PPP2R2D",1.91225547100822,0.44425385394321,16.82620173036,0.0409762604016918,0.852231021827313
"PPP2R3C",2.45805294923404,0.283976250128243,19.5194017832321,0.0282002373633068,0.675487734209001
"PPP2R5A",1.73052445345037,0.25199108859362,23.3937397833338,0.0256141592707712,0.730152598029747
"PPP2R5B",1.53408740965356,0.366360050767281,20.7550023238693,0.034334071386069,0.838999420513811
"PPP2R5C",1.35270102953229,0.1485019227017,25.9829509616379,0.0192851357750078,0.632219432103535
"PPP2R5D",1.91323770294186,0.324757709929859,20.7878974352035,0.030997089715281,0.774290129418582
"PPP2R5E",2.831127690335,0.238406112107581,18.4777603414687,0.0256896030444635,0.574946880432683
"PPP3CA",1.45096153687848,0.132618984242335,25.6385196430257,0.0188329707663403,0.596098126327989
"PPP3CB",1.76095323916067,0.337540463857863,20.8783633318223,0.031966465556054,0.796986671817655
"PPP3CC",0.928867079182468,0.131186968924193,29.4231694961542,0.0171313846634977,0.699246667954414
"PPP3R1",4.90852702321827,0.495869108752342,9.18600023593989,0.0443528404262685,0.71807996909407
"PPP4C",5.20659144876021,0.144408771361273,10.5137142378788,0.0248845871988008,0.214989376086537
"PPP4R1",1.60338208690449,0.253397381079449,23.8170391259474,0.0256065843228252,0.744060266563647
"PPP4R2",4.40910757154849,0.262282273683929,13.1984002198616,0.0277326119513825,0.47324705427854
"PPP4R3A",3.32175682120207,0.344843716145705,15.5744782214413,0.0325628189132495,0.664091172493722
"PPP4R3B",4.40222576684213,0.285731432985331,13.3568356066553,0.0289587041999681,0.514004249565385
"PPP5C",2.90682301098262,0.313975265137938,17.6364219222662,0.0303918988430291,0.671624492949585
"PPP6C",9.19054367097408,0.469320381152164,2.75619229609985,0.0404537292830315,0.508305968707746
"PPP6R2",2.96281352396538,0.285029152352247,17.6928149929918,0.0284680330309181,0.627873285686691
"PPP6R3",3.40256244168311,0.335378599582098,15.3710244943996,0.0318673432311649,0.644098898976241
"PPRC1",1.56039930223314,0.342455560405058,21.5928352970247,0.0323723004300438,0.824319103728028
"PPT1",1.06506915642221,0.0412655057825029,23.7275381887763,0.0178736033863363,0.381398493335909
"PPTC7",1.51917333620449,0.355222114343371,21.241947051948,0.033412620648844,0.834846436159938
"PPWD1",2.16549887344374,0.341842274932876,19.2130780525415,0.0323091029886459,0.758161097160518
"PQBP1",1.84480168596884,0.0907284152935281,21.3432914069019,0.0196853614581908,0.40496426501835
"PQLC1",1.42755414785491,0.290981932061267,23.7385241582428,0.0282400391191786,0.801912304423411
"PQLC2",1.43031241446063,0.308297155201371,23.3279189593377,0.029606119163821,0.818041336681476
"PQLC3",2.59094437818112,0.142827547167437,19.254013955692,0.0217245134471685,0.438767626038246
"PRADC1",1.43345706081342,0.191544088979969,26.112946573648,0.0214027766240712,0.707166312536218
"PRAF2",1.50755865198973,0.290264509662354,23.483491752153,0.0282286872624168,0.793702916747151
"PRCC",3.81546133740441,0.284140644939906,15.3767420711036,0.0287343719385978,0.564709291095229
"PRCP",0.44912930875547,0.0179265140964795,28.7342104889742,0.0144173247872381,0.480973536797373
"PRDM2",2.44231819222777,0.261168053952114,19.8061725262776,0.0267264549538988,0.647092910952289
"PRDX1",1.89434550553962,0.0138346526909056,13.7095558361774,0.0246948473019939,0.0498358122464748
"PRDX2",1.13094404441958,0.0261980035540689,20.8893953571622,0.0197352072012897,0.272744832914816
"PRDX3",3.21339703579712,0.10354540390127,14.9183067680807,0.0228275386701559,0.254877342090014
"PRDX4",1.0703735890785,0.023801215218998,21.3769140382555,0.0194413956041541,0.282016611937416
"PRDX5",4.34978662111134,0.0577122395085415,11.1709755093138,0.0249466607877549,0.0801622561328955
"PRDX6",2.70770850390195,0.0535962178044996,14.5478497271356,0.0232278437958105,0.153467259030326
"PREB",2.35179769248334,0.175534816221744,20.9403106091242,0.0222371331353161,0.539115317751594
"PRELID1",3.09444547881814,0.0483543601837026,12.9574856054559,0.0241839179393851,0.102569055437512
"PRELID3B",3.28100418496193,0.203138992533616,17.8237418987353,0.0243416085681042,0.50106239134634
"PREP",1.27649177608044,0.23231554504336,25.937664071435,0.0238164020697395,0.768591848560943
"PREPL",2.24408361865772,0.342442182617409,19.2331849853058,0.0324174924524666,0.759416650569828
"PRIM1",0.751925936286039,0.286662363635201,27.0838414209763,0.0275115357271994,0.887772841413946
"PRIMPOL",4.11466578996687,0.623706430293133,6.80735084171149,0.0567539609370153,0.843152404867684
"PRKAA1",1.43651391861654,0.173415489304235,25.9132354952137,0.0204950379822281,0.671817655012556
"PRKAB1",2.73386282401309,0.518761567540706,12.3161491672125,0.0473270151366982,0.841510527332432
"PRKAB2",1.32608584675521,0.262128645466427,25.1795453329414,0.0259933825063283,0.795537956345374
"PRKACA",1.96461226105732,0.303774433596902,21.1969961598055,0.0294251206161194,0.752366235271393
"PRKACB",0.892917696166072,0.153976796047445,29.7812751736362,0.0180991832743295,0.747344021634151
"PRKAG1",4.59566764083052,0.425301483404358,11.2713286147465,0.0385514218279672,0.670079196445818
"PRKAG2",1.75110536188546,0.266775673341313,22.9112473300175,0.0266484725354482,0.740583349430172
"PRKAR1A",2.9099003479724,0.0950543047215955,14.7911014687568,0.022798679114516,0.234691906509562
"PRKAR1B",0.554218256275832,0.137925319068669,33.350404606279,0.0158144967609896,0.821228510720495
"PRKAR2A",3.19080021998571,0.242668447042955,17.4829892342983,0.0261494597145262,0.555244350009658
"PRKCH",0.271713975894247,0.0401235227209796,37.3276111439022,0.00916849130744334,0.769557658875797
"PRKCI",1.507771100475,0.180855510353751,25.6780406334698,0.020969308164144,0.677612516901681
"PRKCSH",3.46117352889973,0.154433273618529,16.0891107922936,0.0231899390187165,0.374444659068959
"PRKD2",1.03939658985936,0.176691780789449,28.4834796049707,0.0197914330384355,0.748599575043461
"PRKD3",1.4553751715056,0.238255403320864,24.8488214692582,0.0244296013734954,0.748116669886034
"PRKDC",0.903976925915627,0.0310163995897404,23.8997794966793,0.0177376756222268,0.366911338613096
"PRKRA",3.77682890554524,0.247931996781209,16.1664354929653,0.0267588891235254,0.528877728414139
"PRKRIP1",1.80920509658124,0.212424126586657,23.5788321584511,0.0232200116962033,0.671431330886614
"PRKX",0.574526729642707,0.0545957051725388,32.4935843966014,0.0127071536086218,0.655398879660035
"PRMT1",1.9471201131563,0.0893351230033023,20.5550806150029,0.020055839278399,0.380819007146996
"PRMT2",2.77674673544256,0.0933249053354028,16.0626601794399,0.0222474253417972,0.266370484836778
"PRMT3",2.01486342973922,0.386249415193812,18.6848208034266,0.0359821427498847,0.812825960981263
"PRMT5",2.89433182559935,0.43928218433252,14.6806425856169,0.0402300547570899,0.784527718756036
"PRMT7",2.26504794478118,0.343631395121487,19.0679341301317,0.0324980967114444,0.756808962719722
"PRMT9",0.389912007885044,0.0658906835197891,35.7087765277968,0.0111655286280141,0.767143133088661
"PRNP",1.29937027037144,0.0561039170632947,23.0333967115671,0.0183757545671896,0.389318137917713
"PROSER1",2.35884947119432,0.473642131079838,14.6684437458381,0.0433981228658105,0.837743867104501
"PRPF18",4.96564103022313,0.548866912279104,7.90260756629911,0.0491810942567749,0.760575622947653
"PRPF19",3.34948451448865,0.283194420508729,16.8640028739779,0.0285259093964747,0.602762217500483
"PRPF3",2.27653938393197,0.2999087976171,20.1293347830068,0.029248094235295,0.717114158779216
"PRPF31",8.29831290884006,0.484914953451708,3.94957915471652,0.0420465625781777,0.560846049835812
"PRPF38A",4.20543206415577,0.317204599366243,13.659768795268,0.0307794301510902,0.570504152984354
"PRPF38B",3.30049006885064,0.179269270968384,16.1101536605152,0.0237647040265988,0.415491597450261
"PRPF4",3.71665022433786,0.474369023754571,11.9694654950509,0.0429867017337328,0.762893567703303
"PRPF40A",4.96878151083274,0.17418313753908,11.3667616827205,0.0250714884362864,0.285396948039405
"PRPF4B",3.46335238926011,0.221732888286456,15.7573117215189,0.0254000678207938,0.47556499903419
"PRPF6",4.10583048513497,0.17482620878561,14.4448650642274,0.0242682366472871,0.365848947266757
"PRPF8",2.70386145990907,0.156438239032043,18.1063717059011,0.0224346423256594,0.430268495267529
"PRPS1",2.04684529569559,0.327184252237224,20.0950375264171,0.0311833640954601,0.759223488506857
"PRPS2",1.52018003630577,0.189576623140003,25.6071955956311,0.0214502089185417,0.689974888931814
"PRPSAP1",1.12521124395703,0.0834950017844526,27.2664275910109,0.0165061800899174,0.557369132702337
"PRPSAP2",1.79970780324066,0.291985037820726,21.9780013491651,0.0284789151929109,0.75516708518447
"PRR13",2.48601213256097,0.0501798633362914,14.5289983978394,0.0232742365943786,0.14496812825961
"PRR14",6.33699495965584,0.518416611725256,6.6457110492184,0.0458706033493509,0.680220204751787
"PRR14L",2.443633179087,0.311574284188851,19.2339595549915,0.0301242465376824,0.71112613482712
"PRR3",3.06508003084612,0.527162354346616,11.4742094050422,0.0479733022821112,0.830307127680124
"PRR34-AS1",1.01539311628956,0.229630821885745,27.7224189887787,0.0232640355038925,0.813695190264632
"PRRC1",1.52645003752559,0.176664265394586,25.3730378567572,0.0208380185437797,0.662256132895499
"PRRC2A",2.45852397486002,0.141879331030624,19.4830280098342,0.0215765944638365,0.443017191423604
"PRRC2B",2.62223765990202,0.14250658524811,18.6660467029579,0.0218997593490693,0.422059107591269
"PRRC2C",5.57176272915847,0.107562337294097,9.23937338603251,0.0252271673716373,0.121885261734595
"PRRG4",0.478264111425377,0.100123712221688,35.0594299563324,0.0130739662021207,0.806644774966197
"PRSS23",0.137809566577105,0.00312663146334176,35.609180457675,0.00926309331907296,0.65423990728221
"PSAP",0.828474002356809,0.00380503595570999,15.2641976092397,0.0240616519574092,0.0650956152211706
"PSD3",0.383789069914818,0.0618362365039755,36.1365228213565,0.0107634747014752,0.772551670851845
"PSD4",0.759485235119266,0.189640796806757,30.3158785623339,0.0199590976695971,0.821035348657524
"PSEN1",2.13400185596307,0.294088661096904,20.5516926520659,0.0287634032161606,0.719528684566351
"PSENEN",2.6231906059027,0.279674858787251,19.2119408718919,0.0280030179503326,0.660324512265791
"PSIP1",1.28632549680809,0.0725541517241362,24.4920980681824,0.0177433783298506,0.459918871933552
"PSMA1",2.13269824179485,0.201632161355038,21.5969364622763,0.023134548394509,0.59967162449295
"PSMA2",1.17352224515309,0.422424592157256,19.6891685814744,0.0392810901020775,0.898107011782886
"PSMA3",2.37989125209359,0.108157014869506,18.7536159675324,0.0211605582064969,0.364979717983388
"PSMA3-AS1",2.64006164592127,0.329070281198257,17.895507631316,0.0313766799783411,0.702337260961947
"PSMA4",3.20317848856819,0.108244304243381,15.7501772204195,0.0225393621167154,0.285976434228318
"PSMA5",3.00518641515342,0.117299393298845,16.2326752460613,0.022385357392312,0.313695190264632
"PSMA6",3.34831761774331,0.0988206445415026,14.8350138437017,0.0228818867721275,0.245315819972957
"PSMA7",4.32416735153275,0.0458463271442242,10.8369241027579,0.0253608264494498,0.0499323932779602
"PSMB1",3.63573962958722,0.0726802973154517,12.1904321912273,0.0241835524166749,0.128549352907089
"PSMB10",1.47751606261854,0.0493643465014469,20.2904538898995,0.019958189264335,0.299884102762217
"PSMB2",2.63047957293693,0.0894351083908295,16.8747623516126,0.0218633301187794,0.281437125748503
"PSMB3",3.10089636015279,0.078044246533543,13.9269613292108,0.0232817820810067,0.18224840641298
"PSMB4",3.96985146586696,0.152587441870903,14.6068830539329,0.0236887877633626,0.333107977593201
"PSMB5",3.87735927354186,0.130554243069342,14.6967196022339,0.0232903107241642,0.298435387289936
"PSMB6",3.81940962478954,0.0996291840507814,12.6392808051366,0.0238097116248344,0.18900907861696
"PSMB7",4.57212367095728,0.213568348008347,12.9378904163622,0.0257986501465126,0.389511299980684
"PSMB8",1.58881843003725,0.0322881994973884,17.7092085697475,0.021687581073173,0.195866331852424
"PSMB8-AS1",0.922147597968559,0.137660672820942,29.641340356226,0.0173482943470396,0.716244929495847
"PSMB9",0.903350000561867,0.0134189252210221,19.8398762679154,0.0206078606568776,0.21701757774773
"PSMC1",4.15139781134727,0.222297836210386,13.9128208348145,0.0258679758773868,0.428433455669307
"PSMC2",2.65995570202729,0.161909090693059,19.0170753590028,0.0223483205259278,0.464361599381881
"PSMC3",3.17803139018689,0.144760826969414,16.4401449038617,0.0227900050746013,0.366718176550126
"PSMC4",2.4717611379171,0.135027201397153,19.3790330108208,0.0214498929413789,0.428626617732277
"PSMC5",5.77161101258042,0.19731551994375,9.49595150547265,0.0260522000843845,0.276221750048291
"PSMC6",3.13584316701485,0.222737136221766,17.2211166408548,0.0251690259064229,0.516129032258065
"PSMD1",2.86319810868251,0.183447697719664,18.4368337167695,0.0232824577427168,0.484643615993819
"PSMD10",5.36589875724813,0.430602357516248,9.6154218417549,0.0387430525090914,0.633474985512845
"PSMD11",3.55279345509677,0.178511005918313,15.8194525675671,0.0239025580588969,0.407185628742515
"PSMD12",3.34651145540582,0.243760127853893,16.9062523279432,0.0263047981663406,0.541626424570214
"PSMD13",2.64626938891853,0.152830581105141,18.7417744031139,0.0221499670754771,0.441568475951323
"PSMD14",2.36116294290016,0.182534111953383,20.8887755094777,0.02253267727234,0.549256326057562
"PSMD2",3.14108777327281,0.144849693374499,16.738723090016,0.0226971643848853,0.374927564226386
"PSMD3",3.21427500749434,0.194197887640752,17.2379166361185,0.0240382472409983,0.470446204365463
"PSMD4",4.64856370231957,0.165197425958696,12.831751693151,0.0245387856703836,0.308769557658876
"PSMD5",4.25083563064282,0.524873036316059,9.52012142627612,0.047209322323664,0.771006374348078
"PSMD6",3.32543488628959,0.231166749532638,16.6649211431608,0.0256899504242384,0.514970059880239
"PSMD7",3.52601601522001,0.122892707917428,15.164451670327,0.022954793968815,0.296503766660228
"PSMD8",3.8070831373842,0.0855695201081562,13.2839266591598,0.0236181823701505,0.182634730538922
"PSMD9",2.59184929894561,0.266199641666163,19.4217136444144,0.0271279978596946,0.644678385165154
"PSME1",2.20975824949634,0.0300866332711524,13.4777008365198,0.0243202762941282,0.0762024338419934
"PSME2",1.14893483114113,0.015960884262956,17.0297192223169,0.0224540001498048,0.142360440409504
"PSME3",5.11793690499194,0.38224563370117,10.8680633722939,0.0351733139198624,0.595132316013135
"PSME4",0.879744345144024,0.0831782781364071,30.0885921234301,0.0149978754291341,0.636565578520379
"PSMF1",6.88079520867512,0.239934276396136,7.71617340852735,0.0276713973799966,0.300367007919645
"PSMG1",2.34788934966249,0.207631142737196,21.739164784396,0.0235390487702375,0.61357929302685
"PSMG2",7.25123903672848,0.254190278546734,6.69536344437149,0.0282272546077075,0.29689009078617
"PSMG3",3.39012222032322,0.311269883919339,16.5587228503054,0.0303541009276734,0.638304037087116
"PSMG4",3.34500950950697,0.288920501538774,16.7852889343558,0.0288749360722368,0.609619470735947
"PSPC1",2.36577553654609,0.292111314272367,19.8411235119066,0.0287228192875255,0.697025304230249
"PSPH",0.520554676147711,0.119449120195554,34.1696914590781,0.0144706639453241,0.813695190264632
"PTAR1",1.21701055660141,0.149897387406841,27.7029421384975,0.0187409776650692,0.682538149507437
"PTBP1",4.67966579788628,0.213497762671301,12.0627043015478,0.0258998339776687,0.366331852424184
"PTBP2",0.988046233520899,0.274845190395335,26.2783962255122,0.0267086947245994,0.846436159938188
"PTBP3",2.60213784780186,0.147468980865436,18.9781583152095,0.0219254675912108,0.438960788101217
"PTCD3",3.99840926231322,0.4555348787746,11.7796137614706,0.0412028945863977,0.729379949777864
"PTDSS1",2.49367684963609,0.163591643870202,20.4359244419575,0.0219851956613418,0.505794861889125
"PTEN",1.45410748754005,0.154721819285574,25.4183250604688,0.0197743645185714,0.627004056403322
"PTER",1.48431625617218,0.388007459721052,20.2237793671695,0.0362100273091502,0.858315626810894
"PTGES2",3.77212754208087,0.266514903750364,15.7027812811998,0.0277270909323614,0.545779408924087
"PTGES3",4.9304359449948,0.0825993049821214,9.63208049422317,0.0252422082644912,0.0854742128645934
"PTGR1",0.89739930996805,0.146233659718551,30.2281568913206,0.0175603376051352,0.747054278539695
"PTK2",0.823540721722806,0.0519492767287354,28.9336616567567,0.0148229910880087,0.549063163994591
"PTMA",4.2283750473517,0.00669834095255129,11.5780115764567,0.0261117931745766,0.000579486188912498
"PTMS",1.72784891342433,0.0208518357222413,16.0821885680446,0.0229595604481138,0.129418582190458
"PTOV1",1.39190155867537,0.113940435547034,25.6703590167779,0.0181683236171944,0.565192196252656
"PTP4A2",1.79462218470713,0.102440618603153,21.7808488115932,0.0196511548631944,0.437318910565965
"PTPMT1",2.97650262778631,0.256052618495883,18.3331387426477,0.0267444954491053,0.599285300367008
"PTPN1",1.68401895562759,0.118662198919417,23.1385434937006,0.0194162301318324,0.502897430944563
"PTPN11",3.1881656967783,0.251796181294624,17.4454709973986,0.0266311247777751,0.568765694417616
"PTPN12",2.0019430085164,0.170754454679886,22.7321135586658,0.021457942404155,0.579969094069925
"PTPN14",0.566603228090729,0.0754597758668263,33.672031740238,0.0127390336234199,0.725226965423991
"PTPN18",2.69390253714086,0.21812336858839,19.5659847605199,0.0245089888750621,0.571663125362179
"PTPN2",3.68933552028559,0.223551969647313,15.7787240592366,0.0255877769082653,0.479524821325092
"PTPN23",2.71146595179717,0.411200437839228,15.8486844028989,0.0378701295436489,0.773614062198184
"PTPN4",1.10441276000914,0.243810229499629,26.6388176910516,0.0244322179554667,0.806548193934711
"PTPN6",0.434744910521845,0.0268377885318347,31.9497389287089,0.0123564084055075,0.590496426501835
"PTPN9",1.67845619428187,0.302431797738373,22.2657096485757,0.0292167608613242,0.77960208615028
"PTPRA",2.06215909603847,0.167410965739055,21.8744195276638,0.0215584892594516,0.550801622561329
"PTPRC",0.201807588693737,0.00548478824760976,34.0749636030298,0.0104486903285548,0.613675874058335
"PTPRE",0.317657955703821,0.025909594810374,34.9526098145708,0.0102982423023351,0.675874058334943
"PTPRJ",0.474112917800879,0.104584776531048,34.7295497563293,0.0134387707895209,0.804713154336488
"PTPRK",0.682382873107306,0.0477725142848213,30.8143785883882,0.0135778399123237,0.595422059107591
"PTRH1",2.98602917105172,0.339330605428547,17.0672367372112,0.0322395288401345,0.695576588757968
"PTRH2",3.21971691849069,0.33896232625551,16.4899810082087,0.0322454525524665,0.679350975468418
"PTRHD1",3.27610627426113,0.164252710210921,17.8202830485625,0.0229710733849562,0.43741549159745
"PTS",1.99268166317425,0.18971426145066,22.8322918405008,0.0222760304775373,0.613965617152791
"PTTG1",0.15481200736194,0.0138670679346374,38.7602788275454,0.00727767182792073,0.765597836584895
"PTTG1IP",1.84945511379959,0.0424621256819085,18.0242550316804,0.0213796270640842,0.225420127486962
"PUDP",2.38622532626397,0.457019330447023,15.2019239107391,0.0419163320060862,0.826733629515163
"PUF60",1.42303831554666,0.0576902818233918,22.1701361256406,0.0188913780485804,0.368166892022407
"PUM1",3.69442487837989,0.256474022086761,15.2089267000169,0.0271393115606077,0.516708518446977
"PUM2",4.29285281421948,0.312770345651162,13.4858622500933,0.0305170438426618,0.559107591269075
"PUM3",2.36806765275458,0.193913036576281,21.0909863096092,0.0229898213202321,0.573498164960402
"PURA",2.11993634710369,0.219046396649489,21.7083282682408,0.0239994544015097,0.63106045972571
"PURB",2.16374068306137,0.311490886788781,20.2497136143007,0.0300521318248963,0.738651728800464
"PUS1",1.83644705362771,0.396933922398601,18.839549068721,0.0369148449044177,0.833880625845084
"PUS3",5.41331389404379,0.708071206164841,3.1395402796289,0.0650817509831378,0.857832721653467
"PUS7L",2.6373031040678,0.371610161025557,17.0771546518563,0.0346493378696304,0.746088468224841
"PUSL1",2.29967442596336,0.369721500041195,18.5474738336593,0.0346415004153182,0.78298242225227
"PVT1",0.575921282782855,0.107795971888372,33.8157957868106,0.0140682209764036,0.784141394630095
"PWP1",5.38064634729254,0.350773987500958,10.6227557880984,0.0329837729998872,0.5417230056017
"PWWP2A",2.44079432806249,0.418293082745313,16.3432984999809,0.0385429482182469,0.798242225226965
"PXDC1",0.572050614075884,0.165790256922888,32.5718286633332,0.017739084949066,0.845277187560363
"PXK",1.48024706113942,0.279729002420201,23.7360993900445,0.0274113131315741,0.783948232567124
"PXN",0.947203946122986,0.105409097321847,29.2276698989625,0.016177992096574,0.650183503959822
"PYCARD",0.741197835055407,0.017274514779434,24.1076966661585,0.0176376321043723,0.346919065095615
"PYCR1",0.586983067622535,0.0446095259299469,32.47426119405,0.0124664802046731,0.637531388835233
"PYCR2",2.04383126946865,0.354262215458103,19.5767346898725,0.0333504290979658,0.787328568669113
"PYGB",0.780269267338702,0.0709879504814107,30.6328191707463,0.0143039062278762,0.630867297662739
"PYGO2",2.67647096754797,0.376972625251903,17.0724598277613,0.0351398629942705,0.754008112806645
"PYM1",4.15896969043266,0.365234283027972,13.3334523920647,0.0340714541111789,0.635020282016612
"PYROXD1",1.65500433451369,0.336778099770026,21.4167906013426,0.0319169433875996,0.810508016225613
"PYURF",4.7107894026306,0.112802322426814,11.3818601378223,0.0243961975622954,0.182924473633378
"QARS",3.53739471983413,0.289085921477158,15.781538051517,0.0289076904730706,0.583156268108943
"QDPR",1.93647861713901,0.241778527207155,22.6942658522966,0.0251234142329268,0.694610778443114
"QKI",1.2130483885059,0.0936638037519174,26.2422458609883,0.017276647743704,0.546069152018544
"QPCT",0.159100562119815,0.0522179080242341,40.5039734482969,0.00765995084386659,0.882267722619278
"QRICH1",5.11085684845029,0.479598475841673,8.80231682843483,0.0426495313415849,0.68437318910566
"QRSL1",2.32631288617162,0.442420255480948,15.8994371851139,0.0406812950311764,0.823353293413174
"QSER1",1.6298533195958,0.263313028429852,23.64861801848,0.0263178801787277,0.755263666215955
"QSOX1",1.1881818779572,0.0806578909844613,26.3255496175546,0.0169284686479544,0.525883716438092
"QTRT1",2.33158318438171,0.170094841209444,21.1839956715116,0.0219640424322952,0.536797372995944
"R3HCC1",3.16235505280151,0.357056367162446,15.7748296350862,0.0334558220849412,0.688333011396562
"R3HCC1L",1.86578231925881,0.483563473814951,15.3730469083017,0.0445005874926441,0.873382267722619
"R3HDM1",1.7712820060699,0.221641093971608,23.668015179705,0.0237134245504976,0.688815916553989
"R3HDM2",2.90030962277208,0.41732503440837,15.2558621740122,0.0383522981353748,0.766660227931234
"R3HDM4",4.01737887802942,0.263358495817926,14.4841974460221,0.0276406090879563,0.508595711802202
"RAB10",4.18930816548407,0.130009967930375,13.278272329029,0.0237828533388798,0.260382460884682
"RAB11A",2.49525398686265,0.0861855903611277,17.2340881686303,0.0216677638298406,0.285010623913463
"RAB11B",6.9723238420696,0.19962891641866,7.48229418204087,0.0266254082137627,0.232084218659455
"RAB11FIP1",0.434968942238018,0.0377295662095778,33.4707233332031,0.0116045364232324,0.653853583156268
"RAB11FIP2",2.19294033724548,0.491664984694361,14.3604437740725,0.0450937166056598,0.85734981649604
"RAB11FIP5",0.818431338204445,0.242967257429179,28.4260685171002,0.0240230450858738,0.854838709677419
"RAB13",1.49682069582136,0.0364811034140549,21.2753270466655,0.0194679655155977,0.305196059493915
"RAB14",5.28066854063494,0.217130779498017,10.4537904659355,0.0263413712167133,0.331272937994978
"RAB18",3.94764910291355,0.21215329530593,15.3138923582301,0.0252851033853104,0.449294958470156
"RAB1A",3.8807311225468,0.151591545798895,14.5304010724535,0.0236568249345684,0.328954993239328
"RAB1B",5.24407695012009,0.191692409446422,10.7630359729907,0.0256200928178998,0.298725130384393
"RAB21",2.78425047484505,0.388417869791461,16.2314163057709,0.0359702743837103,0.748985899169403
"RAB22A",3.40997099585866,0.347592165610061,15.8620564374778,0.0328936523041159,0.675680896271972
"RAB27A",0.704776016032568,0.0925112445474036,31.6078287088774,0.0144879566776906,0.695480007726483
"RAB28",3.10753741104606,0.388301371191406,15.4078959966729,0.0359158602838071,0.72628935677033
"RAB29",1.60425402089739,0.158665122707317,24.816603464365,0.0201982121093165,0.617056210160325
"RAB2A",2.14406251005215,0.0354241167145035,15.63428944662,0.022913295705428,0.146899748889318
"RAB2B",2.11471973087515,0.480078008660724,14.9512864924186,0.0440716149391525,0.855901101023759
"RAB30-AS1",1.68135369113196,0.27686343144607,23.3038520944411,0.0273309518196708,0.767336295151632
"RAB32",0.545034066804088,0.0507070362859801,32.7405834836753,0.0124410749495616,0.655688622754491
"RAB33B",2.0436618334151,0.546044932554888,12.4914121407801,0.0501849888579488,0.890090786169596
"RAB35",2.64782714539945,0.310639040300418,18.4568065374455,0.0300925567252162,0.688622754491018
"RAB3GAP1",3.14015631324605,0.275171254258324,17.0605024355421,0.0279257788278042,0.595422059107591
"RAB3GAP2",2.24136950486058,0.270913715074949,20.7494064353447,0.0272346117884274,0.688139849333591
"RAB3IP",0.441910015910616,0.13415788921488,34.7674936541892,0.0150041424924476,0.855128452771876
"RAB40B",0.808700068650957,0.131033470834187,31.2623277956863,0.0163795294964085,0.750820938767626
"RAB4A",3.48048471688449,0.146443487776116,16.8553073654729,0.022830581263876,0.382267722619278
"RAB5A",4.12593503287279,0.282776745337404,14.2204530624761,0.0287270613128141,0.532064902453158
"RAB5B",4.1886321561882,0.322426995861527,13.3134287743312,0.0310469862716388,0.569441761638014
"RAB5C",1.71978110448228,0.104531418129102,22.5315936579954,0.0193495460659221,0.461753911531775
"RAB6A",3.13896783310217,0.123595627950234,16.0641596905764,0.0225534013702815,0.320455862468611
"RAB7A",7.50246474929884,0.168679605538595,6.94288464848479,0.0263138976746689,0.172107398107012
"RAB8A",2.1744718368311,0.11320071021282,20.1292891989744,0.0206372397656867,0.411145451033417
"RAB8B",0.741493629432795,0.114738922942758,31.3953028197068,0.0155189429643001,0.727158586053699
"RAB9A",1.05575595948251,0.0721986825790385,26.8662771536303,0.0164274959264234,0.526076878501062
"RABAC1",1.44948636608048,0.0206115380515219,16.5122507648844,0.0226810927482276,0.138786942244543
"RABEP1",1.3484929110987,0.139817497769412,26.1202213068246,0.0188858356312185,0.621498937608654
"RABEP2",2.10430767652194,0.369947649013517,18.8060834767159,0.0345906329326932,0.790805485802588
"RABEPK",4.85524669191786,0.458188886186491,10.2065019847434,0.0412032022913632,0.689974888931814
"RABGAP1",1.30221812013877,0.185852500154119,26.5452093077879,0.0209144165386885,0.709774000386324
"RABGAP1L",1.00176534280512,0.0870049475164037,27.8827576867729,0.016237839956205,0.580548580258837
"RABGGTA",4.10990995281215,0.432651671250138,12.0648604889248,0.0392538637872743,0.702723585087889
"RABGGTB",1.82372265348377,0.130620921443548,23.3446999232699,0.0197457742566157,0.529457214603052
"RABIF",3.56283569666852,0.322169363774469,15.7718534742424,0.0310958109385183,0.634151052733243
"RABL2B",1.93601821073381,0.443952228354979,16.7962622603064,0.0409488687923688,0.850878887386517
"RABL3",1.92548937241756,0.486778572347759,15.1685217645989,0.044794284289285,0.872513038439251
"RABL6",1.43475457412235,0.200522041024133,25.820206052222,0.0219635203451778,0.713733822677226
"RAC1",2.3540025615687,0.0234956377966857,13.2955296976613,0.0246226330390059,0.0603631446783852
"RAC2",0.178912447935231,0.00458403741645701,34.2320026177849,0.0103107455331438,0.616573305002897
"RAD1",1.29502037471192,0.194042661136317,26.8934875658526,0.0213024272846436,0.732856866911339
"RAD17",2.3408938693529,0.452271192557501,15.4698085412595,0.0415145116491721,0.826830210546649
"RAD21",1.36493804204222,0.0377221858838083,20.5493827106799,0.019865638584371,0.285590110102376
"RAD23A",4.15828180725985,0.08882894610469,12.1544055826403,0.0241050402923081,0.159551864013908
"RAD23B",4.36268988343722,0.191551341191137,14.0404181232436,0.0248974789839737,0.383040370871161
"RAD51C",2.16020624594579,0.286715725984073,20.7333102183476,0.0282652251859296,0.712768012362372
"RAD51D",1.85500338121675,0.478922264769076,15.6033641557068,0.0440952400482362,0.872513038439251
"RAD54L2",1.96309496953139,0.506067814458043,14.2780257440334,0.0465180761946023,0.877824995170948
"RAD9A",1.75443431743695,0.291445408376114,22.4717101899529,0.0284381469520821,0.767722619277574
"RAE1",2.81570271872972,0.339859978964492,17.5681122494139,0.0322691134006457,0.709967162449295
"RAF1",3.40610100805838,0.279416729191073,16.3141722302839,0.0282906628200661,0.582190457794089
"RAI14",0.379814156296771,0.0330869465959287,34.5971615884573,0.0107444542168243,0.678288584122078
"RALA",1.19930566237728,0.0518826188308002,23.3493230020051,0.0181526757463654,0.390283948232567
"RALB",1.1370410517781,0.134188275898937,27.817898464781,0.0179591002689042,0.659358701950937
"RALBP1",2.13547376692972,0.10767322812289,21.2582134095547,0.0200913014552001,0.433165926212092
"RALGAPA1",1.23772869947447,0.166537602834467,27.0076270168746,0.0197528012807963,0.690747537183697
"RALGAPA2",0.300665641195556,0.0804675170579473,37.4658002120347,0.0108164451691743,0.842379756615801
"RALGAPB",3.27409499390738,0.405301707869471,14.6091519018406,0.0372557156786966,0.730538922155689
"RALGDS",0.691541548285887,0.0865655440297694,31.6495407645201,0.0142404135520556,0.686497971798339
"RALY",5.78896314157947,0.133319048607359,9.45557183749342,0.0251955402591227,0.171817655012556
"RAN",2.82857067949528,0.0326278954262716,12.7233699194902,0.024687330336793,0.0652887772841414
"RANBP1",2.0859460219298,0.0545376190038262,17.3848155723899,0.0216360281777448,0.230635503187174
"RANBP2",2.24729942907581,0.178258066824492,20.8136551800851,0.0223146857991498,0.539887966003477
"RANBP3",9.01054220424558,0.626674813283962,1.79870913820689,0.0551419002005048,0.69383813019123
"RANBP9",2.24800762760955,0.426324974995709,16.5708594947105,0.0392829300092495,0.817075526366622
"RANGAP1",0.9545808245924,0.136230132930953,29.6665126528717,0.0172937576986234,0.714603051960595
"RANGRF",2.59939833528052,0.282736613779493,18.8335449275883,0.0281675446527846,0.655012555534093
"RAP1A",1.69214556972459,0.0651857009758376,19.8583666631437,0.0201982920796903,0.317172107398107
"RAP1B",2.42427913007691,0.0764800178958679,16.5162680134462,0.0219871693234496,0.247344021634151
"RAP1GDS1",2.40979612197105,0.270704143876053,20.0821618654696,0.027314033050898,0.669692872319876
"RAP2A",0.736454893959672,0.171094051090542,31.0322567223969,0.0186076867383748,0.810701178288584
"RAP2B",0.660113496306595,0.0621827920215896,31.3644717918087,0.0135989791821592,0.636275835425922
"RAP2C",1.40292166889805,0.296832400930044,23.5419391319088,0.0286728366047088,0.805872126714313
"RAPGEF1",0.682428006253526,0.0958722100296995,32.0246924874379,0.0144110784662814,0.713057755456828
"RAPGEF2",0.682493034632953,0.203904782369617,30.4813856222653,0.0208231377976214,0.848947266756809
"RAPGEF6",2.03536368303663,0.448658353929957,16.2924115703908,0.0412923969348001,0.844311377245509
"RARA",1.01572873611729,0.129597915908349,28.8765954815751,0.0173143198569902,0.681282596098126
"RARRES3",0.456978612277056,0.010028377208085,26.043796338743,0.0162850277261882,0.388159165539888
"RARS",3.8451851147475,0.377097473605599,13.9791902823138,0.035003688799243,0.670272358508789
"RARS2",3.36426008904284,0.492336924074573,12.051163864696,0.0446747042450071,0.792833687463782
"RASA1",1.20473773079096,0.254814379366409,25.7337607895257,0.0253512978101885,0.79920803554182
"RASA2",1.46316733186402,0.180148074258242,25.5440130734576,0.0209337113283258,0.672686884295924
"RASAL2",0.659327025341048,0.113094586204047,32.5329156144541,0.0149207069436306,0.756615800656751
"RASGRP3",0.205447878884444,0.0541581631513141,39.3961785132304,0.00843963081853605,0.853486575236624
"RASSF1",1.35675939206912,0.132429290105228,25.922805651942,0.0186752278836183,0.603534865752366
"RASSF3",0.54501493029127,0.146664891720917,33.2515448064683,0.0163455741092356,0.83291481553023
"RASSF7",1.00405490819172,0.13730987907136,29.54544803504,0.0174189437242654,0.713057755456828
"RB1",0.508219388518621,0.0395591702215656,31.816296480314,0.0127133343357339,0.609329727641491
"RB1CC1",1.2658960067593,0.0684976435242567,24.6258788459564,0.0176143830150388,0.456538535831563
"RBBP4",3.31100129574042,0.135850173258949,15.7476128446107,0.0228751309590046,0.333301139656172
"RBBP5",2.50014813886304,0.443961621541177,15.4178749051915,0.0407497349093489,0.812343055823836
"RBBP6",3.18823466517702,0.159919826860044,16.8851922517277,0.023024681869542,0.404288197797952
"RBBP7",1.92032233805965,0.118582763733913,22.0727394478239,0.0199176893213909,0.473729959435967
"RBBP8",0.442968606672031,0.0441740275383415,33.7451634809997,0.0116062952972483,0.673073208421866
"RBBP9",2.93028767252344,0.605610476192064,8.91640547280743,0.0555257139378571,0.878983967548773
"RBCK1",2.61112053504721,0.0984098994074598,17.2651223967526,0.0217309177575183,0.307803747344022
"RBFA",4.44822148486732,0.399908230081115,12.3906058615932,0.036724535453731,0.661773227738072
"RBFOX2",0.76851932905975,0.0938595553021557,31.2923907325114,0.0147254257097915,0.688912497585474
"RBKS",0.127947299594808,0.0132265969070332,39.8820118368424,0.00645253873768269,0.797276414912111
"RBL2",2.09362337976951,0.15835054268923,21.5518858245236,0.0213235238547321,0.526849526752946
"RBM10",4.3843129503447,0.441550869835307,11.3725084624947,0.0399304858693444,0.697121885261735
"RBM12",4.36732539344057,0.581517011486205,7.8525986020383,0.0525565636529892,0.808576395595905
"RBM14",1.84979876218995,0.403059987214192,18.5247357846895,0.0374167360034018,0.834846436159938
"RBM15",1.39824024531162,0.453933139931485,17.7230816805042,0.0420270324464407,0.892891636082673
"RBM15B",1.92265511126304,0.332175879397616,20.646482273779,0.0315923995244752,0.782016611937415
"RBM17",3.74868612009804,0.114911233802365,13.8598467298107,0.0233801417446036,0.248309831949005
"RBM18",4.87800910853875,0.48555532516912,9.46682638509581,0.0434641377617867,0.710546648638207
"RBM19",6.0606099203787,0.725691098622046,2.16937693520075,0.0667658946118284,0.852231021827313
"RBM22",4.24486957157887,0.382704296983926,12.4620754625303,0.0352226656722099,0.638497199150087
"RBM23",4.22402058972417,0.347242330291637,13.0492029463264,0.0327045182054059,0.600347691713347
"RBM25",4.14999844974625,0.136296209944687,11.9658867356039,0.0241877329090573,0.234788487541047
"RBM26",2.34811908816416,0.270402347932121,20.1021020247005,0.027254987128781,0.669789453351362
"RBM27",3.20029890205438,0.706058275366578,4.65913262179843,0.0653507962283044,0.911531775159359
"RBM28",2.88156903175505,0.346436589506482,17.2605988141052,0.032770147307701,0.711802202047518
"RBM3",1.56392949209923,0.020842511261256,15.8007723716692,0.0231351839718932,0.119760479041916
"RBM33",2.38705236093285,0.273009856954966,19.921018255757,0.0274447447864014,0.669016805099478
"RBM38",0.797242767295833,0.268665214900732,27.5847181952325,0.0260585499906888,0.872802781533707
"RBM39",3.40190795969563,0.0701620980361709,12.278450737938,0.0241547451710065,0.124686111647672
"RBM4",1.65540872057705,0.232455231201085,24.1119283073935,0.0242516528802483,0.718466293220012
"RBM41",3.73410393253608,0.617372402477945,7.47593056191743,0.0563044529374004,0.853679737299594
"RBM42",2.76688335392689,0.160981327879355,18.4047993193702,0.022515355872419,0.446300946494109
"RBM48",1.90796990047644,0.34364904858025,20.2391058788078,0.0324759497441208,0.788970446204366
"RBM4B",4.09083644520506,0.520243085373605,9.96405036869528,0.0468905602251145,0.776414912111261
"RBM5",1.72961136490241,0.207499945432219,23.5765595574219,0.0228976705775636,0.663318524241839
"RBM6",2.45399956839177,0.227269174711565,19.6530648001704,0.0248217269405476,0.588564805872127
"RBM7",2.57376010748563,0.51808759820605,12.6540700543822,0.0473503184293991,0.850106239134634
"RBM8A",5.08487381388851,0.121599036725777,10.566003829242,0.0247245151214409,0.177902259996137
"RBMS1",1.70250594819095,0.0969706540368185,21.9768166100679,0.0194419804596783,0.432972764149121
"RBMX",4.11233789688974,0.140118313364941,13.0896355028003,0.0239170618406522,0.271682441568476
"RBMX2",7.65412419147169,0.54753502770237,4.48823609793117,0.0480519374623598,0.661290322580645
"RBMXL1",2.96179506971012,0.568748556294024,10.1761366433964,0.0519184974609629,0.857929302684953
"RBPJ",1.33254371268162,0.0610457272762994,22.4036662798653,0.0187485727580449,0.380239520958084
"RBX1",5.20374007713028,0.0773351255171828,10.2810065529682,0.0250822544756165,0.0965810314854163
"RC3H1",2.72931799000017,0.221089345780661,19.2460668657028,0.0247037165748336,0.567799884102762
"RC3H2",2.17567558937585,0.279925912824868,20.5869852577656,0.0277942894029067,0.698087695576589
"RCAN1",0.271437195199156,0.0198490082948954,35.7158391303371,0.00961315765157322,0.687367201081708
"RCAN3",1.28574567658564,0.189241166881321,26.8912473445807,0.0210211642507263,0.724937222329535
"RCBTB1",2.11833255571979,0.457683340779097,15.7786946504836,0.0420671385313539,0.844021634151053
"RCC1",1.17805450776164,0.135554533717209,28.4748484229186,0.0178174029474784,0.680220204751787
"RCC2",2.10537626027012,0.202194331116762,22.2012952487032,0.0230556978568516,0.61715279119181
"RCCD1",0.73170678898221,0.150138066581261,31.6231322628801,0.0172088229381857,0.792737106432297
"RCE1",7.29017667923338,0.570743948143028,4.56136214177258,0.0503785058346982,0.696059493915395
"RCHY1",3.0661042476004,0.389353446745267,15.5125279351371,0.0360135486302058,0.730732084218659
"RCL1",1.71753115700512,0.38107962092335,19.7554705128974,0.0355870407373475,0.834363531002511
"RCN1",1.21988797758325,0.0382646715965605,23.3023218886771,0.018174718994192,0.364786555920417
"RCN2",1.46158274648768,0.0580038076305049,22.3416517910923,0.0188109143241514,0.373865172880046
"RCOR1",1.49799390989892,0.371644668238402,20.7201171884741,0.0347912563349354,0.846339578906703
"RCOR3",1.86680890030198,0.220234266812337,23.2786372824726,0.0237363374361032,0.675874058334943
"RCSD1",0.287324736380371,0.036086853762386,36.742178921205,0.00940948036607983,0.745605563067414
"RDH10",0.230593844325912,0.0757281309280278,38.8518097720234,0.00980583027271045,0.874251497005988
"RDH11",1.66780170027224,0.208155079710462,24.1245856656917,0.0228151213018574,0.679447556499903
"RDH13",1.74201642168303,0.442293735258097,17.3537928983899,0.0408722785656294,0.863917326637048
"RDH14",5.28863387733906,0.410154296232906,10.4177405364189,0.0373187426269832,0.624299787521731
"RDX",1.15156102795502,0.0741969376285128,26.0779418209916,0.0169096454638395,0.507436739424377
"RECQL",2.03206311454242,0.172199981442291,22.1898540841358,0.0216580972684976,0.567413559976821
"REEP3",2.60715440179888,0.176569476902545,19.7295735183089,0.0226585911512512,0.508112806644775
"REEP4",0.581751832349719,0.0958605285959387,33.4278296921639,0.0136969025481831,0.752945721460305
"REEP5",2.27706355264514,0.05336331414945,15.4072130543332,0.0227321348454053,0.173845856673749
"REL",1.10790418110033,0.0558622309918058,25.0058741410622,0.017216064919971,0.4443693258644
"RELA",3.99161368685518,0.258401900520291,14.31407372887,0.0273712323544608,0.496233339772069
"RELB",0.885428370415794,0.0696279124670212,28.7459112944714,0.0153149258573913,0.574753718369712
"REPIN1",1.07095918394607,0.140548611204781,28.7912196841657,0.0178676540233803,0.697315047324705
"REPS1",2.17000145523623,0.352173804462815,19.220702917638,0.033182255164235,0.774290129418582
"RER1",4.90728350019604,0.138976004377126,11.2307159450119,0.0245936875401022,0.223681668920224
"RERE",1.84383270805282,0.168145316956968,23.2302773288431,0.0211423355315357,0.589144292061039
"REST",3.45394213556286,0.22033430424073,16.2029779245919,0.0253041826653249,0.485319683214217
"RETSAT",1.79735608324067,0.364617504597522,20.0376843853947,0.0341967790685952,0.816302878114738
"REV1",2.87546661093431,0.334495002446568,17.2786651429585,0.031835745210431,0.693934711222716
"REV3L",1.07028775887551,0.147066321787445,28.3939800846847,0.018300005304026,0.697025304230249
"REXO1",2.38749699112258,0.531826501314046,12.4793495602088,0.0487095717707462,0.866814757581611
"REXO2",2.39052963809865,0.11247127535965,19.1051107117883,0.0210897499166945,0.382267722619278
"REXO4",7.43509401870498,0.673379476617392,2.58039502969441,0.0608205399312259,0.78298242225227
"RFC1",3.45085312617173,0.235033981827413,16.331061358871,0.025951638206849,0.512362372030133
"RFC2",1.21401412552865,0.175197263090804,27.5167155599216,0.020059705022808,0.719238941471895
"RFC3",0.43583008378289,0.18295673251912,33.1871231670402,0.018610958494436,0.890766853389994
"RFC4",0.609549757591108,0.123894664220706,33.1074640253541,0.0151865946190762,0.790998647865559
"RFC5",0.869796770563589,0.269172186754045,27.1914225692103,0.0261611485963551,0.862661773227738
"RFFL",1.0434561739328,0.316096327930682,24.5037473372902,0.0300946387129999,0.863144678385165
"RFK",2.15099664421176,0.28483616555368,20.7927448022044,0.0281295949253902,0.711415877921576
"RFT1",9.10139425202259,0.781041245641678,0.271433541647568,0.0728632413448376,0.837840448135986
"RFTN1",0.468985164711738,0.0722008882949243,34.5481332831974,0.0120919179578533,0.744639752752559
"RFWD3",0.897807764953751,0.277111485803246,26.7257421302818,0.0268251438189945,0.862468611164767
"RFX1",1.96189269938268,0.441757099220587,16.8237271821387,0.040750495655175,0.848174618504926
"RFX5",1.26308738485808,0.14995346517759,27.287342534062,0.0188986306257929,0.671045006760672
"RFXANK",3.05949240479325,0.229597219042914,18.2453195575939,0.0253826091361074,0.554761444852231
"RGCC",0.290297068839721,0.0104766989422605,32.1715556496876,0.0119130899981415,0.56722039791385
"RGL2",1.8525267018631,0.170797339194829,23.5935180247355,0.0211739775237569,0.603631446783852
"RGP1",2.87105735107287,0.464765146663394,13.8950505988181,0.0424260434097269,0.802105466486382
"RGS1",0.137067087366228,0.00341003855874735,36.2760545460651,0.00878071640503029,0.674328761831176
"RGS10",0.832596053960283,0.0181973049907687,22.6446749214275,0.018630038523833,0.306741355997682
"RGS14",0.985742318578764,0.196485383558263,28.5913824502866,0.0209095504722865,0.784044813598609
"RGS19",0.618609186264862,0.0384796777025806,30.0326896153946,0.0138499749646628,0.556210160324512
"RGS2",0.233570117524532,0.0111846856124291,34.7828640470286,0.0100534754820939,0.644678385165154
"RGS3",0.307841432544802,0.0481509806738226,36.9322558181599,0.00972585823046747,0.771972184662932
"RHBDD1",0.837311511181888,0.291073801730736,26.4050562175885,0.0279280600605979,0.875989955572726
"RHBDD2",2.55354114355041,0.177853313426861,20.0052144878362,0.0226235445139118,0.517674328761831
"RHBDD3",2.44329198538475,0.355157314909293,18.3876442054751,0.033440831750423,0.756036314467838
"RHBDF2",0.945640540336733,0.129472624478227,29.9240874734964,0.0168839550910117,0.710546648638207
"RHEB",3.35638995837899,0.0866311940583921,14.536038204492,0.0230150432432594,0.216051767432876
"RHNO1",1.42698036003072,0.199647292025338,25.8963125224476,0.021895112625665,0.714409889897624
"RHOA",3.7044335374931,0.0244016266585588,11.122542337313,0.0258216344642751,0.0139076685338999
"RHOB",0.442778811918106,0.0114753214983795,27.374685342355,0.0153433916930389,0.429592428047132
"RHOBTB3",0.398457961450412,0.0218969069845254,32.1294737440597,0.0121417329469788,0.586826347305389
"RHOC",1.2857190236276,0.0737656683609235,24.6684479795151,0.0176708682375755,0.467065868263473
"RHOF",0.260252489440423,0.0343034913731119,37.2854049193044,0.00898713131851069,0.758257678192003
"RHOG",0.808885889353436,0.0235566644712845,23.5085758588629,0.0180038919808692,0.341413946300947
"RHOQ",1.18321632397866,0.15972546371579,27.893568940373,0.0191381836505757,0.70417230056017
"RHOT1",3.17297137105361,0.376101433931748,15.4962801987143,0.034943541879697,0.709967162449295
"RHOT2",5.03376052397907,0.383896819330013,10.8123331654198,0.035232291188737,0.59629128839096
"RIC1",1.75819535459551,0.235038101901032,23.2624211844268,0.0245490556572952,0.699343248985899
"RIC8A",3.12634141934199,0.263967135201251,17.4040088454726,0.0272739526060999,0.586922928336875
"RICTOR",2.28537405251484,0.268318159099596,20.3628595364444,0.0270846814687967,0.673556113579293
"RIF1",1.87115722849053,0.146097736350227,23.0676681131611,0.020360190682566,0.547904191616767
"RILPL2",0.952283988065534,0.0822712655236285,28.3270215534219,0.0158728120184466,0.584894726675681
"RIN3",0.536187394575603,0.0843055383133117,33.7545515476325,0.0130234337501994,0.742611551091366
"RING1",4.17271483210197,0.307901111716154,13.8582374618148,0.0302018521832233,0.561425536024725
"RINT1",3.40486577129066,0.575221059081566,9.34020439536497,0.0523594810109387,0.843152404867684
"RIOK1",2.69934042669498,0.340548702063434,17.8837438592184,0.0323089180930818,0.719625265597837
"RIOK3",0.800167558241061,0.0459456219668029,26.7700561726735,0.0159951160935416,0.475951323160131
"RIPK1",1.59111585150833,0.331059453422216,21.6588305737064,0.0314202423688397,0.808286652501449
"RIPK2",0.869281039036177,0.0971111552402728,30.2296916081487,0.0153923908472528,0.664380915588178
"RIT1",2.15117596829743,0.331114266263377,19.7343914826396,0.031515641505869,0.755456828278926
"RITA1",10.1303200726921,0.705990853178118,0.586980399769942,0.0640498887760943,0.75748502994012
"RLF",1.77489475220147,0.273157269684451,22.613414896296,0.0271123048443994,0.742611551091366
"RLIM",3.46602730778928,0.388355922661845,14.5433730757273,0.0358764478604819,0.702820166119374
"RMDN1",2.33514183869809,0.220362406931619,21.2962843452044,0.0242437663850499,0.622078423797566
"RMDN3",1.43817696309439,0.168390417280676,25.7330279430268,0.0202960969445734,0.658489472667568
"RMND1",2.46857903701033,0.430757449959002,15.9376514828728,0.0396235545159791,0.806258450840255
"RMND5A",1.43302954236664,0.256977202984429,24.7645809439455,0.0257067665596289,0.775835425922349
"RMND5B",2.04535221784234,0.350899570694718,19.6955856048738,0.0330863443337273,0.78530036700792
"RNASEH1",4.90583144264446,0.373741483751136,11.9314617187149,0.0347483578513522,0.61019895692486
"RNASEH2B",1.38772788549005,0.11265547646184,25.3413668018108,0.0182580791931207,0.553699053505891
"RNASEH2C",2.95808275503971,0.141739654522573,17.2511685524775,0.022422037136583,0.383040370871161
"RNASEK",1.63543624643921,0.140416275500528,24.213123376355,0.0196839050070324,0.569731504732471
"RNASET2",0.52892790275903,0.0132391284057658,26.0879137107178,0.0162572604377617,0.395789067027236
"RND3",0.323950215350392,0.0361155559877123,36.1889865378732,0.00978405353891795,0.72966969287232
"RNF10",6.64098737029699,0.316562306100987,7.48665428592766,0.0308078125567569,0.410179640718563
"RNF103",1.1132431307565,0.301139822952561,24.8369119090497,0.0288995091863152,0.848464361599382
"RNF11",1.98551638722079,0.125040577241444,21.7612944066031,0.0202140606619445,0.476241066254588
"RNF111",2.807077199975,0.39668539776497,16.0371375129438,0.0366633665506162,0.756326057562295
"RNF113A",3.38442966125876,0.397023566771074,14.5164683538719,0.0365623868455294,0.715375700212478
"RNF114",2.5404320015005,0.113249025686708,18.6435392327848,0.021325173607577,0.371450647092911
"RNF115",2.85512196719878,0.183456543916177,18.5570171864556,0.0232572767944165,0.487927371064323
"RNF121",3.11132498868089,0.498202018017831,12.3159602972267,0.0452904770969133,0.809445624879274
"RNF126",4.20039677699309,0.342164398674467,13.4771667293004,0.0324305417159901,0.603824608846822
"RNF13",1.97748324230727,0.0856365634598174,20.2332363238547,0.0201771873841973,0.365462623140815
"RNF130",0.847047840841467,0.0216828212827121,23.4765648134469,0.01804777789982,0.337357542978559
"RNF138",3.09960028107329,0.316389158513821,16.9076454958394,0.0305814307478981,0.655785203785976
"RNF139",1.92262086173102,0.286818799398409,21.7648749705921,0.0281695075781549,0.741066254587599
"RNF14",5.97973239939392,0.548122699066185,6.55534998334865,0.0487157680176669,0.720784237975662
"RNF141",2.7148068423148,0.269886926360902,19.3212537066146,0.0274345692890026,0.647768978172687
"RNF144B",0.474572120640466,0.0834239963716704,34.9045582823912,0.0123731188368134,0.774000386324126
"RNF145",1.67038377945983,0.0994188394258301,22.9296489089205,0.0190638343090388,0.46397527525594
"RNF146",2.51462684373156,0.305374985853207,18.8734771462573,0.0296742629792301,0.691713347498551
"RNF149",1.65292742820664,0.0755721315379195,21.2397223473032,0.0195245069898303,0.374541240100444
"RNF166",0.83032315212057,0.129069779014509,30.5854955868078,0.016546888456757,0.728414139463009
"RNF167",3.98511980967692,0.185621860985805,14.0497184191051,0.0245709939990583,0.37231987637628
"RNF168",1.78284826970743,0.238325279214509,23.2811789751268,0.0247689830059134,0.705138110875024
"RNF169",0.833904783395869,0.225363438061953,28.8821399921946,0.0226919382838304,0.839096001545297
"RNF170",3.61677809940625,0.45252756805371,12.8314974915782,0.0411709393098846,0.753428626617732
"RNF181",4.92243719635341,0.13317245882675,11.0335724034851,0.0246056326541964,0.20880819007147
"RNF185",3.32273095945917,0.474817670990741,12.6886612325257,0.0431543462961202,0.783755070504153
"RNF187",0.981393846076638,0.103569307433754,28.9303492505638,0.0162605620479887,0.638690361213058
"RNF19A",1.15853216394459,0.07279068347421,26.0983123004828,0.0168774403509544,0.505601699826154
"RNF19B",0.45021388400224,0.110630911127853,35.021262804033,0.0136024289007526,0.823160131350203
"RNF2",3.17609786347557,0.376358652403013,15.7367060493857,0.0350370746525482,0.716631253621789
"RNF20",2.78844934917022,0.393187234945439,16.2516722836036,0.0364054784393285,0.756712381688236
"RNF214",4.73317890132409,0.535298237631505,8.57822742892453,0.0480146581788632,0.759609812632799
"RNF216",4.13296330102616,0.373597497550922,13.1410386648755,0.0346483219209584,0.64265018350396
"RNF219",2.97914334161577,0.529100297148877,11.4994727599893,0.0481559662325134,0.834266949971026
"RNF220",2.4542986485277,0.335878697192138,18.750459027723,0.0319361901916697,0.735947459918872
"RNF24",0.992503156002706,0.10030940050326,29.3861334489562,0.0159549006788663,0.646127100637435
"RNF26",2.3083914065559,0.452706782230255,15.5839674598601,0.041588725791048,0.83059687077458
"RNF34",2.88851676472008,0.345362075896173,16.8880064965815,0.0326094246543618,0.700309059300753
"RNF38",2.59085397918111,0.434484402601152,15.4053487384294,0.0398581482415794,0.797469576975082
"RNF4",3.17800211873865,0.308629901154652,16.5234936712089,0.0300372071581419,0.633474985512845
"RNF40",6.6579275541357,0.494258378886669,6.41095288870882,0.0435330587201975,0.639559590496427
"RNF41",4.30061850804906,0.479798823617583,10.6104208637962,0.0431750945578471,0.733629515163222
"RNF44",2.43077159246105,0.287504030947446,19.6531963666369,0.0284313276827928,0.684662932200116
"RNF5",3.00057541364884,0.166867733023799,17.9820787304776,0.0228901455782417,0.445238555147769
"RNF6",4.47244285442609,0.499428028496659,9.86456730816454,0.0448545010564662,0.742225226965424
"RNF7",6.56484543422461,0.133572439654949,8.44581641800335,0.0255889538367975,0.150183503959822
"RNF8",2.39563449202209,0.326450563680599,19.1491391649218,0.0312173297659115,0.732084218659455
"RNFT1",2.08696856847676,0.337603813234423,19.8257460458424,0.0320177980860028,0.768108943403516
"RNGTT",1.14449948850682,0.325224242016121,23.6966863251856,0.0308744272953632,0.855321614834846
"RNH1",2.79724430160235,0.0717846884373761,15.218261289464,0.0226926705212755,0.20523469190651
"RNMT",3.24186881239653,0.207836533493805,17.1192427029585,0.0245947097846492,0.48947266756809
"RNPC3",1.42085336530169,0.208807547038889,25.5622758317927,0.0224784683002094,0.720108170755264
"RNPEP",1.50300164566625,0.0933385051369938,24.2439109372793,0.0183011109696715,0.489955572725517
"RNPEPL1",1.29777259482476,0.22196934069542,26.0751634282958,0.0231380716417965,0.755649990341897
"RNPS1",4.43173689838298,0.131068002689828,12.2217999325072,0.0241519528446121,0.234691906509562
"ROCK1",3.03883030922127,0.127046580756976,15.9031501673543,0.0226151540507524,0.32132509175198
"ROCK2",1.40471103023219,0.156104788541128,26.2027922701965,0.0195822801419589,0.651149314274676
"ROGDI",1.01384088632807,0.154244698816478,29.2087463040774,0.0183676642521618,0.731794475564999
"ROMO1",3.44291415413818,0.0518268754398617,12.3055342585999,0.0244652919535201,0.093490438477883
"RORA",0.557098557558558,0.0759622839253979,33.3403917321618,0.0129232735209551,0.716534672590303
"RP2",0.938230537557975,0.241618658934503,27.6776204433941,0.0240721541162317,0.83185242418389
"RP9",2.44103638381822,0.257137277588651,20.3546310964257,0.0264764924287741,0.65549546069152
"RPA1",2.16891318768288,0.2450755711184,21.4161662249578,0.0255391111512159,0.665056982808576
"RPA2",2.03107027975111,0.186946833995698,22.2736196100052,0.0222739726093759,0.594069924666795
"RPA3",1.58449469525236,0.0966798115235361,23.7178095557768,0.0186351418804863,0.481166698860344
"RPAIN",4.73156641776851,0.314079519629739,12.1047848267007,0.0306072827161608,0.524917906123237
"RPAP1",2.53448068301523,0.625248544460644,8.56186374063358,0.0575509338228178,0.901004442727448
"RPAP2",2.07036765705265,0.288760955890698,21.0502968236151,0.0283699694830618,0.724647479235078
"RPAP3",3.04180943886073,0.44508669130742,14.1098952814152,0.040650913260219,0.777767046552057
"RPE",6.75872000414582,0.59676552708192,4.87110996696131,0.0532668131697547,0.741452578713541
"RPF1",3.63421904904424,0.504676135001867,11.1590788024149,0.04565371734741,0.786652501448715
"RPF2",4.02524008512633,0.380377263323926,13.7424008991094,0.0353093034500551,0.668630480973537
"RPGR",0.359289648884201,0.175411133706367,34.1139228485994,0.0177931895177476,0.904577940892409
"RPIA",4.39648351199591,0.359866615224908,12.8000449111459,0.033660299320528,0.612710063743481
"RPL10",4.99058850295913,0.00387827519174787,11.446423058663,0.0262216695699453,0
"RPL10A",3.30333957005364,0.0108432085844134,11.7886885985407,0.0259174527270309,0.0041529843538729
"RPL11",5.49673298290379,0.00822489848620736,10.9824641615515,0.0263048594711986,0
"RPL12",4.93564679037137,0.00846342982439712,11.1894397978334,0.0262216404952212,0.000289743094456249
"RPL13",3.89963297883599,0.00402089912402342,11.8551699781963,0.0260685880335064,9.65810314854163e-05
"RPL13A",3.33096494939918,0.0147129449616544,11.6676072889186,0.0258513888541673,0.00801622561328955
"RPL14",4.67476399059042,0.0116953597121945,11.1013338601498,0.0261850338617333,0.00077264825188333
"RPL15",6.6937956201813,0.0155451915035485,10.0964888046871,0.0264839639765784,0.000482905157427081
"RPL17",1.80380397752195,0.0278511979335687,15.376124419688,0.0232244233509674,0.122657909986479
"RPL18",5.58182628719552,0.0120372943929259,10.7331453391677,0.0263164659961122,0.000579486188912498
"RPL18A",3.55835341138257,0.00511872888179297,11.91481001167,0.0260244476961032,9.65810314854163e-05
"RPL19",6.85783785086642,0.0107430956433674,10.3244397545853,0.0264958681060027,0.000289743094456249
"RPL21",3.75711851536575,0.0118422470110281,11.5417900563439,0.0259934765116718,0.00376666022793123
"RPL22",5.60069201677166,0.0186831198000382,10.3668959203082,0.0263093394541132,0.00212478269267916
"RPL22L1",1.38784762550019,0.0357571778028439,19.6192687646174,0.0204500965784441,0.255456828278926
"RPL23",3.71670295964692,0.051776852145057,11.2147218869661,0.0250241373877397,0.0652887772841414
"RPL23A",4.04576423877855,0.011440513381562,11.3908796457088,0.026074006939021,0.00183503959822291
"RPL24",4.36555457548013,0.0145142908261153,11.0527795661905,0.0261424527971866,0.001158972377825
"RPL26",1.9099807042805,0.0118741532712041,12.8067963521432,0.0253536076788395,0.0203785976434228
"RPL26L1",6.21903456716038,0.325493322708939,9.6898992711983,0.0315884451504286,0.479814564419548
"RPL27",6.59446590034952,0.036481185694203,9.01238159795025,0.0264533905456858,0.00521537570021248
"RPL27A",4.22835431595357,0.034300314885006,10.8114271186377,0.0256739579246246,0.0280084991307707
"RPL28",6.66709844845653,0.00744315260659323,10.5928922093451,0.0264631176773915,9.65810314854163e-05
"RPL29",3.41458664843468,0.00702132319741893,11.8819295924532,0.0259887827668172,0.00106239134633958
"RPL3",2.83638788946571,0.005529851400382,12.222944383981,0.025886050317916,0.00183503959822291
"RPL30",2.64271594310226,0.00257666633004223,12.4219140340667,0.0258920725977647,0
"RPL31",3.19962921985275,0.0220892883616364,11.4461230033443,0.0257404336271589,0.0137145064709291
"RPL32",3.44219472626604,0.00437247257720209,12.0030393207948,0.0260082693895074,0
"RPL34",3.2185743683583,0.00559826995748274,12.0231249043617,0.0259722057846934,0.000386324125941665
"RPL35",6.28416436259928,0.0228887231279217,9.8498360578263,0.026420660625239,0.00202820166119374
"RPL35A",3.38300626290398,0.00641390820260077,11.8952063097801,0.0260060579945443,0
"RPL36",3.70456413652334,0.00748637442231223,11.7224003623391,0.0260433216796793,0.000482905157427081
"RPL36A",1.98429603848631,0.036084940081854,15.672022954309,0.0228662107069219,0.147768978172687
"RPL36AL",3.5784002539537,0.0320864870571165,10.8783767945482,0.0257248163919837,0.0195093683600541
"RPL37",4.14999553787745,0.00601307907688426,11.6304769142415,0.0261113379877823,0
"RPL37A",2.6816868591264,0.00664188828626035,12.1796074272515,0.0258874962175182,0.000965810314854163
"RPL38",3.49441555360079,0.021096305469551,11.238120203367,0.025876466074847,0.00907861695962913
"RPL39",4.8762375517191,0.00652004620306127,11.340959788692,0.0262034989145845,0.000482905157427081
"RPL39L",0.747011350707825,0.0676998284545294,31.1301627524402,0.0139284605147573,0.639366428433456
"RPL4",2.74134626833999,0.0135914437852662,12.0763425299379,0.0256874884306848,0.0113965617152791
"RPL41",3.00621770083639,0.00382484373941141,12.2103595127737,0.025941785358591,0.000193162062970833
"RPL5",3.31526798236471,0.0100206322512192,11.8231289361379,0.0259248704171941,0.00376666022793123
"RPL6",3.79040275776956,0.00966063224275684,11.5722930447017,0.0260492884829727,0.00106239134633958
"RPL7",1.95527310404557,0.00968577068492245,12.7904859506116,0.025443191368166,0.0163221943210353
"RPL7A",3.9333300953963,0.00797646999369281,11.6049482581908,0.0260766318184642,0.000482905157427081
"RPL7L1",6.02945409129069,0.281476666795386,9.641837943078,0.0291335261829724,0.412014680316786
"RPL8",2.05680231597504,0.00278093939495745,12.6350880002083,0.0258091146972844,9.65810314854163e-05
"RPL9",3.87215582150022,0.0128201217797917,11.402506254077,0.0260334750959905,0.00280084991307707
"RPLP0",3.11906382625711,0.00466524544346968,12.1374562276302,0.0259447273139503,0.000869229283368746
"RPLP1",5.14815848221947,0.00326346204625403,11.4251369593509,0.0262417051724495,0
"RPLP2",4.96710977493238,0.0119681257985387,10.9538982746538,0.0262384948390026,0.000193162062970833
"RPN1",2.84083750572318,0.0570498954462647,14.6646692417079,0.0231305692467398,0.163994591462237
"RPN2",2.06375434377876,0.0462754120291477,17.0413319251483,0.0219158886090786,0.205910759126907
"RPP21",2.75501798166822,0.232776833039962,19.3809660485416,0.0253035393366895,0.590303264438864
"RPP25",0.650272373145102,0.110351679232365,32.9838834187579,0.0145972111102061,0.764825188333011
"RPP25L",3.57476615676811,0.360894029454626,15.2319704305035,0.0338867172636383,0.679061232373962
"RPP30",4.94406102607889,0.483155587039355,9.35317950034114,0.0432028667397323,0.703979138497199
"RPP38",2.69426909886758,0.322957336960397,18.4412369798168,0.0310366207687666,0.707262893567703
"RPRD1A",2.42857081419238,0.311578362574846,19.4498267400294,0.0301415635787038,0.716920996716245
"RPRD1B",2.32439462062247,0.344730767756846,18.9261880061605,0.0326020059305638,0.754587598995557
"RPRD2",3.22853006512356,0.375720872103439,15.4278854818604,0.0349279382662056,0.707456055630674
"RPS10",0.850191365722129,0.0227488415307547,22.9731496637338,0.0183702621120807,0.324705427853969
"RPS11",6.74660669861239,0.0477567803285548,8.56052968612998,0.0263855862686503,0.0133281823449874
"RPS12",4.27171630433415,0.00459650846460602,11.6740344848359,0.0261240435739949,0
"RPS13",4.77123833199477,0.00847188747604018,11.2577692373824,0.0261947621177492,0.000482905157427081
"RPS14",4.15026241547464,0.00756443252650817,11.5458118444342,0.0261076668526326,0.000386324125941665
"RPS15",7.44243933366819,0.0135716413933285,9.92093382990364,0.0265911486729605,0
"RPS15A",3.44820407557092,0.00733876501442894,11.831974671957,0.0260050714267407,0.000579486188912498
"RPS16",3.57792674956204,0.00978517319635907,11.6578628600205,0.0260116087696854,0.00144871547228124
"RPS17",2.16419274783822,0.0248335242894272,14.9491999459238,0.0235736147450363,0.108267336295152
"RPS18",3.42240752868061,0.00427056084625578,12.0238520549733,0.0260009142112891,0.000193162062970833
"RPS19",4.3106807736021,0.00504521135350765,11.6343032502777,0.0261286946823643,9.65810314854163e-05
"RPS19BP1",2.63656795508539,0.0628141019240138,15.9725716411334,0.0223778675510094,0.209484257291868
"RPS2",3.30525883884215,0.00642301329336725,11.9851999602273,0.0259566908916721,0.00173845856673749
"RPS20",1.20915553238852,0.0122546035577363,14.9753459526083,0.0239422845025395,0.0764921769364497
"RPS21",2.99021944562357,0.0054964037216498,12.1127269750902,0.0259423186649654,0.000289743094456249
"RPS23",4.05175900133531,0.00669034339763169,11.631562911825,0.0260955269271537,0.000193162062970833
"RPS24",4.60260651376133,0.00849072383911616,11.3063470893029,0.0261794716822212,9.65810314854163e-05
"RPS25",4.77150488801902,0.0129657654146718,10.9712935532461,0.0262103096596313,0.000386324125941665
"RPS26",1.98492977756434,0.00641650646925025,12.5781200450106,0.0257089305308569,0.00444272744832915
"RPS27",3.07343029873025,0.00331558496745949,12.214045538325,0.0259518068369538,9.65810314854163e-05
"RPS27A",3.90333733883633,0.00572039168212151,11.7526794387146,0.026069916707762,0.000289743094456249
"RPS27L",1.49046311795391,0.0226795012536414,15.7976848421998,0.0230859143851731,0.122368166892022
"RPS28",4.57093264486992,0.00574728902305744,11.4879158821762,0.0261689766855293,0
"RPS29",2.49346881329867,0.00981134663383479,12.353653949757,0.0256729354823407,0.00975468418002704
"RPS3",3.54489754670778,0.00533649852671811,11.9026275569029,0.026025358723917,0
"RPS3A",3.73174067098882,0.00705004082475289,11.7398962670232,0.0260457995859579,0.000482905157427081
"RPS4X",3.9281816168399,0.00576159155730832,11.7474957449283,0.0260692830308029,0.000482905157427081
"RPS5",3.79299515374016,0.0111068683681223,11.5340905602503,0.0260209620418577,0.00260768785010624
"RPS6",3.20390369768257,0.00606977848007523,11.9951396714371,0.0259737214678156,0.000289743094456249
"RPS6KA3",0.997788685247978,0.173277447553882,28.7819690954931,0.019497238090213,0.751303843925053
"RPS6KA4",1.3261006573758,0.170029335518505,26.6243785435356,0.0200824321611137,0.685918485609426
"RPS6KA5",0.741408078193881,0.202683889099863,30.1351545038948,0.0208468388412456,0.837260961947074
"RPS6KB1",0.722236416105924,0.130397626326075,31.6816953333437,0.0161346347792404,0.761541433262507
"RPS6KB2",2.99959971741282,0.214894754519166,18.608534362068,0.0246188834849183,0.540853776318331
"RPS7",3.58620454025965,0.00673394123734413,11.8184063661764,0.026022477422927,0.000579486188912498
"RPS8",3.12394200675007,0.00347000433503271,12.1849624464276,0.0259592735084523,9.65810314854163e-05
"RPS9",6.11314154500611,0.0172735315583818,10.22287160211,0.0263990709885612,0.000965810314854163
"RPSA",3.69686282375304,0.0143815553979926,11.5429387016903,0.0259093702108802,0.0077264825188333
"RPUSD1",1.84334746273748,0.279782514556704,22.4970707380361,0.027634425695703,0.749855128452772
"RPUSD3",1.71613913564658,0.166888970265199,24.4264362923664,0.0207218928771951,0.620050222136372
"RPUSD4",2.03706846555285,0.471011679901401,15.5333918784985,0.0433206100939027,0.857929302684953
"RRAGA",2.7124508493094,0.15065987708899,18.7246024763876,0.0221255420988192,0.437705234691907
"RRAGC",1.53463803434369,0.189439392518534,25.4336715437472,0.0214859853847149,0.684952675294572
"RRAS2",0.71900553621019,0.211730860336868,30.1588302427425,0.0214541088739324,0.852617345953255
"RRBP1",1.35858400737424,0.0344960459163315,20.6794074894502,0.0198156768929272,0.283465327409697
"RREB1",1.47504254529029,0.244964722042429,24.6921964624645,0.0249034198511563,0.754587598995557
"RRM1",0.798391648578126,0.121154882917709,31.1242342435722,0.0159545027440305,0.730345760092718
"RRM2B",1.37833574463165,0.241508858032977,25.3919909068129,0.0245558140792827,0.768302105466486
"RRN3",3.37593511925869,0.455795062860955,12.9656143634124,0.0414019121482356,0.762700405640332
"RRNAD1",3.25446991795188,0.492554810087907,12.3918483474298,0.0448164550930301,0.802395209580838
"RRP1",2.27170574964501,0.270141611318118,21.1069246879491,0.0272115565678318,0.696542399072822
"RRP12",0.675782718565464,0.201267541305181,30.6869469863854,0.0205984323210237,0.85039598222909
"RRP15",2.88564408184771,0.350997496526448,17.1901314127028,0.0331237526237319,0.716920996716245
"RRP1B",2.95341126119406,0.271614452513687,18.2650784763761,0.0276531448316185,0.622078423797566
"RRP36",2.82241664211905,0.498499867732692,12.9939046273482,0.0455170876498997,0.828761831176357
"RRP7A",3.20884077949344,0.183136510111636,17.6715961541061,0.0235724415516882,0.464168437318911
"RRP8",3.81906647046649,0.502131485843601,10.9223561008718,0.0453582142187841,0.77602858798532
"RRP9",2.67741346087381,0.45635146377486,14.7350280521278,0.0418283200761965,0.812246474792351
"RRS1",0.592265889391681,0.109812047928781,33.5539617959487,0.0142893118833385,0.780084991307707
"RSAD1",2.40223579721235,0.349344768139836,18.4179619729432,0.0329324452535876,0.748020088854549
"RSBN1",2.74414928750223,0.322846140480672,17.7163626799152,0.0309466097308747,0.687753525207649
"RSBN1L",4.96365535598687,0.294426475244381,11.5438577031055,0.0295153803856419,0.48020088854549
"RSF1",2.72261335474481,0.0995718105449326,17.2216409098841,0.0217875522435193,0.309252462816303
"RSL1D1",3.78789912415463,0.0965591476880645,13.8839928177371,0.0233424730903058,0.217983388062585
"RSL24D1",1.88878673880719,0.0617838178488207,18.3777248647823,0.0210211472699861,0.27033030712768
"RSPH3",2.11412001342892,0.435104947709373,16.7271440129736,0.0401340576594535,0.834943017191424
"RSPRY1",4.36398208783632,0.379018636367798,12.7222341018003,0.0350856440892225,0.639463009464941
"RSRC1",3.29247085319192,0.266643593246099,16.6632652301605,0.0275008899469815,0.571373382267723
"RSRC2",4.39416600182953,0.194916428723558,12.9158085076413,0.0251450703756556,0.358315626810894
"RSRP1",2.22078215430259,0.0726874865698182,16.5883236695431,0.0219285434893092,0.24125941665057
"RSU1",2.59250182869342,0.110886501774905,18.3531853666381,0.0214188901184397,0.359571180220205
"RTCA",2.66175123603635,0.257737255524112,19.2218898329817,0.0266538843845194,0.625845084025497
"RTCB",2.73507852146475,0.195443601048819,18.9115138792486,0.0235982350098297,0.516998261541433
"RTF1",3.85428977787991,0.217583976100773,14.7037353551943,0.0254981370041242,0.441375313888352
"RTN3",1.82524980417498,0.0732379438323562,20.8280273550235,0.0197668572376221,0.359764342283176
"RTN4",4.22019546751288,0.0823869819179329,12.0444860364857,0.0242087708056147,0.145933938574464
"RTP4",0.39994944506338,0.0787215741179754,35.8888081911879,0.0116161834000087,0.794185821904578
"RUFY1",2.37691173063014,0.341442306237027,18.6636822548579,0.0323159802151059,0.742418389028395
"RUFY3",1.90524525947728,0.278970313727025,21.9656004954519,0.0275993607257876,0.734112420320649
"RUNDC1",1.14023103755433,0.347840066369318,22.8746802981923,0.0327766789097421,0.868456635116863
"RUNX1",0.872794230474492,0.0481840020689192,27.6374191574396,0.0155390876404391,0.505311956731698
"RUSC1",2.36566036285161,0.230719816652136,21.0514697001401,0.02484833412405,0.632122851072049
"RUVBL1",1.63419856263178,0.196510401103914,24.9923644347394,0.0220133745642327,0.68437318910566
"RUVBL2",2.44350547151188,0.214744919169487,20.8543098069305,0.0240626837906084,0.601023758933745
"RWDD1",4.41698258876215,0.129608286542416,11.5327579327806,0.0243304617067739,0.213347498551285
"RWDD2B",2.63858122564013,0.548717965126561,11.4322317869544,0.0501843659182597,0.86304809735368
"RWDD4",2.90320811464571,0.226295935467012,18.8938445243098,0.0250878999027372,0.566834073787908
"RXRA",1.01565083534927,0.12696226801957,29.0813880431679,0.017126755638451,0.682634730538922
"RXRB",3.26633038298958,0.363187146491251,15.6044093916849,0.0339705946633308,0.692968900907862
"RYBP",1.47942144541277,0.251307306315805,24.6068892283295,0.0253460736161032,0.762410662545876
"RYK",1.36582399204336,0.222723645752236,25.9131240078524,0.0232537613387515,0.752366235271393
"S100A10",1.06345548838953,0.00407912527097026,15.2090648284113,0.0240755921606743,0.0664477496619664
"S100A11",1.63536331885499,0.00431117343288313,13.2404524395485,0.025382706832903,0.0158392891636083
"S100A13",0.573030845957702,0.00944723398771397,25.5164235904827,0.0166883597712322,0.372513038439251
"S100A16",0.369812353662694,0.00979273686881544,30.436554889329,0.0131646067108122,0.515646127100637
"S100A4",0.489649726114343,0.00230106323909029,20.3455545396007,0.0204688120351182,0.207456055630674
"S100A6",1.09038276047169,0.0014115450362117,14.1308825003429,0.0249356187996902,0.0303264438864207
"S100PBP",2.58464986041603,0.347169573666263,17.8793071409774,0.0327631056970996,0.729959435966776
"SAAL1",2.36191966381517,0.52056842413952,12.9759681950973,0.0476902283810573,0.863241259416651
"SACM1L",2.85453203229191,0.424795358481248,14.9225321228013,0.0388998245287322,0.769364496812826
"SAE1",1.47324970154978,0.142221435033577,25.8464463240157,0.0191421101056724,0.618118601506664
"SAFB",4.04752846803181,0.296882488452624,13.93265333392,0.0294699436020505,0.546358895113
"SAFB2",1.51720821285844,0.155910337735736,25.1011469568109,0.019951798685689,0.620243384199343
"SAMD1",1.41114416017286,0.233898999804765,25.5643824760089,0.0240522750003076,0.760768785010624
"SAMD4B",1.69277736603211,0.231162072917532,23.9064262565334,0.0242135522768928,0.710739810701178
"SAMD8",2.15048171105025,0.415594365366899,17.0882028930287,0.038354130634696,0.814854162642457
"SAMD9",0.359031164493254,0.0378324055026603,34.9399063827753,0.0106435348992535,0.696445818041337
"SAMD9L",0.375323560123539,0.0265082903570116,33.2685271097112,0.0114542139794897,0.628066447749662
"SAMHD1",0.419667361662356,0.0145381493417039,29.4680058241939,0.0138869870654268,0.496136758740583
"SAMM50",2.55947992403645,0.265442911386468,19.8530229185555,0.0270679946870786,0.655109136565579
"SAMSN1",0.173781747304028,0.0201734206118534,38.8893341797462,0.00740106749533068,0.780374734402163
"SAP18",9.19262140160368,0.153165959949037,4.11205010667598,0.0268797976124157,0.0844118215182538
"SAP30BP",4.64873164339047,0.295583656708631,12.4196340092092,0.0295307405900115,0.504732470542785
"SAP30L",1.79978836323935,0.534226598785641,13.4232901086668,0.049200068410804,0.898300173845857
"SAR1A",2.5136358789588,0.185847150748714,20.0850030821212,0.0228990914774821,0.532934131736527
"SAR1B",2.68059001409636,0.197241562760335,19.2779379787087,0.0235887296085932,0.529843538728994
"SARAF",2.26643846551023,0.0312782862773929,13.4027986256895,0.0243310876710384,0.0767819200309059
"SARNP",1.20848056006601,0.330190147516871,23.3089867291197,0.031307272242292,0.852424183890284
"SARS",2.7378175527527,0.148975138268874,18.2849103558606,0.0222109574495892,0.422831755843152
"SARS2",1.10937395643645,0.327208609070816,23.9143073623546,0.0310523777560736,0.864400231794476
"SART1",4.69086197490775,0.441318897664136,10.5921466430321,0.0397359178334352,0.675874058334943
"SART3",2.89516550490932,0.430501747067957,14.7267811160594,0.0393946925053956,0.77264825188333
"SASS6",1.02774253866075,0.332986969506958,23.9958166147249,0.0315196906402364,0.87589337454124
"SAT1",0.614657011580504,0.00253933562292646,16.9059806982896,0.0229443887143002,0.108460498358122
"SAT2",3.0625802619732,0.146679521440362,16.8922317548528,0.022663699806719,0.381881398493336
"SATB1",0.479566388215158,0.124800284244213,34.3931156429836,0.0146405645514662,0.828954993239328
"SAV1",0.923739184632779,0.127157033154691,30.1309485599437,0.0166884831370988,0.712478269267916
"SAYSD1",1.95046396543027,0.216031472138779,23.1173681794734,0.023569966111005,0.664670658682635
"SBDS",2.36212100653799,0.0819302269880023,18.2517455344298,0.0211705405021682,0.305389221556886
"SBF1",2.12847634392854,0.356226094836993,19.1302413320187,0.0334810649687089,0.778249951709484
"SBF2",3.28427293800794,0.392791957688491,14.8534331369765,0.0362421005759685,0.71807996909407
"SBNO1",4.15952206008469,0.329008391411286,13.7359236836639,0.0315488901139487,0.59059300753332
"SBNO2",1.1762303427055,0.18263779376456,27.5459577243283,0.0204361909930445,0.732277380722426
"SC5D",0.515926134010291,0.12455416413999,33.9821451629037,0.0148138171688617,0.816882364303651
"SCAF1",2.44177013675246,0.31667682170649,18.9901871214981,0.0304732778592169,0.712574850299401
"SCAF11",3.62926782189025,0.13943503590642,13.5830830796942,0.0236341340753488,0.281437125748503
"SCAF4",7.25402887202067,0.579495991639363,4.28749059610036,0.0511039391838256,0.701371450647093
"SCAF8",2.71993504594914,0.463872681003749,14.2214943369801,0.0423913352054658,0.809928530036701
"SCAMP1",1.9895499000119,0.284659666030295,21.5046148950593,0.02804515684425,0.730538922155689
"SCAMP2",2.19843528144714,0.099858781628103,19.2597541623353,0.0208027432940897,0.363917326637049
"SCAMP3",4.68694622379051,0.241407313570505,13.0773912289398,0.0269145194772714,0.437705234691907
"SCAMP4",5.89539475419389,0.46933830072446,8.02165070976643,0.0417046832243078,0.64728607301526
"SCAND1",3.44559154276497,0.0854815792591357,13.5341348831252,0.023453899861834,0.186787714892795
"SCAP",4.25988040009935,0.450496175575305,11.3881603295111,0.0406960400311751,0.711029553795634
"SCAPER",1.70255192278331,0.32929162473025,21.3803929772281,0.0313093284113831,0.797759320069538
"SCARB1",0.532950085820849,0.0478140394990284,33.0292485179316,0.0121861731205517,0.658972377824995
"SCARB2",1.12933608112526,0.0504968942998424,24.122000141698,0.0176858059903008,0.40960015452965
"SCCPDH",0.94678946740308,0.0984116046145107,29.2834361224276,0.0159082939482155,0.639849333590883
"SCFD1",3.62212062563026,0.360130686855228,14.669946754166,0.0337094559779028,0.663125362178868
"SCLT1",0.977022526832016,0.198209715939819,28.5178304563992,0.0210251923229426,0.784817461850493
"SCML1",0.383879427924132,0.12093408249235,35.6015033275638,0.0138741878364994,0.856866911338613
"SCNM1",3.97214746708,0.241382607340001,15.0237419186694,0.0265515375542957,0.488217114158779
"SCO1",7.20693564697453,0.654327949038684,3.09460756547447,0.0588172888335088,0.772068765694418
"SCOC",3.48211540175685,0.218028857279683,16.7319074999593,0.0251792797464633,0.495943596677613
"SCP2",3.52741144559329,0.11486885695359,13.8943570967248,0.0233124073154856,0.247826926791578
"SCPEP1",0.949479203876854,0.0386540184747142,25.1527865256106,0.0169738945334296,0.417133474985513
"SCRIB",0.856663883980651,0.190552514494135,29.8630979116574,0.0201863359332354,0.809831949005215
"SCRN2",1.83709314434516,0.221874824851037,23.1819223041979,0.0238219299701495,0.675874058334943
"SCRN3",2.96042759945121,0.501978633292046,12.533849501862,0.0457284874868744,0.82132509175198
"SCYL1",5.07707831501355,0.318436229270456,11.482508767428,0.030943493227646,0.515356384006181
"SCYL2",2.6606295104004,0.361858894818871,17.3443870537311,0.0339052356278428,0.738168823643036
"SCYL3",1.55853197061185,0.361777344226259,20.976489483158,0.0339815523672667,0.837743867104501
"SDAD1",4.47111043103215,0.297202165856029,13.4194773328447,0.0296581324003996,0.533417036893954
"SDC1",0.225318714827451,0.0117987700385995,35.5747348578766,0.00950311552559575,0.668920224067993
"SDC4",0.344296650711088,0.0192883382638205,33.5768376872102,0.0110945616800626,0.624203206490245
"SDCBP",1.33037749364512,0.0314177905356237,19.7906263402114,0.020390725560879,0.252076492176936
"SDCCAG8",3.20773838877777,0.189847731553647,17.4426516412402,0.023846109377031,0.468900907861696
"SDE2",2.15955306936239,0.377007786522036,18.5288061388901,0.035190917251122,0.794089240873093
"SDF2",5.80698118825737,0.343772465767334,9.28700934522931,0.0323986894375133,0.496716244929496
"SDF2L1",0.661811817062156,0.0201504976727174,25.3349490047474,0.016777580567178,0.387289936256519
"SDF4",3.55671390302118,0.0889966123147676,13.5574570614257,0.0234451680637245,0.194321035348658
"SDHA",2.61939526107098,0.168305437457727,19.2774403695794,0.0224724470809257,0.482035928143713
"SDHAF1",3.20886470745989,0.413347051141036,14.7175680006156,0.0379833564295222,0.745605563067414
"SDHAF2",4.04037636146897,0.645056746577578,6.22207608870947,0.0589494547232198,0.858798531968321
"SDHAF3",0.426859913392248,0.0307743435512682,33.0202058646045,0.011729475675421,0.628549352907089
"SDHB",3.96641963814067,0.174575637844756,14.8110065511335,0.0241424972659415,0.374830983194901
"SDHC",4.01477025086097,0.126591539895704,13.886748418658,0.0235258992199015,0.27033030712768
"SDHD",2.01007215768376,0.199282258063865,22.3184469844136,0.0228363637550974,0.615510913656558
"SDR39U1",3.47188370124853,0.274932307868534,16.1648506248273,0.0280558338692539,0.571180220204752
"SEC11A",5.0057084968644,0.0925428037134317,10.4907413752944,0.0248245346805731,0.126521151245895
"SEC11C",0.570751303944704,0.0165503795825917,25.292221858984,0.0167981645441758,0.378887386517288
"SEC13",2.70552392075292,0.0840374887796212,16.6582781118175,0.0219708854099331,0.266467065868263
"SEC14L1",1.28730654994533,0.0843333019905203,24.97167120982,0.0176971052593723,0.49410855707939
"SEC16A",1.79742841356588,0.256216059051713,22.8108172374505,0.0259586628934015,0.720977400038632
"SEC22B",3.48415863038159,0.248908815255964,16.2899170896969,0.026649135350145,0.533417036893954
"SEC22C",4.42462590887456,0.375058801598978,12.4998575982858,0.0347423769623903,0.62768012362372
"SEC23A",0.996788827685635,0.127955041084728,28.9414053018444,0.0172085504592405,0.680316785783272
"SEC23B",1.98941994557538,0.261363162547578,22.0878888633789,0.0264426774471237,0.709387676260382
"SEC23IP",3.12777861756077,0.4159227213544,14.5391671453247,0.0380999334284171,0.745122657909986
"SEC24A",1.00937181857743,0.214838539784194,27.9790834875678,0.0222147553126013,0.79689009078617
"SEC24B",3.45809915120986,0.483501510182583,12.0739296370053,0.0438176902839787,0.780084991307707
"SEC24C",2.83297372356387,0.382672864139476,16.1897189322734,0.0354854453340787,0.739038052926405
"SEC24D",1.10121419261891,0.109821837929647,28.1054990564736,0.016894953347138,0.626231408151439
"SEC31A",1.98238136492183,0.0772152228987588,19.5640922976668,0.0204413759833944,0.33185242418389
"SEC61A1",2.84209700019855,0.111944149473547,17.2014580016279,0.0219363078408606,0.33059687077458
"SEC61B",3.39952418621566,0.0357413432718366,11.4868536809388,0.0252872861457727,0.0414332625072436
"SEC61G",2.20439503607595,0.0264236390126768,13.9094947454967,0.024164407563426,0.0818041336681476
"SEC62",4.01799229563006,0.0782316796173646,11.4300020409255,0.0244825351583545,0.120146803167858
"SEC63",2.79304899752713,0.137225573304783,18.6720365040532,0.0218476911738576,0.41404288197798
"SECISBP2",2.85621638488611,0.236836674553747,18.3700631047364,0.0256272418642824,0.5695383426695
"SECISBP2L",2.41558993875745,0.206793470398671,20.3384159549322,0.0237199463683861,0.573981070117829
"SEH1L",3.25407909435648,0.392071967894779,15.1959103090145,0.0362723450726141,0.725999613675874
"SEL1L",1.02869162193482,0.0886284078576647,27.510387234893,0.0164706798747903,0.572822097740004
"SEL1L3",0.159807730859915,0.0336330215252395,40.2038932641374,0.00701818958584956,0.841896851458374
"SEMA4A",0.487992648469052,0.0729084515808987,34.5651480938835,0.0121230462575858,0.746378211319297
"SEMA4B",0.463871786471107,0.118788824027343,34.8407995191635,0.0141225403446442,0.831659262120919
"SENP2",2.7753080636794,0.48167264234997,13.5691729920067,0.0439747830781557,0.819103728027815
"SENP5",3.40308132801576,0.451508624191023,13.148368366324,0.0410820432733757,0.760961947073595
"SENP6",3.2740745645786,0.194471566865931,16.6690161575775,0.0241582668453842,0.455572725516709
"SENP7",1.28309652157922,0.27895540748386,24.5812331049121,0.0272293148202855,0.806065288777284
"SEPHS1",1.97888179510637,0.364600104724152,19.5013825996409,0.0341972515519379,0.801429399265984
"SEPSECS",2.88019523516214,0.723659593707429,4.13200364714076,0.0671880430576796,0.9258257678192
"SEPT1",0.182937736760863,0.0198282184949245,38.3474458366833,0.00776568830851754,0.763955959049643
"SEPT10",1.04274831111426,0.105589953183409,28.8478962257029,0.0164024127803562,0.639945914622368
"SEPT11",0.591197273680353,0.0375198454741521,30.0322610325972,0.0138229976113553,0.554375120726289
"SEPT2",3.90863333969962,0.104840780396746,12.2310743868404,0.0239616988862353,0.187270620050222
"SEPT6",0.403414779840464,0.0249271368722966,32.0275360651373,0.0122591781328343,0.589240873092525
"SEPT7",1.6555562207212,0.0444547361164299,17.5576630730003,0.0215921529421966,0.214120146803168
"SEPT9",2.44227660520527,0.0801266587235054,17.6938456869966,0.021442361098687,0.287038825574657
"SERBP1",4.54487599594531,0.0728698551673409,10.7672899584805,0.0248853369880844,0.0968707745798725
"SERF2",3.78259903597499,0.00992219522910962,11.5620163321729,0.0260469154113101,0.001158972377825
"SERGEF",1.66347722709753,0.288837939859078,22.7712662844358,0.0281925807089852,0.771875603631447
"SERINC1",1.65498612931336,0.0860639726960315,21.7397312992717,0.0193820229048578,0.40708904771103
"SERINC2",0.297050463588345,0.025755641445172,36.0936967912617,0.00952665022511637,0.70880819007147
"SERINC3",2.54465899658996,0.106829455247702,18.0823359234547,0.0214580222100134,0.344794282402936
"SERINC5",1.03905264335681,0.23198104813335,27.3654559291049,0.023483010602271,0.807610585281051
"SERP1",3.27320323540147,0.0335741061632489,12.4546182226117,0.0248119731914434,0.0636468997488893
"SERPINB1",0.629900459870889,0.0258188158305189,27.1725608282951,0.0155529341420962,0.450743673942438
"SERPINB6",0.92011055706589,0.0687209149237407,28.3750893364679,0.0155068661970407,0.562681089434035
"SERPINB9",0.213506707602299,0.0298603177944367,38.3518383930557,0.0081149388799427,0.781533706779988
"SERPINE2",0.106400996588179,0.00759701590643981,39.9799766310936,0.00618525917294205,0.790322580645161
"SERPINF1",0.133483145768704,0.0021605680243831,35.3624424057608,0.00942483153075402,0.645257871354066
"SERPING1",0.34395130365169,0.0044532165809472,26.5210872226689,0.0159509771845322,0.391153177515936
"SERPINH1",0.422091159869768,0.0103207371971807,27.9133772210738,0.0149608346874121,0.44311377245509
"SERTAD1",1.09857362342083,0.0884333072105793,27.1744385952854,0.0166589173837713,0.563163994591462
"SERTAD2",1.22040838240018,0.156156271463942,27.6931739986768,0.0190434750134167,0.692679157813405
"SERTAD3",2.18104746524122,0.254205780571079,21.373128893925,0.0261133773531145,0.678481746185049
"SESN1",0.632322583318198,0.179950880441821,31.556419766264,0.0189538546473578,0.839965230828665
"SESN2",0.352792596313384,0.132747424559986,35.6931103248514,0.0145093888252445,0.879080548580259
"SESN3",0.480420493712891,0.072498747993146,34.4960458793331,0.0121385694087048,0.743673942437705
"SESTD1",1.42446533584354,0.149520780477769,26.5833604879065,0.0191913582995411,0.65085957118022
"SET",4.66354486033214,0.106385250476837,11.5835763440479,0.024325987721265,0.177322773807224
"SETD1A",2.48157764772281,0.577124221280335,10.5669884390198,0.0529346544293834,0.883136951902646
"SETD1B",2.46392506996714,0.459215283382878,14.9301405302142,0.042071578080213,0.82258064516129
"SETD2",2.33252182805111,0.239793407752689,20.46207995698,0.0253752691172845,0.630674135599768
"SETD3",4.94468213727838,0.405403433940988,10.8557033503441,0.0369001845440979,0.629322001158972
"SETD4",11.456914230086,0.810269049730637,1.16198983450443,0.0766111963968564,0.830693451806065
"SETD5",2.28702978869845,0.146747256033314,20.6855374889808,0.0212827474031063,0.483967548773421
"SETD7",1.16866552911249,0.200868726694542,27.3342264632461,0.0215405672068831,0.756229476530809
"SETD9",2.02370746550766,0.438398252579886,16.8359579867945,0.0404521972384632,0.843152404867684
"SETDB1",4.32085214799178,0.502980978753268,10.082351779173,0.0452608270433964,0.753525207649218
"SETDB2",0.882233996576857,0.219637292050605,28.6671466261387,0.0223513545733131,0.823836198570601
"SETX",1.57591811570325,0.141975316722071,24.1353085172529,0.0197314760657145,0.570021247826927
"SF1",5.5675125423493,0.14237006710305,8.79122271713313,0.025339616057715,0.167374927564226
"SF3A1",4.83262928901271,0.282724575771341,11.9976097238958,0.0288819946699127,0.473923121498938
"SF3A2",4.56167728116829,0.21027480427516,12.580469466697,0.0257106162314803,0.37463782113193
"SF3A3",2.77830630715785,0.208515039962753,18.845728884999,0.0241850793997849,0.536604210932973
"SF3B1",3.20143303383003,0.11617928817545,14.4784288451723,0.0230357954943475,0.264245702144099
"SF3B2",6.29089561944785,0.146197123945303,8.10412949955408,0.0256583785545592,0.159745026076878
"SF3B3",1.31923718642884,0.111346814445851,26.0228658607676,0.0179116318983888,0.570504152984354
"SF3B4",2.98624456461933,0.150178295260917,17.5043584361538,0.0225500792598578,0.404288197797952
"SF3B5",4.74224530562117,0.142363074018776,11.5185813623917,0.0245109395663998,0.236140621981843
"SF3B6",4.88290086629513,0.0976772890245312,10.9270856191501,0.0246179187739396,0.14622368166892
"SFI1",0.816425404678654,0.226606523534515,28.8540976415201,0.0227709849180575,0.840351554954607
"SFMBT1",1.25278932998093,0.373480098139619,21.4953306757068,0.0349749659415159,0.870774579872513
"SFPQ",2.57880262843874,0.078569996098934,16.0905452176471,0.022208024824402,0.240100444272745
"SFR1",1.27243534550119,0.394238236898012,20.5797647574795,0.036768361320585,0.87821131929689
"SFSWAP",4.48893215378636,0.382643589903038,12.1895105262728,0.0352752546651973,0.630867297662739
"SFT2D1",2.73518427822223,0.120150178226836,18.1485705541748,0.0216720738649001,0.370388255746571
"SFT2D2",1.42566770351991,0.0675911377368297,23.7526459920441,0.0181164947907731,0.430847981456442
"SFXN1",1.29348669692128,0.164401084306801,26.7449814834051,0.0197523391101871,0.679930461657331
"SFXN3",0.9235789381737,0.145794568515597,29.7078532908365,0.0177229991338018,0.731697894533514
"SFXN4",3.45200674044204,0.462039491810694,12.8735097218829,0.042029013789632,0.769171334749855
"SFXN5",0.923773737840821,0.342790405936076,23.9776487390536,0.0323372732359542,0.89105659648445
"SGCB",0.588943961373027,0.0834204922441709,33.2644832752845,0.0132656330820863,0.727158586053699
"SGF29",3.77071903162923,0.441379218850168,12.6467254093985,0.0401099493007425,0.731697894533514
"SGK1",0.240759663146091,0.00956998040871731,34.0386539102628,0.0105559605279143,0.620050222136372
"SGMS1",1.24302148968386,0.211702002629818,26.5480094216907,0.0223868493019632,0.752076492176936
"SGPL1",0.403624280187471,0.0631134286840133,35.564412888058,0.0111460465539084,0.758257678192003
"SGSH",1.21944544672943,0.271293264772025,25.2928596529538,0.0266023555048297,0.813405447170176
"SGSM3",1.42385181408712,0.177148967338203,26.3381322441739,0.0205771068290792,0.689781726868843
"SGTA",6.54163583108662,0.512270932716565,6.29808473778752,0.0451436563347167,0.662256132895499
"SH2B1",4.44466672291955,0.4650367183367,10.6647136916574,0.0418402968169669,0.713057755456828
"SH2B3",0.339632439035452,0.0615790363379793,36.6896428490025,0.0104122745513282,0.788004635889511
"SH3BGRL",1.87619068438479,0.0374003597654558,16.3101860152733,0.0224569567669607,0.167471508595712
"SH3BGRL3",1.37945350458058,0.0054773430830636,13.7068854446073,0.0250419442991656,0.028781147382654
"SH3BP2",1.21638272615243,0.103450325500374,26.9741721271616,0.0172258137009569,0.58363917326637
"SH3BP5",0.515317249934683,0.0336327998187456,31.2824038155378,0.0129396719941023,0.5834460112034
"SH3BP5L",3.25091665510704,0.571426696821929,9.71030286440013,0.0520803062012184,0.84807803747344
"SH3GL1",1.42834790635362,0.180275036910851,25.933904742004,0.020832125790896,0.683697121885262
"SH3GLB1",4.17825210412739,0.150468455874405,12.8808962875575,0.0241232168623022,0.283561908441182
"SH3KBP1",1.01772022996313,0.0650433299728592,26.3576592223452,0.0165536597528469,0.498841027622175
"SH3PXD2A",0.366532368402438,0.0498271318009834,35.8316528468849,0.0104818203095737,0.743094456248793
"SHARPIN",1.88326324186452,0.0961603874187255,21.7835196058752,0.0195831017685792,0.426984740197025
"SHC1",0.796574733410195,0.05227991951205,28.6598133439173,0.0149737991951315,0.541626424570214
"SHISA4",0.680031816931739,0.121967697903042,32.4907096387344,0.015379245902822,0.77033030712768
"SHISA5",1.64903251501137,0.056270318033593,18.9990237166032,0.0206709598295751,0.276511493142747
"SHKBP1",2.05774428699738,0.158338973570041,21.6883211748475,0.0212690536799583,0.530519605949392
"SHMT1",0.777635631004159,0.232509949380268,29.0145449000729,0.023154704527888,0.854355804519992
"SHMT2",1.53647206262509,0.0975469238984262,24.4127828699849,0.0183304876791746,0.502124782692679
"SHOC2",3.01810576724474,0.259062653053041,17.3822592563598,0.0269326067862647,0.578520378597643
"SHPRH",1.69539563410169,0.301061534656741,22.189257175636,0.0291150141630067,0.775352520764922
"SHQ1",3.37261173912586,0.634113130735887,7.26371516175002,0.0580792381264769,0.874541240100444
"SHTN1",0.889331077266978,0.134674126868453,30.4527625835102,0.0169018294197821,0.734112420320649
"SIAH1",2.25748718402628,0.276253553465154,20.9737997099779,0.0276130303375484,0.702627004056403
"SIAH2",1.26808117350524,0.253862334458027,25.6059066024083,0.0253340779487611,0.794089240873093
"SIDT2",0.952757060048751,0.182929178020013,29.0682109510165,0.0199570407895394,0.775159358701951
"SIGIRR",0.915548600341061,0.0598969500884306,27.4453726088973,0.0158374651948254,0.520571759706394
"SIGMAR1",1.82790842056792,0.159372001173103,23.822132661669,0.0206229893303155,0.590979331659262
"SIK2",2.18700804216257,0.452960544408266,15.821609358854,0.0416383339328785,0.837743867104501
"SIK3",0.951530039381686,0.333596650733753,24.1868993769539,0.0315439749169319,0.882267722619278
"SIKE1",3.71749916689736,0.311604844679109,15.3100313425828,0.0303931303152984,0.60556306741356
"SIL1",1.39058845932626,0.123017413856614,25.9597352974803,0.0183485238656559,0.588757967935097
"SIN3A",2.77540889171164,0.371387422735695,16.6237276461201,0.0346001633355359,0.733436353100251
"SIN3B",3.14033486767564,0.389314900357684,15.4531128046051,0.036040088373359,0.728897044620437
"SIPA1",1.96205120332803,0.223751147308975,22.6151596978921,0.0240680543932565,0.663415105273324
"SIPA1L1",0.907448092491635,0.168016768934609,29.6105442023303,0.0189246101481434,0.765790998647866
"SIRPA",0.467897078193605,0.0379253547403872,33.2783901208893,0.0117475080914271,0.648734788487541
"SIRT1",1.6474146139248,0.503223125436591,15.0545085064755,0.0464095269975389,0.895595904964265
"SIRT2",4.26302720545227,0.330170464304958,13.4977246240212,0.0316401282761026,0.586053699053506
"SIRT3",1.92426666073841,0.383617870118398,19.0252059831594,0.0357700604489045,0.818137917712961
"SIRT5",5.3171529918101,0.683985427565049,3.94795354917889,0.0625885606275064,0.846049835812246
"SIRT6",8.15639578621257,0.666901343601689,2.01304246130469,0.0597690711255836,0.756036314467838
"SIRT7",1.94111843199612,0.246816994368137,22.443931174032,0.0254555335300921,0.695866331852424
"SIVA1",3.17415802395772,0.0891860169963078,14.2847997707671,0.023074457496374,0.21218852617346
"SKA2",0.812046198998831,0.0998995542233086,30.5933051263516,0.0152970919874859,0.679350975468418
"SKAP2",1.10576146098295,0.0986479873903981,27.5106893580987,0.0167909591444103,0.590303264438864
"SKI",0.990996305319039,0.125959215843562,29.0777320153879,0.0170699465810896,0.680799690940699
"SKIL",0.986516162852752,0.0884171331241543,28.2530683087521,0.0160931146683397,0.593490438477883
"SKIV2L",2.37130320725713,0.353873861431771,18.39981558091,0.0332856267323288,0.754587598995557
"SKP1",3.33330715556716,0.0555765841298432,12.2035365597185,0.0244352685562186,0.09629128839096
"SKP2",0.881676055050201,0.212481024139788,29.0712448339963,0.0217995839307225,0.823449874444659
"SLAIN2",2.90992097612694,0.316754618815963,17.4595934899726,0.0305685989516985,0.671238168823643
"SLBP",1.56250465069532,0.089927034906615,23.3623726004801,0.0186594788072315,0.45933938574464
"SLC10A3",2.95846011490244,0.283907487269669,17.9862898460028,0.0284142891890669,0.633957890670272
"SLC11A2",1.56734022779328,0.247775493547277,24.2727815275543,0.0251809611568048,0.747537183697122
"SLC12A6",0.606739449451509,0.211257585210475,30.7365573767257,0.0212396310056485,0.868070310990921
"SLC12A7",1.71735234288189,0.211704543120175,24.0931975870671,0.0230519059786915,0.68437318910566
"SLC12A9",1.62831542771456,0.22918080540309,24.3217938433468,0.0240093982008551,0.718949198377439
"SLC15A4",0.692976939053728,0.197919958181523,30.588317675531,0.0204013729327348,0.84218659455283
"SLC16A1",0.651451983265135,0.160096720456012,32.0748921542408,0.0175907331397129,0.821904577940892
"SLC16A3",0.340889119647433,0.0153588125872021,32.4468106219352,0.0118043627542593,0.584218659455283
"SLC16A7",0.213338965056468,0.115101266408783,37.9288457656097,0.0124375006586992,0.913559976820552
"SLC17A5",1.45509364597681,0.261875618025434,24.4580559563525,0.0260807593843291,0.775255939733436
"SLC18B1",0.670284896566982,0.272699168888197,28.0717817483237,0.0262840395676387,0.892891636082673
"SLC1A4",0.451105231412817,0.0956894024398961,35.159328406888,0.0127931503982234,0.802008885454897
"SLC1A5",0.83863252322467,0.0445583588672937,28.1560698264309,0.0151720491177808,0.513714506470929
"SLC20A1",0.541987046040579,0.0578828587892371,32.8554319610823,0.0125758872364795,0.671431330886614
"SLC20A2",0.88054418710342,0.188432105926819,29.696755925604,0.0201045338261654,0.80171914236044
"SLC22A18",0.817996440980075,0.139168960660938,30.9901171369232,0.0168903907576499,0.756712381688236
"SLC23A2",1.09679125761951,0.221434388072985,27.2741308165809,0.0228132253037249,0.788004635889511
"SLC25A1",3.37324183836783,0.193196976359174,17.2933200647609,0.0240702049376412,0.470735947459919
"SLC25A11",6.89293390381985,0.360127643785843,7.63527414318262,0.0335187143272999,0.478462429978752
"SLC25A13",1.24031825476067,0.173024655437287,27.2773906439899,0.0200193171632232,0.709001352134441
"SLC25A14",16.6070623788673,0.913379947247232,0.981421645276129,0.093172797603366,0.894823256712382
"SLC25A16",5.76149540536353,0.659242077044273,4.23703961727061,0.0598318661850972,0.816496040177709
"SLC25A17",2.29884723756896,0.366310810673574,18.5472678657552,0.0343397746513078,0.777767046552057
"SLC25A19",0.364067699086614,0.0696307968351593,36.4269955275922,0.0109110930643317,0.794185821904578
"SLC25A22",0.92413656127854,0.223962445614869,28.4444378850415,0.0227144861762628,0.824608846822484
"SLC25A24",1.50892185653883,0.156518639916424,25.224489918271,0.0199382087574337,0.624686111647672
"SLC25A25",1.040070545575,0.242152087929581,27.0555268537631,0.0242350611432723,0.815433648831369
"SLC25A26",11.3230593096583,0.710929941204066,0.350902201029889,0.0641141557926397,0.73324319103728
"SLC25A3",5.20291270848319,0.0630034881894428,9.70479618386453,0.0255451525525128,0.0563067413559977
"SLC25A30",0.832016365691064,0.471440661243544,18.3425331947273,0.043849462101476,0.938767626038246
"SLC25A33",0.611210658168745,0.0776568585932131,33.0904472866337,0.013148587413278,0.71238168823643
"SLC25A36",1.30985238607247,0.0736541989614374,24.7049758668931,0.0176606829239965,0.468031678578327
"SLC25A37",0.538935062606474,0.031768072964572,30.6039180804955,0.0133531841140664,0.560556306741356
"SLC25A38",2.43450346360228,0.352115829164614,18.2893892678375,0.0331571939246529,0.748792737106432
"SLC25A39",3.61775805996559,0.11376047989343,15.2955603599897,0.0228553063967715,0.285203785976434
"SLC25A4",0.53122088136063,0.0789665035984684,34.0985225412383,0.0126325777664613,0.743384199343249
"SLC25A40",2.53559272473408,0.398425897786232,16.7792516889539,0.0368834989771846,0.779312343055824
"SLC25A43",2.8768553819833,0.334497966185922,17.5561012080964,0.0318891171186438,0.701274869615607
"SLC25A44",3.51791699543537,0.589757629179865,8.68012616496409,0.0536992362333689,0.846436159938188
"SLC25A46",2.23730366294268,0.311275581038479,19.7043088923163,0.0300203351212487,0.723585087888739
"SLC25A5",1.90531253206857,0.0194491787831927,14.7326282031039,0.0238576024051893,0.0897237782499517
"SLC25A51",1.88257630341622,0.370208082226722,19.7109435672745,0.0346865486307147,0.815916553988797
"SLC25A53",1.72300882198003,0.551395291017024,12.8440033640043,0.0508598336001929,0.909117249372223
"SLC25A6",3.53477200247705,0.0296939148339616,11.6590371923617,0.0253623063497074,0.0367973729959436
"SLC26A11",0.849709152671991,0.31561480510845,25.4218177642841,0.0299977174415366,0.887869422445432
"SLC26A2",0.284897346350539,0.0339548436121661,36.8890721679173,0.00924525030874994,0.746185049256326
"SLC27A3",0.711338965406347,0.149771597162673,31.5968872671246,0.0171816172155545,0.791384971991501
"SLC27A5",1.28011098086355,0.287349595243274,24.7106436452962,0.0278906414856933,0.822870388255747
"SLC29A1",0.782962605547777,0.0491795920671674,29.1586160184419,0.0146257951620883,0.550511879466873
"SLC2A11",0.851670130317497,0.181695778547024,30.09806843886,0.0195739081332798,0.801912304423411
"SLC2A13",1.03124806945508,0.372128374756236,22.3169071684183,0.0348766001263302,0.891539501641878
"SLC2A3",0.24432078768151,0.00905320343963577,33.321177409662,0.0110598282729487,0.598126327989183
"SLC2A4RG",1.04149812141081,0.141502911547209,29.1271561636152,0.0177820462862879,0.708325284914043
"SLC2A8",1.22324251117932,0.261276735434215,25.5553264128941,0.0258465049838647,0.804616573305003
"SLC30A1",0.560814242447083,0.195516918400798,31.7096209474278,0.0199111123123614,0.869712188526173
"SLC30A5",4.08090600743791,0.360659482314977,13.530357662563,0.033729651734658,0.63337840448136
"SLC30A6",3.71869328997302,0.550568392087785,9.65003751161745,0.0498566656230845,0.813888352327603
"SLC30A7",2.5200166734313,0.306126623818019,18.9563391723712,0.0297415168456139,0.695093683600541
"SLC30A9",5.66565559567091,0.462825181021316,8.62640378366242,0.0412970354240224,0.653950164187754
"SLC31A1",1.07615998366023,0.120954532267135,28.7894414622169,0.0170254853205635,0.664380915588178
"SLC33A1",2.10292199299546,0.305712101985567,20.7303393892881,0.0296225079145948,0.742611551091366
"SLC35A1",1.15806891543177,0.483513962329091,16.99459755031,0.0448185105670275,0.919644581804134
"SLC35A2",0.977709336109781,0.12906157801331,29.7519488473836,0.0169489499993055,0.705041529843539
"SLC35A3",2.2670290024629,0.348690233414261,19.1201138377574,0.0329331025710316,0.765984160710836
"SLC35A4",4.9454684118777,0.432915203334081,10.4630820858055,0.0390780446799554,0.659551864013908
"SLC35A5",3.82029549310073,0.531675343308757,9.98852933603554,0.0480009695981433,0.794861889124976
"SLC35B1",2.74698349133116,0.202052914086317,19.4598885208016,0.023805104283529,0.542785396948039
"SLC35B2",1.05448204571937,0.0729837678549795,27.55127092595,0.0160915605771324,0.547034962333398
"SLC35B3",2.84054511177452,0.380841552597426,16.3778011163823,0.0353870687065072,0.741162835619084
"SLC35B4",1.71082935910078,0.386997374034464,19.4488922038933,0.0360558360687118,0.835329341317365
"SLC35C1",1.43512539513374,0.329117898092771,22.4996149931049,0.0312660675622797,0.82827892601893
"SLC35C2",4.76487648381826,0.384274734190409,11.5800163541653,0.0353644534570585,0.617056210160325
"SLC35D1",0.892058047683478,0.435207161427334,19.9141029623915,0.0405189946380823,0.924956538535832
"SLC35E1",1.98855223324631,0.271158331407807,22.0947419777463,0.0271099388896661,0.725130384392505
"SLC35E2B",1.82487809314739,0.281270952665854,22.0839527478205,0.0277131923317548,0.741066254587599
"SLC35E3",1.38617574240218,0.216815673143731,25.9625266232594,0.0228874862290329,0.744156847595132
"SLC35F5",2.45368607780915,0.296534499069116,19.579103359254,0.0290725352726598,0.696832142167278
"SLC35F6",1.86653454892542,0.287470440433365,22.0634838158227,0.0281949814873506,0.750241452578714
"SLC36A4",1.56567006605995,0.328181773338616,22.0286128443111,0.0312131231285974,0.813791771296117
"SLC37A1",0.976979317394284,0.245671090422651,27.4156713414497,0.024420137972231,0.831079775932007
"SLC37A3",2.2322639731166,0.419802300886726,16.9625872356156,0.0387772306406596,0.817558431524049
"SLC37A4",1.94290258702675,0.421373988165185,17.6647026129652,0.0389913581271026,0.839578906702724
"SLC38A10",1.57154391724732,0.129504884730624,24.3971991333614,0.019220321253299,0.556306741355998
"SLC38A2",1.27234941880512,0.0651573232839315,23.5225774933512,0.0181588235983844,0.419161676646707
"SLC38A6",0.550280309846864,0.129752275792226,33.6016195260445,0.0152664139076175,0.814757581610972
"SLC38A7",1.32299519069139,0.363111119506119,21.670532251085,0.0340864005705946,0.859184856094263
"SLC38A9",2.58442450072634,0.532868089178147,12.0441486208977,0.048683612050395,0.855997682055244
"SLC39A1",2.33569167218085,0.0972436991101736,19.3699340713695,0.0207759962429849,0.363241259416651
"SLC39A10",1.19111503945126,0.197764247415952,27.2140087122368,0.0213900925944113,0.747826926791578
"SLC39A11",1.48433848329746,0.2951262257436,23.4839923826284,0.0285936626727542,0.801429399265984
"SLC39A13",0.983895195303396,0.112781576611696,29.1308261693154,0.0165143179105948,0.660034769171335
"SLC39A14",0.334392763311893,0.0801488349898368,37.0401477767733,0.0110440784532539,0.829631060459726
"SLC39A3",1.32652656567715,0.382279932300119,20.9369572118071,0.0357351746960852,0.869132702337261
"SLC39A6",0.852826325173968,0.0654635459317,28.9116767694667,0.0151167322047349,0.572146030519606
"SLC39A7",1.63317980225512,0.0977640716650929,23.6683277777623,0.018699641906027,0.481842766080742
"SLC39A8",0.297988914813238,0.0492205293847406,37.1694647464051,0.00961735854399277,0.78066447749662
"SLC39A9",2.93522733403002,0.434904627803513,14.5842337979001,0.0397881136332156,0.775352520764922
"SLC3A2",1.31669418815887,0.0404725708527761,20.9367761626541,0.0196027829182681,0.301332818234499
"SLC41A2",0.399279310589872,0.187785935920613,33.2976032174902,0.0188957266948212,0.901777090979332
"SLC41A3",1.81834316546718,0.178821048478131,24.1736283665875,0.0213878965509189,0.632895499323933
"SLC43A3",0.809414355489819,0.059752537858805,29.4651822757756,0.0146685354849749,0.577940892408731
"SLC44A1",1.04360904614956,0.0772852970646604,27.3290817615469,0.0162920429037541,0.548097353679737
"SLC44A2",0.766662263556587,0.0353777673443836,27.7556781450546,0.0152878099963463,0.485512845277188
"SLC4A1AP",2.75922558013817,0.323318704245096,17.9662024956339,0.0310315421736999,0.695093683600541
"SLC4A2",2.10320013789996,0.288438726917985,20.9525038085208,0.0283630243239578,0.72146030519606
"SLC4A7",0.943629048863895,0.106932795430635,29.4495713185451,0.0161372620050399,0.659068958856481
"SLC50A1",2.05409852400061,0.153584261991174,22.6768469270735,0.0208331333957618,0.550028974309446
"SLC52A2",1.06650321710807,0.069018029649396,27.1761517267816,0.0162112109148947,0.529457214603052
"SLC5A3",0.332773942359019,0.0428810603261318,36.2242726258212,0.00998608139360246,0.742418389028395
"SLC5A6",0.278803555914901,0.0361188652472502,37.3219804439964,0.00903728180961248,0.762507243577361
"SLC7A5",0.391740321547899,0.0424696390686861,34.8253140773587,0.0108683575411063,0.701274869615607
"SLC7A6",1.27316688157207,0.205055237375032,26.516735774573,0.0220048717500893,0.740390187367201
"SLC7A6OS",3.0737148453732,0.397703119808506,15.3495176038793,0.0367024811752691,0.739038052926405
"SLC8B1",1.02173767765697,0.22910477641016,27.5293105476299,0.0232521360177853,0.807514004249565
"SLC9A3R1",0.537635308257416,0.0196397350742007,28.3789341265708,0.0146972376318684,0.474212864593394
"SLC9A6",1.51677953682023,0.529082480225166,14.1623216542926,0.0488494569899369,0.911628356190844
"SLCO3A1",0.358973229434987,0.11001378493805,36.1588982446579,0.01301250312928,0.854548966582963
"SLF1",0.452863950614601,0.164366777952079,33.5995036635486,0.0172647262523136,0.871933552250338
"SLF2",1.85991972690729,0.326076111434539,20.8541742988606,0.0310764841796783,0.778249951709484
"SLFN5",0.523879574033966,0.0428150114485401,31.9238766984147,0.0127246717934473,0.61821518253815
"SLIRP",4.88895795915197,0.133209874452669,11.1597315292645,0.0245650783836996,0.212091945141974
"SLK",1.29750736919853,0.192339075766606,26.5482286526224,0.0212719110565786,0.720494494881205
"SLMAP",2.58759012498509,0.274769360225868,19.3303364277368,0.0276663044839101,0.655785203785976
"SLTM",3.85284693134729,0.177077471943004,14.3524278073303,0.0242424095977225,0.366042109329728
"SLU7",4.8444389001373,0.378105257937799,11.1272952446951,0.0347879107212579,0.596098126327989
"SLX4IP",1.90916403718746,0.561201577935242,12.1087203118686,0.0516935257523921,0.903322387483098
"SMAD2",6.40820618408736,0.38708764434243,8.0718620324737,0.0352566437370909,0.529167471508596
"SMAD3",0.306005401252247,0.0846454771913921,37.3718934201524,0.0110750383202774,0.846725903032644
"SMAD4",3.36352451255554,0.457485351900304,13.0096934945598,0.0415826719337246,0.766370484836778
"SMAD5",1.45225093911771,0.161263693316475,25.6646269129243,0.0199921067510695,0.644774966196639
"SMAP1",5.8645630538731,0.305618532707879,9.60130983325855,0.0302691290994973,0.447459918871934
"SMAP2",0.521761798314895,0.0746104409404063,33.7966517826465,0.0126133514402303,0.727255167085184
"SMARCA2",2.17866579940581,0.156296694732883,21.1342770207178,0.0214060927944905,0.512072628935677
"SMARCA4",2.11032279802175,0.133885618121905,22.367938444388,0.0203079828578711,0.508595711802202
"SMARCA5",3.72752455912634,0.227178282627623,14.8485565970201,0.0258119222391635,0.460401777090979
"SMARCAD1",1.96098453126183,0.361246723626437,19.4275084230886,0.0338688573740956,0.794378983967549
"SMARCAL1",5.02778493151791,0.677835135356047,4.27130503515787,0.061948508427095,0.847981456441955
"SMARCB1",4.26372179560339,0.178840319958447,13.6054635910418,0.0245705370813352,0.350299401197605
"SMARCC1",2.93807199151177,0.212537863728052,18.8128064427481,0.0244565982677421,0.542495653853583
"SMARCC2",2.55970289269141,0.201891762963234,19.3827827565027,0.0237072502117517,0.540081128066448
"SMARCD1",2.8753532107856,0.372271949571367,16.4285881569897,0.0346884585707398,0.729379949777864
"SMARCD2",1.62630378583917,0.221366064946241,24.6796193286184,0.0234889507177332,0.716148348464362
"SMARCE1",3.67024947698815,0.213508704554528,15.365592666961,0.0252013085989272,0.452192389414719
"SMC1A",1.72681681693727,0.112493597768321,22.8171589960777,0.0194082856837016,0.483484643615994
"SMC2",0.494512884350114,0.0794403940408777,34.489897534415,0.0124278130974659,0.755360247247441
"SMC3",2.18295277682136,0.163156368734366,21.289103788378,0.021605866223406,0.5278153370678
"SMC4",0.404936286902537,0.0347555182728311,33.7398547344692,0.011346450953901,0.656364689974889
"SMC5",2.14124344866765,0.188986257431839,21.9424736594134,0.0224912652093324,0.588468224840641
"SMC6",1.70818456549601,0.189602659700003,24.3371520997352,0.0218160561914979,0.655012555534093
"SMCHD1",1.33867206800155,0.0879519822290508,24.1282381793593,0.0181807702938386,0.476627390380529
"SMCO4",1.29982204075672,0.0713996899004511,25.270839605098,0.0173367092556836,0.48020088854549
"SMDT1",4.03894706421431,0.0911128074764375,13.0158041230211,0.0237377424167838,0.186401390766853
"SMG1",2.80933408066244,0.158341755839743,17.987601689894,0.0225607945329861,0.430558238361986
"SMG5",2.34621312549289,0.271853003255334,20.4466150410911,0.0273580469339689,0.681379177129612
"SMG6",1.41130848276386,0.315394977788325,22.916986985474,0.0301373448240853,0.818137917712961
"SMG7",3.27018023719587,0.315481305162203,16.486769217481,0.0305613129770561,0.643036507629901
"SMG9",2.43743741246723,0.392835034573353,17.1624175192501,0.0364247526419209,0.781243963685532
"SMIM10L1",1.87377448708686,0.134562190453532,22.9977465830494,0.0200067511898102,0.526559783658489
"SMIM12",3.36675048813547,0.24884345502682,16.8669010611003,0.0265779134818756,0.54867683986865
"SMIM13",1.59893397213374,0.536047944160307,13.7518201229036,0.0494909609837734,0.910759126907475
"SMIM14",1.35564149387709,0.0896498831408052,25.1811591509218,0.0177353241057434,0.509561522117056
"SMIM15",4.57896815437586,0.277446213918962,12.7808415684906,0.0285526743636156,0.4860923314661
"SMIM19",2.87269284485576,0.127511988454334,18.4690591814688,0.0217426101027289,0.392408730925246
"SMIM20",5.46013762773517,0.366104380827328,10.6288592554286,0.0340967645445635,0.564612710063743
"SMIM3",0.202869573881364,0.0329547049331314,38.9450994571729,0.00783417585218731,0.804133668147576
"SMIM4",1.78969035841979,0.153799301231013,23.9122042783512,0.0203555205375261,0.584122078423798
"SMIM7",5.17873696172692,0.440243565995367,10.0571284077829,0.0396796981027021,0.659165539887966
"SMIM8",1.59742207328958,0.343172693463462,21.4509374111972,0.0324367371932167,0.821518253814951
"SMNDC1",4.84315574638707,0.375139972917469,11.3738665926451,0.0346423247968821,0.598029746957698
"SMOX",0.489202832658073,0.13704107686347,34.2004152561512,0.0154139007396816,0.843828472088082
"SMPD1",0.997519352009897,0.161221374968217,28.9724553330832,0.0187888555845843,0.736720108170755
"SMS",1.31002013240558,0.042107522408727,22.6602645857275,0.0185753926064057,0.35377631833108
"SMU1",3.7947425751548,0.324638081419252,14.5428553838679,0.0311898136581747,0.605369905350589
"SMUG1",4.9451548070028,0.579332166215563,7.25752034675528,0.052168643907828,0.787135406606143
"SMURF1",0.814073201996531,0.239146211361827,28.5150136991627,0.0237246112162701,0.851168630480974
"SMURF2",1.12446656699407,0.215729240705501,27.2737123657804,0.0224565903144211,0.778732856866911
"SMYD2",1.9332232945207,0.197561107806005,23.4307049705031,0.0225236549312776,0.643229669692872
"SMYD3",0.794944782552572,0.140377058843892,31.039223924349,0.0169195570498671,0.760092717790226
"SMYD4",1.31630865762492,0.361647962382701,21.7143668796382,0.0339543384509136,0.858122464747924
"SNAP23",1.84098142472028,0.135477458935499,22.593949163352,0.0201500514199411,0.516708518446977
"SNAP29",4.4443681361644,0.298711133706886,13.3863446317061,0.029728063848072,0.534865752366235
"SNAP47",2.39503959686411,0.258420276290882,20.7252612852021,0.0265254762763182,0.667568089627197
"SNAPC1",0.972085493820756,0.222854703382028,28.0639716127556,0.0227198350448156,0.812246474792351
"SNAPC2",4.13882707715126,0.449927419878998,11.6489924178597,0.0406912705832914,0.717307320842187
"SNAPC3",1.71762621299115,0.281199599790463,22.7924341541573,0.0276603408229179,0.760285879853197
"SNAPC5",4.46040778862591,0.410139867503987,11.9272131499403,0.0374228126333018,0.664960401777091
"SNAPIN",3.47987914736145,0.212419910513965,16.6268135131184,0.0249513469504281,0.484064129804906
"SND1",4.18976403264741,0.190213221509849,14.5651752751762,0.0247164968160879,0.39443693258644
"SNF8",5.81737635102203,0.349969039858408,9.99980679067074,0.0329961194490354,0.524241838902839
"SNHG12",0.902808588143042,0.0665334770286536,28.0355960066221,0.0156326197046879,0.549063163994591
"SNHG15",1.14746431543635,0.0946746013483336,27.4090243921459,0.0167435121296679,0.580741742321808
"SNHG19",0.239499443953823,0.0236471263253935,37.5363422399598,0.0084687524253236,0.747054278539695
"SNHG7",0.922374008134314,0.0521280453303142,26.8780085635143,0.016048072160639,0.490631639945915
"SNHG8",1.35082007918278,0.0344102639924048,20.244026005308,0.0200800990632591,0.270716631253622
"SNHG9",1.24739374797227,0.135337398582175,27.3335664582046,0.018240431916747,0.647865559204172
"SNN",0.874324440592976,0.226201237147026,28.6118165237495,0.0228150285690526,0.83291481553023
"SNRK",0.388398604595721,0.0826980787618136,35.9271494392898,0.0117675096046429,0.802008885454897
"SNRNP200",2.83124932533318,0.176428510500007,18.1010954434252,0.0230884853912976,0.463782113192969
"SNRNP25",1.46674994364078,0.1451939189297,25.9106221044469,0.0192381166115568,0.624879273710643
"SNRNP27",6.03921352235987,0.406338470719738,8.84182185257178,0.0368013625041258,0.577168244156848
"SNRNP35",4.81120795742211,0.510849688481335,8.91899587401199,0.0456715802249757,0.733146610005795
"SNRNP40",4.12893662014993,0.291600232002383,14.0669286470582,0.0292194101533574,0.5417230056017
"SNRNP48",2.17136183935094,0.425888181321374,16.8198426891845,0.0392827299357081,0.823256712381688
"SNRNP70",4.28913228399088,0.163673130508282,12.373144902092,0.0244776525004988,0.292157620243384
"SNRPA",3.00709040948358,0.147907398333258,17.4393230306879,0.022522850814921,0.398783079003284
"SNRPA1",2.23833482827906,0.133868988253899,20.9464972235561,0.0208249214402765,0.469383813019123
"SNRPB",2.15018638732579,0.0592476686610871,17.5284695587829,0.0215312090986763,0.24357736140622
"SNRPB2",4.02846949467103,0.181786557640136,14.1644834190582,0.0244663670942966,0.369325864400232
"SNRPC",5.85134605048056,0.172462107865997,10.0353853399435,0.0255176998624653,0.251207262893568
"SNRPD1",3.02829361777292,0.0899684317942073,15.5207832739534,0.0225297176071493,0.247054278539695
"SNRPD2",5.46240563810637,0.0595844250247424,9.60111767461207,0.0256654378030232,0.0499323932779602
"SNRPD3",4.18616693042759,0.109600465585031,12.5665298031844,0.0238996962127227,0.20649024531582
"SNRPE",2.69145679782158,0.0837376204197442,16.838447099962,0.0218883250092193,0.270909793316593
"SNRPF",3.46034467979578,0.117143803821057,14.7333079147539,0.0230259908072977,0.274483291481553
"SNRPG",4.01179285101065,0.0656347973948063,11.9994419597454,0.0244064655695055,0.114062198184277
"SNRPN",1.80442229450969,0.243468229581037,22.9682284211069,0.0251267517553715,0.704848367780568
"SNTB2",0.603873846188922,0.0991730785258882,33.1662395587191,0.0139766002667316,0.751110681862082
"SNU13",3.00027900219956,0.0488901276173856,13.6960473615337,0.0237802752573686,0.123527139269847
"SNUPN",2.62737684536326,0.308094799323166,18.905049636998,0.0299496591830328,0.696638980104307
"SNW1",5.70593226088949,0.34234192934906,9.63982960298429,0.032346961879196,0.503670079196446
"SNX1",1.80852281277616,0.120384203537771,22.3023915257701,0.0198260553064584,0.482808576395596
"SNX10",0.324225727859787,0.0209273888723343,33.9869574671069,0.0108375745600511,0.638980104307514
"SNX11",1.436594151819,0.306548962669676,23.1115620896796,0.0294464449176712,0.809445624879274
"SNX12",8.40103704023892,0.586864180867578,3.22077693495963,0.0516206997879042,0.679350975468418
"SNX13",4.42613878974329,0.4609413151688,10.7511281777669,0.0414792607992555,0.709387676260382
"SNX14",1.98311970436797,0.27901791163068,21.4518382803325,0.0276370286487418,0.720204751786749
"SNX16",1.40077059924961,0.501016120800127,15.673560457517,0.0463224467673908,0.909889897624107
"SNX17",7.33141433782568,0.24977550960934,6.96057804442454,0.0281260314922861,0.297276414912111
"SNX18",1.4095804556748,0.196179977386112,25.8324229307826,0.0216976032614294,0.706973150473247
"SNX19",1.91866052392598,0.339045747928072,20.2793643839693,0.0321008472240496,0.782885841220784
"SNX2",1.26904284308655,0.0748014263695903,24.6113123039586,0.017707685888113,0.467162449294958
"SNX27",4.60961017141674,0.366757423541246,12.4210212870375,0.0341938406126649,0.612903225806452
"SNX3",4.16011084547533,0.0582775444682747,11.0917873845129,0.024963349831644,0.077264825188333
"SNX4",5.63930167008558,0.452657797380695,9.00145558953822,0.0405491823614878,0.648927950550512
"SNX5",3.20279610297095,0.154047994437011,17.0486955652907,0.0228460606917882,0.39907282209774
"SNX6",2.17894032015945,0.0758499444517928,17.6720230771501,0.0213903903153788,0.277187560363145
"SNX8",1.70818885045377,0.175568991476806,24.8390080515318,0.0210191515956747,0.645837357542979
"SNX9",0.993084051678643,0.0754306405091734,27.1989340947383,0.0162934543949767,0.540950357349816
"SOAT1",0.60833114612434,0.0853488120386691,32.8552429709491,0.0135549635978577,0.718756036314468
"SOCS1",0.247949410664822,0.0238968110142143,36.6009139345736,0.00910788162073313,0.720204751786749
"SOCS3",0.402170794727119,0.0149878719320455,30.088542132235,0.0134546786854548,0.514970059880239
"SOCS4",2.08800586421634,0.414827470504358,17.3805550180992,0.0383410926310749,0.821614834846436
"SOCS6",1.60531094263771,0.270310864233052,23.5933042871825,0.0268017885906126,0.764921769364497
"SOD1",2.9534832651824,0.0394830545074781,13.0202341799899,0.0243442904329733,0.0872126714313309
"SON",4.52942931356567,0.0789435980769666,9.93523827028534,0.0251395625441375,0.084218659455283
"SORBS3",0.909261311421466,0.0596626171684284,27.5715537425259,0.0157612302742617,0.523758933745412
"SORL1",0.367080037592933,0.0596332330493171,36.2079245248075,0.0106253646967387,0.770813212285107
"SOS1",1.10495956755745,0.208810162119826,27.4279000212031,0.0219741985455115,0.771779022599961
"SOS2",1.68423034427622,0.374350319211735,19.997558762875,0.0349973326628045,0.83059687077458
"SOX4",0.459024664804772,0.00961012511396952,27.0704438240927,0.0155659213232478,0.417423218079969
"SP1",2.94199134198744,0.368456771718356,16.2260113210867,0.0343564888441988,0.71807996909407
"SP100",1.4685090868439,0.0510308515569236,19.7906420504062,0.0202277809243164,0.288487541046938
"SP110",0.427158552258851,0.0529411818503405,34.5697903183171,0.0113675967513401,0.712091945141974
"SP140L",0.806745358382876,0.16968919070465,30.346725827441,0.0187546392225469,0.789163608267336
"SP2",2.84975682125736,0.482609299368223,13.2933449118974,0.0439791879853248,0.813019123044234
"SP3",3.0836180992711,0.267835505814403,17.4247252004024,0.0274737661424981,0.593587019509368
"SPAG16",2.16646238670394,0.286613625451137,21.1199318197975,0.0282857115462996,0.723005601699826
"SPAG7",4.11554472523357,0.276973679027767,14.1100919446528,0.0283910782083216,0.520088854548967
"SPAG9",2.37470704645733,0.150128779188573,20.0005717341843,0.0216142199523928,0.47092910952289
"SPAST",3.96159498051987,0.601600538616438,7.728897024536,0.0546642615941178,0.836295151632219
"SPATA13",0.906017443151152,0.200862520535608,29.0175602440279,0.0210513104791073,0.803071276801236
"SPATA2",6.16801994495121,0.780418366968901,0.68311353901484,0.0729547204416436,0.886807031099092
"SPATA20",1.25726440952644,0.175675355019961,26.953775896626,0.0202474703275018,0.704365462623141
"SPATA2L",1.36873182891969,0.41001869530106,19.7158890314817,0.0381541287098388,0.878983967548773
"SPATA33",0.917714408166578,0.146478594033123,30.0690213620147,0.0176379170065232,0.742997875217307
"SPATA5L1",1.64263266642299,0.549507547387604,13.0504974069289,0.0507113928882423,0.912207842379757
"SPATC1L",1.98147325179206,0.351950138034525,20.0272295931236,0.0332020872488266,0.795924280471315
"SPATS2",1.40788153590924,0.158110145862578,26.304468455408,0.019646737174956,0.657330500289743
"SPATS2L",1.11695850928322,0.0587514098196236,25.1193906376675,0.0171840473538195,0.452771875603631
"SPCS1",2.35487141246996,0.0456077585146514,14.3070295935834,0.0234715741192383,0.129322001158972
"SPCS2",2.0845995764232,0.0504129094983373,16.6463404738686,0.0220813558469239,0.202240679930462
"SPCS3",0.810425499905698,0.0360559220857889,25.5165073098673,0.0166978659987692,0.422155688622754
"SPDL1",0.419269799037295,0.200054756105999,32.6383512463703,0.0199372978546442,0.903225806451613
"SPEN",2.79239995401089,0.221724345005907,18.8036738979905,0.0248083792468533,0.55688622754491
"SPG11",1.48270269875154,0.235328424229931,24.6197876613427,0.0242744038084176,0.737106432296697
"SPG21",3.60583939956939,0.122266472215488,14.9134766974557,0.0230519711493105,0.288970446204365
"SPG7",1.91671283735048,0.138784619517462,22.6587907195361,0.0202681320248253,0.524338419934325
"SPHK1",0.372705278829912,0.0225100985458579,33.3447890453495,0.0113250515440844,0.623237396175391
"SPHK2",3.68730157059507,0.631174404663249,7.06341129943594,0.0576962215045864,0.86304809735368
"SPIDR",1.22712658709059,0.130927802150216,27.4610278008002,0.018005112111332,0.644002317944756
"SPIN1",1.78508400191801,0.215546356307377,23.3839358344676,0.0234041735141314,0.671141587792158
"SPIN2B",2.47834574336924,0.532988440950867,12.3221870571896,0.0488051113200084,0.863917326637048
"SPNS1",4.32456051366579,0.324477192791167,13.5913869053037,0.0313120278709914,0.579775932006954
"SPON2",0.121509885791019,0.00735718789503284,39.0154065294854,0.00688183633545819,0.761638014293993
"SPOP",4.12201652191081,0.282653874278959,13.8589544734841,0.0286857671213293,0.522310218273131
"SPOPL",0.820237795380567,0.198914989297776,29.7021777259728,0.0207337409035783,0.81900714699633
"SPPL2A",1.52752493340527,0.0979111067625769,23.4774593078844,0.0187388448438085,0.476241066254588
"SPPL2B",2.28068135951719,0.444120229852011,15.9420471965874,0.0408417480285766,0.82721653467259
"SPPL3",2.57005408550194,0.378858427131417,17.1895789282281,0.0352662883354629,0.760285879853197
"SPR",0.976164987763501,0.135434281787344,29.9695256302971,0.017165627564002,0.721846629322001
"SPRED2",0.534258958326563,0.225517419969311,30.8037594902639,0.0222291674374441,0.893084798145644
"SPRTN",2.84293365007403,0.472891214541661,13.7696497596739,0.0431918247843128,0.81099092138304
"SPRY1",0.116875123080559,0.010057603963035,39.8596683054089,0.00635699373859959,0.791095228897045
"SPRYD3",1.84794257140209,0.285703699403756,21.8830406837086,0.0280421193292362,0.742611551091366
"SPRYD4",1.99171721086519,0.45749427623587,16.2368565575183,0.0421684450655475,0.856287425149701
"SPRYD7",2.93831529589317,0.419279428040993,15.1525974162579,0.0385223814693957,0.76675680896272
"SPSB1",0.45884322559716,0.105102062713188,35.0614697255689,0.0133069968029396,0.815047324705428
"SPSB3",1.97433737008733,0.096893933698347,20.2118901420129,0.0202958816698467,0.384392505311957
"SPTAN1",0.866820463194518,0.0508335627439503,26.7258117781518,0.0160979209887965,0.483677805678965
"SPTBN1",0.556028642127797,0.0203364557720191,28.0604007796244,0.0149205284255456,0.46629322001159
"SPTLC1",3.12149591308028,0.329017916239088,16.6092125841907,0.0314597413951173,0.667374927564226
"SPTLC2",1.15472091076059,0.130394203896703,27.7278001809884,0.0178454864463729,0.650473247054279
"SPTSSA",1.16604596713697,0.0596129970652268,24.8754668905343,0.0173445423312477,0.447556499903419
"SPTY2D1",2.98564929857745,0.344552287473358,16.7413656256054,0.0325780922139832,0.694997102569055
"SQLE",0.3940673454087,0.03096145253196,33.7901994653821,0.0112192761147503,0.651149314274676
"SQSTM1",1.62415063169815,0.0178415957795056,14.7098352625717,0.0239248306029296,0.0833494301719142
"SRA1",3.22020296043956,0.1650733640377,16.9319315902115,0.0231634448688496,0.41423604404095
"SRBD1",1.79537998247479,0.404507107845582,18.560786688602,0.0375306143059024,0.838226772261928
"SRD5A1",0.446067380507722,0.0362600277076877,33.5709603345541,0.0115121182857638,0.65423990728221
"SRD5A3",0.63923281651146,0.0484476753909269,30.8531972657946,0.0135473592303041,0.59754684180027
"SREBF1",0.552813103773494,0.0690270928898478,33.3274499018825,0.012679710889198,0.704268881591655
"SREBF2",0.98769739785426,0.0948653749794928,29.1630163187274,0.0158679681833091,0.630480973536797
"SREK1",3.03966855671584,0.221921272079694,17.55736019124,0.0250550682742756,0.523758933745412
"SREK1IP1",3.51387872793287,0.280031581955287,15.8023357614059,0.028353751983701,0.5695383426695
"SRF",1.13319899289359,0.245487936966627,26.5247845200412,0.0245820501596147,0.806065288777284
"SRFBP1",4.41621004458579,0.4541755467137,10.9578115219195,0.0409320957654814,0.704848367780568
"SRGAP2",0.774328025872451,0.155172612942725,30.9458612256412,0.0177298855805297,0.782016611937415
"SRGN",0.23074416120396,0.00186159614510018,29.7862322062814,0.0135513340979982,0.4814564419548
"SRI",2.52312691652431,0.0849578784297091,16.4311399050327,0.0220275291420084,0.260479041916168
"SRM",0.901631881335469,0.0923850760425982,30.0351593230346,0.0153354174582403,0.65085957118022
"SRP14",4.39586626792058,0.033007862402591,10.1633423834825,0.0260493770919929,0.00927177902259996
"SRP19",0.647490390549524,0.174072574676456,31.7211575516881,0.018547953088751,0.834943017191424
"SRP54",2.62740120869161,0.22894257421984,19.3310888023453,0.0250326746206281,0.582673362951516
"SRP68",3.84702645884253,0.348974574042128,14.3094161460821,0.0329081812722765,0.636372416457408
"SRP72",4.24243958523089,0.187705408749377,14.5050143050356,0.0246710204690635,0.388931813791771
"SRP9",4.26390217416922,0.0674704474137164,11.5794122038539,0.0245895331365402,0.107687850106239
"SRPK1",0.962301949727539,0.0648315665307466,27.9685609827116,0.0156628417136094,0.544427274483292
"SRPK2",2.43137523737704,0.153524968740932,20.5662993119659,0.021590668254655,0.492466679544138
"SRPRA",1.8019471951415,0.105087922142215,21.5698751053481,0.0197864146119993,0.435966776125169
"SRPRB",1.43083170957255,0.127838728371482,26.1915204931418,0.0184556873810085,0.603534865752366
"SRRM1",6.59848708508202,0.149181821407119,8.07263578147385,0.0257507641933359,0.165636468997489
"SRRM2",4.92200176781665,0.119501919610159,10.5429352554326,0.024695938879648,0.172686884295924
"SRRT",2.24307449458146,0.17016371107753,21.1071642798868,0.0219374629856882,0.534576009271779
"SRSF1",4.52770185320177,0.213389362419251,12.6576466697296,0.0257928887647743,0.38159165539888
"SRSF10",3.76591908747902,0.128094884638199,14.0185160757959,0.0234298479919803,0.275062777670465
"SRSF11",4.2003007415163,0.103429210893347,11.7679667236043,0.0241834907911662,0.174135599768206
"SRSF2",2.97889982970824,0.0684646439773155,14.142942634762,0.0232589259932333,0.170562101603245
"SRSF3",3.79675103063787,0.0867235048379693,12.4076202332664,0.0239644098618361,0.160227931234306
"SRSF4",4.74234025376068,0.177499130670081,11.7610765424533,0.0250012138193813,0.300367007919645
"SRSF5",2.137720770628,0.0546531499589126,15.1925880025533,0.0228106791119846,0.168920224067993
"SRSF6",2.37112192761965,0.232747990226369,20.523114328268,0.0250007792322247,0.621016032451227
"SRSF7",2.12075591648353,0.0475656231395422,15.5367792537188,0.0227371933094348,0.16582963106046
"SRSF8",2.4904314380966,0.180287560624322,20.3951259901764,0.0226072948410466,0.532258064516129
"SRSF9",4.14460133504363,0.131238221891273,13.6712528031679,0.0236710567785548,0.272937994977786
"SS18",3.34946936771932,0.29292881994938,16.2085278903689,0.0290764606223516,0.600540853776318
"SS18L2",5.53528869392454,0.332917002295789,10.1459997198522,0.0317908233360096,0.502607687850106
"SSB",2.825098995795,0.0985280810648652,16.4864243569647,0.0221031346892983,0.287521730732084
"SSBP1",6.57011531319282,0.175094235323306,7.91350438836091,0.0260418035533503,0.202723585087889
"SSBP2",0.773031752764903,0.13173338043004,31.2734532618913,0.0163853004801444,0.752269654239907
"SSBP3",1.10720461555193,0.202484347861858,27.7541014799398,0.0215240560514981,0.770523469190651
"SSBP4",1.72587169199931,0.161808968038447,24.3329830839875,0.020531399729306,0.609039984547035
"SSH1",0.742708009833682,0.138579607900282,31.423672690944,0.0166582267167199,0.767915781340545
"SSH2",2.26870781723613,0.254969605726263,20.8196645549899,0.0262270937087594,0.664670658682635
"SSNA1",6.60979630590943,0.222345901129696,8.30645287727907,0.0270436444870838,0.28761831176357
"SSPN",0.337545511798309,0.0210349632279522,34.0678948399835,0.0107920704698457,0.64158779215762
"SSR1",3.39448986288964,0.125695776317173,15.047034803193,0.0229814311008076,0.297276414912111
"SSR2",2.92519710688635,0.04163048575466,12.8660785151168,0.0243766252470436,0.0864400231794476
"SSR3",2.10915124563999,0.040717272667763,15.9325032292023,0.0226347236468414,0.164670658682635
"SSR4",1.03929173943615,0.00699727564424007,14.2881197920399,0.0246108778406131,0.0449101796407186
"SSRP1",2.09744589321515,0.105128757104566,21.0379384589812,0.0201187057257778,0.422445431717211
"SSSCA1",2.97746955870014,0.208222904760045,18.6303372276112,0.024304235066986,0.530616186980877
"SSU72",5.28470931781465,0.142280932286935,11.1877358090763,0.024732684679254,0.230152598029747
"ST13",2.65388329392227,0.03855987896889,13.7994387917573,0.0239230537578467,0.104887000193162
"ST3GAL1",0.970956703941938,0.0741140592466348,28.3145374084783,0.0156857449526829,0.570504152984354
"ST3GAL2",1.141039790024,0.289344118127318,25.0267788323147,0.027959353244766,0.834943017191424
"ST6GAL1",0.493264588402159,0.0655710366110924,34.0651455790562,0.0121221028753082,0.719432103534866
"ST6GALNAC4",0.882673213274168,0.131806950401838,30.1680988153514,0.0168618468045674,0.721267143133089
"ST7",0.798001341047351,0.286157434293327,26.8773311779106,0.027499251213371,0.881205331272938
"ST7L",1.99395571518001,0.367916819956866,19.2820263925398,0.0344510857216803,0.800656751014101
"STAG1",2.15689286843225,0.263555896297334,21.0223377977703,0.0266989770371308,0.683890283948233
"STAG2",2.23112323361741,0.149201636028781,20.9960444613933,0.0212419908355351,0.496523082866525
"STAM",1.308128229091,0.208612802053733,26.2900962585523,0.0222803148215677,0.739907282209774
"STAM2",2.60464824662619,0.448620763985216,14.9636841500094,0.0410932045008953,0.807031099092138
"STAMBP",5.27535670991054,0.350866044513677,11.5211944584496,0.0331734425220644,0.565095615221171
"STAP2",0.569421992318697,0.106728596122175,33.9704124467826,0.0139451148198044,0.786749082480201
"STARD10",0.539263988326764,0.0823133781031951,34.1013964163905,0.0127716810345369,0.749179061232374
"STARD3",1.76463485431258,0.167797146825119,23.580043886706,0.02099750962066,0.598126327989183
"STARD3NL",1.72299327760214,0.145135899060272,23.6933266733327,0.0200598034508027,0.563357156654433
"STARD4",0.242116107204588,0.126185899310724,37.1703098774839,0.0134532844336808,0.910276221750048
"STARD7",4.04825117814054,0.176934450682559,14.5967744227076,0.0242743290214493,0.373189105659648
"STAT1",0.624487290236101,0.011063235301534,22.9200178541532,0.0184933190750677,0.300077264825188
"STAT2",0.856509901024684,0.0615282712035737,28.0609365819163,0.0155007382167097,0.540853776318331
"STAT3",2.56348749180641,0.0683494679105034,15.3412402847938,0.022624647809205,0.200888545489666
"STAT5B",0.944021623553399,0.218001153665286,28.2244224189267,0.0223448195294854,0.808866138690361
"STAT6",2.1980213853505,0.1855036606773,21.0877466975502,0.0225291547763936,0.559300753332046
"STAU1",2.83060884596736,0.115458610022889,17.4184145282964,0.0218949047162945,0.342572918678771
"STAU2",1.00321488434185,0.259500080619064,26.8017959613542,0.0255133036699218,0.836295151632219
"STIM1",1.79362046217373,0.229569224535544,23.3237996111279,0.0242340002412454,0.692196252655978
"STIM2",1.01240039962601,0.239947445386152,27.2002965195319,0.0240439018069099,0.815916553988797
"STIP1",2.51840029410515,0.168825149091101,20.059364005904,0.0222659550002271,0.504152984353873
"STK10",0.532882566347987,0.0929638998070552,33.8147850487866,0.0133566475916219,0.759030326443886
"STK11",1.78127351666607,0.390437112301229,19.1182803235097,0.0363373629328732,0.831562681089434
"STK11IP",0.816296924527822,0.339193194409773,24.5502797663082,0.0320108034859803,0.901294185821905
"STK16",5.79735915843934,0.464324632148204,8.56695484994849,0.0414785111568883,0.654143326250724
"STK17A",0.36045403367671,0.0271645144411729,33.5824040125129,0.0112533995304368,0.638304037087116
"STK17B",0.441234701881755,0.028716137802479,31.6688265770867,0.0125737582240456,0.585667374927564
"STK19",2.22915436949563,0.285338607720681,20.6484899420492,0.02820954106931,0.708228703882557
"STK24",1.66010134771258,0.220888476659139,24.1346888771259,0.0235437031989779,0.700405640332239
"STK25",4.71368609520501,0.320825461838075,12.4614540558145,0.0310800790062123,0.544523855514777
"STK3",1.68969970469321,0.189238672466934,24.7365446513742,0.02170970984415,0.665443306934518
"STK32C",1.47227991156921,0.293698244098178,23.5982756949781,0.0284791458099686,0.802298628549353
"STK38",0.789182091542995,0.0685622164990769,29.9502503266329,0.0146032781053291,0.607108363917327
"STK38L",0.731441772033015,0.0800537507259585,31.1953992234545,0.0142644964020451,0.66244929495847
"STK4",1.25244146558785,0.0834312053602188,24.8625424938972,0.0177174345754917,0.489279505505119
"STK40",1.53317102661983,0.296067478910894,23.1116329537626,0.0286782017422746,0.792737106432297
"STMN1",0.301807617954053,0.00575278967475458,28.9512553561641,0.0141843893634698,0.464458180413367
"STOM",0.876254377558806,0.0297816766903017,23.7897588972311,0.0178044540941788,0.361309638786942
"STOML2",2.72221038278451,0.105058703281644,17.8382436486829,0.0215907789980558,0.335908827506278
"STRADB",1.66312250176473,0.341150682107941,21.1639063254677,0.0322560352834182,0.810508016225613
"STRAP",2.58024268034903,0.0877661293047045,17.2991571367528,0.0216644352862073,0.29012941858219
"STRBP",1.03062659661391,0.219977782380156,28.059815937755,0.0225668544657353,0.80741742321808
"STRIP1",2.72540019850197,0.509146622059668,12.6284381799381,0.0464246712460084,0.835522503380336
"STRN",1.87647953498129,0.356891682130642,20.0989339664169,0.033576286202899,0.805775545682828
"STRN3",2.33995257072846,0.48202423870905,14.4499465418232,0.0441798627562907,0.844601120339965
"STRN4",1.11355796506197,0.220536610981946,27.166359066116,0.0227790743322623,0.783561908441182
"STT3A",2.18998102770217,0.194075137615743,21.6399428333069,0.0228046675325558,0.588564805872127
"STT3B",2.88293184619116,0.256224345109434,18.4281090421032,0.0266987564519229,0.602086150280085
"STUB1",4.58453335268577,0.177015892455433,12.5685041456269,0.0248103735940794,0.320649024531582
"STX10",4.50077331317436,0.239601696727654,13.4531811379595,0.0267481032215225,0.444465906895886
"STX12",3.27103622994068,0.214521130865278,16.984967945908,0.0249001082180672,0.496716244929496
"STX16",1.93554623011106,0.206886934634667,22.7335866937216,0.0231146049608946,0.63926984740197
"STX17",4.78887045879228,0.417992750966743,10.7516626741574,0.0378180532901381,0.645547614448522
"STX18",3.46237558881959,0.459570701290611,12.7790061550688,0.0417429346394175,0.763086729766274
"STX2",0.921461533109864,0.290381816135358,26.0461280140251,0.0279205300463234,0.864883136951903
"STX3",1.22642561949895,0.226812430487307,26.6341420096401,0.0233422499828152,0.778926018929882
"STX4",2.07541097082199,0.164703952551796,21.9346063582754,0.0214479718141637,0.548000772648252
"STX5",4.62259510860575,0.321791751823829,12.9813832188252,0.0311896901498167,0.559590496426502
"STX6",2.63883584618825,0.283673764309777,19.2909273794624,0.0282830797123314,0.668727062005022
"STX7",1.64765378317804,0.117406536543984,23.6519408578795,0.0191732505812768,0.515066640911725
"STX8",3.30777692118966,0.327338697569683,15.8722777395133,0.031322588205039,0.645064709291095
"STXBP2",0.527108926043623,0.0723518761562562,33.6921405637022,0.0125878502488702,0.72039791384972
"STXBP3",2.97525353341453,0.449881132680992,14.0028841006439,0.0410348112970065,0.782402936063357
"STYX",2.90322318900702,0.435746762440268,14.6724973134684,0.0398859595489369,0.779022599961368
"STYXL1",3.46562465646161,0.355770987053341,15.3543273787261,0.0334443404931939,0.674715085957118
"SUB1",2.19308041112321,0.0201815957167041,13.3983464652333,0.0246683452137075,0.0556306741355998
"SUCLA2",3.18942215146112,0.390464332185863,15.1662753151096,0.036080181749909,0.723005601699826
"SUCLG1",3.91484153100208,0.185188591993497,15.0443290257812,0.0243801541419004,0.398300173845857
"SUCLG2",3.83655594165631,0.316085295779296,14.6513572566955,0.0306580210226995,0.59503573498165
"SUCO",1.57895263554506,0.163827240444658,25.1341406640003,0.0203243389504193,0.634440795827699
"SUDS3",4.08229011428984,0.283902187332985,14.695357163606,0.0288100881540964,0.546358895113
"SUGP2",1.79492360513887,0.225502738557777,23.3661435052151,0.0239878593042799,0.686787714892795
"SUGT1",4.96812839966543,0.275300725417057,11.7603498769301,0.0285511322803503,0.456345373768592
"SULF2",0.349921586323219,0.0400593041819969,35.6322962724164,0.0102716785966199,0.72039791384972
"SUMF1",2.73159693005397,0.270355242035275,19.1106771534367,0.0274679878434127,0.642843345566931
"SUMF2",3.21059012512884,0.166156104512503,17.2661471280178,0.0231172041639253,0.425149700598802
"SUMO1",8.00027638264095,0.173600280672443,6.32437576028989,0.0265608305758594,0.166409117249372
"SUMO2",6.97684942798283,0.0501776274118089,8.29247987846382,0.0264466950436895,0.0122657909986479
"SUMO3",3.52251769668834,0.082810939492194,14.4428408479363,0.0231009256294177,0.208035541819587
"SUN1",1.28916449664047,0.132196680559695,27.0340782764113,0.0182420378453328,0.634247633764729
"SUN2",0.99799453733035,0.0708718450056039,27.4751162034337,0.0160601090750086,0.540950357349816
"SUPT16H",3.18764988411493,0.229541977032698,17.309581249803,0.0255053103613934,0.529553795634537
"SUPT20H",3.31586943326793,0.327406237496526,15.6820385893062,0.0312982946599067,0.640139076685339
"SUPT3H",1.18121431288124,0.304870763364526,24.3062775003441,0.0292221329552015,0.839772068765694
"SUPT4H1",3.63656157542955,0.165394412019896,15.0202261904225,0.0237458541625611,0.364110488700019
"SUPT5H",3.37958497198418,0.239986602940186,16.4030628265489,0.0261476068360589,0.52211705621016
"SUPT6H",2.9226090520358,0.285993986124386,17.7040620881966,0.0285058720594636,0.629708325284914
"SUPT7L",4.13522272928908,0.423910931541042,12.1105234909134,0.0384998781245045,0.690940699246668
"SUPV3L1",2.23388018575908,0.420162587459516,16.8681047607665,0.0387783644968546,0.81562681089434
"SURF1",4.54880019349745,0.26893618314848,13.1706950313503,0.0281309238051866,0.483098319490052
"SURF2",3.98535621750685,0.381798704356704,13.5373464478133,0.0353356778146632,0.665539887966003
"SURF4",2.97015418870309,0.120767129819794,16.3328539180544,0.022377557749989,0.322194321035349
"SURF6",2.86463930508398,0.39491884918322,16.0986301384974,0.0365628970368975,0.755070504152984
"SUSD6",0.995633243100475,0.129026516406809,28.9597297747797,0.0172469431105582,0.682634730538922
"SUZ12",2.48200901165587,0.27203211962984,19.8694969813948,0.0274407821983241,0.666022793123431
"SVBP",2.64397395956665,0.191369585148824,19.5189249005667,0.0232890924871459,0.52675294572146
"SVIL",0.522435605856241,0.0446767856416042,32.6353055224623,0.0123359251699102,0.642070697315047
"SVIP",0.831373587143478,0.0973741017001569,30.6984015998263,0.0151672677800832,0.678095422059108
"SWAP70",1.23179987697417,0.0746551639052246,25.9224117362146,0.0170316956523195,0.504152984353873
"SWI5",2.33017887150515,0.219610660210456,21.3126194681724,0.0241991181548738,0.621305775545683
"SWSAP1",1.97598393520997,0.611732743763684,9.82518740373655,0.0564801269410288,0.917906123237396
"SYAP1",3.29484062167043,0.183710961792172,16.8062940024052,0.023779275304924,0.441761638014294
"SYF2",4.97152182063933,0.207140321079847,11.4955086696973,0.0258611621622746,0.341993432489859
"SYMPK",3.06883568261043,0.325013309768607,16.8472427519732,0.0311736160649371,0.667568089627197
"SYNCRIP",4.25054161935184,0.174783032473655,13.6987409126155,0.0244508363247996,0.346146416843732
"SYNE1",0.337704111625421,0.0495546992713198,36.1803135764046,0.0102461613480141,0.752655978365849
"SYNE2",0.589142867283229,0.0320417160065943,29.6109727961682,0.0140125330022204,0.5324512265791
"SYNGR1",0.367236739844287,0.0263212566116433,34.540432187583,0.010607945986098,0.66476723971412
"SYNGR2",0.959313928647282,0.0141000505565598,20.4515331034877,0.0201859720877529,0.236526946107784
"SYNRG",1.19532984276129,0.135676698497073,26.9668782717503,0.0183478546977724,0.63801429399266
"SYPL1",1.8692966351152,0.0744214197791909,20.9295921430497,0.0197374828975569,0.364979717983388
"SYS1",2.40800870645658,0.440737052006052,15.7655111247588,0.0405095285852474,0.816978945335136
"SYVN1",1.24668171922912,0.176861227807687,26.9427718158991,0.0203055516060568,0.706007340158393
"SZRD1",7.19631136262157,0.316635319688886,6.77885256917421,0.0309104897257629,0.392795055051188
"SZT2",2.99481677948813,0.551268253529435,10.7375940713286,0.050240753673891,0.84682248406413
"TAB1",4.62536909484447,0.645466182995802,5.63845119618541,0.0587824137638162,0.840544717017578
"TAB2",1.79464188298782,0.269439349312749,22.4687624677155,0.026861709385437,0.732760285879853
"TAB3",1.31395580243246,0.434799446930956,18.776928385017,0.0403470474109717,0.89211898783079
"TACC1",0.884371981556945,0.0485322107470691,26.5052508013494,0.0162085180667117,0.473343635310025
"TACC3",0.266781604785239,0.0590554504321097,38.1252581502974,0.00943987318345811,0.825091751979911
"TACO1",13.0582476642867,0.717530243551161,1.05164621280238,0.0647836108679454,0.712768012362372
"TADA3",3.95775402716417,0.180878137243236,14.5604590926389,0.0243502060949588,0.378307900328376
"TAF1",1.83145355455623,0.351369833119118,20.2356452661436,0.0330870992970755,0.801043075140042
"TAF10",1.5075199577115,0.138773184868097,25.6193241609843,0.0191003341872053,0.606045972570987
"TAF11",5.04181155989438,0.316239513115579,11.8372786507699,0.0308576908477193,0.521247826926792
"TAF12",7.32134572480169,0.443877660598511,6.02637448610693,0.0392187872937621,0.557562294765308
"TAF13",1.48616633718554,0.446395232245554,17.8203673048449,0.0413190273585236,0.883619857060073
"TAF15",2.15539106822053,0.127485770964215,20.4281950745757,0.0208050056166182,0.443789839675488
"TAF1B",1.95545528899414,0.368108749751232,19.4446568305483,0.0344814725678243,0.805389221556886
"TAF1C",1.66315135260157,0.370594469930876,20.1682204101984,0.0346772847462437,0.829437898396755
"TAF1D",2.55199921857785,0.0991963124581424,17.8946372303748,0.0214648608168372,0.326443886420707
"TAF2",2.16649542467304,0.279664873097078,21.1464894299092,0.0277948163416671,0.712768012362372
"TAF3",2.21904779810446,0.300273558346062,20.2487427035798,0.0292470697579587,0.720977400038632
"TAF5L",2.59276507838081,0.506664325150245,13.1561775196278,0.0463654482924907,0.846146416843732
"TAF6",1.59198668767501,0.160934868558525,24.9556625905016,0.0202511871897623,0.624686111647672
"TAF7",2.97101459743579,0.155980350906775,17.5054939815872,0.0226858978757503,0.413946300946494
"TAF8",2.96533054128956,0.467293835842402,13.6250755969245,0.0426172121721191,0.798435387289936
"TAF9",2.573696141537,0.194196656775226,19.7394771323078,0.0233331003828486,0.537280278153371
"TAF9B",1.62625244518125,0.35784394882607,20.8433178222339,0.0336433357348739,0.827892601892988
"TAGLN2",1.99467185396632,0.0147057886516254,13.5674418270729,0.0247515290912558,0.0483870967741935
"TALDO1",2.25593924360667,0.0437106903690701,16.1407181005063,0.0224802717607094,0.177226192775739
"TANC2",0.435891618544669,0.144992612508199,34.400644053878,0.0157786403003344,0.862661773227738
"TANGO2",2.70135697944651,0.399212889554825,16.2061510475095,0.0368781136082416,0.764921769364497
"TANK",2.41880254119836,0.159284964437028,19.7281246000419,0.0219807441272711,0.478848754104694
"TAOK1",2.94015337524226,0.252594471877336,17.9458959471766,0.0265292028288201,0.583349430171914
"TAOK2",0.981066128331719,0.206552359891994,28.313859351863,0.0215974465585051,0.792737106432297
"TAOK3",1.63046000454473,0.101338480938555,23.1675150551274,0.0189836491594794,0.473826540467452
"TAP1",1.020743861321,0.0273290351243003,21.969244699187,0.0190132678617381,0.305196059493915
"TAP2",0.826312551061348,0.151086801643138,30.5747552116577,0.0176564416040487,0.764825188333011
"TAPBP",1.8620713922454,0.0364204618859705,16.4709617677556,0.0223798692099871,0.170175777477303
"TAPBPL",0.990109336793784,0.117841632680721,29.2134271756147,0.0166832325050811,0.670948425729187
"TARBP2",2.68118508278929,0.41428283501241,15.8369769767948,0.0381355411394068,0.778056789646513
"TARDBP",2.42966705373783,0.339148741019631,18.645381118091,0.0321626709478307,0.738265404674522
"TARS",1.81451229982983,0.137695199147199,23.609897751962,0.0198783703025639,0.548773420900135
"TARS2",7.79665749214279,0.733218499328638,1.23793125161625,0.0674719127882032,0.824995170948426
"TARSL2",0.762993104374245,0.11479048422016,31.6800798905947,0.0154196672416799,0.735367973729959
"TASP1",2.83186799698766,0.426856930441484,15.2621127990747,0.03921751703839,0.781340544717018
"TATDN1",1.41568689239493,0.0956026223012394,25.7441713980994,0.0176461548982105,0.53602472474406
"TATDN2",1.10049507862736,0.388315894346765,21.3868101320554,0.0362821258790366,0.891346339578907
"TATDN3",3.23148279484909,0.499593394288505,12.09887089867,0.0453947949937314,0.805292640525401
"TAX1BP1",3.61359766873312,0.115124088246224,13.6320603851852,0.0234233826516599,0.241549159745026
"TAX1BP3",1.43149289198198,0.163555723892987,26.0762709713464,0.0199755705009834,0.660034769171335
"TAZ",4.23030305916052,0.41301377410786,12.0940325045598,0.0375947590952252,0.674135599768205
"TBC1D1",1.04050915183285,0.11430563817084,28.4285260446986,0.0168892179113202,0.642843345566931
"TBC1D10A",2.67898961471731,0.400743108709965,16.229326520375,0.0370109865761332,0.767915781340545
"TBC1D10B",2.03386397193495,0.412242977860966,17.6755723152709,0.0381550240186085,0.825671238168824
"TBC1D12",1.00333945903309,0.267343185414761,26.5040192039492,0.0261272304161878,0.840641298049063
"TBC1D14",3.02371432309026,0.372357707398196,16.1223603558294,0.0347090620599346,0.721073981070118
"TBC1D15",1.97092310320801,0.326799162152079,20.493822162078,0.0311601585205258,0.769461077844311
"TBC1D17",2.42806443909805,0.260823922891914,20.1338727114639,0.0266973512487731,0.655398879660035
"TBC1D20",2.07374717766576,0.258194432551606,21.6957319750576,0.0262935099188867,0.69364496812826
"TBC1D22A",3.72003363124902,0.348477410106581,14.7110430127913,0.032888477539915,0.646320262700406
"TBC1D23",2.33630366486861,0.342603572168177,18.8252886488406,0.032414676662129,0.748599575043461
"TBC1D25",1.57546031811785,0.366029103726234,20.8018146150188,0.0343454066189262,0.839578906702724
"TBC1D2B",0.955226297368971,0.158419600573258,29.3042247848096,0.0185172900830844,0.741355997682055
"TBC1D4",0.368147076787057,0.0587508315188846,35.9794425713743,0.0107218590940841,0.762700405640332
"TBC1D5",3.06548651893897,0.274013806880913,17.4066994186655,0.0278292117368989,0.602858798531968
"TBC1D7",2.86679055411127,0.344513809192511,17.4406458160035,0.0326454760691163,0.713637241645741
"TBC1D9B",3.65086192885693,0.275019432458695,15.5991060368109,0.0281287619770199,0.556306741355998
"TBCA",3.8790096320542,0.0781627279183877,11.794593627421,0.0243136618475537,0.129032258064516
"TBCB",3.36867304924276,0.0862552672930129,14.0433596892017,0.0232239176130632,0.201757774773035
"TBCC",2.15612392232707,0.287345517582299,20.6424065281148,0.0283014913350146,0.711319296890091
"TBCD",1.12881395723624,0.14932986509155,27.9577020059431,0.0185799893764641,0.688622754491018
"TBK1",2.71494201315141,0.369966344159421,16.868740839901,0.0345049155030889,0.73787908054858
"TBL1X",1.2202753901364,0.271581719364676,25.3434344561995,0.0266253611986488,0.815240486768399
"TBL1XR1",2.20818246801379,0.137041869571582,20.8241568528646,0.0209332300590971,0.471218852617346
"TBL2",2.33727192211598,0.339894417083436,19.161149425919,0.0322582626098758,0.753332045586247
"TBL3",3.14901314881853,0.402667185221313,15.2359903462577,0.0371588009088732,0.743287618311764
"TBP",4.09570451515383,0.47401595956503,11.1678337294621,0.0427686575660338,0.740293606335716
"TBPL1",3.7515083119888,0.409993658113209,13.25543702494,0.0374804933984481,0.700985126521151
"TBRG1",2.1746693492569,0.152600161483293,20.4250347991012,0.0214770423629972,0.486188912497586
"TBRG4",4.87584856779593,0.468486906011964,10.1119943025647,0.04214587947731,0.702337260961947
"TCAF1",1.27489928855996,0.190734182114151,26.8171575422955,0.0211130943668093,0.725323546455476
"TCAIM",3.63090451062675,0.534676407367311,10.3810191558156,0.0484770679747884,0.810121692099672
"TCEA1",1.25030068987793,0.0207176854002447,16.5592737681098,0.0226407122475478,0.138497199150087
"TCEA2",1.65350051260135,0.178874890257911,25.1534403473442,0.0210764026745036,0.659938188139849
"TCEAL1",0.661165664151672,0.120984881574612,32.2908330276932,0.0153960058700992,0.762990148734789
"TCEAL3",1.12371721509692,0.0920150941864502,27.3041631705835,0.0167054655073543,0.57311184083446
"TCEAL4",1.35597399952591,0.04899101374502,21.8013754553454,0.0190734274800637,0.341703689395403
"TCEAL8",1.64104609823035,0.135818735879281,24.2992896459257,0.0194995501326704,0.564419548000773
"TCERG1",3.23286860318149,0.241096426674916,17.2481621901233,0.0260988549935227,0.546455476144485
"TCF12",1.66177803233414,0.140376749348636,23.8609669859372,0.0198084810981624,0.559880239520958
"TCF20",1.18427529466907,0.283613188006647,25.1756789004305,0.0275374193436931,0.829824222522696
"TCF25",3.65608253500454,0.0887186056017466,13.0170052824113,0.0236822884358706,0.179544137531389
"TCF3",1.70254375355777,0.32800485571023,21.4624014059469,0.031213911603769,0.797952482132509
"TCF4",0.321276308156468,0.0102650742782524,30.8657491737518,0.0128457601973732,0.528781147382654
"TCF7L2",0.733441578838072,0.0853968370612455,31.3815376040985,0.014354686804073,0.676936449681283
"TCHP",2.50902322201191,0.420354065265456,16.0870824045565,0.0386922741763973,0.794378983967549
"TCIRG1",1.03767225518397,0.0463070018106171,24.5676246223082,0.0173794427238866,0.414429206103921
"TCOF1",1.60518870499875,0.244148724925975,24.1509437161526,0.0249705649661668,0.738361985706007
"TCP1",2.00389036953211,0.0913736076937391,20.6619129250293,0.0200498365107787,0.387676260382461
"TCTA",2.7301177758529,0.317577019915385,18.3902083918935,0.030647864162957,0.697508209387676
"TCTN1",1.50518598649461,0.24056442752882,24.7642351684629,0.0246243595328202,0.74946880432683
"TCTN3",1.34865590717427,0.193902575023422,26.1175458685011,0.0214764014147754,0.71112613482712
"TDG",3.79021856399487,0.312816008891517,14.7133425067469,0.0304253517726246,0.59165539887966
"TDP2",0.847427263637541,0.137212389455881,30.3554745027827,0.0170307245892983,0.73556113579293
"TDRD3",1.08371591219506,0.280532780459272,25.5484762296215,0.0272250640538087,0.835329341317365
"TECPR1",1.06007798904865,0.249762966535768,26.6792257007889,0.0248295597037977,0.817268688429592
"TECR",1.64757938317023,0.0438782918295287,19.4779855682476,0.0204953728211256,0.26801236237203
"TEFM",3.57821687124629,0.568730221414465,9.27535592981009,0.0516368524772126,0.831176356963492
"TELO2",2.90133039636731,0.432528681256198,14.8946771722394,0.0396640516825597,0.779988410276222
"TERF1",1.83476030286169,0.194741929758488,23.643237824069,0.0222825523680599,0.644388642070697
"TERF2",3.42434425840365,0.638553570278516,7.08863550886184,0.0585358106078105,0.875989955572726
"TERF2IP",2.76543531889335,0.139247268297519,17.2767751755417,0.0222917472777261,0.378694224454317
"TES",1.14608511462437,0.0602708275018961,25.5125059618892,0.0169971940369469,0.466872706200502
"TESK1",1.23804532226484,0.360007497226327,22.0728159297256,0.0338204944447489,0.865462623140815
"TET2",1.47070501517641,0.255249548179309,24.3756121214035,0.0256228556561861,0.762410662545876
"TEX2",1.05479225449277,0.310903520807695,24.7633254261313,0.0296794110040882,0.86198570600734
"TEX261",1.71356747738246,0.337847867841209,21.2276282858381,0.0320192746890355,0.806934518060653
"TEX264",4.97644642472509,0.232622989441969,12.0456822741071,0.026698453107292,0.397141201468032
"TEX30",1.2783410997466,0.221419995961426,26.4434479449591,0.0230452253080235,0.764921769364497
"TFAM",4.32869968618435,0.309360295854912,13.5348368778926,0.030331434079494,0.555147768978173
"TFB1M",1.76643435542788,0.36512918539933,20.0257701036467,0.0342177342537895,0.816882364303651
"TFB2M",2.4818031017171,0.35902807355809,18.3354942067238,0.0337842738052757,0.760479041916168
"TFCP2",3.38668145793945,0.602522623643711,8.34719981000047,0.0549467475027212,0.857060073401584
"TFDP1",1.26241003150833,0.15988556926,27.4358135240594,0.0193251179922043,0.691713347498551
"TFDP2",2.11755411974032,0.195293589537788,22.2665345262926,0.0227152355346936,0.607687850106239
"TFE3",2.83389115177191,0.307756063444487,17.9203309215233,0.0299393112364415,0.669596291288391
"TFG",2.57078422325027,0.105088980658754,18.5433429021759,0.0212701308621872,0.354838709677419
"TFIP11",4.14821137721081,0.569556434044378,8.47043978918057,0.0514810044724366,0.808576395595905
"TFPI",0.0901782319573148,0.00799728000940873,41.0040818262524,0.00545110634398894,0.821035348657524
"TFPT",1.47694727938293,0.155244361736657,25.7728719671429,0.0197098908712559,0.637821131929689
"TFRC",0.523454733833381,0.0635462955010765,33.6168621572469,0.0123175996728045,0.70310990921383
"TGDS",1.63722628229148,0.427459189641107,18.1729192219291,0.0395818339215956,0.863531002511107
"TGFBI",0.196326887841211,0.00556273270979779,34.2949541001477,0.0102882225214684,0.620243384199343
"TGFBR1",0.604256752339949,0.0999327926267046,33.141533484898,0.0140214772984658,0.751690168050995
"TGFBR2",0.273254176740407,0.0123397294219548,33.0277798387501,0.0113264422762788,0.595518640139077
"TGFBRAP1",1.82227825894112,0.494382172336305,15.0754347088034,0.0455293762715323,0.881977979524821
"TGIF1",1.15870545822913,0.0869689334856765,26.9093664387239,0.0167770780806666,0.55331272937995
"TGIF2",3.80339036211252,0.531893637009783,10.1298581243697,0.0481062349148231,0.798821711415878
"TGOLN2",3.79069008497507,0.141303689339322,13.7225811182798,0.0236687108697368,0.289260189298822
"TGS1",0.640586093115397,0.0572867614136122,31.0049287445409,0.0136625764767083,0.617345953254781
"THADA",1.33581275670297,0.31333562833622,23.3299156082515,0.0299544857538036,0.826250724357736
"THAP1",3.65088129654998,0.414107212613675,13.6758100607758,0.037942790609251,0.718273131157041
"THAP11",5.99235653556473,0.596073047812521,5.51971880503202,0.05332096734977,0.760961947073595
"THAP2",0.510756135308708,0.154550612590064,33.3613543111844,0.0167592896039766,0.849043847788294
"THAP3",5.01562566714083,0.632941192409818,5.65004926338742,0.0573966391970022,0.820842186594553
"THAP4",7.57912762451586,0.531691942097375,5.00148480002692,0.0467639938495737,0.652694610778443
"THAP5",2.42320561434026,0.393175431829636,17.2107676937614,0.0364614853902762,0.783079003283755
"THAP6",2.83834800700432,0.445653075293455,14.5964961507175,0.0407881117102049,0.792061039211899
"THAP7",3.5016331151399,0.279780923926393,16.3650299157405,0.0283716642378762,0.584122078423798
"THAP9-AS1",2.24087134474358,0.483552147913459,14.6559924070162,0.044386361926655,0.85271392698474
"THBS1",0.100218347571072,0.00447990634433752,39.1262689345784,0.00670586247617283,0.75980297469577
"THEM4",1.51677417406192,0.177280383648966,25.7227403010654,0.0207835034817436,0.672976627390381
"THEM6",0.3669498948709,0.0497641171003485,36.2387083036976,0.0102381114579759,0.754780761058528
"THG1L",1.42494545131652,0.339174759453843,22.1274631610492,0.0320768750817863,0.833977206876569
"THOC1",2.37707974694427,0.414804627682362,16.6898144519059,0.0382902528514714,0.802298628549353
"THOC2",2.80714776581653,0.180848657857467,18.5068302657287,0.0231497103051475,0.482132509175198
"THOC3",1.95463914576154,0.172682627453791,22.9131458069525,0.0214707141170071,0.5880819007147
"THOC5",13.0125171307971,0.786211381598023,1.27553530926272,0.0735070088969332,0.786845663511686
"THOC6",4.73507814877369,0.4031817537841,11.4094472729608,0.0368049838092124,0.640718562874252
"THOC7",8.56897199362471,0.326450318350827,5.02425984026617,0.0315904187206511,0.364400231794476
"THOP1",0.917108893212617,0.172121122270362,29.5137657932089,0.0191908101183153,0.769847401970253
"THRAP3",6.04660696504361,0.206845327339966,8.63268264288867,0.0264283093807964,0.269654239907282
"THUMPD1",2.83590036863096,0.283628522007809,18.1375948213098,0.028330433238222,0.637627969866718
"THUMPD2",1.86655714873491,0.336611134922639,20.6579267102041,0.0319256055169663,0.789356770330307
"THUMPD3",3.17946869972015,0.356381475392766,16.2276000678561,0.0335240835803255,0.699150086922928
"THUMPD3-AS1",0.882711817102244,0.0618393142417569,28.2934348191988,0.0153915552008928,0.548193934711223
"THYN1",3.59805343977576,0.277787561751836,15.2297050253274,0.0282323624103026,0.550801622561329
"TIA1",2.78752789121761,0.219568844215821,18.7544061676202,0.0247069589664001,0.552057175970639
"TIAL1",7.23396646670869,0.345781593659834,6.32146350132701,0.0324079346094234,0.424183890283948
"TICAM1",2.29852099896047,0.341467206886136,18.9641855163194,0.0323225242376492,0.750627776704655
"TIFA",0.758405969564389,0.0958702170560495,31.5218975815531,0.0146901654508576,0.698860343828472
"TIMM10",3.68455267046025,0.210109715516734,15.9790181700042,0.0250203016585625,0.463299208035542
"TIMM10B",1.81513791763212,0.523084642070704,13.9140248389991,0.0481856543712327,0.89443693258644
"TIMM13",3.59578074670254,0.12465226509493,15.5929762206518,0.0228611620814703,0.311666988603438
"TIMM17A",2.13778554085826,0.114532116271862,20.8846686935742,0.0203641346985473,0.434421479621402
"TIMM17B",1.41771786235168,0.0651134804976776,22.8376467869264,0.0185683629123242,0.40032837550705
"TIMM21",3.37221259582748,0.38304155718865,15.0930819370844,0.0355379407694568,0.709387676260382
"TIMM22",8.69873755014229,0.669636191245896,1.65236216114259,0.0599880534023594,0.747247440602666
"TIMM23",3.771256629939,0.287216839889275,15.4037715815692,0.0288946117096933,0.570214409889898
"TIMM44",2.69076754611566,0.331051548202361,18.3116648895018,0.0316357642694305,0.716341510527332
"TIMM50",2.2805965216212,0.203801311316538,21.4507394066661,0.0233478084057579,0.599381881398493
"TIMM8A",2.33090433076079,0.418454181254209,16.8864575864682,0.0386854270367379,0.81311570407572
"TIMM8B",4.16056528149026,0.147843162672752,13.4303875022141,0.0239494638398963,0.294089240873093
"TIMM9",6.81835713835213,0.435636607460439,7.45594458171321,0.0389762627668784,0.582673362951516
"TIMMDC1",3.06193311767096,0.184287812366887,18.2929559745394,0.0234353439168128,0.482615414332625
"TIMP1",0.347708802709899,0.00180986202787858,22.4692884195218,0.0189235297779301,0.267529457214603
"TIMP2",0.415324555146636,0.0126177467326753,28.4170438486625,0.0146075888680308,0.461947073594746
"TINF2",3.28129691925044,0.278634009474378,16.4294624188406,0.0281788266604319,0.584025497392312
"TIPARP",0.632450413966655,0.18201317811693,31.5704769868312,0.019084982378818,0.843731891056597
"TIPIN",1.63695345587923,0.387636997934667,19.7731260607152,0.0361569181355922,0.845180606528878
"TIPRL",4.16598604997955,0.232539035022083,14.7483571375073,0.0262579918483106,0.467162449294958
"TJAP1",4.27373918152677,0.539879612103839,9.22249982573325,0.0486825054701167,0.784720880819007
"TJP1",0.493821204130189,0.0498353367962535,33.4666411509713,0.0119604224740428,0.675004829051574
"TK1",0.13944229537404,0.0222946730757534,40.5803972128721,0.006304035559891,0.833397720687657
"TKFC",1.44497841557827,0.247741587398323,25.0050277790081,0.0250559573533482,0.767626038246088
"TKT",1.61880877102875,0.0438199497549435,19.4217086397354,0.0205227847541071,0.266080741742322
"TLE1",0.731947985736247,0.170480156050293,31.2817558069535,0.0185017498681446,0.81668920224068
"TLE3",1.00770639507854,0.144564623970822,29.0225627533751,0.0179397323633837,0.710450067606722
"TLE4",0.938040996922503,0.219373061880408,28.238188209774,0.0224321902167404,0.811473826540467
"TLK1",2.43418614572858,0.229164413328966,20.2440385886629,0.0248641724795217,0.607687850106239
"TLK2",2.95985716800656,0.523097456934407,11.8181510602099,0.0476591427637625,0.833784044813599
"TLN1",1.53536314157599,0.0503026587510061,19.6002626952591,0.0203534224241033,0.282209774000386
"TM2D1",4.38383610338841,0.283953278850342,13.3154552181672,0.0288468391402186,0.510141008305969
"TM2D2",2.75565519741109,0.239572075724685,18.9749238116611,0.0256864275105602,0.590206683407379
"TM2D3",2.97238606870203,0.162057281975382,18.3810687884078,0.0226447320911591,0.448135986092331
"TM7SF2",0.252914773957497,0.0977365104980055,37.9840008435992,0.0114310436468162,0.88622754491018
"TM7SF3",0.949884852670015,0.0757718594602098,28.6996138067316,0.0155193691237958,0.584315240486768
"TM9SF2",1.75319857945516,0.0734003493763346,20.8161050080618,0.0197513532813047,0.359281437125749
"TM9SF3",3.99732850408437,0.277263558578995,14.522304952753,0.0283737472673628,0.53138883523276
"TM9SF4",2.9845893858386,0.34647986355717,16.8270073592973,0.0327472857929802,0.700212478269268
"TMA16",3.68726767911282,0.371175120610512,14.6311350266249,0.0346175413083508,0.67867490824802
"TMA7",5.8562554778679,0.0502978741068916,8.81431882122303,0.0262172938539532,0.0161290322580645
"TMBIM1",2.24949004944951,0.113146253696739,19.9269416995555,0.0207410969506,0.405736913270234
"TMBIM4",2.08707996780474,0.299407202981468,20.712387728209,0.0291352444196657,0.732277380722426
"TMBIM6",2.76748891387318,0.0366506853726552,12.3415965570035,0.0247938835673398,0.0611357929302685
"TMC6",0.981618220593575,0.100971730741167,28.9501314546716,0.0161628070319144,0.634827119953641
"TMCC1",3.47543949816121,0.550661690995316,10.0347360577614,0.0499845923028435,0.825188333011397
"TMCO1",4.36416207931119,0.147813654911946,12.9718071486958,0.0241217067291268,0.282596098126328
"TMCO3",1.91422900149039,0.170549753751555,23.3813694586296,0.0212486246708786,0.597450260768785
"TMCO6",2.45123420115269,0.53370816238534,12.3235879749903,0.0488728530727229,0.865172880046359
"TMED1",1.39695551316895,0.143366276929664,26.2901284059286,0.0190030916711919,0.63231601313502
"TMED10",3.00515816830245,0.0552815708387975,14.1213050271645,0.02345042373456,0.146899748889318
"TMED2",2.75090350452499,0.0441674393206327,14.3372592673894,0.0235109800756213,0.13106045972571
"TMED3",1.02228884233628,0.0268005049875726,23.0698418688035,0.0183152366517291,0.336101989569249
"TMED4",3.97073371174319,0.183571598073384,14.895544552477,0.0243787617165338,0.391829244736334
"TMED5",2.00128753687243,0.142739032285827,21.9191078696235,0.0206614398528939,0.510623913463396
"TMED7",1.38856490277563,0.243109667677276,25.1928436687447,0.0246855334679586,0.765404674521924
"TMED8",1.18996361728636,0.323391654268958,23.6327860683413,0.0307404376496208,0.850589144292061
"TMED9",1.92113083442626,0.048165387529898,17.7848983719915,0.0214574579918662,0.229379949777864
"TMEM101",4.78094611410905,0.420492098644682,11.0842214266644,0.038164890107745,0.657716824415685
"TMEM106B",2.1510130129454,0.152053428468579,21.8588958526287,0.0210544745222262,0.525014487154723
"TMEM106C",0.754116236575412,0.04584868092358,29.1617580895919,0.0145556329914541,0.544620436546262
"TMEM107",0.729003103483567,0.0925330200494017,31.3814808378949,0.0146097946153671,0.689105659648445
"TMEM109",2.25147150853906,0.108486444463768,19.5566608807179,0.0208103287827534,0.387386517288005
"TMEM11",7.46253338510969,0.519550177131301,5.18661684022577,0.0456228290357528,0.641201468031679
"TMEM115",3.29783604198014,0.34932120142734,15.7165733448665,0.0329224460880624,0.674715085957118
"TMEM116",0.631978244347088,0.212915811772062,30.6449236801512,0.0213940613927489,0.868166892022407
"TMEM120A",1.52169137317702,0.13145229320324,25.1277362337082,0.0190060732334534,0.579969094069925
"TMEM120B",1.81838772301655,0.478950275795888,15.713030925149,0.0441279242651149,0.875603631446784
"TMEM123",1.18772485185925,0.0233113343592306,19.5827575291867,0.0206239528451042,0.230152598029747
"TMEM126A",6.26966580302787,0.406115418992264,8.56949544100903,0.0367998395725943,0.5695383426695
"TMEM126B",3.39354668217247,0.273566270913426,16.4524839771031,0.0279473441076021,0.576685338999421
"TMEM127",1.77205405056428,0.255650989003695,22.8715999706026,0.0259021314289342,0.721750048290516
"TMEM128",6.59121136618191,0.561839173124135,5.53289935629605,0.0497853336148353,0.711319296890091
"TMEM129",3.24197506276351,0.507634315150271,11.7865269636663,0.0460960133965068,0.808962719721847
"TMEM131",1.79939034343138,0.277325622032225,22.4348701132108,0.0274233591089779,0.744350009658103
"TMEM134",1.62093696434644,0.0756908785878794,22.883197533863,0.0187106808429416,0.421286459339386
"TMEM135",0.990991608282835,0.233865969903543,27.6314957164241,0.0235544844671518,0.818041336681476
"TMEM138",2.03038806568679,0.224868481995125,22.1775842348685,0.024216955906334,0.653274096967356
"TMEM140",0.340704233002368,0.0762808241295933,36.7873213027727,0.0109981172091265,0.815819972957311
"TMEM141",2.14054730546604,0.10944937319922,21.1250571168777,0.0201776833538658,0.432489858991694
"TMEM147",2.74156038790939,0.0900361798493418,16.9364394828492,0.0218671125269228,0.284914042881978
"TMEM14A",1.33614506379842,0.0614112780800171,24.1661788040963,0.0178073459755805,0.431330886613869
"TMEM14B",4.4650706139518,0.164068110626693,12.781614926246,0.0244639616113468,0.304713154336488
"TMEM14C",5.58307900056002,0.109880456108431,10.4788197175073,0.0248437099695092,0.159455282982422
"TMEM150A",1.93097462022748,0.276238600811433,22.2196298357026,0.0274309957116303,0.73662352713927
"TMEM160",3.82585129982832,0.175360489080084,14.7586068428304,0.02411616131695,0.374154915974503
"TMEM161A",1.58577745447982,0.229955563473546,24.6982430054423,0.0239945999941877,0.730538922155689
"TMEM161B",3.49865781735035,0.701279093873443,4.61107079350877,0.0647685595661199,0.901101023758934
"TMEM161B-AS1",1.89239418682496,0.390234958343825,18.927275978864,0.0363413026477007,0.825767819200309
"TMEM165",2.35918575125147,0.0762641046346738,17.3639235815772,0.0215771402781243,0.270426888159166
"TMEM167A",3.57747066216434,0.150373503690029,15.1537368775005,0.0233764875441659,0.342572918678771
"TMEM167B",4.40597752026767,0.41601664722223,11.9261234055815,0.0378955105459251,0.673749275642264
"TMEM168",2.45349805613901,0.412417048378921,16.4953826090734,0.0380432625797927,0.793316592621209
"TMEM170A",3.21927537926093,0.409630087117885,14.5495721168244,0.037588468668719,0.735657716824416
"TMEM175",2.72865484504129,0.344255315923061,17.4440876820242,0.0325337134634037,0.713637241645741
"TMEM179B",4.90666001695728,0.127695354552827,11.3114682705696,0.0244977968353823,0.207166312536218
"TMEM18",3.4262513852705,0.204558177373225,17.4034036023083,0.0245225732288341,0.492273517481167
"TMEM181",1.04465601990337,0.191406075063912,28.365977992799,0.0206830611439593,0.769461077844311
"TMEM183A",4.14291674715464,0.202522071086617,14.8724388595472,0.025063060624461,0.422445431717211
"TMEM184B",1.46697337264417,0.174780694049608,25.6921678251564,0.0206339791255255,0.667954413753139
"TMEM184C",4.75360136065913,0.626716572461411,6.00682833733427,0.0567891381175814,0.822966969287232
"TMEM185A",2.32498490443285,0.407723065039682,17.0199905092236,0.0376926105325791,0.80046358895113
"TMEM185B",4.06544343104804,0.558320270136052,9.05368519488345,0.0505422252950094,0.807803747344022
"TMEM186",2.7440535366943,0.537778454375705,11.7930341057631,0.0491971661857853,0.855707938960788
"TMEM187",2.22339334536604,0.454668783741752,15.7939158510116,0.0418296678506686,0.839385744639753
"TMEM189",2.08180554723481,0.335651007639622,19.9750290089255,0.0318792248650014,0.76907475371837
"TMEM19",1.48308414720749,0.285824407898557,23.5586482644188,0.0278709559198229,0.788777284141395
"TMEM192",1.35117008298699,0.305167437830422,23.6094809199015,0.0293150893680203,0.820938767626038
"TMEM199",4.89719604733073,0.518819455651311,8.6929811748312,0.0464154285086576,0.738361985706007
"TMEM203",4.57048550298895,0.616677194966484,6.60236345373515,0.0559436844805239,0.825091751979911
"TMEM205",1.58507658454677,0.0916559919585162,23.382638751189,0.0186892638328943,0.463009464941086
"TMEM206",1.14840746761799,0.308241071384775,24.439114656833,0.0294930835860648,0.848754104693838
"TMEM208",2.91694351448733,0.120749597749864,17.8955313174136,0.0218325118889788,0.365269461077844
"TMEM209",2.38427983684389,0.451257708450638,15.5214084826863,0.0414625662215043,0.826443886420707
"TMEM214",2.43293734449261,0.234841869093812,20.6789365864836,0.0251452193943553,0.628645933938574
"TMEM216",3.61455371299253,0.370004588303764,14.5628464262584,0.0344577420068814,0.675294572146031
"TMEM218",6.15452273689289,0.595987744822137,5.24012151567416,0.0531691047228924,0.753042302491791
"TMEM219",5.56905812026763,0.0974667517805968,10.0661973180591,0.0250164901895172,0.127486961560749
"TMEM222",3.0890936008854,0.324865864526897,16.9628483930405,0.0311953604569014,0.670368939540274
"TMEM223",4.52688009921839,0.382048824441561,12.2868005183833,0.0352827253316641,0.632412594166506
"TMEM230",4.3939929647302,0.125044916877288,12.3973791801412,0.0240531043502427,0.229186787714893
"TMEM234",2.95546627772991,0.516074317432891,12.0580258415491,0.047010325431502,0.829727641491211
"TMEM237",1.18146742619175,0.255986478330498,26.098047273294,0.0254071018279625,0.811087502414526
"TMEM242",3.90264189903175,0.480561151571709,11.2733267721242,0.0433645750701872,0.753332045586247
"TMEM243",1.62534921589506,0.133361434558167,23.7769478380708,0.0195841808670792,0.545586246861116
"TMEM245",2.06022459807564,0.285728005475413,21.0480646983336,0.0281454062518406,0.719818427660807
"TMEM248",3.88343639896299,0.205559827677988,14.5427058829704,0.0250862702068335,0.417712961174425
"TMEM251",0.702025756571651,0.193702985751694,30.7828925556444,0.020085795205094,0.840737879080549
"TMEM254",2.5601804121328,0.386945695133196,17.18415977851,0.0359798429883904,0.772455089820359
"TMEM256",3.08527429047088,0.125310770291285,16.5796939726536,0.0223910419249429,0.337357542978559
"TMEM258",5.00476319946315,0.0542699662998637,10.0196881788837,0.0255733171131273,0.0481939347112227
"TMEM259",3.30367235199664,0.264958256192967,16.4052995464962,0.0274043007976889,0.561811860150666
"TMEM260",1.87488710266122,0.443830703040964,16.8951641927216,0.0409349114850218,0.853583156268109
"TMEM263",1.30549266730805,0.140695937622998,27.0133725851335,0.0186051202666808,0.647962140235658
"TMEM30A",2.35773632382887,0.113570485681186,19.1921152106585,0.0210618972329767,0.38642070697315
"TMEM33",2.73970204608283,0.318778220501374,18.1317676858648,0.0307054178054336,0.692485995750435
"TMEM38B",0.668272787510966,0.178249890734658,31.4635955273061,0.0188945543708059,0.834556693065482
"TMEM39A",1.51958012064927,0.212425628133466,25.1530393021993,0.022818741995656,0.71469963299208
"TMEM39B",3.29881083725225,0.437605605133812,13.7458233259438,0.0399307555944484,0.756229476530809
"TMEM41A",2.94214871306247,0.342624859246968,17.2162516300525,0.0324986163036311,0.704655205717597
"TMEM41B",2.40113578089104,0.366333829274089,18.0932509834905,0.0342980971430038,0.765501255553409
"TMEM42",4.53628563912847,0.532215649141375,9.18190735695843,0.047961045858624,0.77139269847402
"TMEM43",1.79342466768683,0.142203439461963,23.5274861991354,0.0200455905666609,0.553988796600348
"TMEM45A",0.353467785961732,0.028937858610474,34.9221942587083,0.0104134794485836,0.680413366814758
"TMEM50A",4.20752359724204,0.0802860314566861,11.0235313901275,0.0246464313074933,0.113965617152791
"TMEM50B",2.24750991066291,0.14330286944764,20.7838323221782,0.0211359516794199,0.480780374734402
"TMEM59",2.43689898325451,0.037849586654712,13.9040860469656,0.0238726486225225,0.104597257098706
"TMEM60",3.37500880297203,0.316180930929724,16.0154524292509,0.0306028771268987,0.631543364883137
"TMEM62",0.954168070587464,0.251724575840951,27.3004728816268,0.024862821899896,0.837647286073015
"TMEM63A",0.982256541323901,0.172922337330169,29.1692836522488,0.0193698969121165,0.761541433262507
"TMEM63B",1.6613358183287,0.258355364195385,23.8195906897359,0.0259897839640557,0.751979911145451
"TMEM64",0.721732230314243,0.222981452329029,29.6951254270857,0.0223312072656973,0.857929302684953
"TMEM68",0.240652420199586,0.0400255946977854,38.2859476213795,0.00854582731460115,0.797179833880626
"TMEM69",1.99382642564889,0.258783475085062,22.1362080509719,0.026273875211627,0.706586826347305
"TMEM70",1.78089227897091,0.132557135852286,23.5121319167217,0.019727385571942,0.537280278153371
"TMEM80",1.16419877183438,0.223565571379739,26.8994388620513,0.0230499803886681,0.781050801622561
"TMEM87A",1.2777079623839,0.0889294193253185,25.6983370764495,0.017445411863941,0.522696542399073
"TMEM87B",2.05017757658654,0.222793834081527,21.9432900475411,0.0241361088416606,0.643519412787329
"TMEM8A",1.08584163579413,0.275772339067679,25.8363188885271,0.0268537273042533,0.835619084411822
"TMEM9",1.21781927589615,0.0714689440368957,26.1051789671988,0.0168769545665947,0.503766660227931
"TMEM97",0.882590510655054,0.192480810542902,29.736923003638,0.020355317250628,0.809445624879274
"TMEM99",1.0698438311143,0.121909453711945,29.3034632812312,0.0168645452373506,0.680509947846243
"TMEM9B",4.15340771099936,0.204323241738262,13.8987909433655,0.0252276994746495,0.399169403129225
"TMF1",3.46032050722932,0.22872553842878,16.1570524821656,0.0256755741374707,0.497585474212865
"TMLHE",2.56361050777772,0.487344588378411,13.8964366198188,0.0446189811175071,0.836971218852617
"TMOD3",2.54294937579981,0.134905931037471,18.6353115206266,0.0217076477190546,0.408054858025884
"TMPO",0.534795137210844,0.0468774974456729,32.0174651141877,0.012766652027906,0.628066447749662
"TMSB10",2.53578040324565,0.00219846512197359,12.5038001502126,0.0258649442633614,0.000482905157427081
"TMSB4X",0.990534891416832,0.00115633657759,16.0674192156681,0.0235781867318442,0.0851844697701371
"TMTC4",0.624732318975239,0.289430509094927,27.6027106992342,0.0276637307610527,0.906702723585088
"TMUB1",3.35828769793053,0.202027395167571,16.780391760724,0.0244626154599895,0.471122271585861
"TMUB2",4.20664995359748,0.377286853987544,12.6868889251386,0.0348434920497934,0.636275835425922
"TMX1",2.8503592127967,0.176116436185127,18.1459840694048,0.0230783108160207,0.464554761444852
"TMX2",3.144354788651,0.338770008421171,16.3751080094347,0.0321590096403861,0.676163801429399
"TMX3",2.0241457645319,0.290969683797803,21.0440692514071,0.0284977306764561,0.728027815337068
"TMX4",1.62706623942697,0.129614813119333,23.9029057102084,0.0194240839792169,0.542785396948039
"TNFAIP1",0.840346808315402,0.143737701950965,30.593091657356,0.0172735451535508,0.753138883523276
"TNFAIP3",0.225776018417455,0.00848359471490279,33.8366116938113,0.0106756337789597,0.612130577554568
"TNFAIP8",0.569002959332887,0.0559794618349504,32.123448585306,0.0129539551796393,0.647092910952289
"TNFAIP8L1",0.303215829485728,0.107478701617605,36.9397031733866,0.012488751585644,0.872609619470736
"TNFRSF10B",0.828151178359624,0.182307939858865,29.99616001098,0.0196174906715861,0.800077264825188
"TNFRSF12A",0.212231130679041,0.0112744169861785,35.83227107626,0.00930324681274394,0.675487734209001
"TNFRSF14",1.11838398447652,0.0606881719898235,24.9698801647449,0.0172860527614146,0.451902646320263
"TNFRSF1A",1.70968202688796,0.0544879294768785,19.8463694850077,0.0202336158546536,0.297952482132509
"TNFRSF21",0.264381232874829,0.0440496441129008,37.8470882678259,0.00898709116694139,0.791384971991501
"TNFSF10",0.327917466295408,0.00682413577663491,28.7508479731192,0.0143371473504423,0.460691520185436
"TNFSF13B",0.230979855444395,0.00741274331895268,33.7359696470078,0.0107344186008023,0.607301525980298
"TNIK",0.240690592910041,0.0835900790706488,38.3991816026125,0.0104542342581355,0.874444659068959
"TNIP1",2.14592399736139,0.1157897639642,20.2930182899134,0.0206108695180673,0.420030905930075
"TNIP2",1.89354216858908,0.175867663884584,22.9884837718324,0.021555864264219,0.595325478076106
"TNK2",0.899466433255187,0.206720257735329,28.9178089433103,0.0214484300059254,0.809831949005215
"TNKS",2.3633060312052,0.393759861744917,17.2422976878013,0.0364837968727703,0.785010623913463
"TNKS1BP1",0.802506536250014,0.101270916432445,31.0919668580567,0.015122711807829,0.695866331852424
"TNKS2",1.88531360801383,0.202192222206092,22.7118114163284,0.0228447665332185,0.630963878694224
"TNPO1",3.57899408344278,0.28298306159918,15.5699396096553,0.028547034560059,0.567993046165733
"TNPO2",1.81161128348746,0.355716272000711,20.2861795666282,0.0334662952981163,0.809155881784817
"TNPO3",3.35536208009142,0.39161752082274,14.7660693662182,0.0361575792762142,0.713830403708712
"TNRC18",2.24943210930268,0.313641563873354,19.7367254363473,0.0302119173481165,0.728124396368553
"TNRC6A",2.98753692117555,0.327736885975529,16.9390681911505,0.0313377867073867,0.674328761831176
"TNRC6B",1.75980372814971,0.0894345538940731,21.9912535924658,0.0193481173492698,0.420610392118988
"TNRC6C",0.641724290810483,0.168773569818586,31.8107334262286,0.0181873839660896,0.828761831176357
"TNS3",0.663777316523646,0.0613401746194212,31.2068231866441,0.0136655294552149,0.630287811473827
"TOB1",0.883227807051022,0.0785111794786747,29.5988640056246,0.0151037685706855,0.614545103341704
"TOB2",1.66434456245083,0.15571491488338,24.6769398388115,0.0201480765729415,0.608363917326637
"TOE1",1.86492676168378,0.510185180383908,14.3377271351681,0.0469596785471202,0.886034382847209
"TOLLIP",2.6498547251251,0.222484982292444,19.7953215986699,0.0246797928486185,0.584894726675681
"TOM1",2.01918346368191,0.167249063794651,22.7277813282922,0.0213249063791473,0.574077651149314
"TOM1L2",1.30866864532884,0.319037301331052,23.286053080877,0.030411412743616,0.834073787908055
"TOMM20",1.99038242334531,0.0320224350640867,16.1033540705737,0.0226967827127792,0.152791191809929
"TOMM22",4.36937511119129,0.126720602565935,13.7839052773601,0.0236577948582132,0.269750820938768
"TOMM34",1.43243706627783,0.228538923108187,25.5030216997085,0.0237201200023809,0.750434614641684
"TOMM40L",4.24922735759304,0.715663790303542,3.60461607639117,0.0661083623090305,0.889414718949198
"TOMM5",3.00597947701063,0.0839489173452547,15.5781938020131,0.0225089394576405,0.238072242611551
"TOMM7",5.32829841117021,0.0470568152995881,9.44060005226957,0.0260094211769505,0.0227931234305582
"TOP1",3.58048044653227,0.123991246025087,14.3330134394647,0.0232434798287715,0.275738844890863
"TOP1MT",0.666068202208802,0.103505301368711,32.7743395224486,0.0143851639669232,0.747344021634151
"TOP2B",2.28481921325992,0.281449812696027,20.2614567963241,0.0279558311033761,0.691616766467066
"TOP3A",1.75155570948689,0.487683556815439,15.4655245138744,0.0449302112080167,0.882557465713734
"TOPBP1",1.80422696971114,0.241123803484691,23.2158931382344,0.0249641089780568,0.707842379756616
"TOPORS",2.87494655551329,0.342383762328645,17.1078767204326,0.0324129232703359,0.701564612710064
"TOR1A",2.63093335348094,0.290511753983499,18.7093476129406,0.0286968838962046,0.663898010430751
"TOR1AIP1",3.43882091823921,0.286914299713839,15.8145955788635,0.0287212035714991,0.580645161290323
"TOR1AIP2",2.58697153217214,0.290569139960999,19.1588551122742,0.0287078262675134,0.676067220397914
"TOR1B",1.34351600689159,0.261934794580477,24.8414759020675,0.025997512374458,0.785976434228318
"TOR2A",1.19677341448115,0.230567001789495,26.4762857550535,0.0235896055530206,0.78066447749662
"TOR3A",1.27030366923387,0.106237244028677,26.6809779761033,0.0174619173094924,0.580258837164381
"TOX4",7.3111862339504,0.412008685975087,6.05692040194918,0.0367371167508874,0.513231601313502
"TP53",2.53164556970165,0.351306426039395,18.1671610073397,0.0331293440706002,0.744060266563647
"TP53BP1",1.0654269049467,0.207938575194003,27.7537377000026,0.0218389091502576,0.779408924087309
"TP53BP2",1.05692337350815,0.169975037747592,28.799789883834,0.0193502620561328,0.746378211319297
"TP53I13",2.10129336141766,0.175927118654964,22.017614178924,0.021887441792199,0.568958856480587
"TP53I3",0.994255707180233,0.125436039492231,29.5084275381624,0.0168893191097001,0.692099671624493
"TP53INP1",0.505121764665854,0.139876468283415,33.7616609538566,0.0157453338497419,0.836101989569249
"TP53INP2",0.470249153007724,0.221863846593584,31.3729716326477,0.0218226234282449,0.903129225420128
"TP53RK",2.11029723624712,0.281762999616483,21.2575528400738,0.0279091154206388,0.719142360440409
"TP53TG1",1.04313697317967,0.111704250640883,28.5873999997583,0.0167308278364629,0.642939926598416
"TPCN1",1.04519511840479,0.184927456333202,28.4000795817537,0.020289344952914,0.75980297469577
"TPCN2",0.922676593969947,0.342654689112948,24.0104778017112,0.0323293727331102,0.891732663704848
"TPD52",0.747671882205669,0.0613351196657877,30.9955580678313,0.0138278761297075,0.624492949584702
"TPD52L2",3.56603214163956,0.169344866178899,16.6463269687745,0.0234893668377179,0.414718949198377
"TPGS2",2.5407630267555,0.175334969488383,20.3363970357309,0.0224545511846492,0.522599961367587
"TPI1",2.26125837076907,0.0129591912285534,12.8065235421491,0.0252853180316902,0.0260768785010624
"TPK1",0.589423491979821,0.260825185898215,28.9912953113959,0.0252174137373802,0.899459146223682
"TPM1",0.350382877346173,0.00498579002961317,26.4830006347756,0.015976495490723,0.39105659648445
"TPM3",2.25128066292239,0.0263074632677396,14.0126031082248,0.0241050514325011,0.0849913077071663
"TPM4",1.54141327452329,0.0135646958467595,14.7855955119712,0.0240138157369288,0.0767819200309059
"TPMT",1.50116678676368,0.200841490331602,25.4164940275134,0.0220939203789027,0.70310990921383
"TPP1",0.961451658903817,0.0534064944594271,26.228955509001,0.0164483964619479,0.474406026656365
"TPP2",2.91810298747424,0.310982840214717,17.3830848554731,0.0301515954471804,0.660227931234306
"TPR",3.62653832420352,0.116579962946366,13.7703516870245,0.0233870787146098,0.247923507823064
"TPRA1",5.83431992876275,0.401052735434582,9.39273602927948,0.0364931478086294,0.583832335329341
"TPRG1L",1.69030342592315,0.35322940999612,20.8360480668801,0.0332743322419854,0.820359281437126
"TPRKB",3.51816804494698,0.268739104638151,16.3338062915896,0.0277358826344248,0.565964844504539
"TPST2",0.636000097194587,0.0560321762196671,30.9908041945411,0.0136376501235705,0.614738265404674
"TPT1",3.38654785962177,0.0049471732225799,12.0044779297709,0.0259914795135663,0.000482905157427081
"TRA2A",2.51346600599964,0.228448656874638,19.9114232778084,0.0248981830641024,0.59754684180027
"TRA2B",3.9685336190023,0.16271760770385,13.5563151280848,0.0241131608501572,0.321228510720495
"TRABD",2.61999907296143,0.132687025919776,18.8001786220178,0.0216408000808088,0.409213830403709
"TRADD",2.4624275949204,0.172955672914389,20.240682206444,0.022345945487368,0.515839289163608
"TRAF2",0.867842824759575,0.173068443545611,29.9999990152102,0.0190876845413199,0.785010623913463
"TRAF3",1.34711595577864,0.257052952314738,24.932536392376,0.0256447604819274,0.78066447749662
"TRAF3IP2",1.25464875730602,0.280617852394174,24.9865099966929,0.0273479447342919,0.819779795248213
"TRAF4",0.672921221732383,0.0566499147275981,31.7023611307444,0.0132690213410591,0.636468997488893
"TRAF5",0.683911203513165,0.151136791864569,31.7019228307165,0.0172050490634063,0.796600347691713
"TRAF7",2.86005916167195,0.160767958210694,19.2552539436548,0.0223498221898552,0.469673556113579
"TRAFD1",1.33560107699083,0.183565253378035,26.2488575071945,0.020875675371235,0.697797952482132
"TRAK1",1.25379041624632,0.288004182301345,24.5813073721822,0.0279170091504722,0.820455862468611
"TRAK2",1.10220331907493,0.226362712880328,27.1151909095905,0.0231681532122138,0.791578134054472
"TRAM1",2.11726440836012,0.05289176098183,16.610312161763,0.0220740561392027,0.205910759126907
"TRAP1",1.49808265792074,0.12305842233505,25.6893509554571,0.0185080204354201,0.581514390573691
"TRAPPC1",3.69963353505079,0.095152429264554,12.2784130610435,0.023943731771843,0.17046552057176
"TRAPPC12",3.21816812259933,0.394878202256818,15.1445841464969,0.0364782106707464,0.728993625651922
"TRAPPC13",2.33472667803872,0.554463673211229,11.6640203132447,0.0508377082691921,0.87927371064323
"TRAPPC2",0.887063461236714,0.254089162491157,27.5695372966006,0.0249780596376319,0.848947266756809
"TRAPPC2L",4.72546850372229,0.245640096287154,12.5575911988148,0.0271093200334123,0.430654819393471
"TRAPPC3",5.23933944949431,0.219291073519322,11.7995233550424,0.0263372358995867,0.370291674715086
"TRAPPC4",2.06047860733999,0.212473561430756,21.9656628424825,0.0235853242637663,0.627390380529264
"TRAPPC6A",1.17119324745356,0.0880146880504851,27.2039720303863,0.0166710527431938,0.563550318717404
"TRAPPC6B",2.71145434688937,0.375413993893055,16.6885001710367,0.0349198499174876,0.741452578713541
"TRAPPC8",4.30262604472952,0.534228475398818,9.15894969139775,0.048030486377266,0.77496619663898
"TRAPPC9",1.09432623917882,0.218991449599193,27.5290630122208,0.0226159752287016,0.791095228897045
"TRIAP1",5.31467740695508,0.389525426000826,10.5070923240961,0.0357195627173371,0.59629128839096
"TRIB1",0.400958517626845,0.0398619273111934,34.7106868887612,0.0108689334727153,0.693451806065289
"TRIB2",0.412718355337489,0.0728212669435822,35.6122045583265,0.0115154153299679,0.776221750048291
"TRIB3",0.122671744161487,0.025452005959167,41.2817779787579,0.00594574566109703,0.859281437125748
"TRIM11",2.76435804302568,0.383377602775416,16.6313039297152,0.0356334341017253,0.751883330113966
"TRIM13",2.08172108177578,0.322793585448009,20.1549493609123,0.0308653329537942,0.753911531775159
"TRIM22",0.53410460014324,0.029725294833075,29.9049888825974,0.0137725166876709,0.536604210932973
"TRIM23",1.36529613757095,0.412991400490887,19.4889193666554,0.0383771495082567,0.877535252076492
"TRIM24",1.67989390548997,0.356252303464054,20.7756569277463,0.033524547956772,0.823449874444659
"TRIM25",1.2340424389487,0.177132809055201,27.1072716141316,0.0202732661665697,0.711029553795634
"TRIM26",2.47173783499149,0.304723679342715,19.2056768725068,0.0296357507137512,0.699632992080355
"TRIM27",2.77887173413959,0.233684886365297,18.9271361243443,0.0253909972401178,0.579486188912498
"TRIM28",1.97531198906386,0.160027241042841,22.4780986669075,0.0210814870049802,0.555051187946687
"TRIM33",3.20016116964891,0.40618739575898,14.6899399633936,0.0373160577133915,0.734209001352134
"TRIM37",1.98670033550259,0.363544504984111,19.3995007302649,0.0340841597495002,0.79708325284914
"TRIM38",0.801373914676697,0.0947067063213067,30.4471573850406,0.0151664350431372,0.666312536217887
"TRIM4",2.05428556182957,0.247170509509535,21.7643690406527,0.0255793620630661,0.677902259996137
"TRIM41",1.64331087481894,0.397598210992581,19.3122193806293,0.0369872137054511,0.848174618504926
"TRIM44",2.16919811675718,0.138764117097704,21.3490411157902,0.0207992405517073,0.488603438284721
"TRIM5",0.885972675765428,0.212492380829572,28.8233900882278,0.0218408113753856,0.816592621209195
"TRIM52",1.18255548322206,0.402464129909373,20.5050084922992,0.0375043146897773,0.889221556886228
"TRIM56",1.5787665061101,0.109610607725023,24.0680693599252,0.0187773425992207,0.513231601313502
"TRIM69",1.06567849321101,0.117155827410924,28.2149163393346,0.0170948618822213,0.641684373189106
"TRIM8",1.03158950452987,0.155450867495069,28.5792903279927,0.0186267288136611,0.716148348464362
"TRIO",0.898349220593736,0.132552504092355,30.0548045720874,0.0169477035957378,0.71933552250338
"TRIOBP",1.05793277181719,0.120705936734949,28.6519242335866,0.0170571283990656,0.660034769171335
"TRIP10",1.28365435354159,0.18071236820308,26.7834985775419,0.0205719138578564,0.707938960788101
"TRIP11",1.85363983793159,0.220217426743762,23.1881152634035,0.0237366647040171,0.673362951516322
"TRIP12",2.48452861188601,0.203982528175986,19.7888749087317,0.0237025600112915,0.554471701757775
"TRIP4",6.12566641359611,0.720018645775762,2.29295355730506,0.0661407842473314,0.847208808190071
"TRIP6",0.978130252556558,0.0604994117941163,27.5768112966006,0.0158032192771257,0.525690554375121
"TRIQK",0.83767347460857,0.112343343920115,30.9505435869413,0.015660188101392,0.710643229669693
"TRIT1",1.21832748365428,0.32213324264259,23.6625278563558,0.0306563860788119,0.849333590882751
"TRMT1",2.27205797559057,0.229656147416777,21.1725977403076,0.0247221590091934,0.633668147575816
"TRMT10A",1.10717864077016,0.368621460254704,22.2675328788083,0.0345834629679681,0.884489086343442
"TRMT10B",2.67803967657802,0.390430099403195,16.6995310240166,0.0362250084569249,0.764632026270041
"TRMT10C",3.07459671724368,0.287806505180141,17.5316244393487,0.0287027481959803,0.627873285686691
"TRMT11",1.60095327551834,0.355313059569335,20.9902186676575,0.0334279596497316,0.827989182924474
"TRMT112",6.68572127076407,0.105359699949948,7.38783264722278,0.0259398323858734,0.0766853389994205
"TRMT13",2.06551294221896,0.443331455647606,16.4598334674969,0.0408325244917443,0.840544717017578
"TRMT1L",2.2368947100574,0.414118371987183,17.0766225181428,0.038266789895844,0.811956731697895
"TRMT2A",6.80801866457309,0.559426848212838,5.32166254846007,0.0494809069298179,0.701757774773035
"TRMT6",3.09977167318034,0.441419789989997,14.3078045698019,0.040415114249985,0.777187560363145
"TRMT61A",3.13808264549761,0.495051140435361,12.5547783142975,0.0451005535366141,0.81079775932007
"TRMT61B",2.65528643742772,0.388539499372654,16.7394792217484,0.0360518397053457,0.762893567703303
"TRMU",5.75090274777083,0.585102850463059,6.05913679462297,0.0523499405095783,0.760672203979138
"TRNAU1AP",4.44662340453214,0.349925012462601,12.6693510147122,0.0329320411601746,0.594263086729766
"TRNT1",1.53600837318848,0.213127495184072,24.9714430375105,0.0228960705483931,0.710836391732664
"TRPC4AP",3.05101414248176,0.279594524976719,17.3956856710566,0.0281603912284705,0.611357929302685
"TRPM7",2.53103469507419,0.324893702388037,18.3352054015808,0.0310583027151245,0.70774579872513
"TRPT1",2.78314365178109,0.198764712248183,19.2538209624233,0.0237110792414215,0.531871740390187
"TRPV2",0.313234750188027,0.0666329755783172,37.2793526766706,0.0102806033121464,0.813598609233147
"TRRAP",1.07164552386435,0.180633381919446,28.2855544978947,0.0200843781473455,0.749565385358316
"TRUB2",4.25616731384576,0.483407795189569,10.8091936062142,0.0436193143938872,0.744060266563647
"TSC2",3.6843661968342,0.413522210046262,13.4405301413671,0.0378213055883783,0.711222715858605
"TSC22D1",0.498335239597278,0.0155301432960847,28.1436134915974,0.0148301718958114,0.459725709870581
"TSC22D2",1.2386033175261,0.198126293337011,26.8549501195708,0.0215094457150032,0.738458566737493
"TSC22D3",0.484977608826038,0.0151506676667501,27.1506181638586,0.0155070880166511,0.429978752173073
"TSC22D4",1.74652825742847,0.0946050035835495,22.1038596253735,0.0193675559150288,0.432683021054665
"TSEN15",2.29499271965422,0.196322490615315,21.3843916837516,0.0230107713563645,0.585377631833108
"TSEN34",3.11603513857189,0.158869989161651,18.0453989117746,0.0226952135756524,0.434131736526946
"TSEN54",1.64432028726404,0.219358128924958,24.3655411041738,0.0234155352910096,0.704268881591655
"TSG101",6.91881669931768,0.41200239482024,6.79833496690313,0.0368558426682144,0.532354645547614
"TSN",4.77458638684466,0.34339383299178,12.2657822555035,0.0325631770835489,0.573594745991887
"TSNAX",3.74988951452916,0.552505189502527,9.65211562209862,0.0501002489971677,0.816496040177709
"TSPAN14",1.31791792952267,0.106391090565486,25.5301836059282,0.0179696977933182,0.548097353679737
"TSPAN17",1.85591214545015,0.311060042795269,21.4434791143467,0.0299415629323093,0.770620050222136
"TSPAN3",0.99888259517947,0.0363369189556572,23.6569835762879,0.0179012325701082,0.370098512652115
"TSPAN31",2.76644277745963,0.33683694927187,17.4408764308637,0.0319754300979124,0.702047517867491
"TSPAN4",0.777656770043849,0.0356715799086123,27.1184282190841,0.0156906400647939,0.467645354452386
"TSPO",1.74572428747684,0.0146039713199773,14.6580919303088,0.0240576945939082,0.0770716631253622
"TSPYL1",1.37401786015257,0.184194055731871,25.9952004560274,0.0209882887646643,0.691809928530037
"TSPYL2",0.424371738645089,0.0655448747845553,35.1910788227248,0.0114594025614406,0.751690168050995
"TSR1",3.07201486033242,0.403477521387599,15.4168673381195,0.0372446512962214,0.74946880432683
"TSR2",5.40833698772544,0.376178763271326,10.3611512991011,0.0347149673293233,0.572725516708518
"TSR3",3.45751693852419,0.414914914642438,14.1461112052362,0.038072177766586,0.732277380722426
"TSSC4",3.70497977622728,0.277267481807775,15.5385054457393,0.0282838310628043,0.558238361985706
"TSTA3",1.32145112267034,0.0827722074414012,25.5059562131066,0.0174278220343981,0.506760672203979
"TSTD1",0.746986201376529,0.0223040847149749,26.1949661357623,0.0162272833034604,0.416747150859571
"TTBK2",1.03992862344985,0.310199688406089,24.7274810368185,0.0296035713415404,0.859957504346146
"TTC1",4.96096623818317,0.328824253874102,11.4365963876448,0.0315154481829392,0.529940119760479
"TTC14",1.02598013297178,0.122632830356636,28.5938834741565,0.0171364991117883,0.661580065675101
"TTC17",3.25678125708076,0.256721135953402,16.6594013946039,0.0269329792053546,0.555534093104114
"TTC19",2.55826956485356,0.273265990072942,19.4791766739923,0.0275563233324413,0.657427081321229
"TTC27",2.70705861347575,0.571744480893221,10.4998445563159,0.0523603771969974,0.872126714313309
"TTC3",1.71238201147678,0.0417722419261559,19.1477467637634,0.0207180237972259,0.255263666215955
"TTC31",4.00668108705477,0.62074673740424,7.01577681708076,0.0564969504814092,0.844987444465907
"TTC33",1.42463484252651,0.396546069490005,19.9946180797748,0.0369339988947565,0.865559204172301
"TTC37",2.56153976090413,0.276615082680209,19.3326926582132,0.0277693976937852,0.658779215762024
"TTC38",1.98302617501132,0.385014400049205,18.6966870613789,0.0358477372078069,0.811377245508982
"TTC39C",0.679984752079079,0.102510292286255,32.1177830363783,0.0146407464633828,0.726965423990728
"TTC5",2.18968338434341,0.48527243521404,14.6173466024469,0.0445205897970999,0.854548966582963
"TTC9C",4.98041573652469,0.432444031362758,10.5132673220278,0.0390795427453286,0.660034769171335
"TTF1",1.73284034128085,0.328952447724419,21.2841947857682,0.0312881429822829,0.79457214603052
"TTF2",0.580224707467947,0.170164668329084,32.3851903800865,0.0180739217410001,0.847208808190071
"TTL",0.883835081528065,0.310196662416929,25.4902848747558,0.0295519871690129,0.881108750241453
"TTLL12",1.30481081689946,0.258048988654857,25.5578835232729,0.0256687076235541,0.79940119760479
"TTLL5",1.36479858271691,0.397179777676836,20.1888165245974,0.0370118498906142,0.871933552250338
"TTPAL",1.30039556831699,0.436095416988685,18.7621232031535,0.0404689827054126,0.893760865366042
"TTYH3",0.383287771117731,0.0363280706521113,34.5619057240145,0.0108540940966149,0.682924473633378
"TUBA1A",0.623923541939869,0.014479735175999,24.106471010737,0.0176356992255936,0.340931041143519
"TUBA1B",0.823327604967833,0.0059576023311399,16.5543985622596,0.0230756942874025,0.106722039791385
"TUBA1C",0.870537990240442,0.0301081328395725,24.6710900000321,0.0172426619542987,0.387386517288005
"TUBA4A",0.338306932889272,0.0376046478063017,35.5738724297634,0.0102263656155751,0.714409889897624
"TUBB",1.4714341591752,0.0102283816649171,14.0496834172512,0.0246226790508587,0.0485802588371644
"TUBB2A",0.38098340563089,0.0530661174485066,35.7313517256701,0.0106641470344132,0.745798725130384
"TUBB4B",1.03829329384861,0.0285180942881538,21.5662822539555,0.0192612943257384,0.29582769943983
"TUBD1",1.67436330143207,0.435757486928823,17.7685053239754,0.040309803236356,0.865269461077844
"TUBE1",1.48668854548969,0.374522284256788,20.6501666178905,0.0350360901337977,0.848947266756809
"TUBG1",1.4356210665462,0.205852011952361,25.7994836802638,0.0222779677214772,0.721846629322001
"TUBGCP2",2.46118908576357,0.187899417565914,19.9767569725503,0.0229735369510816,0.533223874830983
"TUBGCP3",2.68071979350094,0.41883368716522,15.7897822142121,0.038550212988412,0.783658489472668
"TUBGCP4",2.19445240393097,0.50979935375463,13.7249050797652,0.046784680476373,0.86768398686498
"TUBGCP6",1.88142430276688,0.421312234898261,17.6684914459606,0.0389427023991877,0.83986864979718
"TUFM",4.40353143210761,0.107867229414442,12.1808079090028,0.0240740558855914,0.194417616380143
"TULP4",1.6289819220195,0.255731832565059,23.7591297411924,0.0257863547859324,0.746185049256326
"TUSC2",4.46791515863458,0.330394920160059,12.739257515027,0.0316170643861969,0.566447749661966
"TVP23B",1.67219857149486,0.2130697497852,24.332440505661,0.0230687265967428,0.693162062970832
"TWF1",3.42541863261532,0.259725917409004,16.661414290204,0.0271912681749433,0.560459725709871
"TWF2",1.37431831129701,0.0678983954463013,23.1717796163609,0.0184009934484647,0.414525787135407
"TWISTNB",1.40553636754163,0.179547551234609,25.9047154602482,0.020786287414447,0.681668920224068
"TWSG1",0.70876544916585,0.108655975713373,31.9718372221454,0.0149883393416686,0.73324319103728
"TXLNA",2.29364608476963,0.260844174802623,20.6133010079731,0.0266132328725594,0.668437318910566
"TXLNG",2.74913297821074,0.413842197839053,15.8651561268251,0.0381503222576116,0.777863627583543
"TXN",2.37740806510208,0.0271516748813345,13.5374843621609,0.0243671201325078,0.0741742321807997
"TXN2",7.91087656802985,0.277581812254308,6.91759382656578,0.0294140746110963,0.339578906702724
"TXNDC11",0.486052757588194,0.0486720602296901,32.7030724902669,0.0123763113355713,0.65085957118022
"TXNDC12",4.11190634946902,0.22778186841952,14.4651615675902,0.0260406753738913,0.451902646320263
"TXNDC15",0.968052145070538,0.0759808269391267,27.5269097891221,0.0161272335799504,0.551187946687271
"TXNDC17",3.58430919887944,0.107820543848136,14.2286037533881,0.0231834370377968,0.245412401004443
"TXNDC9",2.35114247526035,0.231146062096339,20.7106207545926,0.0248874281828412,0.623527139269847
"TXNIP",0.560484692779276,0.00779020503645495,22.0890827952378,0.019115772513315,0.269267915781341
"TXNL1",5.66600129820576,0.192583457408255,10.1748812330674,0.0258467360470213,0.286266177322774
"TXNL4A",2.21369386899038,0.124796102717466,21.3093015081953,0.0204669321283433,0.464071856287425
"TXNL4B",2.12669823125289,0.482784941249819,14.8922778643415,0.0443465382697098,0.858315626810894
"TXNRD1",1.76094223268213,0.194892756042615,23.8572344710802,0.022206865797721,0.650473247054279
"TXNRD2",3.04938895339186,0.483520856249055,12.9609593127606,0.0440305918181314,0.804809735367974
"TYK2",2.30849885768528,0.281554608376156,20.0300873166223,0.0279668381348306,0.685532161483485
"TYMP",0.750730253305608,0.00751369202746536,19.2409109923839,0.0211436717261468,0.187270620050222
"TYMS",0.113164873802171,0.0094488968826182,40.1100208893423,0.00615622841795269,0.797372995943597
"TYSND1",2.63469384461447,0.522471092066648,12.4677481010574,0.0477779906154481,0.851361792543944
"TYW1",3.30823892483791,0.530407503291067,11.0187594801238,0.0482057451088283,0.822001158972378
"TYW3",3.51008220023789,0.337903261068753,15.4685435405026,0.0321391044851306,0.650376666022793
"TYW5",2.61331605581655,0.587391895417774,9.99832124509447,0.0538742060923296,0.882557465713734
"U2AF1L4",1.1992136038421,0.209296174748329,26.9123817246158,0.0221515624681085,0.758257678192003
"U2AF2",3.7399533458109,0.261099572658841,15.2444963818173,0.0274026125839062,0.525014487154723
"U2SURP",5.32296059695658,0.201399362006317,10.6930814820023,0.025897066902437,0.312729379949778
"UAP1",0.945556599689491,0.0663915057997879,28.775238138535,0.015256193151377,0.570214409889898
"UBA1",2.38329731669933,0.115737751027567,19.3695353834766,0.0210405038401895,0.395209580838323
"UBA2",2.11162941088464,0.102976778786196,20.5140256765099,0.0203006521524535,0.404095035734982
"UBA3",5.65469385216117,0.428684220416953,8.85421797683668,0.0384038646041747,0.610681862082287
"UBA5",2.99615164340062,0.327752945090321,17.1357454754068,0.0313788524857587,0.679544137531389
"UBA52",8.70056796397403,0.0363532445108741,8.176622654851,0.0267920569507007,0.00280084991307707
"UBA6",2.17068476607482,0.260478655145996,21.0644831230575,0.0265093070979662,0.680123623720301
"UBA6-AS1",2.53294329319327,0.607440013708799,9.28207998774305,0.0558193331895377,0.893760865366042
"UBA7",0.598345021137056,0.114977301470591,33.0319034457217,0.0147619715192249,0.773903805292641
"UBAC1",1.85456789257033,0.224855338690657,23.33733019051,0.0239917177454003,0.684952675294572
"UBAC2",5.22987103245891,0.295787291758005,11.1417340575524,0.0296689426655755,0.471991500869229
"UBALD1",2.79371982886601,0.303252895039498,18.4755502002536,0.0296606889176471,0.67741935483871
"UBALD2",0.988074565371496,0.156720986249587,29.2661218525817,0.0184616407244883,0.737492756422639
"UBAP1",4.18176722183758,0.373952316698145,12.9378522505622,0.0346443846929751,0.637821131929689
"UBAP2",2.25892056941261,0.303848304790001,20.370311886503,0.0295519410229281,0.729766273903805
"UBAP2L",3.55465715084509,0.25129842252056,16.4738736916755,0.026810768389725,0.542205910759127
"UBB",2.78775395920559,0.0294530449723834,12.2084121876696,0.0250775677742927,0.0445238555147769
"UBC",2.36976311480013,0.0120014781177279,12.2183203597353,0.0256891408579122,0.00859571180220205
"UBE2A",3.57598212581953,0.143628187133715,15.096085248242,0.0232705754926493,0.329727641491211
"UBE2B",4.56202745079059,0.154896748790402,11.6349738783185,0.0245784870596664,0.259030326443886
"UBE2D1",1.74286428925938,0.131581712195214,23.2959287358441,0.0197508687952605,0.529457214603052
"UBE2D2",4.93633373974266,0.108620794516765,9.97655452474591,0.0248923327190371,0.139076685338999
"UBE2D3",5.2098614631151,0.0817622464606645,9.25805672555914,0.0254212446264679,0.076105852810508
"UBE2D4",3.21904969402985,0.392429923219948,15.371453926934,0.0363383694992468,0.731214989376087
"UBE2E1",4.0230631919231,0.249526668735286,14.7115742547756,0.0269623028603958,0.492853003670079
"UBE2E2",1.40218047425924,0.111303180549428,25.7700624679097,0.0180550553803775,0.563550318717404
"UBE2E3",2.86737900972489,0.112314547718425,17.930173178306,0.0216853234380487,0.351651535638401
"UBE2F",1.099401430927,0.262467827296141,26.1170676111586,0.0258309427310261,0.822097740003863
"UBE2G1",3.13051472284614,0.275365939284684,17.1573886483891,0.0279368087610717,0.598319490052154
"UBE2G2",3.62961353841717,0.235982573037169,15.9340167504023,0.0261037593151843,0.503476917133475
"UBE2H",1.93888218481249,0.164558113781124,23.3405009299602,0.0210207800268285,0.586440023179448
"UBE2I",5.54607991135101,0.120416581519266,9.32340892882,0.0251613413726744,0.145354452385551
"UBE2J1",0.762139950957396,0.0302658551662737,24.9423635278926,0.0170385567354081,0.394823256712382
"UBE2J2",4.71241715221635,0.305385341088939,12.5032377212705,0.0301417530084744,0.522020475178675
"UBE2K",7.29139138842261,0.366663638637024,6.73265477650078,0.0338434366328622,0.465037666602279
"UBE2L3",6.00257277399834,0.18923435946387,8.88688472477953,0.0260096232768369,0.24821325091752
"UBE2L6",1.19309844965857,0.0299563132324881,20.3184762372932,0.0200589648092963,0.263569634923701
"UBE2M",1.62584535599242,0.348945420620983,21.1052280701097,0.0329008788607323,0.821131929689009
"UBE2N",3.40912722903914,0.151571082242146,15.1442359282446,0.0233411002527344,0.343538728993626
"UBE2O",2.17722012115736,0.478337758130619,14.9935793208163,0.0439455439748236,0.854066061425536
"UBE2Q1",3.14309027803367,0.417529393240495,14.7394479295084,0.038335327766561,0.752655978365849
"UBE2Q2",2.61776850000629,0.245066043977691,19.4092509988964,0.0258907284027903,0.610681862082287
"UBE2R2",3.95851190150159,0.313453035684837,14.7127119749424,0.0305658971576456,0.592524628163029
"UBE2S",0.398896746941819,0.0519285292553443,35.2335197772721,0.0109278157591269,0.729476530809349
"UBE2V2",0.918357395809228,0.0426207719644163,25.352452753722,0.0168584691627357,0.429785590110102
"UBE2W",2.11105658578644,0.390586760041357,18.2463872615114,0.0363246493588739,0.807514004249565
"UBE2Z",2.9610190194993,0.271224030719168,17.9602534272446,0.0276218453426485,0.613289549932393
"UBE3A",5.09095861817021,0.234716933834034,11.4326044085981,0.0268333917856184,0.384489086343442
"UBE3B",3.66676024347754,0.542453511520716,9.97084921601014,0.0491118814316209,0.810701178288584
"UBE3C",2.01717622908179,0.324899235337722,20.4459828581489,0.031031683237139,0.765114931427468
"UBE4A",2.94884559626931,0.338919066037936,16.6824441813282,0.0321063948243284,0.684856094263087
"UBE4B",3.84972421348314,0.471437843608027,11.7662175397395,0.0426689894884837,0.75284914042882
"UBFD1",2.48178932607862,0.418400102082865,16.3585064542048,0.0385872122967073,0.798628549352907
"UBIAD1",5.56884437708274,0.605055475833417,5.76366799367028,0.054359852394556,0.781823449874445
"UBL3",1.49458996481045,0.170631596011352,25.2606319294129,0.0205537391000645,0.649121112613483
"UBL4A",3.05320020132326,0.344258183374555,16.7453735671772,0.0326000154997379,0.694514197411628
"UBL5",7.18732202895563,0.0768645198323523,7.30336256065307,0.0263373250245978,0.0316785783272165
"UBL7",5.67309121327572,0.373536081276221,9.8663107316,0.0345076463838003,0.555823836198571
"UBL7-AS1",0.998847400768945,0.328966305521938,24.2175960540881,0.0311655637777063,0.875700212478269
"UBLCP1",2.24113371615031,0.271568266443836,20.4783680352626,0.0272710843996498,0.681862082287039
"UBN1",2.72032686096466,0.227632581906205,19.4162881700789,0.0250131827105816,0.582963106045973
"UBN2",1.77420486811191,0.375686496078548,19.7508841358098,0.0351225941739128,0.825767819200309
"UBP1",2.33155003204653,0.374891839923012,17.9296744584289,0.034957828346043,0.774483291481553
"UBQLN1",3.34801081439296,0.236534211437356,17.0008241551832,0.0259431143298101,0.532644388642071
"UBQLN2",1.84102001939378,0.231719170474065,22.9677279243987,0.0244247476250117,0.685918485609426
"UBQLN4",3.20689601329687,0.444877450812422,14.0147366232627,0.0406963382182636,0.774290129418582
"UBR1",1.1240637806052,0.265240592755747,25.8440925216051,0.0260651946631375,0.81900714699633
"UBR2",2.21481864417789,0.277501016895978,20.4906888901047,0.0276509667042418,0.691616766467066
"UBR3",2.4597173845818,0.453235948773856,15.1869284111491,0.0415674810306725,0.820359281437126
"UBR4",2.40782821901894,0.180359967625236,20.5309466547926,0.0225398359778148,0.535928143712575
"UBR5",1.81628437511979,0.136085570238789,23.4510090605461,0.019877824299602,0.541626424570214
"UBR7",1.88591210608774,0.372049778936268,19.3968799219329,0.0347764736513363,0.810411435194128
"UBTD2",1.06664075893568,0.377515949989895,21.9754301768638,0.0353458517796693,0.890573691327023
"UBTF",2.22061115180718,0.198019220671408,21.2731772007614,0.0230642805846723,0.584991307707166
"UBXN1",5.90596498572437,0.14402941718742,8.55689752519891,0.0254715324825471,0.165926212091945
"UBXN11",1.12055112972891,0.208279933067555,27.4977153141429,0.0219410143997384,0.772841413946301
"UBXN2A",3.35763828643006,0.304447678508434,16.3842575948026,0.0298479751739219,0.623140815143906
"UBXN2B",1.81612044912905,0.391921337107161,19.05621878781,0.0364856913979535,0.832045586246861
"UBXN4",5.10219257709357,0.112963433057653,10.1154784403825,0.0248628790732327,0.151342476337647
"UBXN6",2.5162099000142,0.298621748002633,19.2037644676167,0.0292271965083622,0.689974888931814
"UBXN7",4.09086813199124,0.448671740486697,11.6910129438906,0.0405625546035211,0.716727834653274
"UBXN8",0.901534758056158,0.337615792204893,24.2772884526024,0.0318880692970507,0.891153177515936
"UCHL3",1.8349452365502,0.168096336382045,23.6897178613441,0.0210242686005938,0.601796407185629
"UCHL5",3.98740711098808,0.32436065758496,14.5654792098141,0.0312896077121621,0.605369905350589
"UCK1",12.5628542049574,0.776534641439349,1.30677339312975,0.0720225753633466,0.778926018929882
"UCK2",1.51560551144151,0.141411227751391,26.0778212179684,0.0190609956992768,0.623333977206877
"UCKL1",4.21820385769438,0.385235562840604,13.0124416168625,0.0355890872692005,0.65655785203786
"UCP2",0.383063646303405,0.011580629760233,29.7793536483164,0.0136415558668101,0.499710256905544
"UEVLD",2.02865902692326,0.426672099131687,17.1677233566268,0.039395482033815,0.83417036893954
"UFC1",7.27025522251862,0.175305059462949,7.41828754077345,0.0262882360390947,0.193741549159745
"UFL1",2.9997735997512,0.258638061639438,18.0294020609505,0.0269044910077426,0.59522889704462
"UFM1",3.63257445989888,0.161373485041903,14.8790596758885,0.0236838161551825,0.353583156268109
"UFSP2",3.16751936747924,0.313820868295654,16.5760888428874,0.030394835234906,0.642939926598416
"UGCG",0.523162223382426,0.0581661061573234,33.0312181010534,0.0124737003355142,0.676936449681283
"UGDH",0.752927068797692,0.0997989776982305,31.4881956645031,0.0148565630267099,0.704558624686112
"UGGT1",1.80534111587389,0.279615104259982,22.4011796147429,0.027591863967435,0.747054278539695
"UGP2",2.57399595557511,0.109321920265648,18.5009291876943,0.0213376637551748,0.360923314661001
"UHMK1",2.8459888460538,0.166782891032457,18.7824269532471,0.0226406609780362,0.466582963106046
"UHRF2",1.14061827048606,0.222513123413805,26.907854510685,0.0229616485384488,0.77960208615028
"UIMC1",2.93474238131169,0.366152542376264,16.6018385352883,0.0342591259998058,0.724454317172107
"ULK3",1.55896827974996,0.271501132065671,23.6170795203686,0.0268552747575449,0.767529457214603
"UMAD1",5.82854901216937,0.615853138651805,5.2046511372447,0.0553234458764624,0.781147382654047
"UMPS",1.87323480995982,0.314709344303979,21.3979973504604,0.0302391900080881,0.775062777670465
"UNC119",1.69762988138913,0.176184526421397,24.2875747703714,0.0211656582924378,0.631543364883137
"UNC13D",0.47706083043322,0.117421728934766,34.5339797464392,0.0141834822163342,0.820649024531582
"UNC45A",1.73555970409003,0.154312017838839,24.2115932207066,0.0202615891056431,0.593200695383427
"UNC50",3.88581881887671,0.29816713255522,14.8887847604373,0.0295724069679894,0.573594745991887
"UNG",0.733936157977867,0.121526247035441,31.8611972180367,0.0156409225350473,0.75178674908248
"UNK",2.29487863037973,0.423030115912336,16.5945788552397,0.0389991415147527,0.812536217886807
"UPF1",1.77036959120213,0.298439541174504,22.0253644216136,0.0289519992381636,0.766660227931234
"UPF2",4.68627462804831,0.30523170893488,12.5235160796534,0.0301216813959976,0.522310218273131
"UPF3A",3.37163154878206,0.218710156179792,16.8993111691356,0.0251386776145569,0.501352134440796
"UPF3B",2.22008130113315,0.247442197199779,21.1773352398247,0.0257245758496084,0.662352713926985
"UPP1",0.402243914958932,0.0309725942234832,33.3602472305731,0.0115013664502015,0.638690361213058
"UPRT",1.62046978119963,0.421127598008241,18.5309246942064,0.0390546598719014,0.863434421479621
"UQCC1",2.66564511400692,0.56027586583636,10.9799410569801,0.0512786057397405,0.868070310990921
"UQCC2",2.08630229751243,0.0814084302014134,20.3554767980869,0.0201241406369872,0.362178868070311
"UQCC3",2.47817537260818,0.170692851633518,20.9532353746392,0.0221149828392091,0.531775159358702
"UQCR10",5.85368099362189,0.0681514697182353,9.23639514545513,0.0256812284973214,0.0579486188912498
"UQCR11",5.18247027081853,0.0789713135407106,9.85512275068199,0.0252261061697451,0.0875024145257871
"UQCRB",3.62100968945822,0.0332303573368775,11.4149859943411,0.0253932162931856,0.0370871160903998
"UQCRC1",3.57505944063237,0.11415128207896,14.2739618825199,0.0231925450219886,0.257388448908634
"UQCRC2",5.08798527283734,0.203825056969727,11.6206344539901,0.0258001472037456,0.340448135986092
"UQCRFS1",5.58159433170072,0.150267872350052,10.3107930650856,0.0250826435964098,0.221267143133089
"UQCRH",2.90904968341947,0.0330430631800079,12.7991455333106,0.024632406582187,0.0689588564805872
"UQCRQ",4.16381499981912,0.0539291487587614,11.0997632908751,0.0250476016587402,0.0699246667954414
"URGCP",1.70217275095239,0.313962723857172,22.0233586555623,0.0301302770631071,0.791095228897045
"URI1",2.11177812927688,0.258501759648781,21.7177536874516,0.026338659618537,0.694707359474599
"URM1",4.26489718938787,0.31672313262862,13.3609987173948,0.0307309845180018,0.561908441182152
"UROD",2.87702665613314,0.21922382635213,18.5391517684084,0.0247594517804524,0.545779408924087
"UROS",4.09878710453671,0.275324191196496,14.4155754478606,0.0283145243436506,0.525593973343635
"USB1",3.89633677802983,0.331818482254486,14.4290901277997,0.0317253805837992,0.613289549932393
"USE1",3.71501129581479,0.302500574930129,15.8498688831287,0.0298675593268927,0.605756229476531
"USF2",1.80154828659786,0.129096502987237,23.2599578709486,0.0197179643830119,0.52443500096581
"USF3",1.22690981108325,0.321436868370204,23.5641219440062,0.0305899716248245,0.845566930654819
"USO1",3.29181313428806,0.189698727047142,17.0495307116361,0.0239416318664591,0.458180413366815
"USP1",1.38684746290493,0.0859449587040793,25.0313424169068,0.0177436614930257,0.499034189685146
"USP10",3.93394061859176,0.280675548158773,14.9090408062816,0.0285605898570507,0.546938381301912
"USP11",1.23983283101997,0.141406034323412,27.0647221928935,0.0185783864622714,0.650473247054279
"USP12",1.35308055213565,0.302700536432022,23.6387608727745,0.0291168186409288,0.817848174618505
"USP14",2.52090451597118,0.201699775631009,20.0217925153578,0.0235879679399485,0.557175970639366
"USP15",1.67391376080116,0.120490244310545,22.8263093389059,0.0195741598675622,0.497199150086923
"USP16",5.874388209594,0.293964783197973,9.63153624987229,0.0296712614106254,0.430558238361986
"USP19",2.29180866365138,0.471863026706049,14.8502399289204,0.0432521250321983,0.840158392891636
"USP22",2.25472788889812,0.13894271584796,20.3177523254828,0.0211609691758102,0.460498358122465
"USP24",1.49561968975886,0.318149630755761,22.6004554082005,0.0303927204928308,0.813695190264632
"USP25",2.23351806942943,0.415314670805467,16.9922944048142,0.0383501089701839,0.811570407571953
"USP28",2.02413235645916,0.43445203336697,16.8705079813063,0.0400624856409114,0.838130191230442
"USP32",2.99072457808593,0.498410388755538,12.5473187987585,0.0453658719983774,0.816302878114738
"USP33",1.36487313953305,0.148991732794414,26.0425379269156,0.0192949806847272,0.634730538922156
"USP34",2.86373437019993,0.206607459520547,18.5532875346361,0.0241822617126149,0.525690554375121
"USP36",2.67071581516228,0.320083389672715,18.3419654997339,0.030788664917932,0.700212478269268
"USP38",1.62139689462149,0.384355202160005,19.828914668567,0.0358474369239518,0.841703689395403
"USP39",3.6181611090091,0.355178798625803,15.1197345387436,0.0334361581189216,0.667374927564226
"USP4",3.45395699751523,0.310648142616601,15.523787224373,0.0302030682534731,0.609909213830404
"USP42",1.75033220830297,0.344151449569443,20.8225852874377,0.0325166543904199,0.805775545682828
"USP46",2.08882390480725,0.31914471349589,20.5089972092506,0.0306305292952998,0.757678192003091
"USP47",2.43076516323626,0.242060556254473,19.9318444675438,0.0255886876585425,0.619953641104887
"USP48",2.76934249368251,0.220447966796928,18.9518127557988,0.0247211295335563,0.558817848174619
"USP5",2.44548446843242,0.33202620755657,18.8175699397196,0.0316352830519253,0.731794475564999
"USP53",0.65879470408425,0.153075702830278,32.0714338408298,0.0171825222617212,0.810218273131157
"USP6NL",2.03217194286276,0.325652443992731,20.6204235161124,0.0311297008629983,0.770909793316593
"USP7",3.21698243862927,0.371598352064721,15.5400345135112,0.0346092235587794,0.70417230056017
"USP8",2.596323851357,0.215536626337363,19.3981050255155,0.024345978595724,0.562777670465521
"USP9X",2.58247512964463,0.204595550378625,19.6404114651224,0.023803976222132,0.551574270813212
"UTP14A",2.79024084758601,0.453915773547023,14.5213185119172,0.0415557540286701,0.802588371643809
"UTP15",2.71681145562043,0.654821261144532,7.13808265840997,0.0603665698342413,0.905736913270234
"UTP18",4.28262065603804,0.380956982477652,12.7979669899405,0.0352144611700894,0.644485223102183
"UTP20",1.30923389670143,0.346050256505592,22.3669392981182,0.0326474968366547,0.85145837357543
"UTP23",2.2431303032609,0.198675514546866,21.8487011953224,0.0230188258261797,0.601892988217114
"UTP3",2.92147300998296,0.400267775673648,15.7156810628387,0.0369563522800898,0.752945721460305
"UTP4",1.61811564160921,0.237005898796831,24.4610950943048,0.0244901830010953,0.735367973729959
"UTP6",3.95429884308951,0.444482965032171,12.1528015057094,0.0402954928877244,0.722909020668341
"UTRN",0.658844007876402,0.0511696968087489,29.9232662692949,0.014157578557229,0.575526366621596
"UVRAG",1.9889366324223,0.15022608885506,22.061956136996,0.0208537293791628,0.527139269847402
"UVSSA",1.05658217819923,0.387203300863561,21.5705489408285,0.0361889132900241,0.894726675680896
"UXS1",1.64368371789525,0.197904975873214,24.6473938885769,0.0221544852762724,0.677129611744253
"UXT",3.21012310143474,0.0811859328640658,14.1162335779042,0.0231931766472553,0.19383813019123
"VAC14",1.37217703186003,0.172389373693848,26.4239364774479,0.0202801310932878,0.684276608074174
"VAMP2",1.42891649795205,0.166951144694314,25.4482586086107,0.0202945393102133,0.648155302298628
"VAMP3",2.83272916882386,0.169979974685941,18.5667863131773,0.0227835396253174,0.465906895885648
"VAMP4",3.46471595739841,0.414561686610444,13.9656289267292,0.0379756263007028,0.727062005022214
"VAMP5",0.370262677125896,0.0119630079224755,29.9994882564507,0.0134847173362675,0.506760672203979
"VAMP7",7.46970217071992,0.539297687919738,4.74858144969687,0.0473002673074527,0.657330500289743
"VAMP8",1.02593007858002,0.0156686494726567,21.3513124857185,0.019562880380496,0.266080741742322
"VAPA",7.06679074524641,0.147959447449073,7.21494287702223,0.0259971758133873,0.143809155881785
"VAPB",3.01331581205103,0.290320495145139,17.9511481442588,0.0288638964013605,0.643036507629901
"VARS",1.76721713782473,0.232501321624685,23.7155961171211,0.0243630396312565,0.707649217693645
"VASP",1.26585048241897,0.0500800247037836,22.4878423933172,0.0186576316990324,0.362758354259223
"VAT1",0.934477054448645,0.0490505392646821,26.6552527285697,0.0161461837302008,0.478848754104694
"VBP1",5.36917244085765,0.329099998433387,11.1034810975272,0.0316809725336218,0.521634151052733
"VCL",0.538072213903887,0.0410758126768984,31.6637127722447,0.0128538209477618,0.607687850106239
"VCP",2.97448071807539,0.0831267180505426,14.7401024285293,0.0228685632832711,0.212961174425343
"VCPIP1",1.33530584668869,0.227823347737668,25.8622417302173,0.0235683499154818,0.759223488506857
"VCPKMT",2.09972974533202,0.497851558941573,14.3226377308357,0.0457021222532113,0.866042109329728
"VDAC1",3.3987277589691,0.0778547670194994,14.0972491107979,0.0232562572271379,0.188912497585474
"VDAC2",5.57024387219292,0.13214469352676,9.8298681992658,0.025052820110243,0.178578327216535
"VDAC3",5.31279145149307,0.216833152244362,11.3224217054334,0.0263060693565775,0.353969480394051
"VEGFA",0.196913133389637,0.0142082207019397,37.1754203250502,0.00842158326058998,0.719915008692293
"VEGFB",0.973980192421669,0.170172309190063,29.186273107311,0.0192039463102514,0.75748502994012
"VEZF1",3.24301436960446,0.297550216939912,16.5530874336622,0.0293438830159735,0.616959629128839
"VEZT",1.95945355691798,0.219646262845602,22.4557844542033,0.0238518512394353,0.652404867683987
"VGLL4",1.31453762306196,0.0550764195807683,23.993542224933,0.017845303471568,0.415105273324319
"VHL",2.81103264066518,0.289456282367168,18.2099242048584,0.0287010616240892,0.648734788487541
"VIM",1.20465594221839,0.00145603448872046,14.8464965447678,0.0244183060627882,0.052443500096581
"VIPAS39",2.81825584434241,0.558024052746501,10.7778665328782,0.050962488824841,0.858701950936836
"VKORC1",1.40010835094655,0.165387774546163,26.3774355457049,0.0199643921477603,0.671431330886614
"VKORC1L1",1.67092654560299,0.297357091381661,22.6361407065872,0.0288447894628208,0.781630287811474
"VMA21",2.15506495782735,0.128036456250799,21.5532616793335,0.0204376390466256,0.476144485223102
"VMP1",1.08279865540801,0.0381435958611017,22.3468909325163,0.0187163259284174,0.336101989569249
"VOPP1",0.78058625925599,0.0401635979329567,26.9318003985383,0.0158399716251307,0.470253042302492
"VPS11",2.22043482628823,0.450224453339564,15.7619571095021,0.0413502668457208,0.831949005215376
"VPS13C",1.37355698504574,0.107892869247814,24.9612849312631,0.0182723711879869,0.53476917133475
"VPS13D",1.46303392776035,0.205132700468067,25.4011735489744,0.0223163681759888,0.709677419354839
"VPS16",2.51609039105087,0.410481468696181,16.3464601312258,0.0378487551506986,0.786266177322774
"VPS18",1.48912302225882,0.417353050582285,18.9962146400874,0.0387413992009607,0.870581417809542
"VPS25",4.69239823176402,0.320972340306465,12.7340414751636,0.0311292422952369,0.551864013907668
"VPS26A",2.52344659886507,0.220853469981955,20.0459473501354,0.0245011626813842,0.588951129998068
"VPS26B",4.66635293558552,0.387745483607439,11.5447849119953,0.035567066855286,0.621498937608654
"VPS28",2.360649048028,0.0455111735235338,14.6137810949233,0.0233049124382282,0.137917712961174
"VPS29",2.52522496679245,0.096856767309549,17.2862595884418,0.0216893118176023,0.305196059493915
"VPS33A",1.47038363459944,0.557580883421602,12.9595493956437,0.0515372906525824,0.922928336874638
"VPS35",4.81417834202668,0.184861717507736,12.6059819514863,0.025076516157629,0.335329341317365
"VPS36",2.79479030824666,0.194364122660329,18.5296418521123,0.0236440878518141,0.504925632605756
"VPS37A",4.2111742788304,0.431365564962544,11.8313577712697,0.0390983435954271,0.694514197411628
"VPS37B",1.69308818383734,0.185072656528038,24.4773684887318,0.0215511632671881,0.651439057369133
"VPS37C",3.2029396922675,0.450122154322173,13.6980424816548,0.0410689241169355,0.773903805292641
"VPS39",1.461434421416,0.272847266806209,23.9092830263529,0.0268870415702383,0.777767046552057
"VPS41",2.71177481345693,0.350734592454541,17.310670532075,0.0330137266647787,0.720108170755264
"VPS45",4.35020090220663,0.508106103776098,9.85055759319496,0.0456783166301946,0.754877342090014
"VPS4A",4.66807855528471,0.30541768125063,12.8336789258525,0.0301702897179455,0.530712768012362
"VPS4B",4.80889664736897,0.273039186316833,12.2319345200159,0.0283997452830238,0.465037666602279
"VPS50",1.98540137543721,0.433761116799088,17.0105509777438,0.0400211752504742,0.840931041143519
"VPS51",2.92011600697371,0.162936566359531,18.081545763205,0.0227159348319622,0.441182151825382
"VPS53",1.19492830809247,0.213356143193001,26.8938792889238,0.0224074465147115,0.764342283175584
"VPS54",3.15117152870413,0.60918632907267,8.45523707228429,0.0557389097554026,0.870871160903998
"VPS72",4.27282861914154,0.264453404979029,14.4351938467523,0.0278300081612293,0.5092717790226
"VPS8",2.14620972025649,0.382561439396777,18.2275728121092,0.0356020137917558,0.794668727062005
"VRK1",0.674115746390704,0.20510832121392,30.5461669903969,0.0208889110232401,0.85271392698474
"VRK2",2.85397079681452,0.306903357454715,17.9312146673055,0.0298933560877528,0.668533899942051
"VRK3",3.03089273225995,0.402637016264288,15.2854078270506,0.0370952344961264,0.744929495847016
"VTA1",3.15478329297897,0.342382376046732,16.3634211129717,0.0324390888315789,0.681379177129612
"VTI1A",3.74143907524061,0.493426110221714,11.1896764336996,0.0445455085820878,0.770620050222136
"VTI1B",3.47899956404431,0.168759172825099,15.7133372084137,0.0236242467715912,0.387966003476917
"WAC",6.75008419907705,0.363188644110239,7.55614122384847,0.0336196750711183,0.480973536797373
"WAC-AS1",2.04860494351868,0.173011319505132,22.8173752477353,0.0215597528123865,0.586150280084991
"WAPL",3.06145691612911,0.246965995221781,17.3724381177239,0.0263025896758702,0.559011010237589
"WARS",0.531393189212133,0.0238595926481437,28.6909665233902,0.0145097403836833,0.490824802008885
"WARS2",2.86964687253358,0.513021068856319,12.3986196416391,0.0468160638691427,0.834460112033997
"WASF2",4.57056022376421,0.10113013962655,11.3678200047492,0.0243968570330884,0.161869808769558
"WASL",1.50749172964687,0.0918390523616956,24.8659146724146,0.0179939961101189,0.505022213637242
"WBP11",3.9034265244191,0.245912091167992,15.0805662541579,0.0267286278306726,0.496812825960981
"WBP1L",0.913945415567741,0.164924818143665,29.5203337521438,0.0187802609205257,0.758161097160518
"WBP2",2.00099333784794,0.0919077383025168,20.4858708921484,0.0201315732369207,0.383619857060073
"WBP4",3.02835977640546,0.334663198270731,16.8372385294078,0.0318642060753114,0.68224840641298
"WDFY1",1.30916659933025,0.155925407815048,26.4742441826998,0.0194379105057093,0.658296310604597
"WDFY2",1.56135252423973,0.22147433441288,24.5778232396266,0.0234626010572759,0.713540660614255
"WDR1",2.3397300313913,0.0638428145605033,16.3565035109081,0.0221268988103197,0.219915008692293
"WDR11",1.4731599516474,0.237658844479447,24.7151874494871,0.0244125810023952,0.743480780374734
"WDR12",2.54957887569917,0.410642949793617,16.5347189240588,0.0379545134679086,0.791288390960015
"WDR13",1.48631465445123,0.122572696708754,25.3217215674535,0.0186208036074264,0.570310990921383
"WDR18",5.03463059335647,0.447952027699783,10.1134649896482,0.0403166616843131,0.672203979138497
"WDR20",17.6088772209069,0.850000093535925,1.76926246964982,0.0827996317124384,0.804133668147576
"WDR26",2.82100356359254,0.296572040054175,18.1073765298785,0.0291760148374116,0.657137338226772
"WDR3",1.73261991101501,0.396883503807935,19.1629852491598,0.0369361643253875,0.842766080741742
"WDR33",5.92936328719797,0.337662880731708,9.27043026893695,0.0320769951761276,0.48715472281244
"WDR34",0.853017911477605,0.0820413014286059,30.4500330000988,0.0147696033359424,0.644871547228124
"WDR36",2.07977345597304,0.390578681719141,18.1835717186744,0.0362825290375089,0.805968707745799
"WDR37",1.85252243725286,0.347943462566738,20.3026870466878,0.0328178680053758,0.797469576975082
"WDR4",1.49235256534516,0.39589068970198,20.003735600157,0.0369225519055252,0.864496812825961
"WDR41",3.21744310871517,0.377211278374651,15.4661270682678,0.0350569585642363,0.710739810701178
"WDR43",2.4297744667651,0.228146051339231,20.8830690732018,0.0247580948831682,0.623430558238362
"WDR45",1.63076953653462,0.113109857074633,23.8628881870081,0.0189718825975881,0.513617925439444
"WDR45B",1.95202796065377,0.143207477098114,22.7519394907699,0.0203993419611772,0.534479428240294
"WDR46",3.75922576058171,0.322483135846271,14.9357085006652,0.0310914543340255,0.612420320649025
"WDR48",1.81538259193472,0.318959129836038,21.2462849058912,0.0305203350815404,0.777767046552057
"WDR5",2.73315776413746,0.285978254284808,18.9820520155949,0.0284777684635432,0.663994591462237
"WDR54",0.861301254850247,0.168184310111825,30.0801530954502,0.0187769433604199,0.779215762024338
"WDR55",2.78808527179835,0.417421131329299,15.4975482040304,0.038377691406348,0.773517481166699
"WDR59",3.53050053679205,0.576111953335225,9.11508450039921,0.0523750383689073,0.837937029167471
"WDR6",2.57824231219459,0.262529651777459,19.3080506249719,0.0268914382249987,0.635792930268495
"WDR60",1.204935377229,0.202502905350685,27.0815984981293,0.0217091812699265,0.751883330113966
"WDR61",3.60287282914927,0.226002505906682,16.5071724762263,0.0256075927771771,0.502897430944563
"WDR70",4.01290565200007,0.444379154075977,12.0730187659785,0.0402857242134398,0.720494494881205
"WDR73",2.41434690617827,0.426726601365729,16.3090796287061,0.0393355482070827,0.810121692099672
"WDR74",1.92412730709959,0.162486838714364,22.9401310901545,0.0210297105117143,0.57185628742515
"WDR75",2.09209178043318,0.366136420763517,19.0253688688307,0.0342981164779095,0.790805485802588
"WDR77",2.18100717164338,0.255473213543,21.4232675656729,0.0261929054031106,0.681862082287039
"WDR82",2.45696903555803,0.250070972615023,19.6931036646585,0.0260715669493559,0.626327989182924
"WDR83",3.64158903669271,0.554631369103584,9.69338074160775,0.0503111439438133,0.821228510720495
"WDSUB1",2.51484914992591,0.444791152056919,15.4325023166271,0.0408501926617983,0.813888352327603
"WDTC1",2.22182392372022,0.397029232209953,17.6146499644858,0.0368082074008921,0.800270426888159
"WDYHV1",2.14475840136037,0.277663417259317,21.6351066592555,0.0276596427882579,0.722812439636855
"WEE1",0.601718225262035,0.148070796065952,32.8922765136147,0.0165885555909883,0.825091751979911
"WHAMM",2.1474751360826,0.341012860433679,19.5392297371884,0.0322901784970732,0.765597836584895
"WIPF1",0.527839486776427,0.0288409717488278,29.8770393526623,0.0137774548493644,0.534189685145837
"WIPF2",3.15659547871362,0.380132401776804,15.3866917379229,0.0352404401698549,0.713250917519799
"WIPI1",0.965130979128168,0.0861181460303808,29.1352409857202,0.0155959859456718,0.614641684373189
"WIPI2",5.34173555945316,0.292336442332067,11.1554262804073,0.029542469694129,0.467162449294958
"WIZ",2.27609954913502,0.409162908114031,17.2394404240006,0.037873132308885,0.808576395595905
"WNK1",2.61893821212512,0.131002791722859,18.3987239013627,0.0217336660437776,0.395209580838323
"WRAP73",7.28026812104995,0.617016723231315,3.60732094371554,0.0548146924116051,0.734788487541047
"WRB",3.43188803923544,0.296544820198851,16.6340794468467,0.029401918680303,0.617442534286266
"WRNIP1",2.00636381233374,0.401234416467539,18.1518326695409,0.0372297895396623,0.821614834846436
"WSB1",1.21780338322502,0.0281190939151882,19.10291091852,0.0208526275554845,0.225323546455476
"WSB2",1.48222401445599,0.270414608772574,24.1095472503881,0.0267246103496678,0.779312343055824
"WTAP",1.55691322299421,0.105781562223792,23.5473482567344,0.018887534074244,0.491887193355225
"WWOX",0.345084077826105,0.053834302067704,36.6462486281681,0.0101344058330737,0.773517481166699
"WWP1",1.6337067737309,0.234904842501179,24.2143906413419,0.0243839055358064,0.725226965423991
"WWP2",0.395259284086876,0.0306727037231676,33.7576354296228,0.0112343740231031,0.649700598802395
"WWTR1",0.582042740736784,0.0390528355066422,31.0833111660948,0.0131932582058916,0.587502414525787
"XAB2",3.00654366479387,0.307161710381123,17.27616733938,0.0299270340605136,0.651342476337647
"XAF1",0.491643027855905,0.0196457568241573,29.007441394739,0.0142569587402311,0.492273517481167
"XBP1",0.390821538325101,0.00478265133940936,22.990527357329,0.01849940644624,0.288680703109909
"XIAP",2.8876771005542,0.258700775362049,18.0915756275628,0.026842161132647,0.596967355611358
"XKR8",3.29790580293462,0.569109261746497,9.69252734591397,0.0518167986701408,0.844021634151053
"XPA",4.09289798516405,0.399223310376378,12.5144436853088,0.0364953016717146,0.664863820745606
"XPC",1.49292932215011,0.214325109983338,25.0409889814415,0.0229287760995309,0.71469963299208
"XPNPEP1",3.70061072536823,0.384841396419071,14.0383641853946,0.0355675835769577,0.683793702916747
"XPNPEP3",2.24304969626556,0.328797181539414,19.8411797494286,0.0314104012551294,0.754491017964072
"XPO1",3.38450054865809,0.218796146989404,16.4000483696522,0.0251889018585982,0.488023952095808
"XPO4",2.99199918416368,0.454616642665339,13.7862682921195,0.0414202552858765,0.783755070504153
"XPO5",2.01015350312388,0.353552015727606,19.7631724478855,0.0333053774980828,0.791288390960015
"XPO6",2.217697560325,0.330446991815239,19.5399204538261,0.0314757744094666,0.749082480200889
"XPO7",3.13474065642163,0.54143848847083,10.823186772987,0.0492357367593899,0.833977206876569
"XPOT",1.74326626950422,0.207361508136713,24.195070162095,0.0228099527790405,0.680123623720301
"XPR1",0.938001012244095,0.212437763120161,28.6159323303077,0.0219077044254875,0.810701178288584
"XRCC1",4.65458159154249,0.475685054909175,10.0145047410371,0.0426607542675004,0.71112613482712
"XRCC5",3.52897725467193,0.116929792338284,14.0501476323978,0.0232708672799125,0.255649990341897
"XRCC6",2.37147880915363,0.0605879863067585,16.2278299726434,0.0222276924263034,0.210739810701178
"XRN1",1.66224532875983,0.146128932913447,23.8224539220505,0.0200234912504177,0.56847595132316
"XRN2",3.90230542653539,0.161970413587923,14.5630281181165,0.0238645634758208,0.347112227158586
"XRRA1",1.31425897370145,0.332772410074489,22.8020996562118,0.0315393819915797,0.842476337647286
"XXYLT1",1.46696083584514,0.34728589876518,21.734724420428,0.0327581086378566,0.835908827506278
"YAF2",2.64658845206361,0.32982695290057,18.0556464816895,0.0314665948022633,0.70774579872513
"YAP1",0.853418742339946,0.160440859459284,30.4117387693763,0.0182388142291589,0.775738844890863
"YARS",1.98348137357688,0.176455517190933,23.0350632572004,0.0216233932429795,0.597740003863241
"YARS2",2.37421368540517,0.400659261007968,17.2506390124351,0.0371365237697056,0.795634537376859
"YBEY",1.8290404747074,0.287033896282465,22.2619724586612,0.0281471726538801,0.754973923121499
"YBX1",2.9542478121985,0.0144916971519081,12.0350021669552,0.025663674052475,0.0141008305968708
"YBX3",1.14623210285215,0.0355476078678977,23.3206521051608,0.0181491485386515,0.359957504346146
"YDJC",2.77685441680815,0.24181873357799,19.5201131059922,0.0258008526348467,0.608557079389608
"YEATS2",1.58780009126584,0.223668513734427,24.4276526642354,0.0236306888647107,0.712961174425343
"YEATS4",1.24234002760314,0.194302165534126,27.1359582247979,0.0212353124025266,0.740003863241259
"YES1",1.2348141877545,0.133515837564194,28.0299335618526,0.0179177902334776,0.664380915588178
"YIF1A",2.3312657601709,0.0768067089873529,18.8119323533065,0.0208922882530628,0.31205331272938
"YIF1B",3.10814494886353,0.154754388568049,17.9856022769079,0.0225940473632499,0.425632605756229
"YIPF1",3.03887934103241,0.393375230579013,15.5730119834346,0.0363689915197285,0.738458566737493
"YIPF2",1.20239277598749,0.072672880604207,26.1830459436186,0.0168515823338005,0.50801622561329
"YIPF3",3.05206470158894,0.104414392343214,16.6672936790169,0.0221307757919667,0.30403708711609
"YIPF4",6.29332780406856,0.293346639511245,9.46108498603504,0.0298128751540729,0.425729186787715
"YIPF5",2.85364437704906,0.21591079949072,18.407152707252,0.0246058677320158,0.536797372995944
"YIPF6",3.9726986220773,0.38264150604159,13.3681645520214,0.0353426602924166,0.66244929495847
"YKT6",2.44351428397028,0.250287140030452,20.4296652896512,0.0260595715424728,0.646610005794862
"YLPM1",1.99398422409209,0.24756402820363,21.9322398500976,0.0255578564104193,0.683117635696349
"YME1L1",4.23212521505653,0.180842031030217,13.5072053049674,0.0246242139909693,0.350782306355032
"YPEL2",0.656928312130911,0.107917588692696,32.4050982652879,0.0147358890756098,0.744253428626618
"YPEL3",1.26362822557153,0.117026749842853,26.7258023869177,0.0177855283013179,0.59986478655592
"YPEL5",2.30107717386405,0.129025078421346,19.5097040916528,0.0212067425528554,0.421383040370871
"YTHDC1",4.77557311699235,0.236635974157247,12.3496659302424,0.0267614216407254,0.411048870001932
"YTHDC2",1.76820456569638,0.287951209085832,22.1437516920457,0.0281656379087742,0.753332045586247
"YTHDF1",2.42351325001598,0.43354845857624,16.0293751812698,0.0399073803592121,0.813019123044234
"YTHDF2",2.9502514478375,0.150673918367013,17.5881646071692,0.0225253258275218,0.407282209774
"YTHDF3",1.59481225224111,0.180530184319945,24.9947417859917,0.0211558970199323,0.658199729573112
"YWHAB",3.6349264021164,0.0382063313045627,10.9986914062799,0.025478483442871,0.0343828472088082
"YWHAE",6.1726894174227,0.119171910712,8.40995371445765,0.0255181365243458,0.12304423411242
"YWHAG",2.58789963422948,0.160875439584381,19.3889660047097,0.022193505233978,0.472667568089627
"YWHAH",0.880958395847529,0.0141267070957213,19.6720028814594,0.0207049093735678,0.213250917519799
"YWHAQ",2.53973031314646,0.0440780250713474,14.6905003310036,0.0233040005009605,0.139076685338999
"YWHAZ",3.13964717512729,0.0302056384288176,11.9083612079979,0.0252176732146122,0.0408537763183311
"YY1",6.13546660581234,0.238153675405624,9.39769019503321,0.0273759340312603,0.339192582576782
"YY1AP1",4.78714835532058,0.368363036079545,12.017332487343,0.0342988856934698,0.604597257098706
"ZADH2",1.77662266894667,0.372490705684649,19.7647742960372,0.0348325548863201,0.821228510720495
"ZBED1",1.23715442991268,0.180252111647991,27.0788303539812,0.0204498258532529,0.715375700212478
"ZBED5",2.87357341135675,0.344902361680928,16.8843006098807,0.0325627061073898,0.69953641104887
"ZBTB1",1.56490442858596,0.228698145380165,24.2718750051794,0.0239405110137042,0.71682441568476
"ZBTB10",0.505426306158482,0.0961678290693257,34.6091012462648,0.0131106659725934,0.787135406606143
"ZBTB11",1.98581129455832,0.428027223872218,17.1781309674595,0.0395057677198854,0.836681475758161
"ZBTB17",5.12056940968653,0.594413830390762,6.56687136488471,0.0535038571564835,0.789839675487734
"ZBTB2",1.3651211597752,0.403771382560008,19.8669702230002,0.0375694987721998,0.873478848754105
"ZBTB20",0.454888656145805,0.0276053285496026,31.259570482466,0.0128295823291039,0.57185628742515
"ZBTB25",2.01133694553261,0.369319922502137,19.0460504604079,0.0345297822216036,0.796503766660228
"ZBTB33",1.14612441343968,0.297178117544881,24.7960318649215,0.0285918956409943,0.841027622175005
"ZBTB38",1.76305861123852,0.109802953416522,22.2826064189405,0.0195748248331576,0.46397527525594
"ZBTB4",1.41147308679466,0.269813926709782,24.2326172622764,0.0266292760635527,0.781823449874445
"ZBTB41",1.59189847676888,0.361733018884101,20.860258116923,0.03397570760282,0.834460112033997
"ZBTB43",2.76480897547397,0.398766866507519,16.0962403398677,0.0368434605155822,0.761155109136566
"ZBTB44",2.15032736424404,0.308481781422207,20.3089467495567,0.0298200618704169,0.73556113579293
"ZBTB7A",2.18849747441637,0.2330380057049,21.2430975991232,0.0248549704640832,0.641008305968708
"ZBTB7B",1.40022920872923,0.222536032588273,25.6160300178602,0.0232998217413406,0.743867104500676
"ZBTB8OS",2.81686186131325,0.234841188100134,18.661120977921,0.0254872197609874,0.5741742321808
"ZC3H12A",0.563082782736577,0.0927832931467908,33.6279933556268,0.0134574895720027,0.753428626617732
"ZC3H13",2.25826805270645,0.165701669488734,20.8916125423064,0.021831803542259,0.521247826926792
"ZC3H14",4.67532009797709,0.464352824186388,10.3393634295013,0.0417472400005031,0.70291674715086
"ZC3H15",8.64569181229408,0.261227201599807,4.91986676570635,0.0288012878121011,0.266273903805293
"ZC3H18",1.96771859052187,0.236820688805514,22.3667468814624,0.024859053516212,0.677709097933166
"ZC3H3",1.5497254087389,0.283014368280795,23.6062142649267,0.0277068973090295,0.78549352907089
"ZC3H6",1.29043977209413,0.204195461255386,26.4941523267884,0.0219688214520037,0.738361985706007
"ZC3H7A",3.00724294934826,0.294444528186962,17.5208242943207,0.0290937405435491,0.63801429399266
"ZC3H7B",2.15960984302082,0.26578880915459,21.401733399087,0.0268503701642964,0.697701371450647
"ZC3H8",2.0321382683314,0.317025211087771,20.6277364097511,0.030438674881951,0.757678192003091
"ZC3HAV1",1.19717006191516,0.0921910080465701,25.9735234003446,0.0173551792181736,0.535831562681089
"ZC3HC1",4.14139442324726,0.654509844556877,5.81933446228511,0.0598773371544646,0.861116476723971
"ZCCHC10",4.49477704208576,0.497915197094157,9.73211992544186,0.0446349352811537,0.73662352713927
"ZCCHC17",3.33584443193971,0.257448347131084,17.064810818762,0.0270221228522018,0.567606722039791
"ZCCHC2",0.751766173181108,0.179182435255584,30.6895338245431,0.0192038526996538,0.81437125748503
"ZCCHC3",1.50345188558269,0.551340077488569,13.2012915000832,0.0509447890876352,0.919741162835619
"ZCCHC7",3.2031369412791,0.298187235458919,17.10702232087,0.0294212520186307,0.632702337260962
"ZCCHC8",3.25875701601993,0.456442965285803,13.2433972004207,0.041522239758465,0.771296117442534
"ZCCHC9",5.15795214106487,0.522042765227475,8.20625083114154,0.0465947915526009,0.729476530809349
"ZCRB1",7.4151322005152,0.28757677602969,7.47050997278816,0.0297290814031149,0.367587405833494
"ZDHHC12",1.86403085706511,0.141762195851974,23.0765561854799,0.0202069511097023,0.540853776318331
"ZDHHC13",1.20037474921063,0.257883451716158,25.882642441088,0.025568993027415,0.808190071469963
"ZDHHC16",4.35871991007491,0.458183604607584,11.236935085009,0.0414151997606623,0.717983388062585
"ZDHHC17",1.06233226391045,0.266974105682144,26.1308477795535,0.0261477901001008,0.829727641491211
"ZDHHC18",1.7101599221806,0.431665262039821,17.8633344969457,0.0399485146156082,0.861406219818428
"ZDHHC2",0.494770473441303,0.281711144419487,28.5956390498304,0.0269099949593018,0.922059107591269
"ZDHHC20",1.60308138602431,0.233359216871389,24.2165343692575,0.0242642031883362,0.722812439636855
"ZDHHC21",1.42951158080282,0.286952102623422,23.8273762741449,0.027930937831158,0.797952482132509
"ZDHHC24",2.61781149913794,0.242264740710461,19.4500617831336,0.025732746238711,0.607301525980298
"ZDHHC3",4.12941338876743,0.341837753001379,13.3968835447804,0.0323472425182831,0.601313502028202
"ZDHHC4",3.48803800587247,0.314172865189896,16.4477244098076,0.0305996511370297,0.639752752559397
"ZDHHC5",2.40719453329871,0.376217655888107,17.6054700073368,0.0350384389534475,0.767722619277574
"ZDHHC6",5.90194425389909,0.495650799897435,7.48439582653959,0.0438957688254137,0.671045006760672
"ZDHHC7",2.74763220668093,0.258827023927379,18.8384939788546,0.0267699566733794,0.617249372223295
"ZDHHC9",1.1584581916641,0.190077202144742,27.9167375761747,0.0207750651799765,0.754780761058528
"ZEB1",0.24253319526299,0.0372239370059507,37.9932008021916,0.00862693531778123,0.783851651535638
"ZEB2",0.261763187399398,0.0128251888382726,34.2903729326795,0.0104439653605366,0.633281823449874
"ZFAND1",1.58934278689765,0.113474104514916,24.7269966456903,0.0186248573506699,0.538439250531196
"ZFAND2A",0.567533496648146,0.101054786951091,33.4660512702187,0.0139004161702801,0.762796986671818
"ZFAND2B",4.28709864929793,0.334287231446284,13.4433740904721,0.0319238491778482,0.590882750627777
"ZFAND3",3.16943706554155,0.210318564564185,17.19729519997,0.0246514862024469,0.495460691520185
"ZFAND5",2.29339702807328,0.0703269165630121,17.1068928036177,0.0217042682214064,0.252269654239907
"ZFAND6",4.36917345499239,0.227141598281295,13.5967651806927,0.0261715374785102,0.428240293606336
"ZFAS1",1.83992875188371,0.0247533839580596,15.4207365480431,0.0232772695026811,0.118601506664091
"ZFC3H1",2.27265346346625,0.294529304558871,19.9290192613188,0.0288389948417513,0.703303071276801
"ZFHX3",0.631823900112198,0.0905684382686652,32.6848770407592,0.0138576593394564,0.722812439636855
"ZFP14",1.86824239077826,0.421679426723372,17.7445754287933,0.0389984875040849,0.842476337647286
"ZFP36",0.552714585887681,0.00352546087732635,19.2937071323606,0.0211988579817602,0.179544137531389
"ZFP36L1",1.52080010893482,0.00827397990419381,14.0613519470782,0.0246825747470139,0.0457794089240873
"ZFP36L2",0.721607445732725,0.00648346848355801,18.385651328923,0.0217703992981534,0.16013135020282
"ZFP62",1.62814676244884,0.48462009896029,15.8926834649901,0.0447196833068432,0.88980104307514
"ZFP64",0.950887757567483,0.211841897414451,28.6094174094469,0.0218783160964961,0.809542205910759
"ZFP91",3.28030092103912,0.483066126368488,12.5376966827271,0.0439066003558172,0.792157620243384
"ZFPL1",3.03149493820163,0.227788354596583,18.7251413284758,0.0252467338960029,0.564805872126714
"ZFR",3.6572351856426,0.186525623626409,15.9425110506242,0.0241727375161472,0.423990728220977
"ZFX",3.74641625142775,0.413421225605148,13.0983473344705,0.037720106590938,0.702047517867491
"ZFYVE16",0.942046115662668,0.131146735431091,29.6744731600729,0.0170478869297393,0.706297083252849
"ZFYVE19",10.063244928887,0.74202520248923,0.0373363301963252,0.0681468226781944,0.789260189298822
"ZFYVE21",2.03530673009491,0.177249153233453,22.4149787979347,0.02182088469392,0.581997295731118
"ZFYVE27",3.16174081739546,0.489030232962867,12.3999228519234,0.0443861431959073,0.797952482132509
"ZHX1",2.07229507360168,0.197107621084858,22.6383004233057,0.0227154383638222,0.620822870388256
"ZHX2",0.835868196254768,0.288150561573955,26.5602898498762,0.0276865166228125,0.875603631446784
"ZKSCAN1",0.672164235495457,0.0297117550437753,27.6656220132889,0.0152673401149446,0.472281243963686
"ZMAT2",7.69992584176664,0.376928974283686,5.7221675556454,0.0343521525826298,0.454317172107398
"ZMAT3",0.545272329420583,0.0798042951723239,33.509588308572,0.0129738991099355,0.727931234305582
"ZMAT5",6.00730184830243,0.466722737031648,8.15455536236803,0.0415984227254661,0.646513424763376
"ZMIZ1",0.998616567019191,0.0955111889963002,28.5193448244907,0.0161865559413031,0.613289549932393
"ZMIZ2",2.62280991956323,0.29165406403082,18.833257222371,0.028779160209925,0.669016805099478
"ZMPSTE24",2.49256357974241,0.27468709228225,19.7963105088026,0.0276183064101942,0.668244156847595
"ZMYM2",1.97676814699242,0.205778710536557,22.1969663360323,0.02315882387608,0.622754491017964
"ZMYM4",2.04346132816444,0.329067359154224,20.0972386665797,0.0313335807289077,0.762217500482905
"ZMYM5",2.52783679992231,0.354180113206034,17.7659548258778,0.0332749014415851,0.73787908054858
"ZMYND11",2.28426983530136,0.203342022340614,21.6646603115058,0.0232972609328972,0.60450067606722
"ZMYND8",1.13347365839847,0.154210991585388,28.1463574539963,0.0187601629648955,0.702047517867491
"ZNF106",2.04731464942551,0.138873383984928,21.3505556501624,0.0207444527996322,0.48841027622175
"ZNF12",5.10645604806311,0.646996613393941,5.20360491656638,0.05882985049806,0.828375507050415
"ZNF121",1.27514935200408,0.265804245318859,25.3157885391304,0.0262275653719408,0.805196059493915
"ZNF131",2.1026415061441,0.209418681298321,22.4662546550392,0.0233872765848604,0.636179254394437
"ZNF136",1.46973423367673,0.449613015820061,17.7057368687281,0.0416037336509646,0.885551477689782
"ZNF138",1.84526570882831,0.377127189672022,19.4952109045992,0.0352396397561308,0.820938767626038
"ZNF140",3.5553789804793,0.576501331141434,9.0572074888045,0.052393760811653,0.836874637821132
"ZNF143",1.19775507549997,0.317889790925659,23.7916658176389,0.0302888169217089,0.846242997875217
"ZNF146",2.15752627866641,0.181467156581155,22.022079264382,0.022152580238991,0.578327216534673
"ZNF148",5.68089669917676,0.343523248800862,9.92384343633171,0.0324823212567347,0.512748696156075
"ZNF160",1.79132009140428,0.328754412026764,21.0562488613053,0.0312788620527045,0.788004635889511
"ZNF189",1.5650429420472,0.457512068639067,17.1679898042544,0.0422897553198218,0.88284720880819
"ZNF195",2.14939945814901,0.368065067363266,18.6906216553834,0.0344256187280814,0.784720880819007
"ZNF197",2.49205971916248,0.653361546813919,7.41235112318122,0.0602929905957822,0.912401004442727
"ZNF200",5.6951198291561,0.765154184511628,1.25835000404755,0.0712229196480396,0.885261734595326
"ZNF207",5.18816969646495,0.222245175459057,10.5487967723603,0.0264601159984383,0.341607108363917
"ZNF212",12.4125197684631,0.900703086124584,1.84244431913996,0.0894848661889557,0.907958276994398
"ZNF217",0.888709845121298,0.118439740744801,30.1936050144696,0.0162582273788219,0.69953641104887
"ZNF22",3.08174904930551,0.18349014660346,17.6848380073883,0.0235221050768617,0.464747923507823
"ZNF224",1.479985687333,0.317285815657512,22.5449574821062,0.0303022170370732,0.810894340351555
"ZNF226",2.6216139231137,0.454487808109265,14.7230672612897,0.0415939417677288,0.809445624879274
"ZNF227",1.599819164364,0.485285955818893,15.9038094571601,0.0447806328625744,0.891249758547421
"ZNF24",3.33486016870245,0.219311564729184,16.805261659185,0.0251533843961702,0.499710256905544
"ZNF26",2.03138294850852,0.506564942032579,14.1306544074191,0.0465376574027769,0.874348078037473
"ZNF260",1.31699921516493,0.262692281877017,25.1354580495727,0.0260289415625891,0.795248213250918
"ZNF263",6.39152966756409,0.683121579455465,3.18262303090835,0.0622080269493272,0.81794475564999
"ZNF264",1.78421643377816,0.431285116985357,17.5927650757826,0.0398561883086902,0.853389994205138
"ZNF267",0.881131995687128,0.148567005623597,30.0770550492778,0.0177174643215939,0.746667954413753
"ZNF274",2.45743898976985,0.446318085548772,15.4647306491565,0.0409804497510559,0.817268688429592
"ZNF276",1.92226155244332,0.3856373611149,18.8752044321804,0.0359141320806909,0.817268688429592
"ZNF277",2.84680788910873,0.38307703689917,16.2823204664673,0.0355577309272312,0.742032064902453
"ZNF280D",1.78147255219597,0.172692862725779,23.8747799819647,0.0211504031581205,0.614448522310218
"ZNF281",1.60800029573867,0.24908572005787,23.9108210111617,0.0253141722838366,0.739714120146803
"ZNF292",2.27714642825121,0.128301855232366,20.1980444705524,0.0209523194571334,0.439250531195673
"ZNF3",1.6665555379216,0.29148309854049,22.710038805668,0.028392825325058,0.774386710450068
"ZNF302",2.37443833533272,0.23483234852484,20.6732296979931,0.025109007485442,0.628452771875604
"ZNF316",1.92124413185009,0.527740138963174,13.5129317165764,0.0485636737440569,0.890283948232567
"ZNF317",2.39451359800956,0.538145563719175,12.1924619889894,0.049274778307909,0.868649797179834
"ZNF32",5.96598095349174,0.412564339585129,9.04100153735688,0.037336365427817,0.591365655785204
"ZNF322",2.75723149316904,0.355665948639901,17.1343970783856,0.0334053665345616,0.722909020668341
"ZNF324",1.65130529075561,0.565458468794316,12.3153981401204,0.0522000805428268,0.916650569828086
"ZNF326",2.55027716034113,0.257560928104852,19.7833515385973,0.0265736395514334,0.640718562874252
"ZNF330",5.38292679584372,0.446957077293411,9.2250624702024,0.0400014678079539,0.647189491983774
"ZNF331",0.270570377110342,0.0251387830475398,35.9979333131051,0.0095578216904231,0.704848367780568
"ZNF335",1.6809725434979,0.388375803109566,19.5107962754453,0.0361835673376006,0.839192582576782
"ZNF33A",2.4399314564018,0.260564386931372,20.3781632465054,0.026689456742706,0.661580065675101
"ZNF33B",1.10752468568174,0.210928720001949,27.7084268935822,0.0220696598132472,0.78298242225227
"ZNF385A",0.278177026898788,0.0246094606843082,36.2305925925779,0.00939311155726639,0.710739810701178
"ZNF394",3.18182975814148,0.399997345142291,14.8109335854983,0.0367936548644703,0.728124396368553
"ZNF395",0.474323443067944,0.113425782308791,34.7516472117971,0.013880640624891,0.820166119374155
"ZNF397",2.04961415191807,0.331145233614349,20.1976972941546,0.0315236584397125,0.768108943403516
"ZNF408",3.61828270290313,0.68260614657338,5.27068265763456,0.0628805630082163,0.890573691327023
"ZNF414",5.01462769686793,0.629997690975261,5.78644158006498,0.0571448408079655,0.820166119374155
"ZNF428",4.13009789755586,0.164212785543191,13.858058201739,0.0241395092715312,0.332625072435774
"ZNF429",0.976967585137271,0.2256153081401,28.1021807424782,0.0229112718145326,0.81775159358702
"ZNF431",2.33003483305753,0.342349499803211,18.8067140662584,0.0323858558392206,0.747730345760093
"ZNF44",2.56975903706877,0.54948493057788,11.5000897983136,0.0502778117964009,0.866331852424184
"ZNF444",2.92399545910651,0.439942112581545,14.6103031618908,0.0402845577043611,0.783561908441182
"ZNF445",1.43011827107015,0.42454550931237,18.8644996563474,0.039390184850296,0.878307900328375
"ZNF451",2.86409954139545,0.317296835408554,17.618276179897,0.0306017030089272,0.67635696349237
"ZNF480",1.7332440168841,0.401825294820201,18.8668038994333,0.0373237877152228,0.842476337647286
"ZNF493",1.26631769054301,0.254560209778203,25.4838103928264,0.0253877980416634,0.791867877148928
"ZNF511",4.47675282429466,0.371962117884973,12.3651472539595,0.0344936982056043,0.61947073594746
"ZNF512",1.93309407300959,0.360623052391331,19.7223882158447,0.0338624926128207,0.801332818234499
"ZNF518A",1.90505801380476,0.325289017900823,20.8681498526535,0.0310464831309449,0.77728414139463
"ZNF524",3.29972982308298,0.26372266176413,16.9077921137563,0.0273476768582103,0.573305002897431
"ZNF544",2.28200966045063,0.4212842501131,16.7411815431408,0.0388743134831601,0.813791771296117
"ZNF557",3.90285163333825,0.672481140750797,5.38029138308274,0.0617466511786572,0.87695576588758
"ZNF561",2.47682690066246,0.436892361181809,15.7272626778602,0.0401536459289379,0.809928530036701
"ZNF562",2.48984832074736,0.408614938339888,16.6721965880202,0.0377696647219781,0.792061039211899
"ZNF567",1.68596670976875,0.44015036429283,17.569634294529,0.0406966358769559,0.86662159551864
"ZNF576",1.38560503123823,0.266655066278974,24.7418569449122,0.0263767842320768,0.790708904771103
"ZNF580",3.16850485828697,0.208857435987688,17.4056978548928,0.02456811415965,0.49874444659069
"ZNF581",2.34324338396217,0.280536689350955,20.263310009288,0.0279322908097023,0.690168050994785
"ZNF592",2.7545339105752,0.388101301675177,16.489671670977,0.0360024744205915,0.755360247247441
"ZNF593",1.97654743469805,0.0884155739760535,21.5874512701752,0.0195962322144784,0.408537763183311
"ZNF598",1.72149302804418,0.38951684647874,19.4767869878899,0.0363125372271697,0.83986864979718
"ZNF605",1.3263549182304,0.328767947268764,22.9854558554527,0.0312250008573136,0.84112420320649
"ZNF609",1.36275630094262,0.33361267594251,22.6009558053552,0.0316185403640148,0.838226772261928
"ZNF621",1.20144774609027,0.295326298395429,24.5848966183185,0.028468474916413,0.832238748309832
"ZNF622",3.26413575659381,0.36252928283665,15.6682113737049,0.0339327243207968,0.69364496812826
"ZNF627",4.09876568340326,0.685744801199615,4.78534127630309,0.0630728772108391,0.878887386517288
"ZNF638",2.77646609670864,0.167861006350845,18.3214995990317,0.0227439933431098,0.455476144485223
"ZNF639",2.24871405558261,0.405055522130673,17.4905390767416,0.0375466325653829,0.809059300753332
"ZNF644",2.99419731750735,0.222461767062199,17.9947016955089,0.0250208842643242,0.536411048870002
"ZNF652",1.39028203215976,0.186160302573378,26.1811130028633,0.0210654744818071,0.700212478269268
"ZNF654",1.26485298377411,0.446108882864669,18.4068275261475,0.0413733130660696,0.899748889318138
"ZNF655",1.59585026351657,0.192342630373056,24.6355389791076,0.0218301046120126,0.667664670658683
"ZNF664",1.73133034137302,0.232797358031954,23.920084867662,0.0243407071511931,0.713733822677226
"ZNF668",1.46287675513477,0.363467105761625,21.1736280174938,0.0341112570545528,0.845953254780761
"ZNF669",1.53918061620764,0.528804460478803,14.1466181657173,0.0488216068868308,0.91066254587599
"ZNF672",3.17779013410401,0.364646433337285,16.0131508642139,0.0341393985099959,0.706103921189878
"ZNF680",0.990959648927871,0.260343817379778,26.8469619402507,0.025567409184189,0.838902839482326
"ZNF687",2.25807833363996,0.499363296314013,14.0471937093567,0.045826750629228,0.860247247440603
"ZNF688",2.94286303679928,0.458314850441785,13.8991853123244,0.0418145426756283,0.792350782306355
"ZNF689",0.560638873073048,0.246894375936717,29.7296684213688,0.0240259811413341,0.897624106625459
"ZNF692",2.43313906274272,0.401164134809851,17.1158122270563,0.0371798945590966,0.792640525400811
"ZNF7",1.36552277174371,0.21938278263468,26.1303336541619,0.0230141617266459,0.752945721460305
"ZNF706",3.77492551614919,0.0644035068108187,12.3140260267698,0.0242596329144043,0.118698087695577
"ZNF720",3.77394968817196,0.515422267672357,10.5535815726232,0.0465388262534985,0.786073015259803
"ZNF721",3.41713666564234,0.397542284341373,14.4159193629867,0.0365943162463011,0.71344407958277
"ZNF738",1.53152589275501,0.446124414494251,17.7381421078156,0.0412881411041603,0.880819007146996
"ZNF75A",2.12611819136807,0.358247546418449,19.1256734275176,0.0336534359779411,0.781243963685532
"ZNF76",4.92324882990918,0.539791544888271,8.16402187286936,0.0483368561556492,0.754587598995557
"ZNF770",3.52838993790799,0.392978707890339,14.2531395657356,0.0362158112588585,0.702047517867491
"ZNF780A",2.87466992761491,0.641599418733343,7.48672814974727,0.0589866541403482,0.894533513617925
"ZNF790",1.77358412695486,0.605221525768134,10.3424215039444,0.0559140467341811,0.923218079969094
"ZNF791",2.08665324512481,0.247315189969811,21.7206618496445,0.0256111275629879,0.676936449681283
"ZNF800",3.47923550688858,0.283852892205123,15.838713025581,0.0285626343835642,0.57649217693645
"ZNF821",1.64193230789274,0.357596747224421,20.8052885532231,0.0336241970699875,0.826443886420707
"ZNF83",1.40700543122947,0.179538663642631,26.1762368374466,0.0207264757148686,0.68920224067993
"ZNF830",4.25266788994107,0.553440034685682,8.7518592644748,0.0498790400498932,0.79225420127487
"ZNF84",2.02086302894546,0.312436533577166,20.724780632024,0.0300827327769755,0.753138883523276
"ZNF91",1.05969141078952,0.188759232712017,28.1919484799319,0.0205702958435545,0.760285879853197
"ZNFX1",1.06658131138654,0.0877932015629076,27.1529047121626,0.0166367746172504,0.561328954993239
"ZNHIT1",2.75173583962204,0.0653988661588555,14.8958671372504,0.0228995399125205,0.18456635116863
"ZNHIT2",1.47024145126925,0.344319060442263,21.9468022185237,0.0325353181786914,0.836971218852617
"ZNHIT3",8.40594562982339,0.504511078111893,3.99166585574424,0.0438889213460411,0.588178481746185
"ZNHIT6",1.47885492988845,0.300005792240336,23.2172424863866,0.0289585254310541,0.801912304423411
"ZNRD1",4.47335460972384,0.286252007633757,12.8479519349534,0.0289724867078652,0.501448715472281
"ZPR1",4.48462055392068,0.379120964577666,12.3067195092471,0.0350338700535511,0.628645933938574
"ZRANB1",2.66248743051015,0.5283939804888,12.1060349772524,0.048254025028219,0.850589144292061
"ZRANB2",3.28025745345192,0.16217737028406,16.1894905142443,0.0232768534419072,0.389318137917713
"ZRSR2",2.85337244267391,0.392397483217578,15.8619422245126,0.0362527364883621,0.745122657909986
"ZSCAN16-AS1",1.14801525440817,0.211671574327,27.1141401301542,0.0222346481922795,0.767722619277574
"ZSWIM7",5.21808726472095,0.440170725605585,9.76078518132888,0.0395580690638213,0.651439057369133
"ZSWIM8",2.63028473340646,0.448734405476218,14.8160957478302,0.0410561925352105,0.803264438864207
"ZW10",2.44615198287033,0.604531153421488,9.50144359554279,0.0555676853687405,0.895789067027236
"ZWILCH",0.811845425635027,0.298105501926737,26.3281520179902,0.0285051584964256,0.885068572532355
"ZWINT",0.139644175417902,0.0382285971424267,41.0694758584697,0.00664815983097908,0.874927564226386
"ZYG11B",3.05498371418664,0.445886537545003,14.0174401558059,0.0406973895126739,0.776511493142747
"ZYX",1.46462025816163,0.0274606055221133,17.6525451503113,0.0218017848050148,0.18437318910566
"ZZEF1",1.63416554418375,0.298328635492891,22.436999726753,0.0288783033353794,0.777863627583543
