"genes","r_est","p_est","r_rmse","p_rmse","zero_prop"
"A2M",0.175197825188982,0.00194704486483713,3.88427778098541,0.0233088981686557,0.56712542196832
"AAAS",2.33882100069824,0.287850344250853,5.08472514720058,0.0518076847807528,0.746819008049857
"AACS",0.917866251503409,0.192877937536832,5.41912469258691,0.0521583280004332,0.832511036094521
"AAGAB",1.46680085998863,0.174413203840935,4.73868206768807,0.0443552307326655,0.720592054011945
"AAK1",2.52762484667442,0.174011411331946,3.84961693892886,0.0353711333374688,0.57543495196053
"AAMDC",1.16574648926271,0.0612693108011965,3.40199461844994,0.0230306478372089,0.506621656712542
"AAMP",4.2574261693457,0.192949191856094,2.94048130646773,0.0280769965210056,0.430277849909114
"AAR2",24.1689387422794,0.852192871487727,21.7768198176467,0.0714908549556075,0.798753570501169
"AARS",1.40845327259205,0.170081421268286,4.75021045568043,0.0442850706874996,0.723188782134511
"AASDH",2.6321328166688,0.412129791366333,5.83117518092024,0.0612920545395169,0.820306413918463
"AASDHPPT",4.41934753517146,0.334555924329754,4.85261164671886,0.0491294684647552,0.646065956894313
"AATF",10.2370061889459,0.538641512059547,7.55119535079222,0.0597857138397919,0.63723708127759
"ABCB7",3.82596624142777,0.408969325862615,5.69955288893551,0.0580795095690553,0.753570501168528
"ABCB8",2.66421945893587,0.360120529636467,5.53550905790051,0.0573343567512418,0.786808621137367
"ABCC1",1.33930824798603,0.285494859306934,5.59669695942462,0.0571142696296549,0.847572059205401
"ABCC5",0.517703734253189,0.0551419501340316,4.77115535964002,0.0380066698996884,0.722669436509997
"ABCD3",0.748031373579535,0.0927669930727808,4.82692002599087,0.0409683559367965,0.735912749935082
"ABCD4",1.04940191022144,0.113181903927692,4.53481352939147,0.0390993646927667,0.691508699039211
"ABCE1",2.42318900616496,0.220939086581166,4.50339063694099,0.043731936597911,0.667359127499351
"ABCF1",6.35280061279441,0.435915436924423,5.86907729527577,0.0555160658679058,0.665281745001298
"ABCF3",4.95339856755787,0.50671364698064,6.53049795765058,0.0634795025049256,0.775123344585822
"ABCG1",0.423792510269484,0.0664302271517852,5.22325888901976,0.0438964169220351,0.797195533627629
"ABHD10",6.51462024873612,0.601697874257653,7.80081222274038,0.0680757172336307,0.795897169566346
"ABHD11",0.598834774893219,0.062044228691863,4.6721214303699,0.0373340443528305,0.707868086211374
"ABHD12",2.26105487381077,0.115523230334221,3.30382206810311,0.0260935539709697,0.493897688911971
"ABHD13",9.58988401665546,0.661901767996097,9.48975122031099,0.0693024330499481,0.769410542716178
"ABHD14B",2.77841851911415,0.112096598212681,2.56185688657623,0.0188522694707815,0.38691249026227
"ABHD17A",1.57948885524207,0.200509840063529,4.85161171007606,0.04670279596268,0.736172422747338
"ABHD17B",7.36184463921942,0.848275798930817,11.005865613305,0.0794138443569047,0.930927031939756
"ABHD18",2.36073650210444,0.436323887450875,6.00417989660049,0.0636918791608003,0.850947805764736
"ABHD2",0.852817632233468,0.0403715023098891,3.46950749518824,0.021840172078143,0.51129576733316
"ABHD3",0.651805973292023,0.112151540269606,5.19196944748813,0.0460685734526226,0.79641651519086
"ABHD4",1.13148238368691,0.304501690324392,5.74756903916266,0.0595017710894836,0.876655414178136
"ABHD5",0.739348699529508,0.0832241841607161,4.70132185142987,0.0390201070694778,0.715138924954557
"ABHD8",3.43009603467077,0.470380612565657,6.21098200029756,0.0636705068218097,0.818748377044923
"ABI1",4.55970613170511,0.252920607139621,3.84896587845421,0.0381049570867904,0.531809919501428
"ABI2",1.40214779183056,0.118657017660627,4.16209867252463,0.0354255814205853,0.631524279407946
"ABI3",0.257230188205032,0.0367657631313093,5.32944275747568,0.0434421536046961,0.81069851986497
"ABL1",1.18232191638225,0.193759480813525,5.17302683588699,0.0496335952577889,0.790444040508959
"ABL2",0.527316966968563,0.0523169740591121,4.73571578413548,0.0373601033470268,0.715917943391327
"ABLIM1",0.323546429432514,0.0255849241080241,4.68802642211781,0.0350294305676515,0.704232666839782
"ABR",1.72912781267558,0.164804762239596,4.47495264314585,0.0409742673038944,0.675408984679304
"ABRACL",1.50240377087618,0.0398854153724176,2.4373634936212,0.00993151015189894,0.347442222799273
"ABT1",12.0472663280851,0.599809323244818,9.04811731926843,0.0633333973351244,0.659049597507141
"ABTB1",1.03972008443645,0.105331551829763,4.40982778971446,0.0373473224922982,0.672033238119969
"ACAA1",2.65263775893373,0.107801222523435,2.73652784833073,0.0199343938196287,0.409244352116333
"ACAA2",4.11954750294836,0.323088151288225,4.87594766825573,0.0490532470456013,0.658530251882628
"ACACA",0.538269199467269,0.0708602537099727,4.97516263889249,0.0413332760985313,0.757725266164633
"ACAD8",2.55030757349969,0.425866717867613,5.96118364668294,0.0626110581186342,0.837185146715139
"ACAD9",15.3849643757066,0.781667504758801,14.5274407162722,0.0725902982023133,0.797714879252142
"ACADM",3.65769172409967,0.248238916787984,4.09735647206778,0.0407593412409238,0.585302518826279
"ACADS",0.969524271690779,0.0831136691673534,4.26923619462688,0.0342289187878393,0.646065956894313
"ACADVL",2.39572456292981,0.0450457564380059,1.26173128140188,0.00167913679106456,0.177356530771228
"ACAP2",6.05064519345134,0.211604231625615,2.60839000735434,0.0255334356330155,0.359906517787588
"ACAT1",2.18601892886476,0.153868368509219,3.86558703959162,0.0344176967632999,0.581407426642431
"ACAT2",1.08748205612429,0.17003931309878,5.10253979046797,0.0478634376590919,0.78057647364321
"ACBD3",2.38997724026892,0.302428951946358,5.21174802159696,0.0532159404108349,0.760062321474942
"ACBD5",2.83987392762408,0.387523469616389,5.69133078323458,0.0590245876005798,0.795897169566346
"ACBD6",5.31110814770026,0.318317957825497,4.30398701310525,0.0440551495481199,0.561412620098676
"ACD",2.34362529805009,0.250588111647321,4.7536596114691,0.0475457973210951,0.704492339652038
"ACER3",1.06864924892752,0.161626180688108,5.10745043939398,0.0473982167416857,0.780057128018696
"ACIN1",4.22891027467755,0.205170169537265,3.22564572705435,0.0310164415329128,0.46533367956375
"ACLY",2.23168907217718,0.168753620713018,4.02946800098037,0.0368337656677823,0.604777979745521
"ACO1",1.01504999426443,0.145081197920176,4.98930242052458,0.0454880599618994,0.762918722409764
"ACO2",3.47748423739589,0.198631209789514,3.6441926067913,0.034285965513197,0.530251882627889
"ACOT13",3.01536237067985,0.226850587273614,4.33431934053486,0.0417811934976633,0.628408205660867
"ACOT7",0.553103074642044,0.0956527701717551,5.28137140917214,0.0460906159300543,0.808621137366918
"ACOT8",3.97939131938132,0.398289872694105,5.58031149596708,0.0567531712343252,0.735653077122825
"ACOT9",2.65047338861898,0.258652501964531,4.83699848108611,0.0478091173972503,0.702934302778499
"ACOX1",3.35155189563639,0.34851550032894,5.25842034359956,0.0539351635262845,0.728641911191898
"ACOX3",1.49634941998074,0.307462587127794,5.60912784560447,0.0578797399455616,0.843936639833809
"ACP1",3.57476348187984,0.10965726614233,2.01081880055087,0.0132039715356157,0.303817190340171
"ACP2",0.884256304466064,0.0689665997540411,4.25483592983317,0.0329690176938325,0.640612827836926
"ACP5",0.290894024176279,0.00933186763986188,3.92369808374226,0.0244237525134315,0.57543495196053
"ACP6",0.55229246402879,0.174068270336592,5.71289615851417,0.054516281851471,0.883666580109063
"ACSF3",6.00125753713933,0.603035949862606,7.69414977427775,0.0686739920084783,0.811217865489483
"ACSL1",0.412260136625239,0.0290568606066117,4.53289298276109,0.0333376286844477,0.678784731238639
"ACSL3",1.27513972647861,0.0670892543783529,3.43586557953672,0.0238250146531113,0.51207478576993
"ACSL4",1.00998440945958,0.122210938084676,4.83781018062295,0.0425654490985694,0.736691768371851
"ACSL5",0.729952566824813,0.146684242263613,5.37439926929053,0.0496395817648944,0.826019215788107
"ACSS1",0.916189046086996,0.17616093229756,5.30388545431943,0.0503081854869636,0.814853284861075
"ACTB",1.90069823869737,0.00137028275645121,0.322384517075709,0.0195391584295089,0
"ACTG1",3.88925457664211,0.00651410321218364,0.199076701387363,0.0186966764016843,0.000519345624513113
"ACTL6A",1.61038064536399,0.177930271070097,4.65856657204544,0.0436398239589254,0.706050376525578
"ACTN1",0.907858323979411,0.0280731375601537,2.83280150994584,0.013222626020096,0.406128278369255
"ACTN4",1.45233506563771,0.0398851665890708,2.16288265712345,0.00716313222503981,0.308491300960789
"ACTR10",3.96827084324198,0.27963438847804,4.3571378418772,0.0438953799801676,0.60711503505583
"ACTR1A",4.96613120738009,0.275180851074843,4.02632314662574,0.0400651269695968,0.540638795118151
"ACTR1B",3.13852938721803,0.252647077859226,4.37240669719185,0.0436964464142502,0.633341989093742
"ACTR2",2.96886159304974,0.0877621260215606,2.17415379663142,0.0123580790163088,0.321474941573617
"ACTR3",2.18160298217836,0.0466348112883595,1.75350622606962,0.00345559383011301,0.247987535705012
"ACTR6",2.51556384828858,0.333710657427488,5.36879905384808,0.055487053439396,0.774344326149052
"ACTR8",2.70222704419098,0.476650726398147,6.22392433668116,0.0655028975262939,0.855362243573098
"ACVR1",1.09230755008847,0.208276267101416,5.32766707714037,0.0518804175906372,0.816151648922358
"ACYP1",1.02795781593202,0.148250830303228,4.95908905571934,0.0454290109832463,0.759283303038172
"ACYP2",1.96472226189395,0.157242453535197,4.08748483768996,0.0368801462298367,0.616982601921579
"ADA",0.386773966984342,0.071606821461742,5.35786919690334,0.0457626628682158,0.820046741106206
"ADAM10",2.06364864491635,0.115463999638996,3.41421554855924,0.0273757706998684,0.513113477018956
"ADAM15",0.629011183516962,0.0235729867289252,3.36422029431001,0.0189933272974337,0.489223578291353
"ADAM17",1.90620077910273,0.225476343603149,4.88189897471708,0.0477244928065366,0.731757984938977
"ADAM9",1.78986416023542,0.124569621134782,3.91695632052374,0.0329979754271255,0.589457283822384
"ADAR",4.03005962473138,0.137032182723191,2.23579558489098,0.017693017818241,0.335756946247728
"ADAT1",1.83580249442044,0.395922152883334,5.89476953552021,0.0626408453155464,0.864450792002077
"ADCK2",1.73846647372933,0.348450933003873,5.74329280249465,0.0599500665537421,0.850428460140223
"ADCK5",1.90335524094987,0.445713723181059,6.10168610858484,0.0655062495408995,0.883666580109063
"ADD1",2.0984833461913,0.1033390973972,2.9303034552183,0.0219215003570845,0.443780836146455
"ADD3",0.58542259768944,0.029716275225552,3.77407302394877,0.0244488826566004,0.557257855102571
"ADGRE5",0.492209734298549,0.0434582149095025,4.6192905403208,0.035423815493637,0.695923136847572
"ADGRG1",0.254000360877172,0.0334284303836549,5.23345920098773,0.0421241168000164,0.79485847831732
"ADH5",2.12785788608612,0.104257166608273,2.9637164452316,0.0222603964278354,0.44793560114256
"ADI1",1.98762164559093,0.0822579387705501,2.76463753705923,0.0181074407725658,0.412620098675669
"ADIPOR1",6.52924819435359,0.193089348969166,2.28085719806923,0.0212727480257704,0.313425084393664
"ADIPOR2",1.77795720482586,0.189128138344397,4.60446988473049,0.0436467967242039,0.695923136847572
"ADK",2.15176815262288,0.196473818345536,4.40682524337397,0.0419103669054971,0.660347961568424
"ADM",0.118322546019199,0.00643186309906964,5.15665505068899,0.0395342796011965,0.777979745520644
"ADNP",3.92202924858827,0.394342390122398,5.54436565667236,0.0565178122960588,0.734614385873799
"ADNP2",1.28035727153273,0.316011097565169,5.73790906669153,0.0595839087097208,0.869384575434952
"ADO",4.0796940238167,0.670597124117836,7.69251301943101,0.0741557134377213,0.898987276032199
"ADPGK",2.33469607232631,0.174791450593872,4.1313188573001,0.0378314964712997,0.615424565048039
"ADPRHL2",3.23540522376181,0.324762185690958,5.17602988154104,0.052386603306545,0.723188782134511
"ADPRM",0.695532927329298,0.289250097602449,5.92225542470027,0.0610691538643488,0.916904700077902
"ADRM1",4.89013282601821,0.188331793812696,2.76929894207048,0.0256252513681947,0.395741365878992
"ADSL",3.18635365740609,0.195904990351131,3.74935124853691,0.0352761891731468,0.549987016359387
"ADSS",2.4263032376334,0.128566951106462,3.29655842864779,0.0271032267220865,0.494417034536484
"AEBP2",5.54219923720663,0.627588634444204,7.81289309897885,0.0705637280327779,0.839002856400935
"AEN",0.552095953720957,0.203431551915732,5.81257574202791,0.0567705412600515,0.900804985717995
"AES",3.37153973782392,0.099063928630611,1.84234513852132,0.0107118154135568,0.280446637237081
"AFF1",1.85409922178508,0.14158782439567,3.9130623505124,0.0344058705637006,0.593352376006232
"AFF4",3.07994362243199,0.125267241221039,2.56701736866704,0.0200164145126787,0.387951181511296
"AFG3L2",3.86795511012863,0.243948167537582,4.01529165798994,0.0395472062380709,0.568943131654116
"AFMID",1.09823414444236,0.157685957770062,4.98669589188193,0.046099768664628,0.762399376785251
"AFTPH",3.23895160005088,0.298840327398726,4.82016800466232,0.0490604559176049,0.68397818748377
"AGA",2.71783241867128,0.324176417647403,5.23867673205456,0.0538457277618779,0.751233445858219
"AGAP3",1.50785635423984,0.213462614274133,5.08862236327468,0.0493613670402652,0.770189561152947
"AGBL5",1.18488819175778,0.308963495649683,5.75334882664,0.0595936067120853,0.875097377304596
"AGFG1",2.16274655877386,0.276786862732464,5.14754575730156,0.0519041482611328,0.759542975850429
"AGGF1",5.39017483633202,0.30819655198075,4.21782908397424,0.0427799856063956,0.549727343547131
"AGK",1.76227230729409,0.320608925780828,5.54453786646194,0.0575185424890901,0.82575954297585
"AGL",1.37978479537868,0.168204067100616,4.74103360596751,0.0441586395716871,0.722669436509997
"AGO1",7.30179786176546,0.661184884811244,8.76127638366946,0.0709723297785373,0.820566086730719
"AGO2",3.07665710699935,0.343533413934552,5.28723267147197,0.0543764126604535,0.742664243053752
"AGO3",2.47220609833972,0.268265688555546,4.86963800707271,0.0490716648005836,0.715138924954557
"AGPAT1",5.05023380880308,0.361148501285386,4.99468063459132,0.0502662604241044,0.637756426902103
"AGPAT2",3.47031682206185,0.192723780675338,3.5408342479383,0.0331169633311296,0.517268242015061
"AGPAT3",2.86187618879883,0.314266817640829,5.19718247072025,0.0527084528615588,0.73980784211893
"AGPAT5",1.04909661401526,0.204774052174084,5.37430465116854,0.0521277260151168,0.823162814853285
"AGPS",1.80159524308107,0.186053662339511,4.5860580469774,0.0432256473039922,0.692028044663724
"AGRN",0.542936862085667,0.0478652099772306,4.53157080323076,0.034742241837007,0.682939496234744
"AGTPBP1",1.13173678673067,0.23641418026321,5.48770832804072,0.0544385366195685,0.838223837964165
"AGTRAP",2.35392492717785,0.0819389412383647,2.55837754020771,0.0156894201691553,0.378083614645547
"AHCTF1",1.53136579721049,0.178231025718535,4.69015369374646,0.044105008240159,0.713061542456505
"AHCY",1.50390419626686,0.060073874776415,2.97289090831774,0.0180415858362765,0.437548688652298
"AHCYL1",1.97589767881366,0.11930328119113,3.56241293776888,0.0291701561859439,0.53622435730979
"AHDC1",0.708325983370383,0.119869924941619,5.1563301463569,0.0460994169088245,0.791223058945728
"AHI1",1.14078627540662,0.107474037016741,4.31485851032897,0.0364191825931746,0.656452869384575
"AHNAK",1.45812670776449,0.0117013567681912,0.893766250322765,0.0112863778815278,0.0950402492858998
"AHR",0.771823365429392,0.0586338387507375,4.17405549113101,0.0314281977763695,0.627629187224098
"AHSA1",4.17226872575281,0.272415394323449,4.19862630641089,0.0421605441020032,0.58296546351597
"AIDA",2.88847440698315,0.241964665034669,4.44248372166534,0.0438463904906216,0.647883666580109
"AIFM1",3.23759221383843,0.353518341648342,5.39337275938401,0.0550427473266063,0.747078680862114
"AIFM2",1.021073316224,0.274284846858008,5.71069968726488,0.0581312893090399,0.874578031680083
"AIG1",0.935966878450676,0.0688654510097189,4.0472251156357,0.0307716404920495,0.609192417553882
"AIMP1",6.71391134005114,0.293971190515806,3.88059841818123,0.0380898142390657,0.477538301739808
"AIMP2",2.20178589371801,0.24782548915122,4.93307994742276,0.0487534510885305,0.729680602440924
"AIP",3.08525514730821,0.161586225675302,3.15751678143309,0.0282780214620071,0.47364320955596
"AK2",4.07996758262009,0.146021012563739,2.55088199958596,0.0208454644083166,0.374707868086211
"AK3",2.85370306818378,0.140249844860508,3.05889299218828,0.0257525162580063,0.459361204881849
"AK6",3.12781830350623,0.248079412275226,4.39861008059705,0.0435191528880326,0.635679044404051
"AKAP1",0.615902552529015,0.109892501337444,5.23423239670538,0.0464142096531666,0.80316800830953
"AKAP10",2.09469490368081,0.298924910337224,5.292111126211,0.0541674033873232,0.781095819267723
"AKAP11",2.62891521662121,0.254650823493422,4.63087616257179,0.0464409199170329,0.680602440924435
"AKAP13",1.91645751796021,0.0690505337692709,2.54183728743676,0.0144697552227296,0.375746559335238
"AKAP17A",3.03630991310509,0.385383913572357,5.61269523129719,0.0581663314714154,0.779278109581927
"AKAP8",5.14597340347457,0.551082755413632,6.97764807875049,0.0662943303303623,0.800051934562451
"AKAP8L",1.35148868859775,0.238693329968121,5.30953251874215,0.0527893293291273,0.807582446117891
"AKAP9",1.52682560410649,0.0404850220196403,2.12627655166373,0.0068026815832915,0.302778499091145
"AKIP1",8.12921872108745,0.451359139010409,5.99983570785107,0.0541199313227903,0.609711763178395
"AKIRIN1",4.4592552217684,0.291165671896319,4.3246615698153,0.0436438867771101,0.588678265385614
"AKIRIN2",2.27852742641859,0.148358465923871,3.77117537989207,0.0329996557816015,0.565048039470267
"AKNA",0.616049944317044,0.0982655019823778,5.12518944454524,0.0445962811903252,0.784731238639314
"AKR1A1",3.20857581036592,0.0775667671633946,1.74969592404525,0.0071425807230708,0.258114775383017
"AKR1B1",0.755996589548017,0.0529970595920938,4.17347823536397,0.0308943198522192,0.625292131913789
"AKR7A2",1.53947116300427,0.0474123221167808,2.35289084913042,0.0101214127331993,0.340431056868346
"AKT1",2.21189833897541,0.211440557528704,4.5528758723186,0.0438544142738174,0.678784731238639
"AKT1S1",1.63991045090302,0.123377099670251,4.01875692658431,0.0340753438346618,0.606855362243573
"AKT2",3.10993490505556,0.232438785934862,4.15237779451882,0.0409530772710456,0.60633601661906
"AKT3",0.540573073565468,0.102517209069319,5.31639201265041,0.0469237883931569,0.815891976110101
"AKTIP",1.26614576990947,0.193922425889871,5.07095764727494,0.0486729662605369,0.774344326149052
"ALAD",1.5631866457634,0.191396831927347,4.79693187597849,0.0457308054282704,0.728122565567385
"ALAS1",1.00089661488373,0.149386762866029,5.08203014421246,0.0465785118131001,0.776681381459361
"ALCAM",0.607657701981545,0.0474357813674553,4.41013362536866,0.0332263389090558,0.662425344066476
"ALDH16A1",4.09461800221379,0.444261511203348,6.00543923952763,0.0604276199988385,0.769929888340691
"ALDH18A1",1.0302624457294,0.136560587754048,4.88881504082496,0.0440056763951629,0.746819008049857
"ALDH2",0.388620143937662,0.0231724109528798,4.38489468580574,0.0311293169236778,0.653596468449753
"ALDH3A2",1.27151080628247,0.133743031170261,4.52404358954109,0.0400875630844656,0.688911970916645
"ALDH6A1",0.96356482755654,0.131653623720656,4.9125739238501,0.0440438794808057,0.751233445858219
"ALDH7A1",1.12332582260884,0.127512796728452,4.66124694987741,0.0411436124693206,0.710464814333939
"ALDH9A1",3.64894075341285,0.207724405779211,3.632696544359,0.0347037275486832,0.52635679044404
"ALDOA",1.87497514159534,0.00559382191138453,0.365857634530748,0.0181938343153243,0.0111659309270319
"ALG1",2.43385305726878,0.401463383383404,5.82480902278932,0.061190486278171,0.828615943910673
"ALG12",2.10494290254222,0.272914686378771,5.10164190827379,0.0515662252040491,0.75642690210335
"ALG13",5.67225250359675,0.411476550277575,5.52508718284135,0.054174471146871,0.662685016878733
"ALG14",4.57297667548025,0.561768954227902,7.02676114813953,0.0677962612839626,0.830173980784212
"ALG2",3.80631416450873,0.370986824107708,5.33049814180526,0.0545984992513712,0.718254998701636
"ALG3",4.14217135946932,0.297099214950938,4.59072183051486,0.0459312076484573,0.626850168787328
"ALG5",4.05805289764063,0.260567130246901,4.0897048868338,0.0409045629617645,0.573617242274734
"ALG6",1.52899290773707,0.396277563609736,5.95453811730637,0.0636739423676514,0.886003635419372
"ALG8",1.59584309538427,0.306979978107808,5.54808337725179,0.0572641662963542,0.832511036094521
"ALKBH1",10.8247477742611,0.865822554401178,13.5918794668144,0.078098669210432,0.912749935081797
"ALKBH2",2.11649723765189,0.279802172281062,5.17780337520378,0.0523720233151941,0.765255777720073
"ALKBH3",28.1756366065742,0.846132651679503,23.9072561123731,0.0698413354973443,0.762399376785251
"ALKBH4",50.410000265151,0.9379657401662,45.4640744483344,0.0601755864787106,0.83406907296806
"ALKBH5",3.11133239238592,0.269837405532219,4.63932989599921,0.0464402423575246,0.665801090625811
"ALKBH7",3.32006915659894,0.0673721504145292,1.46438720605936,0.00313663691438255,0.213970397299403
"ALOX12-AS1",1.42841851034658,0.376240883875198,5.89425071459469,0.0627728701988865,0.883666580109063
"ALOX5AP",0.0944129269440866,0.00318501850206079,5.13359838326727,0.0390600813435937,0.773824980524539
"AMD1",1.40963850493706,0.113755745075004,4.10565438955636,0.0344772146078702,0.621916385354453
"AMDHD2",1.61036822203531,0.212420508502115,4.96698383294081,0.0482006623363914,0.751233445858219
"AMFR",0.753073578968883,0.0758129537986452,4.55355823972845,0.0369055447829238,0.690729680602441
"AMMECR1",0.612279962552516,0.224330939217288,5.81175078876113,0.0575945696603261,0.900545312905739
"AMPD2",1.36210709954776,0.212399172565381,5.21612326083727,0.0505646539761215,0.791482731757985
"AMZ2",4.6554395754329,0.245416128277394,3.63849206746386,0.0362173561797721,0.506102311088029
"ANAPC1",4.44752293921279,0.498209475128614,6.45456151257079,0.0637508815523252,0.792002077382498
"ANAPC10",36.4202719659684,0.902792314664101,32.4328988581771,0.0672036916770412,0.808361464554661
"ANAPC11",8.23694209578711,0.102163390012591,0.397211510661862,0.00185383765766154,0.0781615164892236
"ANAPC13",3.02266299400882,0.160817321962615,3.3028136467439,0.0293246004762149,0.492079979226175
"ANAPC15",2.30676083960699,0.199194539927774,4.37104738080444,0.0415075507458729,0.651259413139444
"ANAPC16",3.15866790812556,0.0530307140248545,0.970312617366102,0.00338035944741445,0.140742664243054
"ANAPC2",3.28678844573953,0.381848314055068,5.52764178031939,0.0570925890209925,0.759802648662685
"ANAPC4",2.25174805034911,0.37271700350082,5.68636249138774,0.0596264886665597,0.821864450792002
"ANAPC5",4.53046590921922,0.162749315850711,2.33406771728671,0.020686550519161,0.347701895611529
"ANAPC7",3.90163025472822,0.453270775036765,6.0862174093742,0.0615158943904004,0.785769929888341
"ANGEL2",3.1847994507567,0.396228794180845,5.64374294558907,0.0585452998388434,0.776162035834848
"ANK3",0.232269862623679,0.0601499490816455,5.68243554270189,0.0489375875861378,0.871981303557518
"ANKFY1",2.91998147140989,0.329927427606824,5.21035818741859,0.0535858192758052,0.740327187743443
"ANKH",0.760412997398657,0.0551259528984904,4.11079097509842,0.0304493140668291,0.616982601921579
"ANKHD1",NA,1,NA,NA,0.903142041028304
"ANKIB1",2.3304548084262,0.264661500961428,4.90798438686772,0.0493958946288054,0.724487146195793
"ANKLE2",3.71568030747903,0.266591754320634,4.30736425343634,0.0431760625025579,0.608673071929369
"ANKRA2",1.46038041912806,0.209812506739822,5.01043939054673,0.0487390067408378,0.762139703972994
"ANKRD10",1.61212628921926,0.0661820208935197,2.66834219793013,0.0157212060005723,0.396780057128019
"ANKRD11",2.47950987084763,0.142649222643737,3.44657127115173,0.0295929829450693,0.517268242015061
"ANKRD12",2.7245653413803,0.0856499121018887,2.00356617533183,0.0109083693503554,0.301999480654375
"ANKRD13A",3.36453279331027,0.407821793033337,5.74888676294856,0.0591548011436595,0.778499091145157
"ANKRD13C",3.51880279584044,0.465896971516135,6.14135323178074,0.063077514103749,0.808361464554661
"ANKRD13D",2.8026968645925,0.328466487125327,5.24706319100757,0.053938437106832,0.74889639054791
"ANKRD17",3.58474606770889,0.233866831309382,3.92041974972348,0.0387595070497811,0.565827057907037
"ANKRD26",1.01963807775305,0.151782899976099,5.0294483697135,0.0462649141529251,0.769670215528434
"ANKRD27",3.79992389693906,0.550894330152653,6.79527690251212,0.0681466392943783,0.849389768891197
"ANKRD28",0.659244553448894,0.0397692559921125,3.94316613474605,0.0272854804524436,0.586860555699818
"ANKRD37",0.466494905570889,0.0376239421191425,4.50624967487813,0.0337134975035533,0.676967021552843
"ANKRD39",2.63672894433517,0.329448469273928,5.29551010172327,0.0546132928878752,0.761101012723968
"ANKRD40",1.91565176764582,0.366285672381393,5.74761937467422,0.0603975434780717,0.843676967021553
"ANKRD44",0.662046408341451,0.0976765455344805,5.07865361732842,0.0439708213020512,0.776162035834848
"ANKRD46",2.48041918131422,0.449362388611353,6.07367148428347,0.0642629832347229,0.851986497013763
"ANKRD49",1.88388176437867,0.290098072274752,5.29741139485924,0.0542369927029899,0.789924694884446
"ANKRD52",1.49056165759807,0.267367485232482,5.39428715413093,0.0545517081138575,0.815372630485588
"ANKRD54",3.77479866074746,0.424182685359639,5.81830572730986,0.0594126624258691,0.767073487405869
"ANKS3",1.6392850036674,0.283487174264396,5.41015670372813,0.0551304693732784,0.812516229550766
"ANKZF1",2.54877502199986,0.334018099274493,5.32950207757264,0.0552473257866928,0.768891197091665
"ANO6",2.26947899391501,0.123194123100344,3.18834391136318,0.0259722286025415,0.482472085172682
"ANP32A",3.18167938559404,0.111262309518673,2.40730602151435,0.0169623562436224,0.359646844975331
"ANP32B",2.7520560907206,0.0496783587958933,1.21501755637623,0.00152445433352722,0.17268242015061
"ANP32E",0.635413684725839,0.0601292079877965,4.54302621389446,0.0357300057183975,0.686834588418593
"ANTXR2",0.572721020837383,0.0797791920789488,4.99426514051328,0.042106711582771,0.762139703972994
"ANXA1",0.503180748459456,0.00674931711794313,2.69118166863345,0.00897337887019722,0.372890158400415
"ANXA11",3.43496740290778,0.0585810331790205,1.04501383879875,0.00192402135861266,0.153206959231368
"ANXA2",1.58051948628323,0.00902305147136413,0.674002334824507,0.0142238925567522,0.0594650740067515
"ANXA2R",0.231471461408536,0.118908428784774,5.97883995943856,0.0550814342652181,0.926252921319138
"ANXA4",1.59726995572259,0.0764248271594634,3.14336744783982,0.0215199892743025,0.468969098935341
"ANXA5",2.06550381962314,0.0208943089035878,0.865238503604668,0.0098095287941319,0.100753051155544
"ANXA6",1.32515416822575,0.0454774605457162,2.56428810357903,0.0122618330121453,0.372630485588159
"ANXA7",3.56189633081347,0.135324710916559,2.40048238821552,0.019279375461949,0.363022591534666
"AP1AR",2.03980235134355,0.319635105736513,5.46380907752089,0.0563384484082722,0.804206699558556
"AP1B1",0.941103529344096,0.0760553025044533,4.28402537562023,0.033782648791274,0.646065956894313
"AP1G1",2.0470532710804,0.218714256591043,4.65730435670969,0.0454687324564449,0.698779537782394
"AP1G2",1.10688294422655,0.131221997198176,4.7126309746682,0.0419124468286144,0.719034017138406
"AP1M1",4.89960636013916,0.359259397497062,5.15473843973994,0.0510099322445896,0.658010906258115
"AP1S1",8.32235946373772,0.369240405033272,4.80213428722035,0.0449222427185285,0.512334458582186
"AP1S2",0.458031923424486,0.020549423029662,3.99804179177072,0.0262187271880302,0.58971695663464
"AP2A1",4.13186388167804,0.213079383906254,3.43109844844539,0.0331184609029004,0.492079979226175
"AP2A2",1.47479050280511,0.133825836889234,4.32386666229084,0.0379169571334413,0.655673850947806
"AP2B1",2.86200528964737,0.168180075849661,3.47738703830757,0.0315646337304683,0.51960529732537
"AP2M1",7.98747995059222,0.138607116850832,1.01308288789834,0.00666514640589348,0.152947286419112
"AP2S1",2.45831148358262,0.0347274308003726,1.15973432252698,0.00442902111311229,0.154245650480395
"AP3B1",4.09643603151764,0.297284519917402,4.52983292919819,0.0457581742336045,0.622435730978967
"AP3D1",3.1441755111144,0.222645107604044,4.16607685720977,0.0401731564484734,0.604518306933264
"AP3M1",7.42359749555297,0.581785025245263,7.75685364154927,0.0658568985409638,0.755388210854324
"AP3M2",0.917695564543219,0.232538224373134,5.59311159014577,0.0555705679771192,0.860296027005973
"AP3S1",2.94675911050064,0.104947439036512,2.49445701075372,0.0172015809581539,0.371591794339133
"AP3S2",9.29705760721697,0.785830338866358,11.3384973704108,0.075879271769271,0.871721630745261
"AP4B1",0.93519594409328,0.309214477068369,5.8551841740701,0.0608804930001794,0.898987276032199
"AP4M1",1.3872002308806,0.238820161875734,5.28081604844437,0.0525135612197791,0.802648662685017
"AP5M1",3.61354567886224,0.458579753532061,6.09513681948339,0.0623875171229432,0.799792261750195
"AP5S1",6.28799025038708,0.692825635731153,8.75355262661085,0.0734405162181185,0.862892755128538
"AP5Z1",3.01319486292655,0.440935563558379,6.027538351113,0.0625435788178432,0.821604777979746
"APAF1",1.91360756423544,0.380641462854494,5.81861724637541,0.0614066770949598,0.851986497013763
"APBA3",6.01308311250926,0.665162710862239,8.32710921127606,0.0721996574340319,0.849649441703454
"APBB1IP",0.34283688964392,0.0286283454313522,4.82532178758636,0.0368168749362888,0.726304855881589
"APBB3",1.22045151141964,0.193814117914889,5.13774658293797,0.0492730596083478,0.784471565827058
"APC",2.38724912348407,0.253347047690303,4.78587745610922,0.0478103591297464,0.706829394962347
"APEH",2.53619317829335,0.197708534933639,4.15946666896953,0.0394641553922098,0.618280965982862
"APEX1",4.83936633501696,0.124897377862079,1.85089239928192,0.0126239464935025,0.273435471306154
"APEX2",4.7296159788523,0.526890130585271,6.76294322886717,0.0653672640266504,0.803427681121787
"APH1A",10.5084650990363,0.215406298086636,1.73568133348983,0.0174222316604179,0.203323811996884
"APH1B",2.12925384131527,0.258022439993254,4.98637469879143,0.0499151656674671,0.740327187743443
"API5",3.81983263908255,0.283590109974634,4.43544383238517,0.0448751382001794,0.620877694105427
"APIP",4.29243403634397,0.25953418818814,4.15037101667357,0.0406717936556447,0.572059205401194
"APLP2",1.32835927852623,0.0182090706754286,1.55166558155422,0.00280900635899182,0.200467411062062
"APMAP",2.29140890471542,0.122238454887798,3.27007927111389,0.02648107236805,0.491820306413918
"APOBEC3C",0.846202658103281,0.13046711829723,5.07211030288374,0.0456690716228165,0.776941054271618
"APOBEC3G",0.278808065908395,0.0429603855907001,5.29694175575761,0.0434603544969808,0.806803427681122
"APOE",0.125250574976061,0.00102749032743531,4.22385718595716,0.0275118921861944,0.623214749415736
"APOL2",0.929799674214499,0.15825174619395,5.18280108272752,0.0481931594551247,0.79485847831732
"APOL3",0.687020656628332,0.0774669391511386,4.76259102424395,0.0392932700979053,0.723708127759024
"APOL6",0.968361580477459,0.0818928545713886,4.29477798368812,0.0343617058168818,0.649182030641392
"APOO",2.14064470196123,0.282542401957023,5.21020253459347,0.0526477124414325,0.768112178654895
"APOOL",2.44144370724924,0.41275982913221,5.90621513582171,0.0620289101649957,0.836665801090626
"APOPT1",9.51297628761374,0.676252178187171,9.787772651797,0.070262018440697,0.789145676447676
"APP",1.07765051835331,0.0124626363956046,1.42160892612164,0.00520439790186294,0.176058166709945
"APPBP2",2.81216699105796,0.307743547445906,5.00819480784496,0.0515272337074487,0.721630745260971
"APPL1",4.43670589009071,0.159011089203101,2.50966437549772,0.0215258240879626,0.367696702155284
"APPL2",1.10144270650207,0.134411433437988,4.74312971183206,0.0424280204117554,0.724227473383537
"APRT",2.7735586123568,0.0416474948005732,0.982744716421677,0.00504877957167083,0.134770189561153
"APTR",0.691392704202229,0.185356682504614,5.60204773997267,0.0538116444794444,0.864710464814334
"APTX",8.7339432746588,0.608932540312591,8.40364571279506,0.0665068911748495,0.742144897429239
"AQP3",0.228028984672312,0.028006333193081,5.25381320926517,0.0420299730300435,0.797195533627629
"AQR",2.5578276232621,0.346533425677525,5.44193567945396,0.0564368969698562,0.781095819267723
"ARAF",7.76362937528974,0.502459495862346,6.69951455656764,0.0592828732755478,0.672292910932225
"ARAP1",1.66880924760831,0.136430243904254,4.20689656401973,0.0367073839076097,0.634900025967281
"ARAP2",0.390431444387235,0.105288273007155,5.62660269063175,0.050509391206772,0.866787847312386
"ARCN1",4.23783369258727,0.246901897583413,3.85262182364015,0.0382146298508936,0.540898467930408
"ARF1",11.007280386562,0.130906610466809,0.309441940297571,0.000722477789141797,0.0633601661905999
"ARF3",5.64996323609494,0.250062679675485,3.42059211830521,0.0338923752374394,0.457543495196053
"ARF4",1.56326332877532,0.0346472506232246,1.78830861935745,0.00236583411061019,0.248766554141781
"ARF5",7.5986060136815,0.102052372154674,0.527034267595912,0.00088409754533346,0.0945209036613867
"ARF6",2.34060674002793,0.14407598920522,3.65103318388789,0.0315567507885299,0.546870942612309
"ARFGAP1",1.47435389249487,0.212946582292946,5.08840649904607,0.04942263426719,0.77148792521423
"ARFGAP2",4.63678926852209,0.361835472476327,5.02347907766168,0.0512007686913973,0.655933523760062
"ARFGAP3",3.31787939834951,0.19047065355489,3.53320760490873,0.0331523503352258,0.520124642949883
"ARFGEF1",2.95443319282348,0.311850087383773,5.01972959130625,0.0515099696640174,0.717475980264866
"ARFGEF2",2.58613286023211,0.306253866268104,5.15623822358118,0.0526896356864024,0.746299662425344
"ARFIP1",3.22027475894036,0.305100808764528,4.84057531260177,0.0496200507269232,0.687613606855362
"ARFIP2",1.10761381382955,0.0825552211117231,4.05012332089977,0.0317461986999989,0.610750454427421
"ARFRP1",4.05301786920825,0.328034331333711,4.81872702229275,0.0492833534149305,0.655933523760062
"ARGLU1",1.59963915748201,0.0507235640815458,2.15841044445805,0.00859409415912664,0.31446377564269
"ARHGAP1",1.08191511044524,0.0797755719128569,3.94618314846683,0.0305429821182582,0.595689431316541
"ARHGAP12",1.07311180326428,0.153087556338659,4.94749149040954,0.0455436276682984,0.757205920540119
"ARHGAP15",0.221798155495368,0.0363311418954611,5.42501279614794,0.0446070367595363,0.826798234224877
"ARHGAP18",0.59702147896192,0.0262748335434131,3.79820397763591,0.0242892127347255,0.558556219163854
"ARHGAP21",0.862930353697371,0.0974783779572944,4.65260248529085,0.0393846629162342,0.7089067774604
"ARHGAP27",0.633750689419436,0.147749850713907,5.5009481935148,0.0510669831319555,0.847312386393145
"ARHGAP35",1.44284234714079,0.174410827217299,4.76668478443558,0.0446272308597407,0.725006491820306
"ARHGAP4",0.356972048512973,0.0391059250840819,5.01189725297398,0.0397573057960686,0.758763957413659
"ARHGAP5",1.65265365851356,0.161528598425496,4.43520440248221,0.0406156673270211,0.672292910932225
"ARHGDIA",4.56773877414469,0.0945596885574977,1.2066260195409,0.00416854841486356,0.187483770449234
"ARHGDIB",0.979202893513596,0.00978308761309274,1.64901683938051,0.00307317648759124,0.208517268242015
"ARHGEF1",1.19845223303476,0.084769117920175,3.87770578469026,0.0301291104143575,0.585042846014022
"ARHGEF12",0.954219170301667,0.0810633532263649,4.23689382015269,0.0337668519820827,0.641132173461439
"ARHGEF2",1.95056262599678,0.186443699577033,4.45218883877483,0.0419407686408682,0.670475201246429
"ARHGEF7",1.2135971022997,0.131291281436615,4.51995570166102,0.0400125484493705,0.689690989353415
"ARHGEF9",1.64452524838385,0.257293825922179,5.25085802227402,0.0526999657748928,0.790703713321215
"ARID1A",2.41622813006157,0.164344076745535,3.80541400960274,0.0344291893103173,0.570501168527655
"ARID1B",2.12196497493087,0.225328809909959,4.63846768957559,0.045636247900654,0.695144118410802
"ARID2",1.28941522137445,0.159756860660327,4.74339269095869,0.0438055161376866,0.724227473383537
"ARID3A",0.519746770830896,0.206632185900643,5.85633930503325,0.0573524726915987,0.908335497273435
"ARID4A",2.13365886678425,0.194985613278137,4.36708577469253,0.0415727238870853,0.655933523760062
"ARID4B",2.98732377572087,0.129809653947862,2.70227544334027,0.0217082803599493,0.408465333679564
"ARID5A",0.5020991520974,0.0319146181676125,4.13361864890309,0.0289055044593919,0.615943910672553
"ARID5B",0.726147361574106,0.0200101026933496,2.80520611902876,0.0120103950734299,0.398597766813815
"ARIH1",3.8562493368098,0.349345862921611,5.14967175139602,0.0524518779502362,0.697481173721111
"ARIH2",6.93450741299287,0.348627120197361,4.44398238997501,0.0442339312024898,0.524279407945988
"ARL1",1.91631435705966,0.0962924539781081,3.167335213734,0.0234676824080962,0.475460919241755
"ARL13B",1.63321805735307,0.296550569107046,5.46337778878319,0.056157824143327,0.820306413918463
"ARL14EP",4.78415501692764,0.389102421640275,5.315388850675,0.0537128911704927,0.678265385614126
"ARL16",5.17060938802308,0.28681171420621,3.93902062091412,0.0402507799297327,0.527395481693067
"ARL2",2.58398087772549,0.292905933342978,5.09961297931701,0.0515881229238208,0.738769150869904
"ARL2BP",3.92256208032274,0.156567867811814,2.6485033937885,0.0229045256927197,0.393144637756427
"ARL3",1.2722721881825,0.070889761260769,3.51458587828456,0.02502724744076,0.525318099195014
"ARL4A",0.302346077923078,0.0217648941110565,4.66657108913189,0.0344853831581111,0.69981822903142
"ARL4C",0.244153601984696,0.0251097049914234,5.11206864065748,0.0401163798859604,0.773305634900026
"ARL5A",3.88107259581966,0.149278159535099,2.50912118297644,0.0212068657955116,0.375227213710724
"ARL5B",1.21653857612412,0.22513955131674,5.34095580946433,0.0525916174109591,0.815112957673332
"ARL6IP1",1.43460416125988,0.0778492939502739,3.41098523563848,0.0244991831388944,0.510516748896391
"ARL6IP4",16.2600741796649,0.211287420131577,1.11362669202759,0.0115842826748641,0.091404829914308
"ARL6IP5",2.40307530129183,0.0475819348737501,1.32454511764179,0.000663621519956322,0.188003116073747
"ARL6IP6",1.85662171249876,0.190790538440613,4.54147803552694,0.0431314411236102,0.685795897169566
"ARL8A",1.73220676661067,0.243103129879667,5.15411427931441,0.0510167236862082,0.773565307712282
"ARL8B",3.11826812887779,0.179508247383271,3.60265978780542,0.0329754454692061,0.530511555440145
"ARMC1",6.72443155360354,0.516182078632636,6.87324776927153,0.0618847739840315,0.725785510257076
"ARMC10",2.94949063991852,0.148350486257523,3.14875532565127,0.0270944473115672,0.471046481433394
"ARMC6",4.22336797669832,0.515072411421159,6.58784803947673,0.0652901028509084,0.813035575175279
"ARMC7",5.72446644883869,0.78229638028151,9.33082338792333,0.0778607619252458,0.917683718514672
"ARMC8",4.77361092793978,0.414177192057306,5.6376222827514,0.0563130551476241,0.70812775902363
"ARMCX3",1.81955240032096,0.0868380788257809,3.05168910820954,0.0215216541511367,0.457283822383796
"ARMT1",0.457966488449943,0.0403262866733419,4.61046118977417,0.0351376441259263,0.694365099974033
"ARNT",2.00734861805441,0.242284027688223,4.90127241936333,0.0487046912101701,0.73305634900026
"ARNTL",0.652241860104149,0.254923807492141,5.87260546123498,0.0593280778170926,0.909633861334718
"ARPC1A",2.96816228790434,0.0742854556599609,1.65572244900049,0.00607521594308686,0.246689171643729
"ARPC1B",0.982685106031949,0.0170549556042391,2.21021992101978,0.00453851053536811,0.301480135029862
"ARPC2",1.40924489733186,0.0113409497751981,0.886384703825804,0.011443548353347,0.0934822124123604
"ARPC3",2.71207707950532,0.0219476761350596,0.533136236314906,0.0129348704841309,0.0555699818229031
"ARPC4",1.9547839905728,0.150593580552364,4.10448696145639,0.0364512698318304,0.617242274733835
"ARPC5",1.83073872586535,0.0310012663921735,1.4945389235568,0.00144144289543604,0.201246429498831
"ARPC5L",2.17009041876274,0.0910145585770101,2.81792905748321,0.019368070729579,0.420929628667878
"ARPP19",3.79524171032171,0.184670868308534,3.18833351207779,0.0295431836679457,0.466632043625032
"ARRB2",0.339957220868907,0.0190943079028086,4.50764743601631,0.0322712280840671,0.672292910932225
"ARRDC1",1.46038439843609,0.0910521752932344,3.66842685881608,0.0282618393625769,0.551804726045183
"ARRDC1-AS1",1.24456416204765,0.288151253534974,5.62502324712084,0.0576856097730611,0.855621916385354
"ARRDC2",0.325833010030753,0.0364565086673879,4.9990048415196,0.039495885018347,0.756946247727863
"ARRDC3",0.621355400819538,0.0487805212334569,4.34106981702132,0.0325856247117533,0.652298104388471
"ARSA",1.05243645246091,0.0629585268432925,3.69630874732834,0.026390172328721,0.552583744481953
"ARSG",0.519401020997504,0.138173636872194,5.5867678395016,0.0516178136719651,0.862113736691768
"ARSK",2.30171636365879,0.584690654565106,6.674154010939,0.0719863912001003,0.915866008828876
"ARV1",2.5095079429052,0.387082884462486,5.72880183968963,0.059915820765388,0.814853284861075
"ASAH1",1.0657953416485,0.0173145842654996,1.89267305813718,0.000957170439063534,0.25266164632563
"ASAP1",1.35431211026916,0.0766488471301864,3.62909772716942,0.0265865984506336,0.54219683199169
"ASB1",2.00696306644683,0.345439534220177,5.62947785552555,0.058581098982584,0.825499870163594
"ASB6",3.65461960824776,0.551676180248788,6.78403419651891,0.0684107271281443,0.855621916385354
"ASB8",11.0938628843947,0.626616586351192,9.35687449252124,0.065977986470466,0.70812775902363
"ASCC1",3.47194278428339,0.454638986019415,6.08572356483087,0.0624458055989785,0.805505063619839
"ASCC2",8.10049873080656,0.479797709217385,6.40993967952648,0.0568639078181229,0.639833809400156
"ASCC3",3.04208773781601,0.269203873611872,4.64017079323191,0.0465576679033375,0.668397818748377
"ASF1A",1.94117530869371,0.260043959826875,5.09639766539006,0.0511655990159211,0.760841339911711
"ASH1L",1.97688800739234,0.100471572800211,3.07918802399664,0.0230728377442285,0.46455466112698
"ASH2L",4.50673029952471,0.53503751845856,6.74273896788245,0.0660986784674431,0.811737211113996
"ASL",3.920576326292,0.367261934032667,5.3358980493798,0.0541527261845435,0.713840560893275
"ASMTL",1.87731768133289,0.219894252726904,4.78322363000942,0.0467942740891584,0.720332381199688
"ASNA1",8.6033709369379,0.309025983017403,3.69902294431197,0.0360653145036879,0.412620098675669
"ASNS",0.44650267072915,0.17438542837395,5.8330568234151,0.0558361253104446,0.904440405089587
"ASNSD1",7.11830458611744,0.458336164202191,6.02537809942361,0.0560958259264354,0.647883666580109
"ASPH",1.29774679929828,0.0347987072724569,2.33602268012734,0.00836201103493519,0.331602181251623
"ASPSCR1",3.6612851814927,0.339624517281715,5.08795569387626,0.0519983287076846,0.698519864970138
"ASXL1",2.61200400143387,0.313503246101685,5.21856205561115,0.0533661731314184,0.752531809919501
"ASXL2",2.50556292007361,0.266791078259917,4.81725128966498,0.0486064648724218,0.707868086211374
"ATAD1",2.02993730932716,0.213575951169852,4.62120604108985,0.0449098636852909,0.694105427161776
"ATAD2",0.309392687493878,0.0363663104330293,5.06767021012199,0.0403081977597064,0.768112178654895
"ATAD2B",1.78163367942942,0.280265264879957,5.30096350571482,0.0539593090345541,0.793560114256037
"ATAD3A",1.78337763847626,0.422384852963182,6.03760262037352,0.064527413342274,0.882627888860036
"ATAD3B",1.8698370537158,0.35079010558151,5.71011381050709,0.0595726947317823,0.840820566086731
"ATAT1",0.998433738168538,0.224037013289079,5.49515171934033,0.0542098111878213,0.843417294209296
"ATE1",2.36012119833967,0.312005294415953,5.24520117922432,0.0540275939871201,0.766034796156842
"ATF1",7.81621615573073,0.52441559409243,7.00277746696269,0.0610479668669752,0.690729680602441
"ATF2",3.30227564363498,0.316652660137793,4.9508420682176,0.0507090404244449,0.696961828096598
"ATF3",0.218159316984099,0.00787159455106194,4.39546189556084,0.0301191139548775,0.652298104388471
"ATF4",3.28435942091303,0.114863760151274,2.22721954738934,0.0158760152127591,0.337574655933524
"ATF5",0.347242945400476,0.012812285231773,4.00230145281514,0.0256397777305046,0.588678265385614
"ATF6",3.18990714756307,0.278526454133727,4.67685931601258,0.0470679347530721,0.668138145936121
"ATF6B",3.32921551003406,0.182251651296774,3.276951319916,0.0307014877660874,0.488184887042327
"ATF7IP",1.57356337771057,0.142456510591417,4.23671177798228,0.0377047009208531,0.643988574396261
"ATF7IP2",0.631485328757352,0.222586923074485,5.79389328798616,0.057323071345546,0.897169566346404
"ATG10",3.87459743075974,0.54781737863071,6.78171760823232,0.0678514803738383,0.844715658270579
"ATG101",3.52943511972788,0.252264785814834,4.23336494533819,0.0420727776259149,0.604777979745521
"ATG12",8.46685448824306,0.416551205125321,5.44455041107356,0.0499471848336397,0.557257855102571
"ATG13",2.85894475469744,0.306858926022699,5.03040802065642,0.0514662425214412,0.721890418073228
"ATG14",3.01267042673767,0.352333084242148,5.33310199527206,0.0552377832095597,0.750714100233706
"ATG16L1",0.66989763474221,0.169061042639691,5.54372118799464,0.0525261401521222,0.855362243573098
"ATG16L2",1.18949243159011,0.161842909761112,4.91821681936383,0.0455897936412473,0.750973773045962
"ATG2A",2.71199400734289,0.483129244490607,6.25425548579089,0.0658655143591973,0.857699298883407
"ATG3",2.14812667103952,0.093432910860045,2.94280815678966,0.0207776791890154,0.439106725525837
"ATG4A",13.7975135317786,0.872410757331829,15.768035895789,0.0767373465019637,0.896909893534147
"ATG4B",8.55245693220253,0.520213811343538,6.92360135226509,0.0597048164437425,0.656972215009089
"ATG4C",1.93983113778468,0.404881725907854,5.93423121429733,0.0629557077538382,0.863671773565308
"ATG4D",1.88430234378551,0.289592394132155,5.31012618032728,0.0542734222676871,0.791223058945728
"ATG5",10.5929111973135,0.548042888611223,7.77972276189091,0.0602812107802995,0.638535445338873
"ATG7",1.64382767008917,0.261720287149442,5.29515169806469,0.0532214238516609,0.79641651519086
"ATIC",2.0202697522227,0.159697589796632,4.14665509224772,0.0373987610384935,0.623214749415736
"ATL2",0.728161267960447,0.174908386829288,5.52003453309574,0.0524832517262605,0.85068813295248
"ATL3",3.56249733049314,0.216892840673933,3.74209581423001,0.0363307818463665,0.543235523240717
"ATM",2.60061905907085,0.208389559834758,4.19090183250184,0.0403879133344875,0.622435730978967
"ATMIN",2.38676938837266,0.382983589820049,5.72536850903533,0.059983945217743,0.820046741106206
"ATN1",1.8221014544762,0.113186097690433,3.50826013935549,0.0284109356977869,0.530771228252402
"ATOX1",2.87617039567772,0.0384546795422848,1.03388259412086,0.00513082624210532,0.138665281745001
"ATP10D",0.971103697686961,0.169188584406501,5.19156990002696,0.0488430251395208,0.796676188003116
"ATP11A",0.947862247443062,0.22472572646459,5.57371221224288,0.0549268764550521,0.855362243573098
"ATP11B",3.19209727531102,0.397972155985588,5.67917983079173,0.0587513451547366,0.779278109581927
"ATP11C",0.585400237069574,0.130055107213625,5.4543147415356,0.0497710136229171,0.839522202025448
"ATP13A1",3.1044159665996,0.302231978998407,4.91589416341089,0.0500492592483573,0.699558556219164
"ATP13A2",0.805407446936811,0.130737110155015,5.14036397259381,0.0463972405254105,0.787847312386393
"ATP13A3",0.865730032824269,0.10168358992797,4.74783523664707,0.0405942532287247,0.723448454946767
"ATP1A1",1.33772279056545,0.0311123942745898,2.02048835740996,0.00441306072564317,0.281745001298364
"ATP1B1",0.360650122265942,0.0169822133482844,4.18759589078195,0.0282581800599461,0.620098675668658
"ATP1B3",1.28984116293097,0.0597552204748599,3.34142075082779,0.022008741264188,0.494157361724227
"ATP2A2",2.83783235942063,0.178760551901391,3.74822440722387,0.0344466104002766,0.555440145416775
"ATP2B1",1.35362867632048,0.0977220078179382,3.94451342008106,0.0316721583360332,0.595429758504285
"ATP2B4",0.595060849606389,0.0436640299215478,4.20161259846752,0.0306497321624945,0.62970656972215
"ATP2C1",5.48495466655889,0.381745022666499,5.17274567574325,0.0514701728413431,0.638535445338873
"ATP6AP1",2.2948365673221,0.0726698517792355,2.36391439461119,0.0128190699049803,0.347701895611529
"ATP6AP2",2.33435942811105,0.0560498973377019,1.81337032817984,0.00534104600530032,0.261750194754609
"ATP6V0A1",1.59739367547334,0.199852051565212,4.89560476163383,0.0469075045271059,0.7405868605557
"ATP6V0A2",1.80938067836591,0.337350692448714,5.63111186345903,0.0586848326830983,0.834328745780317
"ATP6V0B",2.29456518523032,0.033420266413912,1.23217608236536,0.00388225997950854,0.163853544533887
"ATP6V0D1",2.04984310167896,0.0758141022216285,2.73029029956865,0.0168902001238219,0.403012204622176
"ATP6V0E1",4.75423885781356,0.0541108645894245,0.443653401598294,0.00804634943345131,0.0703713321215269
"ATP6V0E2",0.753608579132946,0.0749202002322473,4.59054084248083,0.0371897749182107,0.695663464035316
"ATP6V1A",1.43378137763676,0.111258235338631,4.10320746340153,0.0341658069497224,0.619839002856401
"ATP6V1B2",0.468099955531881,0.0246557619131838,4.12638548758928,0.0281228163361397,0.611789145676448
"ATP6V1C1",1.68521417999644,0.152295817985087,4.36925172010039,0.0392811258015101,0.660088288756167
"ATP6V1D",3.5721741314183,0.221963812757716,3.92696301400401,0.037823328388338,0.564269021033498
"ATP6V1E1",3.04760500595774,0.194113013383175,3.73261742735666,0.0352926436638035,0.551804726045183
"ATP6V1F",1.91955960280148,0.0262247495281823,1.12436228668494,0.00612878811944665,0.143339392365619
"ATP6V1G1",4.5510537401802,0.0493409740243802,0.415850130747002,0.00905214125421084,0.063879511815113
"ATP6V1H",1.77851271958875,0.142507588874566,4.11100062561867,0.0362139316907493,0.621137366917684
"ATP7A",1.55002112052123,0.343283567580965,5.73376392049968,0.0601575191357254,0.85821864450792
"ATP9B",2.84491142923729,0.391351855626626,5.686121245808,0.0591982501135004,0.795377823941833
"ATPAF1",2.35857877531463,0.235907316394972,4.61463098244312,0.0456621646256589,0.68553622435731
"ATPAF2",3.03814410284622,0.394742874596284,5.73856917350901,0.0591333722003938,0.791742404570241
"ATR",2.4002959722133,0.398015170753826,5.80486001279067,0.0610223296528336,0.828096598286159
"ATRAID",4.6514993839601,0.0884015394454151,0.991060353812802,0.00160017478017359,0.157881069851986
"ATRN",2.59921742863071,0.368007703362723,5.60188359753814,0.0581916619027352,0.796935860815373
"ATRX",2.74550848989687,0.0784334787202181,1.8426973364939,0.00849496356345561,0.276291872240976
"ATXN1",1.45868168301512,0.160023192852025,4.59701368602602,0.0422359667804369,0.699298883406907
"ATXN10",3.55887692784822,0.160863314927966,2.87368111555457,0.025449626754077,0.428719813035575
"ATXN1L",3.50824110310734,0.562670472473223,6.82872824486894,0.0692378726960358,0.866268501687873
"ATXN2",3.19640664739989,0.253057499766848,4.35703462279776,0.0435162060608292,0.62970656972215
"ATXN2L",4.54436633856377,0.284859199240897,4.20990556809364,0.042466426746206,0.573617242274734
"ATXN3",1.85769286919068,0.181972147681348,4.40389797314976,0.0414885745449271,0.666839781874838
"ATXN7L1",2.65709086686135,0.552229222754647,6.60604239039787,0.0698671922153078,0.891456764476759
"ATXN7L3B",2.02357812189107,0.139746237917837,3.71652059206422,0.0323210736637825,0.562710984159958
"AUH",1.80838946477468,0.264682646051793,5.15699826841292,0.0521552121042943,0.774084653336796
"AUP1",10.6467380696161,0.213878779736661,1.66503993281413,0.0168608799173582,0.195273954816931
"AURKAIP1",6.85963442596091,0.146745840890785,1.50904612229403,0.0113128182642071,0.217605816670995
"AVL9",7.19738532031319,0.566065082860826,7.53461949707493,0.065015723225633,0.750714100233706
"AVPI1",0.380984472866448,0.0703602229787064,5.40095919407513,0.0461367143904146,0.826278888600364
"AZI2",1.91089642610966,0.124550401160574,3.68666960427786,0.0308489345668579,0.556219163853545
"AZIN1",2.55945485528991,0.141442576850431,3.33882777467333,0.0285054355406541,0.501428200467411
"B2M",2.24848523434039,0.00152381069026897,0.306731919347398,0.019471027823578,0.000259672812256557
"B3GALNT2",0.932177972324735,0.276367026908017,5.76075740419427,0.0587973836433052,0.884964944170345
"B3GAT3",2.26909913226916,0.127279644764175,3.33455352333116,0.0275692702807752,0.502726564528694
"B3GNT2",0.995767690335929,0.0682883196338817,3.90542558594297,0.0291673090457827,0.586860555699818
"B4GALT1",1.23156623253048,0.0608217705122381,3.31652889691349,0.0220008755268896,0.492599324850688
"B4GALT3",3.5831209946336,0.267048638200293,4.35457953582663,0.0437296462045774,0.618280965982862
"B4GALT4",1.74743112855316,0.316774027324246,5.53209777914118,0.0572924048516899,0.824720851726824
"B4GALT5",0.86944903691429,0.143489578887109,5.16793943081326,0.0472873178458283,0.792002077382498
"B4GALT7",4.80963600910336,0.364568677075425,5.11807381127483,0.0513957913697287,0.658270579070371
"B4GAT1",1.10010090843824,0.225812012441662,5.40866344257997,0.0534263959238131,0.828615943910673
"B9D2",33.4992996592427,0.937107150045632,32.7192926267573,0.0678751085133273,0.885224616982602
"BABAM1",13.0724187084657,0.677265062329902,11.0873210915318,0.0681486685283959,0.726564528693846
"BACE2",0.324980658433636,0.0249420269027614,4.6918758658397,0.0350095612224136,0.704492339652038
"BACH1",1.15258378311772,0.12375652429572,4.60802955512978,0.0403109160107483,0.701116593092703
"BAD",2.06279484667401,0.089817794471524,2.82571589995966,0.019463346193067,0.423526356790444
"BAG1",2.90811369109075,0.0966806191748414,2.35433015406808,0.0150828034571049,0.350298623734095
"BAG3",0.892786434875201,0.107631701285618,4.75600956679559,0.0410621790225642,0.72552583744482
"BAG4",2.68843276230541,0.351208366170686,5.45984084804414,0.0564628255384127,0.777460399896131
"BAG5",2.14031382857563,0.245123898354239,4.82716844179524,0.0481120924299036,0.719813035575175
"BAG6",8.10829093737896,0.333434370836604,4.07290351436527,0.0400702324578261,0.45780316800831
"BAIAP2",0.988416508234193,0.108687853735618,4.62936909474208,0.0397365784298059,0.705011685276552
"BAK1",2.31676387790007,0.308369916598922,5.36938888292584,0.0545274616404621,0.78057647364321
"BANF1",5.51072064156173,0.10237839195621,0.996583701011395,0.00317348039728256,0.159179433913269
"BANP",0.772327274613682,0.170101948521007,5.41345014653627,0.0512378968656266,0.83406907296806
"BAP1",16.7442354892031,0.809722430749932,15.9393058855269,0.0731895090796175,0.808621137366918
"BARD1",0.569501993873944,0.14826897283862,5.57186458699366,0.0519017789029308,0.859776681381459
"BATF",0.102609785379161,0.00962401028027664,5.46334793157451,0.043569882362087,0.829394962347442
"BAX",2.74201006994561,0.0898051073670382,2.341782938579,0.0143123651606156,0.347701895611529
"BAZ1A",2.3307635309041,0.139656304887224,3.5823396199423,0.0306258325669455,0.537003375746559
"BAZ1B",3.05386223712514,0.174477349487167,3.49255122845043,0.0318952350480331,0.518047260451831
"BAZ2A",2.91390283920672,0.185996235133118,3.67060797292955,0.0344312401422825,0.546351596987795
"BAZ2B",1.28528513301721,0.0967787132432141,3.95519010010853,0.0318381221061085,0.598545832251363
"BBC3",0.418504311469046,0.151481202725741,5.79276379502277,0.0544353365057335,0.896909893534147
"BBIP1",4.10601001400648,0.321811235783319,4.76293939268903,0.0485110089999579,0.647883666580109
"BBS2",1.68796132577535,0.266203932412122,5.26285707010343,0.0531782856965339,0.791482731757985
"BBS4",0.9840840102616,0.239443228213562,5.57202866555689,0.0555964202405027,0.855621916385354
"BBS7",3.12502588390981,0.452883731883596,6.06883807696917,0.0630253120150496,0.820306413918463
"BBX",1.8570580455444,0.0935558411137884,3.138070907799,0.0230066747660786,0.471565827057907
"BCAM",0.220073403920684,0.00235239594328122,3.66049917517621,0.0205147844789333,0.529992209815632
"BCAP29",1.93380428305623,0.0946509508546761,3.03954601297617,0.022131703209126,0.457283822383796
"BCAP31",3.04867682194921,0.0566892844008624,1.29296379225155,0.000160294396111421,0.186445079200208
"BCAS2",3.05339316121534,0.238762724707703,4.26938164745564,0.0422459604251738,0.622435730978967
"BCAS3",1.00190563542242,0.281707354932468,5.73342855089164,0.0586901850253868,0.878992469488445
"BCAS4",0.424807004369408,0.0739982679097307,5.29138489339916,0.045125374393402,0.809400155803687
"BCAT1",0.365024413240694,0.0305981189738415,4.87530503181926,0.0374884597106454,0.734095040249286
"BCAT2",2.31751463249676,0.28767339675435,5.11767888349574,0.0520211232865764,0.751233445858219
"BCCIP",3.18047127736157,0.174581827211401,3.40835082952893,0.0310984765815244,0.504803947026746
"BCDIN3D",NA,1,NA,NA,0.893793819787068
"BCKDK",3.54472984735641,0.176160963176877,3.42044686235923,0.0306504585003038,0.496754089846793
"BCL10",3.37482570642874,0.348504473035383,5.24980243299633,0.0538473272229715,0.726824201506102
"BCL2L1",2.04687518425464,0.114659350177253,3.36318067589078,0.026902926418552,0.506621656712542
"BCL2L11",0.801806291098468,0.148008396213771,5.26012879177094,0.0485539696479829,0.808101791742405
"BCL2L12",1.55837916072294,0.218378395372321,5.06803945713845,0.0493994902659819,0.766554141781356
"BCL2L13",6.81177832810484,0.470884938353302,6.21385640878749,0.057767260539715,0.673850947805765
"BCL3",0.753105465435553,0.0902762737096534,4.80842882448172,0.0405801087006277,0.73227733056349
"BCL7A",0.497101210852336,0.152328560915299,5.69315444343603,0.0533804311036485,0.880031160737471
"BCL7B",5.00883170116803,0.322610216530123,4.59113321087346,0.0460914271888646,0.599065177875876
"BCL7C",1.96655910326019,0.183097332436352,4.39963373380218,0.0412728568677898,0.662685016878733
"BCL9L",1.37308282659471,0.174071848324563,4.80990338755859,0.0451168173038429,0.73305634900026
"BCLAF1",3.48222978561604,0.126847349551672,2.37644415105707,0.0182068493735524,0.357829135289535
"BCOR",0.630093502201028,0.138268860883551,5.42500359905101,0.049873700950798,0.835367437029343
"BCR",0.546192347309069,0.130262569628261,5.49650621524889,0.0502829193516575,0.847052713580888
"BCS1L",2.34823463310114,0.412621144222224,5.91589927793735,0.0622752247771505,0.842118930148014
"BDH2",1.12430605088902,0.0856191896028478,3.95805502758755,0.0311431230513164,0.59880550506362
"BDP1",2.38517575225973,0.161901164850796,3.78273139172264,0.0341102445445527,0.56790444040509
"BECN1",6.34023792026114,0.310939880364388,4.12046579777295,0.0410180976977318,0.511555440145417
"BEST1",0.846743624493717,0.178541413581109,5.43316937983462,0.0516473446264364,0.83484809140483
"BET1",7.03499364178509,0.433324847431054,5.76082021044655,0.0539828648620987,0.631004933783433
"BET1L",4.88056246359417,0.335179698138152,4.71146095713706,0.0477160234996857,0.615943910672553
"BEX4",1.16685940555418,0.0501099289166744,3.17685092960905,0.0193982220625994,0.467411062061802
"BFAR",13.3219536780092,0.520939334508564,7.64456725390979,0.0556296417746054,0.544533887301999
"BHLHE40",0.577845017410208,0.0110033169547216,2.77657586917084,0.0105402448813846,0.388989872760322
"BICD2",2.34422630598702,0.311507374287946,5.3010085015189,0.0543077803121205,0.772526616463256
"BID",0.840072853920082,0.0722389034914642,4.46847973073644,0.035506295873348,0.674110620618021
"BIN1",0.721636355098414,0.0574599529137362,4.2452067352955,0.0321723612216085,0.639054790963386
"BIN3",2.17049297792498,0.4058900284873,5.87529534945842,0.0622233716229209,0.846533367956375
"BIRC2",4.23968313468274,0.292426795013793,4.32866459438622,0.0441851589892157,0.596728122565567
"BIRC3",0.147063840080996,0.0181823301847838,5.43316546471075,0.0436700604852572,0.825499870163594
"BIRC6",2.6538928674216,0.151810467013156,3.38228559523994,0.0296920935236885,0.508179693586082
"BISPR",0.783525490929811,0.2898195183021,5.87966765596417,0.0605783504406253,0.907556478836666
"BLCAP",4.08893475612321,0.237893281480026,3.7914288560788,0.0374070212843988,0.537263048558816
"BLMH",2.44174435321345,0.286038635433078,5.05966330064948,0.0513058823104309,0.739548169306674
"BLOC1S1",1.92818478868322,0.0929162617106738,3.34097814243423,0.0245848658897645,0.496494417034537
"BLOC1S2",4.0917419686404,0.225079164111627,3.80303405947472,0.0363680663095118,0.535705011685277
"BLOC1S6",4.01673413891041,0.259394784795783,4.10627832509794,0.0409769238098396,0.576473643209556
"BLVRA",1.70436823846378,0.0793950875692017,3.26342991165874,0.0227836096884541,0.484549467670735
"BLVRB",1.03079372419995,0.0255777529545732,2.40164776738979,0.00796245609682905,0.337314983121267
"BLZF1",2.99944771095548,0.420551132400712,5.85935662663376,0.0609965665450451,0.806024409244352
"BMI1",1.05133262004926,0.157353688095055,5.02684896840797,0.0465323429548788,0.769410542716178
"BMP2K",0.513838358378615,0.0525836172141323,4.78916528052624,0.0379890395876474,0.724487146195793
"BMPR2",0.922578139047838,0.0786356754200109,4.25363073547376,0.033780331175232,0.643469228771748
"BMS1",2.52065216954473,0.3105222938576,5.2041528639251,0.053341752857144,0.754609192417554
"BNIP1",6.53260924277272,0.711627493620373,9.06205338767375,0.0741938101741278,0.869644248247209
"BNIP2",3.22674648051692,0.163034096056064,3.21766093178096,0.0285848363831276,0.477538301739808
"BNIP3",0.685321982385573,0.0238353219571195,3.15612643801617,0.0165799003032853,0.45624513113477
"BNIP3L",2.20710974300606,0.040630136888032,1.43226889490915,0.000656960406828111,0.198390028564009
"BOD1",2.24560789271796,0.20279138707352,4.3935023425314,0.0420837865021126,0.656972215009089
"BOD1L1",3.87149053962812,0.291780901884203,4.51380507305836,0.0457441127326809,0.628148532848611
"BOLA1",3.02046149643753,0.385710242073835,5.59969279601488,0.0581714206522554,0.778758763957414
"BOLA2B",5.10833740016355,0.665764764949753,8.07557529519149,0.0730516709434837,0.875616722929109
"BOLA3",2.09384440536206,0.0878225671512978,2.93504632310328,0.0201325511790809,0.436250324591015
"BORCS5",3.49753231201435,0.449280375577674,6.04184357246554,0.06199208555458,0.800311607374708
"BORCS6",3.22623379050392,0.453823170027011,6.08157225754364,0.0628983257826715,0.816670994546871
"BORCS7",2.72887104771569,0.296273056906882,5.01688393816656,0.0510354877337643,0.724487146195793
"BPGM",1.21453919082638,0.304131896369306,5.71002222084859,0.0590417784762917,0.868345884185926
"BPNT1",3.82876398617727,0.614077609060989,7.21662825641745,0.0715847922906158,0.878992469488445
"BPTF",2.4488367225002,0.129735252698271,3.21804506487024,0.0265724232211654,0.484549467670735
"BRAF",2.28323448760368,0.336971639542278,5.45135470920552,0.0566198201136138,0.793560114256037
"BRAP",67.8396767668405,0.952850036843875,60.473561800924,0.051214009016507,0.832251363282264
"BRAT1",2.22297216797985,0.245692114815066,4.79330912728272,0.0477416135000057,0.712801869644248
"BRCA1",0.199752137194841,0.0994352670734285,5.9894924237806,0.0543309224905099,0.926252921319138
"BRCC3",4.05936678105143,0.471644692370529,6.26116018450221,0.062637203478264,0.793819787068294
"BRD2",3.06772494203955,0.0871786656041646,1.73187570144665,0.00847675115024106,0.263567904440405
"BRD3",1.77463839881561,0.145341413206565,4.14343428104355,0.0367250580913017,0.626330823162815
"BRD4",4.62810932887199,0.217261941436731,3.24381266901161,0.0316016651521841,0.459880550506362
"BRD7",5.89068855716594,0.477552484210065,6.37173861206544,0.0599803838750528,0.723188782134511
"BRD8",1.78909713898756,0.20442193088739,4.67904704241414,0.0452500757990013,0.70812775902363
"BRD9",10.0728572969736,0.571009753666939,8.15852273394309,0.062678320234109,0.679304076863152
"BRF1",1.89212141394611,0.35940949840044,5.70102503224622,0.0599127693894071,0.839522202025448
"BRI3",0.891623173380489,0.0409591717358961,3.55005892162489,0.0226921616274624,0.522721371072449
"BRI3BP",0.591001293747295,0.129314393488345,5.44204149849427,0.0496001752850278,0.837444819527395
"BRIX1",1.62507232080456,0.235339066977638,5.1054355913609,0.050531470082281,0.771228252401974
"BRK1",12.2816157064853,0.114199380455778,0.106833338661039,0.00262714526622885,0.0379122305894573
"BRMS1",14.2518677512074,0.599559922859658,9.63144412629785,0.061944186071436,0.619059984419631
"BROX",3.60015105780281,0.342752285868977,5.14768780990168,0.0525760597145261,0.707089067774604
"BRWD1",1.98988397250307,0.108090513300021,3.25925278300874,0.0254363779951061,0.491560633601662
"BRWD3",4.29973567171386,0.603249854271472,7.25880426067879,0.0704742894387923,0.859257335756946
"BSDC1",1.893391522109,0.152644518974704,4.0202551948628,0.0361395281054556,0.609452090366139
"BSG",3.41338502152546,0.0443750186314165,0.705396667100558,0.00727995508837067,0.098415995845235
"BST2",0.73935705127006,0.00756770025607131,1.89893134087551,0.000453179206655271,0.246429498831472
"BTAF1",3.37518122404467,0.39249304073165,5.5897376803389,0.0577279575268045,0.762399376785251
"BTBD1",4.39735460558875,0.373859543425589,5.26873215838946,0.0533411307450286,0.688652298104388
"BTBD10",5.36312619981191,0.553326681359985,7.05947200641925,0.0662141179729934,0.79641651519086
"BTBD7",1.82565226344138,0.267059578467697,5.20001866986405,0.0524960255646886,0.778499091145157
"BTD",0.964549877710379,0.177092002058267,5.25360703391972,0.0498361823049159,0.806543754868865
"BTF3",5.35715298140779,0.0186222522608411,0.0849280273707203,0.0169162881814255,0.00285640093482212
"BTF3L4",9.67572062693981,0.311529636895554,3.63084710888262,0.0347583566023201,0.381199688392625
"BTG1",1.23078095421374,0.0118474622449286,1.05882980337253,0.00942817467584341,0.119968839262529
"BTG2",0.457026633795529,0.00610165426552867,2.53090482583042,0.00701318848827641,0.347442222799273
"BTG3",0.961807372248017,0.0876909288567127,4.37060573403061,0.0356306233855974,0.662425344066476
"BTN2A1",3.87947375704367,0.466435251409281,6.15443501090477,0.0624308389155629,0.792781095819268
"BTN3A1",0.793893640797264,0.139395620707517,5.21395981493244,0.0476364659569211,0.800311607374708
"BTN3A2",1.4859059978998,0.148580969859,4.45548126651718,0.0401647366135012,0.676967021552843
"BTN3A3",1.07636171891583,0.188787607597294,5.24459628638998,0.0501549514313042,0.802908335497273
"BUB3",1.60263534482381,0.0694288075576706,2.86175679972033,0.0179995659146667,0.425863412100753
"BUD13",14.0280027305256,0.807539751660831,14.359394896399,0.0743537372608197,0.833809400155804
"BUD31",16.3376491989812,0.438666668685679,5.71239728795778,0.0441036895748513,0.359387172163075
"BYSL",0.773297519321191,0.310156973711309,5.94471913899904,0.0618904203312802,0.917424045702415
"BZW1",3.84087813811857,0.116355805893269,1.99542881752609,0.0136440541555588,0.301220462217606
"BZW2",1.6383143811717,0.133415839940775,4.20703660112432,0.0365209521762458,0.634900025967281
"C11orf1",1.34490547458202,0.108510817420499,4.14627882926153,0.0345060258447291,0.627369514411841
"C11orf24",1.11824345685298,0.0989222267250265,4.29929545938985,0.0355724467803239,0.651778758763957
"C11orf49",1.43981535357618,0.185273174442815,4.8660930272256,0.0461315311797585,0.740067514931187
"C11orf54",1.55737499832719,0.243997948743031,5.20409363154036,0.051864701044671,0.787068293949624
"C11orf58",7.3801778770776,0.125457961933638,0.660070027323109,0.00319097490375326,0.118151129576733
"C11orf68",1.62284461780446,0.37741211100286,5.86789209562122,0.0622026328056932,0.871202285120748
"C11orf71",2.12987710009335,0.330484691808292,5.47769211558097,0.0567699545459951,0.802648662685017
"C12orf10",5.46910925740711,0.293699308763553,4.06068397197457,0.0408291836963215,0.530771228252402
"C12orf29",1.87945770780937,0.339824578714463,5.61112396730607,0.0585367982761596,0.829135289535186
"C12orf4",6.48708357583994,0.67206663698151,8.62495838921113,0.0722266907398583,0.847312386393145
"C12orf43",5.63430459005279,0.612575025666798,7.72170111019114,0.0696443298315883,0.829394962347442
"C12orf45",1.65261293334112,0.181592822374395,4.71303623731726,0.0441869062821513,0.712022851207479
"C12orf49",0.984437425897878,0.24764075913454,5.6195398568414,0.0563295630363672,0.862373409504025
"C12orf57",1.39971555929355,0.0123234800196515,0.995164281087859,0.0100464367127525,0.11088029083355
"C12orf65",1.24310891526629,0.216471065534693,5.26586379918123,0.0514992991435752,0.803427681121787
"C12orf73",2.39008306063763,0.436341232598833,6.03056959098757,0.0637122651893306,0.851986497013763
"C12orf75",0.261117124950782,0.0131460230528964,4.46701423716823,0.0314095691085277,0.665281745001298
"C12orf76",2.5866471831286,0.247262194819627,4.59335537943704,0.0458019370372996,0.676707348740587
"C14orf119",6.70714455081431,0.327949201234827,4.20136357116371,0.0421066510613029,0.508958712022851
"C15orf39",0.948406091515629,0.252916822755006,5.6605381461024,0.0569702388815659,0.869644248247209
"C15orf40",6.3344058945848,0.408947383961941,5.41065111769913,0.0525521113776601,0.628148532848611
"C15orf61",1.77925902139484,0.104629220166122,3.44440406198063,0.0270525383676462,0.51960529732537
"C16orf58",3.65893183103951,0.365466069589699,5.31897873421746,0.0545328908631193,0.722929109322254
"C16orf70",6.54906833445845,0.629226154375886,8.1610805634548,0.0697694847179097,0.817190340171384
"C16orf72",2.92532325423886,0.287190982161712,4.85432480001951,0.0491650867512247,0.698260192157881
"C16orf87",1.39157435324064,0.220481991636279,5.19706301643481,0.0508530408442575,0.789405349259932
"C16orf91",5.77784188487371,0.521865055230255,6.81754755320819,0.0635220564004948,0.761101012723968
"C17orf49",2.38739261650562,0.206967961832094,4.37277934933248,0.041931597486103,0.650480394702675
"C17orf58",0.792740690593563,0.0688101294332184,4.36286051611658,0.0342706978761115,0.659049597507141
"C17orf75",1.87116934256968,0.413341076428616,5.96844609534983,0.0636478019260026,0.870942612308491
"C18orf21",2.95760412278785,0.411179974528669,5.84518823223158,0.0605563642833157,0.806284082056609
"C18orf32",5.5680967927463,0.260648839117083,3.63793674266554,0.0359951269322861,0.482731757984939
"C19orf12",2.84683195423711,0.381592412119814,5.62315928085402,0.0584306212954992,0.788626330823163
"C19orf24",6.30489167592261,0.21114878555195,2.79125672590726,0.0261078972106505,0.372630485588159
"C19orf25",3.4769892315047,0.305765593884906,4.79241202913545,0.0488711188597737,0.672812256556738
"C19orf48",1.237072815406,0.129103509448437,4.62854981860302,0.0406757822960022,0.702414957153986
"C19orf53",9.71992674714221,0.141732334337124,0.759955858053354,0.00481893697480098,0.114775383017398
"C19orf66",2.27036628997227,0.128487647571132,3.23979003309699,0.0269467221114582,0.491300960789405
"C1D",33.9567364862406,0.727819247849019,20.2865002825981,0.0642228738410075,0.524539080758245
"C1GALT1",1.19598794022878,0.136837558291267,4.6878766513645,0.0418892160979392,0.714100233705531
"C1GALT1C1",1.39116591926165,0.261782846958262,5.42275468772575,0.0546876946886917,0.822383796416515
"C1QBP",2.97802800648035,0.0657632233457778,1.58275639476428,0.0041754505730521,0.231368475720592
"C1RL",1.1152558872447,0.120887530511927,4.55421224081777,0.0397220709792236,0.694365099974033
"C1orf122",1.51718477960387,0.0794564477196926,3.48025228162749,0.0251606466583297,0.5188262788886
"C1orf131",13.3514239752278,0.704073076208706,11.7246305815281,0.0695972048218963,0.745520643988574
"C1orf159",2.76351640148774,0.575416724913874,6.74016651749795,0.0709118954074001,0.896909893534147
"C1orf174",7.78846085806789,0.538832379612206,7.21986515459295,0.0622691054888399,0.706310049337834
"C1orf21",0.516866518001761,0.0172776924096451,3.47732459090741,0.0196812345331321,0.504803947026746
"C1orf216",1.19832848951555,0.258806077537029,5.53349541188001,0.0557469721808251,0.843676967021553
"C1orf35",4.80969451046325,0.376540619441433,5.16877673438115,0.0523571508305615,0.663464035315502
"C1orf43",10.091036735713,0.179358979896626,1.38998986550611,0.0121879663821728,0.174759802648663
"C1orf52",4.057837965902,0.302504769987575,4.52238673953601,0.0461817188341412,0.623734095040249
"C20orf194",1.79774369815327,0.256252349750862,5.17857904835388,0.0517917785937008,0.775642690210335
"C20orf27",0.782678913343464,0.0423306361779853,3.78775745486602,0.025618205649469,0.561672292910932
"C21orf91",0.598332705672306,0.152178538871922,5.54484320609527,0.0518068027668839,0.855621916385354
"C22orf39",6.32679904053218,0.351423519486441,4.63639372837098,0.0460726200745347,0.560633601661906
"C2orf49",7.17832565093003,0.633349102081996,8.34027388664152,0.0694132260645008,0.800830952999221
"C2orf68",3.6951704838508,0.430789706065583,5.91774656257412,0.0602445659078198,0.77979745520644
"C2orf69",3.38213528799952,0.460384457169542,6.13371729919929,0.0630557823821185,0.814074266424305
"C2orf76",2.166514556258,0.351093247053956,5.58134279530853,0.05826004121877,0.813554920799792
"C3orf14",0.736405490734505,0.0714697952256999,4.54177137406023,0.0364516376811816,0.687873279667619
"C3orf38",5.5273707922632,0.571235029728496,7.25746932470931,0.0671755791334467,0.802908335497273
"C4orf3",3.63331309333043,0.045110000278181,0.597829788172121,0.00814566878568325,0.0846533367956375
"C4orf33",1.66575661905296,0.360083462731794,5.77737132663422,0.0608699450748024,0.858478317320177
"C4orf46",1.124137968216,0.419425745025232,6.09083567404289,0.0662656551448023,0.92235782913529
"C4orf48",1.45720469446475,0.0388131752547306,2.63049518528743,0.0118246751560309,0.375227213710724
"C5orf15",3.17099856432937,0.17775677067403,3.39031492838734,0.031302733650039,0.504024928589977
"C5orf24",2.66379213751478,0.140372976036339,3.16060156723827,0.0268631394206089,0.476499610490782
"C5orf30",0.447019285213373,0.136033747154594,5.68781057211271,0.0526148981388469,0.878732796676188
"C5orf51",2.72754772773485,0.286064837673812,4.92364624489293,0.049909836833789,0.713321215268761
"C6orf106",3.87280654448504,0.430522304637897,5.89078707024052,0.0597849549965171,0.769410542716178
"C6orf120",2.29597559120528,0.27257450551789,4.99755209124301,0.0504874507993952,0.736951441184108
"C6orf136",3.70335278304245,0.448767631295021,6.04911886583533,0.0615695548483216,0.791482731757985
"C6orf203",6.90117886483021,0.643977338768831,8.40072093852416,0.0702924179519624,0.816151648922358
"C6orf226",1.11484889077396,0.129234293823258,4.67634223973897,0.0414303704283088,0.713321215268761
"C6orf47",5.25983557743441,0.4940374035581,6.43861381511822,0.0620889301880264,0.754609192417554
"C6orf48",1.7433617736431,0.107777804771874,3.57575847050001,0.0285853746673438,0.539340431056868
"C6orf62",3.96364210008394,0.218532354062974,3.63788211650184,0.0351037949596852,0.52038431576214
"C6orf89",3.10956600637733,0.193543123518428,3.63862802541679,0.0345155520410434,0.539080758244612
"C7orf26",6.95992873289771,0.654455837825992,8.52306146846781,0.0708291146611626,0.820566086730719
"C7orf50",3.56235580778317,0.116810275506628,2.28939477985577,0.0162371973093118,0.341210075305116
"C8orf33",2.24570619702423,0.233233252076184,4.70502892517064,0.0462938640221756,0.699558556219164
"C8orf59",12.1995421101803,0.202492278946112,1.12166278427839,0.0124235233738503,0.130615424565048
"C8orf76",11.6273672118155,0.769231478674926,12.299929668263,0.0738742709316439,0.830173980784212
"C9orf16",4.55475044847902,0.0680919275806667,0.83605285802086,0.00260848941623265,0.127759023630226
"C9orf3",0.328761780300756,0.0489695206895571,5.23437894466666,0.0430514262632855,0.797195533627629
"C9orf64",1.97281968094668,0.407321247927512,5.91788167813138,0.0629295100610218,0.860555699818229
"C9orf72",0.74610806703055,0.173613102464702,5.51620648542358,0.052320100691192,0.849130096078941
"C9orf78",6.88078243569757,0.319223030052247,4.15062663633416,0.0409559564971957,0.498831472344845
"C9orf85",4.60331784363829,0.531066586675325,6.75426164612855,0.0657663277401694,0.808361464554661
"CAAP1",2.26544795352158,0.277833124964291,5.05014100700144,0.0511827642729354,0.744741625551805
"CAB39",1.4829438808232,0.173680923430846,4.75155868879222,0.0443513664046573,0.721371072448715
"CABIN1",1.83631677830514,0.161374258014239,4.18455079355224,0.0382678987683642,0.634640353155025
"CACUL1",3.08080866089122,0.196309208242506,3.81157759700994,0.0359219493719582,0.560373928849649
"CACYBP",2.00319437017313,0.076334018534273,2.70018131611338,0.01675246598698,0.400155803687354
"CADM1",0.208828964117648,0.0351987021496207,5.47728948830196,0.0451628195977052,0.835107764217086
"CALCOCO1",1.52482000878823,0.10886467968971,3.77428970495622,0.030880724263618,0.572318878213451
"CALCOCO2",2.70812921692595,0.115025516025347,2.61131709666521,0.019702967388983,0.396001038691249
"CALD1",0.200455651427033,0.00167791961929243,3.69591143372424,0.0209025377228849,0.535705011685277
"CALM1",2.00661504401181,0.0145630396614375,0.561754573767723,0.0142185688191723,0.050376525577772
"CALM2",2.6253906027032,0.0178432369677227,0.377438648882984,0.0153039304475409,0.0296027005972475
"CALM3",1.78443886176172,0.0322395769600102,1.53006014096986,0.000842608904649584,0.207738249805245
"CALR",2.39388262260138,0.021423660632657,0.604064716205436,0.0123727961823979,0.0643988574396261
"CALU",0.891555234149516,0.0305847085744461,2.89751759877649,0.0143102910431881,0.418073227733056
"CAMK1",0.704201740629881,0.0551852507681468,4.30874178199119,0.032652581101398,0.647883666580109
"CAMK1D",0.525180741199791,0.101287595165316,5.36384644868576,0.0473369666824969,0.822903142041028
"CAMK2D",0.848219016404583,0.0874977371771945,4.58379779407784,0.0379424830234538,0.696182809659829
"CAMK2G",1.29492721983304,0.172885295481173,4.8807442955239,0.045780001630409,0.744741625551805
"CAMKK2",1.80501742727392,0.245516517162155,5.08463043873241,0.0505504368488634,0.762918722409764
"CAMKMT",1.6658011732413,0.450905058220101,6.13045729896008,0.0663919310877134,0.898987276032199
"CAMLG",3.00027521320782,0.111268738546701,2.39081134807867,0.0170795289221019,0.360945209036614
"CAMSAP1",1.85823176820203,0.480604191886364,6.24926329968398,0.0675878127571989,0.901064658530252
"CAMSAP2",0.887446739535179,0.162531551468163,5.2577249579828,0.0491908484223982,0.807322773305635
"CAMTA1",6.26804016395634,0.182550699791504,2.19583417198651,0.0199582022995589,0.30693326408725
"CAND1",3.48743215194301,0.223473871565302,3.75364771118546,0.0371190912686271,0.548428979485848
"CANT1",2.71280773232747,0.253714501714333,4.63089482808601,0.0461747054725316,0.6772266943651
"CANX",3.62565802194603,0.0537589247243614,0.86912624342827,0.00430445551302168,0.126200986756687
"CAP1",2.25982712244799,0.044827575325663,1.54696627210843,0.00111310305856778,0.217346143858738
"CAPG",0.487036658370658,0.00755672780411375,2.80964802871882,0.0105279274888624,0.392625292131914
"CAPN1",4.60442974317737,0.226586692094285,3.45328264690074,0.0336529324470456,0.484549467670735
"CAPN10",1.68373147722499,0.518735043075903,6.34940239661882,0.0698287506250891,0.920540119449494
"CAPN15",1.76140694889919,0.374667845800636,5.82805006322286,0.06154481073571,0.860036354193716
"CAPN2",1.52743650510689,0.0444399471903682,2.18591781275549,0.00800937361492106,0.31446377564269
"CAPN7",1.95641019609651,0.180424094853595,4.32732434316626,0.0405786673379332,0.653596468449753
"CAPNS1",3.63168053793266,0.14248837625775,2.71168463174944,0.0222185614653238,0.40119449493638
"CAPRIN1",5.02433344342958,0.168488198537562,2.32932382389685,0.0206658575829943,0.339652038431576
"CAPRIN2",0.821250039025758,0.258715640770701,5.76918874452518,0.0583283299971837,0.889379381978707
"CAPZA1",3.61978235894284,0.14523649943358,2.78468372651533,0.0230535371465416,0.411062061802129
"CAPZA2",5.12420652742006,0.142268404965882,1.92624278667201,0.0149609967581194,0.284601402233186
"CAPZB",4.28492076006772,0.0600493212578894,0.771544518957435,0.00430751265828725,0.115814074266424
"CARD16",0.463498863193734,0.0352566599778043,4.57052361035331,0.0342076156146737,0.685795897169566
"CARD19",2.71010622606036,0.133236232526577,3.16669964247659,0.0260694766536061,0.473123863931446
"CARD8",0.650045064047434,0.0805925613291462,4.86114619920431,0.0406249092253363,0.740327187743443
"CARHSP1",1.10037090737451,0.0440844790790986,2.99687264708494,0.0168761735980871,0.438587379901324
"CARM1",2.75359922862968,0.360203555005184,5.56032945105572,0.057228322000033,0.785250584263828
"CARNMT1",1.5395086665246,0.342145970184994,5.74215762466187,0.0601685589788439,0.859517008569203
"CARS",2.76014534403291,0.348223515817971,5.40076116221019,0.0558716590081487,0.768112178654895
"CARS2",3.34513544500058,0.420835973295061,5.85766953232789,0.0602572512561403,0.789924694884446
"CASC3",2.65213977504595,0.190433479718158,3.93658841161283,0.0371307567315803,0.586600882887562
"CASC4",1.30002341888527,0.0672519768218836,3.28662778652904,0.0223441663041835,0.490521942352636
"CASD1",1.0700688394351,0.272944974504786,5.64910052096589,0.0575582947496264,0.86497013762659
"CASK",0.883688993446412,0.198114157736051,5.47621698577237,0.0529800539372327,0.842118930148014
"CASP1",0.510896211839154,0.0637964817163456,5.00572084145746,0.0411773951294089,0.760841339911711
"CASP2",1.15467793078915,0.26665420460306,5.58301651230512,0.0565904656483349,0.852505842638276
"CASP3",1.35052196028052,0.250722448443165,5.39572068467267,0.0540192162047919,0.819527395481693
"CASP4",1.56413751795117,0.0901988829469142,3.61963846139987,0.0275070208573995,0.541937159179434
"CASP6",1.10314849165299,0.172269463033572,5.09555005411667,0.047911117950063,0.779537782394183
"CASP7",3.28027458601791,0.372656739501175,5.45751728959085,0.0563152492629784,0.752791482731758
"CASP8",0.952126561634645,0.180857710698689,5.3068909866231,0.0505067210179872,0.814593612048819
"CAST",4.36823341546431,0.087820420569588,1.13225139270187,0.00275765931951001,0.176577512334459
"CAT",0.910330171283783,0.0455654025432003,3.3970130327706,0.0215944165992881,0.502466891716437
"CAV1",0.143068847469162,0.00203048111423185,4.33794309391268,0.028987628922465,0.641911191898208
"CAV2",0.188423052562506,0.0128669087015386,4.94832039372328,0.0373378431371281,0.744481952739548
"CBFA2T2",1.13116229332806,0.170629669155245,5.03389420582759,0.0472520975480421,0.770189561152947
"CBFB",2.18471041782659,0.246754774892009,4.89838856244032,0.0485244097374214,0.726304855881589
"CBL",1.54235113187344,0.226790886156928,5.14820855202077,0.0504962550515044,0.778239418332901
"CBLB",0.638112990515627,0.0542240186977766,4.37299597759704,0.0334055392362659,0.659049597507141
"CBLL1",2.75239614658604,0.404897454316949,5.78552572592615,0.0604844756538276,0.8099195014282
"CBR1",2.71210860103299,0.154183758214555,3.54167826617762,0.0309646550928569,0.526616463256297
"CBR4",1.83316854085006,0.274401509445985,5.2399602814172,0.0531390688691104,0.783692547390288
"CBWD1",1.46516019100124,0.448866170790814,6.13981109294841,0.066818954209194,0.910412879771488
"CBWD2",3.41362341699098,0.347561803517042,5.26443031001829,0.0537640520818474,0.726564528693846
"CBWD5",0.764054320135704,0.206524799609822,5.61860129774594,0.0548427174740111,0.866787847312386
"CBX1",2.30236778005477,0.162036159283321,3.84705954870354,0.0347677792994195,0.578291352895352
"CBX3",5.18419460423952,0.131079865176563,1.66221702259858,0.0117823422246736,0.250064918203064
"CBX4",0.854765591847477,0.213159253758892,5.56708075645055,0.0545499109106364,0.857179953258894
"CBX5",2.04638380328103,0.138059661930456,3.73534848473209,0.0322556558264074,0.563749675408985
"CBX6",1.51428523051663,0.172368353030358,4.67200448576566,0.0435834382295619,0.709945468709426
"CBY1",1.73810825227495,0.179392591478698,4.5230291651774,0.0424393340169869,0.685016878732797
"CC2D1A",2.78177284560312,0.307567487758513,5.06396271919122,0.0518543923375432,0.728641911191898
"CCAR1",3.18984481131617,0.186859377279722,3.55364509976031,0.0331966356697361,0.525058426382758
"CCAR2",2.0007503966874,0.292358143594366,5.26607891206583,0.0538945340516057,0.781615164892236
"CCDC106",3.13425929284903,0.378243175120011,5.55994461447531,0.0573504102522803,0.769410542716178
"CCDC107",2.72338755283329,0.140513290524357,3.2109292307244,0.0271442500280332,0.4811737211114
"CCDC112",1.5849361815658,0.256704782214399,5.34716470572452,0.0533969830742786,0.804206699558556
"CCDC115",4.03223419600049,0.261800417751963,4.13484500900141,0.0412832573250887,0.579330044144378
"CCDC117",1.06580291267361,0.19349728209322,5.26049132843142,0.0505939182843607,0.806284082056609
"CCDC12",8.16503821008208,0.410278043840598,5.1910308268995,0.0492621601834763,0.547130615424565
"CCDC124",11.2056873604301,0.322654795755206,3.66256906707806,0.0341905997284503,0.349000259672812
"CCDC126",1.14373821280235,0.232950119016251,5.41576902905734,0.053747820487128,0.828615943910673
"CCDC127",3.74830396576363,0.465242569842371,6.15946556821075,0.06263970694652,0.799272916125682
"CCDC130",3.41421622311685,0.289813128119696,4.64477369221959,0.0472036015056982,0.658010906258115
"CCDC137",3.13855154633705,0.345118848440453,5.30978102173995,0.054424585961992,0.742404570241496
"CCDC14",1.35301553916757,0.155494675238107,4.63721202371736,0.0424856572542736,0.707089067774604
"CCDC159",1.3249752321744,0.221332898485511,5.22142016717716,0.0512598213649874,0.795377823941833
"CCDC167",1.116238105327,0.114159232601572,4.55016347225269,0.0391295201866314,0.691508699039211
"CCDC174",3.20519125796041,0.319218499009191,4.99422620990845,0.0512900771944063,0.705531030901065
"CCDC186",1.27188934341002,0.114133425568053,4.22071425533187,0.0358496822122077,0.641911191898208
"CCDC22",4.64008156350095,0.533981023355845,6.82146374583141,0.0659809272538062,0.811996883926253
"CCDC25",4.16566839110192,0.244478986157789,3.91813182217402,0.0384932150401237,0.549467670734874
"CCDC28A",11.9805828503617,0.592689320889351,8.87142717797953,0.0628121673427529,0.651778758763957
"CCDC28B",0.690552269735896,0.154039472192889,5.44387712581215,0.0507854735421999,0.838483510776422
"CCDC34",0.651525134944468,0.0885818045697199,5.00514470591261,0.0426343056731782,0.763438068034277
"CCDC43",5.34952683621614,0.504228650724948,6.62236581286375,0.0628859555667499,0.765255777720073
"CCDC47",2.97622615576461,0.166861725597435,3.36017752849509,0.0304080153340508,0.502207218904181
"CCDC50",0.984724198833084,0.0470309259351674,3.35481064783913,0.0211888144238777,0.49545572578551
"CCDC51",28.8572466152807,0.919436081812278,28.1927532770514,0.0702596754144908,0.872760321994287
"CCDC57",0.634804408164697,0.045355984684906,4.2022108998416,0.0307279504306617,0.629446896909894
"CCDC58",3.20476916650334,0.508895768284842,6.44290823216646,0.0665469298816313,0.84990911451571
"CCDC59",3.72482434284617,0.234665076175095,3.92647890808631,0.0385797493361198,0.562191638535445
"CCDC6",1.905569428617,0.146280589318503,4.01601640553742,0.0355101942319331,0.60633601661906
"CCDC66",1.14317334095349,0.186042588170871,5.13254526766836,0.0489662221701106,0.785510257076084
"CCDC69",0.249686667508196,0.042007035079733,5.4096441441465,0.0447365834753817,0.824980524539081
"CCDC82",1.30435824242172,0.193267937121355,5.05775632008092,0.0484246994633235,0.770968579589717
"CCDC84",3.94586698431091,0.556765111933456,6.84434099106545,0.0682600837902251,0.846014022331862
"CCDC85B",1.73376382793578,0.0346094100266587,1.63065055938874,0.000616401384547488,0.224616982601922
"CCDC86",1.3992751293627,0.274861637897163,5.51580233461924,0.0559214447423667,0.834328745780317
"CCDC88A",0.574523332232684,0.0394321582080693,4.40394560518445,0.032471072986297,0.658789924694884
"CCDC88B",0.594047907537443,0.1846344342875,5.70927335701055,0.0549044606408355,0.882887561672293
"CCDC88C",0.350695135626955,0.066464290745264,5.38902237889503,0.0458551280716754,0.824720851726824
"CCDC9",0.799299316675764,0.376956500425763,6.05795536299525,0.0652445342792243,0.933783432874578
"CCDC90B",4.95438468331335,0.25984857816472,3.72979176142119,0.0373970228112858,0.509218384835108
"CCDC91",2.23686831930802,0.199533567488453,4.35335043020711,0.0415871327722642,0.651778758763957
"CCDC92",1.20272994947845,0.239378700870776,5.43025323287068,0.054026599332977,0.828615943910673
"CCDC93",1.51645265336593,0.218232191671414,5.09712081232295,0.0496987207042175,0.771747598026487
"CCDC97",8.63989433848933,0.682513879434254,9.48464472849064,0.0711712696094353,0.805764736432096
"CCHCR1",2.48441334606037,0.487788225131753,6.2903160085809,0.0666527041861327,0.872500649182031
"CCL4",0.0611729696250183,0.000752114913983446,5.26828113613631,0.0406415028584226,0.796156842378603
"CCL5",0.0491630228551084,0.00154738468053697,5.53923519565239,0.0441142863072556,0.841339911711244
"CCM2",3.66946600043377,0.380970250479873,5.5081581007247,0.0561403440726862,0.74136587899247
"CCNB1IP1",1.40611302950246,0.133906834771289,4.40725402817873,0.0387825069366776,0.66891716437289
"CCNC",1.99504696257364,0.143115465746309,3.88800036564887,0.0340293099444905,0.586341210075305
"CCND1",0.301645652996799,0.00653204369163751,3.65678863809498,0.020843207007339,0.530511555440145
"CCND2",0.387290755617053,0.0318449463147019,4.66193511651245,0.0351283197737733,0.700856920280447
"CCND3",1.24754832225278,0.0558256945981023,3.16396994293134,0.019839563817383,0.467411062061802
"CCNDBP1",3.10905716644743,0.196140396918852,3.65698873426795,0.0348689004445358,0.541937159179434
"CCNG1",2.12961647627998,0.10436625264777,3.1316067119302,0.0236859751966366,0.469748117372111
"CCNG2",0.57439595316601,0.0422990893978315,4.27954783790559,0.0314055686827335,0.641391846273695
"CCNH",1.66273718386044,0.142741564051946,4.16597315615821,0.0369486578783259,0.632043625032459
"CCNI",3.994134076545,0.0219627885928292,0.196264983686076,0.015826897011544,0.0140223318618541
"CCNK",8.89061976154371,0.56617689816696,7.92191712589922,0.0634427632053605,0.709426123084913
"CCNL1",2.78832621017885,0.0982424687010613,2.27795812809344,0.0148082984193167,0.343547130615425
"CCNL2",2.2147435310634,0.119319612443354,3.19145968472653,0.0256791136644992,0.482472085172682
"CCNT1",2.01312804970177,0.286634348150643,5.24226795221107,0.0533980872284774,0.777720072708387
"CCNT2",3.31689557891114,0.362577228310147,5.32264710326024,0.0551173410456834,0.737470786808621
"CCNY",1.95448196991752,0.246210889011613,5.02712227916707,0.049849216019571,0.750194754609192
"CCP110",1.53452156647008,0.300135674646898,5.54056701745737,0.0570312335570302,0.833809400155804
"CCPG1",1.30871906177902,0.0732743728589651,3.38769810982021,0.0240066815381213,0.507920020773825
"CCS",3.84251649860758,0.1839942062464,2.95164561913977,0.0279064455603302,0.438847052713581
"CCSER2",2.57602853959107,0.185992609665218,3.9310433188149,0.0368761546531558,0.587120228512075
"CCT2",2.37750996416432,0.0866939856407747,2.54663066969524,0.0161597572624402,0.378862633082316
"CCT3",2.96026033818363,0.0962537149482485,2.25415718597364,0.0141388262675393,0.336535964684498
"CCT4",2.7648074625875,0.071409727935611,1.71303821973883,0.00633116331674469,0.254479356011426
"CCT5",1.35749417648294,0.0582060101923841,2.95843035248765,0.0179029932183965,0.437289015840042
"CCT6A",2.41419243918108,0.0811501608979758,2.4140274127478,0.0142358331975252,0.357569462477279
"CCT7",2.63605301544458,0.0925601324631864,2.31956175850088,0.014618102580556,0.348221241236043
"CCT8",2.93375345819673,0.107419458662407,2.46572025992469,0.0172925200610127,0.36951441184108
"CCZ1",NA,1,NA,NA,0.900285640093482
"CD151",1.67919893444521,0.0227795262790474,1.3069672615317,0.004767103761578,0.167229291093223
"CD164",2.9095366926019,0.0542214681698818,1.15833886751981,0.0013827304700526,0.167748636717736
"CD276",0.981606370936688,0.0833881392313615,4.30079844862468,0.0345232317446247,0.650220721890418
"CD2AP",1.7265725566583,0.167797782775847,4.41688242516184,0.0407904279962077,0.669176837185147
"CD2BP2",4.99104126698056,0.297379898775419,4.10787017257509,0.042165662236977,0.550766034796157
"CD320",0.474141795934165,0.0215235976677463,3.78546271833497,0.0238507249102896,0.556738509478058
"CD37",0.190507995509531,0.00850137727082578,4.76857528605264,0.0347722936507912,0.713580888081018
"CD3D",0.0313939948937656,0.00212860459308084,5.93113675650952,0.0490907514043514,0.90651778758764
"CD40",0.42381030858471,0.0326197464879306,4.59013252014369,0.0342898108619839,0.688911970916645
"CD44",0.773242173507806,0.0147074251829704,2.54739734372609,0.00820964268607609,0.35367437029343
"CD46",1.30418438180863,0.0458383690598311,2.68222447142844,0.0135497103339514,0.390288236821605
"CD47",1.84377484172054,0.0753144861867766,2.90200400227403,0.0187230356098192,0.430018177096858
"CD48",0.206493650286376,0.0245110801331481,5.32207988787834,0.042626855412418,0.807582446117891
"CD52",0.0964166938033433,0.00216463680318557,4.98079875588985,0.0370775239068525,0.748377044923397
"CD53",0.229725874899303,0.0147994683025505,4.88724410223499,0.0366526920528466,0.734095040249286
"CD55",0.495345025814902,0.0390893329651668,4.43115243087512,0.032949775033057,0.665281745001298
"CD58",0.836619936719965,0.103447736824826,4.8239942353409,0.0415154750464476,0.735653077122825
"CD59",1.31813552566658,0.0142781382097015,1.23667889438515,0.00699240141009876,0.14931186704752
"CD63",1.82055610220524,0.0091128163961882,0.559000596888177,0.0153916320220186,0.043365359646845
"CD68",0.146188239880547,0.00201985265144343,4.32260410304576,0.0287891104093504,0.639314463775643
"CD69",0.0580946290401677,0.00982122688088202,5.8973866637724,0.0490223679064425,0.901584004154765
"CD74",0.082403673090605,1e-06,2.25668753842014,0.00300880645993998,0.301220462217606
"CD81",1.19506217495099,0.0255046497841252,2.09421774060321,0.00443108103397798,0.289275512853804
"CD82",0.805312896849513,0.0468080402336686,3.867506596593,0.026914423797635,0.57543495196053
"CD83",0.08856409007804,0.00680904166355709,5.4894695963058,0.0437348620722697,0.833290054531291
"CD9",0.536339217591667,0.00794522622298716,2.70055683234918,0.00922954198232968,0.374967540898468
"CD99",1.28991856839888,0.00869494808463904,0.841989156729505,0.0124816565515227,0.0836146455466113
"CD99L2",1.60898859763658,0.209900141832471,4.90750526844166,0.0476415390587885,0.743702934302778
"CDADC1",1.12423419109974,0.242972133231346,5.47849142997242,0.0547678294774244,0.838483510776422
"CDC123",1.83809570721399,0.143356996018004,4.01715416313749,0.0354154204954049,0.607634380680343
"CDC16",3.68134418894283,0.313966506614513,4.81425381014168,0.0490858247009233,0.668138145936121
"CDC23",4.947925508292,0.611558683266099,7.49637795477619,0.0702425894840119,0.845235003895092
"CDC25B",0.511885314787218,0.0731398270299117,5.06984953368041,0.0425460275470622,0.773305634900026
"CDC26",6.58512290495444,0.300759755071185,3.89187321901952,0.0388964039170582,0.482731757984939
"CDC27",4.64723220481605,0.338782772869929,4.89694238722172,0.04914736674649,0.642170864710465
"CDC34",2.63732514984612,0.479252696583703,6.25364334807468,0.065842533666003,0.861334718254999
"CDC37",3.07608271628039,0.0485964302709488,0.811210417365247,0.00554177727210265,0.116593092703194
"CDC37L1",2.02230957912072,0.279734240487371,5.16192418287401,0.0525300167808861,0.767592833030382
"CDC40",6.71045351924894,0.423637040648112,5.56853695048689,0.0533528427439359,0.627369514411841
"CDC42",5.83545508440261,0.109012389595464,1.07746879069098,0.00446056632072233,0.168527655154505
"CDC42EP1",0.502138485427217,0.0291803355374275,4.10120167605556,0.0282469296326352,0.609452090366139
"CDC42EP3",0.258670965241713,0.0169472018320677,4.67664351461418,0.0342734553587861,0.70059724746819
"CDC42EP4",0.467535999959278,0.0404484114588618,4.55075815492995,0.0344678600573769,0.685016878732797
"CDC42SE1",2.45223282095082,0.153797450882008,3.63384281566043,0.0321277910093068,0.545053232926513
"CDC42SE2",1.57616074355997,0.155141332821499,4.46345797267042,0.0405174487774641,0.676707348740587
"CDC5L",3.92863596311589,0.290706269786871,4.52010328981541,0.0455774435110996,0.626590495975071
"CDC73",3.96006293990222,0.322683764833504,4.83335991774733,0.049173591727258,0.660347961568424
"CDCA4",0.856929237827008,0.159536110376821,5.266580673713,0.0491670427228383,0.809140482991431
"CDCA7L",0.647520090271337,0.173447608735848,5.6241096264253,0.0534704985807694,0.867566865749156
"CDIP1",1.55786080146913,0.239489167552384,5.17940796196908,0.0514362396502957,0.783432874578032
"CDIPT",4.00795790419149,0.173818870145997,2.785082723684,0.025528480738614,0.412879771487925
"CDK10",2.72386386477193,0.218585638750853,4.22492382580765,0.0411354128503355,0.624513113477019
"CDK11A",1.97765130016989,0.323849425663988,5.49652861953385,0.0568895634441774,0.810958192677227
"CDK11B",2.84319522348809,0.356479593230572,5.44632100168982,0.0563390916893225,0.769670215528434
"CDK12",1.22979549364733,0.101317508050748,4.05797040730273,0.0333361738650207,0.616203583484809
"CDK13",2.71152432030177,0.332875033201638,5.2908866403886,0.0546147235651042,0.757725266164633
"CDK16",6.60451129223963,0.320471781973039,4.26410800787979,0.0419106488857578,0.517268242015061
"CDK17",1.26338572842502,0.16459305209508,4.84398858997145,0.0450032348129871,0.739288496494417
"CDK19",1.24019966005721,0.241597375852434,5.43546167110683,0.0540720555395693,0.827836925473903
"CDK2",1.58273631447154,0.34504726003198,5.73027880469873,0.060140204338285,0.856400934822124
"CDK2AP2",1.18572082921903,0.0501030013777469,3.10251325459992,0.0186045680700217,0.45624513113477
"CDK4",2.83976531347935,0.101418410066532,2.35736685397308,0.0157975370792873,0.3544533887302
"CDK5",2.53932604893969,0.351125279079419,5.54054648426723,0.0571608478053101,0.792261750194755
"CDK5RAP1",5.11834144631248,0.575497155846746,7.22784177304762,0.0679373335264777,0.819267722669436
"CDK5RAP2",1.1954498082487,0.163996580924,4.91379304272046,0.0456904931677512,0.750714100233706
"CDK5RAP3",3.35530830683377,0.149063583683699,2.74588350760145,0.0236140295968398,0.413918462736951
"CDK6",0.609996611218947,0.080334533052845,4.96151956498835,0.041710861017911,0.756167229291093
"CDK7",20.1284736597956,0.876611816214747,20.148794385766,0.0737946928112818,0.857699298883407
"CDK8",26.412931036375,0.919406257249661,26.3790286969778,0.0714390722675632,0.88236821604778
"CDK9",2.38620976009041,0.301455844183145,5.16712699457935,0.0529452494765147,0.755388210854324
"CDKN1A",0.416499819924691,0.0107504737043285,3.39459221766618,0.0180400955486726,0.489223578291353
"CDKN1B",1.39397591599014,0.0759312471697028,3.31945413044293,0.023497187973046,0.497792781095819
"CDKN2A",0.169581368779473,0.0111337574751771,4.97784868605919,0.0375997142856669,0.749156063360166
"CDKN2AIP",1.57771517557872,0.247434085335485,5.19785673697049,0.0519788105249857,0.786029602700597
"CDKN2AIPNL",2.22954383069202,0.200725769272164,4.40847186119915,0.0420606771970882,0.658789924694884
"CDKN2C",0.271042730234233,0.0463808380547657,5.38991346495103,0.0447521657086629,0.822383796416515
"CDKN2D",0.181107805208264,0.065797129048509,5.87883495243996,0.0515235451220137,0.9049597507141
"CDS2",1.96086577708189,0.164387298236887,4.14589876301378,0.0379368260191333,0.626590495975071
"CDV3",3.489400396294,0.242028228004497,4.20480090659776,0.0411990686215334,0.601142560373929
"CDYL",3.14780109290352,0.541462635485075,6.64170256308239,0.0685705948779699,0.869384575434952
"CEBPB",1.04734683803648,0.0366604133179015,3.0037336999683,0.0160445493718524,0.435471306154246
"CEBPD",0.585033398625251,0.0131865438337008,2.85498676506772,0.011773835778592,0.403012204622176
"CEBPG",1.75935507841316,0.170164502772408,4.49274795706094,0.041448626755367,0.67800571280187
"CEBPZ",6.93114461821585,0.36264898845046,4.74188991563189,0.046293720128683,0.5505063619839
"CEBPZOS",3.20144488917757,0.201140426418867,3.74759136548484,0.0356990610950714,0.550766034796157
"CELF1",4.14157184567064,0.21261483516095,3.43469543659085,0.0330791000430973,0.492079979226175
"CELF2",0.499774163487695,0.0304240443650827,4.22966640328001,0.0298274942963653,0.629966242534407
"CENPB",1.574649919936,0.249133744699769,5.25089362031052,0.0524085896898881,0.792521423007011
"CENPBD1",2.07310137423702,0.523648968199636,6.41978418719543,0.0693907082920945,0.905998441963127
"CENPC",1.31729173785456,0.143298408526324,4.50148588422507,0.0405534964883922,0.687353934043106
"CENPH",0.318026809824119,0.118375739999887,5.8346472324379,0.0534191395310602,0.901843676967022
"CENPK",0.130264447266867,0.0517282586773273,5.97035469352543,0.0519322597776757,0.918462736951441
"CENPN",0.250558438296185,0.0879843520445042,5.8382976905144,0.0520672660922993,0.900025967281226
"CENPQ",0.837209881463329,0.303797739208154,5.89395857180184,0.0611345680253333,0.907816151648922
"CENPT",2.91285668769375,0.262543656013727,4.5468715820754,0.0458819856198839,0.66216567125422
"CENPW",0.259922791246336,0.0388338914318871,5.33767768342722,0.0436755145406111,0.812516229550766
"CEP104",2.17365825418405,0.298131611659265,5.2406564458673,0.0536545638384587,0.772007270838743
"CEP135",1.27806789836257,0.309959801777342,5.69977692840826,0.0590951766836091,0.864710464814334
"CEP164",3.21819906405893,0.380960373843121,5.55093484701575,0.057281348284905,0.764996104907816
"CEP170",1.62487113551882,0.150116377044946,4.41323823699435,0.0395967190974406,0.667099454687094
"CEP250",0.768424701141766,0.193058112761858,5.56701559471473,0.053723684510713,0.857958971695663
"CEP290",1.01064063237905,0.128732173923076,4.82742560329932,0.0429676281522465,0.737211113996365
"CEP295",2.48112388499839,0.454447474719393,6.10878611492491,0.0646091688902762,0.855362243573098
"CEP350",2.63071865097059,0.185533007915193,3.93833958890059,0.0367647805874024,0.586081537263049
"CEP57",3.35378224158263,0.221332373985406,3.95276506845067,0.0383664406973703,0.57387691508699
"CEP57L1",4.19505345864744,0.591836633175558,7.15100796115493,0.0699644852406265,0.856660607634381
"CEP63",4.9580713991809,0.429112705546516,5.77000697046482,0.0572517735408166,0.712282524019735
"CEP68",0.595045267746706,0.0864553439159627,5.03252832100257,0.0429160451726907,0.768891197091665
"CEP78",0.967505509016832,0.241737053582398,5.60859862351434,0.0560023923674921,0.861075045442742
"CEP85L",0.706841375972633,0.160497343614308,5.46339899726387,0.0512730064727857,0.8415995845235
"CEP89",2.0801175868243,0.342593798626582,5.5771623826858,0.0580079879179024,0.816411321734614
"CEP95",1.2994078238581,0.198607464590453,5.08080198008527,0.0489502268000374,0.775123344585822
"CEPT1",3.28376352155851,0.426542482971885,5.8591469705227,0.0606935811998566,0.793040768631524
"CERK",1.26118182118561,0.247911234489517,5.43558084710872,0.0543663556184634,0.827836925473903
"CERS2",1.09146899970722,0.0442775903228292,3.04264532065327,0.0173935135165561,0.445598545832251
"CERS4",0.333454322695228,0.0229807730718227,4.58343357021657,0.0335498395838024,0.686315242794079
"CERS5",5.60192492445201,0.473924449395997,6.22091102066413,0.0598983170911843,0.722929109322254
"CERS6",0.738972071152153,0.0731958495557572,4.59889925895621,0.0371636010554877,0.696702155284342
"CES2",3.00059508520259,0.326041599114495,5.15542440687719,0.052914674724003,0.730978966502207
"CETN2",1.82379375556934,0.200454867310315,4.69168323825376,0.0449554695802303,0.707348740586861
"CETN3",3.41698936777112,0.505675739201865,6.40696363861696,0.0659034879649662,0.836406128278369
"CFAP20",1.41604437472414,0.200914956259195,5.01257677746316,0.0482920094510715,0.762399376785251
"CFAP36",1.9937565791094,0.11400912359163,3.4049583456971,0.0272851292000743,0.513113477018956
"CFAP97",3.60048160846099,0.218325749108783,3.68508586430041,0.0360490116415554,0.53622435730979
"CFDP1",4.13544508461077,0.185034367851389,2.93342824870133,0.0274248170778263,0.430018177096858
"CFL1",2.99323019275736,0.011415080624877,0.260728911945646,0.0175846015565117,0.00856920280446637
"CFL2",0.873694013349306,0.1246110343713,4.9627900363632,0.0442299342969008,0.759542975850429
"CFLAR",1.30675747574718,0.0547134585094335,3.04884352425799,0.0184418323802094,0.448974292391587
"CGGBP1",3.61701550538895,0.190730020996656,3.20397178993915,0.0305475976276218,0.474941573617242
"CGRRF1",4.58045842574854,0.545033040140506,6.86151034356776,0.0666900889941078,0.817450012983641
"CHAF1A",0.288505876123202,0.146195761476933,5.96409551013373,0.0560765941226708,0.925473902882368
"CHAMP1",2.45120135349032,0.387162682907291,5.73251833149404,0.0600730234481994,0.817969358608154
"CHCHD1",8.53795573468604,0.349206549475787,4.3690250205797,0.0417385645138883,0.470786808621137
"CHCHD10",1.58818193855889,0.0249459503348988,1.59924280497507,0.00125134312499139,0.212412360425863
"CHCHD2",8.58430530070218,0.0476141990360471,0.0935542247307274,0.0127976319563302,0.00727083874318359
"CHCHD3",5.42282632698383,0.293552135019155,4.22254760530641,0.0415989694723898,0.547649961049078
"CHCHD4",71.5752667194448,0.955393984794111,63.9219551444903,0.0489099948844888,0.837444819527395
"CHCHD5",2.55957301854026,0.0908668416995919,2.47587097571273,0.015827424754925,0.368735393404311
"CHCHD6",1.12940105791874,0.183391630762263,5.14279478612518,0.0489107986534222,0.786808621137367
"CHCHD7",2.37761112795977,0.21990653997526,4.55432351704173,0.0440812408347989,0.674629966242534
"CHD1",2.684708497853,0.180092196451593,3.78246733336116,0.0351196500376685,0.564528693845754
"CHD2",1.96414688980796,0.116804482575864,3.40718907650317,0.0276583663524534,0.515450532329265
"CHD3",1.35027397954228,0.0815467309976798,3.60667683517861,0.0269163263602437,0.541677486367177
"CHD4",3.04872633002177,0.142276114142856,2.99185269342161,0.0251400153213507,0.447416255518047
"CHD6",1.34154632613583,0.135922553825302,4.4404216729263,0.0393920928368942,0.676188003116074
"CHD7",0.507810181051962,0.112688781882315,5.45203334579655,0.0489399409242776,0.838743183588678
"CHD8",2.56328213117906,0.280320533575198,4.92743609449727,0.0499511931316327,0.719553362762919
"CHD9",2.33683677308376,0.10642389192242,2.85847791170032,0.0212792058615647,0.430797195533628
"CHEK2",0.928278488747282,0.299587221416206,5.83977345507583,0.0603676612735111,0.89665022072189
"CHERP",6.49452424847088,0.57743772874761,7.51018146271803,0.0665050779976082,0.777979745520644
"CHFR",4.0940164800123,0.452314270702804,6.08742274679179,0.0610924462451002,0.777200727083874
"CHIC2",2.01102085106013,0.148069836686807,3.90278104906927,0.0345618883826244,0.589457283822384
"CHID1",2.20898943667553,0.0886187100336713,2.73533983401813,0.01829382772727,0.407945988055051
"CHKA",1.13622035115714,0.174648700081494,5.09619171972739,0.0479737709280523,0.778758763957414
"CHM",1.79881228335702,0.272784960221566,5.22370204065701,0.0530459153694921,0.783173201765775
"CHML",0.387843781643513,0.209387137351993,5.9845461423367,0.0588576169891895,0.931446377564269
"CHMP1A",31.946385792286,0.764039792312353,21.4310455313006,0.0663176619100184,0.599324850688133
"CHMP1B",0.554788995095611,0.0396943080316318,4.24301520944537,0.0307946717427543,0.635159698779538
"CHMP2A",6.88908177975033,0.168522935476916,1.65456284114283,0.0147178172090398,0.238379641651519
"CHMP2B",4.10874394822917,0.252684374351937,3.98605531646527,0.0396354050328593,0.559854583225136
"CHMP3",3.87354110850605,0.231926819197331,3.7684618828772,0.0371802936625978,0.540119449493638
"CHMP4A",3.11197645825905,0.444902600653978,6.03525368822138,0.0625539650152447,0.817709685795897
"CHMP5",4.74017061077678,0.165920961205256,2.32058770010916,0.0206864358941227,0.343287457803168
"CHMP6",6.31594130715158,0.537510566109384,7.01809468627729,0.0639045992440598,0.752272137107245
"CHMP7",4.69930226934987,0.479059161605841,6.26865480132259,0.061859486051477,0.765515450532329
"CHORDC1",3.75664482593674,0.385189538410286,5.49848709342307,0.0561662176930772,0.736951441184108
"CHP1",2.89965244721399,0.209931001966001,4.07770745959876,0.0391364520233833,0.599844196312646
"CHPF",0.383397500090615,0.0136809268615634,3.79659182111654,0.02323169993023,0.555699818229031
"CHPF2",1.83712048443551,0.255483695375198,5.12105206910572,0.0513029685511614,0.767333160218125
"CHPT1",0.56957745239547,0.0393172929606361,4.23010840747264,0.0305770317267637,0.632562970656972
"CHRAC1",4.34880979651831,0.354966653950787,5.09857127200317,0.0515991557759,0.673591274993508
"CHRNB1",2.05371806227101,0.439404094799227,6.0514827667441,0.0647021825815391,0.870942612308491
"CHST11",0.744758960644489,0.0999783021908359,5.01006988354377,0.0432412228826167,0.76395741365879
"CHST12",1.4904272520682,0.146483711582028,4.3967601696561,0.0395205040982897,0.668657491560634
"CHSY1",1.20691610556177,0.148180678274149,4.78176861471494,0.043479243026695,0.729161256816411
"CHTOP",4.4939862472501,0.273517382142512,4.07221376160473,0.0410160184516561,0.559854583225136
"CHUK",3.31960517903646,0.57133942368586,6.85147177181146,0.0699802022536992,0.877434432614905
"CHURC1",4.52958133428452,0.271639177544902,3.99074556432169,0.0404060326458861,0.550246689171644
"CIAO1",9.28822533198741,0.418698321265897,5.33467756847337,0.0487381803719076,0.522461698260192
"CIAPIN1",2.16378224176545,0.246424746880443,4.90059330374212,0.0485692727085032,0.727343547130615
"CIB1",2.33457938317069,0.0440982958606506,1.40074144545805,0.000464218721778603,0.1960529732537
"CIC",2.11138099470662,0.2499744309343,4.91065040195173,0.0489995850752285,0.731238639314464
"CIDEB",0.837368079174974,0.214064251989827,5.59311844239406,0.0548339035827879,0.861334718254999
"CINP",8.21170519799688,0.489291597640655,6.6332086816603,0.0577442662029505,0.651778758763957
"CIR1",1.15389563275284,0.0722266825318686,3.56511798523381,0.0259135175033791,0.53622435730979
"CIRBP",2.26646930904876,0.0143244371262754,0.389289328666463,0.0159972455683874,0.0262269540379122
"CISD1",4.02604324752534,0.261942576276733,4.15278605005737,0.0413979289271425,0.581407426642431
"CISD2",3.49692455482168,0.174609812814995,3.38365583072055,0.0303485619042762,0.493378343287458
"CISD3",2.89973407940728,0.110264126022017,2.6863669716,0.0194446926661102,0.399117112438328
"CITED2",0.582542416467491,0.0111659443570863,2.57768096425801,0.00823056675438357,0.357829135289535
"CIZ1",2.60076601142727,0.260054697259578,4.74297146226046,0.0475082435503622,0.694884445598546
"CKAP2",0.308893948138455,0.0705383918268234,5.55932310687529,0.0480220588324139,0.852765515450532
"CKAP4",0.598485972354566,0.0313568026622471,3.83429570064411,0.0252815770758665,0.56712542196832
"CKAP5",2.05700130463793,0.195397541327961,4.43050132457719,0.0422205093336633,0.666320436250325
"CKB",0.0683543036493633,0.00581623036303096,5.61239170215682,0.045245400626576,0.853804206699559
"CKLF",0.411328909371967,0.0301618395139031,4.49233323875497,0.0329896021937415,0.673071929368995
"CKS1B",0.713544315078471,0.0523931060386205,4.13689949485198,0.0305581870460052,0.620877694105427
"CKS2",0.42035578591531,0.0250624529139633,4.25805340697745,0.0297888232536471,0.633861334718255
"CLASP1",1.84590372830366,0.252432993990445,5.07362024482746,0.0508114612444759,0.761101012723968
"CLASP2",1.63218532654104,0.163707857444918,4.42200134671069,0.0407448792463492,0.672033238119969
"CLASRP",4.38608832315459,0.331509660415995,4.75580227458529,0.0485905435274762,0.637756426902103
"CLCC1",1.5387210082342,0.24856461345435,5.2423201007656,0.052424952012251,0.793040768631524
"CLCN3",1.53376180944034,0.138800377411242,4.24391125325668,0.0375476740988449,0.645027265645287
"CLCN7",2.20025808154938,0.242487113565474,4.85757884031545,0.0479583522803845,0.720332381199688
"CLDND1",2.07656893503743,0.21782288693991,4.60602254372415,0.0450039975266545,0.691508699039211
"CLEC16A",3.12764039997756,0.474707743135407,6.20539175596268,0.064477758256035,0.832770708906778
"CLEC2B",0.502392397150319,0.0238908662848703,3.89932468412822,0.0253683059047498,0.575175279148273
"CLEC2D",0.210186637251322,0.0441676974887686,5.5825771562417,0.0469338971301748,0.853804206699559
"CLIC1",3.92359977369898,0.0256382689526064,0.26995762143674,0.0145026155790795,0.0264866268501688
"CLIC4",1.21909512801682,0.0500210946337358,3.07354904260411,0.0182411009788187,0.451311347701896
"CLINT1",4.50371399479188,0.235448085318905,3.59276801957943,0.0353711298654708,0.50376525577772
"CLIP1",3.14647431432971,0.202728872868539,3.77953805020466,0.0361499247779035,0.556478836665801
"CLK1",2.63360326953999,0.137221154605918,3.05279231983249,0.025770911451391,0.462736951441184
"CLK2",10.035634441238,0.711330471122502,10.4743250919558,0.071860621697831,0.802648662685017
"CLK3",5.73676289820629,0.464027478937494,6.12041060480102,0.0588615069034977,0.709426123084913
"CLK4",1.29951935606126,0.190779244531552,4.99279982197897,0.0478137176477911,0.762659049597507
"CLN5",2.84938447779383,0.278270003180832,4.794079328817,0.0484351768329328,0.693586081537263
"CLN6",2.5546287803154,0.287368435426874,5.09487798936598,0.0512895771429876,0.738769150869904
"CLN8",1.11992633308012,0.17272534039317,5.09623247048116,0.0478957918538997,0.77901843676967
"CLNS1A",5.0954468759829,0.162319546011196,2.32224197460103,0.0198443849252357,0.335497273435471
"CLOCK",1.45993252202337,0.225038223697593,5.16693438562636,0.0507426703852067,0.783692547390288
"CLP1",9.49142326944145,0.902682297589365,13.2371179327636,0.0799991805965067,0.94572838223838
"CLPB",6.8459039145441,0.771206936564385,9.87361669722391,0.0766979779502087,0.898987276032199
"CLPP",9.45784214503462,0.332370363884275,4.05251942173846,0.0381832419652996,0.420669955855622
"CLPTM1",4.18183134781852,0.237451756289493,3.72249327925043,0.0368236098445632,0.52713580888081
"CLPTM1L",1.89865080735375,0.211926858791895,4.74733604069937,0.0459472689286654,0.713580888081018
"CLPX",4.48401543050459,0.429334031651071,5.80743775107033,0.0582639432016432,0.735393404310569
"CLSTN1",1.52615730807715,0.0923443887456908,3.4567216823493,0.0263488811368021,0.521942352635679
"CLSTN3",0.410748901599029,0.0590344520134079,5.09561128350459,0.042062971936844,0.776421708647105
"CLTA",8.60213354480624,0.116769970314985,0.593776129794058,0.00116679336129633,0.100493378343287
"CLTB",5.07308280539066,0.139364447103679,1.79780681544154,0.0138183314564701,0.270059724746819
"CLTC",3.63741263765007,0.118277289947105,2.19261935529986,0.0155960255724714,0.329005453129057
"CLU",0.357488325311534,0.0027746295687003,3.41638957618346,0.0173284512926261,0.48792521423007
"CLUAP1",1.94089072781294,0.331245927866913,5.53240599008843,0.0575563308686815,0.817190340171384
"CLUH",1.63664012392078,0.310623682338023,5.58628223315117,0.0575379497742647,0.835107764217086
"CMAS",5.42864151719796,0.392477581526136,5.39268445394408,0.0529900604624741,0.660347961568424
"CMC1",4.46782748654618,0.252145537189684,3.81033492081519,0.0380113686507769,0.530511555440145
"CMC2",2.46401889355334,0.149936251772362,3.63522334436514,0.0317440173217408,0.543495196052973
"CMIP",0.682657899151922,0.0601612022995372,4.46005578261286,0.0347475002250883,0.673071929368995
"CMPK1",4.4050410121575,0.138949274161157,2.07976227584718,0.0163866967154329,0.312126720332381
"CMSS1",1.61850227036298,0.222994130562515,5.06013649073712,0.0494768363179262,0.76395741365879
"CMTM3",1.17615145263377,0.0602130479750399,3.48613046266427,0.0237237018619562,0.517787587639574
"CMTM6",2.18414673491392,0.0648639159651655,2.2766273256081,0.0110906910666539,0.332640872500649
"CMTM7",0.948423626854425,0.0532162448421365,3.75501527301575,0.0261315087559514,0.558556219163854
"CMTR1",1.58094512991361,0.321822582570691,5.63272319222041,0.0585069804887958,0.843936639833809
"CMTR2",3.1301392245732,0.446241397062391,6.01879077810936,0.0625323159939484,0.815372630485588
"CNBP",7.88139632521749,0.0737120962593816,0.00190673828171672,0.00837430680831957,0.027525318099195
"CNDP2",1.82502315457999,0.0868656212549072,3.29616045759501,0.0237072358808217,0.490002596728123
"CNIH1",5.06819080820785,0.141249403492308,1.88430149887285,0.0146221939241715,0.280446637237081
"CNIH4",3.44696650985259,0.148402582542734,2.88985688869152,0.0244087589335962,0.428460140223319
"CNKSR3",0.195185716712589,0.0373710987082372,5.5650325191674,0.0463467353365014,0.84990911451571
"CNN2",0.848812062839738,0.0238901138776727,2.71955713014964,0.0114480910216267,0.386652817450013
"CNOT1",3.41746293665894,0.251115624602982,4.2652187044556,0.0423916285289954,0.611789145676448
"CNOT10",19.1773695319306,0.821836922954244,17.6668321975965,0.07260767674111,0.798753570501169
"CNOT11",16.1280639522294,0.856088646706585,16.8699875398673,0.075103618527589,0.862633082316281
"CNOT2",4.88150559477444,0.260490932633791,3.69688593100016,0.0374179437360695,0.508179693586082
"CNOT3",2.73716604598483,0.318690484662249,5.18922677685068,0.0532398934157071,0.744741625551805
"CNOT4",4.08884059674033,0.290018101397538,4.2698583427381,0.0440255196351481,0.595689431316541
"CNOT6",2.2933269523195,0.440788505667799,6.05493094337982,0.0642227594274849,0.859257335756946
"CNOT6L",1.31278450624551,0.142433588655675,4.56660986738498,0.041018946783154,0.695663464035316
"CNOT7",8.52383439639131,0.302812602549682,3.52055419968151,0.0349805824261274,0.399117112438328
"CNOT8",3.22221325055082,0.25067095623808,4.3165018007628,0.0430569931699308,0.623993767852506
"CNP",4.28637869798629,0.348052296856829,5.01498799533037,0.0509483991294458,0.667618800311607
"CNPPD1",3.61546526659134,0.255894620132875,4.18578848283343,0.0419246681171857,0.597507141002337
"CNPY2",1.99762220877276,0.183789384201182,4.38362590198599,0.0411383959026633,0.659828615943911
"CNPY3",2.66891206697694,0.104347825869652,2.68727009955578,0.0190965761304262,0.400934822124124
"CNPY4",0.704516011330796,0.123784210045862,5.19725319018175,0.0467378608360254,0.797974552064399
"CNST",1.354048247497,0.161075210935804,4.67010983483327,0.0431614269688288,0.712801869644248
"CNTLN",1.23754677685528,0.206042475181379,5.2431851423003,0.0507251385136694,0.799013243313425
"CNTRL",0.83014582957108,0.127200373278558,5.08912825690951,0.0456366202709173,0.77901843676967
"COA1",3.92648904438306,0.256740592083904,4.13979737635428,0.0411178114965955,0.582446117891457
"COA3",2.71434642561161,0.0832125004825068,2.05233980024174,0.011003849561583,0.30693326408725
"COA4",7.02937839330693,0.258194601390453,3.25892473634843,0.0318690976394672,0.408465333679564
"COA5",4.65699645154019,0.24510600156869,3.61665702878386,0.0360752289555785,0.50376525577772
"COA6",3.19705447148617,0.191873238779161,3.84219830201977,0.0354876143011259,0.559075564788367
"COA7",1.29319744153776,0.420776858395623,6.08442666116994,0.065859755199238,0.912749935081797
"COASY",3.03944094235116,0.252001640459336,4.47059260804722,0.044407348386182,0.647364320955596
"COBLL1",0.30270781740194,0.0622747024401724,5.47563792986058,0.0466421232700296,0.838483510776422
"COG1",1.99032812960015,0.2970392552958,5.29220418924124,0.0543315741781385,0.785510257076084
"COG2",1.68034553068733,0.265799727023089,5.26962645061438,0.0532139916460028,0.792521423007011
"COG3",2.64341077012601,0.369526236028453,5.57920641854537,0.0580775950941759,0.792781095819268
"COG4",13.0710100628625,0.711391481084705,11.6976005428671,0.0701545150874188,0.752531809919501
"COG5",3.82686527330003,0.402244561907371,5.62910051029924,0.0574604735843588,0.746819008049857
"COG6",1.45895488887061,0.281266798980446,5.48472529051376,0.055925238925513,0.828875616722929
"COG7",1.83554545115685,0.297299945118241,5.36673879401955,0.0551434969497545,0.800571280186964
"COG8",5.65568328263535,0.653676730360966,8.08437408541928,0.0718829164938404,0.85068813295248
"COIL",3.95755906932809,0.427609212517463,5.80618993355218,0.0591933953126228,0.757984938976889
"COL18A1",0.16924134435757,0.00379270815896618,4.29801095531513,0.028621488325918,0.635679044404051
"COL4A3BP",2.84424141938714,0.279217424138011,4.79325791999045,0.0485074070311084,0.69384575434952
"COL6A1",0.132488590247952,0.00112176829957611,4.26611262046478,0.0280271671617162,0.629966242534407
"COLGALT1",1.30474617541609,0.107112257255116,4.26622592725435,0.0355313739371853,0.644248247208517
"COMMD1",10.1296290587878,0.28646946692534,3.0515181046281,0.0299951108121072,0.32355232407167
"COMMD10",5.83503617876923,0.487963499409871,6.41744186138039,0.0607579874620268,0.728641911191898
"COMMD2",3.7810439222231,0.253992705492332,4.17788702541457,0.0413931066215687,0.590755647883667
"COMMD3",2.43462886355482,0.391606904838962,5.76420086502088,0.0604620620744733,0.822124123604259
"COMMD4",7.67106954029085,0.386529087505985,4.98838882090673,0.0476870589777884,0.547390288236822
"COMMD5",116.425076445094,0.930763096680422,88.9169932489237,0.0418165498478739,0.636198390028564
"COMMD6",6.78339147921242,0.0507581600569868,0.0114286625368081,0.0118676196099194,0.0176577512334459
"COMMD7",9.32618798259096,0.326981185894136,3.86249709020427,0.0372749423835962,0.408465333679564
"COMMD8",4.81540800840411,0.394041039516079,5.50017871775066,0.0545776771532088,0.69384575434952
"COMMD9",3.42776324367132,0.259287603238335,4.52214534070148,0.0443573601316286,0.640093482212412
"COMT",3.96658042506028,0.0851105907198106,1.39676995689502,0.00470860188063513,0.210594650740068
"COMTD1",1.161435423242,0.10904704720076,4.3982637207168,0.0372400159818211,0.667618800311607
"COPA",4.30239015141622,0.167569101899669,2.72370926328704,0.0240270768117122,0.397299402752532
"COPB1",3.30669334039121,0.195125075677445,3.57584363281586,0.0338731106884356,0.526616463256297
"COPB2",2.50118134433228,0.128516853589448,3.18906676529409,0.0261201200711179,0.479096338613347
"COPE",5.90304988211159,0.140748230458395,1.58731856225868,0.0118540570759588,0.23604258634121
"COPG1",2.69213710709092,0.198146433956949,4.0327200330709,0.0383274004059579,0.598545832251363
"COPRS",3.41857190614886,0.384502396821239,5.58389651720439,0.0571621983988909,0.759542975850429
"COPS2",4.32103652351158,0.204177671561557,3.14168559202916,0.0302767926463766,0.453648403012205
"COPS3",4.24437649693889,0.293936134979332,4.52393965555493,0.0451884712817118,0.616203583484809
"COPS4",4.87121251139506,0.425196360232747,5.75874928520362,0.0571494386524545,0.714879252142301
"COPS5",5.34784418110744,0.24215041850812,3.27091728365663,0.0329085464118711,0.449233965203843
"COPS6",6.98223214778737,0.220678966841766,2.45767564264462,0.0245569198661295,0.327966761880031
"COPS7A",7.59629870674177,0.341745719210984,4.41201694363271,0.0426038440607278,0.501428200467411
"COPS7B",3.29065096346344,0.375659366762393,5.46830038931363,0.0565066234489171,0.753570501168528
"COPS8",2.02113649239379,0.133308059345104,3.67814410570936,0.0314021513369514,0.555440145416775
"COPZ1",3.57093576877081,0.12379425141598,2.34121730776002,0.0174613469423242,0.350558296546352
"COQ10B",3.93889605810371,0.341325693055243,4.9749949358824,0.0510562821115977,0.676707348740587
"COQ2",1.109341222654,0.197070077375153,5.3506268599791,0.0513169500618038,0.816151648922358
"COQ4",2.65543870768133,0.131779717161928,3.08050774706453,0.0253545580004353,0.463256297065697
"COQ5",12.9826094914863,0.747439265158907,12.5024909747898,0.072128334048602,0.792002077382498
"COQ6",1.32413906443022,0.189605757052511,4.99695230078795,0.0476928022140919,0.761880031160737
"COQ7",1.33451560261907,0.211904268501909,5.14844121755266,0.0501617223169058,0.784471565827058
"COQ9",4.2468172438565,0.345580534954043,5.06084891204129,0.0510473316483588,0.673331602181252
"CORO1A",0.116680156574966,0.00352558903430817,4.92416475692803,0.0364368925258309,0.73902882368216
"CORO1B",1.75719383863563,0.0530678083944155,2.24242861730045,0.00959081864074588,0.325889379381979
"CORO1C",1.22218697568206,0.0984141010551792,4.307028586781,0.0353256240449007,0.649182030641392
"CORO7",0.784827803679969,0.270411330540462,5.8419925955367,0.059446684243712,0.901064658530252
"COTL1",0.262364062578024,0.00267289197496331,3.33260726125617,0.0164642477352409,0.476239937678525
"COX10",3.97580717916579,0.550968855481304,6.83068725463948,0.0679182129821504,0.843676967021553
"COX11",4.07951299050101,0.389693632839306,5.4579680048868,0.0556208902671596,0.719813035575175
"COX14",118.701949047199,0.780965727240859,59.5996358349152,0.0629770056991468,0.259932485068813
"COX15",8.23621536190735,0.679059868612267,9.31082062151425,0.0712723209563926,0.812775902363023
"COX16",18.2094148462422,0.439238017559161,6.05096790101638,0.0433423037102334,0.33939236561932
"COX17",2.62174493698452,0.0627084177352285,1.74475304085088,0.00545686310351334,0.254219683199169
"COX18",2.47041518528583,0.592423492854866,6.75880335034477,0.0721525074658958,0.913788626330823
"COX19",7.49288147133935,0.594252085588518,7.96799284869886,0.0666836689284613,0.766034796156842
"COX20",1.89874839674439,0.0775198909947598,2.89706794392289,0.0188608199961881,0.429498831472345
"COX4I1",10.170261707804,0.04758990154844,0.136167149528969,0.0127905044153196,0.00545312905738769
"COX5A",3.77405680095184,0.0462064575326369,0.813208474198953,0.0060635587128781,0.112957673331602
"COX5B",8.31352858287102,0.0660060390683736,0.0237008327420243,0.00934219963624623,0.0264866268501688
"COX6A1",5.29742601496729,0.0377111890077157,0.152974747962441,0.0131148855660135,0.0241495715398598
"COX6B1",9.55007426941206,0.0656948254947775,0.0315505081010152,0.00967493548503424,0.020514152168268
"COX6C",1.10986629652961,0.00504934214488809,0.517639085272275,0.0169812540412202,0.0290833549727344
"COX7A2",6.39944098240767,0.0546240696978365,0.194598263606304,0.00992892797251493,0.0402492858997663
"COX7A2L",5.92815770934776,0.10557329494078,0.959791966695885,0.00313574723760199,0.153206959231368
"COX7B",2.86726055181099,0.0378081142266026,0.943456649335211,0.00609824383878324,0.12594131394443
"COX7C",11.7050611058633,0.0581202602402779,0.148588232356491,0.0111988707048551,0.00830952999220982
"COX8A",3.64447891709147,0.0289716906585507,0.419994821825004,0.0125776347531419,0.0482991430797196
"CPD",0.894071073406416,0.0591046323868108,3.9140068068826,0.0285226374340259,0.586341210075305
"CPEB2",0.487793299891557,0.103569644821335,5.41849939129901,0.0481224651541745,0.832770708906778
"CPEB4",1.21513736363808,0.156619480705818,4.86558135571384,0.0447344843911005,0.741885224616983
"CPM",0.212397291718738,0.0142084713236951,4.87853545485815,0.0365497175633424,0.73305634900026
"CPNE1",3.43501840653979,0.227454327768587,3.98288430744499,0.0388843938252434,0.575954297585043
"CPNE2",0.292399059186558,0.0722477397084913,5.61847542708039,0.0487935113510143,0.862633082316281
"CPNE3",1.72129722296883,0.0777736549397309,2.9279965198182,0.019469385541257,0.437548688652298
"CPNE8",0.520818967723355,0.110988123492114,5.43659285621223,0.048647791213758,0.8356271098416
"CPOX",4.41600378222003,0.714675269099493,8.12880801934035,0.0758887018627181,0.909893534146975
"CPPED1",1.31376268682299,0.184450952590883,5.05533710153308,0.0477963594043696,0.768371851467151
"CPQ",0.74491651991743,0.0573217903908681,4.14795682691119,0.031095947570618,0.623993767852506
"CPSF1",10.2754739609231,0.615777575327313,8.96772054232082,0.0658252138984743,0.716956634640353
"CPSF2",2.90273115305631,0.331002604225163,5.26112108905005,0.0539167808429058,0.746299662425344
"CPSF3",2.3910322298558,0.364990200137429,5.65612348932519,0.0587557776951602,0.811737211113996
"CPSF4",2.81715823918745,0.490854831036667,6.32379872453716,0.0661892498633632,0.858737990132433
"CPSF6",4.71672451232628,0.320728031582932,4.52462460544784,0.0462280013618587,0.602700597247468
"CPSF7",3.49338857209388,0.298342304774227,4.6877598111059,0.0478346872544814,0.66060763438068
"CPT1A",1.14601609172078,0.209533781526031,5.30073415157905,0.0516075520332278,0.81069851986497
"CPT2",2.49874692258476,0.435286185644937,6.01890032565403,0.063376422391137,0.845494676707349
"CPTP",2.21147349890917,0.302165598974552,5.25144042056382,0.0538511881700304,0.772007270838743
"CRADD",0.539005007711614,0.173174273258662,5.7110892177463,0.054500808434238,0.883926252921319
"CRAT",0.480207535733323,0.0257310959029458,4.01240467502163,0.0269158763137515,0.594391067255258
"CRBN",1.75445152750222,0.159224575262455,4.2426338670295,0.0387222433626947,0.643988574396261
"CRCP",2.70075332782537,0.416563610624666,5.87976124672141,0.061529156614222,0.821864450792002
"CREB1",2.71993532672763,0.201192881796939,4.01548299352345,0.0384118257451429,0.596468449753311
"CREB3",2.00308806028692,0.135130048274693,3.7402235420251,0.0321072416325366,0.564528693845754
"CREB3L2",1.88099697350681,0.158389921846277,4.15419194065787,0.0376781027812096,0.628408205660867
"CREB3L4",0.333342102594124,0.0416622483685341,5.09323857987948,0.0409366009515278,0.773045962087769
"CREB5",0.23067574645616,0.0359756973788795,5.39790009202641,0.0442458030721757,0.822124123604259
"CREBBP",3.06168826921626,0.248544713829978,4.34945667941736,0.0434296889052168,0.632822643469229
"CREBL2",2.36522981422946,0.229240156541147,4.61518254127083,0.0451675483956039,0.68397818748377
"CREBRF",1.35421817526296,0.1280585160343,4.34682000581798,0.0379268004825124,0.660867307192937
"CREBZF",1.51746683857282,0.13383534118031,4.16448597466044,0.0365147826656092,0.633601661905998
"CREG1",1.0935915756051,0.0339403376158217,2.77216811972325,0.0131276298660105,0.398338094001558
"CRELD1",1.35506506059004,0.119031323034017,4.18852015909633,0.0358023202318013,0.636717735653077
"CRELD2",1.78701266337283,0.0926659594515718,3.22442769132629,0.0237972461895993,0.484289794858478
"CREM",0.825026027790782,0.0707340288483367,4.29940737116235,0.0337350281414058,0.649701376265905
"CRIM1",0.443557750425841,0.0388150241165825,4.59636973952873,0.034883901167998,0.692028044663724
"CRIP1",0.668194177802894,0.0395089548386435,3.93715729717465,0.0271706313337017,0.585562191638535
"CRIP2",0.350631015392527,0.00573754297337941,3.2280795927657,0.0154750332187488,0.460140223318619
"CRIPT",5.81856762717794,0.408387613377286,5.45110258993831,0.0535028723086128,0.650740067514931
"CRK",2.39651059906674,0.197870944929559,4.1961229737881,0.040040442455144,0.627369514411841
"CRKL",3.37501970950893,0.39612809054406,5.64558730400569,0.0581307338243052,0.767852505842638
"CRLF3",1.50051941919049,0.269920473755967,5.40436896898606,0.0547252903104782,0.816411321734614
"CRNDE",0.339893780882662,0.0107801324216823,3.91275239813616,0.0243545779954989,0.573357569462477
"CRNKL1",2.97775849413318,0.383788072379892,5.58634974661064,0.0581118849909481,0.779278109581927
"CROT",0.778866579575982,0.16579534110099,5.39624352748549,0.050824224164607,0.830693326408725
"CRTAP",1.64405199384226,0.0223501496969394,1.24322152496898,0.00551097972615958,0.15762139703973
"CRTC2",4.26631760037389,0.432743399879404,5.81619145369685,0.058902019040124,0.745520643988574
"CRTC3",2.05633349577383,0.197739035263129,4.43182447184987,0.042412364355145,0.667099454687094
"CRY1",1.37695046297783,0.220903888971532,5.18665338724666,0.0508538654133347,0.788886003635419
"CRYBG3",0.563221788709658,0.0657658992579451,4.80927958240656,0.0391617271527134,0.730719293689951
"CRYL1",1.77950552934368,0.142114358195222,4.08566488009492,0.0359784984192591,0.617761620358348
"CRYZ",1.69521687839155,0.277510334268925,5.31623529506774,0.054119929705042,0.798753570501169
"CRYZL1",3.9252178908428,0.365676233580393,5.23753730021561,0.053673284421499,0.704232666839782
"CS",4.71936715689091,0.270216500942543,4.15682079986134,0.0407370887144855,0.560633601661906
"CSDE1",8.54726607243603,0.124215286734046,0.550407510368347,0.00190904971097379,0.0986756686574916
"CSE1L",1.23474605893562,0.177688074522768,5.00344130861386,0.0471959866401501,0.763697740846533
"CSF1",0.356889377968459,0.0409759012342173,4.97503888756723,0.0395042205846661,0.753830173980784
"CSGALNACT2",1.01557077541938,0.163041176953506,5.15227815768904,0.0480023445852765,0.788366658010906
"CSK",0.784982040949838,0.0684354398347299,4.44134329319329,0.0350409408426798,0.670475201246429
"CSNK1A1",3.89385310463086,0.0871101484591862,1.34088037834841,0.00460057402033549,0.205660867307193
"CSNK1D",6.26707491261312,0.286870355506551,3.69172187543321,0.0373876382825863,0.471825499870164
"CSNK1E",1.58556931063881,0.102410625855363,3.61610350941675,0.0287130854596934,0.546611269800052
"CSNK1G1",1.4748478866037,0.27210418071163,5.43961816448818,0.0551212514515092,0.821864450792002
"CSNK1G2",2.75588310192632,0.356753950422546,5.49073077854313,0.0567438887494698,0.777979745520644
"CSNK1G3",3.44132740548194,0.366362429759783,5.36375669648461,0.0552302075802549,0.736432095559595
"CSNK2A1",5.81320916962199,0.359221024475615,4.88453760710619,0.0483696167033877,0.600363541937159
"CSNK2A2",2.6634016150759,0.418248771680082,5.92047019857417,0.0618386002113492,0.827577252661646
"CSNK2B",6.36790271056985,0.44152646163955,5.96335224413373,0.0560826574430522,0.672292910932225
"CSPP1",1.15183838250915,0.219149548794082,5.34895250003971,0.0524871921126983,0.817969358608154
"CSRNP1",0.514558157381222,0.0269266816164245,3.94508572398296,0.0262074744421078,0.58374448195274
"CSRNP2",0.973722493402939,0.273661251513181,5.72265636993817,0.0583148135378268,0.878213451051675
"CSRP1",0.832077064342131,0.0206346179894582,2.35989534009169,0.00694575121830076,0.329265125941314
"CST3",1.11236994677458,0.00185389052372345,0.846313409399305,0.0138612235169577,0.0758244611789146
"CST7",0.0438537280577073,0.00307766975468356,5.79676363773073,0.0474323164278382,0.884185925733576
"CSTB",0.740187887428357,0.00349332581426852,0.782771663041738,0.014363999973239,0.0667359127499351
"CSTF1",4.50205237548387,0.588711168465884,7.2047656420014,0.0694396927049933,0.846014022331862
"CSTF3",1.82087524850665,0.289248510241621,5.36528428136799,0.0547164356106649,0.800051934562451
"CTBP1",5.13662162686637,0.340518234876235,4.79917920547178,0.0479564116054228,0.615424565048039
"CTBP2",2.00547798163505,0.17328193197836,4.2726545538205,0.039489391110242,0.643209555959491
"CTBS",3.32191438723579,0.217921638262584,3.99325191782531,0.0383858307501412,0.578551025707608
"CTCF",2.2310221862299,0.266845843179655,5.00474771194711,0.0503243383220514,0.739548169306674
"CTDNEP1",3.58714870862471,0.242779419478254,4.2367197258234,0.0412278271678555,0.601402233186185
"CTDP1",2.1637076216039,0.42296073388556,5.98642512804187,0.0634562633960723,0.858478317320177
"CTDSP1",2.92133678257408,0.200971009930711,3.85465103583556,0.0369355813435019,0.571539859776681
"CTDSP2",3.66814685904064,0.197357403647231,3.42525397221142,0.0324608541529734,0.500129836406128
"CTDSPL2",4.81269816822359,0.494300534947665,6.40192408002761,0.0627837625273292,0.771228252401974
"CTNNA1",3.91784079048162,0.132571808337426,2.23966881569089,0.0173296985730234,0.336276291872241
"CTNNB1",1.93394373649422,0.0695045988844825,2.42569288833007,0.0134255697192726,0.359906517787588
"CTNNBIP1",0.956487165222877,0.0588410413926594,3.7658167818627,0.0268468531769335,0.562970656972215
"CTNNBL1",3.79284883536985,0.401037625734498,5.67540711147867,0.0576205484340395,0.752531809919501
"CTNND1",1.60557754880185,0.0717274056774828,3.01738038005062,0.019754524287499,0.44871461957933
"CTNS",1.80139638953445,0.395494415224715,5.91945969201036,0.0628028926624033,0.868605556998182
"CTPS1",1.15345878536684,0.308275552443441,5.77513554586795,0.0597655654503803,0.878992469488445
"CTR9",4.36650039556621,0.356153326925194,5.07747764308858,0.051560267483601,0.670994546870943
"CTSA",1.37993681143092,0.048837997305478,2.8356984551647,0.0154097543380655,0.413139444300182
"CTSB",0.488823059342244,0.00161474229573245,1.02785402993474,0.0118882389275855,0.10257076084134
"CTSC",0.348606450127148,0.00722326090663921,3.54034407618615,0.0194377607195298,0.51129576733316
"CTSD",0.553817677509747,0.00287438819824041,1.19037064171141,0.00967087972403075,0.130096078940535
"CTSF",0.550245252437525,0.0188304485536695,3.30832540940133,0.0178734218953889,0.478836665801091
"CTSH",0.885564683193769,0.0201228989047553,2.59856147052768,0.00948536294112563,0.364580628408206
"CTSL",0.404677571305058,0.010278937201731,3.36417036464389,0.017637302020425,0.484289794858478
"CTSO",1.00350145123597,0.112379642997184,4.59933170636588,0.039729843095442,0.701635938717216
"CTSS",0.186699781152786,0.00488682316842503,4.40145985928503,0.0299595398014135,0.652557777200727
"CTTN",0.935448869135648,0.0558897881521276,3.75326669706661,0.0264398110399446,0.560114256037393
"CTTNBP2NL",0.796309266136192,0.136471759097869,5.19471303629547,0.0472734642178783,0.796935860815373
"CTU2",1.70306025242785,0.362433599992545,5.79599970563672,0.0609669233491589,0.858737990132433
"CUEDC2",10.0853135417732,0.331383595224335,3.74145399394927,0.0363927099473254,0.380160997143599
"CUL1",5.76501309689283,0.404272385434826,5.48451763876518,0.0534334990949997,0.655673850947806
"CUL2",2.4685693177425,0.328207716373658,5.36146981952619,0.0552524845080062,0.775123344585822
"CUL3",2.78483756794362,0.328754747967685,5.22648722889649,0.0539057119319278,0.747598026486627
"CUL4A",5.2052662389097,0.339642619940996,4.68880201025117,0.0473443291939655,0.602700597247468
"CUL4B",3.08915037235513,0.380528050568669,5.54582633799612,0.0575262028611983,0.770189561152947
"CUL5",7.77971016944383,0.453919491351945,5.92426806830386,0.0546089745812207,0.615943910672553
"CUL9",1.82206842016887,0.417432981211277,5.98590009197094,0.0640212114825438,0.875357050116853
"CUTA",3.18801097568795,0.048109576873327,0.90565620167898,0.00478771795554588,0.128278369254739
"CUTC",2.24629213734071,0.289568863506624,5.13043816849062,0.0523855466964332,0.755907556478837
"CUX1",3.04168852484879,0.181032859404278,3.6378552226365,0.0335016209864785,0.537263048558816
"CWC15",20.7202763789586,0.50442682113043,8.12967807172483,0.0495538801675855,0.383277070890678
"CWC22",2.82709963778408,0.362317099302012,5.50543905396623,0.0569486226860302,0.776681381459361
"CWC25",3.40735109895643,0.354814008774795,5.22920012596749,0.0540767306830912,0.72396780057128
"CWC27",6.03628443048447,0.488310953985635,6.45381404651204,0.0605338588621453,0.723188782134511
"CWF19L1",3.77840342371282,0.617193331807348,7.22895859883975,0.0718093567451083,0.88236821604778
"CWF19L2",3.35155293881444,0.449153368378117,6.01267566737075,0.0621989587904127,0.804466372370813
"CXADR",0.205706049309672,0.0427852822775197,5.59553268534515,0.0470035173330925,0.855621916385354
"CXCL16",0.393798522448966,0.0184415665278542,4.15036925394916,0.0279014427718308,0.614126200986757
"CXCR4",0.146466096146718,0.00797987733727114,5.00997358623757,0.0377869262662754,0.753830173980784
"CXXC1",4.67743628352028,0.38019904815497,5.25303292154705,0.053138949917157,0.67644767592833
"CXXC5",1.1976567583435,0.108421268827348,4.38804795293921,0.0369989698209618,0.664762399376785
"CXorf38",2.20263847128128,0.296782098814136,5.26385617680304,0.0536172815856429,0.773045962087769
"CXorf40A",3.68460322427056,0.518383211700143,6.56416975480848,0.066366938878649,0.836665801090626
"CXorf40B",3.36363740739192,0.374610487770371,5.51817990199403,0.0564748931117373,0.755128538042067
"CXorf56",29.8960553629018,0.940976662908704,30.1624941383393,0.0696407890743506,0.902882368216048
"CYB561",0.845344235510055,0.0739533584584905,4.37767137360276,0.0347548711959037,0.661646325629707
"CYB561A3",1.57126244401675,0.165467083592268,4.52290693985224,0.0417977198145959,0.687353934043106
"CYB5A",1.20587100581763,0.0203231553133333,1.84501865944623,0.000845102043840792,0.247208517268242
"CYB5B",3.05839530580093,0.233484712978594,4.20526987279577,0.0414536731485355,0.614126200986757
"CYB5D2",0.96977576932864,0.103190588131942,4.53414960117535,0.0384759333502317,0.690729680602441
"CYB5R1",1.30411717176129,0.0868068913134214,3.77824321667708,0.0291708408298422,0.569202804466372
"CYB5R3",1.75755300101978,0.0322165591793919,1.34820449826511,0.00270658511629448,0.18177096857959
"CYB5R4",2.03890030013619,0.266903011217919,5.1948238355134,0.051883195491577,0.768631524279408
"CYBA",1.12282370897627,0.0149987005437976,1.58829904081486,0.00288391887521445,0.203843157621397
"CYC1",3.60438767916089,0.0945926716303229,1.80828365073095,0.00960603476368979,0.270579070371332
"CYCS",1.90943920580312,0.0557431628201464,2.26083572326501,0.0099797193296462,0.328226434692288
"CYFIP1",1.80095926469056,0.10845602629582,3.58751365738622,0.0286341627942521,0.539600103869125
"CYFIP2",0.258461704221005,0.053649514670494,5.52508121244351,0.0467543450943864,0.845494676707349
"CYHR1",1.03173432831794,0.0466818799400711,3.22357958399159,0.0196913431986019,0.474941573617242
"CYLD",1.71254336487996,0.178950777315654,4.57996658236174,0.0428793398832737,0.692807063100493
"CYP20A1",2.29454707168241,0.211196812486894,4.4158380714947,0.042757766177811,0.659828615943911
"CYP2R1",1.13720663687507,0.237506856926724,5.45544467192631,0.0542783203138483,0.834328745780317
"CYP4V2",1.88038937844743,0.263681092287622,5.11897241274147,0.0516835159811655,0.766554141781356
"CYSTM1",1.35987952770051,0.043640441450812,2.64038731429668,0.0127361097231085,0.381719034017138
"CYTH1",1.18352098800745,0.106974890317453,4.37111374176541,0.0367605842179133,0.662425344066476
"CYTH2",1.710705475621,0.144337503821973,4.14979221647844,0.0368431502661695,0.62892755128538
"CYTIP",0.160284479936496,0.0116971200001546,5.1278369400774,0.0394811812915634,0.773824980524539
"D2HGDH",2.24213940562581,0.28373418929625,5.07379698506908,0.0517386943886735,0.749156063360166
"DAAM1",0.677881243762788,0.0654481577363699,4.51100237660436,0.035765988934753,0.682939496234744
"DAB2",0.469950337850709,0.0155713840825183,3.65695904081871,0.0216445478431664,0.532848610750454
"DAD1",4.31243404922667,0.0571515740215747,0.555372673668531,0.00658217929621076,0.0869903921059465
"DAG1",1.01860139620148,0.116093408125309,4.62679074024209,0.0402310851489913,0.706050376525578
"DALRD3",2.06097929052924,0.158762200416682,4.00369001276978,0.0361656146291333,0.603998961308751
"DAP",3.1353633868365,0.136479559257298,2.8770548885198,0.0235240459098354,0.429239158660088
"DAP3",5.70484251479073,0.246266300829543,3.44958702542067,0.0336059457612589,0.458322513632823
"DAPK1",0.276415619782669,0.0549882183984918,5.53127128510161,0.0468439196246654,0.846014022331862
"DAPK3",1.53549990485583,0.168164106705949,4.61448826504296,0.0427834539730019,0.700856920280447
"DARS",4.19660848768808,0.16049459527889,2.64159303906248,0.022887318885211,0.387951181511296
"DARS2",23.0873923208457,0.93094504739346,24.3761292331736,0.0731902150645315,0.910932225396001
"DAXX",3.63814671933567,0.255657150586263,4.18116866761615,0.0418347531604613,0.596208776941054
"DAZAP1",5.43135330280649,0.373782847506473,5.16441704463919,0.0510103076831618,0.639574136587899
"DAZAP2",6.12146847526378,0.0985671948763412,0.585081095412747,0.000507630965686325,0.107244871461958
"DBF4",0.482693827739489,0.109512827479885,5.49218655240193,0.0491956439103974,0.844715658270579
"DBI",2.35040378624371,0.0207822466482627,0.772583521968952,0.0107776483490451,0.0875097377304596
"DBN1",0.539973272444792,0.0528826646804362,4.65534619392163,0.0365232336924722,0.703713321215269
"DBNL",3.59982195759744,0.152163907815354,2.8853217670652,0.0245352258580408,0.425863412100753
"DBP",0.734170097045875,0.214915589526983,5.68080754526211,0.0558184727522967,0.877174759802649
"DBR1",1.28893217902727,0.396595130492029,6.00842779985724,0.0645311980120353,0.903921059465074
"DCAF10",2.12259751491798,0.205898929138231,4.51071981837842,0.04339054385287,0.675928330303817
"DCAF11",2.1327449266857,0.177252923809979,4.17687371052808,0.0388326823499286,0.628408205660867
"DCAF12",5.81976841895402,0.453386681927504,6.04986715892438,0.0579249258301072,0.70059724746819
"DCAF13",2.07898221659049,0.235170236327755,4.84715813410931,0.0477133680796401,0.722669436509997
"DCAF15",1.33280851217295,0.366693820118843,5.89907216790798,0.0626105946293618,0.888340690729681
"DCAF16",2.4741945103476,0.383930802727341,5.6900522021992,0.0596863163256444,0.812516229550766
"DCAF5",2.51720345615756,0.242435349879961,4.58738275454009,0.0455864154500921,0.677746039989613
"DCAF6",2.66315276449659,0.183127945876001,3.79763643164341,0.0355400682345403,0.56790444040509
"DCAF7",5.42894478297923,0.270181253996884,3.87351828595005,0.0381367141487073,0.511036094520904
"DCAF8",2.80837476020301,0.234359128168082,4.31026742929678,0.042689313254434,0.634640353155025
"DCAKD",1.01752348029513,0.172713387218764,5.16644881941079,0.048736396068418,0.792261750194755
"DCK",0.764575694326079,0.0914219092781778,4.810575025846,0.0406575572656904,0.732537003375747
"DCLRE1C",2.52528362590188,0.496209245967901,6.32676749143387,0.0670404602295065,0.873799013243313
"DCP1A",6.22974439882176,0.502004876393136,6.57833378668597,0.0612613967937502,0.724227473383537
"DCP2",2.72145779042306,0.205102728283383,4.12282570664388,0.0394160541473663,0.609711763178395
"DCPS",1.45197528695121,0.198050762226997,4.97637606751225,0.0477486566754921,0.755907556478837
"DCTD",7.03214979637252,0.316991942413399,4.00584916448708,0.0400053910469659,0.481433393923656
"DCTN1",2.63620013480162,0.153795255142388,3.41946497586113,0.0301941845219627,0.513892495455726
"DCTN2",7.13699793299339,0.225790676010991,2.52630490603045,0.0252308311097054,0.332381199688393
"DCTN3",5.87232923421793,0.171561656593151,1.96612973667678,0.0178475690661745,0.286938457543495
"DCTN4",4.28020225682926,0.304764731858219,4.53674712659188,0.0459641530398295,0.617501947546092
"DCTN5",15.3287792820804,0.705916590498124,12.4638090417603,0.0687111081128037,0.713061542456505
"DCTN6",33.5399720026813,0.863181429700843,27.9709037668333,0.0683336007910463,0.752012464294988
"DCTPP1",1.71069993489829,0.11622704389209,3.85580669588968,0.0318761020819186,0.580628408205661
"DCUN1D1",34.1114165407429,0.873440257950405,29.0954682348736,0.0680450948729641,0.771747598026487
"DCUN1D4",1.8740756011489,0.330036787750588,5.56803564694552,0.0578346620790131,0.823941833290055
"DCUN1D5",2.34684848934742,0.152697577687116,3.74363954397173,0.0330538961658747,0.561152947286419
"DCXR",0.58714950694545,0.00909923460221575,2.4149534596302,0.00598480742832471,0.33030381719034
"DDA1",15.2268956227684,0.567756813504295,8.92839655113498,0.0585726634282158,0.554141781355492
"DDAH2",1.96888030603476,0.0491307972352056,1.92954623695363,0.00573040379797704,0.276551545053233
"DDB1",4.74302814118528,0.24769290965182,3.6055063658493,0.0360944705295383,0.500649182030641
"DDB2",1.00353647824051,0.130947612647629,4.84389423052812,0.0432939763656479,0.740327187743443
"DDHD1",1.35874136057991,0.222177845392055,5.20640662148858,0.051114673610475,0.792261750194755
"DDHD2",3.87765655634565,0.389514467002346,5.47611090242164,0.0560876704940762,0.729940275253181
"DDI2",1.67349081381592,0.2382407154424,5.09647724890036,0.0505244210556844,0.768631524279408
"DDIT3",0.642999601000405,0.0704660705530684,4.70302484140542,0.038244302805346,0.714100233705531
"DDIT4",0.612749665230409,0.0049567287191185,1.74961004103766,0.00261502029228763,0.22098156323033
"DDOST",3.97211546215371,0.0956437657206889,1.55278048619612,0.00740955673892746,0.235523240716697
"DDR1",0.273405801284852,0.0171532573959006,4.68240053165848,0.0343178499536146,0.701116593092703
"DDRGK1",2.12169299358157,0.0784591019726493,2.48032240092319,0.0148667710041872,0.369774084653337
"DDT",2.94462285338592,0.0767962851027087,2.05569477699767,0.00990637438972651,0.30018177096858
"DDX1",3.15932217190513,0.244017530226152,4.32965153217851,0.0427575335944356,0.626330823162815
"DDX10",1.9364174959387,0.374265550042807,5.79800341488477,0.0609511211057806,0.848351077642171
"DDX11",0.612730085607143,0.16927745551838,5.62505480692337,0.0533659523768133,0.868605556998182
"DDX17",2.228558647956,0.029959791427165,0.799709164383064,0.00881077872610267,0.100233705531031
"DDX18",7.28909592992655,0.240097085585601,2.60283284258155,0.0268535196010765,0.338873019994807
"DDX19A",3.90562856751261,0.514581018842052,6.52929748079102,0.0657050188850057,0.823162814853285
"DDX19B",14.4128957895684,0.893193945137324,16.6855659345759,0.0770170290846712,0.910932225396001
"DDX20",6.99430248714066,0.765887653585702,9.85262561453681,0.0763734670965385,0.891197091664503
"DDX21",2.15081998708513,0.0923222751726724,2.95365190401697,0.0207356946994286,0.439885743962607
"DDX23",4.34133005589112,0.390829326317298,5.43077327581863,0.0550700633917714,0.706569722150091
"DDX24",3.33758175655879,0.0918643636920488,1.65307718431682,0.00823450471276263,0.253180991950143
"DDX27",5.53199162512749,0.383947545761494,5.19469368176376,0.0516050214021788,0.63879511815113
"DDX28",2.21396986186195,0.671646725211551,6.97002528968161,0.075935827959362,0.943650999740327
"DDX39A",1.44549981299315,0.100275414182553,3.85864055896139,0.0309438858074898,0.5821864450792
"DDX39B",2.59952693328983,0.214663681226008,4.25678081155907,0.0413049914310816,0.631524279407946
"DDX3X",3.68547243647517,0.111854968384405,1.87752952166299,0.012349402943435,0.287198130355752
"DDX41",1.97881929576303,0.197987765742145,4.54089045672415,0.0433573916889101,0.682939496234744
"DDX42",3.42085972263108,0.27815673721857,4.52833002666055,0.0457810485502425,0.643988574396261
"DDX46",4.46159778958787,0.183458965790007,2.78950892213239,0.0258740512448131,0.406128278369255
"DDX49",7.11791355643418,0.523694221801287,6.97135044500378,0.061913786720167,0.71643728901584
"DDX5",2.75968800011402,0.0211338811778641,0.397425529024475,0.0144313581722662,0.0360945209036614
"DDX50",5.32900962248704,0.374779248733569,5.06717858571937,0.0509285856389366,0.634640353155025
"DDX52",2.77213205411304,0.349345505368687,5.42325383973691,0.056002981998473,0.769929888340691
"DDX54",6.28307487431193,0.400737421406999,5.35713444999637,0.0519365442952809,0.625551804726045
"DDX55",1.87670603120239,0.392767281162343,5.8885599336317,0.062363494519042,0.861594391067255
"DDX56",3.48178100186785,0.33868623325674,5.11815205908757,0.052455291528169,0.708647104648143
"DDX59",2.54635456815558,0.367981998592264,5.59053141897222,0.0582709121279729,0.798234224876655
"DDX6",2.50285813339929,0.171477293629704,3.71018237208227,0.034225233835305,0.55881589197611
"DDX60",0.730497091244889,0.169946271290329,5.4836240596963,0.0519086251531458,0.844975331082836
"DDX60L",0.891919168432984,0.151236202554936,5.20279185572859,0.048012203970614,0.797455206439886
"DEAF1",2.05725936891302,0.440054384944124,6.07220354440193,0.064792118541809,0.872760321994287
"DECR1",5.12765901002712,0.219761385805976,3.13866211618687,0.0304653099154514,0.436769670215528
"DEDD",5.33020095583292,0.400433105891968,5.47260912795313,0.0539266513068085,0.671254219683199
"DEDD2",2.51468735353428,0.350207491292701,5.51474222321907,0.0570600847208695,0.790703713321215
"DEF8",4.7102833403928,0.364705307581578,5.19223117339885,0.0518663713311617,0.66891716437289
"DEGS1",2.82879764882811,0.168978063091711,3.56634447418259,0.0323204417551781,0.531290573876915
"DEK",2.04838878697475,0.0452600387163498,1.70932403189492,0.00291029864543402,0.242015061023111
"DENND1A",1.52409065294177,0.276673737618948,5.4823765471289,0.0554737511963099,0.824980524539081
"DENND1B",1.11607300019553,0.1192044400392,4.5664227165983,0.0396868003723156,0.695403791223059
"DENND4A",2.02521951211968,0.339826633649235,5.55729203368826,0.057911964575528,0.816670994546871
"DENND4B",1.44263435685498,0.257526251461336,5.40109859049126,0.054170225122142,0.816930667359127
"DENND4C",2.14407386779639,0.197123047632896,4.39864594880737,0.0419254272988499,0.659828615943911
"DENND5A",1.72082804012329,0.184928363179886,4.69591396446602,0.0441264391064149,0.70812775902363
"DENR",5.1640767559084,0.195245439848885,2.72499506967592,0.0256894633867554,0.38691249026227
"DERA",4.18576065847452,0.320479044853448,4.82396482294713,0.0485177330070623,0.650740067514931
"DERL1",4.6170375447488,0.285529078770243,4.25676578492773,0.042597846399014,0.575954297585043
"DERL2",5.52504835798922,0.341102645270002,4.63855495752997,0.046685867218931,0.587120228512075
"DESI1",4.74596980598156,0.314987056842047,4.78437799423174,0.0468500768242525,0.626071150350558
"DESI2",2.51842283632352,0.192690736841653,4.11441663615909,0.0387945744103681,0.612308491300961
"DEXI",1.48792315643736,0.285367412098765,5.50155631896245,0.0561586010079818,0.829914307971955
"DFFA",2.09578070280326,0.202043340163435,4.52336790618393,0.0432499719933036,0.677486367177357
"DGAT1",1.32410683298561,0.291627670997786,5.61857008314295,0.0575982033984148,0.85146715138925
"DGCR2",1.30089460545585,0.154545976372514,4.67875095192116,0.0428808544017133,0.714100233705531
"DGCR6L",6.26281802608623,0.231696090031994,2.9984038560193,0.0292222735120819,0.397818748377045
"DGCR8",1.8679240229926,0.313202308178178,5.45706786262349,0.0564042316126182,0.81069851986497
"DGKD",0.570594715899191,0.0829531101111049,5.04801002782638,0.0428812963476159,0.770968579589717
"DGKZ",1.23318826188773,0.12366317266104,4.46980013422368,0.0389089982840538,0.679823422487666
"DGUOK",7.22001794893188,0.23862379234205,2.73363955379981,0.027390866432551,0.352376006232147
"DHCR24",0.20637051705538,0.00892060875178376,4.61729557113141,0.0329387037918865,0.688911970916645
"DHCR7",0.44142238816241,0.135208896739678,5.70422096875614,0.05273026211209,0.881069851986497
"DHDDS",2.84154817505983,0.45171372653211,6.08765025977081,0.0636273200720423,0.8356271098416
"DHFR",0.204512466660689,0.0596636876166998,5.77159041925065,0.0499563431362812,0.886522981043885
"DHPS",2.82236012937028,0.151385078599398,3.22882372439457,0.0282176621163449,0.485068813295248
"DHRS1",1.39928343423495,0.141407915901373,4.46080558860253,0.0398535091964721,0.678525058426383
"DHRS12",1.45897096524725,0.22897943087442,5.16270990279711,0.0509637488041947,0.783952220202545
"DHRS13",0.395957369702203,0.0837033002769306,5.45967027523768,0.0475552418588292,0.837704492339652
"DHRS3",0.539097670428943,0.0580127758123473,4.77928401523504,0.0382727595418223,0.724227473383537
"DHRS4",4.74239078090467,0.229431826582678,3.51164628720891,0.0339873222338199,0.487405868605557
"DHRS4-AS1",0.875063217328995,0.129643344208102,5.01467939635277,0.0450326718650335,0.767852505842638
"DHRS4L2",3.12251327033846,0.278210093339522,4.79885985049446,0.0478196830246359,0.683458841859257
"DHRS7",1.96041272404699,0.0668039525044383,2.31258894928419,0.0119664552562341,0.342248766554142
"DHRS7B",2.7018989429624,0.318678058069594,5.20493378756089,0.0533969027633501,0.747857699298883
"DHRSX",4.02955203944643,0.332522986763431,5.00031386723425,0.0503933657985753,0.674889639054791
"DHTKD1",0.949688076722833,0.191563086616444,5.37433865029235,0.0516563798291387,0.825240197351337
"DHX15",3.6820268238623,0.20628763242951,3.54315519084234,0.0339752191472907,0.515190859517009
"DHX16",3.23820295885456,0.401950113343376,5.72124576892481,0.0590151419003427,0.781355492079979
"DHX29",2.23814397429089,0.119376087606706,3.25919767199357,0.0261884309549481,0.490521942352636
"DHX30",4.58223428280633,0.276944730202667,4.07974005635083,0.0411606030155663,0.558296546351597
"DHX32",1.87017217770171,0.250724372132062,5.06234237132853,0.0505716609377578,0.758504284601402
"DHX33",2.75307100529016,0.459706683729601,6.14066109766647,0.0643600004767805,0.844975331082836
"DHX36",6.05990118165445,0.315730612186188,4.09486099366964,0.0417505834892639,0.518047260451831
"DHX38",5.24137941399399,0.524357436271824,6.73794685738484,0.0643470818859931,0.778239418332901
"DHX40",1.60258399872084,0.27426127042508,5.36887240417105,0.0544828341001267,0.808361464554661
"DHX57",1.31933245501933,0.366307933751258,5.90020495326495,0.0626346186133913,0.88911970916645
"DHX8",8.36297293420399,0.646498654151317,8.87569051821735,0.0692597152884407,0.783692547390288
"DHX9",5.06826473823148,0.308239625008776,4.32896488774529,0.0438229806777548,0.570760841339912
"DIAPH1",1.40570326638528,0.138695516747948,4.46727993515031,0.0396666534823942,0.678265385614126
"DIAPH2",0.943675099167974,0.141697277045931,5.05683866978244,0.0460208835329111,0.773824980524539
"DICER1",3.19213741032854,0.17634190275084,3.41294095503605,0.0312764451323352,0.505582965463516
"DIDO1",2.29366584937261,0.216039718379088,4.40101071823716,0.0430375862672197,0.659309270319398
"DIMT1",2.99124794214341,0.300885672479104,4.94912593081724,0.0503817436660668,0.707348740586861
"DIP2A",1.70887733694876,0.218102934330795,4.9079493060852,0.0479246527261384,0.74136587899247
"DIP2B",2.74495637193185,0.326574817850941,5.25269848995189,0.0539882620265307,0.751752791482732
"DIS3",4.06791871385625,0.45044420433309,6.02123440523653,0.0608560670569588,0.772526616463256
"DIS3L",1.51906512871347,0.262792989693689,5.34735706299023,0.0539383246229666,0.808101791742405
"DIS3L2",7.18420841729139,0.665975241733886,8.74734900495451,0.071308735600343,0.824201506102311
"DKC1",1.83241157731009,0.22017587412797,4.89423532208804,0.0476412849350041,0.735133731498312
"DLAT",9.72327256044136,0.731924252561139,10.7553959999822,0.0731345196246117,0.829135289535186
"DLD",6.18336961379783,0.378889501528452,5.05786186537194,0.0496921389778234,0.603219942871981
"DLEU2",0.565870116532904,0.163070494601921,5.65231190454821,0.0533993661988333,0.8732796676188
"DLG1",1.41701595535687,0.168267130500798,4.71723995188093,0.0438814574756026,0.718254998701636
"DLGAP1-AS1",0.815238442979597,0.138579830653516,5.15777975336564,0.0470451782744159,0.791742404570241
"DLGAP4",2.99203013487398,0.217011767554703,4.16420453133649,0.040040567838086,0.608153726304856
"DLST",4.0801506450569,0.358331068273727,5.1713861880251,0.0526396897363898,0.691249026226954
"DMAP1",29.1513563606835,0.825103432670311,23.3054167400144,0.0691025000984832,0.719293689950662
"DMTF1",1.74105846641395,0.200508562119357,4.71676209668077,0.045348468159815,0.713580888081018
"DMXL1",2.20622117133964,0.238695075220595,4.74381681386754,0.0470090394386296,0.706569722150091
"DNAAF2",1.86958526487182,0.213133778482447,4.75966638967995,0.0461894297503091,0.71643728901584
"DNAJA1",3.31610328299834,0.0964325899324956,1.97168676782794,0.0114539783005712,0.295767333160218
"DNAJA2",3.07934135859352,0.132377664054803,2.7907196257916,0.0225182039699932,0.418332900545313
"DNAJA3",2.16972032021594,0.285355758500832,5.16071522376305,0.052481828921737,0.761880031160737
"DNAJB1",0.870197374620201,0.0299398585726119,2.83967480249095,0.0136187873951982,0.409244352116333
"DNAJB11",2.64909168334286,0.167188582812611,3.71772298813345,0.0335734470251223,0.553882108543235
"DNAJB12",5.23922595428083,0.329974050572861,4.51113977172202,0.0458889208612658,0.584263827577253
"DNAJB14",2.30996276245013,0.185914606986219,4.09294983563196,0.0385628566690591,0.614905219423526
"DNAJB2",1.7436642794552,0.190085444518554,4.6282301777429,0.0439735571634741,0.700337574655933
"DNAJB4",0.492692075151284,0.0673055842889125,5.02284593509008,0.041684466170804,0.765255777720073
"DNAJB6",7.73006916002121,0.21837874570853,2.25831879578986,0.0225287510695721,0.294468969098935
"DNAJB9",0.885071011732331,0.0887327078355294,4.49539220775783,0.0371093143440089,0.682939496234744
"DNAJC1",1.56598829135563,0.0590901705607257,2.76796934194744,0.0158151698718452,0.406907296806024
"DNAJC10",2.54193715570648,0.1643870513293,3.67257606498557,0.0332197944079569,0.550766034796157
"DNAJC13",2.64823042696609,0.329854500927328,5.35086097275975,0.0548592431001708,0.766294468969099
"DNAJC14",2.08225543292523,0.375502442842569,5.73319737595108,0.0603801606162873,0.83484809140483
"DNAJC15",5.82986485214384,0.182932815356219,2.39964171098281,0.0216615508423876,0.336016619059984
"DNAJC16",1.21427128441885,0.247497595277106,5.44865096740206,0.054563419832566,0.831472344845495
"DNAJC17",2.28872854534436,0.292034498247177,5.12243327570623,0.0523882386454097,0.753570501168528
"DNAJC19",2.81824235552695,0.108236096920959,2.40979048616564,0.017105352451886,0.365099974032719
"DNAJC2",3.11938819527358,0.242247050469462,4.38693823790849,0.0430315565414679,0.633601661905998
"DNAJC21",3.04112822092138,0.342612134869047,5.30934422291115,0.0544972082902785,0.746299662425344
"DNAJC24",4.84545285803083,0.629744896376936,7.62835991678405,0.0713593362907336,0.858737990132433
"DNAJC25",0.892627981030492,0.333205610158459,5.94005196397929,0.0625356130475868,0.912749935081797
"DNAJC3",2.07878232668521,0.098832128452767,3.02835954213108,0.0222662626744409,0.454687094261231
"DNAJC30",4.1600424308241,0.43838079835026,5.90376344744313,0.0596824245938397,0.757984938976889
"DNAJC4",3.39058929880125,0.120380768544478,2.38103307714872,0.0175876952713877,0.357050116852765
"DNAJC5",2.2945408015966,0.28257164942922,5.16813147856128,0.0520284829198872,0.756946247727863
"DNAJC7",10.4264719161402,0.407883376547621,5.18817778426056,0.0461859645053017,0.478576992988834
"DNAJC8",8.4930821392642,0.270272985935353,2.90054885987039,0.0296689271830565,0.344066476239938
"DNAJC9",0.796693858212337,0.102922752021325,4.8535782940306,0.0418648825096267,0.741106206180213
"DNAL1",0.98297921884284,0.247893186677053,5.62527530722563,0.0563830026373951,0.863152427940795
"DNAL4",1.7312196452113,0.201111487245155,4.7536861083889,0.0456672169023878,0.718514671513892
"DNASE1L1",2.06578928217522,0.33239311326256,5.57972604108017,0.0575114387216661,0.816411321734614
"DNASE2",1.04345262067933,0.0764236594237389,4.03032345721567,0.0311048161205407,0.60711503505583
"DNM1L",4.22333551456864,0.311969660327984,4.71395976073511,0.0473752569676579,0.637756426902103
"DNM2",2.60880268864883,0.225476456184486,4.4493072553907,0.0432982324694886,0.655414178135549
"DNMT1",1.22154589184452,0.0683144530245626,3.57783219372664,0.0254562875072381,0.534146974811737
"DNMT3A",3.68110893359859,0.496513777735966,6.40870311577156,0.0649677439022908,0.823941833290055
"DNPEP",3.88730757530758,0.20686679791662,3.44062117603766,0.0330389868436913,0.498312126720332
"DNPH1",1.97625733565325,0.0784076861899034,2.78165287152027,0.0177967082191363,0.412879771487925
"DNTTIP1",3.04825480308268,0.280452779980098,4.72154050041444,0.0477510798263314,0.678525058426383
"DNTTIP2",3.01110587756896,0.258998609286192,4.55300388023204,0.0454334116679051,0.658530251882628
"DOHH",67.9568036462834,0.945675002173306,59.4137963734892,0.0521991196606413,0.809400155803687
"DOK1",1.85404177565721,0.268001504222572,5.25893865518134,0.0528062159343793,0.783952220202545
"DOT1L",1.23748353124785,0.268638636919938,5.58135310139686,0.0564378129414419,0.848610750454427
"DPAGT1",2.90129639328271,0.337105325315299,5.3114515669087,0.0545053490711784,0.752012464294988
"DPF2",4.38019451684976,0.368349032989708,5.12778444952062,0.0525114306831053,0.675928330303817
"DPH2",6.29248986690416,0.673272646790022,8.55512348004964,0.0724360956059074,0.85146715138925
"DPH3",2.37325766882084,0.203122132242183,4.4749934620278,0.0423278019547238,0.661905998441963
"DPH5",2.05743632756027,0.376585331985315,5.77229262951274,0.0606554467052192,0.840041547649961
"DPH6",2.1869481035776,0.357896638101356,5.61831133139632,0.0587289877662563,0.816930667359127
"DPH7",3.71103949094726,0.404041505486296,5.6219277633417,0.0577785964352265,0.751233445858219
"DPM1",2.82311796071504,0.328162260532993,5.27384786363339,0.0539920316237186,0.750714100233706
"DPM2",4.05397342992131,0.192787338846737,3.19163103148966,0.0299147605615903,0.462736951441184
"DPM3",4.1129112870943,0.126642743069842,1.89433741868486,0.0139059188314951,0.290054531290574
"DPP3",1.81896118833331,0.272266109235161,5.28624595062112,0.0533072225207191,0.789145676447676
"DPP7",3.86517634954067,0.0837059330641515,1.38921825169741,0.00451879628957817,0.209815632303298
"DPP8",2.77251226845552,0.278804353167493,4.83319497887573,0.0488556713386358,0.700856920280447
"DPP9",2.16439923492228,0.2531652482405,4.94142638870704,0.0492505620363308,0.73305634900026
"DPY19L1",1.13931371145331,0.405466130894706,6.05298755335608,0.0654897145391711,0.916904700077902
"DPY30",4.73469249225063,0.215535550306149,3.20231452643146,0.0310338350857916,0.452350038950922
"DPYD",1.1875970096628,0.10063091520529,4.25039372721675,0.0351056375863515,0.643469228771748
"DPYSL2",1.06899188174751,0.0526025860864648,3.40530043381369,0.0222235539230152,0.504284601402233
"DR1",5.6523239532733,0.321420860786015,4.42603384963059,0.0441849779725559,0.561931965723189
"DRAM1",0.317836368633709,0.0282403135869601,4.89241213133359,0.0376234774128021,0.737470786808621
"DRAM2",2.36113164382889,0.145360557083495,3.69425117243177,0.0319620201169348,0.55206439885744
"DRAP1",6.52066969128668,0.124343307725119,1.19444995073192,0.0068311846841356,0.18099195014282
"DRG1",7.45893507929595,0.412658337037306,5.45914285122634,0.0511683928215204,0.592313684757206
"DRG2",12.0098486700148,0.656271863542461,10.2231809335035,0.0674008527990916,0.720332381199688
"DSE",0.651374777617745,0.0568019932120908,4.52281596830409,0.0351723791672005,0.681900804985718
"DSN1",1.00262374314543,0.282901883918535,5.73710043806664,0.0587678832174807,0.879511815112958
"DST",0.748211567836075,0.0272609879617368,3.16835005053375,0.0170719671851681,0.459361204881849
"DSTN",1.08524207425368,0.00824783263097011,1.00552546250925,0.0107405109101779,0.107764217086471
"DSTYK",1.03554048669118,0.225364373499076,5.47538708314265,0.0540380132685194,0.839522202025448
"DTD1",2.59025693748444,0.219992096770875,4.44006903250644,0.0428706527270018,0.65385614126201
"DTNBP1",4.38425198246695,0.477586042126233,6.26176488764787,0.0623362799553151,0.77901843676967
"DTWD1",1.21655621978945,0.095366146152298,4.01270127970945,0.0323869792630995,0.607894053492599
"DTX3L",2.16831691559207,0.218644214910454,4.62591305107836,0.0449568709253754,0.690470007790184
"DTYMK",1.35348905377692,0.13198703098354,4.46953908437338,0.0392735346462795,0.678265385614126
"DUS1L",2.41321172588734,0.336920379270351,5.45559474245678,0.0563113426810944,0.78810698519865
"DUS3L",7.04002497713152,0.58829459417383,7.81541158607275,0.0667540736053923,0.775383017398078
"DUS4L",1.70471056739642,0.381497278154068,5.8569101988954,0.0621385580137787,0.866268501687873
"DUSP1",0.690216855459287,0.00286941513960105,1.33357739100041,0.00797375492858859,0.152687613606855
"DUSP10",0.2952706792155,0.0786762978609208,5.66410159169933,0.0496357742462982,0.870682939496235
"DUSP11",3.0691586796361,0.317918811161249,5.06145861067711,0.0518229460238426,0.717735653077123
"DUSP12",3.22055300516188,0.387366667589966,5.61073917522045,0.0578568096848111,0.770968579589717
"DUSP14",1.13835154247698,0.182831540080991,5.13434593172764,0.0487857088835012,0.785250584263828
"DUSP16",0.404053987461984,0.087451804398072,5.45917291315225,0.0477642214570947,0.838223837964165
"DUSP18",1.39817524364379,0.354940626472326,5.83276748456834,0.0615886033692982,0.877174759802649
"DUSP2",0.0927286784664527,0.00396662747994778,5.22527897291757,0.0402603668976797,0.789145676447676
"DUSP22",2.26882901172415,0.255569089031362,4.87556194417464,0.04876666391132,0.721890418073228
"DUSP23",0.927163715110257,0.0265100152191235,2.62285703549847,0.0106599369193525,0.372890158400415
"DUSP3",1.5625038517356,0.120427958501784,4.1098570766685,0.0347493518105883,0.620098675668658
"DUSP4",0.222980005437921,0.0056351865021494,4.17235389533098,0.0271569169422819,0.614905219423526
"DUSP6",0.294569936831049,0.0247025132097301,4.80863461666401,0.0364220230114383,0.723708127759024
"DUT",2.24233091954228,0.0430081451361234,1.31087488755125,0.00146950898363888,0.183329005453129
"DVL2",1.85279218974377,0.291898022106748,5.32294346208885,0.0545591631294054,0.794339132692807
"DVL3",4.86344499979988,0.423004863753156,5.72856260296419,0.056944984915123,0.712542196831992
"DXO",3.16625608778166,0.388058650522701,5.59049053433812,0.0579411226260754,0.77148792521423
"DYM",12.0760023731691,0.576315407963072,8.6145672588481,0.0614840094194328,0.635679044404051
"DYNC1H1",3.20080014224322,0.103653808193392,2.00270173316579,0.0127834906051192,0.305375227213711
"DYNC1I2",1.56838140516468,0.0704731420058147,2.92328773133056,0.0187715528283137,0.435730978966502
"DYNC1LI1",2.9742054645884,0.274868324488502,4.71743595659689,0.0475136450790457,0.680083095299922
"DYNC1LI2",2.09310931260392,0.112791582284269,3.29038747781889,0.0260107013251535,0.495196052973254
"DYNC2LI1",1.36697927867246,0.205361770747421,5.06728993525864,0.0490997117678268,0.772007270838743
"DYNLL1",5.00652354578582,0.0455167602544403,0.330297082465735,0.0103861588801847,0.0506361983900286
"DYNLL2",1.41033269000172,0.24786052677575,5.32641324062592,0.0532598245591699,0.808361464554661
"DYNLRB1",9.43558826909612,0.164336496287467,1.00295967956929,0.00895274558256889,0.144118410802389
"DYNLT1",3.00035415077056,0.0576943555382289,1.34404236721197,0.000803663318158619,0.194235263567904
"DYNLT3",2.23492665503947,0.155307500854368,3.82731050011107,0.0341576690986754,0.575694624772786
"DYRK1A",1.82577422701697,0.277504880711739,5.24233476764749,0.0533568893853911,0.784731238639314
"DYRK1B",1.21688530833666,0.251198142192871,5.47402879687706,0.0549167672772197,0.83484809140483
"DYRK2",0.882400061398609,0.248972437553203,5.69937338197881,0.0572161823963125,0.876915086990392
"DYRK4",3.54841688487845,0.323925191132675,5.04107753154938,0.0510372840295654,0.696961828096598
"DZIP3",0.787118670791942,0.228269029756843,5.68396353335482,0.0563606771970734,0.876915086990392
"E2F3",2.38735050543979,0.422367385965158,5.98555580061286,0.0628996626320415,0.847312386393145
"E2F4",4.1067096515685,0.370214252793015,5.34591917683486,0.0539844254003555,0.707348740586861
"E2F6",3.16981352378736,0.522699951201598,6.52360997918168,0.067432938335888,0.858478317320177
"E4F1",5.08569606368325,0.530712555451068,6.74262759099544,0.06493194106325,0.785250584263828
"EAF1",0.67601001505152,0.112981848443516,5.20148078604117,0.0461325530279793,0.796935860815373
"EAPP",3.64960435990175,0.187896258390745,3.14764877153935,0.0298582374604801,0.466891716437289
"EBAG9",2.99021783167782,0.216388255117582,4.04870368735584,0.0392950994767569,0.595170085692028
"EBNA1BP2",2.39621103618059,0.152633750477456,3.71971467218324,0.0327658773696086,0.556738509478058
"EBP",2.08999659192343,0.247608606269331,4.96437074439901,0.0492123662447608,0.737730459620878
"EBPL",2.34244473820239,0.108566491318889,2.99699382301528,0.0226628921893339,0.4494936380161
"ECD",4.35282078254405,0.502683102787206,6.4847413517581,0.0642152187628146,0.798753570501169
"ECH1",7.42933211329343,0.386686326823171,5.0006415474632,0.0480923629386361,0.556219163853545
"ECHDC1",3.87044251192839,0.271582282598225,4.39427825932936,0.0436721109047791,0.61308750973773
"ECHDC2",0.672533030139442,0.0321765167663873,3.62178611040345,0.0228650482584288,0.533367956374968
"ECHS1",4.99527023644231,0.175196995978683,2.59600273814392,0.0230633682182053,0.37107244871462
"ECI1",1.52873835190442,0.348227923364378,5.77653829562447,0.0606544406581131,0.864191119189821
"ECI2",1.14364690774978,0.0659221745961574,3.61292217289704,0.0256969186469797,0.539859776681381
"ECSIT",4.98433475959697,0.373653058964329,5.18912996520659,0.0519113198670208,0.658530251882628
"EDC3",2.86771510018841,0.48275255384845,6.2712536063861,0.0655713533160171,0.85146715138925
"EDEM1",1.6255111680723,0.2550929838864,5.27844083425732,0.0527838606276733,0.794339132692807
"EDEM2",2.67355895250762,0.307841359334118,5.19001142345188,0.0527360101425895,0.746299662425344
"EDEM3",1.22681211104852,0.0881648629627517,3.8609777053588,0.0302533568548962,0.583484809140483
"EDF1",9.45211846295848,0.076821395922156,0.080836738524131,0.00842962432903607,0.0189561152947286
"EEA1",2.22936537127564,0.114070717593239,3.17673652358849,0.0249580070609679,0.477797974552064
"EED",0.905262944008635,0.190402168839399,5.3911626587325,0.0518501948447968,0.829135289535186
"EEF1A1",6.26827953619267,0.00233518050620633,0.113206771657008,0.0190441516717509,0
"EEF1B2",4.10500300203965,0.0188022547458102,0.189369516672895,0.016425705504954,0.0109062581147754
"EEF1D",5.78096098830896,0.0240496033487796,0.0469743391399828,0.0161598427182188,0.00363541937159179
"EEF1E1",1.88900150982918,0.527740319896532,6.4133711880978,0.0699228289851739,0.915346663204363
"EEF2",3.23558778140953,0.00945573206858474,0.235054700781681,0.0181072500311027,0.00441443780836146
"EEF2KMT",2.98236009008347,0.472457685435795,6.22811446742933,0.0647321358680326,0.841859257335757
"EEFSEC",12.242369061016,0.780850347494189,12.8453345480791,0.0740832219030982,0.832251363282264
"EEPD1",0.482771017929899,0.114302641417098,5.51618846400253,0.0497085452025312,0.849130096078941
"EFCAB14",1.41835602116392,0.0752440127498839,3.21419947076536,0.0223748546018001,0.482212412360426
"EFCAB2",2.25580164834029,0.365220221704249,5.63427189937024,0.0590108132385405,0.815891976110101
"EFHC1",0.76935548588334,0.0692007931887836,4.35815253017033,0.0343231593913593,0.659309270319398
"EFHD2",0.532483303574901,0.0532717239131577,4.79707367346186,0.0380753423525737,0.725266164632563
"EFNA1",0.257937095201017,0.0174915967778393,4.74529533777861,0.0351351723642736,0.711763178395222
"EFNA4",0.752956652946512,0.165646197336307,5.42962938803165,0.0511608130568519,0.836146455466113
"EFR3A",3.43644418821617,0.200778566235766,3.63045581764225,0.0344749447181569,0.530511555440145
"EFTUD2",2.563970430836,0.31670541969657,5.28034976307522,0.053967546440612,0.761360685536224
"EGLN1",0.969265847864823,0.130632736624132,4.91254417291924,0.0439516736888346,0.750714100233706
"EGLN2",1.02379109464447,0.200441104367167,5.35869190317732,0.0518407290202821,0.821604777979746
"EGLN3",0.209673758533985,0.0312088647798134,5.40518449950981,0.0440616008533324,0.822643469228772
"EGR1",0.321329981694708,0.00283474254698353,2.92804106438971,0.0114618351419987,0.410023370553103
"EHBP1",0.673255700680346,0.124780456862396,5.27165312125027,0.0475553348617229,0.809659828615944
"EHBP1L1",1.12972218936383,0.129844997549857,4.7616528428355,0.0421511149189391,0.724227473383537
"EHD1",1.04813173094999,0.180096324013506,5.2054364241195,0.0494079327541798,0.797455206439886
"EHD4",0.570599222198359,0.0428609407883717,4.32169752539228,0.0319278008488147,0.648143339392366
"EHMT1",2.33023630227496,0.187665288631547,4.09447860487522,0.0386735448506553,0.614905219423526
"EHMT2",2.59778801183968,0.248140429433794,4.62869460486185,0.0460393075259869,0.680342768112179
"EI24",2.90993450994413,0.14138321389882,3.09223949404094,0.0260204958257704,0.462477278628928
"EID1",2.53666803816416,0.0318903181205541,0.71183193566055,0.00934542169515311,0.0895871202285121
"EIF1",7.73635349688751,0.02191460472585,0.0309415362805483,0.0164545070737341,0.00077901843676967
"EIF1AD",36.1590770892864,0.920000048785338,33.5330403704822,0.0669558281582094,0.844455985458323
"EIF1AX",6.60438625675173,0.150578088726724,1.40603162672159,0.0113720181768614,0.211373669176837
"EIF1B",4.54355887707052,0.139204240689076,1.84673508704,0.0146761656350602,0.28356271098416
"EIF2A",5.86006453340957,0.225245766356706,2.99708939916083,0.0291601127337185,0.405868605556998
"EIF2AK1",3.64547622194995,0.177347350468793,3.23203195480784,0.0293617072645583,0.473123863931446
"EIF2AK2",2.51487138287303,0.141353498466413,3.37388007673325,0.0288460600253591,0.506881329524799
"EIF2AK3",1.03522575265932,0.216279548154661,5.41873252357044,0.053145285908991,0.831212672033238
"EIF2AK4",2.45877841063369,0.137964349259946,3.41892651752279,0.0289528618603363,0.512594131394443
"EIF2B1",5.32760088214914,0.40923073517511,5.53293767057307,0.0546683595909015,0.676707348740587
"EIF2B2",6.02737000596323,0.51564344811904,6.82621534588156,0.0628209439888726,0.751493118670475
"EIF2B3",2.52244991652589,0.315049669723228,5.2522653274151,0.0538387276420028,0.760062321474942
"EIF2B4",4.93269447861224,0.482620791952244,6.27762357264031,0.0616596095022653,0.755907556478837
"EIF2B5",2.45980413025307,0.254725290401055,4.76258394562237,0.0475938605171567,0.701635938717216
"EIF2D",5.2779539550168,0.425962894961821,5.74321856987178,0.0564061909475788,0.696961828096598
"EIF2S1",4.0076884622516,0.270758261019776,4.27938819723906,0.0427577602452281,0.596468449753311
"EIF2S2",5.980862423077,0.157632459136746,1.99220284058523,0.0162859430606658,0.28356271098416
"EIF2S3",3.09577451362054,0.0788223165535898,1.6985578864066,0.00698659100369943,0.253700337574656
"EIF3A",4.34050041417442,0.13242714773285,2.11941476305169,0.0159507381665687,0.314983121267203
"EIF3B",4.77235947057389,0.362963522296741,5.19070486317083,0.0516279405077806,0.666320436250325
"EIF3D",5.47778351795734,0.137319587996021,1.60456515576867,0.0119157087955839,0.242274733835367
"EIF3E",3.363312442858,0.0470611063111666,0.799426497370214,0.00596708169744144,0.112957673331602
"EIF3F",6.09581902215177,0.0647707255069792,0.262652897592326,0.00784799605813587,0.0537522721371072
"EIF3G",6.52932406531997,0.0968774201654888,0.529534503222684,0.0012643265038964,0.0981563230329784
"EIF3H",3.059769000237,0.0368180948232402,0.65899176549874,0.0089881082249538,0.0864710464814334
"EIF3I",8.12698340138738,0.188312796897462,1.61782512348636,0.0157429676300597,0.222020254479356
"EIF3J",4.81947508996709,0.267492089336999,3.99177898313935,0.0395417519252919,0.540638795118151
"EIF3K",7.29618826444282,0.0676090734677511,0.159840568072777,0.00819478062773412,0.0423266683978187
"EIF3L",4.30925477484647,0.0564692576993901,0.705796560407829,0.00543125069679704,0.105167488963905
"EIF3M",5.06962916412512,0.125888687812938,1.66797210237434,0.0112723774209318,0.250064918203064
"EIF4A1",3.87912001790718,0.195173465856473,3.50018667132655,0.0323292238301023,0.501947546091924
"EIF4A2",2.97201044177263,0.0457828987014058,0.777577816070745,0.00631042322078069,0.11010127239678
"EIF4A3",2.5771597719456,0.161625636177248,3.68262279265353,0.0329590341980253,0.549987016359387
"EIF4B",2.91666960836464,0.0407468707682051,0.827691560496895,0.0066987417836212,0.112698000519346
"EIF4E",2.54135589482149,0.152752188397602,3.51891844720031,0.0310038697595595,0.528174500129836
"EIF4E2",8.0830550811303,0.314282448415028,3.96588459635344,0.0381453784019443,0.448974292391587
"EIF4E3",1.38263117627246,0.325823096646439,5.72766774843984,0.0597269122620678,0.864191119189821
"EIF4EBP1",1.28015039003056,0.0363872714486307,2.62892653895925,0.0116988260724447,0.376006232147494
"EIF4EBP2",4.56524242438807,0.282841091558164,4.16471678135199,0.0420588558824609,0.568164113217346
"EIF4ENIF1",2.37033386785901,0.479695981241466,6.22495746140338,0.0663519767226779,0.872240976369774
"EIF4G1",4.09523319332996,0.149258680133173,2.50622548538677,0.0208846665680125,0.370553103090106
"EIF4G2",6.64346098746528,0.0969184419386508,0.534770594805354,0.00125845907311663,0.0981563230329784
"EIF4G3",2.21886321464304,0.21382967536196,4.48749059789442,0.0435992980354589,0.671513892495456
"EIF4H",119.108768355642,0.778431908898788,57.2606316805866,0.0663466892406778,0.216307452609712
"EIF5",3.52498052287932,0.0891768686023831,1.5628675943721,0.00696178451849054,0.238119968839263
"EIF5A",2.37215355871877,0.0420188147458909,1.286727151128,0.00192925984274765,0.178395222020254
"EIF5B",5.08826011268363,0.183391908099807,2.67429763027354,0.0242702717053581,0.379901324331342
"EIF6",4.03025985902286,0.176649115029443,2.96060917908742,0.0269060756350231,0.43287457803168
"ELAC1",2.94397948358403,0.640403703825319,7.10623303133845,0.0738353551939266,0.915346663204363
"ELAC2",7.65302892861487,0.55310889315746,7.38728745382386,0.0635031478445499,0.722409763697741
"ELAVL1",4.96099045953562,0.228872297101297,3.30261988146697,0.0324609313766716,0.459880550506362
"ELF1",2.97234219543929,0.1189878323091,2.4894275655903,0.018831004459208,0.377564269021034
"ELF2",2.1090663383184,0.121755488062497,3.31848796543988,0.0271703747599902,0.502466891716437
"ELK3",0.316609040577494,0.026414250502834,4.75394235472871,0.0358821627162462,0.715138924954557
"ELK4",2.30080455769055,0.319467024063566,5.3286985288785,0.0550138863667126,0.778239418332901
"ELL",2.16327970190227,0.308538753347888,5.35135400539946,0.0548436541773603,0.785510257076084
"ELL2",0.727690995166745,0.0656222443056899,4.52216140980711,0.0357553025018922,0.682939496234744
"ELMO1",0.371698520984047,0.0554874237020549,5.21466798142524,0.0431794153457643,0.794598805505064
"ELMOD2",1.52832479624661,0.256708388299799,5.30879102271735,0.0533329798423016,0.80238898987276
"ELMOD3",1.50392411231273,0.235610430208058,5.1783003028928,0.0513438164172907,0.784990911451571
"ELMSAN1",1.4256538310291,0.150275701541961,4.51974292559315,0.0409646290393985,0.687873279667619
"ELOF1",7.73808649965833,0.426921133257903,5.54150024454862,0.051943082040411,0.588678265385614
"ELOVL1",4.56213116806453,0.226252724219287,3.53994391439397,0.0341662005730454,0.494676707348741
"ELOVL5",0.353519399291464,0.00432179600854775,2.73391106295233,0.00929384211801804,0.379641651519086
"ELP2",1.44776432121933,0.114160687882854,4.02947357378737,0.0337684709838448,0.610750454427421
"ELP3",7.42322013703543,0.680867241940422,9.03204429318827,0.0719572861387832,0.830433653596468
"ELP4",NA,1,NA,NA,0.88081017917424
"ELP5",8.10962951629846,0.460468527192392,6.1012154975759,0.0549670721895012,0.617501947546092
"ELP6",4.9244770329081,0.473780919518048,6.22091622033331,0.061056394485773,0.751752791482732
"EMC1",2.03814053711839,0.317648474723947,5.44787010706689,0.0561557544120859,0.80238898987276
"EMC10",3.12622205291812,0.107900791919753,2.3624373087191,0.0162696975697975,0.353414697481174
"EMC2",3.07377744484886,0.281126875982399,4.71755574067866,0.0477191180868569,0.6772266943651
"EMC3",3.168860704839,0.167739180127758,3.37135364184943,0.0302068810070803,0.498571799532589
"EMC4",8.22097306719986,0.239558300291449,2.33303359402449,0.0245533981636898,0.295507660347962
"EMC6",14.6341298069466,0.433712731214209,5.76998778420844,0.0451492530788177,0.404570241495715
"EMC7",5.74700838944948,0.247445723298659,3.28963229753894,0.0328717332737987,0.441703453648403
"EMC8",3.91155417644737,0.278452526738984,4.43633049296966,0.0443085621123148,0.616982601921579
"EMC9",1.22463313112919,0.184549736431579,5.08153004035003,0.0482553434099505,0.775383017398078
"EMD",5.96836233171576,0.132673549971243,1.29425910987604,0.00892416940067767,0.200727083874318
"EML2",1.08992513170902,0.137168965146193,4.79676000384056,0.0431143556523087,0.732537003375747
"EML3",1.45293597997823,0.171750460000111,4.72942164309983,0.0441298008261027,0.719293689950662
"EML4",1.23118824394508,0.0512349945693571,3.15807905516926,0.0192343744353997,0.464035315502467
"EMP2",0.646621761923211,0.0197926271437224,3.12028383250734,0.0156840613517907,0.448454946767073
"EMP3",0.561310584346953,0.0107611435320263,2.92984606263652,0.0123239552762419,0.413139444300182
"EMSY",1.41538224564059,0.309371015579728,5.64290077671243,0.0583802808745889,0.851726824201506
"ENAH",0.532597716520931,0.0331215406555099,4.14021939968387,0.0290320796624658,0.616722929109322
"ENC1",0.29807317868027,0.0803059934129812,5.65357313395035,0.0496178337021135,0.869384575434952
"ENDOD1",0.634652755819036,0.10210904644865,5.11714442412292,0.0447363053132539,0.783952220202545
"ENDOV",1.84044780197514,0.297533517479969,5.36852563643487,0.0551528155918168,0.800571280186964
"ENG",0.265979953388583,0.00697454457177426,3.85974942493708,0.0234251625406163,0.564269021033498
"ENO1",1.054562028713,0.009393794356401,1.17653649515025,0.00856397891330078,0.135289535185666
"ENOPH1",6.66271328288551,0.436294955870463,5.86996218858299,0.055040031247261,0.653596468449753
"ENOSF1",1.87665428879947,0.139603618391562,3.92649070307787,0.0342756816672652,0.593612048818489
"ENOX2",1.16509700685652,0.300094949779724,5.72004806029154,0.0590390579520526,0.871461957933004
"ENSA",2.94231939395793,0.0748110380084192,1.73922385035841,0.0068966148763211,0.258114775383017
"ENTPD1",0.243393180562085,0.025658787177798,5.10064642499698,0.0400315479414539,0.771747598026487
"ENTPD4",1.99246841994297,0.258896360987906,5.03619648811361,0.0506134270855468,0.751752791482732
"ENTPD6",2.46037522566325,0.258534152443023,4.87982905358806,0.0485070676658882,0.715138924954557
"ENY2",14.4011645124559,0.271282658993483,2.43481243765538,0.0229682619483907,0.202804466372371
"EOGT",0.442136552981153,0.106025173785738,5.5275946646235,0.0494491421342125,0.85068813295248
"EP300",2.47215889678448,0.226620153501872,4.47635407098994,0.043873549471214,0.663723708127759
"EP400",4.31460275734976,0.378294663737509,5.32043929457102,0.0539682126138482,0.696961828096598
"EPAS1",0.1762322122595,0.00531354632133186,4.43493281698349,0.0304414449104895,0.658530251882628
"EPB41",0.836825521938404,0.139812366921108,5.15646800392464,0.0470489364724243,0.790963386133472
"EPB41L2",0.665821005826121,0.0493550584806595,4.2457480811931,0.0315161749435985,0.636977408465334
"EPB41L4A-AS1",1.55677504214065,0.0962691509562051,3.57553312109017,0.0277711930880739,0.539080758244612
"EPC1",3.0885719323313,0.121973144690444,2.40683756568476,0.0183903132463526,0.366658010906258
"EPC2",1.95891830847467,0.455034126947468,6.12817871513856,0.0658776565558198,0.883666580109063
"EPG5",2.30780683777737,0.414834519551142,5.92935141089621,0.0625261042862018,0.845494676707349
"EPHX1",0.467675745958666,0.0127744415666573,3.27333923683684,0.0167928641459574,0.470527135808881
"EPHX2",0.615879853517739,0.10010856845527,5.13245740308423,0.0447963886769832,0.786289275512854
"EPM2AIP1",1.31734459992328,0.16949155678007,4.81808815918707,0.0450060089189488,0.735133731498312
"EPN1",11.4233990206641,0.323400360218094,3.62685887106727,0.033931534982532,0.341469748117372
"EPOR",0.901049007329961,0.334449712716702,5.93832899084254,0.0625577671396304,0.912230589457284
"EPRS",2.60413091514402,0.158361561067956,3.60763255017145,0.0320588197393675,0.539080758244612
"EPS15",3.13589197446442,0.18696796252412,3.51918942365974,0.0330891394646432,0.522721371072449
"EPS15L1",1.6274429347725,0.211720864709157,4.89531585821802,0.0476335545147206,0.741885224616983
"EPS8",0.372065002655794,0.0181742371880858,4.07482460920223,0.0270451691217033,0.602700597247468
"EPS8L2",0.559225466964587,0.061333313786671,4.7543963355713,0.0382371504508035,0.721111399636458
"EPSTI1",0.473671498482398,0.0455258734419991,4.78793966315119,0.0374883901569222,0.722929109322254
"ERAL1",6.02424522138379,0.490053011794119,6.43621479594123,0.060611916493933,0.722150090885484
"ERAP1",2.04233953450102,0.309176088471631,5.38753227172024,0.0553736927587333,0.79485847831732
"ERAP2",0.397940059504152,0.101043700760866,5.57303976224303,0.0497267801105448,0.857958971695663
"ERCC1",4.03136950623543,0.158111612817251,2.7304907480241,0.0234584829156856,0.400675149311867
"ERCC3",3.38324731588151,0.396850078616143,5.61050821643529,0.0580288073226506,0.764217086471046
"ERCC4",1.49771127423715,0.293302609517703,5.53681291940079,0.0567494226110114,0.834328745780317
"ERF",0.895390722971568,0.13782453604803,5.06504351287412,0.0459691828944525,0.775902363022592
"ERGIC1",0.962754818227048,0.0458177409979748,3.38657935592097,0.0214139706915792,0.499870163593872
"ERGIC2",5.30275344406301,0.262846669547265,3.61137083131276,0.0364954554599307,0.48792521423007
"ERGIC3",3.47538655111273,0.0566259180864393,1.04158345527018,0.00228081356014481,0.151129576733316
"ERH",5.31675237634256,0.084576505116198,0.687991394978609,0.00152951563631923,0.116073747078681
"ERI1",1.91763599808377,0.384126168448625,5.83898090551939,0.0616482346712085,0.854063879511815
"ERI3",5.20728607416909,0.307760072926114,4.35294649238327,0.0436365874961955,0.568423786029603
"ERICH1",2.89927055374579,0.231979070584337,4.30177388554938,0.0422495434557816,0.629966242534407
"ERLEC1",2.48782361451476,0.0762315486954183,2.04356278963742,0.0102135381447416,0.304596208776941
"ERLIN1",3.34061711037977,0.446258739791271,6.05624939842937,0.0622049697539451,0.808880810179174
"ERLIN2",1.37409303716069,0.187149989962147,4.92953239759045,0.0469016089350705,0.750973773045962
"ERN1",0.540090229396514,0.0930913047135063,5.20918946178733,0.0452711714176806,0.798234224876655
"ERO1A",0.406321833523551,0.0348154972493876,4.68284282915407,0.0355804205922794,0.704752012464295
"ERO1B",0.358770700602022,0.0350357727376618,4.8351417208195,0.0374424160340695,0.729940275253181
"ERP29",5.37673411314812,0.093717182649332,0.945265893743862,0.0016593839804253,0.15009088548429
"ERP44",3.63094275186209,0.194243540187139,3.42394827946846,0.0322289883853432,0.500129836406128
"ERRFI1",0.361808372807579,0.0141447130196968,3.91921419213082,0.0247806344648028,0.575954297585043
"ERVK3-1",1.56980773293483,0.285498082818621,5.43513269650099,0.055572995130041,0.818748377044923
"ESCO1",2.05293355767421,0.25733673057953,4.97284690713639,0.0499926915709698,0.741885224616983
"ESD",3.90778717810344,0.146277926181058,2.48594826567868,0.0206695932767655,0.370812775902363
"ESF1",2.22306954764726,0.17567651635132,4.10454591402036,0.0379793579840735,0.616203583484809
"ESRRA",5.65065665945656,0.653862024539439,8.13076820129437,0.0719403521554914,0.854323552324072
"ESYT1",1.59950398867314,0.146754405308778,4.33048203414837,0.0387406781681266,0.656452869384575
"ESYT2",1.55468310450325,0.151922147538636,4.39930556512903,0.0398191152997145,0.668397818748377
"ETAA1",1.31252500606328,0.29045051311313,5.59145037043755,0.0574235994527759,0.848870423266684
"ETF1",4.98912237573214,0.298074635092282,4.35355387160629,0.0432996071134022,0.57465593352376
"ETFA",5.46354655095508,0.221110220649719,3.07168960900664,0.0297269469025995,0.421968319916905
"ETFB",5.64938729566382,0.240036975304741,3.36663786803299,0.0327216138142731,0.450532329265126
"ETFDH",2.88813375404532,0.422210288671564,5.877808680241,0.0613891002286274,0.813035575175279
"ETHE1",3.21742954916667,0.132759074757458,2.88157991070113,0.0230144889844661,0.426382757725266
"ETNK1",3.03609114969519,0.227358137914317,4.16105982384884,0.0407575391620608,0.608673071929369
"ETS1",0.206377756286324,0.0150789425290282,4.93342633887659,0.0372983923917251,0.742404570241496
"ETS2",0.276400022704362,0.0152458060493222,4.52196087206262,0.0322313825604238,0.674629966242534
"ETV6",2.13751559764354,0.164025099603971,4.13580457094375,0.0374108965904061,0.619319657231888
"EVA1B",0.737303071010845,0.111147205579083,5.03857111716532,0.0443426789860182,0.77148792521423
"EVI5",3.26653709765172,0.329159183679096,5.13534194536834,0.0524103446930501,0.718254998701636
"EVL",0.696504182160486,0.0176826831326392,2.82778511547313,0.011967242395685,0.400675149311867
"EWSR1",4.08694700748639,0.125270703843086,1.82970834432025,0.0132965237627526,0.282264346922877
"EXD2",1.61577308072115,0.327677193500025,5.62582700205191,0.0586803993997197,0.842118930148014
"EXOC1",4.18232634238142,0.364344809382027,5.22424908474079,0.0530114456889562,0.692547390288237
"EXOC2",0.989256645894732,0.20539524525639,5.39992110532959,0.0525288464371265,0.829135289535186
"EXOC3",53.7794244483779,0.913707530707289,45.1264130432486,0.0605623799624029,0.761620358348481
"EXOC4",3.78656806935974,0.315595865653215,4.758706651534,0.0487264223959524,0.658789924694884
"EXOC5",4.66484533482639,0.368781784371331,5.17687301540127,0.0521616368064819,0.669436509997403
"EXOC6",1.58389796060985,0.294707962771805,5.50368074050998,0.0564066218134852,0.826798234224877
"EXOC7",2.89696348312102,0.199697580299795,3.87603380517617,0.0370122691133122,0.574396260711504
"EXOG",2.32732935820981,0.507507270395654,6.3680768232549,0.0680534435488415,0.887821345105168
"EXOSC1",124.11867747788,0.942572117138665,97.3927786549733,0.0362290820650124,0.667099454687094
"EXOSC10",5.98723171114129,0.441995152129677,5.78669128661508,0.0562751311237704,0.672292910932225
"EXOSC2",2.57325519130147,0.552104295576052,6.60926244384781,0.0700248079877522,0.896130875097377
"EXOSC3",5.64298982830457,0.507337146434995,6.64148593212934,0.0626110605230168,0.753830173980784
"EXOSC4",3.08368298517066,0.212546568121305,4.10323326118752,0.039107387560695,0.59724746819008
"EXOSC5",2.8078336173142,0.266978423002194,4.77345976368401,0.0476539376403605,0.691249026226954
"EXOSC6",2.57068522423132,0.457797408352935,6.1250873720787,0.0646187688252475,0.852505842638276
"EXOSC7",10.84592475522,0.603218717010062,8.8984157025722,0.0645097643106649,0.69306673591275
"EXOSC8",2.48981583293915,0.254014835304516,4.74141177160048,0.0473519359883937,0.698000519345624
"EXOSC9",3.28747794646233,0.505047969256821,6.42667397493098,0.0661697756325454,0.844455985458323
"EXT1",0.552237055865609,0.152404531477397,5.61471361867509,0.0525492703744869,0.867047520124643
"EXT2",1.28427012338399,0.166461108439848,4.84885184531785,0.045114299848339,0.739548169306674
"EXTL2",0.55537177411737,0.140586832752753,5.55689409759733,0.0513803047145838,0.856920280446637
"EYA3",4.58238092257193,0.572780827423744,7.0899128912059,0.068402145935428,0.83406907296806
"EZH1",1.64422082307418,0.259916088390532,5.23106949629227,0.0527426557519465,0.788886003635419
"EZH2",0.300459886291564,0.0935381088884038,5.7460811970997,0.0512914683261249,0.885484289794858
"EZR",0.868562664767726,0.0353295767669203,3.30086336324784,0.0193674445764888,0.482472085172682
"F11R",0.832152173917685,0.197786773488408,5.52007134320836,0.0534409962143238,0.84990911451571
"FAAP100",11.2292600585589,0.739837560120164,11.5451368864231,0.0726701652438674,0.810438847052714
"FAAP20",3.17384024951035,0.0837068099483283,1.72245894266839,0.00781097371849144,0.258893793819787
"FABP5",0.219471124222814,0.00229500040976105,3.56139882070413,0.0192931075751323,0.513892495455726
"FADD",3.63962073232856,0.432451152884959,5.93272936729895,0.0604935742548237,0.783692547390288
"FADS1",0.432937948116525,0.0936786532598292,5.48815412354886,0.0483408202980306,0.842638275772527
"FADS2",0.282726246328167,0.0676756518060611,5.60890796888059,0.048447186254828,0.860555699818229
"FADS3",0.618079156287908,0.132320204592632,5.40954375888054,0.0494146412633165,0.832511036094521
"FAF1",8.26245764397482,0.747853740031755,10.2856436210502,0.0747813331458344,0.862113736691768
"FAF2",3.49389421194718,0.35357769842796,5.22718270825669,0.0538036743290471,0.720072708387432
"FAH",0.715828258319015,0.0600161070250714,4.39708619232601,0.0339969964198575,0.662685016878733
"FAHD1",2.976054909363,0.401616768415551,5.79537893770091,0.0598415499356706,0.800311607374708
"FAHD2A",2.06319309116701,0.274130369671026,5.12156579766485,0.0518596958268515,0.760581667099455
"FAIM",1.10937107771166,0.171601679887038,5.0947227808779,0.047841751423836,0.77901843676967
"FAM102A",0.395351905353506,0.0335221092021115,4.65882962640111,0.0352252228780557,0.700856920280447
"FAM102B",1.0021621849942,0.201624143296714,5.37640750719116,0.0521027793881911,0.824980524539081
"FAM104A",3.61947407078098,0.267092977966432,4.39169000231812,0.043846236462364,0.620877694105427
"FAM104B",11.3835922475572,0.676478571468049,10.4419856916902,0.0690728529716786,0.753310828356271
"FAM107B",0.71904478765743,0.0822312107511068,4.75699797175393,0.039536391763863,0.723448454946767
"FAM110A",0.894752533852564,0.130356515180686,4.99783104621427,0.0448798199848093,0.764996104907816
"FAM111A",1.08165216308947,0.116158071752616,4.57440624941225,0.0396019803066698,0.696702155284342
"FAM114A1",0.687456460729541,0.0382530828354352,3.85746656839957,0.0261216447813133,0.572318878213451
"FAM114A2",3.69274430588351,0.459295151637127,6.11877932883705,0.0623329269365363,0.798234224876655
"FAM118A",0.809739242402492,0.189692856522249,5.48982543867878,0.0528357184749257,0.845754349519605
"FAM118B",5.21230219956935,0.653194188152755,7.9656599840413,0.0722815207856327,0.863671773565308
"FAM120A",4.92626588511907,0.210536324469171,3.10356665889746,0.0297016284680884,0.435990651778759
"FAM120AOS",2.37772691751702,0.157807213836778,3.68527622808209,0.0330402131452069,0.554920799792262
"FAM120B",2.30866770603777,0.30624792236824,5.23290867311569,0.0537544900736416,0.766294468969099
"FAM122A",5.30963896816476,0.498675477303754,6.50869026131124,0.0624102363576288,0.757984938976889
"FAM122B",4.68952778833417,0.536739344958203,6.79435849347342,0.0659797256433071,0.807322773305635
"FAM126A",0.71150052470858,0.144804674240557,5.38307445927035,0.0496553861439105,0.827577252661646
"FAM126B",2.69725077882345,0.389152307041915,5.7055749109445,0.0594947334098619,0.8039470267463
"FAM129A",0.967811796487131,0.0587888479476045,3.8201526785383,0.0273660443613988,0.570501168527655
"FAM129B",1.05035523365933,0.100699632889736,4.49150470332399,0.0376541727019075,0.681121786548948
"FAM131A",11.5099686729424,0.829045452923573,13.3750079783362,0.0764323236557276,0.880031160737471
"FAM133B",3.52376808602342,0.223673788328565,3.84719645869413,0.0376046599158096,0.557517527914827
"FAM135A",0.849127920228203,0.274280242761981,5.80342566530063,0.0592022696834567,0.893793819787068
"FAM136A",2.16821609770502,0.141208710711361,3.76951381075549,0.0325536171506563,0.565567385094781
"FAM13B",1.81600825327463,0.211058428852695,4.7521065708297,0.0461358861712553,0.71721630745261
"FAM160A2",2.10928746712299,0.293590218701355,5.23192892682397,0.0535062878695239,0.773305634900026
"FAM160B1",1.71775310990289,0.271821900981797,5.27429014791864,0.0534923878826372,0.792261750194755
"FAM162A",2.08762266361938,0.0628846417425404,2.17103869690828,0.0099405393488578,0.318358867826539
"FAM168B",3.33146751605029,0.381106091953047,5.51864637216788,0.056918526006637,0.756946247727863
"FAM172A",1.24983505859209,0.171751391627648,4.8974093807546,0.0459545930900772,0.748377044923397
"FAM173A",1.99870883826084,0.110068723312806,3.35171722065919,0.0264109885916752,0.504284601402233
"FAM174A",1.36981291748409,0.0994243109331717,3.85630662621961,0.0310134102224025,0.58374448195274
"FAM177A1",3.52423858748861,0.124350685847974,2.31451203574916,0.0173916604614589,0.348480914048299
"FAM189B",2.54282777439322,0.371536202328004,5.64136624918155,0.0586751461247657,0.803687353934043
"FAM192A",10.5842988925456,0.507180536699985,7.06348242633375,0.0566811607601116,0.596468449753311
"FAM193A",1.78379519066901,0.328510972356798,5.59304556892398,0.0581127096947524,0.830693326408725
"FAM199X",2.28369046316649,0.344587988587943,5.50280971507959,0.0572694059726737,0.799532588937938
"FAM200B",3.56444975275112,0.163847473044166,3.07102494012836,0.0270827875605148,0.452350038950922
"FAM204A",7.46843437599546,0.309068363313524,3.75141497394966,0.0377635076367542,0.446377564269021
"FAM207A",4.1583420358017,0.308223729443489,4.72814761693855,0.0473077438003309,0.641132173461439
"FAM210A",0.972120986489915,0.136669337806752,4.99096157023866,0.0450361766564166,0.762659049597507
"FAM210B",1.81052912777923,0.0955131500264403,3.28990991601989,0.02465100088253,0.493897688911971
"FAM214A",0.414706805723287,0.0277535553264078,4.38667795727238,0.0315457175138356,0.655414178135549
"FAM214B",1.88782597297496,0.344441527698863,5.67846442955562,0.0590598038297313,0.836146455466113
"FAM217B",1.70756328465648,0.309012348660029,5.5129746594416,0.0568874967249243,0.823682160477798
"FAM219B",1.50330560024086,0.175366715786272,4.67897527656809,0.0438880931028138,0.712022851207479
"FAM222B",1.98100179186431,0.320584740665909,5.46430785683077,0.0565474272445675,0.807063100493378
"FAM32A",23.6749789702772,0.612709927867191,12.0422956269802,0.0587231044225654,0.473123863931446
"FAM3A",6.50545727403738,0.391806550162191,5.20014345315226,0.0504944667808965,0.604258634121008
"FAM3C",1.15685169694421,0.0644535901434763,3.48233675185222,0.0242156658222438,0.520124642949883
"FAM45A",4.74167128132178,0.343216613774153,4.90856957261899,0.0493119176596398,0.640093482212412
"FAM49B",0.902132555312694,0.0397105154792192,3.51148801922252,0.0221097504205859,0.515969877953778
"FAM50A",6.78337450879842,0.244931605691759,3.13214858050935,0.0304017178457429,0.400675149311867
"FAM50B",2.50214279506544,0.410537845469449,5.86746116216123,0.0616397414425694,0.829914307971955
"FAM53C",1.2487070925831,0.157366845696454,4.7971622231054,0.0441601887530381,0.732017657751233
"FAM76A",1.53360314255347,0.313438190293565,5.5932250672611,0.0580067407158337,0.841080238898987
"FAM76B",1.80498966114919,0.381229418179325,5.83199652424266,0.0617663409534652,0.858737990132433
"FAM89B",1.23731643902201,0.260257520264576,5.55008059377819,0.0558069361356888,0.843936639833809
"FAM8A1",1.53223340424698,0.25378641959015,5.284693999841,0.0530075313793852,0.799013243313425
"FAM91A1",2.36854439221002,0.271404588797927,5.00538330166677,0.0502706873740819,0.734614385873799
"FAM98A",1.30360031242436,0.182556546818898,4.99655822670367,0.0472740243321023,0.761101012723968
"FAM98B",2.8402589733771,0.480853370224577,6.25337733736304,0.0654911264005072,0.851207478576993
"FAM98C",1.6440499001406,0.223921442682417,5.00132669858951,0.0490897043729584,0.756167229291093
"FANCF",1.29618513064653,0.340649640710115,5.8103889043739,0.0610886836186052,0.878732796676188
"FANCL",1.69533573698299,0.349027037660092,5.71258061812991,0.0599561292692641,0.849389768891197
"FAR1",2.95884728666497,0.255395217583137,4.53370981545256,0.0451861436270466,0.657751233445858
"FARP1",0.66269433461286,0.0473395626270806,4.19078627684635,0.0307377546702272,0.627888860036354
"FARP2",1.90925190164057,0.314646867961627,5.46127545714475,0.0563945685673382,0.809400155803687
"FARS2",7.5269141630174,0.664007167236368,8.84486397071075,0.0709368936883318,0.815632303297845
"FARSA",3.93993185513068,0.300735916556553,4.65364539183366,0.0468953547999122,0.640872500649182
"FARSB",1.2632267839861,0.19866221523054,5.15317819559074,0.0495643211538868,0.785510257076084
"FAS",0.41202216977857,0.0610876233621384,5.15248792137282,0.0428090280390927,0.785510257076084
"FASN",0.192841380726667,0.0067086905773827,4.43975816232857,0.0306017095353345,0.659568943131654
"FASTK",9.34864993275686,0.465409544856098,6.11758661905363,0.053687190105802,0.57543495196053
"FASTKD1",4.35130992093225,0.587840820017022,7.18937184060761,0.0696059920786941,0.852246169826019
"FASTKD2",1.80744114854785,0.346784556344544,5.68432694647002,0.0594180824783407,0.840820566086731
"FASTKD3",7.95613934782484,0.805634906232572,10.8706175970781,0.0774581819908552,0.901843676967022
"FASTKD5",2.35019878445723,0.623445127253833,6.84605950494593,0.0737234831630625,0.927031939755908
"FAU",10.0599904663282,0.0193957023564791,0.107212419409936,0.016601039110989,0.000259672812256557
"FBL",1.32208216551997,0.0466665044965982,2.58846696167405,0.0126813827167952,0.37704492339652
"FBRS",3.84959113746296,0.396578322064517,5.5717901067153,0.0568920517917539,0.740327187743443
"FBRSL1",5.90185543132284,0.717927282997045,8.81967771797896,0.0749304263781231,0.882887561672293
"FBXL12",4.76693579653197,0.513787481514314,6.60857386174095,0.0643276102361237,0.789665022072189
"FBXL15",5.58476512752274,0.390219791809858,5.32437984962352,0.0523450327692502,0.648403012204622
"FBXL17",1.71404874085455,0.406639904686589,5.95981995796002,0.0636966351383955,0.877694105427162
"FBXL20",0.509374102644767,0.0756137244456598,5.07261499416979,0.0427685767112891,0.774603998961309
"FBXL3",1.77560610408641,0.22593364150924,4.90229828789887,0.048234474501907,0.739548169306674
"FBXL4",1.47466778871027,0.225891266626244,5.14678547324833,0.0506242731489399,0.780836146455466
"FBXL5",3.69926724679113,0.184120408320523,3.19081672612673,0.0296713088606101,0.469228771747598
"FBXO11",2.51026180419098,0.290006333646799,5.03017764498167,0.0512356731554337,0.734095040249286
"FBXO21",2.17716942505324,0.217483335474529,4.53867181346226,0.044299975735404,0.679823422487666
"FBXO22",2.47236981446506,0.307261019816112,5.19051760355987,0.0531979770462818,0.75486886522981
"FBXO25",4.52125964598055,0.443815909137248,5.95507984764652,0.0594385748467123,0.746819008049857
"FBXO28",12.3650407239037,0.78684193842884,12.9912559533889,0.0742956880099091,0.833549727343547
"FBXO3",1.26024829089365,0.17370905773415,4.89278226756113,0.0460275949201302,0.747857699298883
"FBXO30",1.9751228013551,0.518194233477583,6.3766837328032,0.0692605921956558,0.907296806024409
"FBXO32",0.202803626750929,0.0150408618314066,4.91157008641552,0.0370465006941213,0.73902882368216
"FBXO33",5.27195516296718,0.70556724708471,8.41977243924192,0.074808693233145,0.887821345105168
"FBXO34",2.79816876645558,0.387612268188758,5.65807394760903,0.0590004036654687,0.794598805505064
"FBXO38",1.69637722497321,0.281031369261726,5.34277171971984,0.0544655230844913,0.802129317060504
"FBXO4",4.68660937688339,0.58248992396908,7.20415780431756,0.0688753695726728,0.837444819527395
"FBXO44",0.927895601586934,0.118951318805085,4.81001434287525,0.0423188764989172,0.735133731498312
"FBXO45",1.74511725835849,0.528075563609501,6.39008991112623,0.0701787336776783,0.921059465074007
"FBXO6",1.1971494953437,0.164736143983994,5.01728138025276,0.0465280116158232,0.76395741365879
"FBXO7",8.18897677671794,0.330869268091128,4.09606729403932,0.0398288588715632,0.457543495196053
"FBXO8",3.05969014306507,0.439694131878912,5.97284219653352,0.0622107293803167,0.814333939236562
"FBXO9",2.09311308322747,0.139115347168643,3.68935579233031,0.0318984166601229,0.556998182290314
"FBXW11",4.42129032629601,0.338687039852659,4.8525313755753,0.0494072030436087,0.64632562970657
"FBXW2",5.00651340258435,0.367745367126748,5.05008162979726,0.0509894163200513,0.64476759283303
"FBXW4",1.60712609709329,0.35549089877201,5.76554064641008,0.060749016265671,0.859776681381459
"FBXW5",9.32842093176997,0.328683863821328,3.94858447675341,0.0376964525245007,0.415476499610491
"FBXW7",1.13988817404342,0.236539483526545,5.45997336993262,0.0542445464288759,0.834588418592573
"FCER1G",0.0888133357115184,0.00113508571921203,5.02475810173554,0.0375555399663721,0.755388210854324
"FCF1",2.57753140835972,0.508295610683615,6.38478588430269,0.0676177375906444,0.876395741365879
"FCGRT",1.28091554586201,0.0164556905001314,1.44397641771097,0.00428885396556115,0.182809659828616
"FCHO2",1.06474728168131,0.111726122599739,4.58102198460263,0.0393423343033893,0.696702155284342
"FCHSD2",0.955347413243502,0.149364030181276,5.09341685837568,0.0468087195700052,0.780057128018696
"FDFT1",1.6544537007404,0.0736417278428676,2.96015225761637,0.0193699049975926,0.440924435211633
"FDPS",1.42647923791063,0.0940712571952441,3.68340501124745,0.0287877485294174,0.556219163853545
"FDX1",1.23221954916547,0.0622849712373486,3.35073341641591,0.0225125566849844,0.498312126720332
"FDXR",0.624214025515227,0.167522200820982,5.5975810985442,0.0530142703921092,0.864191119189821
"FECH",6.43119453039085,0.645122585275475,8.28763224350842,0.070776893738436,0.829654635159699
"FEM1A",10.0038063834366,0.751978246805434,11.176317946756,0.0739491433495816,0.837964165151909
"FEM1B",2.68275183228769,0.251541351090488,4.59793771616007,0.0459064894455058,0.674370293430278
"FEM1C",1.09900193996545,0.218981749504703,5.39614326652113,0.0529529635664683,0.826019215788107
"FEN1",0.206275960118018,0.0625777801378232,5.78694141237307,0.0502814862884217,0.889379381978707
"FER",1.53300967130217,0.314815795284972,5.60842060669165,0.0581564410103506,0.842897948584783
"FERMT3",0.27851632892952,0.0208137597259372,4.87848184028204,0.0369337504825696,0.733575694624773
"FES",1.13612524485568,0.175675231468804,5.13564155046693,0.0483358743006351,0.783952220202545
"FEZ2",2.4443499668499,0.148878465094006,3.54648882465514,0.0310257832236284,0.532848610750454
"FGD5-AS1",2.68659410386541,0.165759474349526,3.59771369331054,0.0325218924303642,0.538042066995586
"FGFR1",0.300335475663346,0.0224634079379091,4.70208126226363,0.034968601446013,0.705790703713321
"FGFR1OP",1.15548313757518,0.191338067946322,5.17394619114747,0.0495670051494157,0.791223058945728
"FGFR1OP2",5.7424926524082,0.258842859589537,3.41517253079761,0.0345108887201504,0.455985458322514
"FGGY",0.996300648009937,0.248158423471487,5.61717278283009,0.0563051207458333,0.861594391067255
"FH",2.91083214785998,0.272730435007347,4.81726948092281,0.0480345253763105,0.692807063100493
"FHL3",0.704384554753183,0.0777689621887063,4.75178239378687,0.0391605657683242,0.721630745260971
"FIBP",5.62925583828355,0.198422648496122,2.74482364000385,0.0254809770442113,0.379641651519086
"FIP1L1",4.26649471391552,0.311462444823117,4.54233168897291,0.0465017380973644,0.619319657231888
"FIS1",5.95922428954204,0.0899377337252912,0.707957892796765,0.000828751765655679,0.11763178395222
"FKBP11",0.376602454070043,0.0335366161320886,4.73044049086458,0.0360837146740124,0.712542196831992
"FKBP14",0.464250614792807,0.066118811415132,5.0956866646686,0.0424303224336279,0.776681381459361
"FKBP15",1.30557137791974,0.138067970193607,4.65289677627533,0.0413919718258262,0.705790703713321
"FKBP1A",1.66388701072439,0.0154074137261305,0.759809395657775,0.0120014797547089,0.0794598805505064
"FKBP2",2.56639966115559,0.0472370327739544,1.23298916139353,0.00167003871376132,0.17424045702415
"FKBP3",3.55402185015134,0.191080056660657,3.46645815065391,0.032339717808116,0.506102311088029
"FKBP4",0.795983640991349,0.0319724535855925,3.33643360926887,0.0194592044730117,0.4871461957933
"FKBP5",1.01691784347591,0.036785404581889,2.96772097422905,0.0157263098703565,0.430797195533628
"FKBP7",0.346710257576526,0.0490335512553804,5.17551126377967,0.0423603579087993,0.787587639574137
"FKBP8",10.1374612541401,0.169881068476395,0.921752843401835,0.00884279042154677,0.130875097377305
"FKBP9",0.697807713375704,0.0435452553737124,3.97975297754794,0.0280012056657108,0.593352376006232
"FLAD1",3.58797174225082,0.366055311704926,5.35268086869078,0.0548506480411056,0.729161256816411
"FLCN",1.436888111886,0.442257844564394,6.11934845877452,0.0665383264044366,0.909633861334718
"FLII",5.63378318649596,0.266826996827512,3.66085497494973,0.0365296717444361,0.484030122046222
"FLNA",0.817448078304969,0.0126448108510762,2.15816663884634,0.00336742836977949,0.2910932225396
"FLNB",0.501512447202672,0.0224481442562149,3.84798359368873,0.0246160747650339,0.56634640353155
"FLOT1",3.27633719111835,0.0671834875953713,1.43196726104322,0.00285762458005392,0.210075305115554
"FLOT2",2.54292673930789,0.171423391214571,3.82767700247133,0.0349532894160766,0.571539859776681
"FLYWCH1",2.29745194346547,0.396004714308842,5.81395299064624,0.0612010151179036,0.833809400155804
"FLYWCH2",3.25396005158578,0.167206499587325,3.14614553386409,0.0284711543731152,0.470007790184368
"FMNL2",0.579534452924711,0.0886747042688668,5.17468083664558,0.0444988730357634,0.790444040508959
"FMR1",1.99367024766781,0.321589660794498,5.47621638641083,0.0566266577026149,0.807842118930148
"FN1",0.183293911513536,0.00112149454141628,3.44228871113915,0.0177384399429815,0.494417034536484
"FN3KRP",3.41580615583592,0.39028283218529,5.55485862282844,0.0573896674530539,0.757205920540119
"FNBP1",1.67970688585611,0.106909624070424,3.66757963777136,0.029419890286126,0.552843417294209
"FNBP1L",0.67534523274949,0.0506759829146516,4.25040157575372,0.0316728166169557,0.63801609971436
"FNBP4",3.35576731042547,0.169990736360948,3.12653664884625,0.0284419194515844,0.466112698000519
"FNDC3A",3.3157449738911,0.220184971316242,3.88503647888488,0.0379499499896365,0.567385094780577
"FNDC3B",2.06568504080862,0.0851079505555506,2.82257813583626,0.0188546490487437,0.420410283043365
"FNIP1",2.32013747045719,0.243465453485647,4.73631006166696,0.0470101688641079,0.702155284341729
"FNIP2",0.467787861678067,0.068399164013436,5.15702473346136,0.0432169372134873,0.786289275512854
"FNTA",4.74824331423073,0.269263363493352,3.9305486585951,0.0395217685504703,0.537003375746559
"FOPNL",5.97845371833171,0.446031977759324,5.8863345308176,0.0567979718340724,0.680862113736692
"FOS",0.622427245321509,0.00139733874506285,1.278482414662,0.00891609027919437,0.142300701116593
"FOSB",0.433627944828253,0.00655843311049502,2.97629613710751,0.0124400970568479,0.419111918982083
"FOSL2",1.18783917272406,0.058138711009555,3.37855317735596,0.0223826229853156,0.500908854842898
"FOXJ2",2.72794495036531,0.482361968405525,6.26610316331549,0.0658292620602646,0.857958971695663
"FOXJ3",2.24135735893737,0.243933418700148,4.76107704385387,0.0473855449356561,0.70812775902363
"FOXK2",4.58496377702205,0.545103168951907,6.8865211598,0.0667334408295131,0.819267722669436
"FOXN2",0.726827252406481,0.116503436821007,5.14762706242931,0.0457303402317765,0.788366658010906
"FOXN3",1.14800630118161,0.0905936125496969,4.17990484400476,0.0336338687904401,0.631004933783433
"FOXO1",0.434807867740592,0.0918029838837045,5.43191219084497,0.0476741156872395,0.83406907296806
"FOXO3",1.11316912108419,0.0658093950175307,3.63144185627686,0.0259319743639384,0.543235523240717
"FOXP1",1.08099313721488,0.0382170803503934,2.8740734947926,0.0148258520592271,0.416774863671774
"FOXRED1",3.67007226981913,0.509235108317831,6.46845930485946,0.0657419338138804,0.829394962347442
"FPGS",4.91876413747964,0.298504837412262,4.33444879183153,0.0433785829931434,0.575175279148273
"FRA10AC1",2.38213941733204,0.232710990747494,4.59844844202398,0.0452766395205541,0.682160477797975
"FRG1",4.92530745762029,0.361049163715084,5.08265797230912,0.0508145388018743,0.650480394702675
"FRMD4B",0.608692146223172,0.0651836216257406,4.76536648315073,0.0385285006329568,0.722409763697741
"FRMD8",3.3022295513028,0.451108289324019,6.07860594764835,0.0625958340367757,0.812775902363023
"FRS2",1.05840897944014,0.174674264751707,5.14610387513966,0.0485851933083998,0.788366658010906
"FRYL",1.09390963544121,0.102024024826105,4.31291272753574,0.0360387679878766,0.655673850947806
"FSCN1",0.277572636775647,0.0164496645246286,4.6002189776186,0.0332705722842721,0.687613606855362
"FSTL3",0.145558570014805,0.0286530884811037,5.65298802548335,0.0469591532892736,0.863412100753051
"FTH1",2.77091398467093,0.00139412628131273,0.28152639720618,0.0194612640849055,0
"FTL",1.77192921717999,0.000915458502946357,0.345953761588923,0.0194513568524651,0.00207738249805245
"FTO",0.435712387897823,0.028464820212111,4.31304510798763,0.0307285108692846,0.643728901584004
"FTSJ1",2.67380228205768,0.270370716997552,4.86925739155503,0.0487166574274333,0.707348740586861
"FTSJ3",2.13010408368051,0.318351695122567,5.4005782678423,0.0557285032967344,0.793300441443781
"FTX",1.21574322205147,0.379207638532781,5.95457486776222,0.0637364436139051,0.901064658530252
"FUBP1",2.79204725995699,0.247232338163051,4.48856296092416,0.0447214461260322,0.657491560633602
"FUBP3",10.6910802255736,0.697674474412342,10.5202073152661,0.0707164261383274,0.781095819267723
"FUCA1",0.47337672321904,0.0427104597250749,4.6103707539481,0.0353123963299278,0.694884445598546
"FUCA2",1.47188424991759,0.0924716333255159,3.77680923400276,0.0293642051056448,0.566865749156063
"FUNDC1",2.93959327685385,0.302898644305799,4.97416430262521,0.0507534129208068,0.712282524019735
"FUNDC2",2.78595409334433,0.0807394675357034,1.92752950756571,0.00951204273666199,0.288236821604778
"FUOM",0.510755532290472,0.0515316151256732,4.8328571479369,0.0383718996740375,0.730719293689951
"FURIN",1.30200021991638,0.18379391676846,5.01264509599196,0.0474786802248673,0.763438068034277
"FUS",3.57310990424168,0.0605743777160285,0.769048837541493,0.00405298214247713,0.118670475201246
"FUT8",0.767483894178999,0.107990538873,4.94475456115086,0.0431698210706462,0.75642690210335
"FUZ",1.07416751772489,0.184113611817549,5.20150860597798,0.0495543662825376,0.796676188003116
"FXN",2.43783211820997,0.286950513155253,5.11524305293932,0.051659734832215,0.745780316800831
"FXR1",5.56321746777792,0.264513655935137,3.60129935991597,0.0361669789378588,0.479875357050117
"FXR2",1.24562426339939,0.361658441366802,5.90221175927629,0.0626328714270681,0.892755128538042
"FXYD5",1.96850027802123,0.0237700255239344,1.12894601372574,0.0065320622523989,0.141521682679823
"FYN",0.302839981658018,0.0379396686198922,5.11290194507288,0.04095967279444,0.775902363022592
"FYTTD1",6.50636416110602,0.323614499975811,4.22058971590882,0.0421484660068279,0.516489223578291
"FZR1",2.01352952588305,0.397714664163223,5.88858424071243,0.0622595860314909,0.855102570760841
"G2E3",1.59342176894129,0.291371595492295,5.46889603295134,0.056013094048724,0.822124123604259
"G3BP1",3.67763398034243,0.155757571495721,2.78325254036363,0.0240991490728024,0.413658789924695
"G3BP2",3.96562061516767,0.241511334691687,3.84943610058105,0.0382618081115447,0.547909633861335
"G6PC3",2.58908509978255,0.173053595297263,3.88147314724656,0.035372393658337,0.576992988834069
"G6PD",2.41279516071441,0.226329854132521,4.59740259701046,0.0447310829918356,0.679563749675409
"GAA",1.21884601903007,0.0528078685957605,3.21787524779481,0.0200592596149176,0.473902882368216
"GABARAP",7.28461925688339,0.0373457638214741,0.0189340807633969,0.0138099519031372,0.0124642949883147
"GABARAPL1",0.756351484474503,0.0573180777671184,4.18045844777721,0.0314014049267893,0.628408205660867
"GABARAPL2",5.12157475849001,0.0776966845880286,0.539951477276987,0.00362294396847444,0.0958192677226694
"GABPA",1.6047229227365,0.252043101271138,5.21072192237348,0.0522595619435285,0.787068293949624
"GABPB1",2.34559835871788,0.166701880286803,3.78290698030161,0.0346379723200646,0.570760841339912
"GABPB1-AS1",1.11863892021776,0.104202837220271,4.31474954795658,0.0361850921031653,0.655933523760062
"GABPB2",1.13872310179103,0.297385661383535,5.72497879339031,0.0590089626566956,0.873019994806544
"GADD45A",0.385615642457246,0.0469943056631175,4.9929276930859,0.0401004275739276,0.757725266164633
"GADD45B",0.433999869877333,0.00724828891377556,2.9221214893304,0.0118950331250046,0.411062061802129
"GADD45GIP1",118.790970267938,0.781276771203932,58.7892431067461,0.064349924126959,0.243832770708907
"GAK",2.71345069295007,0.240316482758772,4.49579481964195,0.0444349812282042,0.659828615943911
"GALC",0.89917700471859,0.203592187894759,5.50591298188516,0.0534514036705614,0.846014022331862
"GALE",1.00960278878547,0.159344914405584,5.11046828409428,0.0474498882486439,0.782394183329005
"GALK1",2.93919969612012,0.222643803131369,4.21808024413791,0.0409324616109147,0.617242274733835
"GALK2",4.78552976202087,0.570353061687156,7.11215941507887,0.0680112976294624,0.826278888600364
"GALM",0.559216955526311,0.067558393643833,4.92798940054869,0.0405289210084053,0.74889639054791
"GALNS",2.31962339343335,0.350535676737906,5.58793275989968,0.0578742700756304,0.807063100493378
"GALNT1",1.77238997667333,0.180068412384105,4.54270263983539,0.0425417258675857,0.686315242794079
"GALNT11",2.22968484340151,0.178858341087701,4.06591047135791,0.0379651430658486,0.612308491300961
"GALNT2",2.32937688387699,0.200640656733656,4.31469830744529,0.0411979578611626,0.644248247208517
"GALNT7",0.397255142339811,0.0398448726894938,4.82956850915413,0.0376812705271404,0.729680602440924
"GALT",2.23194736563287,0.428830792265471,5.99207322734804,0.0635929246215064,0.855881589197611
"GAMT",0.514854592228676,0.0410108574716437,4.46009443944706,0.03339903180317,0.669955855621916
"GANAB",2.51306161624204,0.169977891222893,3.77364028597479,0.0345093963240236,0.565567385094781
"GANC",3.89965607310732,0.576340619623867,6.99291581496937,0.0694839105494895,0.859517008569203
"GAPDH",1.72386028562984,0.00180159023838734,0.327199395106135,0.0195012492463814,0
"GAPVD1",2.46148317563499,0.250792968171355,4.70602166022848,0.0469970373176657,0.694624772786289
"GAR1",2.02917694009414,0.280152318768359,5.20688370318292,0.0527788613774819,0.772266943651
"GARS",2.02441593860799,0.133220506916028,3.76749313314973,0.0320918012890604,0.566606076343807
"GART",2.81837086021648,0.280503992869141,4.87733517788283,0.0490881158626408,0.703972994027525
"GAS6",0.338875687344193,0.00961646180927312,3.65187468880435,0.0211026687470745,0.531030901064659
"GATAD1",2.33775702469836,0.276382084270981,5.03937820384754,0.0508494607467786,0.740327187743443
"GATAD2A",3.96019458345805,0.376040370678194,5.39774997728359,0.0548319669419523,0.718514671513892
"GATAD2B",2.84527623463687,0.286186119473607,4.82058479663114,0.0491154294967592,0.697740846533368
"GATB",9.72190665248547,0.812361582536562,12.0059219486826,0.0767377431323865,0.886003635419372
"GATC",1.77612057406021,0.36279519150235,5.77257324592438,0.0606918301240617,0.852765515450532
"GBA",1.9256674057219,0.193851489740271,4.59810840720092,0.0435702803352426,0.690729680602441
"GBA2",2.05963191886231,0.377228679451614,5.75475800969589,0.0606112969517285,0.838223837964165
"GBE1",0.59653197059957,0.0944503463382685,5.12742625620852,0.0444065601223957,0.784731238639314
"GBF1",2.54073935053643,0.28066861459623,4.94503552586949,0.0501210101663076,0.722409763697741
"GBP1",0.279766611871365,0.0131813217418968,4.40368504885719,0.0306098620922286,0.65463515969878
"GBP2",0.699579235641437,0.0359290067065911,3.79282993913497,0.0251260474867854,0.560893274474163
"GBP3",0.95358806601708,0.161224368253265,5.18140431727714,0.0483021536747745,0.794339132692807
"GBP4",0.27832037390777,0.0290193662954274,5.05275931130406,0.039643053047517,0.764217086471046
"GCA",0.984322382223573,0.0854864597903894,4.36009105831029,0.0352711696180764,0.659309270319398
"GCC1",2.87855422810601,0.612201342051272,6.93789252872545,0.0725659471452023,0.906258114775383
"GCC2",1.83924065774911,0.0848045143644217,2.9454918331874,0.0202895382952682,0.441443780836146
"GCDH",3.14541722013538,0.450004355312165,6.0486731314242,0.0627788749584914,0.817450012983641
"GCFC2",1.43871653892032,0.25882897020136,5.38421108369898,0.0541563877109992,0.815372630485588
"GCHFR",0.343488909186287,0.0273712718896791,4.70716026880195,0.0353553277598217,0.707348740586861
"GCLC",0.517058671963418,0.129003434405756,5.54984529636171,0.0507716849571278,0.855362243573098
"GCLM",1.18744389018519,0.218315972036854,5.31380023416872,0.0520963399814539,0.811996883926253
"GCN1",4.97638922070349,0.520362733985971,6.67458934106429,0.0644481511987263,0.785250584263828
"GCSH",1.00384549639713,0.0362840304798211,2.98944091992101,0.0159114126143142,0.433913269280706
"GDAP2",5.97430236285086,0.636585944677314,8.02725300409218,0.0706684737658748,0.833290054531291
"GDE1",4.42109278115749,0.282291498839054,4.28197825879626,0.0428409385511998,0.584523500389509
"GDI1",4.55575401181132,0.210537603584301,3.07457790232822,0.0301266840331534,0.442222799272916
"GDI2",5.17137915784264,0.0974072922467386,1.15291538031341,0.00379556616973628,0.177356530771228
"GEMIN5",1.91023962731496,0.481848775823089,6.2364134345523,0.0674876957957272,0.897169566346404
"GEMIN6",2.20611165543486,0.277737606142403,5.1394758480061,0.0518068596282686,0.756946247727863
"GEMIN7",7.10990901207765,0.558150288769796,7.47479766320968,0.0646264175394716,0.750973773045962
"GEMIN8",3.15125924754646,0.410172650042808,5.75566527940991,0.0597671289527341,0.788886003635419
"GFER",4.36188968521183,0.307781332907161,4.58922567057146,0.0462525024425329,0.620098675668658
"GFM1",4.23616545636702,0.401641614400979,5.55822501242405,0.0563564235069506,0.722929109322254
"GFM2",27.3421476218339,0.906710565737597,26.41404314947,0.070959345372391,0.85899766294469
"GFOD1",0.167790562418737,0.0296410477202717,5.56799340364198,0.0459649377318723,0.849389768891197
"GFOD2",0.661958542215817,0.1149342769853,5.2010041764691,0.0463074389381802,0.797974552064399
"GFPT1",1.09701241676333,0.094411264707892,4.22612611748013,0.0345468130765166,0.640612827836926
"GGA1",3.65491302371823,0.300135047082693,4.72240803163347,0.0477732995764937,0.658270579070371
"GGA2",2.69025313940352,0.23388269368898,4.48574613986237,0.0439533201208225,0.658270579070371
"GGA3",4.72868563213215,0.556070273012612,6.99485960760605,0.0672231268166057,0.820566086730719
"GGCT",1.82900643438484,0.06855823164653,2.75459678439716,0.0165220140147455,0.406128278369255
"GGCX",3.34614050598755,0.350712243613942,5.30467873205675,0.0542698196868497,0.733575694624773
"GGH",0.353781280756802,0.0950744265871821,5.64671268979114,0.0502284322890376,0.869124902622695
"GGNBP2",5.38570733363153,0.255861576585544,3.45701053634413,0.0350067602400736,0.469228771747598
"GGPS1",2.45937865756825,0.241733458368282,4.65280851124668,0.0460566674758866,0.687094261230849
"GHDC",1.77755231979679,0.345612599665815,5.68143170421615,0.0594243957294885,0.841859257335757
"GHITM",5.30282463266114,0.145861174679625,1.99655587537552,0.0156542130835433,0.290833549727344
"GID4",3.93399868140034,0.595556175966388,7.13659798123752,0.0705082114909408,0.868345884185926
"GID8",8.04690269081863,0.328279840412786,4.02080160195251,0.0395502537322121,0.454946767073487
"GIGYF1",2.76419200849144,0.428218602939629,5.91514649873969,0.0620924808231742,0.822643469228772
"GIGYF2",2.33250292087479,0.210397590955297,4.3484358076366,0.0421749167919108,0.650480394702675
"GIMAP2",0.67513698323579,0.16171805889224,5.52617752166986,0.0519487639091935,0.85146715138925
"GIMAP4",0.258308622420803,0.0151993968241835,4.68016667397572,0.0341495413885334,0.700337574655933
"GIMAP7",0.133229037999727,0.0108607406989332,5.27512988817759,0.0412786762426441,0.798234224876655
"GINM1",2.85951045688748,0.112275699814292,2.46144569134683,0.0179580503860325,0.372890158400415
"GIPC1",1.66554298401448,0.230689483463222,5.05599445167941,0.0498145500003425,0.762918722409764
"GIT1",0.93005246518833,0.192077357635306,5.39351150389255,0.0518875810221753,0.828615943910673
"GIT2",2.7408176927391,0.23122917235654,4.47221315555004,0.0435567362904522,0.654375486886523
"GK",0.332124638118304,0.0281515959299441,4.83921285110917,0.0369654360416897,0.728641911191898
"GK5",1.39051316247224,0.22445377972085,5.20154633174836,0.0511306345199642,0.790703713321215
"GLA",0.831485048615373,0.103473105701326,4.88453451373469,0.0420850777213896,0.744222279927292
"GLB1",2.54865434944716,0.232488188893375,4.52518739383155,0.044419236090368,0.667618800311607
"GLCCI1",0.452958291003057,0.168781887668863,5.80616241984719,0.0553173368136459,0.899766294468969
"GLCE",0.919453670706082,0.148066750706499,5.10622856819166,0.0469352904922396,0.782913528953519
"GLE1",2.81024053197055,0.422409404307644,5.90486751858113,0.0616631861859087,0.819267722669436
"GLG1",1.75920279318737,0.0646101437418971,2.48293371061955,0.0135326157530372,0.367437029343028
"GLIPR1",0.46649808130299,0.031902797171328,4.43258442051802,0.0323381185062366,0.662944689690989
"GLIPR2",0.456241296357834,0.0251968337615208,4.24606084730391,0.0295740321697982,0.631004933783433
"GLMN",1.77205610043289,0.441956406074861,6.09204876540286,0.0656189434314754,0.889379381978707
"GLMP",2.24101442302117,0.124137965469389,3.45653180076207,0.0282670692922496,0.517527914827318
"GLO1",2.38643420035964,0.101569043453908,2.72874367395156,0.019541181753023,0.410542716177616
"GLOD4",5.18843740767735,0.3289370612191,4.52964772345137,0.0459772890997191,0.587639574136588
"GLRX",1.02651598387593,0.0398825189643188,3.17905788756516,0.0183656206925518,0.464035315502467
"GLRX2",2.7707247517235,0.305977711416496,5.1539841512697,0.0522128772388643,0.738249805245391
"GLRX3",3.85532594948563,0.227581604725839,3.92297741302291,0.0377087956161511,0.556219163853545
"GLRX5",3.7964447036722,0.410096655793038,5.76145683592692,0.0584090119813964,0.760581667099455
"GLS",1.40504985092969,0.150856961004303,4.57348658118513,0.041486677000111,0.695663464035316
"GLT8D1",1.18538779086109,0.0840516668477846,3.85494774223913,0.02987292290863,0.581926772266944
"GLTP",8.29495447993907,0.424289150994201,5.57984014133077,0.0510662053609634,0.573097896650221
"GLUD1",1.95920277217046,0.0653048796573521,2.31989164239396,0.0118283318718049,0.342248766554142
"GLUL",0.646858879185643,0.00327739798726093,1.34664117031317,0.00773254346496717,0.155284341729421
"GLYCTK",1.09612928164245,0.342646798167541,5.90540896436104,0.0621996215168819,0.899246948844456
"GLYR1",4.14612692345672,0.309992899899749,4.63735948399483,0.0470552756103949,0.632822643469229
"GM2A",0.316091838631981,0.0244962771375176,4.78580484696725,0.0360755410037143,0.719293689950662
"GMCL1",1.99130857478526,0.210266121843202,4.63716838809389,0.0448708143159039,0.696702155284342
"GMDS",1.51539801771976,0.159361318062705,4.55141896493031,0.0416844123011806,0.691249026226954
"GMEB1",1.49516181045397,0.322426737248813,5.68062039117202,0.0590105768808992,0.853284861075045
"GMFB",5.53885419989159,0.421047361176455,5.72749923795937,0.0555991304584216,0.685276551545053
"GMFG",0.36031781416918,0.0125685350104051,4.03326484331851,0.0259473058414541,0.593092703193976
"GMNN",0.418394875007196,0.0730339831413576,5.29679191502011,0.0451342510726072,0.810179174240457
"GMPPA",3.15461629057078,0.300339538840886,4.92498527740123,0.0498530003176158,0.698260192157881
"GMPPB",1.56131732188652,0.164046074681198,4.60637102660641,0.0423384113375939,0.697740846533368
"GMPR2",6.81984842042936,0.384944202216948,5.0894190645178,0.049175236630173,0.584004154764996
"GMPS",1.66883273126455,0.148684030393987,4.3036611063214,0.0385170744142424,0.651259413139444
"GNA12",3.74970452052988,0.424196883407538,5.84313791054586,0.0595435874300452,0.770449233965204
"GNA13",1.08698126772314,0.117489655364955,4.64017741450477,0.0402666573679769,0.705790703713321
"GNAI2",1.19132454751143,0.027999892178348,2.35696448382844,0.00767008977975426,0.330563490002597
"GNAI3",5.14231193527597,0.248815565106423,3.65192135026923,0.0357415781169323,0.494157361724227
"GNAQ",2.1179847121571,0.144256921190146,3.87150875157934,0.0337307732105712,0.580888081017917
"GNAS",4.15290416349594,0.059132145095185,0.712057208047706,0.00491908618074737,0.108283562710984
"GNB1",3.79666254385359,0.13923729893122,2.58540807062216,0.0207205346151469,0.381719034017138
"GNB1L",1.51937704682746,0.481845188564012,6.23589573488368,0.0683721466652907,0.917943391326928
"GNB2",5.26018086978267,0.0718110860937416,0.567476713234382,0.00434607616582604,0.0950402492858998
"GNB5",0.884976533189915,0.146568020649877,5.11188186701349,0.0469869541539774,0.784731238639314
"GNG12",1.00701892731974,0.0689858549610173,3.91072245098997,0.0292660086807829,0.587639574136588
"GNG2",0.232874195949558,0.0286536032918351,5.23202660406753,0.0418134035629991,0.793819787068294
"GNG5",5.69625618301158,0.0454974709244964,0.215161194276816,0.0112686755181022,0.0371332121526876
"GNL1",4.13979302915728,0.294625242038288,4.4497283897427,0.0451069417693669,0.612568164113217
"GNL2",3.77752683183014,0.365446836641807,5.32971161512585,0.0543202661675138,0.719034017138406
"GNL3",2.23484902794026,0.177422045004098,4.16861794482997,0.0385467469321187,0.623993767852506
"GNL3L",1.33391637218432,0.361417988469457,5.87609563764806,0.0622624488477266,0.885484289794858
"GNPAT",9.3462529552967,0.506476132800789,6.88781394404782,0.0578047988777693,0.627109841599584
"GNPDA1",1.10673269567779,0.114482297114043,4.58151774932683,0.0394562666306579,0.696182809659829
"GNPDA2",0.994113368958375,0.264885314158447,5.67308842682139,0.0575182661977611,0.870423266683978
"GNPNAT1",1.27880104589191,0.196310762539815,5.12642444474533,0.0491806268780962,0.781095819267723
"GNPTAB",1.0795099253736,0.0835298495799514,4.15787422517717,0.032929551580996,0.627109841599584
"GNPTG",3.69390699125197,0.114013478655941,2.05750252443698,0.013979428768435,0.309789665022072
"GNS",1.35815898158186,0.0589577604363704,3.13809942914586,0.0197742986831555,0.463256297065697
"GOLGA1",1.69292105432361,0.324913510849045,5.60464215083885,0.0582247035217821,0.835886782653856
"GOLGA2",1.92198288542826,0.108888359984837,3.34272577067798,0.0263588499915235,0.50454427421449
"GOLGA3",2.62271949066689,0.233688778473099,4.50340758890987,0.0442024876919742,0.662685016878733
"GOLGA4",2.1249885728522,0.0699587136368869,2.33152453057855,0.012370519424696,0.344326149052194
"GOLGA5",3.67727480449161,0.321863984394211,4.91895611171413,0.0500878499650264,0.679563749675409
"GOLGA7",8.13445745169197,0.340894580797966,4.12937725242327,0.0408352330786488,0.461957933004414
"GOLGB1",1.43746329998426,0.0488365134380041,2.58175636291874,0.0127603569543871,0.375746559335238
"GOLIM4",0.808959861823028,0.066439541774999,4.30183073417548,0.033392384064361,0.648662685016879
"GOLPH3",5.85911523145487,0.213671005357363,2.59142259500419,0.0259062313719748,0.36276291872241
"GOLPH3L",1.08713503272285,0.174841964158385,5.12466533919908,0.0483479404789121,0.784471565827058
"GOLT1B",1.7153043701298,0.167332088586925,4.50919871908469,0.0414622230601687,0.680862113736692
"GON4L",3.15487997650521,0.230213217590067,4.09018423689243,0.0403176798989388,0.597507141002337
"GOPC",1.82477958280164,0.114317654353382,3.57470826607728,0.0290795658435125,0.539859776681381
"GORAB",2.45638309341498,0.528482277773867,6.48075889320746,0.0689673712560302,0.891197091664503
"GORASP2",4.41467511374864,0.227331141165754,3.47831076467701,0.0341854041556697,0.492599324850688
"GOSR1",7.85725450279562,0.49301765302435,6.52971322925584,0.0582562566840796,0.656712542196832
"GOSR2",2.75729810268252,0.612199388951887,6.91260914749768,0.0727217463255243,0.910672552583744
"GOT1",3.11150427171458,0.42968809219526,5.94310402720196,0.0614967815234146,0.808880810179174
"GOT2",1.85366005529807,0.163949710753521,4.31752901670013,0.0394242606463692,0.651259413139444
"GPAA1",2.95553664261208,0.107853626050416,2.39010557293439,0.0167121251725538,0.359906517787588
"GPALPP1",2.25982578775173,0.368587863211845,5.64392217180656,0.0592178414633642,0.816930667359127
"GPANK1",4.81038750046807,0.477009114564711,6.27055233340731,0.06155650306586,0.760841339911711
"GPAT4",3.504555620935,0.306299967098046,4.86134253125759,0.0491655139735081,0.678784731238639
"GPATCH1",2.11195019906953,0.544188453504583,6.48241404674236,0.0703078567507916,0.909633861334718
"GPATCH11",2.9535136544796,0.490384915622224,6.34473921329506,0.0659447236726257,0.853804206699559
"GPATCH2",1.71175172287032,0.250555892243916,5.14457632761948,0.0514783558974623,0.774603998961309
"GPATCH2L",3.25714469098427,0.334683185112514,5.12348141920613,0.0527253536083079,0.717995325889379
"GPATCH3",4.64472892951401,0.637286536135571,7.63232791889144,0.0719611688745164,0.868345884185926
"GPATCH4",1.65579389125616,0.233679786696161,5.1619370800586,0.0506919441536332,0.776162035834848
"GPATCH8",2.07871666728458,0.180092049481026,4.22367142141741,0.0395256257336206,0.636717735653077
"GPBP1",3.8628240152089,0.176869680075039,2.77094072787423,0.0259866602812137,0.415736172422747
"GPBP1L1",3.51862601371411,0.232009602202443,3.91668501101658,0.0387164979011882,0.56712542196832
"GPCPD1",1.39788604415447,0.106149652631025,4.04387716786353,0.0332592333207913,0.611010127239678
"GPD2",2.05712934753469,0.290327295262462,5.28440915941838,0.0537215478450938,0.780836146455466
"GPI",1.49814228224076,0.0343376080978684,2.05623915929746,0.00515527928957714,0.287977148792521
"GPKOW",1.5928625389086,0.379628286462653,5.87190749403023,0.062402659254331,0.8732796676188
"GPN1",3.50165013534108,0.453448740787106,6.09547894942716,0.0623532850429475,0.804985717995326
"GPN2",NA,1,NA,NA,0.836925473902882
"GPN3",4.27457255879219,0.382878898497625,5.48320255673012,0.0549063844129226,0.713840560893275
"GPNMB",0.192228694737051,0.0041839018200962,4.25263787081541,0.028050236818408,0.627888860036354
"GPR107",4.65833780612062,0.432640781575265,5.84976573861135,0.0582470401585326,0.731757984938977
"GPR108",2.61952903245196,0.183196615933777,3.92555999721332,0.0365002413608663,0.584263827577253
"GPR137",4.27691697160671,0.372290100984033,5.26823055354394,0.0534813942765384,0.693326408725007
"GPR137B",0.899451295619484,0.0978832956372718,4.66306255226186,0.039409457978515,0.709166450272656
"GPR155",0.461775812259796,0.163517146913663,5.78405819170007,0.0548384285377716,0.895611529472864
"GPR180",2.13561881290655,0.411334211373004,5.93475406308024,0.0627871090283403,0.854323552324072
"GPR89A",0.730591446622246,0.204104735154102,5.63388597540337,0.0549307752909647,0.869903921059465
"GPRIN3",0.374685897131518,0.0470374959619967,5.07578235619929,0.0410359758569043,0.77070890677746
"GPS1",5.10406782006273,0.262523844929001,3.8114255662104,0.0377593113890464,0.513373149831213
"GPS2",4.89459909170713,0.547846945225995,6.89134340535057,0.0663748156861162,0.804985717995326
"GPSM2",0.289216382394952,0.102663788331796,5.81182840857766,0.0524695629368638,0.897169566346404
"GPSM3",0.45425938417134,0.0190436089806022,4.01142146424342,0.0262107478280835,0.591015320695923
"GPX4",2.7667228104722,0.0144737658829659,0.427473688743057,0.0153993643536911,0.0337574655933524
"GPX7",0.352247552345641,0.0343771248413784,4.87244310711234,0.0378226173962831,0.735653077122825
"GRAMD1A",2.20705493521865,0.172257291714901,4.08919441104929,0.0376172568298405,0.6138665281745
"GRB2",1.06370213315631,0.025758597509972,2.40005390966058,0.00793584128262677,0.336795637496754
"GRHPR",8.71197371310319,0.301964334809567,3.58290894643256,0.0348981533408339,0.399896130875097
"GRINA",2.5806451966839,0.0340884865999585,1.06524373129259,0.00549779781726286,0.140223318618541
"GRIPAP1",5.47140970066323,0.459214249472893,6.0871121277395,0.0589511470669697,0.717735653077123
"GRN",1.12031325004595,0.0131896076009677,1.4516991724465,0.00474425900527189,0.181251622955077
"GRPEL1",4.65123527358914,0.334337514969192,4.92373118117788,0.0489440888501067,0.644248247208517
"GRPEL2",0.644687307554226,0.211775901845986,5.74596576728054,0.0564056210325811,0.88911970916645
"GRSF1",4.80626120990069,0.178312678266528,2.59138941095045,0.0236281566770592,0.375486886522981
"GRWD1",2.10380729053974,0.300569608389892,5.32311335024642,0.0543965620885011,0.784211893014801
"GSDMD",3.53163851354769,0.176264049402027,3.18613655077486,0.0291566621909372,0.470527135808881
"GSE1",0.908014705824802,0.096508058846397,4.59393716199143,0.0386325730653214,0.698779537782394
"GSK3A",3.17779566035363,0.467635391044773,6.1866713146835,0.0639809352968264,0.828615943910673
"GSK3B",4.8753709191625,0.328147491895512,4.61112697682808,0.0468223338164838,0.606076343806803
"GSKIP",2.36795541745876,0.360226848682099,5.61530553177068,0.0583899825191452,0.808361464554661
"GSN",0.389337423411432,0.00148402881847162,1.76795548025624,0.0029360519164071,0.221241236042586
"GSPT1",3.54005353405233,0.228342470478681,4.00031149768281,0.0388421641630793,0.57465593352376
"GSPT2",1.36727140327753,0.384327786307491,5.93911217842246,0.0634938153836401,0.891976110101272
"GSS",2.67838764954499,0.21562676185181,4.30438146105246,0.0414932881062286,0.634380680342768
"GSTK1",5.05187839136857,0.0772411223022577,0.634827548568401,0.00294781101847316,0.106985198649701
"GSTM3",0.307065143448316,0.0104401614059438,3.98367496778291,0.0252354085886815,0.585302518826279
"GSTM4",1.79380328761355,0.210668759643927,4.81806029038104,0.0465998364172939,0.725785510257076
"GSTO1",1.26253152467057,0.034021106224183,2.51371781645959,0.010164210566803,0.357569462477279
"GSTP1",2.04679838832893,0.00904191379880071,0.396571533917584,0.0170707629280323,0.020514152168268
"GSTZ1",1.61209915621144,0.184199210556592,4.75231436017706,0.0447663498557161,0.719034017138406
"GTF2A1",2.44452884793914,0.342561001076242,5.46434832295866,0.0565884469074684,0.78810698519865
"GTF2A2",14.9072157707072,0.3353847861872,3.42788783271166,0.0315180676380595,0.257335756946248
"GTF2B",1.96852104557875,0.18947685229878,4.38804768556178,0.0416909143424033,0.662944689690989
"GTF2E2",8.40871445535834,0.504447320200167,6.87188889703796,0.0588480031841165,0.66060763438068
"GTF2F1",4.12999659715838,0.212383450568356,3.36931432819196,0.032701709214325,0.485328486107505
"GTF2F2",5.39022215888943,0.437048178516166,5.93347546513794,0.0574020047003389,0.708647104648143
"GTF2H1",6.72624573571793,0.533389032079693,7.06719856946249,0.0631748736758512,0.73902882368216
"GTF2H2",2.18431245400748,0.496871389577742,6.32154661599586,0.0677728759732807,0.890937418852246
"GTF2H3",2.99348426299185,0.396498025651819,5.71905443699504,0.0592569846369033,0.792002077382498
"GTF2H5",6.28350400961319,0.212322385434919,2.67958533118005,0.025676188829386,0.362243573097897
"GTF2I",2.46310533471144,0.0687145737177151,1.95135077445435,0.00835133257959593,0.287717475980265
"GTF3A",5.48015596518614,0.139862675919287,1.8365384552685,0.013726403225968,0.26850168787328
"GTF3C1",1.40968637490089,0.166723836483374,4.71824703314116,0.0437948220944121,0.718254998701636
"GTF3C2",12.5661371305245,0.724616763225759,11.858991956689,0.0711586327384224,0.778239418332901
"GTF3C3",3.4950297259171,0.489992938869155,6.33821130031805,0.0648343712176165,0.826798234224877
"GTF3C5",5.84823203620304,0.51978221547295,6.77907425918244,0.0632267779320508,0.755128538042067
"GTF3C6",2.70497465215888,0.0894346397261821,2.34262322154774,0.0143191540507994,0.348221241236043
"GTPBP1",5.24993594865262,0.613431043162372,7.59426897289175,0.0700395202794378,0.837964165151909
"GTPBP2",1.62787395928186,0.339773336970771,5.72120955440484,0.0597127871227079,0.852765515450532
"GTPBP3",2.49640789412262,0.404442807012744,5.82190056857251,0.0611832337526527,0.825499870163594
"GTPBP4",1.62732621906767,0.199110468624906,4.85516753415255,0.0464976656638992,0.734354713061542
"GTPBP6",2.7406575379209,0.37246354745406,5.59573768962075,0.0580740418899122,0.790184367696702
"GTPBP8",5.55011146377998,0.658883999682312,8.1429774501908,0.0722921289889646,0.859517008569203
"GUCD1",2.4216078122762,0.230191699369863,4.56104894881491,0.044771880018793,0.675928330303817
"GUF1",1.49728445588705,0.286284678373278,5.50213750286564,0.0561850109935784,0.829654635159699
"GUK1",5.47814301288509,0.0497085320016753,0.253013059191667,0.0103043598585705,0.0441443780836146
"GUSB",2.06013603714605,0.0979497486357145,3.09590591564257,0.022777748981054,0.463515969877954
"GXYLT1",1.17506267940688,0.240301323795004,5.44244733909958,0.0542387438420531,0.831472344845495
"GYG1",3.0984058889522,0.164384195274989,3.40477038260596,0.0302402538633469,0.503245910153207
"GYPC",0.654192317981781,0.0184306564128398,3.1580339839178,0.0159146426609991,0.453129057387691
"GZF1",1.17375011910089,0.317062552520024,5.77393501611058,0.060126496220159,0.878732796676188
"H1F0",0.461401867781615,0.00809322447570562,2.8713407653327,0.0113780142916034,0.403271877434433
"H1FX",0.921115867999662,0.0679071307529163,4.04008065904011,0.0306400163678188,0.608153726304856
"H2AFJ",1.34467631632801,0.0178026896521301,1.42104297452822,0.00431992257761259,0.180472604518307
"H2AFV",2.3160810127584,0.05539070304493,1.59969131208216,0.00324553460719213,0.232407166969618
"H2AFX",0.511146892901015,0.042891325842354,4.47236672982929,0.0337233905582464,0.672812256556738
"H2AFY",2.42651568219127,0.0608976429782404,2.00919764238945,0.00779251443516563,0.290573876915087
"H2AFZ",1.12617436799698,0.0136489593413349,1.24531484547037,0.00697956107385232,0.150350558296546
"H3F3A",4.7030894363774,0.0153910106746023,0.123527288596631,0.0174050078293716,0.00233705531030901
"H3F3B",3.43704761711749,0.00866153766544206,0.209527246930741,0.0184144158207309,0.00129836406128278
"H6PD",1.30617796130849,0.149685162804347,4.61221602147463,0.0419704686545928,0.703972994027525
"HABP4",0.860547449196754,0.342792924423117,5.97205886942438,0.063210799403628,0.918722409763698
"HACD2",1.91745861853323,0.256243161294693,5.08357939031858,0.0509169099703455,0.759802648662685
"HACD3",1.0505145481028,0.0546453567949961,3.46547845550743,0.0231175023051266,0.514671513892495
"HACL1",1.27689936855994,0.251786153106375,5.42789216263805,0.0544911227534018,0.826798234224877
"HADH",1.80437479364028,0.146981799313229,4.14691757580207,0.036822775249169,0.626330823162815
"HADHA",119.294091935177,0.772996369382529,57.3320489654151,0.0652568640868419,0.222539600103869
"HADHB",5.23235722649623,0.205288201267478,2.91926098667146,0.0277000631007867,0.408205660867307
"HAGH",3.25381024170771,0.202725991469069,3.7441184780602,0.0357119953738442,0.549207997922618
"HARS",3.85286882274491,0.321464970078317,4.82490575768417,0.0492782098844363,0.663464035315502
"HARS2",6.2327119768279,0.621901611723117,7.96599539013179,0.0695994910464079,0.818488704232667
"HAT1",1.97161951691074,0.227567665739618,4.82240887626303,0.0473228421361158,0.722669436509997
"HAUS1",4.71482845769294,0.419827353008857,5.70345053334593,0.0569608586535925,0.71643728901584
"HAUS2",1.86633874622938,0.341925808936661,5.67066982027268,0.0589517538360576,0.836146455466113
"HAUS3",1.28892527568802,0.29580926929761,5.63159986531766,0.0579870285144211,0.855102570760841
"HAUS4",4.20126982121522,0.270382794424716,4.15249253350566,0.0417178189160188,0.576992988834069
"HAUS5",2.01860749757067,0.46671027037319,6.18184622761824,0.0664242415468491,0.886003635419372
"HAUS6",1.31052585156694,0.287143343332017,5.601151712535,0.0573091160541424,0.849649441703454
"HAUS8",0.755851171022979,0.357758454382297,6.03946382113498,0.064481067224861,0.932744741625552
"HAX1",22.666784079151,0.51498656186904,8.49698920564087,0.0497338768164011,0.356011425603739
"HBP1",1.92232247819287,0.130633496872582,3.71069907465249,0.0316146978230902,0.561412620098676
"HBS1L",1.96511829746918,0.189767397210947,4.45588271537098,0.0421874382771908,0.671254219683199
"HCCS",3.51145175595318,0.44259139819287,6.05844366501653,0.0616705784660249,0.801090625811477
"HCFC1",2.24354129422883,0.211461273271173,4.48447029395314,0.0433404298243638,0.66969618280966
"HCFC1R1",1.62982425922037,0.0332847320908255,1.68004675274791,0.000973275676376673,0.231368475720592
"HCG18",2.28383760322033,0.294670472295279,5.1487093624943,0.0526967297823629,0.756946247727863
"HCLS1",0.303268699170473,0.0155510679048787,4.49196022854729,0.031833529368864,0.669176837185147
"HCST",0.144479370773884,0.00393808799032937,4.73247615145412,0.034034593826957,0.707089067774604
"HDAC1",2.04128175240704,0.156889186205752,4.00143372172201,0.0360287509465449,0.603739288496494
"HDAC10",4.54352391749075,0.451262903478433,6.03812040330129,0.0600405249180394,0.753051155544015
"HDAC2",2.5001163337325,0.122357446145049,3.09410430743374,0.0247112964698674,0.46455466112698
"HDAC3",11.3133530378704,0.554022540156983,8.12777963068299,0.0603254631844617,0.635419371591794
"HDAC4",1.38624344599826,0.313891514215453,5.68753555775425,0.0589202707247744,0.858478317320177
"HDAC5",2.13807241819375,0.221914151579071,4.62318344583723,0.0452536207910036,0.692028044663724
"HDAC6",2.14746684168906,0.308821376440464,5.34927838951766,0.0548906378033268,0.786029602700597
"HDAC7",1.15626300370934,0.0676873907966396,3.54081646067626,0.0251612139836644,0.530251882627889
"HDAC8",5.30753450152011,0.500426967255684,6.52133225297488,0.0625348063482478,0.759023630225915
"HDDC2",1.49021086641183,0.07853954139872,3.30907420668706,0.0235149046249796,0.49545572578551
"HDDC3",4.04113493555543,0.348248074823388,5.09719277024298,0.0517863174030075,0.685016878732797
"HDGF",3.67427310776469,0.251127923171565,4.22042752466124,0.0416125854822672,0.598286159439107
"HDHD2",3.97247026505015,0.425279143785023,5.84262671893312,0.0591484357915942,0.760581667099455
"HDHD3",0.647452807489433,0.0781280753217559,4.81221005068079,0.0399540649837226,0.732537003375747
"HDLBP",1.9869171814445,0.0344739211814988,1.42854291733912,0.00160609392932435,0.193975590755648
"HEATR1",2.03231761362477,0.368339369626377,5.73258635238491,0.0601403411099933,0.836665801090626
"HEATR5A",1.82573989675027,0.39870150287498,5.92198456585151,0.0629022254421749,0.867826538561413
"HEATR5B",1.40376385952905,0.26726548444631,5.43704637471759,0.0550413515806199,0.824201506102311
"HEBP1",3.87150247829705,0.10422990456429,1.78595570487167,0.0104593590421505,0.269540379122306
"HEBP2",1.91054059506626,0.176560366287878,4.41486695405653,0.0410039870132749,0.664762399376785
"HECA",3.93931815402924,0.520842354810854,6.57193378837592,0.0660393452982326,0.824980524539081
"HECTD1",3.37178645895482,0.165688501784648,2.97677573130454,0.0269650386166355,0.446896909893534
"HECTD4",1.25197792232734,0.19829049694789,5.12856139739659,0.0494022652292796,0.782913528953519
"HELB",0.57408067364608,0.244355789541465,5.89735515547118,0.059247172012521,0.915346663204363
"HELLS",0.13633316646513,0.0470267471300188,5.91201995611773,0.0510137896708538,0.908335497273435
"HELQ",2.00642877842957,0.379992483602623,5.7788956970875,0.0609803789565127,0.843417294209296
"HELZ",3.81358959242544,0.273552385045444,4.31904053910918,0.0435633150956971,0.607634380680343
"HELZ2",0.712582408027279,0.221439957259711,5.71538168825072,0.0564633937911662,0.883406907296806
"HERC1",2.57440201085999,0.197550549199885,4.02957286085044,0.0385193530761853,0.601921578810699
"HERC2",1.66281876400349,0.0932667697657957,3.36003333194246,0.0253091353958675,0.505842638275772
"HERC3",2.13918258297948,0.342451890415269,5.55107993705798,0.0577324547400416,0.810958192677227
"HERC4",3.92610849776843,0.360990157861287,5.2110884192597,0.0532784598828129,0.70137626590496
"HERPUD1",0.847737549948793,0.0158786050723409,1.93269575876012,0.00131569397762198,0.259153466632044
"HERPUD2",4.29756212633906,0.364660847393552,5.17869952950087,0.0526281239113181,0.683718514671514
"HEXA",1.32840316207945,0.105313340063724,4.13628761081832,0.0341636912079004,0.625292131913789
"HEXB",1.59096739857687,0.0550766522870865,2.6849037783668,0.0144292299753128,0.392105946507401
"HEXIM1",1.25172466029963,0.147206301518297,4.69063829652678,0.0425526189613947,0.715398597766814
"HEXIM2",1.43452328887285,0.349990492443627,5.80212672346669,0.0611138298093088,0.871721630745261
"HGS",9.33368994399341,0.436957319482149,5.71619813690654,0.0508820349790567,0.548688652298104
"HGSNAT",2.23072196884157,0.185272252991661,4.20537313659574,0.0394615733538365,0.630745260971176
"HIBADH",2.3657767841509,0.156153852525424,3.72345112783062,0.0331887622071887,0.559335237600623
"HIBCH",1.69869793681796,0.223571133204872,4.94370426120325,0.0485483547550805,0.747078680862114
"HIF1A",0.856938016263728,0.0314591309451367,3.18202710228409,0.017593833808452,0.462217605816671
"HIF1AN",5.25310938898664,0.516855255955775,6.66202836876751,0.0637869497315665,0.772007270838743
"HIGD1A",0.646862492785325,0.0964270645953986,5.05661988691477,0.0437212793638157,0.773305634900026
"HIGD2A",8.6755353794686,0.125912276409236,0.776209042639698,0.00337096137049314,0.120488184887042
"HILPDA",0.250371871098733,0.0217703435450841,4.90909621792001,0.0374615605481821,0.73980784211893
"HINFP",3.93868028892361,0.601361783101749,7.16650756130273,0.0707989877941242,0.870163593871722
"HINT1",4.98214425169286,0.0354427412777759,0.213184261805792,0.0130519199727056,0.0293430277849909
"HINT2",2.45377599593781,0.105193810524005,2.74101724922449,0.0199724008571311,0.412620098675669
"HINT3",3.17638820649477,0.374978847515755,5.52474151617389,0.056937561053317,0.76395741365879
"HIP1",0.650810522090672,0.0733818513357667,4.73680775177705,0.0388054053748855,0.719813035575175
"HIP1R",0.35773755040392,0.0705797092951186,5.42208287921094,0.046448008020149,0.830433653596468
"HIPK1",2.31660867013645,0.278087137057522,5.03847226177241,0.0510065655453727,0.74136587899247
"HIPK2",0.890448362988137,0.0563005742312397,3.89479722167545,0.0280351364416373,0.5821864450792
"HIPK3",1.72995223402352,0.14500285939773,4.14282594589106,0.0367998331060156,0.627629187224098
"HIRIP3",1.03952559346908,0.190802553959229,5.27844292674853,0.0506375867387086,0.809140482991431
"HIST1H1C",0.418912471350368,0.0433937134845417,4.80473573121428,0.0376509494083656,0.726564528693846
"HIST1H2AC",0.388163297981969,0.0248504133852371,4.38758071885726,0.0313325660788762,0.654894832511036
"HIST1H4C",0.603375789529088,0.0081888711948987,1.90367848641861,0.000202098708427145,0.248766554141781
"HIVEP2",0.458994098511125,0.138009712293572,5.67774733931246,0.0525961395662982,0.877174759802649
"HKR1",1.23833572840226,0.174577148063206,4.95442562445384,0.0466098871473457,0.756686574915606
"HLA-A",1.63019196776993,0.00433893023943654,0.383958031002874,0.0183855050704649,0.0109062581147754
"HLA-B",1.12920249026631,0.00204908180673384,0.51947547680925,0.0175948773783977,0.0257076084133991
"HLA-C",2.12125743147903,0.00530949482991105,0.331411324989369,0.018497380296063,0.00727083874318359
"HLA-DMA",0.223875720809502,0.00520168394540606,4.17734564140506,0.0271663794560619,0.615424565048039
"HLA-DMB",0.199964390488401,0.013671126818279,5.00073417831224,0.037997359485288,0.752791482731758
"HLA-DPA1",0.190056235845833,0.00121963431553588,3.5943109935462,0.0196127446514378,0.519085951700857
"HLA-DPB1",0.192100155995612,0.00144593155346523,3.60313601508888,0.0197473737817276,0.520643988574396
"HLA-DQA1",0.119253080447948,0.00166694250562359,4.58308915964599,0.0320422248235366,0.682420150610231
"HLA-DQB1",0.15785646374004,0.00221673172671099,4.26974863593372,0.0281292298846001,0.63048558815892
"HLA-DRA",0.131278382287475,0.000416706501388561,3.76796735839069,0.0217756703957614,0.548169306673591
"HLA-DRB1",0.180947834958868,0.00111133445056021,3.76901908077948,0.021771291891528,0.547649961049078
"HLA-DRB5",0.157227054166379,0.00115157023475415,3.98360913281033,0.0244777180011874,0.583225136328226
"HLA-E",0.927422214846139,0.00596597347880529,1.06205067686319,0.0105537327790707,0.113736691768372
"HLA-F",0.886882135123541,0.0408785737921022,3.52516290884943,0.0224270729716173,0.519085951700857
"HLTF",1.36866547901681,0.150255026576,4.59678455881011,0.0417214432327607,0.69981822903142
"HM13",2.97030250961439,0.0782080125602001,1.90637806206659,0.00879142850962837,0.281485328486108
"HMBOX1",1.48244119658957,0.240163972052174,5.23720175602263,0.0520485320369203,0.793560114256037
"HMBS",1.93457896817934,0.279853279033718,5.31867802036245,0.0536160145408141,0.788626330823163
"HMCES",2.16709290705781,0.344676388719017,5.53137298697458,0.0576939987578988,0.807842118930148
"HMG20A",2.34058684443753,0.324691071998708,5.36273388775563,0.0553748845812977,0.78057647364321
"HMG20B",1.89056195798561,0.0674602628153588,2.5669065260225,0.0145285511903088,0.37860296027006
"HMGA1",0.533361755769622,0.030250946450617,4.15219367273905,0.0288569332193417,0.616982601921579
"HMGB1",2.51632670111183,0.0160811609364726,0.323086824571183,0.0162400921175479,0.0197351337314983
"HMGB2",0.40503882546233,0.0113742876507114,3.28532126894385,0.0168517741766931,0.472604518306933
"HMGB3",0.230975578274082,0.0129646828483586,4.66168391973746,0.0337950110983978,0.697221500908855
"HMGCL",3.2296026337415,0.355719049559234,5.32457249108741,0.0549109860819506,0.740846533367956
"HMGCR",1.17898084055108,0.291861454321051,5.68778538342797,0.0584117831390191,0.866268501687873
"HMGCS1",1.13118887949296,0.218046730581563,5.37298452368275,0.0526454028797913,0.821604777979746
"HMGN1",1.77849569799425,0.0163472216995445,0.907985443224038,0.0102171841152582,0.102311088029083
"HMGN2",1.87241915255733,0.0124552390223109,0.527075568716036,0.015047382621173,0.0425863412100753
"HMGN3",3.59538971188611,0.0643426007424795,0.954471294556015,0.00185967352934712,0.144897429239159
"HMGXB3",2.81612931986802,0.25765301462751,4.63189071439531,0.0462168953734697,0.674110620618021
"HMGXB4",3.83210571785709,0.298809689546358,4.6631566230935,0.0470285668191665,0.6455466112698
"HMOX1",0.107480754581232,0.00577534794317819,5.18612307034334,0.0398769259042589,0.782913528953519
"HMOX2",4.91496866087716,0.261169739904305,3.77053917612177,0.0377763927170875,0.514671513892495
"HNRNPA0",4.08666601666686,0.074236554665859,0.923364103078166,0.000782543273521754,0.144897429239159
"HNRNPA1",4.13959915520194,0.0220078695644204,0.239843699377167,0.0153686649771117,0.0202544793560114
"HNRNPA2B1",3.68556596459567,0.0297515010527134,0.277970112869991,0.01374673538918,0.0303817190340171
"HNRNPA3",3.08861561696636,0.0566681380441847,1.05524150676925,0.00199804890735801,0.155024668917164
"HNRNPAB",2.65566987800771,0.128703925861662,3.12076552842729,0.0253310712896207,0.466891716437289
"HNRNPC",7.91753330892044,0.116656644589858,0.550128088663543,0.00113281068715895,0.100233705531031
"HNRNPD",4.16533999864994,0.182152498361907,2.97883679678383,0.0273650391586931,0.433393923656193
"HNRNPDL",5.70833137675109,0.0709726482346464,0.314617251895387,0.00647052054026543,0.063879511815113
"HNRNPF",4.09221137782998,0.0742634919985223,0.986910963040597,0.000263968533775612,0.152687613606855
"HNRNPH1",3.92871506431563,0.133175922390999,2.15215169161599,0.0167660991357214,0.326149052194235
"HNRNPH2",5.28258414277299,0.420644666087464,5.62249040490525,0.0557220997813981,0.686315242794079
"HNRNPH3",3.24941924356869,0.124666779403008,2.39792743267104,0.0184240132553367,0.363801609971436
"HNRNPK",7.61511853644525,0.0883122615972845,0.16686670152036,0.00514255225315052,0.0514152168267982
"HNRNPL",5.04458620755325,0.268732513694513,3.752321444767,0.0381047375650291,0.510257076084134
"HNRNPLL",2.5137386884248,0.194377736097583,4.09126260933954,0.0387933820412764,0.610231108802908
"HNRNPM",3.89428817107615,0.133505613678229,2.15459405964927,0.0168659309689176,0.327187743443262
"HNRNPR",4.76540077495092,0.157624222596069,2.12760483594388,0.0184827612234619,0.318618540638795
"HNRNPU",3.37141463433788,0.0730667221942478,1.35877509728006,0.00304699692482912,0.203843157621397
"HNRNPUL1",6.82788814611393,0.210172510928147,2.35166127058373,0.0231154972335183,0.318618540638795
"HNRNPUL2",3.91639057333268,0.430477791861213,5.90359196151322,0.059734096253308,0.768631524279408
"HOMER1",0.632012013354916,0.341452562953354,6.05439830162931,0.0642363899825902,0.939755907556479
"HOMEZ",2.39735522656583,0.486926681735659,6.27577772181731,0.0667591096209159,0.875616722929109
"HOOK2",0.621825693180599,0.0371265358912775,4.03528352735398,0.0280878759746022,0.600363541937159
"HOOK3",3.05946101472354,0.172697498329203,3.4027661559929,0.0311089801275984,0.506881329524799
"HOTAIRM1",0.546573069919599,0.117168137705391,5.4231010683934,0.0488274039535615,0.83406907296806
"HP1BP3",2.71798657401223,0.0658118357984717,1.48225718729642,0.00347966585531775,0.220721890418073
"HPCAL1",1.19797994172662,0.0802958589387885,3.88716344987899,0.0297617185609954,0.584263827577253
"HPRT1",1.54062778080712,0.0980014189188474,3.74966105985133,0.0295331366336043,0.563749675408985
"HPS1",6.58152420639631,0.313531343041642,4.17174127296765,0.0410439016875738,0.509218384835108
"HPS3",2.08825370743842,0.262672198922876,5.06242128974505,0.0507493331655235,0.751233445858219
"HPS4",3.54156503862642,0.359606333255357,5.23741144720695,0.0541106959985931,0.719553362762919
"HPS5",0.920129867789312,0.165559744195658,5.27786455947833,0.0494356120975828,0.809140482991431
"HRAS",1.29242529290126,0.249386270966436,5.43943453517191,0.054379935019745,0.827057907037133
"HS1BP3",3.74384428831133,0.501212562474029,6.43532401870458,0.0651407957880053,0.823162814853285
"HS2ST1",2.13320713399562,0.338047684107394,5.53471771092919,0.0574360692102723,0.809140482991431
"HSBP1",4.13152839590207,0.0591419175102393,0.836468514468232,0.00386573362038424,0.123863931446378
"HSBP1L1",1.20509798163255,0.100786655927732,4.23701032331677,0.0349545582541021,0.641132173461439
"HSCB",3.38144044385863,0.296117159547579,4.72282967687155,0.0480917557698019,0.668138145936121
"HSD17B10",2.51003061095362,0.109545846683939,2.88002890211461,0.0215339912815942,0.431316541158141
"HSD17B11",0.893580760868523,0.0577522363696293,3.92586920644319,0.0285006349152938,0.587379901324331
"HSD17B12",3.61457875987871,0.211873027768608,3.69430417055287,0.0355061104783896,0.535185666060763
"HSD17B4",2.65659498506437,0.188917465106229,3.93932726593387,0.0370079720735233,0.586341210075305
"HSD17B7",1.05460076108028,0.150004867709633,4.94188291838739,0.0453356903501096,0.75642690210335
"HSD17B8",0.883723866298433,0.134165935333381,5.03933028672881,0.0455345037838702,0.772007270838743
"HSDL1",1.55065805926896,0.300076302193812,5.53336224705227,0.0569452127720712,0.832251363282264
"HSDL2",1.92162738470619,0.175247087195837,4.35916054364842,0.0404742875445165,0.657231887821345
"HSF1",7.27358545157986,0.27608430443783,3.2907855653045,0.0333083982646577,0.407426642430538
"HSP90AA1",2.71491734116423,0.0196350757666805,0.390334555543442,0.014801157956787,0.0334977927810958
"HSP90AB1",2.79377352806256,0.0153960226311609,0.349352855280507,0.0160023485610636,0.0238898987276032
"HSP90B1",1.89159580153505,0.0174510794818483,0.780302331844553,0.0113603821789685,0.0849130096078941
"HSPA13",1.21223090249151,0.268347613303294,5.55744967039966,0.0563591633578104,0.847052713580888
"HSPA1A",0.40753188213688,0.0130132017567745,3.48460283496338,0.0194211152700459,0.505323292651259
"HSPA1B",0.392570848112686,0.0262229081219519,4.35888958832881,0.0311330516383937,0.650999740327188
"HSPA4",3.2548612129516,0.185507677037035,3.60334311301919,0.0332656016824156,0.528434172942093
"HSPA5",1.01762166911908,0.0187128775149693,1.95487650525934,0.0019237272942071,0.263827577252662
"HSPA8",2.66613815946834,0.0188432526646041,0.533024754864368,0.013528986833008,0.0524539080758245
"HSPA9",3.55549744554545,0.156572513380441,2.90260637006196,0.0251957034154857,0.430537522721371
"HSPB1",1.43367626369979,0.010798060240615,0.860787002300599,0.0118318878888568,0.089067774603999
"HSPB11",3.20451598591561,0.164395649323374,3.22418561309679,0.0288067039207895,0.479356011425604
"HSPBAP1",2.51460881004601,0.564452725212514,6.64724936458046,0.0707252446830535,0.902363022591535
"HSPBP1",4.44517799640148,0.418655663984094,5.71725020391281,0.0574508820359774,0.728901584004155
"HSPD1",1.92191796812186,0.0338308491174531,1.42798226875911,0.00168867674978625,0.193715917943391
"HSPE1",2.06979138473694,0.0332663657249493,1.33467165654149,0.0027960244680067,0.179174240457024
"HSPH1",1.19056378999087,0.0875885632397013,3.98475219056824,0.0314294040461698,0.601402233186185
"HTATIP2",2.77874329230194,0.19412877423705,4.03290274540205,0.0377983112218369,0.594650740067515
"HTATSF1",4.31034792139784,0.299165365649321,4.49898457924466,0.0453260701957775,0.612048818488704
"HTRA1",0.140987771423528,0.00504366753263944,4.78443344152884,0.0347873662180508,0.716177616203583
"HTRA2",3.00580568643466,0.289411993295376,4.84202944266521,0.0490650081062902,0.694105427161776
"HTT",2.68293075729016,0.246301263311495,4.64237192277831,0.0457816551163923,0.678265385614126
"HUS1",5.29012055717306,0.555532647596328,7.14074451093208,0.0665748779882515,0.806024409244352
"HUWE1",2.62702490776166,0.141296387307497,3.21573822728761,0.0274403268502796,0.484549467670735
"HYI",1.0870511615768,0.0615848849610079,3.52680834086513,0.0244703478384063,0.526616463256297
"HYOU1",1.1107068277764,0.100398047088334,4.35585307965366,0.0362367730340441,0.660347961568424
"HYPK",2.18084249315119,0.51271876255744,6.38331988338738,0.0686188942559835,0.896909893534147
"IAH1",7.7677883480485,0.267227292019245,3.19749454217725,0.0314649889706827,0.386393144637756
"IARS",2.60019178267272,0.224097495943221,4.38458914623574,0.0428224790789032,0.648143339392366
"IARS2",2.28271114173869,0.132891761838982,3.45120117778639,0.0290365811247083,0.519345624513114
"IBTK",3.8082972098783,0.263318892608167,4.27574117385196,0.0425720998038151,0.601661905998442
"ICA1",0.517740226169209,0.0429220809162532,4.52522901837486,0.0342813151078373,0.680602440924435
"ICAM1",0.217071031417888,0.0135417412576707,4.83587505239009,0.0359670547104458,0.725785510257076
"ICAM2",0.126196737646024,0.0113324780239432,5.34009907281273,0.0421230563344318,0.809140482991431
"ICAM3",0.484636015722711,0.0613108295826529,4.9432810183981,0.0404177529567685,0.751752791482732
"ICE1",3.28913454618774,0.318644089823694,4.98718831377613,0.0510322150347165,0.70137626590496
"ICE2",1.76516270671444,0.196268267358975,4.63752198059885,0.0444379798962919,0.702155284341729
"ICK",0.973865639040308,0.184348214572979,5.29867085079022,0.0505922700023668,0.813295247987536
"ICMT",3.22801092320323,0.284263518224477,4.67251374858219,0.0473624249571473,0.667099454687094
"ID2",0.442582487206086,0.0261494621133647,4.2334584888276,0.0295662954700176,0.629966242534407
"ID3",0.204226873965586,0.00295726162639555,3.79967413085543,0.0223315893891299,0.553362762918722
"IDE",2.97028530249879,0.462553096918277,6.14532476193222,0.0640481315218004,0.83484809140483
"IDH1",1.06623709560963,0.0807402656612765,4.12098946675108,0.0323435149226752,0.621137366917684
"IDH2",1.3249947466707,0.051613871035134,3.00735683886884,0.0175965884706466,0.440664762399377
"IDH3A",1.83488814955009,0.23412489783021,4.99530611472981,0.0491956362766218,0.749415736172423
"IDH3B",7.44917529710888,0.396839469547361,5.16126810861093,0.0492554932997222,0.568683458841859
"IDH3G",8.64966447255015,0.351283666438862,4.50133381493267,0.0421690920528629,0.478576992988834
"IDI1",1.71707350861683,0.175563296863026,4.51025641069327,0.0421067206752182,0.683199169047001
"IDS",2.78097439089691,0.131366685991062,2.89696957587708,0.0236929557847125,0.437548688652298
"IER2",0.604381189969206,0.00663686056413589,2.06539057226289,0.00143180445683363,0.272656452869385
"IER3",0.283287605551677,0.00377981233427197,3.37002019586886,0.0170370830257445,0.482731757984939
"IER3IP1",3.87117636370888,0.268383537063386,4.28084185411335,0.0428591094893192,0.600882887561672
"IER5",0.435153458870443,0.0909580901675394,5.42805321271205,0.047580940568803,0.833290054531291
"IFFO1",1.04108246399066,0.166943308530697,5.12940920109748,0.0480047975664926,0.785250584263828
"IFI16",0.760928884805374,0.024640799265107,3.13479424113283,0.0163223252101945,0.452090366138665
"IFI27",0.184024182916982,0.0017477463290599,3.81301576081516,0.0223872932257063,0.555180472604518
"IFI27L1",2.78131465407182,0.336991775094845,5.31938758249357,0.0548170003055745,0.757984938976889
"IFI27L2",1.71259822917524,0.0522375657053039,2.44184980769003,0.0114828952904933,0.353934043105687
"IFI35",1.39101168389204,0.0770588178582896,3.49606166321785,0.025298728868735,0.522981043884705
"IFI44",0.545663969063997,0.0827895381711028,5.12284258618099,0.0436807376700724,0.782653856141262
"IFI6",0.545737981650105,0.010663446998146,2.70935582148112,0.00974185368137354,0.37860296027006
"IFITM1",0.386369441105337,0.00233296843981753,2.18386002125936,0.00226853597901819,0.289015840041548
"IFITM2",0.751254568163335,0.00479106988218759,1.16274596020701,0.00961537083827901,0.128018696442482
"IFITM3",0.842443260240793,0.0021917235851477,0.713006753840529,0.0154302411223746,0.0545312905738769
"IFNAR1",4.45647771959042,0.217737174135242,3.36966419439173,0.032634839335878,0.477797974552064
"IFNAR2",1.92740455171041,0.172792671462279,4.39852929866306,0.0405448177447608,0.661126980005193
"IFNGR1",0.960252018769065,0.0376043859419512,3.05435438508924,0.0168540963116783,0.445338873019995
"IFNGR2",1.4706052609766,0.0328545714120611,2.12683976890572,0.00568709298025011,0.297325370033757
"IFRD1",1.129963911623,0.104596604784244,4.32599705288283,0.0362909264817325,0.657231887821345
"IFRD2",2.58414098322013,0.204765411928592,4.26857804242911,0.0406276577082701,0.631004933783433
"IFT20",2.49431309115762,0.1680264636755,3.79589382628829,0.0345281934929857,0.568164113217346
"IFT22",1.16852020249193,0.101119836449646,4.27864531259069,0.0354534923425559,0.648143339392366
"IFT27",2.74094124655034,0.244090460162667,4.46515395914909,0.0444748635594934,0.656193196572319
"IFT43",1.58359993003755,0.111341611017265,3.75373240463973,0.0308188571991287,0.568943131654116
"IFT52",3.77546812298635,0.300855419845007,4.66822840275239,0.0473154968614433,0.648403012204622
"IFT57",2.10087914975954,0.179084469376587,4.23248284403212,0.0394506634603637,0.636717735653077
"IFT74",1.61796746633086,0.340344023412058,5.70870033763518,0.0597104058065127,0.851986497013763
"IGBP1",4.50371798807481,0.153467343041204,2.3393585592606,0.0197025654916166,0.34536484030122
"IGF2R",1.43254769274464,0.112954474925377,4.0646771914867,0.0339946095548568,0.615424565048039
"IGFBP4",0.345189790880157,0.00133374108442931,2.24756856964107,0.00290343123211019,0.29862373409504
"IGFBP7",0.183517607948845,0.0009699708754126,3.62167677031337,0.0199301703479346,0.523500389509218
"IGHMBP2",1.61060102942828,0.436528423893033,6.08812221467419,0.0657573119364061,0.897169566346404
"IGSF8",0.414660535017937,0.0214080848771767,4.09354339264405,0.0275200045508789,0.60633601661906
"IK",5.29369398383848,0.2430302490829,3.2109008618099,0.0327741470058732,0.444819527395482
"IKBIP",0.994159864754749,0.081505830237136,4.25761716350184,0.0339032233489579,0.642949883147234
"IKBKB",1.34508997592703,0.132027118214843,4.39951092360365,0.0387229088761891,0.669436509997403
"IKBKG",8.80094016819849,0.623821358027326,8.73463782584466,0.0675344904099294,0.759542975850429
"IKZF5",1.70126891779673,0.361485774284752,5.76555077556467,0.0607936724976759,0.855621916385354
"IL10RB",2.8109050980791,0.245496104862198,4.55732195662315,0.044938515891491,0.663983380940016
"IL13RA1",1.61151465221962,0.0999545218765765,3.65137833402772,0.0287110928746694,0.549467670734874
"IL15",0.577596083987846,0.202405936027662,5.79687076328437,0.0565190920160691,0.89742923915866
"IL17RA",0.713746569300897,0.0758853452588996,4.74086232538614,0.0388688369776629,0.719034017138406
"IL1RAP",0.227181599829318,0.0798553370440458,5.83617940682208,0.0516870033721792,0.899246948844456
"IL27RA",0.429308381847084,0.101624503075295,5.54349975214477,0.0493731103278832,0.852505842638276
"IL32",0.117379575061133,0.00146524462253299,4.43391955536389,0.030180950448776,0.658010906258115
"IL4R",1.11057102977473,0.138478329631943,4.80793038766399,0.0432444291243167,0.733575694624773
"IL6R",0.369619650464941,0.0827879778151694,5.53042613263919,0.0482880661143498,0.848870423266684
"IL6ST",0.700235353754986,0.00934085561069452,1.91381152395702,5.91711566453896e-05,0.250843936639834
"ILF2",3.23485852611117,0.11100019591973,2.33373690381413,0.0162852572021602,0.349519605297325
"ILF3",4.37991000880713,0.149922284928965,2.27284158789513,0.0190145082824628,0.338873019994807
"ILK",3.00193633121893,0.102876468189989,2.22241660014408,0.0146792655506569,0.335497273435471
"ILKAP",10.3556705953736,0.523056282884158,7.27886606895975,0.058288119457656,0.616722929109322
"ILVBL",2.45680739600052,0.238022868306664,4.62584115899074,0.0456396783784192,0.683458841859257
"IMMP1L",1.86517824652503,0.228340805548945,4.86704741761607,0.047935286869995,0.73227733056349
"IMMP2L",1.81770358951181,0.213406103384582,4.78142479952435,0.0464877820696379,0.721111399636458
"IMMT",5.8105880893876,0.34688676502008,4.81936891582438,0.0472700073985183,0.594131394443002
"IMP3",4.42462744893742,0.165355665428669,2.51287685336737,0.0222636224822821,0.370553103090106
"IMP4",5.60405485054453,0.295128624306359,4.1628503589411,0.0411512261789421,0.536484030122046
"IMPA1",21.045232085613,0.850397515954424,19.7548577100438,0.0727496094280575,0.817450012983641
"IMPACT",2.21995669683831,0.222473013980498,4.68130467109339,0.0454486634916072,0.695663464035316
"IMPAD1",2.37204757320568,0.249205197318994,4.79884283424069,0.047638612181159,0.70812775902363
"IMPDH1",2.01995087336178,0.130067422733295,3.76371518223062,0.0317685742781829,0.565048039470267
"IMPDH2",1.89955619032564,0.0433171437482703,1.85294481777261,0.00414053468526706,0.262009867566866
"INAFM1",0.590899040173377,0.0483312604469225,4.405473421417,0.0333085071002593,0.662685016878733
"INF2",1.73404494881366,0.14453256160391,4.20468429181523,0.0372310806843509,0.635159698779538
"ING1",0.811196607069715,0.196705120358276,5.53661057274008,0.0535670311548507,0.852765515450532
"ING2",2.15820369489678,0.33476011436046,5.51122827497433,0.057086304545297,0.805245390807582
"ING3",1.58441297015447,0.343476802311907,5.72250018301874,0.0600218281823045,0.855362243573098
"ING4",2.00533219213298,0.223294055494124,4.71552527690572,0.0462700410335428,0.70812775902363
"ING5",1.45672884483013,0.259370798810369,5.35428294983346,0.0539598095969121,0.811217865489483
"INIP",6.67933087572408,0.553851693151817,7.24243679413938,0.0646271958338874,0.752272137107245
"INO80",1.91303875702843,0.316867431648134,5.47773041428814,0.0565872150332872,0.811217865489483
"INO80C",2.00260576465661,0.331593641441474,5.5596658842388,0.0575404257280704,0.817190340171384
"INO80D",1.25274100120999,0.237266139162048,5.36862870093287,0.0533682926987754,0.818748377044923
"INO80E",4.51709777123009,0.232399403955493,3.40509231763906,0.0340720366358338,0.483251103609452
"INPP1",0.635665609141829,0.075442069798191,4.81043728516257,0.0397528498987103,0.731757984938977
"INPP4A",0.81096533136392,0.179129367431289,5.44808004376154,0.0519102006901988,0.838483510776422
"INPP5F",1.23667264149845,0.248575591611109,5.44281885857403,0.0545210883770482,0.829914307971955
"INPP5K",2.85306052542866,0.333029632626787,5.22789001614076,0.0540083025959389,0.745260971176318
"INPPL1",1.919357827721,0.221874135496092,4.84112838516995,0.0471871771916845,0.725785510257076
"INSIG1",0.543840115166529,0.0366388110542636,4.22721985335246,0.0303350492580556,0.631524279407946
"INSIG2",1.07162545480807,0.119191394523564,4.63954848876399,0.040441606308674,0.706829394962347
"INTS1",4.1190231905518,0.404929351851804,5.57721495070184,0.0568462980376392,0.729680602440924
"INTS10",5.23736495829683,0.312886895912194,4.42121175032151,0.0442555814481739,0.574396260711504
"INTS12",4.2090130353042,0.460478376328308,6.06357363648962,0.0612391883241972,0.769929888340691
"INTS3",2.33509477319018,0.223647819020861,4.51498019342124,0.0442199699892881,0.672552583744482
"INTS4",2.98142632420039,0.528933424694293,6.52883764791943,0.0680808782313271,0.868345884185926
"INTS5",3.6247643067588,0.642465916516997,7.33805275948164,0.0732270274998216,0.89742923915866
"INTS6",1.69241644281465,0.19063962988078,4.70321103594558,0.0446715741883934,0.711503505582965
"INTS7",1.45170862361817,0.444898562393703,6.12889020397728,0.0666466499453762,0.909893534146975
"INTS8",2.43461287473353,0.363063283652146,5.57653026893429,0.0582177023365876,0.801609971435991
"IP6K1",4.12097080193627,0.453675936416417,6.03041599483434,0.0609520360334023,0.770968579589717
"IP6K2",1.36090659920776,0.0731810983778523,3.33030311358167,0.0233448830311356,0.498571799532589
"IPMK",1.16708801956751,0.331771390604834,5.83689190530698,0.0611616597350739,0.887301999480654
"IPO11",0.368259608711989,0.0825813892266771,5.50349315396654,0.0480133368901079,0.844975331082836
"IPO13",12.1871406213142,0.807603418589294,13.3686222303487,0.0752440349665642,0.856400934822124
"IPO5",2.6557841916005,0.195545232433067,4.073408667589,0.0384535733166749,0.603739288496494
"IPO7",3.00943179864701,0.184968282905454,3.78172440897624,0.034871741948235,0.555959491041288
"IPO8",5.73819563127183,0.558758821553341,7.17640069642002,0.0661193082093968,0.78810698519865
"IPO9",3.61776328071572,0.384953655667482,5.52115180298563,0.0565288544960088,0.745001298364061
"IQCB1",4.34145872271473,0.522395729636512,6.63579126084558,0.0655442869685692,0.811217865489483
"IQCE",0.966583545131278,0.20656298746072,5.44059201040976,0.0529503125615528,0.835367437029343
"IQCG",0.843325658142503,0.180057234573473,5.42148658556813,0.051660270896363,0.833809400155804
"IQGAP1",3.0444559679159,0.0766557030762907,1.72098759064059,0.00691355452728467,0.255777720072708
"IQGAP2",0.770348780526956,0.0708245550328106,4.54088322227639,0.0362899904227286,0.686315242794079
"IQSEC1",1.82243223949742,0.222576267782033,4.9133872926096,0.0479521509968185,0.738249805245391
"IRAK1",1.17255842111133,0.154904333943926,4.95097815186738,0.0454042882742724,0.754089846793041
"IRAK4",3.44581524645286,0.349102709113839,5.19450094227869,0.0535006900203227,0.718514671513892
"IREB2",6.10326128096675,0.456372488275322,5.99705243370045,0.0574980970601386,0.68475720592054
"IRF1",0.398964702877917,0.0229562433604673,4.28454679234528,0.0299259322167538,0.637496754089847
"IRF2",3.08284875662756,0.19430011160763,3.6639055980135,0.0347991577300618,0.54297585042846
"IRF2BP2",1.94914110128082,0.0658664413074777,2.3957187736088,0.012629816934454,0.353155024668917
"IRF2BPL",1.23816792761341,0.109091807900692,4.23645081897774,0.0356190330246741,0.643209555959491
"IRF3",3.86675092116592,0.283449170047677,4.38050283000631,0.0445023680980666,0.613606855362244
"IRF7",0.57675363057061,0.0344954701507112,3.90858613010511,0.0265119909114089,0.580888081017917
"IRS2",0.491551091358905,0.0621058758277367,4.96773181578687,0.0407129287098055,0.755388210854324
"ISCA1",10.5395432926996,0.432234139944067,5.6658115380889,0.0489555831452311,0.508179693586082
"ISCA2",9.18989210037687,0.437468474541763,5.85266546155379,0.0514128265745568,0.563749675408985
"ISCU",4.7539140238206,0.089394274313346,0.880190689837592,0.000852678483937585,0.144637756426902
"ISG15",0.39772825100093,0.0162226801418337,3.81141053722584,0.0236823987218278,0.559335237600623
"ISG20",0.198538599714169,0.0191970499313488,5.11373673237135,0.0398042898481027,0.773045962087769
"ISG20L2",3.96806641190173,0.394746858527913,5.55683015624557,0.0564898320440001,0.733835367437029
"ISOC1",0.564317655923475,0.108400316796972,5.32218253805995,0.0472878469063623,0.817190340171384
"ISOC2",2.21462168235662,0.106186608438244,3.29530346734925,0.0251043943456056,0.489742923915866
"IST1",4.28301238895823,0.25683836713056,3.8705723080314,0.0390538427953687,0.543235523240717
"ISY1",1.23817050015734,0.390153908166104,6.00422404417307,0.0643665813951885,0.90573876915087
"ISYNA1",0.366525331577815,0.0171888753158762,4.10225703162432,0.0272683336214548,0.606595689431317
"ITCH",5.14112270226086,0.428315623871385,5.72763281048066,0.0567477758337951,0.701116593092703
"ITFG1",3.96879164749047,0.226495832508022,3.64608129888388,0.0358449974031921,0.522981043884705
"ITFG2",2.14855294216121,0.290712137938221,5.17425277804694,0.0529333358366526,0.764996104907816
"ITGA1",0.109668073143648,0.011862849997724,5.49772560928095,0.0441212025394215,0.835367437029343
"ITGA6",0.213172126407299,0.0175426367635179,4.98229550238852,0.0380698010420751,0.750973773045962
"ITGAE",2.12224642067535,0.175486998304706,4.1609568668376,0.0385978817944268,0.626330823162815
"ITGAV",0.782749209424635,0.0338339026947548,3.38991591541552,0.0203055093934237,0.496754089846793
"ITGB1",1.3503827666226,0.0156156514279469,1.04053226933626,0.00890972992216321,0.121267203323812
"ITGB1BP1",2.82654407194455,0.107007296535889,2.62734089531596,0.0186933497989201,0.391586600882888
"ITGB2",0.139322226907669,0.00313804624294558,4.69394183316795,0.0334985760597823,0.70059724746819
"ITGB3BP",3.46751070362306,0.391353755287569,5.61951183065375,0.0575709750366718,0.761101012723968
"ITM2A",0.136608385116912,0.00580596481769227,4.90297962121171,0.0363214054197013,0.735912749935082
"ITM2B",2.044585823551,0.0077436296816264,0.370950866357752,0.0176115237230989,0.0153206959231368
"ITM2C",0.291419104978776,0.0165399261965912,4.44871324825628,0.0314568978435489,0.663204362503246
"ITPA",4.7929752932893,0.297916879882577,4.39634915829144,0.0438415762464215,0.585302518826279
"ITPK1",1.68934253848372,0.247309205532062,5.18629232047211,0.0515888571746525,0.77979745520644
"ITPR1",0.594693086979605,0.0552198281353884,4.53555429648995,0.0353190602449451,0.685016878732797
"ITPR2",0.950691603690441,0.0664408341979182,4.05478774286138,0.030564851248393,0.608673071929369
"ITPRIPL2",1.11192482323985,0.139477297439745,4.83392902054541,0.0435280885710541,0.737211113996365
"ITSN1",1.00393555239384,0.137977863859985,4.92122428452598,0.0444558982283554,0.752531809919501
"ITSN2",1.88456682850853,0.141583825913001,3.97629060950121,0.0348276954953606,0.600363541937159
"IVD",1.66819454843839,0.180797204091991,4.63454649092697,0.0435263632593235,0.701635938717216
"IVNS1ABP",0.877614987422058,0.0550526563457789,3.86839110340349,0.0276592096141413,0.578031680083095
"IWS1",9.31623613571412,0.564839576297915,7.85737985575605,0.0627911411839432,0.688392625292132
"JADE1",0.437288397400158,0.054792828518153,4.9575598225633,0.0401902470535984,0.753310828356271
"JADE2",1.2441582870603,0.247488244484362,5.42711096640711,0.0543414239206894,0.827577252661646
"JAG1",0.185968324770039,0.0128800234014299,4.93152486924444,0.0371457834914789,0.741885224616983
"JAGN1",2.78990153014246,0.161527270627902,3.49496352466071,0.031187483155921,0.521423007011166
"JAK1",2.95173159761467,0.0711140055857068,1.46040298041741,0.00392060337589764,0.21942352635679
"JARID2",1.42400989872979,0.21571203258882,5.13339638694751,0.0500419439685413,0.779537782394183
"JAZF1",1.12810770149157,0.183976743672121,5.16009089401181,0.0490787285780071,0.789145676447676
"JKAMP",5.09107959465716,0.339283480188102,4.63774194735039,0.0473300836698096,0.601921578810699
"JMJD1C",2.20263695840057,0.0866030399230002,2.43203666762285,0.0153923069021143,0.366917683718515
"JMJD4",NA,1,NA,NA,0.832251363282264
"JMJD6",2.38054378877115,0.299239884190087,5.20916854798517,0.0530344816945,0.759802648662685
"JMJD8",2.42062773826204,0.352256851670931,5.52979608836017,0.057467584303688,0.796676188003116
"JMY",0.600823361950946,0.184499469256334,5.69368172245657,0.054757059602366,0.880550506361984
"JOSD1",3.25987598344787,0.342094287935959,5.26965775807199,0.0537982073357438,0.73305634900026
"JOSD2",4.92051852900251,0.211574204866403,3.25921949346056,0.0306736491407253,0.452609711763178
"JPX",4.81181928469831,0.276741740972418,3.9728185889569,0.0402191665928677,0.540379122305895
"JTB",5.92423614089681,0.0947486772112842,0.826993969058603,0.000710121634794613,0.13347182549987
"JUN",0.687310137740772,0.00263262709326104,1.41917815440988,0.00700312884044382,0.16593092703194
"JUNB",0.762083528181096,0.00281815784532901,1.15281011068673,0.0101285693173805,0.124123604258634
"JUND",1.29214548647588,0.0390050872766068,2.43888443548896,0.0100734166948475,0.350038950921839
"KANSL1",3.0343836898215,0.240522442379002,4.20749576352059,0.042074179578539,0.616722929109322
"KANSL1-AS1",1.72265488237152,0.208296455566642,4.89035974284781,0.0471056065512011,0.736691768371851
"KANSL2",4.60322367522713,0.595075716147717,7.25670819005543,0.069655689267831,0.844715658270579
"KANSL3",2.66075836197821,0.317187804146768,5.16686724004585,0.0532279682156776,0.745520643988574
"KARS",3.57426488003385,0.260682625502045,4.41145002224895,0.0435629632221392,0.623474422227993
"KAT2A",2.21262452677874,0.295710183581188,5.17936511607073,0.0530976569779318,0.763438068034277
"KAT5",4.44483240745944,0.46265091363687,6.10347998258181,0.0610208016560548,0.762918722409764
"KAT6A",2.91061562627066,0.269893321244518,4.60202317343846,0.0467078389961014,0.669436509997403
"KAT6B",1.26292065537565,0.104425961396226,4.08491762167942,0.0337890804987192,0.620098675668658
"KAT7",2.6639498991652,0.330687958360406,5.27788091218612,0.0545413134243721,0.758244611789146
"KAT8",3.88670336641567,0.288973744199031,4.43573731883731,0.0451371428994979,0.619319657231888
"KATNA1",2.95553662293032,0.414654728163349,5.84546687276045,0.0607417625070269,0.806543754868865
"KATNAL1",1.6068813397547,0.370669817439269,5.8267352435261,0.0617510606451812,0.8673071929369
"KATNB1",3.36203743799385,0.492279972931998,6.368956625087,0.0652812474895361,0.835886782653856
"KATNBL1",3.3994868191441,0.23901301621404,4.09288129292434,0.0405267767493669,0.591534666320436
"KBTBD2",2.6675002217117,0.361413955157802,5.52555562709808,0.0573571219684198,0.785769929888341
"KBTBD3",4.07113199953382,0.625336633572435,7.34307639497815,0.0718835629012255,0.875876395741366
"KBTBD4",1.63168250136663,0.368822477960244,5.81993062675576,0.0615678940681517,0.865229810438847
"KBTBD7",0.886126386528612,0.268986539351481,5.75284947618584,0.0585315929250461,0.885484289794858
"KCMF1",10.276993234517,0.705293788861749,10.5848228371058,0.0714189966281661,0.800830952999221
"KCNAB2",0.330864025053507,0.0362737072688596,5.07317055424501,0.040292624643013,0.768112178654895
"KCNQ1OT1",0.22372261978707,0.0287484897960769,5.28429334440538,0.0424505144281454,0.80238898987276
"KCTD10",1.76884386930574,0.255140457775162,5.17590862912321,0.0517874591179936,0.776421708647105
"KCTD13",3.64703962884969,0.408323733517651,5.71906368147763,0.0584807985311081,0.76317839522202
"KCTD18",4.56479524166457,0.554952845405584,6.93944780625631,0.067332971385675,0.823941833290055
"KCTD20",4.01939112437882,0.306210781382721,4.71300564565651,0.047385322453398,0.644507920020774
"KCTD5",2.42983244228993,0.396398927635568,5.82298060425304,0.0609380070490067,0.828356271098416
"KCTD6",1.85318121000386,0.415059459580307,5.97146923306017,0.0637828409209274,0.872240976369774
"KCTD9",1.27800385112551,0.23253778536411,5.32979210016942,0.0527712726552427,0.812256556738509
"KDELC2",0.755286120814975,0.123200842592598,5.13366471296592,0.045980544270809,0.787068293949624
"KDELR1",4.1071064891067,0.0522156249562186,0.602824806818432,0.0069605531241595,0.0898467930407686
"KDELR2",2.268766503085,0.0362828400776307,1.19476638995023,0.00375539266241855,0.161256816411322
"KDM1A",2.58508962662912,0.366572730129343,5.5911594500793,0.0581043299276151,0.79641651519086
"KDM2A",3.70851827861997,0.280500511255972,4.49000132643152,0.0451459631516712,0.629966242534407
"KDM2B",1.78488750367714,0.296999924390621,5.43670571685964,0.0556265348272394,0.810438847052714
"KDM3A",0.936801732187488,0.137743844081325,5.01722303373926,0.0454382567656903,0.767852505842638
"KDM3B",41.9624462250174,0.89202859628952,35.1844810783652,0.065493072332909,0.758244611789146
"KDM4B",0.461698766984981,0.0324719949962501,4.3892322735495,0.0319229765776348,0.656712542196832
"KDM4C",4.03431391384477,0.547851232690038,6.78490936938442,0.0675868868592434,0.837185146715139
"KDM5A",4.02417923311573,0.233554558803305,3.68807323750067,0.0365924563704819,0.527395481693067
"KDM5B",1.69689419518674,0.116547232159388,3.79003523752943,0.0313869291908811,0.572578551025708
"KDM5C",2.86488455634853,0.258931649327123,4.57233365572572,0.0458696699852327,0.666060763438068
"KDM6B",0.960174428340069,0.0920284503355712,4.46968393140023,0.0369493903623552,0.67800571280187
"KDM7A",1.07480941221183,0.159466666022394,5.04050354346849,0.0467130592686149,0.77070890677746
"KDSR",3.02069119089381,0.167845514786835,3.3187893036955,0.0301369093269715,0.496494417034537
"KEAP1",7.12010688451878,0.408326413636838,5.30957961062304,0.0509741391912028,0.591794339132693
"KHDRBS1",4.19916759912093,0.126733160836769,1.89430163806795,0.0138233621146632,0.288756167229291
"KHNYN",2.83922718171825,0.37025686272793,5.5659482744067,0.057604633950508,0.782653856141262
"KHSRP",6.94694622660783,0.437402722248295,5.87948926571494,0.054684867906695,0.643728901584004
"KIAA0040",0.633049369903454,0.0690357979212526,4.69005619742854,0.0380209236892929,0.712022851207479
"KIAA0100",3.16661923223287,0.242434888062004,4.32529656827917,0.0425955989946421,0.625292131913789
"KIAA0232",1.28738609478215,0.145400972748116,4.61061094242207,0.0416752951935297,0.703193975590756
"KIAA0319L",0.934435242660423,0.0848800485899969,4.33889474319282,0.0351477725212895,0.657751233445858
"KIAA0355",0.403491137497743,0.0644937278345646,5.21820936791409,0.0437714540751538,0.796676188003116
"KIAA0930",1.18687447345359,0.0906998697135896,4.14336548482952,0.0332087298319749,0.624772786289275
"KIAA1109",1.52957243155852,0.11760030592233,3.90260428240348,0.0328210442815048,0.592833030381719
"KIAA1143",12.7277615277016,0.662966789594054,10.5803893910944,0.0674044253344276,0.713061542456505
"KIAA1191",2.81138736854276,0.229684480976236,4.32274303413149,0.042394130593954,0.634900025967281
"KIAA1586",1.86112809704308,0.356232738078206,5.71680778054485,0.0599006361081538,0.84237860296027
"KIAA2013",2.19592383014034,0.31693774907523,5.37839584734751,0.0553723642496709,0.787847312386393
"KIAA2026",2.74030477316088,0.310187700745025,5.11940486174806,0.0523816929886822,0.736432095559595
"KIDINS220",1.81833366014962,0.141190433125925,3.95660382319021,0.0347928645512614,0.599844196312646
"KIF13B",0.506168308811293,0.044064636103682,4.55363827584224,0.0347288243620745,0.685795897169566
"KIF16B",0.720031587071266,0.0848033274589401,4.78369654556515,0.0400016199469949,0.728122565567385
"KIF1B",2.23106164552954,0.252833796308706,4.91511228180317,0.0489062489254386,0.727343547130615
"KIF1C",2.48970686005852,0.299074783587675,5.14548186808418,0.0524336591005918,0.748377044923397
"KIF20B",0.20725489473523,0.0545249342255424,5.7147290152901,0.0490333526317905,0.876655414178136
"KIF21A",0.440852172571401,0.117877225964253,5.61122865583796,0.050927898413155,0.86497013762659
"KIF22",0.817505153513,0.0753801875936344,4.41238384826516,0.0353020509043668,0.668138145936121
"KIF2A",2.63824773778351,0.213752709363214,4.25006459003763,0.0411016822741839,0.629187224097637
"KIF3B",1.51830420637235,0.191873415238861,4.87097702170969,0.0464063688839423,0.73902882368216
"KIF5B",3.02629714666055,0.0729744921554169,1.70967838875915,0.00630310642777178,0.252142300701117
"KIF9",0.700880445910468,0.0756565473852718,4.69303283117641,0.0384158326632766,0.712542196831992
"KIFAP3",1.1888987021488,0.11450829436228,4.34023751850349,0.0371347920093305,0.660867307192937
"KIFC3",0.703696417811765,0.106029577078714,5.12570396308771,0.0448725223925169,0.783432874578032
"KIN",3.42841886574045,0.369729676754996,5.39888953945803,0.0555932510728459,0.7405868605557
"KIZ",1.39257253870288,0.242408915498078,5.3090692861343,0.0528854907995885,0.806284082056609
"KLC1",11.0778506360602,0.597082778643946,8.73161193351883,0.0637827702251642,0.674629966242534
"KLC2",1.02458759350104,0.205922141003244,5.38050714449505,0.052314599503018,0.825240197351337
"KLC4",1.02592065317324,0.255849237247253,5.62269512703011,0.0566507494703489,0.861854063879512
"KLF10",0.50952255008432,0.0505896981533674,4.68415493717962,0.0367136337338735,0.70812775902363
"KLF13",1.12700060202253,0.147026782415236,4.83427410173714,0.0440446989684635,0.738769150869904
"KLF2",0.145115767610914,0.00839061187822904,5.00859850952635,0.0378102175640824,0.753830173980784
"KLF3",1.29951526411588,0.102680885857085,4.10459959558983,0.0337090371282296,0.620877694105427
"KLF4",0.325449126511046,0.00975867371385302,3.86571914266263,0.0237033586519529,0.565567385094781
"KLF6",0.74528052311458,0.00664579213900774,1.62984227917036,0.00377269307556653,0.203323811996884
"KLF7",0.567994720394993,0.0753325946575215,4.97263678204029,0.0415637451097917,0.757725266164633
"KLF9",1.10958409623212,0.0578105992327584,3.38322463118326,0.0225433657940401,0.503245910153207
"KLHDC10",2.25067005177071,0.343001312703127,5.50971935112774,0.05729579150999,0.801609971435991
"KLHDC2",1.53853749057102,0.0799072378801828,3.20623408297877,0.022624963626529,0.480914048299143
"KLHDC3",6.9170549438514,0.312510826090388,3.9721958246955,0.0396811986147923,0.481433393923656
"KLHDC4",6.1288617693303,0.6729786554157,8.47712479103418,0.0725402038841842,0.853804206699559
"KLHL12",5.10497260059604,0.586709403793846,7.34463196211245,0.0686641960493421,0.828096598286159
"KLHL18",2.43753211269761,0.41059477848127,5.91879689019594,0.0619761453187974,0.837964165151909
"KLHL2",2.5810610262033,0.556613427916882,6.62969388512829,0.0702413320621008,0.89742923915866
"KLHL20",1.22231613665773,0.238504948551828,5.39266617639727,0.0536818515514426,0.823162814853285
"KLHL21",0.85076924639891,0.225263587697896,5.62498584401924,0.0556060588479896,0.866268501687873
"KLHL22",1.78864615068172,0.299472517817132,5.42356092897788,0.0556863226828836,0.809140482991431
"KLHL24",1.7046392965742,0.169244606705483,4.47857187626422,0.0414150556246814,0.67800571280187
"KLHL28",2.4596381172334,0.385827656316374,5.71888758637067,0.0599312957125767,0.816151648922358
"KLHL36",4.38257891033719,0.423470345623521,5.74215751247681,0.0579260867834399,0.733835367437029
"KLHL42",1.74458761125026,0.278066273933876,5.3215595628156,0.0540453720378058,0.797195533627629
"KLHL5",0.868255195971378,0.131558954732843,5.06313505037951,0.0456005548855624,0.775123344585822
"KLHL7",1.36158685823315,0.220003575169714,5.20860590993586,0.0509866535645105,0.792002077382498
"KLHL8",2.08969672490421,0.418861516842164,5.96360280867834,0.0633587996917467,0.859776681381459
"KLHL9",3.50320877233883,0.347413860958942,5.14836911926781,0.0530815826422091,0.711503505582965
"KMT2A",1.95977469331649,0.123615881836509,3.55270763019725,0.0295634887317349,0.537263048558816
"KMT2B",3.77640109774085,0.507799684808043,6.48529740272765,0.065515267408861,0.82575954297585
"KMT2C",2.34320553253874,0.105957058534197,2.86951354647394,0.0213054945183867,0.431835886782654
"KMT2D",2.03253132885677,0.306279720703707,5.36461126245447,0.0551206166649567,0.792521423007011
"KMT2E",3.63423319085234,0.107563343316872,1.6991306850857,0.0104704739139143,0.264087250064918
"KMT2E-AS1",1.0727254783667,0.260271106927978,5.59900906415083,0.0565965671774293,0.85743962607115
"KMT5A",1.42562410187987,0.314319909177179,5.68331320684529,0.0588087881831319,0.856141262009868
"KMT5B",2.22172846849007,0.237659084298017,4.72571634971129,0.0467896044755231,0.703713321215269
"KMT5C",1.20328985604054,0.336504367107268,5.83309068306615,0.0612628392055462,0.885484289794858
"KNOP1",1.67460375155368,0.172746469642334,4.53750205951338,0.04219755405347,0.687353934043106
"KNSTRN",0.546773675524797,0.197232451748189,5.80300059174062,0.0564093876416244,0.898987276032199
"KPNA1",3.06958833750928,0.310542185764735,5.01641180428129,0.0511436957114085,0.712282524019735
"KPNA2",0.49381563177161,0.066936951300102,5.02929531172363,0.0417181788632865,0.766034796156842
"KPNA3",5.81299943387141,0.424109585752734,5.78675795013135,0.0554762210544565,0.679563749675409
"KPNA4",4.45081727668191,0.362334514032119,5.21937435802056,0.0523252807764632,0.681381459361205
"KPNA6",5.87121309127087,0.414131117633471,5.51383172767658,0.0539659394994803,0.654115814074266
"KPNB1",5.67343824477569,0.151985920827231,1.83493024667275,0.0149773677456885,0.269800051934562
"KRAS",2.85310146541293,0.153063877694948,3.3605462879905,0.0292773018665916,0.500649182030641
"KRBOX4",2.04706712811369,0.359695503770452,5.65911256780206,0.0593503657540801,0.827836925473903
"KRCC1",3.58652898290906,0.203351479412617,3.5324391879704,0.0338222504223161,0.515969877953778
"KRI1",5.15546232083996,0.577100099758979,7.22859869315611,0.0679596411251745,0.817450012983641
"KRIT1",2.82960755303453,0.233495238980826,4.28122793739416,0.0424047823103813,0.63048558815892
"KRR1",2.44523251557196,0.226181064489165,4.46149641541508,0.0438152038923114,0.662944689690989
"KRT10",2.19716944449969,0.0500575095279663,1.64856017435361,0.00296500534671666,0.23604258634121
"KRT18",0.137140803941886,0.00132561209609497,4.29482732599429,0.0283930571122498,0.634640353155025
"KRT8",0.149231797167712,0.00193576449667232,4.27882008160303,0.0282319236507105,0.632043625032459
"KRTCAP2",5.12445454246003,0.0732027125807108,0.543008837903698,0.0042905328877695,0.0934822124123604
"KTI12",8.35724619424034,0.876797598012175,12.0489615535414,0.0798246974283472,0.938457543495196
"KTN1",1.64040832258803,0.0226199765425601,1.22889622454006,0.00561363712777875,0.155803687353934
"KXD1",12.957145207787,0.367694803525376,4.47345230034348,0.0385636075730957,0.366398338094002
"L3HYPDH",0.926718117697476,0.214199910809536,5.51693217577548,0.0540340065167965,0.847831732017658
"L3MBTL2",2.55533707229672,0.419424455431354,5.91450507423008,0.062123523140834,0.832251363282264
"LACTB",0.914131289329953,0.108325028736195,4.84373196368111,0.0418409011280207,0.736951441184108
"LACTB2",3.71745529625173,0.419263632217379,5.85131137459219,0.0593689634080979,0.772526616463256
"LAGE3",2.63287745445741,0.109489681758737,2.83562103525705,0.0209668597926672,0.423007011165931
"LAMC1",0.265964043263271,0.0142878039824071,4.51805425693274,0.0321180868097739,0.673850947805765
"LAMP1",2.15206235464327,0.0352464017042687,1.28092567748555,0.00303188416286998,0.172942092962867
"LAMP2",2.43925020820481,0.120242864676019,3.1313373417571,0.0248844733843988,0.469748117372111
"LAMTOR1",10.6039934018183,0.173687430764292,1.18486841642147,0.0102776311416078,0.150350558296546
"LAMTOR2",6.04513534803216,0.137970543195026,1.76000194773105,0.0124767671434964,0.251622955076603
"LAMTOR3",9.29324248164748,0.385533356206986,4.8278867060725,0.0449436410096758,0.485068813295248
"LAMTOR4",11.4859044726065,0.159972287469894,0.680325732137166,0.00592062826235614,0.0968579589716957
"LAMTOR5",7.95714252493716,0.171950513834867,1.52481289603014,0.013520016881907,0.21189301480135
"LANCL1",1.48758088313266,0.234181672584192,5.16764022000541,0.0512356049310256,0.784211893014801
"LAP3",0.913280714430939,0.0277990226341615,2.88642652772734,0.013764821097075,0.413918462736951
"LAPTM4A",1.2101059427725,0.0123366786760852,1.12719503209528,0.00856635424315014,0.130875097377305
"LAPTM4B",0.565852218463725,0.0797991200218948,5.0446473168347,0.0426259474148871,0.769670215528434
"LAPTM5",0.147661385049901,0.00194980594420595,4.35818282528884,0.0292164597179074,0.645027265645287
"LARP1",3.54264092702689,0.218214005002208,3.91438824603355,0.0374931748782579,0.562970656972215
"LARP1B",1.02351298721127,0.221127046942212,5.47208823711797,0.0538152560604658,0.839002856400935
"LARP4",2.36169063387641,0.243097668065985,4.69803840921656,0.0466575279047347,0.696182809659829
"LARP4B",5.57397971078961,0.47818452150643,6.32506769841755,0.060432335928054,0.732537003375747
"LARP7",3.11191565060423,0.218481468429953,4.01724572077377,0.0390178081845934,0.588158919761101
"LARS",4.27883695808355,0.205896638829573,3.29411911046028,0.0313995597159253,0.471565827057907
"LAS1L",2.69046429364853,0.380234820465339,5.66255044323883,0.0588727163158735,0.799532588937938
"LASP1",2.4482910626647,0.101187602658749,2.70584439956422,0.0192074369479985,0.406128278369255
"LATS1",2.03564706314427,0.256867484405217,4.99036184935411,0.0501076838442736,0.744481952739548
"LATS2",0.618538459131617,0.132712431064202,5.40904587788081,0.0494332198253408,0.832511036094521
"LBR",0.832244095414575,0.106601420830647,4.82483793628873,0.04178186009625,0.736951441184108
"LCMT1",9.92387277523657,0.458644223888102,6.11943420730329,0.0525163626315228,0.557517527914827
"LCOR",1.72626377369704,0.260884675121019,5.21814857515128,0.0524986199914889,0.783952220202545
"LCORL",1.32218365281652,0.316486389734721,5.71588128835329,0.059376246335379,0.86497013762659
"LCP1",0.18149990177298,0.00558867017263224,4.59868884322339,0.0324527453431633,0.685016878732797
"LCP2",0.279825970806302,0.0179430925038986,4.70929805735876,0.034689707181809,0.705531030901065
"LDAH",1.78022815353454,0.409738623456113,5.97110703845745,0.0637159137748171,0.875616722929109
"LDHA",1.18608187817219,0.0075083856424791,0.835353203950469,0.0128145525722412,0.0810179174240457
"LDHB",0.700922433163193,0.0106419984946539,2.25637218111714,0.00427231615516566,0.305634900025967
"LDLRAD4",0.426232220716127,0.0543699972950668,5.00263422270872,0.0406683904714921,0.760321994287198
"LDLRAP1",1.28661342221744,0.230070984143995,5.29918878266013,0.0524043767380423,0.807842118930148
"LEMD2",2.90682723536922,0.44296603361406,6.01695469466383,0.0628408837694369,0.82575954297585
"LEMD3",1.34369965389916,0.254746178253218,5.40353775414909,0.0543151491332992,0.821345105167489
"LENG1",2.43500310525054,0.365917632155873,5.60049695251253,0.0584691065294556,0.804206699558556
"LENG8",2.39165234819941,0.100034038590979,2.67747585793128,0.0189171807510599,0.403012204622176
"LEO1",1.28874703218348,0.172968907126066,4.9117651335216,0.046034413141093,0.74889639054791
"LEPROT",1.88654782912736,0.0607944087214966,2.22316767494955,0.0103662668921989,0.326928070631005
"LEPROTL1",2.59847128736195,0.143213121240023,3.3735317011265,0.0288698348553773,0.505323292651259
"LETM1",1.41363712314393,0.20702520562591,5.07016098320201,0.0490923312166843,0.77070890677746
"LETMD1",2.27685297693176,0.136348360761762,3.4552941956115,0.0294307353695547,0.521423007011166
"LGALS1",0.78901776818941,0.00186138490334007,1.03108170329409,0.0117597871739869,0.103869124902623
"LGALS3",1.33734312618753,0.00759661984878688,0.789635545827409,0.0132829141166434,0.0745260971176318
"LGALS3BP",0.775434073670102,0.0155538045479095,2.41507335763286,0.00682593558233859,0.333939236561932
"LGALS8",2.36372619071888,0.181025865216065,4.08938169654058,0.0380014097674101,0.611269800051935
"LGALS9",0.281048071315291,0.0181178129932027,4.75993183189308,0.0352964430980532,0.713580888081018
"LGMN",0.360403296156039,0.0122425581464096,3.7122584033089,0.0221073488957455,0.541937159179434
"LHPP",1.97599257265038,0.227822660037904,4.86412090981767,0.0475876240252875,0.727343547130615
"LIAS",5.92754930161407,0.677488779454922,8.44013258453412,0.072929267198237,0.860296027005973
"LIG1",0.626707800889025,0.143301805598949,5.47024375973571,0.0505708309089975,0.842638275772527
"LIMA1",0.866856365010219,0.0291523737943138,2.92925838387747,0.0144956601040459,0.422227992729161
"LIMD1",1.399568347909,0.2586902363951,5.39368247789252,0.0543176808910591,0.81822903142041
"LIMD2",0.263710167370305,0.0126785746337115,4.4788257727324,0.03149529905466,0.666839781874838
"LIMK1",1.03134777258732,0.202120570544224,5.42239106772929,0.0523626386770043,0.829394962347442
"LIMK2",1.76043268046393,0.245288227952602,5.12973489879793,0.0509281739400524,0.769929888340691
"LIMS1",1.41018185819225,0.0464524498117544,2.73154183727808,0.0139857053904699,0.396001038691249
"LIN7C",3.29980897571066,0.432299306508029,5.93033366976419,0.0611875680368926,0.799013243313425
"LINC00665",0.64620354385913,0.119781802494591,5.27605779514793,0.0473528920820965,0.810179174240457
"LINC00667",7.09181241302818,0.416729025759209,5.44830378160591,0.0519723488101867,0.603998961308751
"LINC00909",2.17726290842267,0.387212456473761,5.77109954592722,0.0608872014339123,0.83484809140483
"LINC01006",0.833701465519509,0.237913219266306,5.6960864101718,0.056785908430437,0.877434432614905
"LINC01089",0.45529082744829,0.11787946502609,5.56721277237461,0.0504809364793495,0.85821864450792
"LINC01184",2.22316634715182,0.239299545567967,4.75332241581989,0.0470646482335265,0.707089067774604
"LINS1",1.64716392160458,0.368358755415396,5.8100662116046,0.0614627648463753,0.863412100753051
"LIPA",0.323150231281508,0.0139979898819463,4.10326589240525,0.0270274133304356,0.606076343806803
"LITAF",1.11570483588142,0.0217429367903219,2.07300368577673,0.00365824618752818,0.28356271098416
"LIX1L",1.06908797448436,0.113595021589314,4.59670453303997,0.0396216526786787,0.699298883406907
"LLGL2",0.343698836192441,0.107193526516781,5.72280887521512,0.0516849673137924,0.882887561672293
"LLPH",3.46823632051645,0.520489135017482,6.58077159539236,0.0669017956323436,0.848610750454427
"LMAN1",1.90096258372713,0.0497689288362172,1.97631288926366,0.00634728669247725,0.28434172942093
"LMAN2",4.5192000812574,0.113762170649874,1.50497209351307,0.00904258832752457,0.232926512594131
"LMAN2L",1.54964984456675,0.338416822500242,5.71314938539118,0.0598205970688903,0.855621916385354
"LMBR1",1.49801152968128,0.174581587097602,4.68318100691689,0.043874960797089,0.712542196831992
"LMBR1L",2.15715678782996,0.297522380806587,5.25160813008157,0.0537165948889423,0.773824980524539
"LMBRD1",1.86642185438088,0.143204599754094,3.92176098740307,0.0345939485236376,0.594650740067515
"LMBRD2",2.64292533026881,0.421218294346633,5.90061537986661,0.0619655198639724,0.826798234224877
"LMCD1",0.237454613975515,0.0144560838634117,4.70737920249717,0.0344624672519099,0.705011685276552
"LMF2",2.39673173949708,0.141526692606993,3.45061837919526,0.0296760140132511,0.51960529732537
"LMNA",0.869494552297967,0.00997015665993286,1.64255911754219,0.00306517987219848,0.208257595429758
"LMNB2",0.837108854784975,0.161751778287497,5.32837947056425,0.0498564182087812,0.818488704232667
"LMO4",0.763571930012207,0.0273303430267479,3.10862661477934,0.0163916554569511,0.450012983640613
"LMO7",0.246690785376668,0.0831401828730995,5.80778799319465,0.0515118351417965,0.894832511036095
"LNPEP",2.77002012247777,0.212088979565236,4.09426246084821,0.0397028731412116,0.606595689431317
"LONP1",1.82825881615613,0.288419834952837,5.41685326634636,0.0549225748393411,0.805245390807582
"LONP2",1.33204938082828,0.0631774456553134,3.17461488543281,0.0207002176924144,0.471565827057907
"LPAR6",0.391605790510389,0.0355266634463738,4.71638919019542,0.0360622858021002,0.710724487146196
"LPCAT1",1.29826004972704,0.183701769000718,4.99267119044623,0.0473389941195583,0.761101012723968
"LPCAT3",2.97030001964776,0.284885254880869,4.80015267484591,0.0486324423654406,0.690470007790184
"LPCAT4",0.600945156111609,0.0617427259769415,4.62221743706178,0.0367883510626497,0.700337574655933
"LPGAT1",1.69310435700822,0.132234347468721,4.08491035809354,0.0352968036787386,0.616982601921579
"LPIN1",1.30306038861317,0.152818398540356,4.69746805330366,0.042889734591368,0.715917943391327
"LPIN2",1.85652329250678,0.158134708489475,4.24028622894266,0.0383597776353704,0.639833809400156
"LPP",1.20813437072398,0.0297705560541115,2.1103503913815,0.00527587946055565,0.295247987535705
"LPXN",0.45997320522378,0.0516642258867841,4.95181160929421,0.0398039662257839,0.750454427421449
"LRBA",0.580462496326588,0.0521744380745174,4.50633704762266,0.034770477557667,0.679823422487666
"LRCH1",0.915437675435697,0.137488292337061,5.02290752206514,0.0455330472046187,0.769410542716178
"LRCH3",2.20022708936199,0.302372505609693,5.2392290193529,0.0538312550624297,0.771228252401974
"LRIF1",1.93319859634311,0.287923941438782,5.31792593839641,0.0540863424911062,0.789665022072189
"LRP1",0.324994293039305,0.00625309166439059,3.51884822263599,0.0190967474262401,0.507660347961568
"LRP10",1.90061897020905,0.0498501157672021,1.89216047985363,0.0055365606640543,0.272656452869385
"LRPAP1",3.00470011426278,0.0851270873128332,1.90089188290379,0.00966917298357675,0.284601402233186
"LRPPRC",3.11840649351242,0.209089840452429,3.92576733406777,0.0376610213560676,0.57543495196053
"LRR1",0.688268851164128,0.195852501931693,5.66339199558812,0.0548418616424656,0.874318358867826
"LRRC14",2.75315814382356,0.419128056081006,5.89674448777581,0.0615981847764508,0.821085432355232
"LRRC23",2.13176822803301,0.291638288129976,5.22176218728995,0.0532786477635548,0.770968579589717
"LRRC28",1.86225774248984,0.269500149811827,5.18309522437106,0.0524499739245454,0.775383017398078
"LRRC40",24.5020010759016,0.913371168424207,24.6695814995621,0.0723513323566032,0.881069851986497
"LRRC41",4.7072811849168,0.314079104475363,4.49310692450006,0.0456260441821503,0.599324850688133
"LRRC42",2.01787924418956,0.241300823852578,4.9135502662509,0.0486847609827532,0.733835367437029
"LRRC45",1.18072786458966,0.245296764730628,5.46257971875413,0.0546270952146796,0.834328745780317
"LRRC47",4.77726639334336,0.397671984041615,5.43625827401677,0.0546626173262748,0.689690989353415
"LRRC57",2.06757981231318,0.387594895997327,5.80625146426916,0.0613138177105802,0.843676967021553
"LRRC58",2.49736028537908,0.215090231875767,4.35408579984613,0.0421827661724549,0.64632562970657
"LRRC59",2.2097635358827,0.0988829496087356,3.05099331667952,0.02223660882761,0.454687094261231
"LRRC8B",0.788208652716863,0.284764555482571,5.8659471288608,0.0602510806111925,0.905219423526357
"LRRC8C",0.448022390586099,0.105039959715624,5.52735623176441,0.0493658225490763,0.850168787327967
"LRRC8D",2.36509579067435,0.399870943265308,5.84783230364329,0.0613587346426545,0.83406907296806
"LRRCC1",0.96630738977599,0.182961802569057,5.30854402634515,0.0506035876243467,0.814593612048819
"LRRFIP1",2.05648032563646,0.0362063662683675,1.59782407107392,0.000347105319508653,0.218904180732277
"LRRFIP2",2.38534961614743,0.119574075405223,3.04930761793626,0.024252384829749,0.460399896130875
"LRWD1",1.48982652477567,0.333728706071532,5.72630743697132,0.0598134004338789,0.859517008569203
"LSG1",2.19266863597456,0.330464170790429,5.46037832600913,0.0565280329885243,0.797974552064399
"LSM1",13.0350968579709,0.534728252202995,7.85215518248079,0.0570860816618916,0.563749675408985
"LSM10",4.2761687418927,0.219726172515911,3.50979052690131,0.0339159486912579,0.498052453908076
"LSM12",6.9698288128868,0.373394216761775,4.94655866610527,0.0476744471143664,0.566865749156063
"LSM14A",5.99633994498371,0.212865327747521,2.55254503424895,0.025440894753244,0.355751752791483
"LSM2",4.07317242607618,0.128723046252358,2.06574888877665,0.0154341093510908,0.311607374707868
"LSM3",10.3869466739601,0.267655745584322,2.72591016569595,0.0267719507308468,0.291352895351857
"LSM4",2.84989031145167,0.0774482391401134,2.06662265481656,0.0101907198193973,0.303297844715658
"LSM5",4.29455328125324,0.127899677214729,1.95863426380868,0.014321163633481,0.295247987535705
"LSM6",3.99119327469552,0.179999639652183,3.00547349983551,0.0275949095790269,0.439885743962607
"LSM7",5.62872535456793,0.112310695383338,1.1151109795309,0.00528928763541927,0.176058166709945
"LSM8",7.02084958459098,0.208836247187236,2.26358744880711,0.022312869117494,0.30615424565048
"LSP1",0.325637131910903,0.00570703170423517,3.4680316662874,0.01840959324883,0.499091145157102
"LSR",0.440613023011427,0.0558863581224159,5.01312534484262,0.0408540871986177,0.761880031160737
"LTA4H",0.953241799826698,0.0446184429484238,3.37962272772441,0.0212121233449037,0.498312126720332
"LTB",0.0371168305137235,0.00234376311975308,5.8373284461389,0.0479158913894717,0.890937418852246
"LTBP3",0.927979531359377,0.0313700561734805,2.84778193726148,0.0138233516390129,0.410542716177616
"LTBR",3.28462582127374,0.148946128319563,3.00385254771032,0.0255385463529211,0.445858218644508
"LTN1",3.29709050521369,0.357852943608419,5.33633979919398,0.0549345156837342,0.739288496494417
"LTV1",3.27897042896956,0.402969697357339,5.73478506675869,0.0590286709958786,0.780836146455466
"LUC7L",2.8243545198893,0.199420503547114,3.89506578944592,0.0372645054952044,0.578810698519865
"LUC7L2",3.77968369186409,0.190763897624402,3.15843135636053,0.0299828507909591,0.465593352376006
"LUC7L3",2.5087856658217,0.0734781081564716,1.80959532952265,0.00772208355284086,0.271617761620358
"LUZP1",1.16215940717836,0.130430141030132,4.63583230761409,0.0410515644434355,0.706569722150091
"LY6E",1.46346262184828,0.0103439503033125,0.926250170398837,0.0111922242645476,0.098415995845235
"LY96",0.5680086827174,0.0405395809857694,4.414542543368,0.0327123445233578,0.661126980005193
"LYAR",1.82596024138418,0.210214539749652,4.84523232172695,0.0466598343305264,0.727603219942872
"LYN",0.248722640207417,0.0189197431663059,4.93765207474526,0.037551745327947,0.743183588678265
"LYPLA1",1.71536097378428,0.0611962979350161,2.70346868144609,0.0152456177232468,0.396520384315762
"LYPLA2",3.48775038711184,0.242380332423924,4.11381951192438,0.0407294231409038,0.591534666320436
"LYPLAL1",3.43968123213106,0.336285752096427,5.1345720822663,0.0524664962162122,0.711763178395222
"LYRM1",3.7359478064032,0.337602572685496,5.08306517190025,0.0516884169645271,0.694884445598546
"LYRM2",5.28287548483217,0.287931178470533,4.04042346104947,0.0405983540657155,0.533887301999481
"LYRM4",2.38429877674833,0.220537494964675,4.53025627152612,0.0439626315895586,0.671773565307712
"LYRM7",2.88676614384507,0.44537199375741,6.03963378330354,0.0630732943947967,0.828875616722929
"LYSMD2",1.05069415279829,0.0845214773682958,4.2541737154117,0.0340068333370098,0.641911191898208
"LYSMD3",2.61375104752379,0.415205841821795,5.87497132136366,0.0616425219587538,0.825499870163594
"LYST",0.913006990540828,0.0730565143241224,4.15026593275539,0.0322613582066738,0.626590495975071
"LYZ",0.0237312715281665,1e-06,5.06243290553208,0.0381362360822098,0.763438068034277
"LZIC",6.7412237021185,0.432344116240761,5.76482745457334,0.0543904917927032,0.642170864710465
"LZTFL1",0.931503764497827,0.164355370351137,5.21296071738327,0.0488199207770337,0.800051934562451
"LZTR1",2.25742118451179,0.352026034984587,5.57367906954396,0.0580482672161678,0.808621137366918
"M6PR",2.45881430251289,0.080172879080594,2.42025143527558,0.0141040242613396,0.357050116852765
"MACF1",1.6462364772093,0.0422439404448271,1.90653053004899,0.00472526172085937,0.271358088808102
"MAD2L1",0.145121781324353,0.0564297586836149,5.94520784187473,0.0518551126316595,0.914827317579849
"MAD2L1BP",8.28581812167141,0.759130355445353,10.448581060184,0.075285439459614,0.869124902622695
"MAD2L2",2.02168143323457,0.133981255448439,3.75632509502222,0.0320827358323895,0.565567385094781
"MADD",1.07128341653673,0.179168708378639,5.17984227464014,0.049088026066674,0.793040768631524
"MAEA",5.73375781644448,0.436659122909649,5.79032447879279,0.0563856311295597,0.682679823422488
"MAF",0.379847543982212,0.0376220701105404,4.85174612280008,0.0377873148734616,0.732796676188003
"MAF1",13.8137381826508,0.373312224799774,4.28572159117797,0.0378407891003737,0.333160218125162
"MAFB",0.304296713555013,0.00771720555226754,3.77837532088408,0.022452143894734,0.550766034796157
"MAFF",0.392532916700694,0.0402803897707913,4.83580272733143,0.0378019808527049,0.730978966502207
"MAFG",2.38374622453384,0.425578391898227,5.98232379004208,0.063051416685887,0.847312386393145
"MAFK",0.630589525946324,0.200091232989857,5.72497923534413,0.055703950473549,0.885484289794858
"MAGED1",0.592806033374814,0.0362472016302511,4.0569828325488,0.0283006153540932,0.603998961308751
"MAGED2",0.447687480086266,0.00658085185067913,2.63014290937087,0.0082868686878218,0.363801609971436
"MAGEF1",0.957655159283326,0.0682031093328903,4.01409236589958,0.0303235409409207,0.603479615684238
"MAGEH1",0.699126385613125,0.093948022193923,4.9013410373975,0.0419106136910043,0.748636717735653
"MAGOH",3.01221700203639,0.162268626401174,3.3137029494295,0.029564552554792,0.494157361724227
"MAGOHB",1.01275818588927,0.143671850054554,4.9576706528119,0.0451378718800713,0.758504284601402
"MAGT1",3.80199313755635,0.310858449206206,4.80126817404857,0.0485588748443245,0.661905998441963
"MAK16",1.59280674942714,0.381307148189365,5.89117299262219,0.0625608717343196,0.875357050116853
"MALAT1",2.82872356910004,0.000914917898282418,0.368672358317003,0.01861480907901,0.0122046221760582
"MALSU1",7.43809729410668,0.392203059626957,5.15515198970273,0.0489268861724337,0.568683458841859
"MALT1",0.811437945492657,0.207764095908863,5.57218863034672,0.0544302988308467,0.85899766294469
"MAML1",2.68244303186519,0.437230669239729,5.99183747280317,0.0629708736119527,0.83406907296806
"MAML2",0.81660921827434,0.0808553531019257,4.50039817649885,0.0366541756423253,0.682939496234744
"MAN1A2",2.60692344688398,0.179756612530287,3.76948744367882,0.0351670945948636,0.565307712282524
"MAN1B1",2.5406547202448,0.195512527841792,4.0560986136957,0.0385967533609608,0.60555699818229
"MAN2A1",0.804425168586873,0.0877384438296032,4.65315837164618,0.0387470802259202,0.707608413399117
"MAN2C1",4.8959502054433,0.375182229053094,5.14014497345322,0.052005614061474,0.657491560633602
"MANBA",1.3131290300761,0.106517193340483,4.19468963604795,0.0348271772386156,0.634121007530512
"MANBAL",2.1784974107503,0.177612119308164,4.13704996226519,0.038475287145668,0.62217605816671
"MANEA",1.65170084547376,0.37422456715152,5.83336729151341,0.0618315586967761,0.866008828875617
"MANF",1.49044789518089,0.0661930169822632,3.08677289857625,0.0199344189026463,0.457543495196053
"MAP1LC3A",0.981766868625989,0.0408658326804745,3.13317356142228,0.0180857059572017,0.458841859257336
"MAP1LC3B",2.33269184250945,0.0593061333149927,1.74569896658167,0.00520032410938655,0.254998701635939
"MAP1S",3.42055010616292,0.388098880606318,5.60758775150327,0.0574470135699974,0.761880031160737
"MAP2K1",1.64336329951835,0.17014590343195,4.56538919799421,0.0422835567104658,0.691249026226954
"MAP2K2",5.01182308703653,0.413815772298504,5.68539703471877,0.0559932943543957,0.702674629966243
"MAP2K3",1.42867649445912,0.130820623722524,4.3514078317129,0.0380058109540327,0.659828615943911
"MAP2K4",2.05621877243845,0.360352296264856,5.66798581167323,0.0593989245099159,0.828356271098416
"MAP2K5",5.39415287851808,0.573277866131134,7.26076547849832,0.0674749484667307,0.809140482991431
"MAP2K6",0.567911686418989,0.334616863261028,6.06333730444993,0.0641913447452168,0.943650999740327
"MAP2K7",11.6147757454053,0.660644598035395,10.0845977649543,0.0678806834050063,0.725785510257076
"MAP3K1",0.561899565184727,0.0575213590717722,4.7054528637515,0.0373932149294001,0.712282524019735
"MAP3K11",1.24825977587727,0.0938225871000182,4.03612840051986,0.0323734611539873,0.609452090366139
"MAP3K13",2.91384442869289,0.173546991650622,3.63678893912638,0.0330595229910954,0.538561412620099
"MAP3K2",2.77303257025039,0.206034553037009,4.14741402043361,0.0395318454806664,0.611010127239678
"MAP3K3",1.28755826535405,0.211253127546213,5.2361299903669,0.0508487753718192,0.796935860815373
"MAP3K7",4.77881345698073,0.425031116212706,5.76843480128906,0.0573411980715491,0.719553362762919
"MAP3K8",0.585245300634457,0.0353690835513785,4.09799587943067,0.0286752968521862,0.609971435990652
"MAP4",2.01473085529882,0.0820111322275529,2.66107846303451,0.0171048017464968,0.398078421189301
"MAP4K2",0.805654478001977,0.207043913667526,5.58353569342132,0.0544890334971016,0.860555699818229
"MAP4K3",1.34569862754015,0.2805108510424,5.53996688725695,0.0565174111748242,0.840301220462218
"MAP4K4",0.416592756596145,0.0329304370224447,4.55054359596355,0.0338965183482431,0.683199169047001
"MAP4K5",2.17700710936679,0.164056551081933,3.95003414806884,0.0359756220397262,0.595429758504285
"MAP7D1",3.44263221946996,0.242230925335219,4.19695655302846,0.041270524853703,0.601921578810699
"MAP7D3",0.441771878962035,0.0618245545133691,5.07649777553257,0.0419771814227389,0.773305634900026
"MAPK1",4.27291401040372,0.310690305692011,4.6648091538924,0.0469697533987877,0.631004933783433
"MAPK14",2.38428310803663,0.338281347320435,5.45935546174977,0.0564762715695574,0.789924694884446
"MAPK1IP1L",6.14222065830839,0.284696505947154,3.66838163672445,0.0372943901699681,0.47286419111919
"MAPK3",1.19354755265868,0.142169659769824,4.71287439998773,0.0425104144837459,0.719034017138406
"MAPK6",2.28515870491239,0.216968180651488,4.55467621039159,0.0440939360908147,0.677486367177357
"MAPK7",5.25882505540754,0.609753497424906,7.5883599389865,0.0698513813591647,0.837444819527395
"MAPK8",2.94961799999566,0.382445706450958,5.57679018910445,0.0580655374365345,0.779537782394183
"MAPK8IP3",2.76461082241327,0.325001576015414,5.20660437174392,0.0536372756872502,0.746039989613087
"MAPK9",1.15492428319623,0.256112195423416,5.5503695143142,0.055833451412588,0.847312386393145
"MAPKAP1",3.23221426934745,0.264122624213236,4.54091257055178,0.0452420818022674,0.649961049078162
"MAPKAPK2",1.28836938157177,0.12058864534245,4.35531118418639,0.037529688481145,0.661646325629707
"MAPKAPK3",0.881204974558174,0.0759093818489812,4.44953066850021,0.0355398000266516,0.671513892495456
"MAPKAPK5",6.0483134388151,0.484122064179202,6.40551619332526,0.0601711412093548,0.719034017138406
"MAPKAPK5-AS1",4.55405773670724,0.377568786542058,5.2580704394739,0.0532286264850528,0.681641132173461
"MAPRE1",3.53117879193928,0.19870121050498,3.66749492494544,0.0343317318986008,0.531290573876915
"MAPRE2",0.781673407432498,0.0955440018681759,4.78112256277421,0.0406592491748703,0.729161256816411
"MARCH5",3.39798399061255,0.242135500346016,4.18062817008827,0.0412671794089594,0.601661905998442
"MARCH6",2.80855011109494,0.180635747229246,3.65318348209354,0.0340403013666213,0.545832251363282
"MARCH7",2.73220750643217,0.20295162865165,3.9717504513175,0.0382548680772792,0.591534666320436
"MARCH9",0.788301029929315,0.310524474775137,5.93281249063494,0.0617977228332941,0.915346663204363
"MARCKS",0.520738147565034,0.0174107885935685,3.58529955848603,0.0209399942601648,0.521682679823423
"MARCKSL1",0.502756400937689,0.00774243253950911,2.81833426189204,0.0106381995382742,0.393923656193197
"MARK2",2.2949814097513,0.278982069414049,5.06724524552791,0.0512710281922117,0.745520643988574
"MARK3",4.7715757963772,0.366789917220774,5.11248069020666,0.0515938530398816,0.659309270319398
"MARK4",13.9157717348708,0.847098113403384,15.2491685147354,0.0758678929411326,0.873019994806544
"MARS",2.54864793327403,0.298201169105034,5.09137540610856,0.0519649817042387,0.740067514931187
"MAST3",0.438902136874535,0.202796783187906,5.92096604005005,0.057913355430132,0.92002077382498
"MAST4",0.446072620302556,0.0391330302370382,4.60279784261598,0.0349770244747335,0.69306673591275
"MAT2A",1.74972843887787,0.0677670555553985,2.61716753993196,0.0152427487195033,0.388210854323552
"MAT2B",3.29301307742672,0.18226220995184,3.40268804889218,0.0315866509556581,0.503505582965464
"MAU2",2.71851505516885,0.360841411564883,5.49682765233409,0.0570863706932649,0.78057647364321
"MAVS",2.62015566562681,0.287597601090544,4.97344077929413,0.0505229082458092,0.723188782134511
"MAX",8.5979441390799,0.28409498274793,3.09391340195001,0.0316048552210541,0.359646844975331
"MAZ",3.37607198009296,0.171186734967539,3.24952358975623,0.0293465136440658,0.480135029862373
"MBD1",6.23551856709569,0.485186569509229,6.32800390076399,0.0597609944663876,0.705011685276552
"MBD2",1.78569201199863,0.169062514549538,4.51148663914216,0.0414307715065554,0.679044404050896
"MBD3",3.2230889317284,0.474554803109611,6.2454532137514,0.064386023226221,0.831732017657751
"MBD4",3.53519785562604,0.281106305640585,4.50151841773573,0.0456153140122078,0.637496754089847
"MBD5",5.4560494035789,0.588584322427966,7.36924930588705,0.068285220375895,0.813295247987536
"MBD6",1.79727806238945,0.186250967999672,4.54345297536366,0.0429542724916713,0.687094261230849
"MBIP",3.04006373340717,0.388875794266248,5.61236905861245,0.0583486784516527,0.779278109581927
"MBNL1",2.01303997098367,0.0618011999846849,2.19160788769379,0.0100644609369957,0.321474941573617
"MBNL2",1.10473801313592,0.0677894935704714,3.65340647211597,0.026386273004017,0.547649961049078
"MBOAT7",1.26259986903825,0.131237617066748,4.5455591988124,0.0400863683379368,0.691249026226954
"MBP",1.21617129145555,0.104948296457964,4.2410386525304,0.0353410752910119,0.642949883147234
"MBTD1",1.27661845829796,0.365603688520186,5.90459512586474,0.0627387149590338,0.891716437289016
"MBTPS1",1.48669725797427,0.0765253462507396,3.17918531276393,0.0220696072841997,0.476499610490782
"MCAT",2.62730537557047,0.445920979524991,6.06048647407638,0.0637320943357953,0.843417294209296
"MCCC1",2.74435166778404,0.416552046766593,5.87422001775848,0.0614107695699458,0.819267722669436
"MCCC2",0.577541459405842,0.0402909369212995,4.2318543691619,0.0306755999670868,0.633082316281485
"MCEE",1.06028114267094,0.112347365752663,4.54178089883993,0.0390608155348216,0.691768371851467
"MCFD2",4.46815822725404,0.214868647600816,3.31524934859823,0.0320428767706727,0.471046481433394
"MCL1",1.51627605550057,0.0215701036530906,1.34265044858369,0.00455051548482421,0.171903401713841
"MCM3",0.573390776875145,0.0891445711048696,5.11358812645239,0.0439653739822951,0.782134510516749
"MCM3AP",4.51475066069209,0.363265347524744,5.09794075466939,0.0518074923522858,0.667618800311607
"MCM5",0.366686262914581,0.0614477975919879,5.30704022412909,0.0446000338678398,0.810438847052714
"MCM6",0.354929841518993,0.0914875232669385,5.60725444926061,0.0496294831542778,0.862633082316281
"MCM7",0.475205909177593,0.0621703726190372,4.9967336559018,0.0410698591547035,0.760321994287198
"MCMBP",2.69031292870332,0.301757976470473,5.08917576801001,0.0518308941008155,0.734354713061542
"MCOLN1",1.01195151635741,0.101000684343391,4.49601376490922,0.0378265433033985,0.683199169047001
"MCRS1",10.786325854598,0.550345296263824,7.85691316086762,0.0603155291960184,0.636458062840821
"MCTS1",5.06719889697785,0.262625977449158,3.8918980612487,0.0382187513172353,0.522461698260192
"MCUR1",3.65196459590577,0.20650244312523,3.62219750733332,0.0345253369720783,0.524798753570501
"MDC1",1.54746742020993,0.315163133026933,5.61211216743699,0.0581527232761643,0.842638275772527
"MDFIC",1.27321759161223,0.16926150778106,4.93048486608597,0.0459600657706797,0.750973773045962
"MDH1",2.776989606566,0.110816991881864,2.64979181668324,0.0194033121888092,0.397299402752532
"MDH2",4.17273518476557,0.0821054746039474,1.29473436283227,0.00332690264246775,0.194494936380161
"MDK",0.409989526804801,0.00266811667507645,2.3028764054735,0.00374776541617637,0.308231628148533
"MDM1",0.85097199109227,0.284235301148207,5.82170463181592,0.0597786640019332,0.896909893534147
"MDM2",1.4179127923096,0.122500190264886,4.18664761928967,0.035938952242518,0.635679044404051
"MDM4",3.11184175073716,0.251648873677485,4.33392328617643,0.0434693030726536,0.629966242534407
"MDN1",1.19744892750919,0.212385233133247,5.27890509819002,0.0514760486351137,0.806284082056609
"ME2",0.911675335427108,0.0796401653524445,4.39847540888891,0.0353004382172031,0.664762399376785
"MEA1",118.413246245047,0.790960406991003,59.8034535171871,0.0644708361911294,0.254219683199169
"MEAF6",2.47452233855719,0.0751855752909985,2.00797141846832,0.00976566814825395,0.29940275253181
"MECP2",3.01120101720613,0.234335754839697,4.24314543162097,0.0418431393368301,0.620098675668658
"MECR",32.5817229616433,0.892819741035311,29.2415499015815,0.0687148821160593,0.81069851986497
"MED1",0.683612377199021,0.0934094378310449,4.91676391447415,0.0420622087873636,0.751233445858219
"MED10",4.64420713695413,0.237643989659935,3.46341458223653,0.0346385116887894,0.486886522981044
"MED11",2.50198094366238,0.296936736360619,5.10383081232751,0.0520633640917196,0.743183588678265
"MED12",3.27311109600109,0.423148090078892,5.85778398558102,0.0605334058978614,0.793300441443781
"MED13",3.56481175380778,0.35242685900815,5.20479425668011,0.0534886080088262,0.714879252142301
"MED13L",1.45838746014613,0.101460341618003,3.77260770831,0.0302719683072328,0.570760841339912
"MED14",5.686875827294,0.60384947890131,7.63222706023725,0.0690524392730416,0.821085432355232
"MED15",3.46390140214447,0.249746875227343,4.22164417018543,0.0419511554592537,0.605297325370034
"MED16",4.26177160362974,0.421329049545847,5.73151051674421,0.0580059505166749,0.737990132433134
"MED17",3.9555703695152,0.544078462014183,6.73992166758886,0.0674575222268497,0.837444819527395
"MED19",2.6624830800415,0.253974353621908,4.60336919073582,0.0461593818783692,0.676188003116074
"MED21",2.63922051095767,0.266684114441453,4.75607094111852,0.0479434972374619,0.695923136847572
"MED23",1.98098272306813,0.290269334747278,5.26055258346726,0.053794760129231,0.781615164892236
"MED24",1.8883129558491,0.277915993348904,5.2268480996455,0.0531281261282276,0.780316800830953
"MED25",3.02092756827419,0.375613938817885,5.53915651291959,0.0573797086886759,0.772266943651
"MED27",2.57862323894123,0.447875317536384,6.06768269640574,0.0639557146182389,0.846533367956375
"MED28",15.8437542551816,0.565378700535515,8.97287666095924,0.0579894920928798,0.538821085432355
"MED29",3.55633348651269,0.274489758084478,4.4185367032841,0.0446691106281238,0.627109841599584
"MED30",5.92695328258138,0.409198158491102,5.40192994139398,0.0532232118543901,0.642430537522721
"MED31",2.42160326597285,0.323359421024436,5.30857680456178,0.054843352371744,0.771228252401974
"MED4",4.51036579626031,0.306492849311166,4.3968490693119,0.0450241420997936,0.595949104128798
"MED6",2.26558808985254,0.482977733445161,6.25362977145612,0.0668051076533404,0.880290833549727
"MED7",6.63730388350098,0.683103889932469,8.76113224780281,0.0726627959819258,0.848091404829914
"MED8",5.72149286575169,0.367618597669794,5.07494279764906,0.049771427532368,0.620877694105427
"MED9",3.06321321941772,0.494757744083956,6.32681216197519,0.0658806672375375,0.846793040768631
"MEF2A",1.26120428706423,0.079350359711069,3.6591020627406,0.0273636632982638,0.550246689171644
"MEF2C",0.269432922540177,0.0124415092064498,4.40908769738375,0.030624830051693,0.655414178135549
"MEF2D",1.38868296760346,0.153346964630927,4.56902736342202,0.041691767909432,0.696442482472085
"MEGF9",0.736741299109184,0.125814891670953,5.19771076854874,0.0467750873149187,0.797195533627629
"MEMO1",6.66946493805262,0.611798681870333,8.01554009574482,0.0686296803608283,0.803427681121787
"MEN1",1.56839019542847,0.38073625394414,5.88962100906698,0.0625918398155026,0.876395741365879
"MEPCE",3.64277255651737,0.522822436487306,6.5842932314545,0.0666958468292582,0.840301220462218
"METAP1",5.27891006303466,0.468364400518637,6.19265508620511,0.060067223870987,0.734354713061542
"METAP2",5.45894466460687,0.226503024578643,3.18272430182931,0.0308273521231045,0.434432614905219
"METRNL",0.301462136675594,0.0362054300316763,5.13679621476607,0.041094141482633,0.77901843676967
"METTL1",1.22258076431521,0.294896544802988,5.71328518845555,0.0585735462372921,0.8673071929369
"METTL14",1.94476122877816,0.301813764149241,5.34722317073787,0.0550092015004701,0.794079459880551
"METTL15",1.42385641610446,0.272550311056839,5.44572795358911,0.0553272616746515,0.824980524539081
"METTL16",2.32650898378649,0.384641655544554,5.72951880787788,0.0602311312345051,0.823422487665541
"METTL17",6.07607117375036,0.430952381327138,5.654344601899,0.0550843761056843,0.658010906258115
"METTL18",0.978564202639195,0.379650705949049,6.02154049218928,0.0646948618487231,0.920540119449494
"METTL21A",1.88074912969995,0.271785678594467,5.2318422351429,0.0528089221358719,0.780316800830953
"METTL22",7.96984010295865,0.690540510139163,9.39928818595666,0.0721062170819888,0.828615943910673
"METTL23",6.52637911244322,0.381580845570933,5.01499818097377,0.0491777074289968,0.587639574136588
"METTL2A",2.33325581424891,0.499508876433206,6.32628722684566,0.0675853071932536,0.883666580109063
"METTL2B",2.94614985833675,0.567907262836563,6.74698864739435,0.0702874584117003,0.888081017917424
"METTL3",1.71632070311312,0.235771625152183,5.01034305789596,0.0497186653735001,0.75642690210335
"METTL4",0.903083020218965,0.282217816221211,5.78985422753778,0.0593391716969596,0.890418073227733
"METTL5",14.1762883968971,0.431943509951789,5.6239226231798,0.0451480849186563,0.406387951181511
"METTL6",3.60325531731512,0.575008994613809,6.91476263947859,0.0697757233638417,0.868086211373669
"METTL7A",0.62937688623641,0.0564849893017175,4.44138357407393,0.0343576909338291,0.670475201246429
"METTL8",1.62907298128301,0.285894531801581,5.44068654035654,0.055459078746938,0.816670994546871
"METTL9",3.96135408268261,0.148903275702138,2.45217391789719,0.0206624947008932,0.366917683718515
"MEX3C",1.29545327647755,0.320036172271752,5.74348214512747,0.0597669552753719,0.869644248247209
"MFAP1",2.87337262432319,0.323140726154411,5.14174368751116,0.0529710907884044,0.734614385873799
"MFF",11.9536233440172,0.341376573162407,3.82902808854647,0.0355879797366526,0.344066476239938
"MFGE8",0.203687595507125,0.00716860516963923,4.42254339848127,0.0304117309781588,0.656712542196832
"MFHAS1",0.583217522904043,0.161848294282273,5.63640014067543,0.0531453537330669,0.870163593871722
"MFN1",1.95194430698795,0.277056585433424,5.19671729753043,0.0527421381615392,0.774084653336796
"MFN2",3.78371343682745,0.408683504033056,5.73324851804962,0.0582631375953225,0.758504284601402
"MFNG",0.365637245970144,0.068173889072843,5.39710256611533,0.0460026452765499,0.82575954297585
"MFSD1",1.17338141369919,0.0452496621278051,3.0226825481889,0.0171769959371671,0.441703453648403
"MFSD10",2.86514739854634,0.103444109862161,2.36462407081473,0.0160780375324341,0.356011425603739
"MFSD11",2.78386682917092,0.288570910085588,4.89751566470719,0.0498077635966211,0.708647104648143
"MFSD12",0.729221265895228,0.102909705433653,5.03294795811034,0.0437169145495927,0.768631524279408
"MFSD14B",4.26189296772963,0.4583119234861,6.11120157893527,0.0611535355895372,0.771747598026487
"MFSD3",0.664016225370793,0.13013036186861,5.33398502870204,0.0484735481017772,0.81978706829395
"MFSD5",11.6149143854903,0.691012220410999,10.7388061212944,0.0697820320503351,0.758504284601402
"MFSD8",2.14500277151333,0.480217143746877,6.22040798146939,0.0668518513713082,0.883406907296806
"MGA",1.96563822542666,0.265034966138291,5.10568143761227,0.0514647344372409,0.761620358348481
"MGAT1",1.23226560935433,0.0376338254319215,2.62623225364208,0.0119125944126711,0.377304596208777
"MGAT2",3.35821437512535,0.387990457123215,5.61435757676051,0.0576016517064838,0.765255777720073
"MGAT4A",0.896902562674415,0.0567578239173587,3.97105547767048,0.0288489186328641,0.593352376006232
"MGAT4B",1.44604221290294,0.231168433610925,5.21656359223452,0.0514777433081145,0.791223058945728
"MGAT5",1.92647846118714,0.365556559264294,5.74311818062106,0.0603141530134564,0.842638275772527
"MGLL",0.16562971238534,0.0061131393977842,4.64683797042481,0.0331371767662414,0.693586081537263
"MGME1",2.98940352570008,0.44076483724114,6.04346436280719,0.0626361744151403,0.824201506102311
"MGMT",4.66326073578755,0.18931054180152,2.6610082778442,0.0254145719191894,0.389509218384835
"MGRN1",8.66523537499853,0.467369967393235,6.15860516819562,0.0547844047265419,0.601661905998442
"MGST1",0.267480895907277,0.00837928088096353,4.12614346497163,0.0267997254778605,0.607894053492599
"MGST2",0.717447821749095,0.041449028317634,3.84029029503687,0.0262280993233076,0.570760841339912
"MGST3",1.70890854578308,0.0215259164392333,1.12556496756346,0.00692559605409364,0.139444300181771
"MIA3",1.48591649127581,0.11334330899008,3.93317873503876,0.0327753815266381,0.596468449753311
"MIB1",1.26472368397853,0.162080645227628,4.81062922140192,0.0445628685589343,0.734354713061542
"MIB2",2.04703794119228,0.279921098208084,5.16912589331522,0.0525150101101507,0.767333160218125
"MICA",2.230189197095,0.284134445496479,5.09499932687814,0.0519056329735678,0.752012464294988
"MICAL3",0.497030808540807,0.145910823862043,5.65698751454434,0.052727029869044,0.87405868605557
"MICU1",3.33879337546655,0.277418321568552,4.59268935620282,0.0462314042901696,0.653596468449753
"MICU2",3.82120835863392,0.311053567961495,4.68572756210241,0.0480138460551765,0.649701376265905
"MID1IP1",0.576151931322945,0.0670962138113817,4.81269748221837,0.0392678996205831,0.731238639314464
"MIDN",1.2584524269836,0.0878958145304127,3.89123449281497,0.0304322671813842,0.586600882887562
"MIEF1",2.63772397093493,0.403333143841398,5.85457346084426,0.0609159376935578,0.821864450792002
"MIEN1",0.793638947854674,0.0175056129493192,2.27031370898194,0.00547105680230648,0.313165411581407
"MIER1",4.57276234714062,0.240504251284453,3.47577088703785,0.0350832521367398,0.490781615164892
"MIF",1.60210784826299,0.00403117057744388,0.385837833400014,0.0184446348021334,0.0106465853025188
"MIF4GD",2.69153065057094,0.20860738074733,4.18137553316123,0.0401383259053294,0.618280965982862
"MIIP",2.90038879197638,0.229114493213235,4.39210983225093,0.0425557720414127,0.639314463775643
"MINK1",1.60558649489623,0.143383589517426,4.31010920097371,0.0382819642361596,0.652557777200727
"MINPP1",1.72564171887182,0.315604881814889,5.53341102096244,0.0572952424904451,0.82575954297585
"MIOS",3.33798733564496,0.45167836436809,6.07126734763943,0.0625287140627739,0.810438847052714
"MIR22HG",0.629871181747964,0.104891475309762,5.1808530271641,0.0455362040079088,0.793819787068294
"MIR4435-2HG",0.645360007251348,0.0275419813593399,3.55025902534508,0.0215588286957458,0.520124642949883
"MIS12",1.422348465979,0.336750349248903,5.76072262961274,0.0603128678233589,0.866787847312386
"MIS18A",1.280807552215,0.309507885059269,5.71805873978867,0.0591587893608279,0.86652817450013
"MIS18BP1",1.29334707350089,0.0980863574944395,4.02727649358255,0.0325955861411516,0.608673071929369
"MITD1",5.03845346136049,0.4213796981799,5.61761345667446,0.0561932098651545,0.695663464035316
"MKKS",4.9954011031739,0.241061030251052,3.56803480629268,0.0348874150163734,0.488444559854583
"MKLN1",2.18744512131724,0.169901140135751,4.00375484214043,0.0368523185367815,0.603479615684238
"MKNK1",1.21179719202866,0.142252632395929,4.77204424854906,0.0429431936691546,0.726045183069333
"MKNK2",1.22335474659387,0.0764858879542873,3.69559099109806,0.0274842254688672,0.554920799792262
"MKRN1",4.45220185576103,0.233699038258431,3.55962116100983,0.0351302662204441,0.501428200467411
"MLEC",1.57222057120348,0.0381713686864952,2.07257408703581,0.00585171181221664,0.292651259413139
"MLF1",0.48542805087779,0.111622792916862,5.49334152951323,0.0493271386433302,0.845235003895092
"MLF2",3.540797150354,0.0654427900425601,1.09304285157111,0.000476783804411143,0.163593871721631
"MLH1",2.30451599097073,0.338921302713982,5.47919397732466,0.056799830872487,0.79563749675409
"MLH3",1.60954054993097,0.289358863039265,5.44025113240076,0.0557038616118304,0.817969358608154
"MLLT1",3.04286440451526,0.401328579809532,5.76496330676083,0.0595682385790062,0.794339132692807
"MLLT10",4.05558566669536,0.325881230552203,4.86715853451414,0.0493367289996012,0.660347961568424
"MLLT3",0.62405805762656,0.104745144367938,5.16823322645887,0.0454287271130347,0.792261750194755
"MLLT6",2.28371662504529,0.18375322179122,4.1039097855201,0.0385165192067685,0.616463256297066
"MLST8",4.70203666434745,0.308001158116706,4.52999251014191,0.0453476921187298,0.602440924435212
"MLX",4.10458338008052,0.192149180700839,3.34290046554796,0.0306859072009563,0.477797974552064
"MLXIP",1.75505050774989,0.169755373463909,4.44387188777675,0.0410707423870764,0.672033238119969
"MLYCD",2.3677709285878,0.483193136119957,6.24555609980341,0.0665721324384329,0.874318358867826
"MMAB",2.4402570709525,0.246578325249493,4.77818519303947,0.0471693471029755,0.702674629966243
"MMADHC",6.39699717290817,0.209023813216484,2.49811014114238,0.0242565234312679,0.341210075305116
"MMD",0.612213759274892,0.146447837384086,5.52876322913126,0.0512932087978217,0.851726824201506
"MMGT1",4.26267362098996,0.43703865541525,5.90753970032005,0.059420092991954,0.753830173980784
"MMP14",0.396968514223606,0.0140834611566784,3.74282885060056,0.0226188063780533,0.547130615424565
"MMS22L",0.504890936859043,0.239793934276497,5.94336515896505,0.0595666968186245,0.923915866008829
"MNAT1",3.12420916489221,0.316869083552313,5.03363316699523,0.0515025966123374,0.712542196831992
"MNT",5.67530570774389,0.648434394564254,8.06755244653911,0.071608804547278,0.849130096078941
"MOAP1",1.24131230844942,0.192651597602835,5.0941701646437,0.04882733380865,0.777979745520644
"MOB1A",2.52316920474,0.0817556386620498,2.33597939081904,0.0134912088572025,0.345884185925734
"MOB1B",2.03331329556082,0.326613328683421,5.50598916228101,0.0569396267194298,0.809659828615944
"MOB2",1.49855621460286,0.128840293132449,4.11362496306552,0.0357002067366435,0.625811477538302
"MOB3A",2.75084658314461,0.285137394567514,4.90924661023189,0.0497196672093509,0.710724487146196
"MOB3B",0.383135487835156,0.0841154483831879,5.49281186314332,0.0479532445918712,0.84315762139704
"MOB4",3.70461766711388,0.416995102951279,5.71539825917469,0.0588300143602879,0.760581667099455
"MOCS2",2.34024239421728,0.180348589220399,4.02760693700626,0.0375730844274923,0.604518306933264
"MOGS",2.86121684991144,0.401061133069108,5.76175075251568,0.05995162758642,0.80238898987276
"MON1B",4.50400835667143,0.45952127415457,6.09111692977592,0.0607086896695118,0.759283303038172
"MON2",2.03495255273821,0.189524136380195,4.34715461471023,0.0412493106401557,0.655673850947806
"MORF4L1",4.57531997708525,0.070910105106312,0.626653245115709,0.00385717521883521,0.104128797714879
"MORF4L2",1.3557179852019,0.0422013928557142,2.46962723310285,0.0107798417123505,0.356011425603739
"MORN2",1.13283788661071,0.110898736125252,4.47821435733473,0.038180168900898,0.680083095299922
"MOSPD1",2.68405610773844,0.498688408787217,6.36174352086746,0.0669151162548836,0.868865229810439
"MOSPD2",3.84171980298977,0.504623463207764,6.51181931127054,0.0653039872791191,0.824980524539081
"MOSPD3",3.38792521565859,0.246046588819915,4.17252629424448,0.0415533385877322,0.601921578810699
"MOV10",1.89530071679589,0.273853656884225,5.21612217670334,0.0528070149151033,0.778239418332901
"MPC1",6.12882570776272,0.243281566704317,3.20646456528021,0.0315185277168501,0.423266683978188
"MPC2",1.75783583680394,0.0472545688628751,2.12010239130307,0.00752826469696521,0.304336535964685
"MPDU1",2.88757776469653,0.247817399073511,4.52702326375792,0.0447592821363328,0.658270579070371
"MPG",5.19730228744256,0.144494932268286,1.83653115519511,0.0145705747752744,0.27447416255518
"MPHOSPH10",2.31041316316117,0.243513122465248,4.75603162998679,0.0471530548547293,0.704752012464295
"MPHOSPH6",1.41020253310381,0.169118747086267,4.76107176628848,0.0442905174226575,0.724227473383537
"MPHOSPH8",2.70876963239155,0.0971565905446489,2.18042829907162,0.0139605008139321,0.33186185406388
"MPHOSPH9",0.855434855618712,0.231508919484755,5.64949538377734,0.0560820024013575,0.869903921059465
"MPI",10.7301792672396,0.697854363112245,10.6000440875626,0.0707220860645764,0.784471565827058
"MPLKIP",5.66609028701354,0.277053358169446,3.7336992030462,0.0376840650450075,0.491560633601662
"MPP1",0.382124651538066,0.0328850966962737,4.80925940516598,0.0368928486912265,0.724227473383537
"MPP5",1.26536581837599,0.240581336138391,5.38454609349786,0.0536216511160607,0.820566086730719
"MPPE1",2.99192480070087,0.290212716094971,4.80586664494043,0.048971488109132,0.690989353414697
"MPRIP",0.88297236491136,0.0648485093520089,3.99927772599933,0.0300124722515235,0.601921578810699
"MPST",2.7937837822859,0.173673105317694,3.66612817538317,0.0335157347879966,0.545572578551026
"MPV17",13.0241750331502,0.423429696115729,5.67823010260636,0.0456483444097083,0.44118410802389
"MPV17L2",2.52854378480671,0.420848203544541,5.94395810183471,0.0623563926131659,0.836406128278369
"MPZL1",1.56495484787265,0.0912928266922918,3.52380107615169,0.0267582322189364,0.529472864191119
"MR1",1.5813157769442,0.265748650246584,5.35937986186477,0.0540010655628772,0.807063100493378
"MRFAP1",3.72802453456623,0.0941860902960077,1.48979870392528,0.00691426665210023,0.229810438847053
"MRFAP1L1",2.73204319746388,0.182511722672912,3.69511813963229,0.0346515339827159,0.553622435730979
"MRGBP",1.75564015973875,0.498549731781482,6.30884859048477,0.0687379302057513,0.91249026226954
"MRI1",1.15208458049388,0.142360277011633,4.7281452939459,0.0427668790944048,0.722669436509997
"MRPL1",1.65181879922795,0.287707453140582,5.44577149487071,0.0555238443233887,0.816411321734614
"MRPL10",4.75405839347535,0.359840194831488,5.03337170515548,0.0508795961514189,0.652298104388471
"MRPL11",6.53979342087977,0.269693080218186,3.60213108360011,0.0351056063574113,0.454167748636718
"MRPL13",4.03265822742606,0.248197929277802,3.9858441912418,0.0394144356173249,0.561412620098676
"MRPL14",4.35994830121218,0.124624603467466,2.1713566449361,0.0153524961420156,0.317320176577512
"MRPL15",2.38996630901123,0.20161412843578,4.3981916529391,0.0416728828904697,0.652038431576214
"MRPL16",8.13542324018576,0.376342915907828,4.79949129135837,0.04571126593459,0.517527914827318
"MRPL17",2.76183461655164,0.138643542131029,3.23580490581403,0.0270641910699776,0.482472085172682
"MRPL18",7.34162304349649,0.280492690077006,3.33871723261843,0.0338139938151202,0.410542716177616
"MRPL19",4.10028812675928,0.263250489872464,4.16436624316427,0.0414127843071343,0.580368735393404
"MRPL2",4.75147226028602,0.324342672782039,4.68610149243008,0.0470901847234825,0.617242274733835
"MRPL20",5.81743074223144,0.136037064827403,1.44138999907914,0.0104120489393074,0.219683199169047
"MRPL21",4.38778000180527,0.240687691919005,3.82544886667908,0.037267594676079,0.532329265125941
"MRPL22",5.9295522330737,0.38392824234801,5.20341977466614,0.0509367599727785,0.625032459101532
"MRPL23",1.54262987312553,0.252767840431884,5.36741501951321,0.0534092150080946,0.807842118930148
"MRPL24",4.38488627214024,0.217428730671711,3.46002849030157,0.0332361661020019,0.489223578291353
"MRPL27",14.0846223493118,0.424391281107176,5.54405702877313,0.0444755225734469,0.404829914307972
"MRPL28",5.45922164782267,0.298322148538548,4.13392116934307,0.0415298650644608,0.538561412620099
"MRPL3",2.57104099117084,0.131078261548436,3.1964603280555,0.0263215686049454,0.479356011425604
"MRPL30",1.3027056414991,0.41965291524878,6.06921052728751,0.0657311091328169,0.910672552583744
"MRPL32",4.37476453441159,0.253606072384161,3.88388143500523,0.0386809049816497,0.541158140742664
"MRPL33",4.37515194254717,0.102249417186758,1.30253229056674,0.00610041062512314,0.204881848870423
"MRPL34",5.77707613913347,0.18801554641187,2.40416895608343,0.0222981862439848,0.338873019994807
"MRPL35",3.62274889730752,0.353787019349668,5.29273139253133,0.0537990614716539,0.721111399636458
"MRPL36",2.89401670202099,0.124874686968328,2.846311889065,0.0223913761583744,0.425863412100753
"MRPL37",5.35196802543549,0.26768855520755,3.90432768741555,0.0382039985699363,0.515969877953778
"MRPL39",2.09596053147082,0.34487193397211,5.58994404423425,0.058145808588815,0.817190340171384
"MRPL4",4.03935860349888,0.164529338858854,2.86392508468402,0.0250103436274269,0.4178135549208
"MRPL40",7.50837326982958,0.314172430789246,3.93748914846825,0.0388293360663957,0.461957933004414
"MRPL41",3.95573993113405,0.0771015163599192,1.23440334366033,0.00224596407643894,0.185925733575695
"MRPL42",2.97586280712662,0.190780658119922,3.75366906321064,0.0352776756337472,0.555440145416775
"MRPL43",4.83075359548429,0.135370606471182,1.76413945852888,0.013343733794795,0.268242015061023
"MRPL44",3.77557407707834,0.422528791798725,5.88461866073648,0.0595320782329433,0.773045962087769
"MRPL45",4.91262450213449,0.329975682465208,4.69480533578068,0.0472201142929051,0.612827836925474
"MRPL46",31.5498728848065,0.871949287861629,27.2734429338102,0.069091792451484,0.778758763957414
"MRPL47",2.93797530428519,0.236917774879917,4.38031845341184,0.0429968011221231,0.638275772526616
"MRPL48",2.48932286984969,0.329186443429907,5.39218463662647,0.0553977552638526,0.777460399896131
"MRPL49",2.10338026797792,0.253622522423816,4.93449558457338,0.0493989487359238,0.734874058686056
"MRPL50",3.53415963037022,0.326672046543151,4.97248473447519,0.0509472851998651,0.690989353414697
"MRPL51",4.18871662776459,0.0903337032910907,1.29071572502628,0.00446343560830256,0.198649701376266
"MRPL52",4.32316535571605,0.101825742627732,1.62483971431357,0.00850166101682457,0.243313425084394
"MRPL53",47.3962500989438,0.957262847772476,45.2549008580239,0.0601306715294819,0.891197091664503
"MRPL54",7.36094240582969,0.223205646651474,2.56951849835987,0.0249133272514171,0.331602181251623
"MRPL55",5.53621628900577,0.239862450433381,3.24349627373152,0.0322675720628232,0.44118410802389
"MRPL57",6.42120156055072,0.12558169360061,1.16610007449558,0.00687543939973824,0.179433913269281
"MRPL9",4.84871523529342,0.286063067447698,4.15593934736908,0.0417450425992835,0.558556219163854
"MRPS10",5.17581437342337,0.357370304370017,4.98174461874147,0.0497306086253078,0.631783952220203
"MRPS11",32.3905410882611,0.754856462289163,21.3063289142021,0.0657013329488694,0.588418592573358
"MRPS12",3.69449299380919,0.172159285419239,3.20268116700098,0.0285717413216193,0.466891716437289
"MRPS14",6.16594768365872,0.344444886629061,4.57471771006813,0.045601197657991,0.560114256037393
"MRPS15",7.57392944548389,0.252549753589047,3.14714651231285,0.0301374723967433,0.384835107764217
"MRPS16",2.89045822678059,0.0846809230564474,2.07135005464007,0.0111697319431568,0.30771228252402
"MRPS18A",2.77703887279184,0.24699919185637,4.51712012801568,0.0449003267383578,0.661126980005193
"MRPS18B",4.10260504654084,0.183370014657159,2.9993061374658,0.027716677876958,0.437548688652298
"MRPS18C",7.01131712835725,0.328017703570198,4.16842380289806,0.0415289459820708,0.49701376265905
"MRPS2",6.12527280706557,0.379914164875334,5.17997252005898,0.0502557360252668,0.615943910672553
"MRPS21",10.6014205824862,0.156465072088579,0.557868927406266,0.00525905997445432,0.0921838483510776
"MRPS22",4.38830944754095,0.393657901234302,5.53305320672753,0.0554960493408017,0.714100233705531
"MRPS23",4.76251558646661,0.30876602609858,4.51043541089424,0.0452042849281606,0.598545832251363
"MRPS25",6.79133970150915,0.367351943483483,5.00137807280594,0.0477034461646082,0.577512334458582
"MRPS26",2.19972314133021,0.0906484039518495,2.75493953677574,0.0187287898469479,0.411841080238899
"MRPS27",3.30008597593799,0.328691475063067,5.10276727239014,0.0521628391059099,0.713580888081018
"MRPS28",3.31569219903355,0.294850783137053,4.77335147224104,0.0483928787969488,0.675668657491561
"MRPS30",0.277703988779877,0.00829401813306523,3.94196204676641,0.0245492553279358,0.578031680083095
"MRPS31",3.54471392923843,0.373359195982414,5.41565485665352,0.0556183680819904,0.737470786808621
"MRPS33",6.98875305221756,0.295146776486539,3.85161976731492,0.0376608227382351,0.467411062061802
"MRPS34",3.33038768907228,0.0933296108600564,1.91640677881823,0.0105783432867998,0.286938457543495
"MRPS35",2.26524500551243,0.131292573792271,3.52928036266732,0.0295197800513116,0.528953518566606
"MRPS36",7.28644308113209,0.241844442656832,2.82403234587525,0.0280389681109182,0.359906517787588
"MRPS5",8.06630840805916,0.387986784746077,5.05953356591948,0.047427131474552,0.540638795118151
"MRPS6",1.05398542270765,0.0349315692332738,2.7626433704713,0.0132225906384744,0.398338094001558
"MRPS7",8.12216630990573,0.307761698781867,3.82355999546902,0.0370291594013022,0.435471306154246
"MRPS9",2.70218945574311,0.391252622247399,5.72545926978623,0.0596684668434224,0.805764736432096
"MRRF",15.5516533211428,0.702996267668926,12.6514656075054,0.068439445099133,0.716696961828097
"MRS2",5.71874008166458,0.472692815449833,6.30397943617811,0.0598326936288258,0.725006491820306
"MRTO4",3.28670171696455,0.333576412216665,5.19157924807577,0.0528837499005481,0.723448454946767
"MSANTD3",0.47002238684451,0.135960806018043,5.65945791208788,0.0522858020838084,0.873799013243313
"MSH2",0.929698452439425,0.23748256158109,5.60932283580164,0.0559005127415616,0.862373409504025
"MSH3",2.24227082726085,0.335794890726901,5.48224048454212,0.0567973677289925,0.798493897688912
"MSH6",1.53628486213253,0.229339518718057,5.13760728082759,0.0506060064524378,0.777720072708387
"MSI2",0.48828096382164,0.040022734722744,4.51215030436862,0.0339466207517898,0.678265385614126
"MSL1",2.66550801866415,0.269127138073837,4.78841123927134,0.0482210549568967,0.698779537782394
"MSL2",3.22990019953703,0.564176235278657,6.77176403342402,0.0696772887173412,0.875616722929109
"MSL3",2.82360426757363,0.307972509998597,5.13550104925724,0.0521210401426215,0.734354713061542
"MSMO1",0.737468673578602,0.135712067377207,5.25506532079491,0.0479211981700377,0.807322773305635
"MSN",0.974814515149165,0.026273182663693,2.8046436699512,0.0125600214109127,0.399376785250584
"MSRA",2.6091580400349,0.266728151046182,4.88429386757151,0.0487114747973255,0.710984159958452
"MSRB1",2.71273276117129,0.316136900457245,5.21716971739636,0.0532739182303499,0.748377044923397
"MSRB2",1.50383221594761,0.169148561898891,4.6693940035926,0.04335158259902,0.709166450272656
"MSTO1",2.98618410003662,0.512690354164037,6.46714742978084,0.0672022213312687,0.862892755128538
"MT-ATP6",5.78816820028797,0.00323236200523122,0.134679739535076,0.0189379737371278,0.000519345624513113
"MT-ATP8",3.09064319106402,0.00314867644072318,0.26709499339342,0.0190841998330682,0.0018177096857959
"MT-CO1",8.02222606204595,0.00237944059546438,0.0320828051450607,0.0188876583159343,0
"MT-CO2",6.91414507954541,0.00233931584266312,0.0833808251670588,0.0189880222515913,0
"MT-CO3",5.80689979029189,0.00307777226995976,0.130443699888281,0.0189924486760748,0
"MT-CYB",5.20191754125757,0.00367934438034193,0.154571388238489,0.0189704604612829,0
"MT-ND1",4.08149339279394,0.00479066160450435,0.207878078711147,0.0188359261266912,0.00129836406128278
"MT-ND2",3.64707575199547,0.00698985193839206,0.208267608309174,0.0186399838733181,0.00077901843676967
"MT-ND3",4.48700704314592,0.00279894498287879,0.194490260281525,0.019121643698639,0.000259672812256557
"MT-ND4",4.7247670068335,0.00436039995072043,0.172013640019964,0.0189276658909799,0
"MT-ND4L",5.24319203381281,0.00359550335891505,0.153188464372421,0.018977231402325,0
"MT-ND5",3.15579085644388,0.00840613826863648,0.226850587727027,0.0184319180610868,0.0018177096857959
"MT-ND6",1.04585436673637,0.0122439753879437,1.3408825043593,0.00615002613068425,0.163593871721631
"MT1E",0.439653859370213,0.00399619339058436,2.3598833633782,0.0046327430246286,0.318358867826539
"MT1F",0.185908241634841,0.00514235159305704,4.29133809266801,0.0286450136929627,0.634900025967281
"MT1X",0.331201688530427,0.00217132864578519,2.27526706555833,0.00339798760129699,0.304076863152428
"MT2A",0.729414196317945,0.00119598110435588,0.72089659178794,0.0155922577542767,0.0540119449493638
"MTA1",1.34483287553907,0.145815878225194,4.56781221948448,0.0412089642914889,0.695663464035316
"MTA3",1.58457460336522,0.233945283670489,5.1194187579991,0.0506443154529439,0.774344326149052
"MTAP",7.5180292201499,0.695538699014584,9.26673514460974,0.0726779858976678,0.839522202025448
"MTCH1",4.90384574254213,0.109564283345273,1.34276558040725,0.00700695835382255,0.207738249805245
"MTCH2",2.94131769981318,0.130492095216285,3.08805694032026,0.0247715524677232,0.456764476759283
"MTDH",5.86759591345873,0.0898105467480169,0.636944370483396,0.00132057969132941,0.11010127239678
"MTERF1",8.47184619342393,0.832294875232206,11.5254372729913,0.0781991799843693,0.911451571020514
"MTERF3",4.65993546035523,0.618325978208936,7.49921149602201,0.0709497447885821,0.85899766294469
"MTERF4",3.18187573851677,0.340546791776768,5.20398080302322,0.0536023825182672,0.729680602440924
"MTF1",1.27924907286291,0.22163255816186,5.30427036178826,0.0519559134482147,0.807322773305635
"MTF2",2.24465834605021,0.252199768850442,4.8533407905178,0.0484755110169567,0.719813035575175
"MTFMT",3.85869591456414,0.562949017282974,6.88700726942555,0.0687653199563097,0.853544533887302
"MTFP1",0.93281322285698,0.129731648653228,5.01843016587132,0.0448932983326648,0.766034796156842
"MTFR1",2.68938677537151,0.500197478766156,6.37929584444786,0.0670168150892541,0.870163593871722
"MTFR1L",8.99775205051284,0.566847899346975,7.83731392029788,0.0632461880570192,0.699039210594651
"MTG1",3.4233280751371,0.2520245853721,4.19955415590324,0.0420960322459939,0.604777979745521
"MTG2",6.08506827856145,0.600998950216484,7.68371939068728,0.0684520191457895,0.806803427681122
"MTHFD1",1.74641011689417,0.242090680761338,5.13825664748336,0.050818509086287,0.770968579589717
"MTHFD1L",0.876579647054018,0.282000238400034,5.82613735821754,0.0596173711895259,0.895871202285121
"MTHFD2",0.812092434185094,0.0279906782980087,3.21954044836003,0.0176257724109401,0.466372370812776
"MTHFD2L",0.881427869601501,0.0969275593228015,4.66634388559455,0.0394129044592473,0.709945468709426
"MTHFR",1.25479641902723,0.208100406969412,5.19901525195853,0.0504998316521864,0.793300441443781
"MTHFS",4.01581094789663,0.352344190673163,5.15694078916178,0.0523367211816546,0.692028044663724
"MTIF2",2.75568582226032,0.381098748739444,5.73540335135448,0.0590466348055924,0.803687353934043
"MTIF3",5.82837117115255,0.245143412835574,3.34669240116819,0.0328137981780891,0.444819527395482
"MTMR10",3.69943745911176,0.585850656483102,7.00902054035762,0.0702523580891082,0.870423266683978
"MTMR12",1.5869906678264,0.30731867383666,5.55583772905909,0.0573463246934714,0.833809400155804
"MTMR14",1.9719022036521,0.170981180527416,4.36663281068099,0.0400586318490169,0.655154505323293
"MTMR2",3.07343733639146,0.388437942782843,5.67978268519675,0.058498964678238,0.784211893014801
"MTMR3",4.84089361514863,0.480821853695789,6.28776003647351,0.0617487704585218,0.760841339911711
"MTMR4",1.76700559630964,0.317040607818044,5.52584990059512,0.057223091457273,0.823162814853285
"MTMR6",3.4093308314029,0.414176693477708,5.79324456870389,0.0595519074781837,0.780836146455466
"MTMR9",1.84629754722575,0.346279257137941,5.65520360817043,0.0591589812843428,0.835886782653856
"MTO1",1.70859830917734,0.371773256348346,5.81711591348821,0.061496550400814,0.861334718254999
"MTOR",5.2247049371191,0.527809265116087,6.77310162413756,0.0646201688260878,0.781615164892236
"MTPAP",2.28764236643097,0.559490318980799,6.59355317839897,0.0708343227461108,0.909893534146975
"MTPN",9.83006306462327,0.297192066540214,3.33246003513012,0.032285476508375,0.353155024668917
"MTR",2.16838243978659,0.216499439120031,4.53774090491862,0.0442429795615624,0.679823422487666
"MTRF1L",2.70213992037581,0.376299257741091,5.63875497309176,0.0585416001947376,0.79641651519086
"MTRR",2.21784516054638,0.408832122603129,5.9082689671987,0.062373125591387,0.847572059205401
"MTSS1",0.345837090747902,0.0565955135688992,5.30929925013803,0.0443500218979624,0.810179174240457
"MTX1",4.03581675633674,0.281500138001712,4.49796912962702,0.0445773525381119,0.619319657231888
"MTX2",7.47480218855284,0.417695093627188,5.51639410717772,0.0516400577080893,0.596208776941054
"MUL1",7.18467979402415,0.612830904877064,8.09575962879607,0.0681436846693477,0.786029602700597
"MUS81",4.1168307680982,0.404901321518618,5.58757978352844,0.056883440763437,0.730719293689951
"MUTYH",4.16351343287074,0.585283211882507,7.09396177958225,0.0696307808279806,0.854063879511815
"MVB12A",5.15685405703833,0.254046111656478,3.59767400776179,0.0359053638458288,0.489223578291353
"MVD",2.42583592848618,0.360540393221859,5.58742261820895,0.0581482443319023,0.802908335497273
"MVK",2.06826136287547,0.479344256760383,6.2394718611874,0.0670369688937183,0.88911970916645
"MVP",2.23813550396083,0.123440051511091,3.33921453079564,0.0272633905969725,0.502466891716437
"MX1",0.351142570007827,0.0278987529566502,4.6672508497431,0.0349269253071824,0.701116593092703
"MXD1",0.583665003302774,0.0938370343594054,5.1818967467866,0.0449209653006747,0.792781095819268
"MXD4",1.19309341440979,0.122315452171388,4.48984838850139,0.0390757319993655,0.683458841859257
"MXI1",0.654787623256778,0.100353569187139,5.07464079070364,0.0441510922531654,0.776681381459361
"MYADM",0.851288999578526,0.0252592578614347,2.74164681903107,0.0118910410000931,0.391067255258374
"MYBBP1A",1.43329663861121,0.284273619583069,5.51704024847618,0.0563401417051875,0.83406907296806
"MYC",0.352889999591774,0.0112473667193772,3.79049779928447,0.0229283353301254,0.553882108543235
"MYCBP",1.43508563677123,0.257287917312592,5.37565357982278,0.0540283186717185,0.814333939236562
"MYCBP2",2.13490281298311,0.103581708123811,2.98361837244146,0.0223378260168976,0.450012983640613
"MYD88",0.97755109829691,0.0867397507966698,4.39568203221462,0.0357389050023408,0.665022072189042
"MYDGF",3.53094691232198,0.0623698495993162,1.12368361219303,0.000686425908482394,0.165411581407427
"MYH9",1.2245982799099,0.0153015177603015,1.20405233049583,0.00714552516856123,0.145676447675928
"MYL12A",1.9730074128307,0.0157665842493718,0.621587972791524,0.0133561871134086,0.0602440924435212
"MYL12B",3.90985202246457,0.0331091866365566,0.274484927643131,0.0131282116201061,0.0332381199688393
"MYL6",4.10762454044483,0.00984068296223242,0.167934182272835,0.0182684164290255,0.000519345624513113
"MYL6B",2.83267931983521,0.130692111899375,3.0025385231877,0.0243328161504083,0.448974292391587
"MYLIP",0.593473283538807,0.0728313470059937,4.86165646338299,0.0401786336545212,0.73980784211893
"MYNN",2.99510554555639,0.407598070203504,5.74978883048083,0.059953703355497,0.795377823941833
"MYO19",1.9093921917959,0.368846049214824,5.77598147456613,0.0606604663595646,0.847052713580888
"MYO1B",0.26488731024144,0.0144195097781104,4.47172241309008,0.031585109887804,0.666580109062581
"MYO1C",1.35999604290356,0.0727077791038368,3.34878720431131,0.0234680130264348,0.500908854842898
"MYO1E",0.812276585669769,0.0833721909764121,4.6004743514578,0.0378504035203192,0.698260192157881
"MYO1F",0.413503898569082,0.0525899023743547,5.11087384740675,0.0417195456325889,0.776421708647105
"MYO5A",0.957322714743018,0.128101006719747,4.91827302309528,0.0438502835337349,0.751233445858219
"MYO6",0.465379108769198,0.0241649149345103,4.0641367101996,0.0273655769925155,0.601921578810699
"MYO9A",1.44722241516752,0.145816428449058,4.42694469915309,0.0398173628474329,0.673850947805765
"MYO9B",1.11103369363516,0.0904375061852679,4.27690148796578,0.0346121141507656,0.6455466112698
"MYSM1",2.38444100867317,0.295341897884449,5.12736850425421,0.0523758024907095,0.750454427421449
"MZF1",1.51519651534747,0.223877660829113,5.08978973629439,0.0500154343279615,0.772007270838743
"MZT1",2.33374746365921,0.182504440280496,4.12114307118974,0.038413135372703,0.616463256297066
"MZT2A",1.55928840627589,0.0558055877497331,2.69218254613445,0.0146448385617015,0.394183329005453
"MZT2B",1.90487820438906,0.062496105132619,2.45799822081849,0.0128133199557542,0.360166190599844
"N4BP2",0.882037697696083,0.192943420962836,5.44335707618694,0.0524516100095129,0.837185146715139
"N4BP2L1",1.69322580210116,0.206431297357331,4.83122131626755,0.0466644487941974,0.730459620877694
"N4BP2L2",2.84205807410084,0.067204446732903,1.38234115574399,0.00271566105593289,0.207478576992989
"NAA10",3.9229979930346,0.304015338404843,4.78140959241164,0.0477433500533533,0.65463515969878
"NAA15",3.88210564170785,0.450621494630657,6.05582145055977,0.0613289334806148,0.783952220202545
"NAA16",1.10159603922443,0.245137671606563,5.51757593310679,0.0551996885676041,0.844455985458323
"NAA20",3.39456848342952,0.136839808562097,2.72574022511253,0.0220490587198656,0.405608932744742
"NAA25",2.01137429164437,0.312140268729672,5.42978145608205,0.0558304502399093,0.801090625811477
"NAA30",2.29734390116747,0.397938359445391,5.82870531017334,0.0613532921586084,0.835367437029343
"NAA35",3.65420292357752,0.484276502796851,6.27585084742669,0.0640876000166311,0.813814593612049
"NAA38",3.26805348735418,0.0639568200271909,1.25488679603211,0.00083294584585448,0.185146715138925
"NAA40",1.33950275652637,0.31882661662845,5.72157636016092,0.059471789920172,0.86497013762659
"NAA50",4.74532863383487,0.283124984073107,4.19462426875642,0.0418829060882932,0.565307712282524
"NAA60",5.6478928610292,0.420781642437398,5.62634036015121,0.0550972721892891,0.672292910932225
"NAAA",1.91925519926854,0.154100218054605,4.14429392186977,0.0371420952767695,0.624513113477019
"NAB1",1.4518823731536,0.225657705966379,5.14537042727774,0.0506659798124877,0.781615164892236
"NAB2",0.955257612289233,0.226494666466941,5.55496618970368,0.0548758698758267,0.853025188262789
"NABP1",0.580011174384576,0.0542557528122517,4.61369282297688,0.0360919176048924,0.696702155284342
"NABP2",4.08095488204782,0.279873684132328,4.32852090631071,0.0435476927348021,0.600363541937159
"NACA",5.90412474654021,0.0131054750437407,0.0739917430629763,0.0177311057348763,0.000259672812256557
"NADK",2.12517313575226,0.226755048271478,4.78659409822569,0.0466448311796902,0.712282524019735
"NADSYN1",2.82375363179332,0.263076510918639,4.67884791387029,0.0468375881190543,0.679823422487666
"NAE1",1.25603470222964,0.139904239453129,4.62040277585649,0.0414098815616619,0.703972994027525
"NAF1",1.10825473713025,0.256209055514166,5.57140323444803,0.0561070742814377,0.851986497013763
"NAGA",1.36980966351372,0.139144226828652,4.59667180775853,0.0408438963478685,0.696442482472085
"NAGK",1.54412886482289,0.0997737958261874,3.78706949249253,0.0300360464227563,0.569462477278629
"NAGPA",1.81138796141617,0.309753504018075,5.48478393073142,0.0565041955051901,0.815891976110101
"NAIP",0.562489879650705,0.0663112788708769,4.8928149681418,0.0400605547600236,0.743183588678265
"NAMPT",0.997098124239719,0.0300464560670695,2.78964985267658,0.0129028456483992,0.399636458062841
"NANS",2.86473041577453,0.149342924290139,3.43519796982143,0.0294226006706292,0.507920020773825
"NAP1L1",3.42667550193599,0.0599190591798034,1.12199749306862,0.0010358318914967,0.164113217346144
"NAP1L4",2.15344671889602,0.122280295655619,3.3339408426327,0.0272639009029398,0.503505582965464
"NAPA",3.33221874458148,0.0939523562347967,1.89079959700956,0.0104530041855847,0.284082056608673
"NAPEPLD",1.0310259689266,0.276283138350105,5.68786768097851,0.0580703003330494,0.871721630745261
"NAPG",3.00055329705213,0.321022876540364,5.08645731064796,0.0522911329629798,0.723448454946767
"NAPRT",1.20060835825087,0.178470223550512,5.06335228707436,0.0477911197405877,0.772786289275513
"NARF",2.86681931505165,0.188424031541204,3.79822865648055,0.0355848549001856,0.563230329784472
"NARS",5.01776110410293,0.27783888838546,4.05211357492652,0.0403069141743681,0.541937159179434
"NARS2",2.42978986903943,0.416395142678603,5.92567912070739,0.0623032455484325,0.839262529213191
"NASP",1.46689060028485,0.0896774137105757,3.56394269084767,0.0271529278577973,0.536743702934303
"NAT10",2.56701979747445,0.440927969995812,6.05265251862515,0.0636022391765833,0.845494676707349
"NAT9",4.01349639009957,0.408673905111125,5.63772947720062,0.05747537825814,0.73980784211893
"NBAS",2.30067279888327,0.275151328963649,5.01004754281983,0.0507080553077669,0.738509478057647
"NBEAL1",2.78906174600058,0.058725096224071,1.35752682645825,0.00121047004713082,0.198390028564009
"NBN",3.11078591410936,0.215314138801616,3.99577354808264,0.0386275058170958,0.585042846014022
"NBPF1",0.882451508311271,0.0793816350235113,4.32456677151424,0.0346413987819911,0.655154505323293
"NBR1",2.4384787948564,0.162825876705323,3.70310830206286,0.0335099850659611,0.556998182290314
"NCAPD3",0.592601544645429,0.139201722786129,5.49422337933446,0.0506418520975701,0.846533367956375
"NCAPH2",1.1641361897053,0.234289031298362,5.43949068461515,0.0539135578084617,0.830693326408725
"NCBP1",2.16627731941137,0.352247648511111,5.61846918405655,0.0584832068792863,0.817450012983641
"NCBP2",4.65949842425766,0.290273634956106,4.27000323153059,0.0429442489792497,0.576473643209556
"NCBP2-AS2",6.87368508530299,0.384844284075454,4.9705197730477,0.0487182138456579,0.572059205401194
"NCBP3",2.84629726517094,0.246178541145504,4.44932422422409,0.0442967536885065,0.650999740327188
"NCK1",2.99568320608221,0.236180237828574,4.36488215959875,0.042721347356594,0.634380680342768
"NCK2",0.682743925429249,0.134425136821722,5.32296362413508,0.0485924123460199,0.818488704232667
"NCKAP1",0.814288494721936,0.0796923794962304,4.48848085490321,0.0364419901719811,0.680862113736692
"NCKAP5L",1.35395875746038,0.25689983548391,5.44788664813018,0.0546705509259602,0.826278888600364
"NCKIPSD",1.51457075556436,0.319390341991941,5.66323725477008,0.058716321460792,0.850168787327967
"NCL",3.14710056492619,0.0483350998074869,0.840116052795696,0.00533759823165917,0.119968839262529
"NCLN",3.40819318143533,0.316855126401961,5.05193476433151,0.0509416554077417,0.702934302778499
"NCOA1",1.81757699917333,0.165130556168369,4.27492412588111,0.0392979055965609,0.647623993767853
"NCOA2",1.26374590346425,0.165313759106927,4.84057715571379,0.0450281143017999,0.73902882368216
"NCOA3",1.72944397983596,0.173714057006713,4.45887217214127,0.041558735120684,0.675928330303817
"NCOA4",2.11040712101444,0.085666249184368,2.79186794354843,0.0185802313998375,0.415736172422747
"NCOA5",3.54009116950233,0.48819882268607,6.31222167464876,0.0645938403801921,0.822383796416515
"NCOA6",7.68376506272267,0.646438961318815,8.70929083402978,0.0698250199676857,0.802129317060504
"NCOA7",0.470308829741307,0.0363327851789198,4.41588479830461,0.0325795069437902,0.662425344066476
"NCOR1",2.75058877531617,0.0816572882824738,1.86110883622906,0.00910475758742292,0.280706310049338
"NCOR2",2.33374517916444,0.12180383219403,3.33156521552419,0.0268452049555971,0.498312126720332
"NCSTN",3.03157266234763,0.233681703412543,4.23431044429047,0.0416957584372467,0.618280965982862
"NDC1",1.72888210741088,0.421967735747455,6.02242615605997,0.0645887459871581,0.883926252921319
"NDEL1",3.0363203276872,0.3105665317638,5.01839138262241,0.0512314308968428,0.713840560893275
"NDFIP1",3.13551969308997,0.0654075960514121,1.20307563564472,0.000678056998987007,0.180472604518307
"NDFIP2",1.04381059796692,0.126607472360959,4.73651583418209,0.0419374950940321,0.723188782134511
"NDRG1",0.480118246831164,0.0248106860868468,3.97900545310321,0.0264326329415976,0.588678265385614
"NDRG2",0.267293190956853,0.0161693463061474,4.57443885748915,0.0329683431488615,0.683718514671514
"NDRG3",3.63634831963968,0.386606490363485,5.51496718611074,0.0565624441985948,0.743702934302778
"NDUFA1",8.78800921787298,0.0912733965164485,0.233891357306237,0.00445251863755117,0.0560893274474163
"NDUFA10",6.9371416958493,0.231634029018317,2.78296990463023,0.0272838183621281,0.36198390028564
"NDUFA11",3.84877300504894,0.164345856090857,3.17622399452863,0.0273530219067931,0.457543495196053
"NDUFA12",6.56018341536191,0.177427002279305,1.88180164017269,0.0173257489888044,0.268761360685536
"NDUFA13",5.88586220031245,0.262489710327493,3.59955283492228,0.0354677893827607,0.470527135808881
"NDUFA2",6.08309964494643,0.116462644789946,1.10903239774747,0.00552260341762638,0.172942092962867
"NDUFA3",7.54418390699615,0.107762534448995,0.679151501591795,0.000870445017010744,0.112698000519346
"NDUFA4",3.1192377570656,0.0227719650684924,0.525627962951366,0.0127824259491299,0.0560893274474163
"NDUFA5",3.73495884797671,0.130287590851131,2.1610034285329,0.0167182340209295,0.329265125941314
"NDUFA6",6.42670568599029,0.116535074719726,1.11651148182421,0.00537277003940847,0.170605037652558
"NDUFA7",4.33157145227391,0.646184945099928,7.60177099463713,0.072723101968414,0.881069851986497
"NDUFA8",7.1898770076601,0.271780855596326,3.40354995725585,0.0335057302785707,0.419371591794339
"NDUFA9",3.92789954823242,0.527677684818351,6.67609894169792,0.0666083589196396,0.83406907296806
"NDUFAB1",7.85046804953383,0.146357271382414,1.14538801976273,0.00846129839324434,0.169566346403532
"NDUFAF1",1.59309838324563,0.368763212141875,5.84674410111361,0.0617811841153154,0.869903921059465
"NDUFAF2",3.59137842592796,0.283686803568598,4.65406391950115,0.0464303398450747,0.651519085951701
"NDUFAF3",7.4360899809158,0.157197192304648,1.28847828944229,0.0108736675704743,0.191378862633082
"NDUFAF4",2.01193399618534,0.212911477801935,4.73240224283461,0.0456235550573495,0.707608413399117
"NDUFAF5",27.267956036413,0.914737905998502,26.7668730583908,0.071025206088116,0.871461957933004
"NDUFAF6",0.799807069166935,0.101489701759137,4.84465457936361,0.0416624072953845,0.739288496494417
"NDUFAF7",2.88295605900834,0.519706098865515,6.46441895205208,0.0677112026501411,0.867826538561413
"NDUFB1",7.84718731843475,0.135083851097981,1.01288097339822,0.00629963958791445,0.153206959231368
"NDUFB10",7.50835759761116,0.118967158554234,0.726756325439522,0.002677235519225,0.121786548948325
"NDUFB11",7.1664239857425,0.0935491737616787,0.52842068899031,0.00192841361027582,0.0934822124123604
"NDUFB2",5.33393692938887,0.0516862646565891,0.401512175391401,0.0088002801208483,0.0631004933783433
"NDUFB3",5.09522238936748,0.126647463179874,1.772571225879,0.0120554686698151,0.261750194754609
"NDUFB4",8.99960717456696,0.105446598050501,0.287014414331187,0.00224416052892983,0.0649182030641392
"NDUFB5",7.95565823844575,0.208494897882938,2.33440481037762,0.0216233162597508,0.296027005972475
"NDUFB6",5.91381358826429,0.161125040243071,1.78629088897232,0.0155254616413747,0.264087250064918
"NDUFB7",10.5683249402863,0.164559720317401,0.875336825515904,0.00777481768332042,0.122046221760582
"NDUFB8",3.07080241256744,0.427696818632695,5.98470511732778,0.0616188262832443,0.814593612048819
"NDUFB9",6.06498513488241,0.0937088180629427,0.762437545000351,5.28193708774654e-05,0.124902622695404
"NDUFC1",3.99883823120362,0.0596343436073954,0.756813574358703,0.00442385186211457,0.114775383017398
"NDUFC2",1.5372902944664,0.165655397612637,4.62678066864678,0.0426790705116564,0.701635938717216
"NDUFS1",3.15387978464331,0.270304443277333,4.61196117591139,0.04623460395983,0.66138665281745
"NDUFS2",4.01137913607512,0.173667118477748,2.85599634233021,0.0259609162294452,0.420669955855622
"NDUFS3",5.30976532470619,0.212202515467396,3.03687459574522,0.0289099741620974,0.420150610231109
"NDUFS4",11.5774228819185,0.390444907350823,4.8484140910976,0.0427252581793499,0.424045702414957
"NDUFS5",5.48808746266046,0.0549616276932388,0.332994865734963,0.00882675046719315,0.0568683458841859
"NDUFS6",4.45807970780982,0.0921701314968657,1.30780448267843,0.00467246952658041,0.199169047000779
"NDUFS7",7.99417867488226,0.178197652516138,1.51267136337236,0.0141525182789765,0.211633341989094
"NDUFS8",3.63222907488965,0.0704228335150536,1.29759488695922,0.0019703744453653,0.192157881069852
"NDUFV1",118.572099772795,0.788028916317275,58.8706857268765,0.0654375436675879,0.239158660088289
"NDUFV2",4.22018677281207,0.0711640008270759,1.0371612665169,0.000382709055127184,0.156063360166191
"NDUFV3",3.77962468111334,0.1627781525127,2.98795455925978,0.02605913609666,0.437289015840042
"NEAT1",1.33706476176795,0.00607270271874912,0.707096676446485,0.014523610643497,0.0602440924435212
"NECAP1",5.13484873478771,0.502409416449578,6.50300413132307,0.0628881396769747,0.764996104907816
"NECAP2",1.8599335959813,0.130437679787506,3.9631482161907,0.0337582875573583,0.595429758504285
"NEDD1",8.34699771185946,0.71640009726716,9.86767800572346,0.0731887474996041,0.837444819527395
"NEDD4L",0.462475659189267,0.072533975621159,5.20005040199611,0.0439736629024208,0.794079459880551
"NEDD8",9.78854645859314,0.187310994173234,1.4985976481906,0.0137940777836841,0.189041807322773
"NEDD9",0.186315899955081,0.0151139127894043,5.05569527700716,0.0388186417570181,0.762659049597507
"NEIL2",2.22693712578582,0.368802691322629,5.69562529613417,0.0595228619224538,0.823682160477798
"NEK1",1.22901954607223,0.180932295983348,5.01011891591629,0.0474814158315462,0.765515450532329
"NEK4",1.68353435757874,0.295851439334769,5.44990051835747,0.0559095144356209,0.816411321734614
"NEK6",1.27753127518624,0.103681200394142,4.28461575996909,0.0354556798059668,0.64632562970657
"NEK7",2.87689724956269,0.255948350240696,4.56464710411181,0.0455845059801618,0.664243053752272
"NEK9",2.48655226991293,0.235468466320413,4.50587546205985,0.044673927077792,0.668397818748377
"NELFA",9.56038406929613,0.633629369541961,8.97957418643474,0.0674952450470785,0.742664243053752
"NELFB",4.51336485683431,0.507652001683809,6.55638244746102,0.0643425584711076,0.797195533627629
"NELFCD",2.98082632112873,0.225736286448351,4.19425932045644,0.0409448678154491,0.6138665281745
"NELFE",8.82700633285117,0.358575744587887,4.49525033266396,0.0424902667664934,0.47286419111919
"NEMF",3.54749067945367,0.215415521418928,3.67955012989967,0.0358626085332057,0.536484030122046
"NENF",1.53359427159068,0.0412189050865692,2.22395444985939,0.00790623368685596,0.317320176577512
"NET1",0.247766511866491,0.0203662091843497,4.88431422169742,0.0370570743313694,0.735393404310569
"NEU1",1.84054252858258,0.109283339355294,3.51565264356618,0.0280273942231952,0.529472864191119
"NF1",2.36780745767006,0.193065665328081,4.12992951328004,0.0392750854934878,0.619319657231888
"NF2",6.42917791717534,0.572011956298401,7.48422307388581,0.0662822226958068,0.779537782394183
"NFAT5",1.6890256489614,0.134992663724081,3.98491374602427,0.0347537832685065,0.605297325370034
"NFATC2IP",1.89104902783457,0.230315337468023,4.86603745774115,0.0479938695129782,0.73149831212672
"NFATC3",1.75338608381488,0.199792199500847,4.70481391087223,0.0451831573511655,0.711503505582965
"NFE2L1",1.51280075067719,0.107429743133346,3.83291388285508,0.0312729176944552,0.579849389768891
"NFE2L2",4.08041893130264,0.144256446408067,2.40958947174003,0.0196769466744255,0.357829135289535
"NFIB",0.431525150066285,0.01472827311422,3.67624636789575,0.0218443255349961,0.53622435730979
"NFIC",1.51369012516872,0.0300533571438645,1.79337317633892,0.00170205513703041,0.245910153206959
"NFKB1",1.6365099046183,0.189024273912256,4.75059237460379,0.0450361451612699,0.719034017138406
"NFKB2",0.876136055529913,0.123821975678693,4.98446371636553,0.0443522424539903,0.762139703972994
"NFKBIA",0.734840827114076,0.00556533291028641,1.39529697508443,0.0067264756651632,0.165411581407427
"NFKBIB",3.17678177492278,0.381997523885923,5.6151246860893,0.0576726550708241,0.773045962087769
"NFKBIE",0.761399104665801,0.24653687371695,5.78744335935295,0.0580347754149047,0.893014801350299
"NFKBIL1",5.60676837574014,0.354878020533663,4.78086391521009,0.0480546665486785,0.59802648662685
"NFKBIZ",0.596087817873122,0.0262674747982707,3.6900289825978,0.0230728890422347,0.541937159179434
"NFRKB",3.91655419833595,0.56529144743076,6.91695864680431,0.0688289083354029,0.853025188262789
"NFS1",1.75899281390461,0.353107889490037,5.72662666296084,0.060054510021893,0.848091404829914
"NFU1",2.50556116835268,0.187772843437218,4.03572662812979,0.0378869966511152,0.602181251622955
"NFX1",3.2645217175886,0.327266648864506,5.08448377323372,0.0520726486663284,0.713061542456505
"NFYA",1.35549202527561,0.358763686537705,5.86625517867181,0.0620356335375273,0.883147234484549
"NFYB",1.82699552200043,0.256236867327033,5.12531284055129,0.0514020303093488,0.768371851467151
"NFYC",7.30722034235889,0.367689100353978,4.76354526290758,0.0461598311204873,0.540379122305895
"NGDN",5.52806425912501,0.435731237878836,5.73099134042553,0.0565195567452416,0.685795897169566
"NGLY1",2.63242913909323,0.28443401974526,4.96039926827718,0.0502213110846453,0.720851726824202
"NGRN",2.00961292013371,0.0739385897825251,2.5579394630351,0.0151340444602285,0.379381978706829
"NHLRC3",2.58888048379805,0.213861024601659,4.24150379253958,0.0411708461634735,0.629966242534407
"NHP2",3.62753304154719,0.0772866613972773,1.41125175863779,0.00393613644685362,0.210854323552324
"NIF3L1",2.99436947438822,0.470355096062566,6.18583267932611,0.0644884811674698,0.837444819527395
"NIFK",2.87627183268701,0.187531087442058,3.87505606234463,0.0359897610904053,0.571539859776681
"NIFK-AS1",1.52056270072753,0.43709146105784,6.08460684582028,0.065990968292967,0.901584004154765
"NIN",2.05376559654785,0.167680836523404,4.13555972354977,0.0379198032171994,0.623214749415736
"NINJ1",0.835675721825664,0.0151388659507251,2.51329485618296,0.00781499929822529,0.347961568423786
"NIP7",0.956767466283359,0.149712919066153,5.09520606957745,0.0468424370600706,0.780316800830953
"NIPA2",4.5550106657938,0.347489844661665,5.01377481717256,0.0503717083545203,0.657231887821345
"NIPAL3",1.03422013044437,0.213748716027235,5.41334839329569,0.0529660013378018,0.830173980784212
"NIPBL",4.34000618901056,0.203998580515059,3.08372996705265,0.0298905846478458,0.446896909893534
"NIPSNAP1",1.20514835755165,0.13487184049547,4.65736169860629,0.0414593343856313,0.709166450272656
"NIPSNAP3A",2.69829948679313,0.302029104848249,5.09701518449392,0.0518667659771489,0.734874058686056
"NISCH",1.69828636201905,0.174929669822801,4.50810734750071,0.0420911800837733,0.683458841859257
"NIT1",4.40306152508853,0.332566984364349,4.80466904513477,0.0488301427578484,0.641911191898208
"NIT2",2.61151791050955,0.158539781065182,3.56779657867281,0.0317751389184497,0.534146974811737
"NKAP",4.40780634701016,0.333473036406816,4.8680514321903,0.0491413511445055,0.647883666580109
"NKIRAS1",3.57522562079488,0.568350846870722,6.86271229093452,0.0694371309560937,0.865489483251104
"NKIRAS2",6.44928843689733,0.451394993670628,6.06414335769357,0.0568051006366212,0.676967021552843
"NKTR",1.7378990201239,0.069377884616468,2.63066940114869,0.0156003663128194,0.391326928070631
"NLE1",1.78699933523395,0.404388343521868,5.95921609671831,0.0634068340544299,0.873799013243313
"NLRC5",0.614521023255101,0.125942196850344,5.39412556048353,0.0488938399220054,0.829135289535186
"NMB",0.184205911891239,0.0398082887462198,5.62488854430949,0.0472165856139818,0.860296027005973
"NMD3",3.05557413502825,0.287247265725185,4.78158724625467,0.0485030196902615,0.68553622435731
"NME1",0.588512504373046,0.0930937733248118,5.1737915941433,0.0447755214346269,0.791223058945728
"NME2",5.59384135969023,0.0593402724350442,0.473267097105281,0.00704651822527827,0.0758244611789146
"NME3",1.21918077675679,0.0253689887629882,1.8787898794308,0.00205212390169795,0.256816411321735
"NME4",1.86892969056834,0.0495578158846554,2.1344090749648,0.00789655725839446,0.306673591274993
"NME6",17.5981027446469,0.781224250613027,15.5839738098735,0.0716173079035435,0.769410542716178
"NME7",2.52247352645438,0.392728563710015,5.75824381759012,0.0602889525362568,0.817450012983641
"NMI",2.00141254539417,0.183611940618218,4.46733298051279,0.041696859686367,0.66969618280966
"NMRAL1",4.39895626232234,0.286114322630883,4.25359821902859,0.043044829635606,0.58296546351597
"NMRK1",2.25298729729203,0.191471510952708,4.23696645127984,0.0401296657130924,0.635419371591794
"NMT1",4.84014380889508,0.446230020359139,5.97168910713587,0.0590273928893876,0.734614385873799
"NMT2",0.827567963967417,0.262683528465509,5.76774949663607,0.058494675902012,0.889379381978707
"NNMT",0.191851899326404,0.00354552522780258,4.15081222230273,0.026733031375501,0.611010127239678
"NNT",3.18473010513883,0.330189187189166,5.19143175171756,0.0529058384352898,0.727343547130615
"NNT-AS1",1.09638880055592,0.203235868960723,5.29638030748572,0.051348610149836,0.811217865489483
"NOA1",3.05629566478876,0.311367634743392,4.99240700101513,0.0511155017910981,0.710464814333939
"NOB1",1.87392608394919,0.141172088171829,3.97888828566205,0.034835338876507,0.600882887561672
"NOC2L",3.80253861540532,0.318565737311527,4.84799226862533,0.0492887943353388,0.667359127499351
"NOC3L",2.1692630027161,0.280129758903665,5.10989655927454,0.0518923022008006,0.75564788366658
"NOC4L",6.2483920775457,0.591262142720125,7.66079200615698,0.0677321796903693,0.798753570501169
"NOL10",2.96537064957498,0.480892427837906,6.29922052323538,0.0653593626875775,0.849130096078941
"NOL11",2.14348438377139,0.327575144065024,5.43664996847368,0.0563828032029681,0.797455206439886
"NOL12",18.0007500913575,0.937613082072679,20.6233238659032,0.0760317242478727,0.9366398338094
"NOL7",6.73217139917556,0.190106070594264,1.98019407905418,0.0191164652325011,0.279148273175798
"NOL8",2.28301085334354,0.247580065439299,4.82096922153425,0.0478791675212959,0.713840560893275
"NOLC1",2.01722718902891,0.191212243918029,4.45353157634461,0.042151787693646,0.669436509997403
"NOM1",1.69880785661087,0.40251693418716,5.97012967492444,0.0635842655607535,0.879252142300701
"NOMO1",1.92434448983576,0.410813139061006,5.96008175740451,0.0633685057660255,0.8673071929369
"NONO",5.10217867692087,0.155300066728344,2.04926137097067,0.0173201747138122,0.303297844715658
"NOP10",3.24131580588029,0.056952811721108,1.20192275663461,0.000710559295829305,0.17346143858738
"NOP14",2.18593397040206,0.301029185510616,5.27636740249766,0.0539746665276026,0.775642690210335
"NOP16",1.19566224814916,0.128856008816691,4.63524198159016,0.040827734868548,0.704752012464295
"NOP56",1.37240098529068,0.131482361314681,4.41427154019058,0.0387263930312228,0.670215528434173
"NOP58",2.38928527816045,0.172633644913463,3.9560151210459,0.0362953976283817,0.592054011944949
"NOP9",2.06387956461386,0.514304445074109,6.37498683353645,0.0689083668002586,0.902363022591535
"NOSIP",4.4176982333598,0.202851642478265,3.0007549129571,0.0291691261537852,0.435730978966502
"NOTCH1",0.404310524408223,0.0708811758025571,5.30766403931787,0.0451419111929153,0.811737211113996
"NOTCH2",1.33756985155752,0.080362805921537,3.61042369915113,0.0268500926934703,0.541937159179434
"NPC1",0.740190933733842,0.112637753983559,5.08546648593145,0.0448616255863877,0.778239418332901
"NPC2",1.0295063668463,0.0074325792391705,1.10635983219776,0.00974920894414845,0.122305894572838
"NPDC1",0.564203680036487,0.00965047112571894,2.64576062382141,0.00881389633651329,0.367437029343028
"NPEPL1",4.55722818779846,0.514102740140072,6.58996978336668,0.0646628761972001,0.797714879252142
"NPEPPS",3.95093554730415,0.170333660856444,2.77728146608418,0.0251973672956158,0.412100753051156
"NPHP3",1.20452705601087,0.289247072019593,5.65057067614165,0.0580000151358551,0.860555699818229
"NPLOC4",6.70413744350929,0.569240732781674,7.49209766119769,0.06577759872402,0.768371851467151
"NPM1",3.58848386452392,0.0189725728412339,0.251482946589564,0.0159988695519708,0.0171384056089327
"NPM3",0.975948752172044,0.199125896696328,5.42724162192009,0.0523968287425951,0.831991690470008
"NPRL2",2.24786177191466,0.287691121926876,5.14072164009738,0.0523193355587796,0.756686574915606
"NPRL3",4.82169520287879,0.39599860232483,5.4563613897993,0.0545412333237786,0.689690989353415
"NPTN",1.82783395483904,0.077194526346862,2.90872235852137,0.0190435217651003,0.432355232407167
"NQO1",0.363914901643177,0.0233422570004755,4.45252120203868,0.0319913505709926,0.665022072189042
"NQO2",5.00342464811723,0.316791102846974,4.55070306859612,0.0455106806876992,0.594910412879772
"NR1D1",0.223963008483525,0.0746405922939051,5.80690778201982,0.0511112069562742,0.894053492599325
"NR1D2",1.0258264086166,0.162595686532116,5.09161058755226,0.0474709510645798,0.780057128018696
"NR1H2",8.43191781724948,0.360067615125252,4.4166871464445,0.0428930265050505,0.477538301739808
"NR2C1",2.39137797549785,0.377990598070516,5.67572909651132,0.0595179847787294,0.814593612048819
"NR2C2",3.26669024671164,0.471409665055149,6.16432322300894,0.0639217983263329,0.822383796416515
"NR2C2AP",1.4347839796993,0.243534207175174,5.29474957745218,0.0527413465674438,0.802908335497273
"NR2F6",1.23262394825208,0.266177811700943,5.54573805724496,0.0561140450701986,0.844455985458323
"NR3C1",1.28346200179971,0.0490574608188276,2.79162918899564,0.0151387555434216,0.40872500649182
"NR4A1",0.214133984217208,0.00423797195779363,3.96099844482363,0.0244402071490289,0.580109062581148
"NR4A2",0.22191525695876,0.0122042930806833,4.71244684315244,0.0343547357567851,0.705271358088808
"NRAS",4.49450570004726,0.445921630278049,6.05175224287247,0.0598792820089773,0.75642690210335
"NRBF2",3.02238202836347,0.243223409342422,4.4250530934155,0.043537409831246,0.641391846273695
"NRBP1",4.17482203868739,0.183587837089048,2.94381281788435,0.0272787540610207,0.429758504284601
"NRDC",6.33412921718533,0.264764008999909,3.33729299304863,0.0337966708691724,0.433913269280706
"NRDE2",3.10132706273306,0.459423583710912,6.10381578655225,0.0635008649332821,0.824720851726824
"NREP",0.19991777396335,0.013615419399909,4.90341472773877,0.0368317489993576,0.737211113996365
"NRIP1",1.10835309159864,0.113465105448884,4.50358001263695,0.0386862800941248,0.685276551545053
"NRM",0.852953186671368,0.157535645947457,5.26865214763327,0.0490688912491442,0.809140482991431
"NSA2",8.47391015213133,0.177112004252247,1.53173232272173,0.0137522795961288,0.206959231368476
"NSD1",2.31345678148112,0.170540629060773,3.93898434923864,0.0361617746257673,0.591794339132693
"NSDHL",15.1209826360921,0.850428659762639,16.1134266934917,0.0753792243859913,0.867047520124643
"NSF",2.61264764580636,0.294229093036035,5.04043786728984,0.0513042047844453,0.73149831212672
"NSFL1C",10.0331481974914,0.446191239114933,5.89677594470703,0.051055496207509,0.539080758244612
"NSL1",9.4564201098556,0.520305639741027,7.1035461970003,0.0588893580382457,0.636717735653077
"NSMAF",4.41260057743042,0.439253387928043,5.93700144632477,0.0593400376709384,0.749935081796936
"NSMCE1",5.57271530613529,0.247081651851602,3.33923595323277,0.0333477286619057,0.451051674889639
"NSMCE2",13.1361894638509,0.720988442362763,12.0243204229024,0.070663105095606,0.766294468969099
"NSMCE4A",3.66313982427311,0.289215626638371,4.5428267702856,0.0461325954171677,0.638275772526616
"NSRP1",3.27742266467051,0.198860297334861,3.65572671194848,0.0347706130610608,0.537522721371072
"NSUN2",2.80760350266976,0.294475896491384,4.99787098737522,0.0506373290730986,0.719034017138406
"NSUN3",1.37647974458506,0.43467291542119,6.0981931528315,0.0662916975001552,0.910412879771488
"NSUN4",4.16995647749587,0.545425502518246,6.80338270072832,0.0672800499886496,0.832251363282264
"NSUN5",4.62580981589412,0.412082158494295,5.59910271102165,0.056347995860915,0.710724487146196
"NSUN6",1.39252882252354,0.227269867848211,5.18918874851835,0.0512188597537015,0.789665022072189
"NT5C",7.72332734147498,0.265761025784487,3.06148245474723,0.030817573326017,0.374967540898468
"NT5C2",4.30203994759813,0.422687822996057,5.83156925125957,0.0583147338914414,0.745260971176318
"NT5C3A",1.51947562110875,0.143585149500285,4.308509575481,0.0385068114696262,0.655414178135549
"NT5C3B",2.29949739697801,0.174961721120424,4.00822976418677,0.0370670842195945,0.601921578810699
"NT5DC1",0.890014434607271,0.0859923064942805,4.4653825903445,0.0365702202964063,0.677486367177357
"NTAN1",1.85349804060752,0.138880821296954,3.99050350045311,0.034765555760041,0.602181251622955
"NTHL1",1.08367177222771,0.163180704195739,5.01602792216102,0.0467507089795834,0.768112178654895
"NTMT1",3.65478364693972,0.265014995183092,4.40683961465493,0.0436932152619458,0.620877694105427
"NTPCR",7.14170359365271,0.434317237527038,5.81217080960743,0.0540141707538909,0.631264606595689
"NUB1",2.65294230286901,0.179750274487435,3.82812567429047,0.0354658001542798,0.570760841339912
"NUBP1",4.04611074800093,0.41754994680673,5.79632724409367,0.0584260145661387,0.753051155544015
"NUBP2",4.19642298187644,0.225350263233943,3.56683135177041,0.0348830541230152,0.507660347961568
"NUCB1",4.89060214325821,0.0855563844032889,1.01067294301339,0.00121506344368241,0.15684237860296
"NUCB2",0.81967864538775,0.0213280204941954,2.70804033390301,0.0109799177331444,0.383277070890678
"NUCKS1",3.56448904145559,0.0576834796488982,0.812075950152175,0.00414813890997751,0.122046221760582
"NUDC",4.0808031179301,0.133019260471782,2.03662317399632,0.0157462347128827,0.310049337834329
"NUDCD1",1.17230106626261,0.275226625772992,5.62180813697617,0.0572113487227927,0.857179953258894
"NUDCD2",10.2200630960404,0.377749296142205,4.64618790337033,0.0427128304650071,0.445598545832251
"NUDCD3",3.7807022072745,0.341280520151315,5.07949340055637,0.0518137139355056,0.69306673591275
"NUDT1",0.968107601474922,0.089915511906619,4.43648678276229,0.0364315171693411,0.672292910932225
"NUDT14",1.85592533759109,0.132098203815893,3.96755658752718,0.0339563542729764,0.596728122565567
"NUDT15",1.95641964247563,0.335751353222189,5.60734259274583,0.0581031389607512,0.824720851726824
"NUDT16",2.07553613212159,0.14757519410301,3.88492493347296,0.0342343037145468,0.585042846014022
"NUDT16L1",1.41542207922634,0.124746806404949,4.23510483474876,0.0365505602655031,0.642949883147234
"NUDT19",2.99512024056652,0.630420209839567,7.09016527659024,0.0733388274471098,0.911711243832771
"NUDT2",4.45828182605632,0.349420847822717,5.00935618583403,0.0506736735253333,0.66060763438068
"NUDT21",3.17353927968815,0.13221616858299,2.74161014875862,0.0219862542886901,0.41028304336536
"NUDT22",3.67120946642314,0.20763682631443,3.63648811408665,0.0346759611597451,0.526097117631784
"NUDT3",3.57862698084022,0.195694940457675,3.62874972029043,0.0337296164014279,0.524798753570501
"NUDT4",0.712361982212954,0.0351945965632512,3.55386409080573,0.0224032111996452,0.524019735133731
"NUDT5",2.7589188734074,0.179473714117967,3.74361957531905,0.0346450303976644,0.557517527914827
"NUDT8",0.646103937381352,0.0897125795208578,4.98647575698563,0.0425582791830025,0.761360685536224
"NUDT9",1.69308790134804,0.21000910468147,4.85306259448579,0.0470573611591867,0.733835367437029
"NUFIP1",2.02483090856696,0.467895542706468,6.18770626338027,0.0664800628680139,0.886263308231628
"NUFIP2",3.85342077078185,0.306506530828013,4.72661866680754,0.0478136593596546,0.652038431576214
"NUMA1",1.48115133061778,0.0559840227570322,2.59707406374609,0.013842988136065,0.382238379641652
"NUMB",2.5442259364596,0.174705353915649,3.82805275116725,0.0352482057731749,0.572578551025708
"NUP107",2.62956649199438,0.338455252865163,5.35252380738116,0.0554114693164475,0.768112178654895
"NUP133",4.01358155029387,0.455099718766351,6.04652609316238,0.0612807605660008,0.777200727083874
"NUP153",4.65395161419191,0.472989560190828,6.19764940635886,0.0614386348166766,0.761620358348481
"NUP155",1.56611174961576,0.358549894402963,5.80358687418436,0.0611759353099218,0.866008828875617
"NUP160",2.57600696622865,0.354013217817591,5.50304952322006,0.0570724159267724,0.787068293949624
"NUP205",2.47297555019175,0.460652150334263,6.15879040160525,0.0650674339389872,0.860555699818229
"NUP214",1.76791013870901,0.190639728786848,4.6563599676463,0.0441451355303922,0.702934302778499
"NUP35",1.5961526409657,0.479028557968161,6.22279293890537,0.0680397237908773,0.91249026226954
"NUP37",1.5027797301544,0.278587737312739,5.47128530351861,0.0555784207999799,0.824980524539081
"NUP50",3.04790102420541,0.273368970846813,4.67761377637776,0.0470330263964638,0.672812256556738
"NUP54",4.48884967394642,0.443182778539512,5.93614720357695,0.0594105888683737,0.746559335237601
"NUP58",4.20250814737821,0.322307977674916,4.75121469528069,0.0482994318293073,0.643209555959491
"NUP62",1.78134523730174,0.190340147220516,4.71517881776565,0.0444942430622048,0.709426123084913
"NUP85",3.73930268578295,0.524854227630242,6.60668207342726,0.0666645010949621,0.837444819527395
"NUP88",3.08981192966682,0.53216870426625,6.58410337198862,0.0681429547148432,0.867566865749156
"NUP93",1.93579187228754,0.336222262516549,5.61502825820688,0.0582175010919273,0.82653856141262
"NUP98",2.60764017968265,0.236193007686173,4.47743799725693,0.0442715528916144,0.660867307192937
"NUPL2",3.47120155477534,0.37095263244216,5.40624531832813,0.0556001556303823,0.739548169306674
"NUS1",3.31159583412583,0.325863062591801,5.18030706765641,0.0523004415271129,0.720592054011945
"NUTF2",2.35637989998364,0.0762206889572368,2.25089760885793,0.0122073454121246,0.333939236561932
"NUTM2A-AS1",4.04100062107089,0.275310578396239,4.16619354294791,0.0424865469668276,0.584523500389509
"NUTM2B-AS1",1.87457572815913,0.166675208027116,4.25139832181275,0.0391119784614094,0.643209555959491
"NVL",2.64591617871239,0.465997556309719,6.16943675788735,0.0649713339472534,0.853025188262789
"NXF1",3.63435170015412,0.340174169723808,5.09765200290137,0.052131697659811,0.70059724746819
"NXPE3",0.737056713215959,0.113106819473979,5.05898526348141,0.0446678432722584,0.774863671773565
"NXT1",3.05675488675899,0.23423229176768,4.27674882332885,0.0419277548267234,0.62217605816671
"NXT2",1.95545101564409,0.453542424924338,6.14886719762036,0.0658847020938844,0.885743962607115
"OARD1",2.50825649177074,0.249189749871348,4.67107793382592,0.0465713642303407,0.688652298104388
"OAS1",0.513347821537934,0.0783261941572452,5.15207122690665,0.0437474236771685,0.786808621137367
"OAT",0.971518582284553,0.0603011371764971,3.78118865680961,0.0271286945002578,0.565567385094781
"OAZ1",2.9715906780711,0.0122649131694888,0.279835240442318,0.0172370411693792,0.0119449493638016
"OAZ2",1.68748559442164,0.110857870058664,3.65798046413592,0.0297233337061672,0.553103090106466
"OCEL1",3.28621199639041,0.334083198456049,5.11782020454528,0.052598201580693,0.716177616203583
"OCIAD1",4.49943379723925,0.11279809617134,1.42431961136141,0.00834627408556638,0.223318618540639
"OCIAD2",0.611546392101717,0.031517557432497,3.8954563606345,0.0259493246281064,0.576213970397299
"ODC1",0.755714302153175,0.0695303874145856,4.481692013465,0.0356245758669591,0.677746039989613
"ODF2",2.12418811592439,0.222396297337613,4.66957172994196,0.0456132861042942,0.698000519345624
"ODF2L",1.21427564110687,0.0870178630667345,3.87158430796896,0.0302642268529141,0.584783173201766
"ODF3B",1.91032567491977,0.1036864630247,3.26428595314355,0.0251460202098612,0.492079979226175
"OFD1",0.847400779877374,0.072031934834101,4.24975719413974,0.0333091134463672,0.642430537522721
"OGDH",4.33477258074398,0.389364907170805,5.44541382826267,0.0550446827061966,0.70812775902363
"OGFOD1",1.14038342890283,0.218882486219305,5.39255996215836,0.0527964037324463,0.823682160477798
"OGFOD3",2.51451172914275,0.199772408643496,4.19103984524616,0.0398879651070691,0.623214749415736
"OGFR",7.96428670863465,0.395865294059055,5.09687179452742,0.0482499402676127,0.546611269800052
"OGFRL1",0.660196605631958,0.075829720446486,4.78874672111185,0.0394961521739026,0.727862892755128
"OGG1",1.61122872095568,0.314008440906045,5.56200892084527,0.0576653142526782,0.83406907296806
"OGT",1.2855415057227,0.0784729239354792,3.53642752968974,0.0260562254647481,0.532069592313685
"OLA1",2.03926730189869,0.0646276210283737,2.39137248300528,0.0123043867281173,0.350298623734095
"OMA1",1.16319634547602,0.275928061737826,5.61944105150489,0.0572616243934213,0.85743962607115
"OPA1",9.29159096001205,0.573087802909437,8.02691024493522,0.0635007067433109,0.69981822903142
"OPA3",3.51755016040954,0.559646497755728,6.81118131799118,0.0690553302147243,0.864450792002077
"OPN3",0.446384170458299,0.139722870274466,5.71716072080749,0.0530715957307576,0.883406907296806
"OPTN",1.53678431118734,0.0686045571125455,3.07809711356378,0.020066338837006,0.456764476759283
"ORAI1",1.34935555214518,0.286808893649725,5.5926127202666,0.0571317140044564,0.846793040768631
"ORAI2",1.04094470579758,0.141112276045717,4.92796666207638,0.0446273181958267,0.752791482731758
"ORAI3",2.75250073709684,0.256325566341256,4.62135469058507,0.0462140993571327,0.675149311867048
"ORC2",2.71823638554476,0.449701824738468,6.05125401300913,0.063685971729878,0.838223837964165
"ORC3",2.18809120717473,0.356194351938366,5.6202165415658,0.0586443145488879,0.816930667359127
"ORC4",1.76237526549697,0.265269302792368,5.23563191316654,0.0527625042923811,0.784990911451571
"ORC5",1.85861758207191,0.392969332876582,5.88980742926589,0.0624235769854375,0.862633082316281
"ORMDL1",8.58412674831148,0.376930468674747,4.659375528518,0.0447323254246057,0.492599324850688
"ORMDL2",4.4788492851299,0.290409671445787,4.43991538586903,0.0440776912631221,0.599324850688133
"ORMDL3",1.18585783275465,0.168841108091125,4.94424094180245,0.0462897857548802,0.756167229291093
"OS9",3.22310812667962,0.0964849568538101,1.92934416157684,0.0112193079388046,0.29187224097637
"OSBP",2.77804966143071,0.373631545131939,5.58576595473813,0.0580109834552082,0.787587639574137
"OSBPL11",0.904983487095578,0.276006562642425,5.79681825352226,0.0590724248206057,0.890418073227733
"OSBPL2",3.30830349233091,0.415451382628115,5.79109157949246,0.0598292739647529,0.785250584263828
"OSBPL3",0.738464109458474,0.192764191160796,5.60164629509307,0.0540586179292923,0.863671773565308
"OSBPL8",2.40462927256264,0.0947358608385979,2.57936254843151,0.0174150465011892,0.387172163074526
"OSBPL9",1.65388749394146,0.104480656185796,3.56066604616857,0.0283008104049767,0.538301739807842
"OSER1",3.13361556542241,0.276354189440275,4.68194623750894,0.0470690174476113,0.670475201246429
"OSGEP",7.01792033652349,0.427717341038119,5.60128868911181,0.0532277639242478,0.618800311607375
"OSMR",0.376741305951775,0.0550209711159135,5.15814167988214,0.0425282615963587,0.785769929888341
"OST4",6.95364739942039,0.0428190043368901,0.0231997727400002,0.0129937881084143,0.0150610231108803
"OSTC",2.50641795359025,0.0450551138085824,1.23977213604755,0.00193810032437303,0.173721111399636
"OSTF1",2.21649661999702,0.0827816038646645,2.71617772758027,0.0173889489287716,0.40197351337315
"OSTM1",2.70747132754781,0.258468968076046,4.70241999670449,0.0469185077783175,0.686055569981823
"OTUB1",14.7311520023912,0.373437714126319,4.32010479053218,0.037168736935583,0.316281485328486
"OTUD1",0.418967897966443,0.155438832657338,5.80173901695365,0.0547140631862918,0.898727603219943
"OTUD4",3.62865808099611,0.444586320556655,6.01435826498455,0.0614009195858561,0.791742404570241
"OTUD5",2.92113674517482,0.378480404916962,5.57420251639127,0.0579017134844968,0.780316800830953
"OTUD6B",2.38287755123007,0.504736903100906,6.34838204402466,0.0677678394507543,0.883147234484549
"OTUD6B-AS1",2.01300708250993,0.141139290047557,3.72215555333087,0.0325216421832905,0.564269021033498
"OTULIN",2.10491257207876,0.439907286178953,6.07857789939188,0.0646949638807981,0.870942612308491
"OXA1L",7.86104131224498,0.235881893613272,2.64781154493624,0.0259718432671808,0.330823162814853
"OXCT1",0.740600258423635,0.165474745739728,5.4396145559375,0.0512693451864281,0.837964165151909
"OXLD1",3.09624332498335,0.218646171355979,4.02628746256887,0.0391189933690089,0.58971695663464
"OXNAD1",0.183830887041278,0.0420179827118022,5.66149195632015,0.0477664434329735,0.86652817450013
"OXR1",2.28915380499966,0.190032583773309,4.16062508286481,0.0394127471387069,0.624772786289275
"OXSR1",4.2532389965535,0.430684706064327,5.90326333832713,0.0590749784697826,0.753830173980784
"P2RX4",1.47518137119275,0.153302466872832,4.60270708524755,0.0417142981935878,0.697481173721111
"P3H1",0.49542724112736,0.0564731809559782,4.84775684765858,0.0389913335524978,0.735393404310569
"P4HA1",1.40290470844895,0.0875700881091024,3.76008441030188,0.0288609119261339,0.564269021033498
"P4HA2",0.460763821796352,0.0531026505048965,4.87562864676235,0.0391105744087509,0.739548169306674
"P4HB",2.83421738642341,0.0275783086621619,0.650231711380469,0.0107259153503911,0.0771228252401974
"P4HTM",0.954520682545452,0.0801700431735131,4.21578610926039,0.0334787407417281,0.637756426902103
"PA2G4",3.72655892860483,0.0965939228222251,1.67184284682098,0.00868422402679826,0.253440664762399
"PAAF1",3.06443331378875,0.468908769075833,6.18055145253514,0.0642589813654314,0.833549727343547
"PABPC1",3.68014729874711,0.0169236916318421,0.238961071525082,0.0164647911248005,0.0140223318618541
"PABPC4",2.85340512785461,0.126626838627277,3.06942059600327,0.0243643953983715,0.454946767073487
"PABPN1",4.00418286400338,0.17917373963687,3.02938106553747,0.0276407619587259,0.44196312646066
"PACS1",2.7036771375532,0.322854079886521,5.22905581540634,0.0537562122087176,0.750714100233706
"PACSIN2",2.13367064058806,0.160951803194076,4.04473756566052,0.0364908646788036,0.607374707868086
"PAF1",2.64815534104124,0.222331792452579,4.30191137924563,0.042072897311345,0.636717735653077
"PAFAH1B1",6.77726434080395,0.263943452694191,3.18322297765443,0.0324095552035486,0.408205660867307
"PAFAH1B2",3.04383375664682,0.263324191238318,4.57680631631669,0.0457989583258837,0.66060763438068
"PAFAH1B3",0.708631026133367,0.038506014453179,3.85855062121041,0.0261137204506015,0.572059205401194
"PAG1",0.332169314966795,0.046480022788404,5.22008164705488,0.0426992606667803,0.794079459880551
"PAICS",1.34690087387032,0.12116645496831,4.34546525344184,0.0373425372909248,0.658530251882628
"PAIP1",4.28881340968177,0.23342378972168,3.6344205139829,0.0358012974491383,0.513892495455726
"PAIP2",118.775596239862,0.78718562913647,58.3260135386977,0.0662542740753214,0.228252401973513
"PAK1",0.899011782226753,0.0628351869238944,4.10647025994003,0.0308445261955095,0.615943910672553
"PAK1IP1",1.388510732062,0.23888111036917,5.33469596398737,0.0528485488247504,0.808880810179174
"PAK2",5.61409873741949,0.149097289472996,1.91821809427548,0.0152139111019187,0.278628927551285
"PAK4",0.902083905274819,0.12293034528692,4.92462447231267,0.043690804878412,0.752791482731758
"PALLD",0.499931345333895,0.0155242770071731,3.33875991929626,0.0178734185300635,0.482212412360426
"PAM",0.497087057854791,0.0254357324250751,3.92929136391236,0.0258991260730862,0.580888081017917
"PAN3",1.89689508551737,0.330429550489657,5.55067830462439,0.0577137569549917,0.821085432355232
"PANK2",7.41479264012376,0.534237412308372,7.16647830797175,0.0624259306325544,0.717995325889379
"PANK3",1.40430056945007,0.184089159846052,4.89257019181945,0.0463390722308478,0.744481952739548
"PANX1",1.57359891795255,0.337188419656964,5.73272587883303,0.0597852325368029,0.856400934822124
"PAPOLA",18.4991656135226,0.40435680102839,5.05520466061227,0.0386226019821572,0.282524019735134
"PAPSS1",1.98537300358834,0.128612274346169,3.80501273766667,0.0320346406740604,0.570760841339912
"PARK7",5.38549594970084,0.049573586778254,0.308285083168041,0.00988730441780052,0.0506361983900286
"PARL",8.54455838856983,0.414799106976219,5.55633693351623,0.0500014689683638,0.563749675408985
"PARN",2.7354637615948,0.314837845491873,5.14735432590071,0.0528127610747152,0.740067514931187
"PARP1",2.22086973287962,0.108819341305178,3.08732942702453,0.0236525339182521,0.464035315502467
"PARP10",2.07283246529382,0.182226073554663,4.2731549290676,0.0400594808248235,0.643469228771748
"PARP12",1.25596404025005,0.147709602115006,4.80765302789529,0.0435094958814855,0.730459620877694
"PARP14",0.959351650649722,0.0623103888371342,3.87409107306239,0.0283085809535456,0.580368735393404
"PARP2",2.12182713393204,0.388680501747377,5.79287335029276,0.0611816064303909,0.839781874837705
"PARP3",2.57482052566048,0.355535407585975,5.49089788003623,0.0571087350218511,0.786029602700597
"PARP4",2.61411515667678,0.28906756758143,4.97894320613427,0.0506605011370765,0.724227473383537
"PARP8",0.843249877726934,0.176621496505573,5.38172089277843,0.0511564483920938,0.828096598286159
"PARP9",1.75340723968728,0.149414803693914,4.21152463995752,0.0376559526482459,0.636977408465334
"PARVA",0.805076038497137,0.0600691151675951,4.13715761981579,0.031111082921442,0.621916385354453
"PARVB",1.36052153563595,0.0984444512312382,4.09516572524309,0.0330753108226345,0.615943910672553
"PATL1",1.83828712795527,0.257866459572238,5.21047460480931,0.0519637147920548,0.777720072708387
"PAWR",0.561470872376913,0.0789665158456163,5.0254890881376,0.0423879306069324,0.766813814593612
"PAXBP1",4.43202886257506,0.559799758349202,6.96719421397979,0.0678248513049939,0.832251363282264
"PAXIP1-AS1",0.564694607299722,0.103253241512431,5.26118273964301,0.0463797901022237,0.807322773305635
"PBDC1",3.26867286239206,0.255525591853762,4.49373779963811,0.0442801472925805,0.642170864710465
"PBRM1",3.16125142688411,0.241922539229987,4.2813517597881,0.0423216155382468,0.620618021293171
"PBX2",5.14984400903865,0.523509242938555,6.76980676513615,0.0645165078524189,0.784990911451571
"PBX3",1.6248190547231,0.247820209917777,5.21992015359638,0.0520021060410666,0.78654894832511
"PBXIP1",1.02456855752987,0.0985554386573977,4.34731674927163,0.0362241496674652,0.66138665281745
"PCBD1",1.83853169826031,0.0430571836448651,2.06520371528925,0.00627015426262009,0.292391586600883
"PCBD2",2.27326572398546,0.412575890739036,5.93176175720893,0.062506967551769,0.847312386393145
"PCBP1",4.78384554391926,0.0445970120596903,0.350607152284299,0.010381448121439,0.0524539080758245
"PCBP2",7.49664881912605,0.030190159137287,0.0383389643730665,0.0152987590240704,0.00311607374707868
"PCBP4",1.24944061124395,0.231410100031693,5.35122723718423,0.0529270763016835,0.815891976110101
"PCCA",1.07356582288772,0.2891102348287,5.7160041100364,0.0587433930693845,0.874318358867826
"PCCB",1.23557816887908,0.202718374958082,5.21561962897687,0.0503355295872326,0.795118151129577
"PCED1A",2.44672877069081,0.269210192245448,4.88982939105415,0.0493068570398933,0.718514671513892
"PCF11",1.42962898978778,0.130464391256058,4.25890255015871,0.0372122653222151,0.647623993767853
"PCGF1",4.10916676976385,0.431187057414151,5.87078754159899,0.0592877999664662,0.757205920540119
"PCGF2",1.74745977116202,0.121330198007605,3.80647398000847,0.0318766569373842,0.575175279148273
"PCGF3",2.64020423586618,0.277392155084533,4.84176257276285,0.0491226124185279,0.706829394962347
"PCGF5",3.47858359906932,0.257865631733935,4.39389438570005,0.0434638729389029,0.624513113477019
"PCGF6",1.29213378445402,0.248064729589846,5.41638153514089,0.0541657492915929,0.824201506102311
"PCID2",4.31382399276957,0.436708487948229,5.85938571838673,0.0591607615075865,0.74733835367437
"PCIF1",8.17760260979669,0.501061420196491,6.6619645999911,0.0585649014442835,0.65385614126201
"PCK2",1.05975459855195,0.145677809372856,4.98213849700423,0.0453373914155307,0.760321994287198
"PCM1",2.09944991703895,0.0799175641574815,2.47645192170674,0.015054383424026,0.370553103090106
"PCMT1",3.90234250323289,0.187410594138129,3.20108592213013,0.0297071568224445,0.466112698000519
"PCMTD1",1.81181651589542,0.0920682549266337,3.11068639636403,0.0226751783841901,0.468190080498572
"PCMTD2",1.44690623364447,0.186379142687238,4.81335841632584,0.0458135202919306,0.733575694624773
"PCNA",0.614650755691107,0.0619587640696984,4.61073099304939,0.0366499523363844,0.698260192157881
"PCNP",6.75188075436437,0.232329617517097,2.53461701901592,0.0263969528554066,0.342248766554142
"PCNT",1.36276045844131,0.283125924103834,5.55354068107512,0.0566829405272038,0.841339911711244
"PCSK7",0.762388982855006,0.0685175719931333,4.32450443679566,0.0339409646243416,0.654375486886523
"PCTP",6.36320781522712,0.654939973948892,8.39898589796712,0.0714057150191366,0.839522202025448
"PCYOX1",0.767399416391768,0.0472567093417034,3.86758705284608,0.0270519623005176,0.576733316021813
"PCYT1A",3.32158797207027,0.395767675934914,5.72238241192269,0.058500592218462,0.777460399896131
"PCYT2",1.29828758344393,0.252614126067794,5.4286569546124,0.0544790433176924,0.826019215788107
"PDAP1",5.8716842196987,0.176405826281744,2.16160381376523,0.0195320349070587,0.308750973773046
"PDCD10",11.5676254476085,0.435297699994239,5.76213225954732,0.0482250064608977,0.484809140482991
"PDCD11",1.44397929816338,0.306468069882834,5.63466532605479,0.0581073527896574,0.849130096078941
"PDCD2",7.59665254300153,0.312415793824761,3.86220177182631,0.0382806544355613,0.452869384575435
"PDCD4",0.966042899169398,0.0539104139517585,3.54168407956031,0.0239824278324146,0.527395481693067
"PDCD5",3.96990983018317,0.098572042548018,1.59942696222765,0.00817416712992718,0.242794079459881
"PDCD6",5.88732231754264,0.131219324027104,1.34395533360998,0.00911805431551658,0.206439885743963
"PDCD6IP",6.09580099903908,0.218265404446848,2.63437551699006,0.0262894690079501,0.363022591534666
"PDCD7",1.59900625521287,0.265231291809893,5.32797074850739,0.0537413599591658,0.802648662685017
"PDCL",1.75081461960895,0.229700625859355,4.9654127663738,0.0489487245918456,0.748636717735653
"PDCL3",5.56447969132514,0.391469940102594,5.33917472514818,0.0525097187809409,0.650480394702675
"PDE12",2.5198531852264,0.405903368448254,5.82734740886767,0.0612220400585526,0.824980524539081
"PDE4B",0.370686199974871,0.0435758103609063,5.00949484682534,0.0400509355281514,0.759542975850429
"PDE4D",0.210229936746336,0.0401613730214452,5.53227596451948,0.0461116973680969,0.844975331082836
"PDE4DIP",0.69010196849473,0.036631910738477,3.86927202067538,0.0260610142922932,0.573097896650221
"PDE6D",14.1640934798369,0.645342216765711,10.6266951549528,0.0653933358504545,0.668397818748377
"PDE7A",0.671661317402524,0.157990096424595,5.50856579821996,0.0516032837196913,0.848610750454427
"PDE8A",1.13080616627476,0.203146325532926,5.2835732240759,0.0511489799157553,0.808101791742405
"PDHA1",1.81400532351997,0.159997440737734,4.34312497481545,0.0393891914883129,0.65463515969878
"PDHB",3.39636662340695,0.241379471099887,4.10660936137873,0.0408001636100931,0.593612048818489
"PDHX",3.00544021331627,0.393480348164894,5.69101857456255,0.0589661459263298,0.788626330823163
"PDIA3",2.02918349831282,0.0255369898987221,0.971041067196108,0.00785604051015854,0.120488184887042
"PDIA4",1.36190068162968,0.0495675614249769,2.79373379876935,0.0151103875554734,0.407945988055051
"PDIA5",0.413379784158787,0.0702658873279237,5.27960656593561,0.0447823529068996,0.807063100493378
"PDIA6",2.27826618306112,0.0397525959477153,1.27430862398333,0.00238759373673758,0.175279148273176
"PDK1",0.65534851207272,0.142735030408865,5.44768328353012,0.0502519807849217,0.838223837964165
"PDK2",1.15785940921827,0.200194222819029,5.20669009097853,0.0503496911703671,0.796935860815373
"PDLIM1",0.296648523986638,0.00806254390725906,3.83248508722282,0.0231620871453455,0.559854583225136
"PDLIM2",0.882361203487036,0.0747774673507378,4.3346663200031,0.0343110407380043,0.65463515969878
"PDLIM5",1.34342702470236,0.0511996871526805,2.7889982402042,0.0153102423936269,0.40872500649182
"PDLIM7",0.604797665693393,0.0305900913862918,3.83328014912183,0.0251675339560826,0.56634640353155
"PDP1",1.0054553785324,0.182956651535953,5.24581372371982,0.050018485532286,0.804985717995326
"PDPK1",2.82156817054973,0.26142947387632,4.63971782330995,0.0465149921784066,0.675408984679304
"PDRG1",2.33244776274724,0.317775750821557,5.33647888779715,0.0548729764990795,0.777460399896131
"PDS5A",6.8901628237863,0.441938453031352,5.85680872033976,0.0550025447841212,0.643728901584004
"PDS5B",1.38755721049663,0.169490070728116,4.74905420232538,0.0442914748918957,0.723708127759024
"PDSS2",6.96543218279917,0.665374652475865,8.67190489771808,0.0714517545245345,0.829135289535186
"PDXDC1",1.5651881583814,0.0895986457349951,3.42077511031666,0.0256428908701471,0.514671513892495
"PDXK",1.00819880932353,0.0860050860104348,4.37542872079704,0.0353994536223966,0.660867307192937
"PDZD11",6.64300585700878,0.344256327467707,4.58397697800835,0.0448441600521293,0.545572578551026
"PDZD8",1.73745641133872,0.252390584303448,5.13341765418463,0.0514553000596822,0.772526616463256
"PEA15",1.84464976667668,0.0494042833313094,2.13486231353947,0.00790365022515777,0.30693326408725
"PEBP1",2.28537973812652,0.0197124095658946,0.615656516202263,0.0125965276732707,0.0641391846273695
"PECR",1.15907095654292,0.323593657168815,5.80659520571631,0.060647587201119,0.883666580109063
"PEF1",5.55164691728475,0.316456744973501,4.31165824252756,0.0435236614537884,0.554141781355492
"PELI1",0.423818815727551,0.0420122496777827,4.76007678527506,0.0370278279345838,0.719034017138406
"PELO",1.33379305254749,0.206293015479176,5.12282291281429,0.0496343218089223,0.780316800830953
"PELP1",2.27884739514332,0.3392632226249,5.47000619132087,0.0568420415501354,0.795897169566346
"PEMT",3.88310312926917,0.281015745914215,4.48912499868912,0.0448141953264719,0.623734095040249
"PEPD",2.42759850032928,0.148709301555755,3.63022038380648,0.0316649976066615,0.543495196052973
"PES1",3.16555484374262,0.296182566415229,4.88387980438163,0.0493550428340109,0.69306673591275
"PET100",5.71846750991105,0.14647557108596,1.5758723573487,0.0126518632561,0.239418332900545
"PET117",1.52178374593774,0.362062374636467,5.82962730378874,0.0615780819454004,0.871202285120748
"PEX1",1.15888605577825,0.239278478547602,5.44403183336556,0.0542400516706761,0.832251363282264
"PEX10",4.02173037551032,0.39959365642813,5.58239327085745,0.0567495123975439,0.734095040249286
"PEX11B",4.42026692969397,0.358895954112742,5.06732459476612,0.0515939014817287,0.668138145936121
"PEX13",1.98003490900142,0.317602200880795,5.44238451492396,0.0562790381029915,0.804466372370813
"PEX14",NA,1,NA,NA,0.859776681381459
"PEX16",6.08582092923938,0.466381330904867,6.16423294867092,0.0585292076762132,0.698779537782394
"PEX19",2.20889037353666,0.298926817529904,5.23957163191291,0.0536056735276662,0.770449233965204
"PEX2",3.22641614641617,0.244210762405408,4.25482620783254,0.0422092846401547,0.615943910672553
"PEX26",2.35078291809802,0.384258350295051,5.75465196515154,0.0602505746233187,0.824720851726824
"PEX3",2.62970706211596,0.423792255981421,5.91749108636871,0.0621809924632797,0.829135289535186
"PEX5",1.39654390783785,0.240670376550877,5.3219567129865,0.0528511089323636,0.807322773305635
"PEX6",1.38006286589781,0.328948323062233,5.72606131932909,0.0598811537649128,0.864450792002077
"PFDN1",5.78940588853755,0.271509353881494,3.74805579113826,0.0370774417690864,0.48870423266684
"PFDN2",2.06924967298519,0.0653558451394725,2.16989700320241,0.0103013274317,0.320176577512334
"PFDN4",2.2560505899385,0.149171560354894,3.75911511498322,0.0330344216756166,0.564528693845754
"PFDN5",11.3399629705843,0.0468516149800533,0.164342928791552,0.012851734173442,0.00441443780836146
"PFDN6",2.97418362969309,0.25774566887817,4.52540791789979,0.0452772111699908,0.656712542196832
"PFKFB3",0.428006221598344,0.0228044634154687,4.16240111016791,0.0284326041490318,0.617501947546092
"PFKL",4.00083420943079,0.145529794635678,2.57260255912667,0.0210503943592268,0.37860296027006
"PFKM",0.917375318036232,0.197635259674523,5.43499556834607,0.0525510294499058,0.835367437029343
"PFKP",0.642532849290851,0.0689891349985813,4.80862888980208,0.0391832464890161,0.728901584004155
"PFN1",1.54087940848077,0.0036176818003808,0.364087546953113,0.0188095360621625,0.00649182030641392
"PFN2",0.607877486272327,0.0315158280441264,3.86420430448512,0.0256107099467204,0.571539859776681
"PGAM1",1.49305667932865,0.0184561010685486,1.17879103919454,0.0068808067246361,0.144637756426902
"PGAP2",1.34208810486991,0.202672722327249,5.07598902027684,0.0490566918919828,0.773565307712282
"PGAP3",0.827990481089113,0.162519433242963,5.30793321179108,0.0497730298260255,0.816411321734614
"PGD",1.23617958412021,0.0438516047573228,2.98764488949558,0.0165280053728714,0.434432614905219
"PGGT1B",4.61504831827872,0.524015915124505,6.69349445260459,0.0652760602192745,0.80316800830953
"PGK1",0.80299576454949,0.0112488214028688,1.84768913770509,0.000435516975066086,0.241755388210854
"PGM1",1.60960938118473,0.127479113062333,4.09546607270031,0.0351556967612012,0.619319657231888
"PGM2",5.0806684361058,0.534304481848062,6.89349449362253,0.0654135481262959,0.797455206439886
"PGM2L1",0.306610452809187,0.0672196612482741,5.52216988186271,0.0474357412431603,0.846533367956375
"PGM3",1.23282906908763,0.182158179474523,5.0634524475407,0.0479414838745969,0.772266943651
"PGP",1.9476608849023,0.279968210882675,5.29303848985876,0.0534490748657036,0.785250584263828
"PGPEP1",1.9286104434079,0.293021767877955,5.31471746940861,0.0543779858585618,0.790184367696702
"PGRMC1",1.42656372412516,0.0488142255946462,2.57698349807135,0.0127239035402489,0.375227213710724
"PGRMC2",1.05611268070387,0.114304335240981,4.56449401119527,0.0394341382215115,0.695663464035316
"PGS1",3.5949346151197,0.436251612053537,5.90107252651567,0.0606890748261935,0.782913528953519
"PHACTR1",0.148491172670322,0.0411000279049488,5.8108795634872,0.0495069056975447,0.890937418852246
"PHACTR2",0.544876978916507,0.040346665567883,4.33483624710458,0.0318876667168052,0.649701376265905
"PHACTR4",1.85522122442694,0.178048852212936,4.41425339939817,0.0412578345201605,0.667099454687094
"PHAX",4.44642179651832,0.337504325002616,4.82522410891709,0.0491671482243681,0.642690210334978
"PHB",2.83498097072307,0.0923234814321179,2.1778416875204,0.0131488662280737,0.326668397818748
"PHB2",4.64271914427526,0.0761392574895372,0.839667412511657,0.00138758384107654,0.1326928070631
"PHC2",1.34527305619075,0.115056673320983,4.26963337823018,0.0361656838629885,0.64632562970657
"PHC3",2.21873157746116,0.220924214674413,4.536526958844,0.0444381732463748,0.678784731238639
"PHF1",1.35860941639841,0.08241086651182,3.50542748589651,0.0260484521824149,0.52791482731758
"PHF10",1.29750785257732,0.20269649871827,5.11805744422837,0.0494778329160431,0.78057647364321
"PHF11",4.67962274885376,0.258067053236296,3.77064295360091,0.0379298328619835,0.521163334198909
"PHF12",0.904263965504963,0.128361428676397,4.93881800312312,0.0442046493643696,0.756167229291093
"PHF14",2.05512703853772,0.136925373132058,3.67272132822707,0.0316387597180864,0.555180472604518
"PHF19",0.281998916250094,0.0569762691880928,5.50693444134687,0.0466954052112514,0.842638275772527
"PHF20",5.52804061023848,0.321630614787007,4.38783136982733,0.0442650414923732,0.562451311347702
"PHF20L1",4.04703529521864,0.229712192825837,3.63644713527016,0.0359291876617919,0.52038431576214
"PHF23",2.50414837510179,0.374665602231435,5.66570574762874,0.0590314725313783,0.808101791742405
"PHF3",3.45646215056405,0.159279513687082,2.81543570164881,0.0250493674286146,0.423786029602701
"PHF5A",7.03399412121013,0.343669925176349,4.37048925602477,0.0434462266981334,0.514671513892495
"PHF6",1.54558293668726,0.218027733926261,5.03766712113131,0.0492151191272068,0.763438068034277
"PHF8",1.32509154579635,0.289467359080478,5.59794478365056,0.057370848113429,0.848870423266684
"PHGDH",0.239873399760507,0.0433524938897919,5.47717747494359,0.0456101818817933,0.836146455466113
"PHIP",2.33293089560483,0.110534823467344,2.92476509128622,0.022310639320332,0.441443780836146
"PHKA2",1.7907989356952,0.363387242483872,5.76139516768061,0.060634883854669,0.850947805764736
"PHKB",1.96223836128464,0.170623063199992,4.26240544382274,0.0393030192510838,0.642690210334978
"PHKG2",1.91140860756128,0.190038874249316,4.49948871888826,0.0426443871968995,0.678525058426383
"PHLDA1",0.230066484431897,0.00583360665768581,4.03599583893658,0.0255056969502583,0.592833030381719
"PHPT1",2.58951766968117,0.0435213038946228,1.10737538099596,0.00349048103921948,0.153985977668138
"PHRF1",5.64151789444276,0.5339160089829,6.89728516871507,0.064513447038933,0.772526616463256
"PHTF1",1.48135172172968,0.272156382833438,5.42145005916355,0.0550027779639701,0.819527395481693
"PHTF2",0.8957014908283,0.125283895746524,4.95440163458591,0.0441395813792619,0.757725266164633
"PHYH",2.65941142011315,0.270051151830986,4.80166591089317,0.0483693995535926,0.70059724746819
"PHYKPL",4.13986085757621,0.272136525950266,4.11697283993002,0.0418014020893568,0.575694624772786
"PI4K2A",1.28042709424766,0.376654588843854,5.95877488110032,0.0634631785506058,0.897948584783173
"PI4K2B",2.4869335324307,0.61281266900972,6.84588484430818,0.0730826126198908,0.919761101012724
"PI4KA",2.84840418198342,0.257924265617004,4.60912727142652,0.0460362644276049,0.670475201246429
"PI4KB",4.58517746134945,0.346829098028181,4.87188664062964,0.049717870298416,0.642690210334978
"PIAS1",3.53560387500632,0.211119102455954,3.58706668279887,0.0349537673030207,0.525577772007271
"PIAS2",2.39212387935708,0.327464133769545,5.37963510013176,0.0554831496684524,0.780316800830953
"PIAS3",1.08871854196309,0.109406829463488,4.44764829620986,0.0379034595153853,0.676967021552843
"PIAS4",3.97202198548855,0.493446314430392,6.36871269883627,0.0641730142963442,0.806803427681122
"PICALM",1.88797656789956,0.124520387955636,3.76449698597481,0.0315286083705107,0.566865749156063
"PICK1",1.2308739010678,0.243327208972397,5.41617234093044,0.0540781540685946,0.826278888600364
"PIDD1",0.699923364752427,0.20851553901385,5.68978916221121,0.0556598435751633,0.878992469488445
"PIEZO1",0.974822274159763,0.106113127602341,4.66824571887459,0.0399134384545559,0.709945468709426
"PIGB",1.71132637328773,0.47033037207921,6.20282821244503,0.0673472814963267,0.904180732277331
"PIGBOS1",18.5217215202096,0.780082461008472,15.9556470918446,0.0712072773231707,0.755128538042067
"PIGC",6.51507876267764,0.400156654957199,5.23838977440221,0.0511627238731198,0.60711503505583
"PIGF",4.15013888499134,0.311376373158119,4.66629440988639,0.0472727456094754,0.635679044404051
"PIGG",1.81936257304973,0.298501150294352,5.4016949717517,0.0554357952432365,0.805245390807582
"PIGH",2.13898412117556,0.232682047479625,4.75146588662391,0.046807151362812,0.7089067774604
"PIGK",0.884083734504435,0.131041380331881,5.00485224284414,0.0450210467315339,0.766554141781356
"PIGL",1.90541618895712,0.369251061952363,5.7379172877696,0.0605318244618047,0.843417294209296
"PIGM",1.28457096154986,0.272295770202471,5.52830360849953,0.0561888942459669,0.840820566086731
"PIGO",2.09334290704664,0.431281730859398,6.01893796498759,0.0641244929078175,0.865489483251104
"PIGP",3.65350613083073,0.241006080386874,3.98502648219972,0.0395708985148881,0.572059205401194
"PIGQ",1.31266318207818,0.174979886244785,4.87403319412518,0.0458271645177698,0.743702934302778
"PIGS",2.3592783422385,0.22758702722306,4.57036359060981,0.0447899846727157,0.678784731238639
"PIGT",1.40493304427918,0.0461553160129058,2.53910666650225,0.0119945372519272,0.368216047779797
"PIGU",1.86498407371847,0.402770990349994,5.92899188675816,0.06302223814627,0.866787847312386
"PIGV",0.925709034303884,0.218748016650175,5.53403262723931,0.0544051957781835,0.85068813295248
"PIGX",1.09845971505985,0.101243652827925,4.36943048098328,0.0364670130829501,0.662944689690989
"PIH1D1",4.99784476827798,0.237124105955025,3.36392500492667,0.0334806524660549,0.466891716437289
"PIK3C2A",0.973212844811866,0.0883565760408117,4.29335556465104,0.0349342966573576,0.651519085951701
"PIK3C3",2.96490511118719,0.38094132845812,5.59560536205196,0.058019280219535,0.78057647364321
"PIK3CA",2.37202423254086,0.380024104038493,5.70449768595301,0.0597844741418799,0.818488704232667
"PIK3CB",1.23559926669491,0.197510596864151,5.155955500011,0.0495925271745822,0.786808621137367
"PIK3IP1",0.557085731356796,0.0826359708001025,5.06487710496552,0.043065563609808,0.773824980524539
"PIK3R1",0.747979055266411,0.0268407042899349,3.04936234249721,0.0156916345430796,0.440924435211633
"PIKFYVE",2.67562147608866,0.331552632166326,5.29727889704672,0.0546514416828442,0.759802648662685
"PILRB",1.77473663365599,0.225987482181245,4.92871436923012,0.0484069392472295,0.742664243053752
"PIM1",0.206979517026844,0.0176493495050498,5.05902389447611,0.0390041182304961,0.763438068034277
"PIM2",0.071937431217834,0.0157949048469089,5.89602296657918,0.049302391107296,0.902103349779278
"PIM3",0.844569329201025,0.02932459354973,3.02021390803603,0.0155539604620347,0.436509997403272
"PIN1",7.06235641116981,0.238780560941491,2.68411833294682,0.0273704166995805,0.351077642170865
"PIN4",4.25724147477283,0.162116400122051,2.49704382427561,0.0220361680110645,0.37107244871462
"PINK1",1.0003050967788,0.15418682432599,5.04669804499039,0.046626436244395,0.773305634900026
"PIP4K2A",1.36368603591872,0.277895144100954,5.54359035870612,0.0563449526662605,0.839522202025448
"PIP4K2C",1.84410364691119,0.31254875644953,5.47175841992689,0.0565046245846845,0.813295247987536
"PIP5K1A",3.8123660898663,0.398253317198216,5.60709544909733,0.05718737865288,0.745260971176318
"PIP5K1C",3.24169261129397,0.329262655988769,5.15618539877145,0.0525643272185439,0.721371072448715
"PISD",0.83006997560218,0.102022860618755,4.7973801923724,0.0411800159376049,0.731757984938977
"PITHD1",5.5821205648915,0.300539981510949,4.13071949645057,0.0414811874865922,0.53466632043625
"PITPNA",1.98391868716798,0.263892782410923,5.15173434215217,0.0516040816160909,0.765775123344586
"PITPNA-AS1",1.37572013994181,0.170797171747113,4.79660096696208,0.044774425029197,0.730459620877694
"PITPNB",3.26560730072926,0.274486438599775,4.5587202986433,0.0460102589146347,0.652298104388471
"PITPNC1",0.453485622228791,0.0897713061686552,5.38668784165089,0.0470405277083726,0.826278888600364
"PITRM1",2.91868401194283,0.383121397604401,5.6290491831672,0.0583712505539852,0.786029602700597
"PJA1",1.04716583113572,0.196893242793574,5.31780865608108,0.0512667581321178,0.814853284861075
"PJA2",3.52020258937576,0.160967749800117,2.90599165098052,0.0257425629036086,0.433393923656193
"PKD2",0.792227727309526,0.117525515271243,5.03773845156524,0.0446230605695509,0.770968579589717
"PKIG",0.784791902477141,0.0569831119511759,4.10773518043231,0.0305471277662384,0.616722929109322
"PKM",1.51078610195965,0.0110162004579405,0.875831614988561,0.0116135060253714,0.0916645027265645
"PKN1",1.88236171744386,0.199708990387299,4.66414202890524,0.0445618945876069,0.701635938717216
"PKN2",2.22330748458818,0.140261901882274,3.51201034324267,0.0303693778060299,0.531550246689172
"PKNOX1",2.08350734333721,0.380689408840469,5.78731370470465,0.060855894249438,0.840560893274474
"PKP4",0.414421512047607,0.0420254493809731,4.80563386586257,0.0375555708519885,0.726304855881589
"PLA2G12A",1.11452025498657,0.0834820236701113,4.02817786219218,0.031613524012357,0.607894053492599
"PLA2G15",0.814177647653298,0.198071897157732,5.5650667401339,0.0538374510093344,0.856400934822124
"PLA2G16",0.533328023461421,0.012630310310078,3.03608164011189,0.0138828580499621,0.431835886782654
"PLAA",4.51225868094508,0.456837380468754,6.10685501760974,0.0605907447738394,0.760321994287198
"PLAUR",0.211935040815043,0.00828187414062527,4.57522609230314,0.0323513749529625,0.681641132173461
"PLBD2",2.08422027064719,0.202675552013471,4.5714889129232,0.0436438145855175,0.683718514671514
"PLCG2",0.325758211463343,0.0717275464622584,5.52179614076723,0.0476538512549757,0.846793040768631
"PLD3",1.05730417006258,0.0167937355846668,1.73478913023828,0.000892795355789578,0.228252401973513
"PLEC",1.63541127577846,0.0489888455903975,2.29033991384993,0.00961145715113782,0.331342508439366
"PLEKHA1",1.26435347406843,0.134909125520655,4.53308988158336,0.0402760236181189,0.690729680602441
"PLEKHA2",0.883710286505035,0.138130466821231,5.11176450521205,0.0464156162491202,0.782653856141262
"PLEKHA3",3.12472347151066,0.401556636491197,5.73028246389796,0.0592754725852158,0.78732796676188
"PLEKHA5",0.623677681510859,0.0924429903389003,5.02920202768187,0.0432411729089312,0.769150869903921
"PLEKHA8",1.77823042482853,0.474689650051428,6.2141269039748,0.067413564133523,0.901843676967022
"PLEKHB2",1.24673175379165,0.0760767465926968,3.79636125216313,0.0283495182924248,0.568164113217346
"PLEKHF1",0.405606800689766,0.101469260592709,5.56195661137519,0.0496210025354197,0.856141262009868
"PLEKHF2",0.826894866663148,0.0785111303935931,4.44742135266431,0.0359027107444694,0.674110620618021
"PLEKHG2",0.55515625695666,0.129268567743334,5.47620671358368,0.0500158339406868,0.843676967021553
"PLEKHJ1",4.20135000055941,0.211502960137022,3.42117116772668,0.0327929975754714,0.48870423266684
"PLEKHM1",2.32848478311849,0.361836638028052,5.6035510103351,0.0585239925855391,0.809140482991431
"PLEKHM2",1.32443350671479,0.181444423067664,5.01393152191764,0.0472641264912841,0.762139703972994
"PLEKHO1",0.498497676122486,0.0399397500730543,4.5795695489475,0.0346477272335294,0.688132952479875
"PLGRKT",1.61057908531303,0.103107658610417,3.77686231501959,0.0301333557474491,0.567644767592833
"PLIN2",0.225267923524755,0.00387418305697041,3.68494611188142,0.0210002124862512,0.534925993248507
"PLIN3",3.07010477007344,0.145700904558633,3.1913362676789,0.0269109503440726,0.47208517268242
"PLK2",0.329795474185231,0.0252275042363015,4.65220657119992,0.0345665528333731,0.698260192157881
"PLK3",0.853077995116441,0.0896944613984946,4.64211601258994,0.0386665894397756,0.705011685276552
"PLOD1",1.00988866350741,0.0591445786764117,3.72256158567934,0.0263243825355186,0.555440145416775
"PLOD3",2.03101843184366,0.173147160443308,4.28673505595927,0.0395161832945649,0.643988574396261
"PLP2",1.77936315220746,0.0430892473910911,1.98498032678307,0.00552784919235014,0.281745001298364
"PLPP1",0.20450225482221,0.00538820762448459,4.17490820918135,0.0272058757062621,0.615684237860296
"PLPP5",1.08984632833157,0.0658586681820039,3.71614088540813,0.0268240153261744,0.555959491041288
"PLRG1",3.85406178342149,0.40053317661857,5.58904554258916,0.0571699453378448,0.741885224616983
"PLS3",0.272920163511293,0.0194292947359719,4.73304384405591,0.0351272449673291,0.710205141521683
"PLSCR1",0.794650472786224,0.0367099406655578,3.54164125092271,0.0222868468724439,0.521163334198909
"PLTP",0.228049857430365,0.00459368681262308,3.95535760692332,0.0243821867238345,0.579070371332122
"PLXNB2",2.16284931678535,0.114093042987264,3.32180354762312,0.0262756258383815,0.498052453908076
"PLXND1",0.647486885103475,0.0378357699735552,3.9997315191214,0.0277155449408621,0.594650740067515
"PMAIP1",0.20472583875159,0.0461617456008323,5.63356153456842,0.0476430172452335,0.862373409504025
"PMF1",2.20082547374212,0.54612571174288,6.51297321365235,0.0702811991745004,0.907556478836666
"PML",1.11031671057912,0.0721659747715308,3.75185565973939,0.027812231209015,0.563749675408985
"PMM1",2.00613756225532,0.154069684944201,4.02714392542664,0.0360527069794356,0.60711503505583
"PMM2",2.17547346957924,0.297010818997051,5.27915140838058,0.0537788543383489,0.775902363022592
"PMP22",0.618629287259534,0.0159125578922207,2.96076252593346,0.0133499893699284,0.421189301480135
"PMPCA",3.39793309828238,0.371177187133912,5.41677046177391,0.0558136047525783,0.743702934302778
"PMPCB",5.09088440260433,0.25926060572352,3.6585490543295,0.0367662112677245,0.498052453908076
"PMS1",2.7728255432909,0.336691303155343,5.2954705703105,0.0547144024119336,0.755907556478837
"PMVK",2.89231405522746,0.153887947772389,3.25135976833031,0.0285054441492819,0.486886522981044
"PNISR",2.31639085784841,0.0459826473388395,1.2771297961066,0.00133826373854841,0.180732277330563
"PNKD",5.1122295162378,0.152361967578073,2.01066027754299,0.0167190802779595,0.297844715658271
"PNKP",1.97074272648647,0.161648958106122,4.11549620024655,0.0374550880940098,0.621656712542197
"PNMA1",1.24383806817318,0.141714305500935,4.62864528319979,0.0416525503950066,0.706050376525578
"PNN",2.44828401305582,0.0984044145738282,2.56608833957671,0.0176957055600324,0.386652817450013
"PNO1",1.11514649389305,0.203721977204056,5.31098845213049,0.0514219001881246,0.812256556738509
"PNP",0.457934223254829,0.0576314881874492,5.03962166712179,0.041214925674778,0.765775123344586
"PNPLA2",1.23173138696152,0.0371740607596363,2.48512380291307,0.0103633966945324,0.356271098415996
"PNPLA4",1.04467960555003,0.107027644341859,4.53608933581526,0.0386085082642323,0.689690989353415
"PNPLA6",1.39201652373187,0.171805887186112,4.86420552289354,0.0453028740757673,0.738509478057647
"PNPLA8",2.1454627612026,0.212711552876935,4.54451744269405,0.0440618272245484,0.680602440924435
"PNPO",1.41399796348096,0.300840252642978,5.61292450901293,0.0577881156328371,0.847572059205401
"PNPT1",2.14043884593513,0.316644060834107,5.40679844461344,0.0556351818998532,0.793300441443781
"PNRC1",1.73910009245684,0.0224994364337218,1.07119572643694,0.00732789176103411,0.132433134250844
"PNRC2",2.04322347717449,0.0622562011896653,2.1278465444174,0.00949483898763849,0.312646065956894
"POC1B",1.38144653004937,0.334786997686722,5.77258403570222,0.0603874830084445,0.869903921059465
"POFUT1",2.79548099584212,0.376148375170788,5.58415473755469,0.0581018601170701,0.786808621137367
"POGK",3.12043448882952,0.391629867575478,5.67581027179403,0.0585524850082581,0.781874837704492
"POGLUT1",1.20396972322062,0.260634370515355,5.52233753574026,0.055762827005304,0.84237860296027
"POGZ",1.92664703933043,0.122950643171516,3.54363157599697,0.0294915104072923,0.536743702934303
"POLB",1.4168679295252,0.167131308197724,4.74033208668866,0.0439706497867765,0.720851726824202
"POLD2",1.91023242518176,0.11764466901042,3.58193527509172,0.029299595487236,0.539859776681381
"POLD3",1.40784870443719,0.295908002718686,5.58943081367134,0.0574238976677934,0.844715658270579
"POLD4",3.52218177517595,0.0995833120102407,1.98617201127714,0.011762737018717,0.296286678784731
"POLDIP2",11.8880486093601,0.453141363624969,6.16603106067389,0.0499798741077485,0.501428200467411
"POLDIP3",7.19122266104744,0.480299787584891,6.30892317928551,0.0579778789808039,0.666060763438068
"POLE3",3.62041303446455,0.258317144221083,4.37117022341178,0.0430757769796918,0.617242274733835
"POLE4",2.79872748548173,0.116035958215247,2.77030041806189,0.0209408324104042,0.414437808361465
"POLG",6.96810424048328,0.617006363202444,8.06769057960691,0.0685784188370793,0.793040768631524
"POLG2",2.68030839629913,0.554561078497889,6.62356115962722,0.0699589741583976,0.891716437289016
"POLI",1.11231880431877,0.180238636271289,5.11749725065593,0.0485717139055572,0.783692547390288
"POLK",2.99883024834003,0.277120724994062,4.65178398900521,0.0472753473344758,0.672552583744482
"POLL",4.004205853851,0.428655571456922,5.8373303176414,0.0592542796444578,0.758763957413659
"POLM",3.32835452485518,0.410815197750933,5.73856973466122,0.0593596633779242,0.779278109581927
"POLR1C",2.00283938413645,0.320509008707619,5.46653091712568,0.0564966233015721,0.806284082056609
"POLR1D",119.370693348831,0.7688738081368,57.3215613926258,0.0644873330133021,0.226694365099974
"POLR1E",1.42872508883356,0.250581654018548,5.35476439172434,0.0535359678117655,0.811217865489483
"POLR2A",2.29196765836255,0.109450244106064,2.96634386751441,0.0225982599447158,0.447156582705791
"POLR2B",3.45536863425928,0.281133629017564,4.50848816422439,0.045823464109699,0.641132173461439
"POLR2C",3.70845661294612,0.229210073140598,3.80683160084633,0.0374817636953122,0.548688652298104
"POLR2D",4.12807327803172,0.47378828672855,6.23786126177848,0.062555464682743,0.788626330823163
"POLR2E",8.27233068405427,0.182456110973775,1.73335428154914,0.0155423472856605,0.229810438847053
"POLR2F",3.77397911903734,0.135691600438259,2.24319194974701,0.0179123889424319,0.340690729680602
"POLR2G",5.43058430618666,0.23709218795473,3.242503904185,0.0321682546959038,0.443261490521942
"POLR2H",2.61815493112021,0.138687515040808,3.23532664961815,0.0273314696534331,0.486107504544274
"POLR2I",4.54507638509084,0.122511654053742,1.73257074038633,0.0117862190151592,0.263048558815892
"POLR2J",20.7108111398102,0.556209504672768,9.54299745477932,0.0547131228059451,0.441443780836146
"POLR2K",3.81698764677735,0.126948901250034,2.1290455494115,0.0159766257659079,0.322513632822643
"POLR2L",3.35787442235375,0.0281413064566755,0.440718935386129,0.012579897755035,0.0498571799532589
"POLR2M",3.59678978930888,0.429925115182783,5.86349071501953,0.0602312421251339,0.779278109581927
"POLR3A",2.86528827704568,0.467276710229244,6.17398163156193,0.064577888462196,0.842638275772527
"POLR3D",1.77695294899509,0.288157330630344,5.40055760927552,0.0549615706081202,0.805764736432096
"POLR3E",3.09079178003218,0.439367815255812,5.98607465699798,0.062169060844832,0.814074266424305
"POLR3F",6.44794198588227,0.737183106909852,9.27688218056031,0.0754482679732417,0.884445598545832
"POLR3GL",6.47340642732896,0.309366643103104,4.03406583347709,0.0403408653233542,0.499610490781615
"POLR3H",3.45391304993476,0.347642059858978,5.31336134701016,0.0538806372930004,0.729680602440924
"POLR3K",1.58956994793031,0.140277000698887,4.3117117475531,0.0380727849889561,0.652298104388471
"POLRMT",9.81301832383014,0.721344092730516,10.5725695097596,0.0725312552988434,0.816151648922358
"POM121",10.657508361491,0.687509630088278,10.3541038292853,0.0701626038379231,0.774603998961309
"POM121C",3.61183274617948,0.413106575362682,5.74834709267349,0.0589162519916279,0.767592833030382
"POMGNT1",0.995541428293642,0.141759315970028,4.94834148430289,0.0449768354592257,0.757465593352376
"POMP",3.5523475650435,0.0485634707838532,0.806666956000827,0.00568993211931043,0.114515710205142
"POMT1",2.22985694448221,0.378259304810164,5.71886744968347,0.0600971284620849,0.82653856141262
"PON2",0.697771938996809,0.0337777557404744,3.6363591101038,0.0231652675665763,0.535964684497533
"POP4",6.48115085618756,0.44221740271572,5.92846762416729,0.0558506591388963,0.665022072189042
"POP5",2.86056457798766,0.211530285914764,4.07644526697315,0.0393464994494817,0.601402233186185
"POP7",4.21645632442585,0.263829084561199,4.17281091727003,0.041272421678695,0.577512334458582
"POR",1.6411645340379,0.150454924191318,4.28743342316586,0.0386105555052658,0.650740067514931
"POT1",4.23838484488389,0.589126358812173,7.15628187957469,0.0697852713055713,0.855102570760841
"POU2F1",1.05999335184392,0.231560633213119,5.48544377167604,0.0543743871623238,0.840560893274474
"PPA1",1.81728852169113,0.0298646779290162,1.53179851516431,0.00124239145974351,0.205660867307193
"PPA2",3.00390585148023,0.20105096581926,3.89584834357342,0.037027980632341,0.573617242274734
"PPARA",1.0147438853822,0.285005513777976,5.74258884695925,0.0588657106055411,0.879771487925214
"PPARD",1.33420313420824,0.223003685843159,5.28355684336099,0.0517395781606736,0.802648662685017
"PPAT",0.976597545680556,0.292350435633244,5.78744278160607,0.0595895853062053,0.887561672292911
"PPCDC",1.39042050417728,0.328054999534793,5.72680746257191,0.0598114149742925,0.863931446377564
"PPCS",5.68564255791486,0.182995292989,2.37531452573093,0.021706264677936,0.336276291872241
"PPDPF",1.7012040134834,0.00433210992413591,0.422888167501267,0.01791760656426,0.0171384056089327
"PPFIA1",3.56242313936987,0.340207136465179,5.19519433242975,0.0526965402013217,0.713061542456505
"PPFIBP1",0.552373953720865,0.0322988468976873,4.05351928807657,0.0279312752675916,0.602440924435212
"PPHLN1",4.37803509136815,0.343164867593453,4.94631222950285,0.0501694677429282,0.657231887821345
"PPIA",6.88732570878856,0.0235289379321089,0.00780782509720963,0.016310341027785,0.00103869124902623
"PPIB",2.61350039668209,0.0133341211823557,0.286624431172824,0.0171151131629844,0.0122046221760582
"PPIC",0.448678653661302,0.0109389957029271,3.19444936232988,0.0156415297035584,0.45702414957154
"PPID",4.07476701382488,0.347685316174101,5.08159486059754,0.0516185861198145,0.682160477797975
"PPIE",5.48217974100066,0.387675736477555,5.17881163421768,0.051888075236705,0.639314463775643
"PPIF",0.529737536216751,0.0277125642121086,3.97339752621911,0.0265801631618068,0.588158919761101
"PPIG",6.90495061106032,0.185847074502086,1.88368022833393,0.0179482950737847,0.265645286938458
"PPIH",3.01332706516277,0.206354344044178,3.95977639482575,0.0378607859272819,0.581926772266944
"PPIL1",1.20400641847006,0.267801947288208,5.58648558781673,0.0565232864548786,0.85068813295248
"PPIL2",3.04623141969985,0.382972375521787,5.5944961464874,0.0579426684586256,0.776941054271618
"PPIL3",6.50294983446003,0.558471090702312,7.30904124626977,0.0652203880081015,0.764476759283303
"PPIL4",2.98631673548857,0.279082359294346,4.6836430136715,0.0476047339114753,0.676707348740587
"PPIP5K2",3.16196099302518,0.271085963744088,4.60625442377151,0.0462425285088608,0.66060763438068
"PPM1A",3.17772459341346,0.287315779549238,4.72965290544246,0.047971505860669,0.675408984679304
"PPM1B",2.77471834635895,0.280564041500549,4.80705148828345,0.0488339323195744,0.698260192157881
"PPM1F",0.689923201126523,0.131242051365255,5.29032138976588,0.0480848375390455,0.813035575175279
"PPM1G",3.91437440976339,0.128600179339697,2.2098794591679,0.0166427708509413,0.33108283562711
"PPM1K",0.673200226733113,0.0859737698805534,4.85434032108308,0.0409170910614343,0.740327187743443
"PPME1",2.03963865817067,0.227269331605683,4.75392040409989,0.0466999880557704,0.712022851207479
"PPOX",1.74102571505442,0.364998000256036,5.75910724724937,0.0608349183427914,0.853284861075045
"PPP1CA",2.73028677462298,0.0588206938224519,1.63701895052863,0.00380825781572557,0.23604258634121
"PPP1CB",3.30077762546205,0.132285266397579,2.62539772589235,0.0209404868438423,0.39366398338094
"PPP1CC",3.66611951440727,0.10409764421007,1.83410342198282,0.0110176772647423,0.278109581926772
"PPP1R10",1.63198597905509,0.095867815416755,3.43148329088365,0.0262923312090656,0.517527914827318
"PPP1R11",9.15310869345777,0.352001514014042,4.45625217642751,0.0414263020986764,0.460919241755388
"PPP1R12A",1.9152872670246,0.0819529286791914,2.76098453927807,0.0181499103384402,0.413399117112438
"PPP1R12B",0.329891596058015,0.0654185678792638,5.427084122589,0.0462505857592696,0.830952999220982
"PPP1R12C",1.78147016492655,0.286549893963648,5.35929723296301,0.054637598744858,0.800830952999221
"PPP1R14B",0.952055528227242,0.107059998402632,4.72241673069127,0.0405418266208424,0.718514671513892
"PPP1R15A",0.864513176854588,0.0194681663734341,2.40999836864625,0.00729006279898677,0.335497273435471
"PPP1R15B",5.17175507564696,0.468852265236297,6.19741883338168,0.0602926493473277,0.739288496494417
"PPP1R16A",0.994209070333788,0.115779210948587,4.69774719057544,0.0408962742662931,0.71643728901584
"PPP1R18",1.08425430169959,0.0556955837543923,3.62148219298308,0.0247544004630548,0.537003375746559
"PPP1R2",3.61761137450651,0.142196823968436,2.55253231098284,0.021082286598115,0.382757725266165
"PPP1R21",2.38508469113131,0.34630930178331,5.47536753711819,0.0569921234352527,0.792261750194755
"PPP1R35",1.091999105594,0.193863793735525,5.25245736244698,0.0504788500135626,0.804206699558556
"PPP1R37",1.86395482555305,0.257888000586782,5.11399228520965,0.0513392424254381,0.765775123344586
"PPP1R3B",0.662999624710381,0.112892330373742,5.19016232553502,0.0460668625002082,0.795897169566346
"PPP1R7",7.40872772345653,0.364144737938669,4.6787722907658,0.0454736646655869,0.529992209815632
"PPP1R8",2.8534723797147,0.43047982004978,5.96539417156155,0.0621727223788738,0.823162814853285
"PPP1R9B",1.84754721165154,0.230620476129685,4.95818820874661,0.0487018732318918,0.743962607115035
"PPP2CA",7.5897737917102,0.38150171918035,4.98046697887459,0.047418391381936,0.549467670734874
"PPP2CB",2.45951707994481,0.282217777603903,5.01830109439071,0.050804151611852,0.733835367437029
"PPP2R1A",4.1886105779482,0.103053607437959,1.48552758143279,0.00773188412106962,0.229031420410283
"PPP2R1B",1.83502723168125,0.433283686172183,6.05426855564412,0.064952249994476,0.882108543235523
"PPP2R2A",1.5437891148019,0.08624878819658,3.34543082761054,0.0246264399119314,0.503245910153207
"PPP2R2D",23.3052481058549,0.871145380353198,22.0838436758008,0.0722198819205027,0.832770708906778
"PPP2R3C",6.79096042713403,0.488423116868608,6.49338823941847,0.0594508818628061,0.695663464035316
"PPP2R5A",0.962226070652454,0.134991271367859,4.95016558653813,0.0446059466357115,0.757205920540119
"PPP2R5B",1.63284382010793,0.286866987662288,5.42700805925005,0.0554290136537603,0.815112957673332
"PPP2R5C",1.83371835242341,0.168419633921111,4.30945711854763,0.0397817607449487,0.652298104388471
"PPP2R5D",3.59060625024705,0.486511559413319,6.30396356062975,0.0643925844508312,0.819267722669436
"PPP2R5E",4.24337855692192,0.280818246751945,4.26605600438478,0.0429982590579285,0.588678265385614
"PPP3CA",1.06410050220978,0.0938224409082048,4.28211009081116,0.0350931694659473,0.649182030641392
"PPP3CB",4.76712914366102,0.442304161912519,5.90571736190291,0.058755034187116,0.732017657751233
"PPP3CC",2.15843191649408,0.2021053082969,4.3945478663109,0.0422508032207381,0.660088288756167
"PPP3R1",4.31730704947861,0.460974341034831,6.14280978607137,0.0612759099049078,0.772007270838743
"PPP4C",6.64379520564982,0.162921752287237,1.76081553313554,0.0148885857976015,0.25110360945209
"PPP4R1",3.32590793123844,0.296698993650293,4.76465645576962,0.0484548306380652,0.674629966242534
"PPP4R2",6.08766106012335,0.302438552821894,3.96225266046831,0.0400980217946008,0.50376525577772
"PPP4R3A",3.20681789426893,0.310400986258576,4.94858597367745,0.0505052168027257,0.69981822903142
"PPP4R3B",4.53304366895168,0.282558243677791,4.09708329475418,0.0417809366479882,0.562451311347702
"PPP5C",2.9734808401808,0.293174245429217,4.86708604999921,0.0495154400319943,0.698519864970138
"PPP6C",7.60295603340466,0.367590002352559,4.68877317053115,0.0454781472098855,0.524798753570501
"PPP6R2",3.41805912731818,0.297684601021021,4.73443084499247,0.0481747097866408,0.668138145936121
"PPP6R3",4.72186311502175,0.315517496690911,4.4724984398014,0.04561720438959,0.596987795377824
"PPRC1",1.62997091144061,0.375841603788973,5.86996133642554,0.062118053327523,0.870942612308491
"PPT1",1.25584117051496,0.0416514405521407,2.81683493168221,0.0144318278780554,0.407686315242794
"PPTC7",2.3882882312296,0.380863869096383,5.74853774332946,0.0599617021486335,0.822124123604259
"PPWD1",2.31228125167992,0.28270672938424,5.03287892872456,0.0512809332249595,0.741625551804726
"PQBP1",5.89880740232423,0.25711430804759,3.33207249177497,0.0337259862048845,0.443521163334199
"PQLC1",1.8996382313654,0.324789081232994,5.56713174347642,0.0574828015038008,0.822124123604259
"PQLC2",2.15218892780952,0.372240081161454,5.72758262742617,0.0600166148629373,0.830693326408725
"PQLC3",3.28439009276715,0.166713618842981,3.21945854198904,0.0288633503251752,0.477538301739808
"PRADC1",2.17537780743564,0.206800192374049,4.54358131657841,0.0435396480226701,0.67800571280187
"PRAF2",0.706984224501778,0.134210187443972,5.30797999283892,0.0483715376654897,0.815372630485588
"PRCC",6.5223725472664,0.413346228059096,5.44938815000123,0.0526471302482339,0.624513113477019
"PRCP",0.515015945791419,0.0195045918903948,3.4454083431447,0.0196053369262478,0.501428200467411
"PRDM2",3.57568552007635,0.318940605306084,4.85106671925942,0.0498125510718695,0.67644767592833
"PRDX1",2.07799440383348,0.016890660720347,0.653152566695792,0.0127841373596967,0.066216567125422
"PRDX2",1.33158366220532,0.0216631802926847,1.58848680410503,0.00180134480628041,0.209296286678785
"PRDX3",4.19724388875518,0.0995145391976237,1.60915439015967,0.00818083113764822,0.241755388210854
"PRDX4",0.991907327882146,0.0247947506289897,2.30625298619434,0.00683469933537847,0.3227733056349
"PRDX5",5.25300047895069,0.0605651818023121,0.380423275882289,0.00755315927371789,0.066216567125422
"PRDX6",3.46739181881818,0.05688220551967,1.00549721432422,0.00255378170315847,0.146715138924955
"PREB",2.76793787540066,0.203294218036967,4.07679839343031,0.0388715368446199,0.602440924435212
"PRELID1",2.72080248619428,0.0394262353962256,1.04304285210641,0.0048375838639383,0.141262009867567
"PRELID3B",3.27340557722026,0.203957123614146,3.8626841621606,0.0365114744465999,0.562191638535445
"PREP",2.28780115536838,0.35897080788558,5.61277288341167,0.0585106792602043,0.811737211113996
"PREPL",1.31385802710849,0.182697589475693,4.92002895777309,0.0466994271714289,0.751233445858219
"PRIM1",0.870791377471423,0.366141058396282,6.02063961376799,0.0644176316181188,0.925214230070112
"PRIMPOL",1.26596611940323,0.284451535354496,5.5895615408562,0.0572346550872973,0.850168787327967
"PRKAA1",1.53170647078264,0.174782249316215,4.64498590635676,0.0435187934432837,0.706569722150091
"PRKAB1",1.10921108536408,0.198335602383379,5.23881990525247,0.0506067162198195,0.802648662685017
"PRKAB2",1.15616167108144,0.275872437818292,5.62793936572794,0.0573282308343723,0.858737990132433
"PRKACA",2.21912672858369,0.251571520345862,4.9196860284149,0.0488794602817648,0.728122565567385
"PRKACB",0.512139955887724,0.0728330073259938,5.04029182368885,0.0422247992883178,0.768891197091665
"PRKAG1",4.42670383097999,0.371889595757381,5.24031024086117,0.0530560596230959,0.68475720592054
"PRKAG2",1.26074140131314,0.196105028889204,5.1183267691587,0.0491640499102439,0.780836146455466
"PRKAR1A",3.69178015053924,0.0875758274174472,1.31621433399685,0.00461264095413177,0.204881848870423
"PRKAR1B",0.795397258644113,0.137054696988592,5.17774924821749,0.0471728864588736,0.79485847831732
"PRKAR2A",3.27039032598202,0.216399661394039,3.97911959148076,0.038282137584585,0.578291352895352
"PRKCH",0.242826141865038,0.0321090833165464,5.25523096662196,0.0423081570425771,0.798234224876655
"PRKCI",2.07701437472695,0.247062249181815,4.9373677481846,0.0490523233325143,0.735133731498312
"PRKCSH",3.52833086626164,0.138280061278409,2.53347563029262,0.020627206453523,0.380680342768112
"PRKD2",0.785851935275595,0.139324517462096,5.20759663849888,0.0476043997122562,0.799792261750195
"PRKD3",2.14092506961199,0.276934556507181,5.15782298557937,0.0520254700305687,0.761620358348481
"PRKDC",2.72049969424516,0.107371510761922,2.59064599905632,0.0185975464514348,0.389249545572579
"PRKRA",3.86821863056725,0.238557888041206,3.89041844037068,0.0384244130326135,0.554661126980005
"PRKRIP1",3.74696363573842,0.39511196065748,5.5893346847751,0.0570825138002113,0.746299662425344
"PRKX",1.08507270876283,0.22225640129682,5.44677872625124,0.0535201743122381,0.833290054531291
"PRMT1",1.56819100731256,0.0648790944857934,2.85859009578648,0.0174431392291476,0.423266683978188
"PRMT2",4.61457063713375,0.163529571878873,2.28505752387314,0.0203532171584698,0.340950402492859
"PRMT3",3.59137402528058,0.553541797859997,6.77504459710545,0.0685866594517139,0.857958971695663
"PRMT5",1.87057847183785,0.323482937315097,5.55546769617675,0.0574345833190738,0.822124123604259
"PRMT7",1.59506844458455,0.257997529106242,5.26026224758694,0.0529356267707005,0.794079459880551
"PRMT9",0.374390904256065,0.0656518841693492,5.31833758536577,0.0449874083326271,0.813035575175279
"PRNP",1.11986161782744,0.0485070750608248,3.17697309160911,0.0192809584820892,0.467411062061802
"PROSER1",4.09512325102651,0.532361108264189,6.68738824398755,0.0665594678635886,0.826798234224877
"PRPF18",6.73719119336254,0.595044260072664,7.79432956801846,0.0674534364041954,0.786289275512854
"PRPF19",2.65275087505021,0.196929620726645,4.04230879712865,0.0383745854034876,0.600623214749416
"PRPF3",2.85260297597979,0.314207753209019,5.10753003418745,0.0523082229061084,0.730978966502207
"PRPF31",4.96951365085969,0.316249621267554,4.48724459323052,0.0452700970956733,0.589976629446897
"PRPF38A",6.37493102363729,0.41907039863013,5.57175738591052,0.0536059484341784,0.640093482212412
"PRPF38B",3.54899359341159,0.175729554847702,3.10931395022387,0.0285718285380574,0.461178914567645
"PRPF4",3.2551574517374,0.412940181058053,5.80789550529619,0.0598665412670759,0.789145676447676
"PRPF40A",5.70556011766775,0.208526676909564,2.8473743500067,0.0269531458902313,0.390807582446118
"PRPF4B",4.21592299416582,0.235577637099167,3.59218977694679,0.0358951417560613,0.51207478576993
"PRPF6",5.52627517259778,0.238432930406239,3.13683393747583,0.0316156189093998,0.430537522721371
"PRPF8",4.87704907427557,0.19608991587256,2.61073536227643,0.0255261778341062,0.381459361204882
"PRPS1",1.08237062338754,0.160233946028155,5.04352831184912,0.0467661707489818,0.770968579589717
"PRPS2",2.13025712816406,0.241127766432463,4.88542515471737,0.0482121569137006,0.726045183069333
"PRPSAP1",2.58245435861402,0.191867427136181,3.991807068768,0.0377719001534734,0.595689431316541
"PRPSAP2",3.30062243029536,0.38201900355819,5.5230101207025,0.0570545673087001,0.758763957413659
"PRR13",4.35799002760283,0.0707023617197938,1.11053164091659,7.91220035371411e-05,0.163853544533887
"PRR14",55.4697891247842,0.898678940102736,44.291176684088,0.0612983658952821,0.710724487146196
"PRR14L",2.61799148229121,0.281865365893409,4.9266831480859,0.0499149533362074,0.717475980264866
"PRR3",6.50728723358437,0.688106072262561,8.78696476711369,0.0730337167046462,0.855362243573098
"PRR34-AS1",1.77066245434082,0.334292624269567,5.64343711145696,0.0586868414948107,0.837185146715139
"PRRC1",3.05623561048554,0.298905991303329,4.92654292740973,0.0499925492948903,0.702155284341729
"PRRC2A",3.68680572476117,0.172623022501957,2.9841358463097,0.0272048569818174,0.442482472085173
"PRRC2B",2.34734581533061,0.107377411390517,2.79365352110783,0.0208376024072201,0.422747338353674
"PRRC2C",7.21460664338559,0.147166930721851,1.06175911211328,0.00848757857292619,0.168008309529992
"PRRG4",0.397373133830798,0.0867799368643531,5.47995876414083,0.0479474140746568,0.841339911711244
"PRSS23",0.222575061851368,0.00126235642044351,3.12679030397118,0.013805984542666,0.442482472085173
"PSAP",1.11700423705137,0.0051647096621317,0.771592477237208,0.0140382601740418,0.0682939496234744
"PSD3",0.250688472438654,0.0477399533286096,5.48564699499499,0.0459620180337502,0.838223837964165
"PSD4",0.731248315177154,0.139173221199219,5.31114794196717,0.0486372315489732,0.815891976110101
"PSEN1",4.48658409773058,0.408382341891533,5.60243530979309,0.0564069168576,0.716696961828097
"PSENEN",3.40853512916352,0.293081845470701,4.72675851323275,0.047840910089019,0.667099454687094
"PSIP1",0.863132754961096,0.0591316752094797,3.9738873009682,0.0292081647174416,0.595949104128798
"PSMA1",2.98622855621204,0.220706774288906,4.20613004540223,0.0406022392080529,0.6138665281745
"PSMA2",2.76580641773246,0.639504083027824,7.05691886437609,0.0740007835686528,0.921059465074007
"PSMA3",2.6837229526184,0.121553526131043,2.89830398417606,0.022765116388854,0.435471306154246
"PSMA3-AS1",2.72228574898859,0.244411723599387,4.46302331418429,0.0445300268873176,0.656712542196832
"PSMA4",3.08310873251609,0.11667531216034,2.57760297385745,0.0190782409265414,0.385094780576474
"PSMA5",2.29769894061803,0.0789155634924468,2.454400268121,0.0144552260828256,0.363541937159179
"PSMA6",4.34219556373202,0.114238056121635,1.87572497675231,0.0119593898581926,0.278628927551285
"PSMA7",3.95384514730385,0.0464359168639531,0.59944384777515,0.00793198988387166,0.0854323552324072
"PSMB1",7.29632295571731,0.124797653300762,0.78477492105532,0.00390150993333678,0.131394443001818
"PSMB10",1.19534455955316,0.0433638447634598,2.96668382488936,0.0163120987070064,0.431835886782654
"PSMB2",5.42079814789641,0.182913651131644,2.40820322807131,0.0222185113313314,0.344845494676707
"PSMB3",3.3653405412499,0.0745552450742048,1.48158807669227,0.00431226762794335,0.220462217605817
"PSMB4",9.25865969443975,0.319274069559021,3.71301542574102,0.0361986274712147,0.397818748377045
"PSMB5",3.7953025516934,0.115944333164744,2.04997812929444,0.0140504221001073,0.308231628148533
"PSMB6",5.20467488426136,0.116367109752215,1.40096133954362,0.00809482878769728,0.214230070111659
"PSMB7",6.97840378759896,0.28642454366541,3.60219547030057,0.0359215238443548,0.444300181770969
"PSMB8",2.0031356286423,0.0479126546973784,1.90729585224179,0.00529683361769269,0.272137107244871
"PSMB8-AS1",0.822371470082958,0.129965408447451,5.11807068246353,0.0461005747017682,0.783952220202545
"PSMB9",0.582843914577259,0.0112146828838666,2.78914308388846,0.0107126863091827,0.391067255258374
"PSMC1",4.95786423390624,0.238570983002796,3.44998410309352,0.0341220914435943,0.477018956115295
"PSMC2",4.60110160863664,0.305166923635698,4.51049713103501,0.0452490148854494,0.603739288496494
"PSMC3",5.03929418388945,0.211426059277759,2.99078989890103,0.0289899716295076,0.421708647104648
"PSMC4",2.07606107352717,0.133209287706729,3.6540986765623,0.0310849007716349,0.550766034796157
"PSMC5",7.06359055283654,0.20844966897252,2.22964676609671,0.0220542400039565,0.301999480654375
"PSMC6",3.79072188645362,0.226544607771361,3.73687451352572,0.0366975694363222,0.538042066995586
"PSMD1",3.70774065160316,0.221295656655194,3.78025313997584,0.0366508760161455,0.544014541677486
"PSMD10",5.32328483975345,0.407989216043555,5.52810441312501,0.0545841390459886,0.67644767592833
"PSMD11",3.89906226655568,0.215257344084459,3.63971071454353,0.0349440498196977,0.521682679823423
"PSMD12",3.73888616070437,0.274072323601681,4.41146906462062,0.0442178518040457,0.619839002856401
"PSMD13",3.93439995546621,0.20677869860871,3.50074120853885,0.0333005536494522,0.503505582965464
"PSMD14",2.62468679061637,0.207805105528835,4.28352396487026,0.0408702442690613,0.632043625032459
"PSMD2",3.39658566549092,0.165781522026632,3.1573469929238,0.0281504990766397,0.467151389249546
"PSMD3",3.47916549526422,0.196730939891481,3.54455385001113,0.0334927173183023,0.518566606076344
"PSMD4",8.33349432581,0.282532220127034,3.2139349876143,0.0322365285745136,0.376006232147494
"PSMD5",4.20385072789401,0.446099857454465,5.95436152532676,0.0601672477287231,0.760581667099455
"PSMD6",3.53590707873074,0.210535380256061,3.73501482506929,0.0357838647111575,0.541677486367177
"PSMD7",4.9514609111388,0.196580751351377,3.01377592452568,0.027790670937493,0.422487665541418
"PSMD8",4.08731081634025,0.0878700548034583,1.39970670665089,0.00503762705636952,0.211373669176837
"PSMD9",11.7566315052649,0.495906133665836,6.98144183309414,0.0545252913202297,0.554401454167749
"PSME1",3.61432066597536,0.0415074661906103,0.599667537569169,0.00874279160469032,0.0820566086730719
"PSME2",1.19961071650372,0.0184983125536683,1.64717565186786,0.00164532749347656,0.215788106985199
"PSME3",4.05735120516066,0.28894692839843,4.50854373165584,0.0451302823186469,0.620618021293171
"PSME4",2.51106904969605,0.293642850280794,5.09435893955657,0.0517879506557137,0.74136587899247
"PSMF1",20.7390339886935,0.474552176097842,7.29782513002334,0.04628330603439,0.347182549987016
"PSMG1",2.1056899372051,0.203348105246206,4.55708058662099,0.0435448704268943,0.681381459361205
"PSMG2",12.0202181533309,0.294901348587176,2.89595552287784,0.0284998068221108,0.27447416255518
"PSMG3",5.36918222711825,0.428313132516293,5.79189244486255,0.0565240611566717,0.697481173721111
"PSMG4",3.54860680520848,0.232861222856975,4.00824917251872,0.0392425669729522,0.576213970397299
"PSPC1",4.51396283938771,0.42254890849098,5.69084816991235,0.057462796725373,0.723708127759024
"PSPH",1.40181128995751,0.377848836842587,5.9203546239402,0.0630277200831472,0.887821345105168
"PTAR1",4.99515526037302,0.51152175684754,6.60958583098751,0.063828471129644,0.779537782394183
"PTBP1",5.34450171136565,0.212766814179579,2.82845146688443,0.027785682250028,0.398078421189301
"PTBP2",0.787045489527628,0.179252668620096,5.46175046997999,0.0520983018930303,0.841339911711244
"PTBP3",2.57267253906225,0.156629748481398,3.52965749789275,0.0313955325240277,0.529992209815632
"PTCD3",2.50864028143521,0.305303298584172,5.19027374502149,0.0529880612569318,0.753051155544015
"PTDSS1",5.65502996633664,0.351147467387253,4.95884043580956,0.048350375973077,0.612308491300961
"PTEN",1.80882563618485,0.116925320970757,3.66238105587843,0.0301106452459864,0.552843417294209
"PTER",1.7172212698166,0.372628934109891,5.82325166923366,0.0615411200027904,0.861594391067255
"PTGES2",2.88106372718675,0.198492315242299,4.01560735309244,0.0378317566678134,0.59049597507141
"PTGES3",4.27507623525909,0.0555007023976226,0.474209737574829,0.00752988183896196,0.0758244611789146
"PTGR1",1.74216945482346,0.165396068963466,4.38508503193541,0.0403229176553128,0.663983380940016
"PTK2",0.794802815546325,0.0505968575809469,3.86556107249136,0.027335095723971,0.577512334458582
"PTMA",3.28698596824039,0.00550806424173349,0.239818183363223,0.0187962847450244,0.00155803687353934
"PTMS",2.36941486169487,0.0232494361821812,0.761112631314595,0.0104366529575797,0.0882887561672293
"PTOV1",1.27050487731643,0.0450760763838512,2.72860669813063,0.0139688317924461,0.397039729940275
"PTP4A2",0.807797685929722,0.0207447518197753,2.61839466058966,0.00989980830608524,0.369254739028824
"PTPMT1",4.41070766052885,0.220005668683693,3.62365073050877,0.0343370371850347,0.506361983900286
"PTPN1",2.06265584851695,0.108585073017169,3.34161952866875,0.0260419236979582,0.500649182030641
"PTPN11",2.69644284041238,0.191661568326526,3.99750990212802,0.0375393522951787,0.592573357569462
"PTPN12",1.68113476046196,0.127605438954416,4.07883642223324,0.0348578149448791,0.614905219423526
"PTPN14",0.331276027080706,0.0570471863707944,5.34423270241981,0.0448018817754031,0.816151648922358
"PTPN18",2.64260809247398,0.185962196133226,3.94054187845985,0.0367906561149309,0.586081537263049
"PTPN2",1.83633375370573,0.119409905516491,3.83087740858493,0.0316922372305905,0.574915606336017
"PTPN23",2.08710759755753,0.275710226711454,5.11693394744297,0.0518697060492408,0.759283303038172
"PTPN4",0.812845856063374,0.168681552923581,5.36724581317332,0.0506636770495727,0.826019215788107
"PTPN6",0.39036244423015,0.0287291050043153,4.62142835701301,0.0343707864085298,0.69306673591275
"PTPN9",1.97831224401302,0.266462917642412,5.10856617575071,0.0515361462887316,0.761620358348481
"PTPRA",2.18514824729262,0.147603905088896,3.64979385903986,0.0322166948357163,0.552583744481953
"PTPRC",0.174121402857906,0.00684501933997177,4.76679465044441,0.0346432872356856,0.713061542456505
"PTPRE",0.595458588244194,0.041822420587727,4.30954275554657,0.0316269898398084,0.645027265645287
"PTPRJ",0.596176929769951,0.110410557070421,5.33587703849594,0.0474383043166717,0.81822903142041
"PTPRK",0.521890335252854,0.0301895211552031,4.06912056230294,0.027948782868356,0.604518306933264
"PTRH1",1.47087266697925,0.146434389120485,4.46864372666813,0.0401340367847979,0.678525058426383
"PTRH2",3.99069282384563,0.417096533265971,5.74136561727678,0.05833646403117,0.750454427421449
"PTRHD1",5.47527512529442,0.216164416694445,3.13081374117766,0.0295483947834451,0.426642430537523
"PTS",3.41938688291435,0.272067345890879,4.53447828828708,0.0453732463454636,0.643728901584004
"PTTG1",0.0853491990197648,0.0087396136038128,5.60346646671871,0.0452731064979619,0.852505842638276
"PTTG1IP",2.55091200974041,0.0631503436150963,1.79119965227457,0.00600580628691702,0.261490521942353
"PUDP",4.20935669116681,0.558716952977284,6.93938125690203,0.0680871832483242,0.840820566086731
"PUF60",3.84589949264176,0.179851784026769,3.0343996626857,0.0280025216621267,0.446637237081278
"PUM1",4.06848625820696,0.238854384227223,3.72916869739156,0.0371919934048786,0.531550246689172
"PUM2",4.30966742021655,0.282692115473951,4.16380987948749,0.0425291827763943,0.576473643209556
"PUM3",3.06028365044951,0.245951457233067,4.40882978094497,0.0435664773271866,0.63879511815113
"PURA",1.41595617810316,0.129388292394109,4.2642164997706,0.037197438467764,0.648403012204622
"PURB",2.89440890354032,0.33382377274533,5.30894181448745,0.0543161157854859,0.751752791482732
"PUS1",2.29246622344451,0.458567677309753,6.16492282473575,0.0653912537614341,0.870163593871722
"PUS3",1.66034621019873,0.399760587519017,5.95728445890204,0.0635061680737022,0.879771487925214
"PUS7L",2.9386477936938,0.368888326892745,5.52217574389782,0.0571249433064871,0.773824980524539
"PUSL1",2.32554632289599,0.399026594533586,5.86869524691357,0.0614888460048834,0.837964165151909
"PVT1",1.19303102900917,0.29559624257224,5.70886232273659,0.0586721149445864,0.868345884185926
"PWP1",3.76962909296399,0.23426782914195,3.92838515006873,0.038468182734412,0.560893274474163
"PWWP2A",1.40230247443569,0.275112346077138,5.47291824016176,0.0556846853823292,0.829394962347442
"PXDC1",0.659234246194997,0.149060410039192,5.46845134791561,0.0507918395839351,0.842118930148014
"PXK",2.21756243439378,0.285112589369792,5.12237878046691,0.0521423558296622,0.75564788366658
"PXN",1.00189999987171,0.0709180646454103,3.98683012774348,0.0302255595195954,0.599584523500389
"PYCARD",1.14948042481048,0.0254679200226003,2.30143146090007,0.00672190630611229,0.320695923136848
"PYCR1",0.343191693705415,0.0404811055560156,5.06114123255311,0.0404568684884644,0.767333160218125
"PYCR2",4.61112233102619,0.533302882705825,6.77277925337181,0.0658994995007154,0.809400155803687
"PYGB",1.91186319471803,0.223067705431222,4.84316413948693,0.0473018164167248,0.726564528693846
"PYGO2",1.34348825310382,0.222008762042437,5.19446179096217,0.0510710117116833,0.791482731757985
"PYM1",3.31617126894431,0.254406753053221,4.31894243525502,0.0431519478271331,0.621656712542197
"PYROXD1",3.87976623084682,0.512847714248994,6.5447874650659,0.0657039438201023,0.82575954297585
"PYURF",9.34248863910242,0.187769121740104,1.29225987224856,0.0131807764077395,0.175798493897689
"QARS",8.08393482020603,0.409604895704301,5.42823389053388,0.0499571968954209,0.568943131654116
"QDPR",0.641457275638349,0.0369976911097224,3.90214438397161,0.0265725134573225,0.579589716956635
"QKI",1.47568287449447,0.0948846357123172,3.83858522027403,0.0301565184459627,0.576213970397299
"QPCT",0.202609820934186,0.0467522326123749,5.68459118114184,0.0482475023484164,0.870423266683978
"QRICH1",3.28202891799765,0.293576478341529,4.7120115839436,0.0480840613033818,0.670475201246429
"QRSL1",9.62335184713888,0.748658307543709,10.9684387414567,0.0740103208017498,0.842897948584783
"QSER1",2.60901722033096,0.34190451666935,5.40700282834492,0.0558984779333453,0.774863671773565
"QSOX1",1.63112863004818,0.0843759541628908,3.29599105594407,0.0237925681820412,0.493378343287458
"QTRT1",2.42992376112061,0.151726151444317,3.53441504414628,0.0312440813646682,0.532848610750454
"R3HCC1",7.12146656227455,0.48084719796796,6.30508705163433,0.0581054859638196,0.668397818748377
"R3HCC1L",1.03423749593925,0.280893421753244,5.72095084761973,0.058480446455942,0.875876395741366
"R3HDM1",2.32439702552008,0.293978338424813,5.18050694529382,0.0527132288571157,0.758504284601402
"R3HDM2",3.32046863669584,0.420743721907823,5.85114491406748,0.0602836508716867,0.790444040508959
"R3HDM4",3.41693478174781,0.225859506477214,3.94267084039008,0.038557054766384,0.571799532588938
"RAB10",5.15177108480474,0.146374287600261,2.07465428508554,0.0163819832477407,0.301999480654375
"RAB11A",2.8385717091502,0.0776053054605007,1.76370887087614,0.00760364503911795,0.264346922877175
"RAB11B",5.3967194662032,0.1292663724633,1.29454322467485,0.00891797809292306,0.205920540119449
"RAB11FIP1",0.524166230847648,0.0613532020648805,4.86359204692167,0.0394732592566747,0.738509478057647
"RAB11FIP2",2.66575996716428,0.465736853634552,6.17174671283369,0.064923238473663,0.852246169826019
"RAB11FIP5",0.85539151015679,0.189425530372425,5.4532085201641,0.0524047058176635,0.839002856400935
"RAB13",1.91129059534358,0.0345641167365394,1.80478298564008,0.00226634774730276,0.247987535705012
"RAB14",5.38130445546048,0.170803630492391,2.04136489133091,0.0187491296918721,0.303038171903402
"RAB18",5.92469116355502,0.254429639379352,3.33272220578478,0.0334460541430953,0.442482472085173
"RAB1A",7.05959527689997,0.224594809455845,2.65076307005945,0.0257998419691462,0.345624513113477
"RAB1B",5.38295429671625,0.167641497837127,2.06382509891217,0.0185198375145537,0.304336535964685
"RAB21",2.77708906007674,0.310313837577861,5.13166046435882,0.0523594706089703,0.736172422747338
"RAB22A",2.93368474965554,0.361393555851559,5.47773805961731,0.0565360085385802,0.769150869903921
"RAB27A",0.630294807390921,0.0905036324655849,5.01697073114652,0.0429588223996479,0.766554141781356
"RAB28",4.5496440346433,0.400489566123585,5.45193671825419,0.0553217529964101,0.700337574655933
"RAB29",1.12092631189389,0.173981807517342,5.13346628035858,0.0482548877657246,0.783952220202545
"RAB2A",3.99748187086295,0.0755337580724998,1.04477018369674,0.0004447757608568,0.161256816411322
"RAB2B",3.75048625036828,0.532280092427031,6.60635859673095,0.0669914679674284,0.836665801090626
"RAB30-AS1",2.39476112958628,0.371874590777553,5.66594118316103,0.0591496537273221,0.813035575175279
"RAB32",0.682824446702406,0.0809807056806607,4.87612544317046,0.0407020703800304,0.74136587899247
"RAB33B",2.12638402285052,0.504154222265805,6.32685520613613,0.0682231000209716,0.894572838223838
"RAB35",5.51143085709588,0.476446833195934,6.31106490114605,0.0604079532552834,0.734095040249286
"RAB3GAP1",1.51242589559508,0.111190130198409,3.85200930310523,0.0318086245745058,0.584004154764996
"RAB3GAP2",3.30691172410909,0.337522748537581,5.15187647916959,0.0529126180024883,0.719034017138406
"RAB3IP",0.316226372403476,0.054781740525217,5.35837175260673,0.0448448406965762,0.81822903142041
"RAB40B",1.56486555714775,0.199350785011523,4.88337509298918,0.0468800063678359,0.740327187743443
"RAB4A",4.07286261636797,0.1694793316454,2.87205511587668,0.025530083340395,0.419631264606596
"RAB5A",5.03666737607253,0.283459371319947,4.09035524797437,0.0408990920619467,0.545832251363282
"RAB5B",3.6519710088452,0.213943648215718,3.54746801746938,0.0347530068954779,0.518566606076344
"RAB5C",4.23019694739236,0.186930320330317,3.16252577209178,0.0288686586698642,0.453388730199948
"RAB6A",5.58637038671558,0.196017618013325,2.47466673590522,0.0237875879351294,0.352116333419891
"RAB7A",6.46016961716232,0.148203644060644,1.48861838192488,0.0116907444309607,0.22098156323033
"RAB8A",3.74945467946923,0.215476045106503,3.79252900300618,0.0361367508009614,0.542716177616204
"RAB8B",1.59636149799774,0.186649270933347,4.77646867931769,0.0451569436653049,0.723188782134511
"RAB9A",3.06621077181297,0.200032324006043,3.84906615254079,0.0365147134027175,0.566086730719294
"RABAC1",2.41798693916814,0.0315131101568758,0.756877666156564,0.00896497346879174,0.0955595949104129
"RABEP1",0.5708594729672,0.0195193073482171,3.34294118506776,0.0183253004966972,0.484289794858478
"RABEP2",2.0376251937321,0.281903898090929,5.20563402559664,0.0528554764945648,0.772007270838743
"RABEPK",3.29110682444823,0.274913678021897,4.60181897161846,0.0462041951846471,0.655933523760062
"RABGAP1",1.25983283533186,0.144869893552815,4.65407782086813,0.0420581202401681,0.70968579589717
"RABGAP1L",1.46453855872537,0.168211445356232,4.63229859466619,0.0431123887230751,0.705790703713321
"RABGGTA",6.18904724951174,0.494167248537017,6.55332377057454,0.0608353405446259,0.724487146195793
"RABGGTB",4.04953834898504,0.18453204079608,3.04776779383246,0.0282214967541024,0.444559854583225
"RABIF",12.5482231794559,0.679540171795323,10.9534889573401,0.0685864769481465,0.737990132433134
"RABL2B",1.87947422175829,0.362202452190532,5.74111518672467,0.0602584898265208,0.844455985458323
"RABL3",1.94341009895988,0.424804413426302,6.00807888140848,0.0641443878405647,0.871721630745261
"RABL6",2.58751054128199,0.376430104194587,5.66951631058314,0.058940689488639,0.804726045183069
"RAC1",5.44762433893936,0.039276449416224,0.139892014699979,0.01293320667209,0.0238898987276032
"RAC2",0.166893703596758,0.00436320198076482,4.48764311479825,0.0310118892356661,0.666839781874838
"RAD1",1.93999672620928,0.297723529052937,5.36439144922622,0.0548754383037367,0.79563749675409
"RAD17",7.8985419952365,0.680718852242719,9.20560367114653,0.0716032700036755,0.820566086730719
"RAD21",1.69835952283272,0.0691586100648411,2.76013976432348,0.0168517523872411,0.409763697740847
"RAD23A",6.82761140282675,0.147993220762869,1.40294181893835,0.0108623080777533,0.207478576992989
"RAD23B",4.68918038140505,0.214674529398707,3.31695664369462,0.0316637711680214,0.46533367956375
"RAD51C",2.19601803910624,0.245617001244102,4.81856408044837,0.0479526009031846,0.716696961828097
"RAD51D",1.52513010923637,0.403665084549857,5.97907945541663,0.0641145761144704,0.88911970916645
"RAD54L2",6.31543097563631,0.705941431016376,8.87844496934428,0.0740574468292992,0.868345884185926
"RAD9A",1.33408854109108,0.291332294645409,5.58347187352934,0.0573640974632615,0.847052713580888
"RAE1",1.98746371841239,0.299843303280738,5.35531338327348,0.0548241583901575,0.792781095819268
"RAF1",9.66372704517256,0.495614839140675,6.70992586557056,0.0564173121713612,0.604518306933264
"RAI14",0.368490967507571,0.0428435973038899,5.00391327416858,0.0399373954827893,0.758504284601402
"RALA",1.06248630188985,0.0400394872257211,2.96150623084188,0.0160268925913666,0.431316541158141
"RALB",2.48243095199437,0.204165767618671,4.30442843223731,0.0410472504645891,0.638535445338873
"RALBP1",3.77817533575623,0.197872558651329,3.48229496852095,0.0326552144311943,0.503505582965464
"RALGAPA1",1.46899018090055,0.142063338479711,4.33310018242959,0.038704079852981,0.659828615943911
"RALGAPA2",0.38800160461226,0.0507777090937602,5.06531099714424,0.041174426242582,0.769929888340691
"RALGAPB",1.2571938287076,0.134231573258661,4.53870599717134,0.0402869703980397,0.691508699039211
"RALGDS",0.965347125389953,0.0842251337382776,4.34813698031499,0.0350932932553285,0.657751233445858
"RALY",6.89813120937935,0.153858033540467,1.3680360828615,0.011321469964179,0.204881848870423
"RAN",2.43234608136278,0.028956572459693,0.774229539490023,0.00925765841414633,0.0955595949104129
"RANBP1",2.33183215422352,0.0615276835093822,1.80084195275424,0.00604713119105929,0.264087250064918
"RANBP2",1.40818203596002,0.0763869795730682,3.30888811831082,0.0234227178283104,0.49623474422228
"RANBP3",4.80588695429805,0.432770036251587,5.78414332470153,0.0577871316999685,0.719813035575175
"RANBP9",2.49768162582381,0.351018903804888,5.51414754164552,0.0571438784366888,0.791482731757985
"RANGAP1",1.95331807243807,0.264677978494194,5.13880872269461,0.0516616600042379,0.765775123344586
"RANGRF",2.90256588012899,0.230709156616337,4.25597846184422,0.0418752839482093,0.624513113477019
"RAP1A",2.68933714398379,0.0907814452675628,2.46597520003626,0.0155555625301264,0.365099974032719
"RAP1B",4.58044360934192,0.120114904050551,1.69449505262093,0.0111755114291882,0.257076084133991
"RAP1GDS1",2.89869773740461,0.267204438935879,4.70894641201136,0.0471118017030257,0.680862113736692
"RAP2A",0.740965497160719,0.134836131150685,5.28103737243555,0.0480724326936073,0.810438847052714
"RAP2B",0.889029757737624,0.105297906171059,4.81532301153849,0.0414249422846721,0.73305634900026
"RAP2C",4.17603441372675,0.538360832058076,6.80612800396897,0.0669441774420187,0.832511036094521
"RAPGEF1",0.80467390383823,0.0886247170332236,4.73391591116956,0.0395869038276513,0.719293689950662
"RAPGEF2",0.869066563430405,0.165147703358342,5.31968539330689,0.0498968446858637,0.816670994546871
"RAPGEF6",1.08072013833947,0.253993523417031,5.57610467369914,0.0561014551028842,0.853544533887302
"RARA",1.85591423594369,0.138137963571834,3.91329237303977,0.0340844827851015,0.592054011944949
"RARRES3",0.69161515089599,0.0106194469397415,2.21930848565599,0.00384580116669105,0.299922098156323
"RARS",5.90513380948701,0.426170537777561,5.74403458738385,0.0553232184662876,0.672292910932225
"RARS2",3.06758518293431,0.391604154695389,5.66989376505335,0.0586477276534608,0.783692547390288
"RASA1",1.23823749199257,0.163475873384088,4.84449329989356,0.044999096347613,0.740067514931187
"RASA2",1.95662725662238,0.251156319357326,4.99504441090833,0.0499741896791648,0.74733835367437
"RASAL2",0.622495099704418,0.0780504491692522,4.90336700009816,0.0409214889910174,0.746559335237601
"RASGRP3",0.167433897070597,0.0564377628149674,5.86807022761329,0.0509414627439475,0.902103349779278
"RASSF1",1.59399761226687,0.125217413682112,4.01213647124796,0.0343007406147727,0.608153726304856
"RASSF3",1.33378345170324,0.276621270576766,5.54858746773732,0.0563920014900779,0.841339911711244
"RASSF7",0.740910375065957,0.0808343634438756,4.67508022832705,0.0385608660509307,0.710464814333939
"RB1",1.28107048251237,0.100914055834539,4.07497586747551,0.0333236750036555,0.616722929109322
"RB1CC1",2.30061234352888,0.133499009222862,3.38865969651009,0.0285766763360004,0.51129576733316
"RBBP4",3.95990126173964,0.148848584417879,2.4498468399393,0.020642385182194,0.366658010906258
"RBBP5",2.90190132238224,0.501211402152931,6.37123377443384,0.0666130756619345,0.858737990132433
"RBBP6",1.63115975703959,0.0959004533383025,3.40990683823349,0.0261062615465046,0.514671513892495
"RBBP7",2.05240257074154,0.109599939838043,3.19566273458358,0.0249507571114977,0.482472085172682
"RBBP8",0.34301198142416,0.0242664405396264,4.56156385877233,0.0333952489651008,0.683199169047001
"RBBP9",1.61262624770054,0.413138992854058,5.99803283545203,0.0643911656301358,0.887042326668398
"RBCK1",6.59492209955186,0.212171030297551,2.39677570970985,0.0238255716871025,0.327966761880031
"RBFA",3.22194025229671,0.287143639275273,4.72371295268137,0.0478305763641236,0.673071929368995
"RBFOX2",0.764151463999535,0.0689296246446458,4.41350428283923,0.0348650393998748,0.667359127499351
"RBKS",0.148232631734263,0.0168488671481548,5.37920796181786,0.0429287096897203,0.816411321734614
"RBL2",2.07594535008402,0.123365107158439,3.37321135515591,0.0278476752711361,0.511036094520904
"RBM10",3.9945021805872,0.401878688964228,5.59158122778708,0.0569684804194181,0.736172422747338
"RBM12",3.88079128078658,0.49924913568511,6.42292695716797,0.064760002950332,0.815632303297845
"RBM14",1.73104387917704,0.350144379700717,5.72592185121389,0.0599768454889162,0.849130096078941
"RBM15",1.80867726113716,0.567478619667429,6.51477016848216,0.0719027657466658,0.92910932225396
"RBM15B",3.43274567483491,0.447718613927028,6.04613722352421,0.0620579429484437,0.803687353934043
"RBM17",6.63021852500979,0.190430741187411,2.06614881973505,0.0197200456336102,0.289535185666061
"RBM18",52.4804725844915,0.891868768049197,42.0427517233308,0.0619774106150246,0.717995325889379
"RBM19",4.38906853571114,0.585234627123876,7.16482262217407,0.0693922961123539,0.848610750454427
"RBM22",4.65021753042314,0.37675924064956,5.20337332331185,0.0527975304683976,0.672812256556738
"RBM23",4.36627548533012,0.312227389108305,4.55392084205704,0.0464105969130584,0.616982601921579
"RBM25",5.08127905142278,0.142143338886358,1.64291107029415,0.0131366141319825,0.253960010386913
"RBM26",2.19983269861032,0.231701900607767,4.70569457737871,0.0463056361760773,0.701116593092703
"RBM27",1.40324643354085,0.424322505857777,6.07318746089249,0.0656900268151031,0.905998441963127
"RBM28",2.41748605630977,0.318578709067613,5.32932890439626,0.0546721217141189,0.773045962087769
"RBM3",4.90792884823391,0.0487529656027375,0.374176831291691,0.00949579557063931,0.0581667099454687
"RBM33",4.66118369443875,0.377526534666879,5.22747571031245,0.0529104323416687,0.674629966242534
"RBM38",0.580559513451068,0.260188396812609,5.93306208231444,0.0601820978766803,0.921059465074007
"RBM39",4.73189332489294,0.0772580610037367,0.635578010361758,0.00284521642793381,0.108543235523241
"RBM4",6.15274646990221,0.590866848878491,7.57852662981889,0.0677297785101381,0.796935860815373
"RBM41",16.7672005231815,0.872360056855184,17.7770879547252,0.0752556988474004,0.876136068553622
"RBM42",4.02623536050744,0.225818003115227,3.519511606128,0.0349703672361972,0.507660347961568
"RBM48",3.31078179881364,0.530802643181163,6.55872333228808,0.0676159087615301,0.854323552324072
"RBM4B",1.24347598458962,0.247219762344485,5.41156121038419,0.0542329566991485,0.82575954297585
"RBM5",2.79093552638686,0.189187578197741,3.76690704466054,0.0356069912253311,0.562191638535445
"RBM6",2.57679045149574,0.162752356784488,3.52966853014117,0.0319785669863208,0.532069592313685
"RBM7",3.14957789506771,0.501947970196747,6.39914937507273,0.066226437411256,0.848870423266684
"RBM8A",3.79284037961242,0.0976144326089406,1.53071002013425,0.00766043829537687,0.23604258634121
"RBMS1",2.0732281226021,0.0920015270173779,2.99331642030247,0.0211745163784755,0.446637237081278
"RBMX",3.5737836591575,0.103526912145012,1.73654080511187,0.0102758322398426,0.267203323811997
"RBMX2",4.18613052951323,0.373597427089306,5.29799729106541,0.0538544834044812,0.69981822903142
"RBMXL1",1.49140872445289,0.340773805939413,5.75035678375171,0.0602707390163107,0.862633082316281
"RBPJ",1.21579324322203,0.0387342257688977,2.62765470045805,0.012106881674722,0.37860296027006
"RBX1",10.1491516148884,0.156650133548148,0.850775080311937,0.00690663008753545,0.122305894572838
"RC3H1",2.18919217702435,0.19559349909808,4.28124159583712,0.0409117499031721,0.643988574396261
"RC3H2",3.22069600861684,0.306604569629379,4.86937467953091,0.0498545872695608,0.690729680602441
"RCAN1",0.1754641818761,0.0121573138776111,4.9942734055853,0.0378673170850706,0.752012464294988
"RCAN3",0.926947053750234,0.148349177662154,5.11803353101919,0.0470266781906893,0.784211893014801
"RCBTB1",0.960760296083389,0.170017433101045,5.2253293410378,0.0491864277963669,0.801609971435991
"RCC1",1.90828073818895,0.324646860859384,5.55139947315516,0.0573772344207898,0.820046741106206
"RCC2",1.88305476145591,0.200878081865631,4.74088192483369,0.045158998491789,0.710984159958452
"RCCD1",0.970592997967324,0.257908718423288,5.67534276499117,0.0572478159526784,0.870942612308491
"RCE1",7.28065134159356,0.541623554283654,7.19134199389709,0.0630583832270775,0.724487146195793
"RCHY1",52.4620193469669,0.904825466137566,43.2246935749438,0.0615885388683636,0.743183588678265
"RCL1",5.26349276514445,0.662744038564068,8.04912341562322,0.0727141937751062,0.866268501687873
"RCN1",0.997216832984441,0.0252780514857679,2.44174502777562,0.008395027992756,0.343547130615425
"RCN2",2.14955658224698,0.0764622356752232,2.41751350279785,0.0139987975502637,0.359646844975331
"RCOR1",1.6732945787543,0.318049620097236,5.57819079354877,0.0577887951289499,0.833290054531291
"RCOR3",1.60368194429433,0.170246823348988,4.55107770597948,0.0422916354126445,0.690989353414697
"RCSD1",0.341589779869872,0.0418338926760676,5.09490858616921,0.0409416649092033,0.773045962087769
"RDH10",0.10112416434084,0.0433979305432706,6.02387073707442,0.0521942613150714,0.926512594131394
"RDH11",2.61159211805065,0.247811737068188,4.62224513401174,0.0459460265295132,0.679044404050896
"RDH13",2.08107764727503,0.389200660990829,5.83805296820131,0.0614836674400547,0.846273695144118
"RDH14",3.79832507747995,0.301055711706335,4.58335011388267,0.046889718012004,0.639054790963386
"RDX",0.731319227792856,0.0391932546191255,3.76316385100536,0.0251094218437364,0.557517527914827
"RECQL",2.52620171391758,0.181799462214414,3.98755450583665,0.0370042800590136,0.594131394443002
"REEP3",2.1924574219119,0.12032582723627,3.30383376285442,0.0267378964195767,0.497792781095819
"REEP4",1.06228277772593,0.150506231403365,5.01540550855332,0.0459352883678013,0.765775123344586
"REEP5",3.03560512465139,0.0566117248907369,1.20169898901769,0.000666598479892249,0.174500129836406
"REL",0.928472614913989,0.0450455217579355,3.51824522862588,0.0227693714573896,0.51960529732537
"RELA",4.52883098143977,0.274856571073039,4.01906973634855,0.0408037383759346,0.553622435730979
"RELB",0.927552547818883,0.0938330686761873,4.57419154554722,0.0381682449771259,0.694365099974033
"REPIN1",1.86379179273665,0.223928309460488,4.86521981823277,0.0476278021704579,0.731238639314464
"REPS1",4.53852560903827,0.446086386946985,5.93698241925533,0.0594811847569239,0.744481952739548
"RER1",5.82802940810264,0.13320274741908,1.42635768774782,0.00994829563465347,0.216826798234225
"RERE",1.54376078048744,0.0883046505279098,3.38717951249784,0.0252376420213413,0.509997403271877
"REST",2.08908463868101,0.135648268372097,3.6432834354478,0.031211261598255,0.549987016359387
"RETSAT",1.39501205503757,0.236983915908014,5.26641326009606,0.0522912934509901,0.800311607374708
"REV1",2.11918114272477,0.227196254455206,4.681661847909,0.0460440148161488,0.70059724746819
"REV3L",0.665913034549717,0.0614911624991753,4.46824571454665,0.0350010220094572,0.675408984679304
"REXO1",3.02305183287743,0.49834646506412,6.36316705164265,0.0662196747625772,0.851986497013763
"REXO2",1.66057467259652,0.0747793721156129,2.99024430568335,0.0197810245336326,0.445598545832251
"REXO4",3.83163519490575,0.479937280680763,6.30247049256598,0.0635994543160354,0.807842118930148
"RFC1",3.62899086514185,0.206081196888677,3.50140845086808,0.0338053582717778,0.51207478576993
"RFC2",2.33837140024672,0.346659287421635,5.53833219073849,0.0574020668140166,0.800830952999221
"RFC3",0.383409570167034,0.180489936227105,5.92827233433905,0.057099011362637,0.92079979226175
"RFC4",0.801455653154053,0.197646599541525,5.54624629575259,0.0537205343050434,0.854583225136328
"RFC5",0.91089494698432,0.266502652313217,5.74814140418878,0.0583033222724621,0.883406907296806
"RFFL",1.52862173668804,0.359487887014557,5.81485893745047,0.0613715959920368,0.869124902622695
"RFK",1.71069965114501,0.193214863943652,4.7018000594103,0.0448001412300835,0.711243832770709
"RFT1",2.77983727433931,0.488230693226266,6.32050358302871,0.0661372999235086,0.860296027005973
"RFTN1",0.466718876226346,0.0701200827054538,5.14241586376296,0.0431992950830282,0.784731238639314
"RFWD3",1.25102068923213,0.353911504438308,5.88600824942412,0.0621882041779695,0.890158400415476
"RFX1",5.3015641749745,0.607009432003603,7.53692652673438,0.0695993530272943,0.831732017657751
"RFX5",2.518717468934,0.298028373554343,5.13870988613821,0.0522634985008848,0.746299662425344
"RFXANK",8.25773956217752,0.444267207049947,5.85698622216012,0.0531423957705849,0.594650740067515
"RGCC",0.162810812951399,0.00301341933172299,4.26611895955649,0.0281604663088303,0.630225915346663
"RGL2",1.10600195447559,0.0653988575412372,3.6280329399682,0.0258678969186007,0.542716177616204
"RGP1",3.00655965663397,0.436829072480183,5.97177395886855,0.062177156890657,0.816670994546871
"RGS1",0.0973014574493567,0.00245452681406235,5.01201788904647,0.0374863820678463,0.753570501168528
"RGS10",1.18207544123793,0.0231121978478762,2.24968131340109,0.00575533917836859,0.310568683458842
"RGS14",1.5880114754059,0.274542024638216,5.39046091964084,0.0546603963444886,0.81147753830174
"RGS19",0.548036270154481,0.0467822106291638,4.59988642486441,0.0353590220034711,0.692547390288237
"RGS2",0.182762174753795,0.00987920685687362,4.85816776479778,0.0360053020728037,0.728901584004155
"RGS3",0.402435272659748,0.0499629150727982,4.99681737799762,0.040328772152067,0.758763957413659
"RHBDD1",12.0459715465262,0.840129324043414,13.9209660622702,0.0765638976028931,0.883666580109063
"RHBDD2",1.76365525383818,0.0841546421296158,3.05719488553803,0.0213512756771808,0.45780316800831
"RHBDD3",2.70001924060748,0.385740881438926,5.69559140038932,0.0592700713442141,0.802648662685017
"RHBDF2",0.572648191784193,0.0867709595105587,5.14020965380459,0.044052037847137,0.785250584263828
"RHEB",3.78800368500528,0.0972783415196567,1.71984041571186,0.00909722869911422,0.258893793819787
"RHNO1",2.83647289901217,0.32948066193743,5.29356133872377,0.0541272123237354,0.752272137107245
"RHOA",6.02446441285142,0.0315414395607569,0.0787638218935253,0.0145782833327931,0.0129836406128278
"RHOB",0.620406470579898,0.00316859751846348,1.45050725788876,0.00651266131688944,0.171643728901584
"RHOBTB3",0.537976906374132,0.0163594885645275,3.39470888202775,0.018564496891107,0.490781615164892
"RHOC",2.02563122759533,0.0816660465157965,2.72628835791429,0.0176298576159282,0.406387951181511
"RHOF",0.184526039293511,0.039489361176837,5.63895406967597,0.0473520686380587,0.862373409504025
"RHOG",1.09451536948587,0.033795868704394,2.77825122376776,0.0131710123479899,0.399117112438328
"RHOQ",1.21227353350878,0.14107433054749,4.79472711146739,0.0430369594698244,0.728641911191898
"RHOT1",3.44144761373629,0.299643584045457,4.75849003083064,0.0483720587883264,0.669955855621916
"RHOT2",8.59294851520412,0.44494973341713,5.77452458705561,0.0525402648340311,0.576733316021813
"RIC1",3.95057148865388,0.315991922767822,4.76029901826094,0.0484177833377406,0.652817450012984
"RIC8A",11.408009875768,0.527546698502544,7.40314228462307,0.0576228700537986,0.588418592573358
"RICTOR",1.7020076723908,0.173484633058815,4.47232586101508,0.0417094870007975,0.678525058426383
"RIF1",2.48434092233857,0.213088737824513,4.32232990568378,0.0418588783644759,0.642690210334978
"RILPL2",1.54201938834369,0.0909139768534066,3.55327176229428,0.0270309845884532,0.533887301999481
"RIN3",0.550761308646171,0.0660760151159468,4.95593822405407,0.0407217573736838,0.752791482731758
"RING1",4.96256349438077,0.314194075841944,4.39160376804185,0.0447303826062134,0.580888081017917
"RINT1",2.11340211491717,0.48120366352541,6.24754387545176,0.0670417193267038,0.887561672292911
"RIOK1",1.88359814727393,0.260627578520942,5.15937194911123,0.0517159781584357,0.770449233965204
"RIOK3",3.58881740324011,0.21329215429406,3.73381157143681,0.0359151328980927,0.540638795118151
"RIPK1",1.88132626453755,0.305597199102731,5.41523229811029,0.0557367426077247,0.804726045183069
"RIPK2",0.763534071571509,0.0840125891131022,4.73296422654367,0.0393195368956879,0.719034017138406
"RIT1",1.6216711118529,0.286369278956453,5.43939022192782,0.0554991929982024,0.816930667359127
"RITA1",2.60653811074483,0.341812831492966,5.44960614015943,0.0560853229225426,0.779278109581927
"RLF",2.32446246400751,0.29583336181491,5.15389171336185,0.0526912060503833,0.755907556478837
"RLIM",3.04113396037527,0.323258508191681,5.15189176686056,0.0526325978904976,0.728641911191898
"RMDN1",8.86199234598496,0.560836893374345,7.80613984054198,0.0630248419374046,0.703193975590756
"RMDN3",1.94376584155416,0.173681074170041,4.29026497477842,0.0397999012196106,0.647623993767853
"RMND1",1.07683913876453,0.141953720783489,4.86968908776832,0.0441058427675493,0.743962607115035
"RMND5A",1.30343224185568,0.252785898106311,5.43725101943552,0.0545252485028349,0.826798234224877
"RMND5B",1.31316563748918,0.196881181568952,5.06514162784655,0.0486880930737596,0.772266943651
"RNASEH1",4.25358307838648,0.380413835983143,5.43006953424531,0.0546118072687225,0.70968579589717
"RNASEH2B",2.91019877348017,0.192746013592061,3.8964764482552,0.0365121037611701,0.574396260711504
"RNASEH2C",4.27254210140455,0.144881636303743,2.18615499562432,0.0179775503348015,0.329005453129057
"RNASEK",3.48301181348783,0.220441867826497,3.94959191207393,0.0380077955158628,0.569202804466372
"RNASET2",0.663647430690028,0.0166135080156392,2.84671954382417,0.0120734441094684,0.403271877434433
"RND3",0.198216592572227,0.0101296561193638,4.68461177698364,0.0338915842536472,0.70059724746819
"RNF10",5.0616647658995,0.209731658089894,2.87749621460332,0.0281632773972443,0.408984679304077
"RNF103",0.955097170941474,0.174118130174517,5.24095349979017,0.0495831940694407,0.804726045183069
"RNF11",2.00637709457794,0.0995957626449845,3.03841648254583,0.0225687359615886,0.458062840820566
"RNF111",3.74051138767058,0.410977034539448,5.7119834552619,0.0584097377828459,0.758504284601402
"RNF113A",10.8650416609478,0.719865625359882,11.0254740560857,0.0718416175749522,0.799532588937938
"RNF114",8.59898424284687,0.325580963674775,3.92167863520534,0.0382571493721381,0.431835886782654
"RNF115",2.97032055846167,0.148699169696684,3.02372201072024,0.0261927060779411,0.455725785510257
"RNF121",2.07825905910298,0.360004605556983,5.65558244590853,0.0592721803643942,0.826019215788107
"RNF126",4.1850111037024,0.35425818193858,5.14127598717859,0.0520492810965023,0.68397818748377
"RNF13",2.26851381288866,0.0906507097930551,2.74570217485506,0.0185418163897177,0.409244352116333
"RNF130",1.15953797950816,0.0291356966961149,2.41076379591631,0.00845897715256418,0.339911711243833
"RNF138",2.43239751813894,0.275518923232634,4.96642960219501,0.0501672220207361,0.728382238379642
"RNF139",3.48478186913615,0.445922939949176,6.01276349739111,0.0617593184692762,0.798234224876655
"RNF14",2.49726869280542,0.267006282776984,4.83777569850598,0.0487527706354174,0.710464814333939
"RNF141",2.92828856496065,0.223776508960192,4.24977372863645,0.0412355727489071,0.62139703972994
"RNF144B",0.479536047071019,0.0470475171833208,4.78009393233737,0.0375182019491552,0.722150090885484
"RNF145",1.3277136105689,0.0985238143504689,4.04141418768213,0.0326812185224262,0.609711763178395
"RNF146",1.52349465940631,0.14012641856281,4.24369875716472,0.0376863476113069,0.645806284082057
"RNF149",1.73306945098917,0.073550824068362,2.89109128491882,0.0185830802386343,0.429758504284601
"RNF166",1.3050856917271,0.227985090587716,5.30481980936374,0.0522616338126274,0.807322773305635
"RNF167",2.28309691735229,0.0884968160642122,2.4818389732187,0.0159604616512189,0.373149831212672
"RNF168",4.86012368642574,0.505466805863431,6.52946953283611,0.0635713991176223,0.779278109581927
"RNF169",3.46600966089619,0.601922545130523,7.06005970604081,0.0713945303150158,0.885743962607115
"RNF170",2.0151956976842,0.294223794389322,5.29861629555258,0.0541345169025515,0.784731238639314
"RNF181",5.23302744855641,0.118032729977834,1.4503643775553,0.00863214664225504,0.22020254479356
"RNF185",2.18836591186114,0.341868686863133,5.53083663254212,0.0574853686479479,0.806543754868865
"RNF187",2.60453248503852,0.21473132080587,4.27875717020512,0.0414351716639782,0.633861334718255
"RNF19A",0.913505784621152,0.0483013032693581,3.46354929712055,0.0226169857369839,0.513892495455726
"RNF19B",0.525903489610788,0.144568636945864,5.62818915506698,0.052310005554815,0.868605556998182
"RNF2",6.30123929979007,0.523960305343242,6.90442133283612,0.0629970033818327,0.745260971176318
"RNF20",3.22648142457027,0.410597221856186,5.7865140070066,0.0597314069645868,0.788366658010906
"RNF214",4.21612966029609,0.446323482317251,5.99578174289764,0.0602745810724221,0.763697740846533
"RNF216",5.20596697931177,0.38764738234576,5.27788638765387,0.0527094100696614,0.658530251882628
"RNF219",1.96422209861219,0.408388421659918,5.93675577116654,0.0630708145599832,0.862892755128538
"RNF220",5.33021333837352,0.539212588345828,6.93573748034528,0.0653400057157964,0.789145676447676
"RNF24",0.798333992187141,0.112598894857558,4.97006874509608,0.0436448279903788,0.760062321474942
"RNF26",1.94595155908297,0.371114387120191,5.75085951103544,0.060575543848945,0.842897948584783
"RNF34",5.27279157494031,0.491911300781574,6.40965723399755,0.0618869565168111,0.751752791482732
"RNF38",1.96178173579987,0.311143670889854,5.40956965411839,0.0558057598045504,0.801090625811477
"RNF4",2.80294248089771,0.249513838317455,4.49296392818509,0.0448891051413904,0.658010906258115
"RNF40",2.7619664056552,0.23442039198618,4.36550235782878,0.0431225552596872,0.642430537522721
"RNF41",4.64517570767707,0.408431968784387,5.6086460649072,0.0561240350550948,0.710724487146196
"RNF44",1.89098964139763,0.22985896908443,4.88708391619012,0.0480935754404846,0.733835367437029
"RNF5",4.51276110781563,0.25161807220557,3.72547273841521,0.037452430597053,0.52038431576214
"RNF6",4.47122527046532,0.482624743350527,6.28450833778152,0.0624975034037122,0.776941054271618
"RNF7",19.5060684736862,0.286453986051182,2.71782436597193,0.0224030998638978,0.152427940794599
"RNF8",6.75461558613091,0.578544551954492,7.58490282620442,0.0663193367966518,0.772007270838743
"RNFT1",2.59925066963273,0.341317811615634,5.42632235419374,0.0559731588377337,0.777200727083874
"RNGTT",2.78863946523821,0.503274960606586,6.36846435128581,0.0669267398513302,0.864191119189821
"RNH1",4.50112785234752,0.0889920022223277,1.27780056711029,0.00396658546901618,0.193456245131135
"RNMT",3.37563631592138,0.188006491364409,3.40719016651589,0.0320083552401903,0.503505582965464
"RNPC3",2.22378307403178,0.263553778912331,4.88411044038726,0.0494602048756978,0.726045183069333
"RNPEP",5.21999761568421,0.281745901373376,4.08454578778292,0.0404094557910705,0.539340431056868
"RNPEPL1",2.70871676287154,0.310720203322047,5.19620754835294,0.0528557422020091,0.745780316800831
"RNPS1",5.31211251227874,0.143576388117249,1.7201511660897,0.0135924708665265,0.259672812256557
"ROCK1",3.66642190191577,0.121296506492695,2.14977709790981,0.0156146532129766,0.324850688132952
"ROCK2",1.35636067977539,0.146254747984084,4.54382920125186,0.0410218858887312,0.69228771747598
"ROGDI",0.873682437468638,0.0787937093805246,4.4340263290471,0.035670228586875,0.670734874058686
"ROMO1",6.2837641168416,0.078351843153124,0.470410005207686,0.00430012721915453,0.0838743183588678
"RORA",0.65738670942854,0.0706070835176309,4.63099146360941,0.037492196272721,0.703193975590756
"RP2",1.46202154925931,0.270304271479917,5.47338457791264,0.0552497457974115,0.826019215788107
"RP9",1.71253047407616,0.200274550044172,4.79474334664625,0.0459357189880131,0.72396780057128
"RPA1",3.22281349468357,0.31222355035753,4.95531853083287,0.0506190951789287,0.700077901843677
"RPA2",2.84536133772876,0.202915752656617,3.90850714068934,0.0376057531415806,0.580628408205661
"RPA3",1.50051123656624,0.0784923512631647,3.32804585145228,0.0236666234884829,0.497792781095819
"RPAIN",3.06583446913511,0.160972512632503,3.18170674322486,0.0284182971249769,0.476759283303038
"RPAP1",10.8990917826265,0.821361636395701,12.8463451498699,0.0764651458132127,0.879252142300701
"RPAP2",1.57018489831832,0.228355747623427,5.07833459008012,0.0500725596292126,0.769150869903921
"RPAP3",5.79346715754783,0.569153284863903,7.29125664813481,0.066740465750004,0.793560114256037
"RPE",5.34566816158906,0.534655043319875,6.91760722425694,0.0650527659219779,0.78732796676188
"RPF1",8.07850646995181,0.635573207951655,8.63818847543715,0.0688096987986066,0.781615164892236
"RPF2",1.31404431608475,0.154090983924233,4.74678763736657,0.0433398870162914,0.722150090885484
"RPGR",0.309062718355194,0.0903828935071792,5.69738717613097,0.0506059277069071,0.877434432614905
"RPIA",1.97617104725168,0.194342622869971,4.5170369105406,0.0429273570730205,0.679304076863152
"RPL10",5.09591169351486,0.00315926761865081,0.162445262161208,0.0190436312530128,0
"RPL10A",4.18108968480225,0.0111473760131964,0.17429742589343,0.0179333592076241,0.00285640093482212
"RPL11",7.42298827095657,0.00797566251486991,0.0347921267508037,0.0182503710558837,0
"RPL12",5.75231380123536,0.00631205360488499,0.117281322887945,0.0185804446270791,0.000259672812256557
"RPL13",6.10984700450995,0.0050890356975122,0.10599874874113,0.0187187274625716,0
"RPL13A",2.91652780889059,0.0147933072857887,0.273077151868375,0.0168384568296589,0.0132433134250844
"RPL14",5.32794260252953,0.00874973046401989,0.123824394331965,0.0182982692960813,0.000519345624513113
"RPL15",8.41118138702259,0.0138630840558792,0.0299422955501477,0.0174407530019015,0
"RPL17",3.66869328864375,0.051379032252229,0.784847179179363,0.00544363494472451,0.113477018956115
"RPL18",6.07142536110198,0.00925168552530285,0.0856589872099813,0.0182095054309029,0
"RPL18A",5.43596507652617,0.00748171589681073,0.12232238575699,0.0184820948719448,0
"RPL19",8.72880550546781,0.00994907501117166,0.0280681611078538,0.0178951841143764,0
"RPL21",5.71350707280195,0.0158101192005236,0.0836419359476492,0.017268510246362,0.00233705531030901
"RPL22",11.2299866360252,0.0308047019552539,0.169737462945353,0.0150807509266603,0.000519345624513113
"RPL22L1",1.41163850834104,0.0240645361330835,1.58325830402443,0.00148105755453765,0.210334977927811
"RPL23",6.39734589676319,0.0560319679505396,0.130783759078584,0.01019003404216,0.0337574655933524
"RPL23A",6.78066682544111,0.0160403723463409,0.0297235105337794,0.0172586591159972,0.00077901843676967
"RPL24",7.27890923017053,0.0178703983151267,0.00174750921968707,0.0170268078729279,0.000259672812256557
"RPL26",4.28175042799544,0.0147356405433862,0.157390060375079,0.0173911626611605,0.00415476499610491
"RPL26L1",6.54276905568984,0.312699353865045,4.28841483608343,0.0414917955220346,0.520903661386653
"RPL27",5.23229434560664,0.019797376915054,0.0866852218870959,0.0167458358456227,0.00337574655933524
"RPL27A",4.2601527032819,0.0350931307684706,0.299857682975727,0.0124890056588826,0.038691249026227
"RPL28",7.91127848669713,0.00747360437569122,0.0160571455642721,0.0182701724090706,0
"RPL29",5.90721819451546,0.00767698997570452,0.103164662324381,0.0183991159624024,0.000259672812256557
"RPL3",4.04548128630121,0.00556621182341778,0.196555909085092,0.018818811354363,0.000259672812256557
"RPL30",7.34700621464713,0.00759990557727899,0.0397232977948573,0.0183031621443758,0
"RPL31",6.85273573155368,0.0353488055546106,0.0155232718363858,0.0144903809115789,0.00649182030641392
"RPL32",6.32538265941531,0.00596470932910069,0.0940906025352718,0.0185740067469916,0.000259672812256557
"RPL34",6.50034129386904,0.00696165556591613,0.079229722276776,0.0184545680336053,0
"RPL35",9.98725481489164,0.0265313997657886,0.119910944541993,0.0156950697158575,0.00077901843676967
"RPL35A",5.13172748833126,0.00726406528391033,0.136667602348804,0.0185350670329557,0
"RPL36",6.26653388965631,0.00882378692600294,0.081878964682364,0.0182271112588867,0.000259672812256557
"RPL36A",2.68932891624953,0.0278539152140373,0.643188661245161,0.0107535377610997,0.0763438068034277
"RPL36AL",11.2126903281712,0.0769452841507245,0.0300697021398095,0.00807035917421363,0.0225915346663204
"RPL37",6.33334653578385,0.00786697141779363,0.0818079731822043,0.0183574712692599,0
"RPL37A",5.79920551826397,0.0123246245970974,0.0823865940487603,0.0178362271707939,0.000259672812256557
"RPL38",8.12744803430966,0.0401391454061346,0.0569684416945421,0.0137492337145838,0.00727083874318359
"RPL39",5.02540161297355,0.00495719991120467,0.157016180250524,0.0188096591194024,0.000259672812256557
"RPL39L",1.084338138702,0.119179259408709,4.63533740350161,0.0403682796366304,0.705790703713321
"RPL4",5.15106547418986,0.0222820998275802,0.112679509057055,0.0161197035603996,0.00804985717995326
"RPL41",8.261635112705,0.00674186988649221,0.00388709143859003,0.018330099652287,0
"RPL5",3.61788238429492,0.00725513929358417,0.211559946904692,0.0185721073262057,0.00129836406128278
"RPL6",5.25322805099636,0.00943048354415871,0.118855197224682,0.0182578394159629,0
"RPL7",5.22627663883632,0.0260382297453247,0.109858629112139,0.0154728939826741,0.0106465853025188
"RPL7A",5.80019114231978,0.00722318059581949,0.108094181895198,0.0184825986353564,0
"RPL7L1",4.2352359608798,0.219969235016441,3.45436356272555,0.0336995471554212,0.493378343287458
"RPL8",5.33686591048941,0.0068310362622454,0.130322021156492,0.0185707437428565,0
"RPL9",7.20354323284595,0.0171590571966154,0.00653208890310144,0.0171028899250666,0.000519345624513113
"RPLP0",3.32385749410609,0.00435708330647756,0.234920629440098,0.0190486622658611,0
"RPLP1",8.00333088014696,0.00400103545081752,0.0263170146988064,0.0186896863768726,0
"RPLP2",5.78177739042515,0.0116524319844528,0.0910229381230352,0.0178838130379757,0.00077901843676967
"RPN1",3.32998493755707,0.0768832534049636,1.49561128265431,0.00479743524460454,0.224097636977408
"RPN2",1.65883917467523,0.0394305572829351,1.94723501695387,0.00468640987122295,0.274733835367437
"RPP21",12.7153117479539,0.641214233172577,10.047788296911,0.0659139653168618,0.686834588418593
"RPP25",1.05748445749671,0.312980391654339,5.82600100114671,0.0605391784531269,0.88989872760322
"RPP25L",4.81177732447306,0.417646903485476,5.67539235866335,0.0565639063665918,0.709945468709426
"RPP30",5.70337050702075,0.509211080527974,6.64960237080666,0.0626311130610981,0.751752791482732
"RPP38",1.8409926889104,0.276460599195375,5.28743144334776,0.0535007075999339,0.788886003635419
"RPRD1A",1.48068322055411,0.184102555752287,4.83943567062857,0.0457436702159602,0.734874058686056
"RPRD1B",5.01978161397283,0.566234568275997,7.12362526443088,0.067475708117132,0.816411321734614
"RPRD2",1.42645943256978,0.189988327361372,4.89506617255035,0.0467034810179807,0.745260971176318
"RPS10",2.35634508700876,0.067274390540224,2.02800779470323,0.00895092732051204,0.298364061282784
"RPS11",6.90298961933147,0.0392546020479575,0.0153319145361842,0.0136235918363962,0.0122046221760582
"RPS12",5.4841124004495,0.00434594637417103,0.138010134365743,0.018864082540737,0
"RPS13",8.18020635023998,0.0105203280728413,0.00762767809962939,0.0178720346214055,0
"RPS14",8.40975997718439,0.0102559024126496,0.0160357040943523,0.0178848480361264,0
"RPS15",10.9125748461966,0.014579941838517,0.129053790160681,0.0171377017919255,0
"RPS15A",5.95122916056705,0.00775528940173585,0.0987256516440965,0.0184040884716032,0
"RPS16",4.84018780666991,0.0130523219959728,0.122322624018419,0.0177733991624157,0.00103869124902623
"RPS17",4.37104696662818,0.0446719323576303,0.396348375532818,0.00999918754148924,0.0581667099454687
"RPS18",3.92391436242455,0.00347036276298005,0.21386667052475,0.0191062252857536,0
"RPS19",4.0051934732949,0.00469223443517724,0.202129119473765,0.0189487349117828,0
"RPS19BP1",118.321953318724,0.789379853409961,60.3421632359912,0.0632523001099847,0.26694365099974
"RPS2",2.86515133720802,0.00758022386064543,0.256119319951839,0.0184441445473042,0.00337574655933524
"RPS20",2.63035842923401,0.0500253462896616,1.35591668111658,9.21041254976045e-05,0.192677226694365
"RPS21",6.1328185283088,0.0104334864566213,0.0790366674551311,0.0180404279873376,0.000259672812256557
"RPS23",6.83123603259528,0.00763100241494605,0.0616843806727915,0.0183436979987745,0
"RPS24",8.72593049744031,0.010099190993973,0.0260987424776263,0.0178591651595331,0.000259672812256557
"RPS25",8.14895926700426,0.0150038190155554,0.0219342430089875,0.0173050800896276,0.000259672812256557
"RPS26",4.0455099937046,0.00823990174253181,0.180990292262613,0.0184708171154329,0.000519345624513113
"RPS27",5.77012321095035,0.00554748748591105,0.118579844430982,0.0186915156656742,0
"RPS27A",5.84230632422684,0.007509594296592,0.106848486779829,0.0184252941019341,0.000259672812256557
"RPS27L",2.95778420423345,0.0319260930894135,0.625042063552081,0.0101804133433525,0.0776421708647105
"RPS28",9.76068142176042,0.00912338573560133,0.0683190199264579,0.0179080782560434,0
"RPS29",4.05435012255283,0.0162524880785458,0.193584900412672,0.0168710845452793,0.00908854842897949
"RPS3",5.56660550246187,0.00660985901221631,0.12160404726238,0.0185782139066761,0
"RPS3A",5.82905743328939,0.00723737811896213,0.106772571688516,0.0184783673318658,0
"RPS4X",4.95134281557413,0.00433218353099235,0.162012280963098,0.0189116374187248,0
"RPS5",4.25048730928022,0.00913087878298157,0.164611274456486,0.0183622657812892,0.000259672812256557
"RPS6",5.23150334378059,0.00830686504969265,0.128374030958279,0.0183795554891106,0.000259672812256557
"RPS6KA3",0.977955840581299,0.13106377338002,4.92008359225343,0.0440207640752884,0.751493118670475
"RPS6KA4",1.27657930495305,0.178399071445371,4.97227130503797,0.0468926499645242,0.758244611789146
"RPS6KA5",0.521468134492828,0.111579410174492,5.40776879370847,0.048420440172773,0.831732017657751
"RPS6KB1",6.34508407733131,0.572175974556971,7.42514753361773,0.066318727721459,0.778758763957414
"RPS6KB2",31.487449717255,0.768782557527065,21.6909735150047,0.0664686916746736,0.619579330044144
"RPS7",5.18572606571652,0.00820341937539691,0.130916882557998,0.0183962196205523,0.000259672812256557
"RPS8",5.93076685972455,0.00508996017201277,0.113951010059949,0.0187340260097509,0
"RPS9",7.62232564420369,0.0147881410821499,0.00140560395402602,0.0173588475161191,0.000519345624513113
"RPSA",3.86837634535286,0.014006507887074,0.187310149449043,0.0174216546010489,0.00545312905738769
"RPUSD1",3.98061242345703,0.498540595057199,6.44129566303584,0.064584167810782,0.812516229550766
"RPUSD3",1.17047307120409,0.113346095081144,4.38508502065588,0.0374729177371878,0.667099454687094
"RPUSD4",6.65117388596209,0.651986744149079,8.42972224312859,0.0709735519884123,0.828615943910673
"RRAGA",2.60995802620592,0.125057234444121,2.99288796905448,0.0240216864174247,0.450532329265126
"RRAGC",2.7730335332283,0.309215027481876,5.18644921013121,0.0525617306046796,0.741885224616983
"RRAS2",0.730926420627549,0.185011291576558,5.56191123625058,0.0533618248143786,0.857699298883407
"RRBP1",1.09204522146781,0.0253861111464821,2.22795405803562,0.0059661407793461,0.310309010646585
"RREB1",2.50700876399814,0.259291555900371,4.8102702216678,0.0480563358077192,0.705790703713321
"RRM1",0.987983872011179,0.145385129179178,5.02393675883315,0.0458727143690015,0.768631524279408
"RRM2B",1.46779674037364,0.243886192054255,5.28009827146188,0.0525772044303879,0.799792261750195
"RRN3",2.07847779354259,0.319246506425944,5.41933686058014,0.0560025513507484,0.797714879252142
"RRNAD1",1.18259827240086,0.222061768394248,5.33903339854153,0.0525000094004459,0.815891976110101
"RRP1",6.30156331008072,0.554055369800119,7.2794725519023,0.0652310880043873,0.77148792521423
"RRP12",1.26913022700293,0.3079934079281,5.72372443581234,0.0591464870839131,0.867566865749156
"RRP15",2.90950273108064,0.365796838134785,5.52437667587206,0.0570278808286826,0.775123344585822
"RRP1B",2.66883579210418,0.296868692588536,5.05188901293836,0.0513917237039344,0.730719293689951
"RRP36",6.6627441719833,0.7369250023441,9.37075974341971,0.0752912180778368,0.880290833549727
"RRP7A",3.28747626376002,0.243140961549226,4.29088541241387,0.0421940095459896,0.617501947546092
"RRP8",3.7538015569288,0.449447021914322,6.0080167946825,0.0613840307311738,0.785510257076084
"RRP9",2.64843283336254,0.459385995400397,6.14396187085717,0.0645806783864774,0.850428460140223
"RRS1",1.01466688097838,0.247819197359605,5.61183343186198,0.0561969786312689,0.860036354193716
"RSAD1",3.81910659580281,0.3906954873454,5.4462149084851,0.0561730073365177,0.729680602440924
"RSBN1",2.48195966021244,0.257749708608237,4.73251913428264,0.0475799764851458,0.698000519345624
"RSBN1L",3.10424651923249,0.182211726311926,3.40207956361429,0.0319357621536789,0.508699039210595
"RSF1",3.23895018569653,0.115627716060194,2.24303092751145,0.0161512050585145,0.340690729680602
"RSL1D1",4.12250614506865,0.104068250796766,1.65119418879554,0.00917707675502476,0.250064918203064
"RSL24D1",5.10516358708351,0.129136056485337,1.54821511088461,0.0108412964327628,0.237600623214749
"RSPH3",1.45176166496454,0.277795945438836,5.48343194742192,0.0557485205635074,0.828615943910673
"RSPRY1",3.27601743146575,0.285797638377919,4.72042381873852,0.0475997059547987,0.670475201246429
"RSRC1",4.81263075992337,0.340054864901685,4.80861581496259,0.0485686014378168,0.627888860036354
"RSRC2",4.81461400236928,0.1867730898868,2.59757623245015,0.024554244988233,0.37860296027006
"RSRP1",2.10901540417301,0.0607392043839721,1.88735312231138,0.00694272598075923,0.277849909114516
"RSU1",2.18323371027088,0.11037762423525,3.31467328994435,0.0257785499616578,0.494936380160997
"RTCA",5.76674963627445,0.383101743963338,5.3515201554986,0.0516475594674324,0.643988574396261
"RTCB",7.82133238494086,0.392534763322183,5.04895175902065,0.0480791078475025,0.547390288236822
"RTF1",3.45930830436387,0.13180990703125,2.43422910790365,0.0192526217585997,0.367437029343028
"RTN3",3.36851070738178,0.112979904237539,2.22356640337416,0.0155064252578007,0.334718254998702
"RTN4",4.1771544650268,0.0581058772175962,0.747634221385522,0.00478960190627217,0.111918982082576
"RTP4",0.756347276153481,0.312869397132805,5.95078707372731,0.0620958779618745,0.919241755388211
"RUFY1",3.89231751048205,0.401950640044481,5.62594154792631,0.0572979172011946,0.743702934302778
"RUFY3",1.38956131167475,0.166207010937174,4.71312354851856,0.0437739040519545,0.718254998701636
"RUNDC1",0.652465735058864,0.122317362623757,5.28101451421995,0.0475433729195909,0.811217865489483
"RUNX1",0.834086881091551,0.0330050789594287,3.30974190350574,0.0192295222865614,0.482991430797196
"RUSC1",2.2308695248102,0.202108256293523,4.38593736263423,0.0420171496081247,0.656452869384575
"RUVBL1",1.81798922530308,0.236896972879763,5.02318326928516,0.0495925594350399,0.753830173980784
"RUVBL2",1.64102150073824,0.135302593962997,4.12982678386007,0.0360595145849472,0.625551804726045
"RWDD1",7.81066260015521,0.158582763753281,1.32636752292726,0.0109829073920077,0.191119189820826
"RWDD2B",3.07694827344561,0.519691727563357,6.50537624826537,0.0674319869831886,0.861594391067255
"RWDD4",7.20398362929626,0.414468721712404,5.44447522087196,0.0516375855900009,0.599844196312646
"RXRA",1.48583549077391,0.157241252703316,4.60724079538664,0.0420254268373218,0.698779537782394
"RXRB",6.23981600743194,0.509830163037266,6.63333596766593,0.0617931913255108,0.727603219942872
"RYBP",1.61458353479331,0.170794562456911,4.59302795081197,0.0426129621205126,0.695923136847572
"RYK",1.9071937743683,0.278161044670698,5.24118058244393,0.0531699696730877,0.781095819267723
"S100A10",0.641426887797386,0.00221357647864145,1.31343657220782,0.00833747217355156,0.148792521423007
"S100A11",1.93911291537065,0.00619679284703464,0.351523055282715,0.0181920127091061,0.0101272396780057
"S100A13",0.771942335497575,0.0102705812957766,2.11979401686999,0.00256309984422348,0.283303038171903
"S100A16",0.486411506085207,0.012199703750653,3.37071343667226,0.0178252180493255,0.485068813295248
"S100A4",0.323254947482441,0.00154981529961311,2.80485183129581,0.00976023313207325,0.388989872760322
"S100A6",0.786311682846345,0.00138903304647552,1.05621409256455,0.0115594562713108,0.107244871461958
"S100PBP",1.83539841925899,0.221713750947196,4.83016858234849,0.0473303487477661,0.727862892755128
"SAAL1",4.60941892456443,0.640694450005339,7.66071458467694,0.0721871403071977,0.871981303557518
"SACM1L",1.84740110266218,0.263814340022415,5.15715159609137,0.0519971004903256,0.772266943651
"SAE1",1.88556206113921,0.169024647028148,4.35894459317621,0.040061257812261,0.656712542196832
"SAFB",3.74143012988877,0.253519654164882,4.10667647245111,0.0410612088725151,0.584523500389509
"SAFB2",3.68864616071323,0.295690590790895,4.59681065537537,0.0468000368936344,0.643728901584004
"SAMD1",1.56929064308047,0.271279878796768,5.40072917354933,0.0545859646493077,0.813035575175279
"SAMD4B",2.07807449796304,0.242404343263756,4.88299946883633,0.0484190900372964,0.728122565567385
"SAMD8",2.23248843221665,0.312677282906104,5.32192922974334,0.0547612218260845,0.77979745520644
"SAMD9",0.689388040304184,0.132182931232927,5.30198564934187,0.0482474268617873,0.814853284861075
"SAMD9L",0.552432736430407,0.0786226169808549,5.07958071912619,0.0429250662436878,0.774863671773565
"SAMHD1",0.477164102839814,0.0163031824307972,3.68636684351645,0.0220631327747244,0.537782394183329
"SAMM50",2.68918353107676,0.216845581755808,4.29835192758969,0.0415269331484818,0.633601661905998
"SAMSN1",0.170111760982603,0.0177767845475137,5.30776611350341,0.0420759633533622,0.804466372370813
"SAP18",11.0423457558342,0.152522622021408,0.585175282262326,0.00474292179370809,0.0908854842897949
"SAP30BP",5.45228778150704,0.33583456506176,4.49433370962509,0.0458791765520856,0.575954297585043
"SAP30L",2.5252613767872,0.528234274577478,6.47135308787159,0.0687994034971274,0.886782653856141
"SAR1A",3.17059493083418,0.172704702744737,3.48990445671245,0.0314829787165891,0.513892495455726
"SAR1B",3.62513446609929,0.215044442080454,3.64944618464082,0.0355023305243507,0.530771228252402
"SARAF",2.2118231826895,0.0211936245656438,0.657091022179865,0.0118988535692246,0.0714100233705531
"SARNP",3.87238728011588,0.623141020321941,7.29458384198601,0.0720122009317852,0.88236821604778
"SARS",4.5801171715873,0.193466279884537,2.90019863720429,0.0273848260844802,0.418332900545313
"SARS2",2.4736170446371,0.443066755036309,6.06382315986931,0.0639493531129613,0.851207478576993
"SART1",7.90688461062836,0.582693814838866,7.85004137158935,0.0654286189949805,0.741625551804726
"SART3",9.80702118188561,0.699205682798572,10.1847269036329,0.0713386983475377,0.796935860815373
"SASS6",1.21448831608908,0.375953424133094,5.95874013990377,0.0636118549182415,0.901324331342508
"SAT1",0.687537913045147,0.00278370935250693,1.0430057962779,0.0114407040791406,0.106725525837445
"SAT2",4.5777358635939,0.149722947436373,2.1505048143428,0.0179352000612871,0.321474941573617
"SATB1",0.407076088489437,0.107218231641329,5.59582619064297,0.0502780951150804,0.862113736691768
"SAV1",1.22285952430991,0.131996313512308,4.57812919435764,0.0405269897962572,0.697221500908855
"SAYSD1",2.59629289193347,0.333877342923313,5.37306677222092,0.0553185612466339,0.771228252401974
"SBDS",2.5802834312002,0.0852888040976809,2.14111342484935,0.0122037372475562,0.321734614385874
"SBF1",1.9610456166456,0.314467422166248,5.43745150402049,0.0561306835005634,0.804466372370813
"SBF2",2.05923757529348,0.25598335692683,5.01216658750925,0.0501135459927994,0.745780316800831
"SBNO1",2.96201435522178,0.241174360999139,4.33040304588106,0.0429826339451362,0.632822643469229
"SBNO2",0.950666349428155,0.159008952515,5.18234022246161,0.0481738669466942,0.794079459880551
"SC5D",1.1234083174317,0.190061211735901,5.19210727953455,0.049713148393621,0.794598805505064
"SCAF1",3.14114363999231,0.293196600792639,4.77804406905238,0.0486953952452745,0.682679823422488
"SCAF11",6.61399379660712,0.182557982594241,1.9152421601999,0.0180387535472287,0.272656452869385
"SCAF4",3.5282919187478,0.363577004533096,5.30136803668469,0.0546316052998285,0.726564528693846
"SCAF8",3.23245685004784,0.413017076409733,5.74121352041136,0.0596940314962896,0.783952220202545
"SCAMP1",2.17493383821508,0.216051373257901,4.54301777180616,0.0442267238981797,0.680083095299922
"SCAMP2",2.97332343712078,0.127182796564397,2.84799235455188,0.0225357441562098,0.42534406647624
"SCAMP3",5.59158584085098,0.288394684466207,4.02714293503155,0.0400469695135277,0.523240716696962
"SCAMP4",2.18955568653079,0.176025938842457,4.05538259616232,0.0377425680376951,0.611529472864191
"SCAND1",8.96817800841642,0.175420334141141,1.16769701958395,0.0113767559523199,0.166450272656453
"SCAP",2.23052822231587,0.247275851654659,4.77943385461256,0.0477503025037681,0.711243832770709
"SCAPER",1.82451391625545,0.284246935555542,5.29693164232789,0.0540532380504559,0.791742404570241
"SCARB1",0.256204142513427,0.0212365189535997,4.8739806180262,0.0369874288557372,0.733835367437029
"SCARB2",2.65575948020266,0.0819343660550278,2.22584448637368,0.012394881978259,0.32952479875357
"SCCPDH",1.46310787132215,0.096093892538572,3.72432641731773,0.029284113239926,0.561672292910932
"SCFD1",3.31417123942912,0.317212457364015,4.9729498890677,0.050818947532113,0.698779537782394
"SCLT1",1.03128279375909,0.208951934455426,5.40199859403734,0.0526193223759403,0.828096598286159
"SCML1",1.57469601938543,0.255483148085367,5.28538636274325,0.0529913870090595,0.797455206439886
"SCNM1",8.07266556818522,0.440111351182181,5.87015419902846,0.0531575764052078,0.602440924435212
"SCO1",2.29256521133082,0.307191546851468,5.27435529946678,0.0540549645378321,0.77148792521423
"SCOC",2.08434720996985,0.0980167492295013,3.03253835970617,0.0221978696992041,0.454687094261231
"SCP2",3.75801882726313,0.0842003184556151,1.3151995898074,0.00406748235450674,0.202025447935601
"SCPEP1",1.04539796832664,0.0434916132242445,3.15662810098472,0.0185614740738981,0.462736951441184
"SCRIB",3.07741045181609,0.427221657638742,5.90150928379656,0.061309383849886,0.806543754868865
"SCRN2",1.49884293029338,0.126542667266298,4.11627112370007,0.0355139819406561,0.625292131913789
"SCRN3",1.89306187844889,0.310149348014066,5.44198679797827,0.0560933591314484,0.807582446117891
"SCYL1",5.61673021974894,0.328458724417212,4.44707943577597,0.0448594378943329,0.565567385094781
"SCYL2",2.74553014430409,0.317289404028086,5.18661420087995,0.0531223020887709,0.743962607115035
"SCYL3",1.07886963402216,0.302510064144252,5.76323308703495,0.0596434525302779,0.88081017917424
"SDAD1",6.01515841283656,0.39830522960449,5.40908897712435,0.0523864521168777,0.639833809400156
"SDC1",0.12299159662272,0.0196621691393322,5.62784540211903,0.0461610917695854,0.857958971695663
"SDC4",0.419508125140284,0.0238122869904654,4.24554634111565,0.0295157599220812,0.631264606595689
"SDCBP",1.11985585105919,0.0238677510545233,2.24058521673839,0.0058364587079413,0.310568683458842
"SDCCAG8",3.07359345243547,0.191118900696688,3.68102382863859,0.0346396364349686,0.544274214489743
"SDE2",3.33217867612007,0.514511835628262,6.48934860467393,0.0666724584019374,0.847572059205401
"SDF2",3.18072494918183,0.178633850826516,3.29753200035894,0.0307561870571516,0.493378343287458
"SDF2L1",1.04026357791021,0.0421668158362026,3.19715775666306,0.0188258077742363,0.467930407686315
"SDF4",4.27670546239216,0.0866651440258793,1.07763988879074,0.00221664199127394,0.170085692028045
"SDHA",4.35036074417584,0.242676227432504,3.725637649105,0.036980367361016,0.523500389509218
"SDHAF1",2.73410925266366,0.30641523341896,5.06874483557532,0.0519187389504223,0.730978966502207
"SDHAF2",3.31852429228033,0.570995374861217,6.83812967594572,0.0699429859472341,0.876395741365879
"SDHAF3",2.61323612215379,0.252236564404467,4.66737256968849,0.0465116206702029,0.68475720592054
"SDHB",2.61379733531072,0.12670631816985,3.24302435635419,0.0261392401135241,0.482212412360426
"SDHC",5.04663552721294,0.153953044147645,2.09265499562015,0.0175019822187206,0.308491300960789
"SDHD",3.13308470923281,0.185628654652654,3.75142225418582,0.0344796576669186,0.548948325110361
"SDR39U1",2.63541690454705,0.165993549174687,3.57357098031263,0.0324792246366072,0.536743702934303
"SEC11A",10.7218707041821,0.143974190292872,0.70011243539892,0.0043840357460881,0.102311088029083
"SEC11C",1.00920326705804,0.0429826596941085,3.22957400140154,0.0193262965048283,0.473902882368216
"SEC13",2.99595210735861,0.105938370900129,2.37068358143776,0.0162643198490374,0.355751752791483
"SEC14L1",0.830141603515856,0.043753925850538,3.5949375586315,0.0236282309062769,0.532588937938198
"SEC16A",1.88278054902547,0.173155147653184,4.35055017156922,0.0403414988185508,0.656972215009089
"SEC22B",6.27057042794675,0.358057103119083,4.77134228113577,0.0471183216481373,0.57465593352376
"SEC22C",2.29878282732875,0.155611863255803,3.73190085821587,0.0333440092524819,0.562191638535445
"SEC23A",1.09335084669744,0.098313119600867,4.31390315620001,0.0357155278390927,0.654375486886523
"SEC23B",2.08477211989802,0.278700230881975,5.17142351873947,0.0523537614986305,0.765775123344586
"SEC23IP",2.56214915989155,0.262155608061286,4.80684687318464,0.0480970103384315,0.703713321215269
"SEC24A",1.39811419008226,0.266644904228757,5.46526459121272,0.0551858111512292,0.827577252661646
"SEC24B",4.57768631401535,0.443115292685688,5.92046178576902,0.0591949322264563,0.74136587899247
"SEC24C",2.22307221888298,0.229842516181624,4.66443368734718,0.0458641353682549,0.695144118410802
"SEC24D",0.926751036528595,0.0800472237884313,4.2686299019522,0.0340472746417363,0.646065956894313
"SEC31A",1.74122080058467,0.0581815719313211,2.33701026839488,0.0112627492362612,0.343027784990911
"SEC61A1",2.90476417335719,0.123150565628987,2.7236060176186,0.0212336344054769,0.409763697740847
"SEC61B",5.60700012484544,0.0524354305945234,0.278343416148803,0.00965943513797354,0.0488184887042327
"SEC61G",3.52069753900752,0.0426343086443104,0.613930209739063,0.00841605252411205,0.0849130096078941
"SEC62",3.16352549996958,0.0441660509357129,0.736390132356453,0.00699927862288276,0.102830433653596
"SEC63",5.13670718891954,0.217936360893764,3.05395664864394,0.0298201888671671,0.427421448974292
"SECISBP2",2.07473238962436,0.130334776355206,3.52734552130508,0.02980040400037,0.533627629187224
"SECISBP2L",2.48702736153594,0.164075910588168,3.62517259043693,0.0329688041180484,0.546611269800052
"SEH1L",2.03417987180917,0.263290405578875,5.13219497873438,0.0513229340147202,0.761360685536224
"SEL1L",2.1743295099339,0.142377760463272,3.61096138749445,0.0314381773672607,0.546091924175539
"SEL1L3",0.210806332304013,0.0650565992110997,5.78826208406808,0.050421442768297,0.88989872760322
"SEMA4A",0.706580285829125,0.155670745885202,5.47065508963891,0.0510454294195967,0.8415995845235
"SEMA4B",0.821013467964307,0.122132568882927,5.03494623009994,0.0448388062799733,0.77070890677746
"SENP2",1.52427966194528,0.29435403821938,5.50929939024683,0.0565846729333674,0.830173980784212
"SENP5",4.31701529568274,0.542689636946856,6.79284586385672,0.0668830927302207,0.824461178914568
"SENP6",2.69274575038705,0.146584893490386,3.20142834755279,0.0277629188790604,0.483251103609452
"SENP7",1.16100165597727,0.214259512860287,5.27548973101336,0.0516764681032745,0.807842118930148
"SEPHS1",2.62319736344764,0.402168276948684,5.81289260650364,0.0607395993459189,0.818488704232667
"SEPSECS",1.74263437094373,0.518238890371564,6.3503744640783,0.0696857295513101,0.917424045702415
"SEPT1",0.182217602560775,0.0218458186549633,5.30195759572882,0.0422753398097027,0.804466372370813
"SEPT10",1.24113031222025,0.0847159677157689,3.81000862673263,0.029392508977046,0.574396260711504
"SEPT11",0.62741953583862,0.0321295027749971,3.79195806742686,0.0248370087328554,0.560373928849649
"SEPT2",5.99588944957957,0.124079570189314,1.15588841863239,0.00689322081703715,0.182030641391846
"SEPT6",0.876091236206841,0.0557895712596074,3.89031688341676,0.0279676169765404,0.581667099454687
"SEPT7",1.65577660028559,0.0363537707686582,1.58866897872146,0.000524084520440268,0.220721890418073
"SEPT9",3.20269115018267,0.0963154635741024,2.0338886355333,0.0120649186507305,0.305115554401454
"SERBP1",4.65415589225948,0.0720481150219059,0.709662936896686,0.0030418903114988,0.114515710205142
"SERF2",5.73831609431671,0.01007687149877,0.0950549466038815,0.018136540472447,0
"SERGEF",1.978214900749,0.233307968056987,4.85786563453068,0.0479157580510718,0.727603219942872
"SERINC1",2.53664114602881,0.0883390464654985,2.23747824859195,0.0134933181110818,0.336795637496754
"SERINC2",0.2933932363166,0.0157767108365375,4.50892403778671,0.0320835062341099,0.672292910932225
"SERINC3",2.69258605887312,0.0988600956446808,2.32754956541401,0.0154223404282718,0.351856660607634
"SERINC5",1.05111225896339,0.174966887584233,5.17601710872035,0.0488509083956034,0.792521423007011
"SERP1",4.50787023901457,0.0459697902028361,0.537320658320484,0.00857853334707185,0.0766034796156842
"SERPINB1",1.23815225927532,0.0349109512987919,2.55603534788544,0.0107724357534472,0.364840301220462
"SERPINB6",4.18095068001073,0.159738955355897,2.76576218649168,0.0236431163181077,0.40197351337315
"SERPINB9",0.2081187077434,0.0357864221040164,5.48268376203704,0.0452667014399383,0.836146455466113
"SERPINE2",0.120434883913555,0.00748798502686647,5.18504737406733,0.039960305448282,0.782913528953519
"SERPINF1",0.137549505991842,0.00133982714140525,4.18662233880558,0.0270558524604465,0.616982601921579
"SERPING1",0.34066632785805,0.00354628874495835,2.88734885580609,0.0110488206056137,0.403791223058946
"SERPINH1",0.280665616406134,0.00573382381635715,3.66214633558483,0.0208483158648527,0.531290573876915
"SERTAD1",0.993850534689591,0.0622964433526477,3.79972685111933,0.027481916094515,0.568683458841859
"SERTAD2",1.4541091878823,0.199393694434849,4.97256762576449,0.0478065853482117,0.75564788366658
"SERTAD3",1.54928962960901,0.147863010682422,4.33628479391125,0.0390077397966124,0.659309270319398
"SESN1",0.602585671902909,0.0691190880098008,4.77682034084564,0.0389933087429627,0.725785510257076
"SESN2",0.781015796167841,0.244319848991827,5.75869662521749,0.0576795997256647,0.888340690729681
"SESN3",0.408901334804669,0.0366156823997897,4.67826003556473,0.0356864765091828,0.704752012464295
"SESTD1",1.1412785156109,0.109269937829239,4.35793395860958,0.0369574255429049,0.662944689690989
"SET",4.34936953395636,0.109653234485354,1.79089138691192,0.0107426521711089,0.266424305375227
"SETD1A",34.6087095777891,0.937166735428704,33.5459070362941,0.067366744770212,0.88081017917424
"SETD1B",1.96345837023575,0.39737175096289,5.86893605395054,0.0622922104846581,0.855621916385354
"SETD2",2.7603467287068,0.228590512518158,4.25967668879966,0.0420519205658202,0.629446896909894
"SETD3",5.83034617124542,0.367891400109294,5.03677188259293,0.0494684807057126,0.613606855362244
"SETD4",2.70953065086882,0.48673362417108,6.27552930286907,0.0660938570076987,0.859776681381459
"SETD5",2.47513901470992,0.151761887707271,3.47230398909382,0.0306989400785674,0.524019735133731
"SETD7",1.74718819084673,0.165582325816561,4.40499176824517,0.0404721640385654,0.666320436250325
"SETD9",2.41872893192843,0.430178057510259,6.00125221357153,0.0632554687415259,0.847572059205401
"SETDB1",12.6706062802747,0.729670559355242,11.9787933707409,0.0713718004261988,0.779537782394183
"SETDB2",1.52071648827948,0.28716275624445,5.50403867604432,0.0561765212257806,0.828875616722929
"SETX",2.67009964166943,0.183222810129139,3.82146943713914,0.0356936184224245,0.570501168527655
"SF1",6.04406552659115,0.129462998799559,1.05561155550072,0.00692193355550422,0.172942092962867
"SF3A1",6.66714832960241,0.319436621792974,4.00838999049221,0.0407624411084762,0.492339652038432
"SF3A2",3.6922607393674,0.176090938268435,2.96097706572265,0.0274026965911026,0.440924435211633
"SF3A3",4.83640536715643,0.325386554756727,4.68128712528998,0.0469828150250222,0.6138665281745
"SF3B1",3.91127409456165,0.113756303748121,1.61127394448326,0.0103690309487219,0.253180991950143
"SF3B2",119.497293843389,0.771589300300554,56.3040314168818,0.0666827873282478,0.20358348480914
"SF3B3",2.0326724563782,0.162341220742391,4.10940488047677,0.037322355131792,0.619059984419631
"SF3B4",4.92725278175068,0.285661602132777,4.0468063198407,0.0410736969007327,0.545312905738769
"SF3B5",119.706893467917,0.763474195334895,56.2055927850122,0.0653152591944452,0.209815632303298
"SF3B6",2.71669366568204,0.0522824462144256,1.12431768023609,0.00192580356523533,0.162814853284861
"SFI1",0.865757505508568,0.184040142782081,5.40300628030382,0.0516862755083716,0.831212672033238
"SFMBT1",0.915440421102044,0.263399182678163,5.7242230961564,0.0579921060808841,0.880031160737471
"SFPQ",3.21516419940001,0.10210321694873,2.01564900028317,0.0126665993177197,0.305894572838224
"SFR1",5.46289774530814,0.695127278733404,8.43439350084366,0.0741809018690916,0.880550506361984
"SFSWAP",4.61245953068633,0.33875649668649,4.84501584449211,0.0490073395272321,0.638535445338873
"SFT2D1",4.54000284547672,0.151646408618019,2.34460886629476,0.0194828500051847,0.344585821864451
"SFT2D2",1.82406837845291,0.142839580681073,4.13018773758176,0.0362827904040182,0.62217605816671
"SFXN1",0.658436604477152,0.0509549162715722,4.25644448987294,0.0318082550780841,0.639574136587899
"SFXN3",2.21201761739161,0.211109064433332,4.56701702037785,0.0439199451480736,0.680342768112179
"SFXN4",2.6863450718074,0.324665424463062,5.30861052560241,0.0542705760889164,0.759802648662685
"SFXN5",0.32209970686407,0.0457851770703422,5.2001866126464,0.0424640842234908,0.791223058945728
"SGCB",0.515145615454146,0.0710257574169737,5.01315327805581,0.0418027567134711,0.764217086471046
"SGF29",2.32377362034553,0.327292182235986,5.37037615244694,0.0556016119574711,0.782394183329005
"SGK1",0.206469936490407,0.00566302213465523,4.29316402711039,0.0286712450828356,0.634900025967281
"SGMS1",1.67874471744585,0.215734554296409,4.92142126006287,0.0479349597455134,0.743702934302778
"SGPL1",1.00327105498844,0.124633284926226,4.83631088479712,0.0427556900795172,0.737470786808621
"SGSH",2.81232330833991,0.327512355992045,5.22398676756569,0.0537543107976827,0.746039989613087
"SGSM3",2.32042215392565,0.267897142495353,4.93501834791266,0.0497822738252559,0.728382238379642
"SGTA",44.079198558635,0.849331034514362,33.0831053464037,0.065294910898308,0.665022072189042
"SH2B1",2.1297934637537,0.232870830367207,4.7022954638048,0.0465454002140206,0.703713321215269
"SH2B3",0.586408127515113,0.103402320969827,5.28415671051847,0.0465306501967518,0.809659828615944
"SH3BGRL",1.20402031353015,0.00983864081051621,0.865105642546512,0.0120045216605992,0.0882887561672293
"SH3BGRL3",0.828911207635816,0.00292092663528048,0.714098493516929,0.0152665707792226,0.0555699818229031
"SH3BP2",1.44210737659137,0.1126824811558,4.15381982223265,0.0347121619141404,0.626850168787328
"SH3BP5",0.606863651034111,0.027512001264655,3.71031462952014,0.0234274161274639,0.545572578551026
"SH3BP5L",5.57309387684681,0.744418992598304,8.90307348769568,0.0763586046995578,0.901584004154765
"SH3GL1",1.98651211893048,0.217749796432213,4.73056034261635,0.0460214109708887,0.709426123084913
"SH3GLB1",5.84918247251535,0.173890442445268,2.1199751706872,0.0190346834170072,0.304076863152428
"SH3KBP1",1.20912446789301,0.0793596538409392,3.87218479658368,0.0294978304941079,0.581407426642431
"SH3PXD2A",0.429205549889247,0.0479057676560855,4.88975223445686,0.0389249580313154,0.740846533367956
"SHARPIN",9.26067672111788,0.371106371045696,4.52932928926257,0.0430266118786145,0.462996624253441
"SHC1",0.801493994438955,0.0442995078324216,3.654290064278,0.0243827088073456,0.542456504803947
"SHISA4",1.05349671003427,0.12310141881927,4.70075209447571,0.0413307630732246,0.716956634640353
"SHISA5",4.89945704230185,0.143390283907296,1.83659948420942,0.0147452738434349,0.278628927551285
"SHKBP1",2.60286164032519,0.195168890095482,4.16900039805992,0.039165096239468,0.616463256297066
"SHMT1",0.952996331455835,0.202007846821049,5.42300171031324,0.052607016638564,0.833030381719034
"SHMT2",1.26664485540889,0.0795020121724919,3.72121253373089,0.0279545169620936,0.55881589197611
"SHOC2",4.49212636137066,0.238751931874431,3.59293178700147,0.0356840889344591,0.504803947026746
"SHPRH",1.19681128026562,0.174876269535931,5.00024513157949,0.0470930368280027,0.764217086471046
"SHQ1",1.65525584693591,0.349139480425016,5.72859073989492,0.0601408712201424,0.853025188262789
"SHTN1",1.09823533242296,0.110934134061348,4.57660737921229,0.0391445088355618,0.694624772786289
"SIAH1",1.82375088523652,0.240069438818837,5.03620559327615,0.0498607408255836,0.75564788366658
"SIAH2",0.45045083667229,0.0514983437297881,4.8927442482467,0.0391908897746503,0.741885224616983
"SIDT2",1.65185688382477,0.200322175755418,4.87416746300379,0.0466432696853736,0.735912749935082
"SIGIRR",2.21661228734962,0.0888929683234973,2.5398867919833,0.0166115120762223,0.382238379641652
"SIGMAR1",2.4796896653969,0.196789001085257,4.15840990556999,0.0395117022846429,0.619839002856401
"SIK2",1.75954735334097,0.278609477818405,5.28938797009654,0.0538597481436257,0.793040768631524
"SIK3",1.48510638020109,0.269986532491297,5.41412477604534,0.0548285499083201,0.81822903142041
"SIKE1",4.39557063931036,0.381832566243854,5.38214932593701,0.0542441449386471,0.699558556219164
"SIL1",2.38677286664175,0.165466228672079,3.90050467056975,0.0352736676264769,0.583225136328226
"SIN3A",1.9891119685267,0.233537142300479,4.8227344092176,0.0476881279921689,0.723188782134511
"SIN3B",1.86121286907162,0.23280546525655,4.90986058126362,0.0485116779362535,0.738249805245391
"SIPA1",1.25218545841795,0.121683941119742,4.43297256005716,0.038379343987682,0.673591274993508
"SIPA1L1",1.39086476536457,0.211736661515063,5.1300206104039,0.0498633827894548,0.77979745520644
"SIRPA",0.460686330541647,0.0358308178248031,4.64625337841882,0.035108971919889,0.697740846533368
"SIRT1",2.06602344532016,0.469664473008862,6.1905230654193,0.0664738423025572,0.884445598545832
"SIRT2",31.8482440241675,0.765361096171407,21.4879463715442,0.0663741684899036,0.603479615684238
"SIRT3",1.34799784022523,0.215983653502924,5.16414746879675,0.0504835596865133,0.78654894832511
"SIRT5",2.81836032376227,0.465283668979201,6.16614104014646,0.0645598861613399,0.844196312646066
"SIRT6",6.05792101611433,0.562663558403478,7.27236909270171,0.0660065706406388,0.780836146455466
"SIRT7",2.56631299128051,0.33852155777905,5.38374934622521,0.0557062513836783,0.774084653336796
"SIVA1",4.62687360442442,0.107756517905582,1.25769551281412,0.00634929522842729,0.199948065437549
"SKA2",0.91357243707258,0.100415394085741,4.65665918369297,0.0395184621082262,0.708647104648143
"SKAP2",1.13278846939173,0.0891226971844676,4.24086550966347,0.0340999350577387,0.639314463775643
"SKI",1.36652596144616,0.131588143006283,4.38255977876278,0.0384898021521419,0.666320436250325
"SKIL",1.04755646737875,0.103914849468422,4.46131507093652,0.0376656672181775,0.678265385614126
"SKIV2L",2.34178070129343,0.288892119502652,5.08453476653412,0.051864299059837,0.746819008049857
"SKP1",2.87486398299954,0.029262561114488,0.479028983737627,0.0120818419040422,0.0553103090106466
"SKP2",0.389110078499506,0.158129894663813,5.85799589746973,0.0554190103266884,0.908075824461179
"SLAIN2",2.86372376920473,0.255649927548738,4.56058908957209,0.0455711778591564,0.664243053752272
"SLBP",1.61665271717246,0.103906065942094,3.58425243298482,0.028524631716526,0.54219683199169
"SLC10A3",1.6950594623677,0.186892103037201,4.62806052143713,0.0438638957068023,0.70137626590496
"SLC11A2",1.41729102721183,0.182619595436128,4.9080720035491,0.0463113378420047,0.745520643988574
"SLC12A6",0.949099179448825,0.228801800764974,5.56691956215786,0.055099223136982,0.855102570760841
"SLC12A7",1.59631914676673,0.17167335506391,4.62752120171485,0.0429819187258637,0.701116593092703
"SLC12A9",2.81609731158093,0.36273388365526,5.51593256224062,0.057040314350981,0.778239418332901
"SLC15A4",0.757563368411795,0.184616270332253,5.5292392930473,0.0530084103950809,0.852246169826019
"SLC16A1",0.365454642958174,0.100996036901998,5.66533776921361,0.050711280445591,0.872500649182031
"SLC16A3",0.279848440960615,0.0143514815625533,4.55817457000037,0.0325610917183363,0.679823422487666
"SLC16A7",0.245034019124897,0.104875725869178,5.90754456348224,0.0536569711112189,0.91326928070631
"SLC17A5",1.51275130131414,0.222965795524344,5.13003955977493,0.0502236364785478,0.776681381459361
"SLC18B1",0.701804508127403,0.217580916647348,5.72616229522597,0.056374649737304,0.884705271358089
"SLC1A4",0.535953710172424,0.0852593070629796,5.17286430846525,0.0443794611348099,0.790963386133472
"SLC1A5",1.32234102762234,0.0887701033100167,3.8528342590712,0.0300186012773203,0.579849389768891
"SLC20A1",0.83500939948195,0.0605736931530743,4.10068662129074,0.0307159787795116,0.615943910672553
"SLC20A2",1.04800840504428,0.190245115524496,5.26354361614159,0.0504695949957555,0.806803427681122
"SLC22A18",0.728581459137338,0.0775235318922242,4.67337111706732,0.0382998921046891,0.709426123084913
"SLC23A2",1.97633715447221,0.372075947577829,5.75962828713129,0.060582646266322,0.84237860296027
"SLC25A1",3.75502105939606,0.173176724512417,3.11221189887766,0.0279806545438231,0.455466112698001
"SLC25A11",7.79817677013657,0.329445127495737,4.22169139139185,0.0406857077827354,0.479096338613347
"SLC25A13",9.52858797887832,0.601103963863329,8.568043131879,0.0654009244510383,0.722669436509997
"SLC25A14",3.06955615119229,0.56224658940141,6.7163632230343,0.0697691408025408,0.879252142300701
"SLC25A16",1.95409304264811,0.360304360671306,5.71942847330873,0.0598772618196984,0.838483510776422
"SLC25A17",4.2834962884268,0.545272883171042,6.80963437093169,0.0670941960930619,0.82731757984939
"SLC25A19",0.271926564432287,0.0532399880297259,5.52447219449939,0.0466724383981377,0.844715658270579
"SLC25A22",3.0674778882955,0.480505371314235,6.2535989426839,0.0650088317025837,0.840041547649961
"SLC25A24",3.55335876794147,0.230583451278224,3.99977120081457,0.0389971553018101,0.57465593352376
"SLC25A25",0.676103331325697,0.121305705808879,5.23695191045087,0.0470112361896091,0.8039470267463
"SLC25A26",74.5100418157279,0.933516978948027,61.933940759859,0.0518408481197087,0.750714100233706
"SLC25A3",5.11077385164605,0.0456375409852685,0.250155127157413,0.0110204908225329,0.041028304336536
"SLC25A30",0.772869769891981,0.325532639248875,5.97647392172132,0.0627376945233181,0.92235782913529
"SLC25A33",1.49896052183399,0.200739222297817,4.97482262285032,0.0477850037718645,0.754349519605297
"SLC25A36",2.48752104141569,0.12590199416447,3.13092282694329,0.0254098678007064,0.471046481433394
"SLC25A37",0.52324096232279,0.0379834242281719,4.30562785780112,0.0313878440359661,0.64476759283303
"SLC25A38",2.02677167373396,0.249798820221127,4.94927488313604,0.0494335765036123,0.73902882368216
"SLC25A39",4.20793941967887,0.123673118049778,2.20473039858496,0.0156544148477186,0.323292651259413
"SLC25A4",0.673746065016676,0.0727221589897863,4.68856438946949,0.0382017413384542,0.711763178395222
"SLC25A40",2.84595049233375,0.400283161739106,5.79005063055045,0.0600474381060278,0.805764736432096
"SLC25A43",2.62731591404129,0.386402509285851,5.73785616877081,0.0596362881928842,0.810179174240457
"SLC25A44",2.75790191578607,0.513489907312619,6.43018888646702,0.0675980337311074,0.871202285120748
"SLC25A46",8.2072136489704,0.534751617398321,7.21248542218268,0.0614789833422629,0.689690989353415
"SLC25A5",1.81071770522354,0.0154485721906761,0.905430588606537,0.0104144034214603,0.101012723967801
"SLC25A51",10.0453707651721,0.795491957429182,11.9261744445631,0.0758723521631333,0.870682939496235
"SLC25A53",1.68762243042291,0.479350584750227,6.23053602098334,0.0678665021482373,0.908335497273435
"SLC25A6",6.88101109473101,0.0437738776410369,0.0613203970561013,0.0125704017280708,0.0197351337314983
"SLC26A11",1.1974735457921,0.217884100656489,5.3073718098832,0.0519975614130268,0.81069851986497
"SLC26A2",0.494955844720463,0.100802964346108,5.37391222156263,0.0475021956368305,0.825499870163594
"SLC27A3",1.04300926386479,0.125980127435369,4.73968613581907,0.0419181321423971,0.723448454946767
"SLC27A5",1.21891341541232,0.202438536226243,5.21221479057341,0.0503445108832371,0.795377823941833
"SLC29A1",0.7842455158899,0.0412879878883153,3.69816087425688,0.0245370462917461,0.547649961049078
"SLC2A11",0.965438399809741,0.217317360956642,5.49562971446546,0.0539410685551833,0.843936639833809
"SLC2A13",0.636823009018172,0.248043692536373,5.87275964887021,0.0590550718412248,0.909633861334718
"SLC2A3",0.277064522348811,0.00600672112608758,3.78959200961992,0.0224331286668105,0.55206439885744
"SLC2A4RG",1.18653685378404,0.139074120326708,4.69591413861665,0.0421546925391762,0.716177616203583
"SLC2A8",1.93045662368779,0.272849285608157,5.19611719374539,0.0525418157970898,0.774344326149052
"SLC30A1",1.23183320049923,0.231937364833715,5.40306409986363,0.0533419390516229,0.822903142041028
"SLC30A5",2.69164005103838,0.227531855298244,4.36550630932621,0.0427576093772112,0.643469228771748
"SLC30A6",3.19213934459761,0.506831232308012,6.42061663333215,0.0664222086033601,0.848610750454427
"SLC30A7",3.51029773361744,0.338625246104411,5.12735068184635,0.0524276300424861,0.708387431835887
"SLC30A9",3.41670528045561,0.264891295431086,4.38871858824383,0.0440982405042756,0.627369514411841
"SLC31A1",1.32848399111783,0.12745279606052,4.51167290153093,0.0393166217818709,0.683199169047001
"SLC33A1",1.34226801557565,0.238536424641178,5.32175502473612,0.0528834270610629,0.809400155803687
"SLC35A1",1.57980715211431,0.513678961400951,6.31994010310277,0.0697716023622333,0.923396520384316
"SLC35A2",6.54278065342568,0.59580032299832,7.78684738347071,0.067732147972253,0.794339132692807
"SLC35A3",1.28103968319603,0.167076581980666,4.85482105718019,0.045212792888906,0.7405868605557
"SLC35A4",7.94195672546186,0.51745816802104,6.99469404354732,0.0604612669754773,0.686055569981823
"SLC35A5",2.95099357917903,0.446606070191547,6.04178638097758,0.0630023056006409,0.826019215788107
"SLC35B1",3.51252424347513,0.271041189040498,4.55599238441511,0.0452054730165218,0.642430537522721
"SLC35B2",1.98432340147019,0.146094226504954,3.93078566665842,0.0346562016855246,0.593092703193976
"SLC35B3",1.98822411723679,0.248444204585652,4.98559622510389,0.0496593029882243,0.744481952739548
"SLC35B4",1.45333227910008,0.305126546959639,5.62586473357986,0.0579660160519623,0.847572059205401
"SLC35C1",1.59981303833986,0.39442460620009,5.95821829191703,0.0634201133794475,0.882627888860036
"SLC35C2",9.99947002625468,0.539091181800999,7.58493316641096,0.0601266027774079,0.648143339392366
"SLC35D1",1.59643090059234,0.483653181365339,6.23238400372069,0.0682603350227948,0.913528953518567
"SLC35E1",3.01455656294356,0.371600846083958,5.5335906097231,0.0571477593683495,0.771747598026487
"SLC35E2B",1.272325194276,0.138229486705386,4.54516634767214,0.0406206073001777,0.69306673591275
"SLC35E3",2.32925705287041,0.323433598241254,5.38414945792035,0.0554313153461228,0.783173201765775
"SLC35F5",2.24580186076192,0.223694642500907,4.59234269013518,0.0449210005080048,0.68475720592054
"SLC35F6",1.52176650480177,0.198663613074613,4.91313963453797,0.0471573015002206,0.745520643988574
"SLC36A4",2.02115188548755,0.414154104109258,5.978855140845,0.0633567786989531,0.864450792002077
"SLC37A1",1.34593190195575,0.293235180101197,5.59825918833014,0.0575092648212205,0.848351077642171
"SLC37A3",0.928874937118338,0.192558358079448,5.38819650159736,0.0518814059558217,0.828096598286159
"SLC37A4",9.39200986408841,0.736294755029094,10.6613958515298,0.0735465749665698,0.836925473902882
"SLC38A10",2.48001238409591,0.15434203492396,3.52326115165188,0.0313150607999547,0.531030901064659
"SLC38A2",0.902400169499181,0.0293200231306787,2.77243345567087,0.0127467465696603,0.398078421189301
"SLC38A6",0.836126502300018,0.12328251407496,5.08714168494559,0.0453265502235826,0.777460399896131
"SLC38A7",1.18761518405406,0.31319865504717,5.77670340370162,0.0599126694979473,0.877953778239418
"SLC38A9",1.43287050780668,0.355371910016513,5.82431234190164,0.0614762291047117,0.874578031680083
"SLC39A1",4.73122523273008,0.194633534014394,2.85007084972523,0.0269792991379594,0.409763697740847
"SLC39A10",0.76487618459993,0.108311404179498,4.96590618163241,0.043393216545274,0.759542975850429
"SLC39A11",0.736663075521864,0.0919620176085304,4.87007286220966,0.0413464144891414,0.742144897429239
"SLC39A13",0.942035667272733,0.0912839764093091,4.45418572077797,0.036789138970988,0.676188003116074
"SLC39A14",0.261950113983054,0.0738043574396413,5.70544283255626,0.049886496921145,0.877174759802649
"SLC39A3",2.35586756324502,0.437313940015641,6.04524584853116,0.0638846612092498,0.855102570760841
"SLC39A6",0.27845472064079,0.00512837738393259,3.54354280625816,0.0193364832144727,0.511815112957673
"SLC39A7",1.68312010239608,0.0930899744291636,3.34325134984906,0.0250999796457098,0.50298623734095
"SLC39A8",0.203356948172279,0.0135059838062881,4.9093446242815,0.0368820715292473,0.737990132433134
"SLC39A9",2.7652878503704,0.312281636160904,5.11710675422593,0.0524409805549009,0.735393404310569
"SLC3A2",1.63453530519824,0.0614845020352105,2.67483066592563,0.0151263259089916,0.394183329005453
"SLC41A2",1.03047448180454,0.247955496339774,5.60929736395562,0.0561393675025776,0.85899766294469
"SLC41A3",2.13539855206539,0.219179117668598,4.59593780983573,0.0448904315054651,0.688392625292132
"SLC43A3",0.759798344402909,0.0730794601990542,4.59706583278543,0.0370759365136699,0.695663464035316
"SLC44A1",1.04826012483659,0.0404226500682251,3.0088959623728,0.0166014292694756,0.438847052713581
"SLC44A2",0.896410998201832,0.061434431265213,3.89899417745863,0.0286129832905174,0.585302518826279
"SLC4A1AP",5.88027413041732,0.54460697128116,7.0257475550999,0.0649336445142547,0.771228252401974
"SLC4A2",1.96599123719741,0.231678495408307,4.83818986703703,0.0477165254207422,0.72552583744482
"SLC4A7",0.532628383062026,0.0246698336469215,3.7839162774245,0.0240797012829863,0.556998182290314
"SLC50A1",2.84744553923522,0.196505935682743,3.99022923031247,0.0375741360121151,0.588158919761101
"SLC52A2",2.87195668751073,0.207440505972547,4.1003076246172,0.0391322455910722,0.602700597247468
"SLC5A3",0.244300759483586,0.0371684134732076,5.33531169534063,0.0435819573036115,0.812256556738509
"SLC5A6",0.823407854321439,0.204941424708727,5.57206442958849,0.0542357475900746,0.857958971695663
"SLC7A5",0.305161311651453,0.0509518085926643,5.33541940014323,0.0443662348959202,0.814074266424305
"SLC7A6",0.663735378069814,0.120189146361659,5.25039014136567,0.0470954859711759,0.806024409244352
"SLC7A6OS",5.8955523578048,0.629434305150432,7.95791411736236,0.0703623994254034,0.832770708906778
"SLC8B1",1.98918414455698,0.327236869895646,5.53294914023725,0.0572158926235945,0.814593612048819
"SLC9A3R1",0.332067978000476,0.00953053305605138,3.77005626395027,0.0225178948324097,0.549987016359387
"SLC9A6",22.4702807545503,0.945221189016775,24.4691830990392,0.0736230311926718,0.930927031939756
"SLCO3A1",0.385401532717388,0.0930260171454985,5.55088935300109,0.0490702550655401,0.853544533887302
"SLF1",0.6303717553938,0.160204220015474,5.54636105536675,0.0521731686363273,0.855881589197611
"SLF2",1.78131214315593,0.252458601101612,5.117966231275,0.0512485043736598,0.768891197091665
"SLFN5",0.689343982500201,0.0559455225973594,4.28375135661858,0.03250658996896,0.645027265645287
"SLIRP",4.6068198726594,0.0891132453830299,1.16902695501033,0.00308557270577082,0.179693586081537
"SLK",1.758957817717,0.186935517518998,4.58589443600313,0.0434028894895406,0.69384575434952
"SLMAP",1.60074364467985,0.156458279343348,4.38064561933694,0.039927188512323,0.665801090625811
"SLTM",4.07157644724152,0.165492749588656,2.70799850395155,0.0240463752717343,0.399896130875097
"SLU7",3.53584789637304,0.294616076397806,4.63956843883278,0.0472529235093108,0.653596468449753
"SLX4IP",1.67880722340009,0.430931019846728,6.05257630738019,0.065220396117884,0.88989872760322
"SMAD2",12.0069272745917,0.530231321378187,7.59726137991403,0.057451941352474,0.581147753830174
"SMAD3",0.781762843848702,0.120731426002224,5.05475829950774,0.0450344548608885,0.774603998961309
"SMAD4",3.77576785314534,0.421003374550541,5.76831305291922,0.0590768446689884,0.762399376785251
"SMAD5",1.61858527669809,0.122153774746133,3.9135585974103,0.0331389764098998,0.593352376006232
"SMAP1",1.14148034195566,0.0513627091947526,3.0169140774737,0.0179687438150698,0.445598545832251
"SMAP2",0.768622968823225,0.0655597200178491,4.42449988791321,0.0346511228373236,0.667359127499351
"SMARCA2",1.40902850816779,0.077542217144735,3.32503797521902,0.0237070482883468,0.499091145157102
"SMARCA4",2.59875444015355,0.186276528378634,4.00105718433995,0.0373186969519562,0.594650740067515
"SMARCA5",3.65823964234016,0.192292043692186,3.27945868702685,0.0310968161175202,0.482731757984939
"SMARCAD1",2.24059859999183,0.338554398865356,5.47892979554099,0.0569391017375597,0.798493897688912
"SMARCAL1",4.67095255920639,0.632281190588365,7.58937567140539,0.071658525832603,0.864191119189821
"SMARCB1",4.71156471288439,0.186614484329225,2.80441721653005,0.0259178242678027,0.403012204622176
"SMARCC1",2.47648255195565,0.19121273033622,4.12581273424369,0.0388430265360378,0.61464554661127
"SMARCC2",2.23118136721195,0.134526583659168,3.38059305180643,0.0287574433270628,0.512594131394443
"SMARCD1",2.12621419084759,0.25699249645787,4.95875681124999,0.0496991634230695,0.737211113996365
"SMARCD2",3.45697608926468,0.366549212849577,5.44604219121324,0.0555261475440901,0.743702934302778
"SMARCE1",3.43579001168678,0.158677389808471,2.90286052207906,0.025616705856142,0.434172942092963
"SMC1A",1.54002982990819,0.102101601913803,3.72414167333439,0.0297274415194857,0.562191638535445
"SMC2",0.577979158291483,0.0943150980154045,5.19764233117647,0.0451226306190791,0.795377823941833
"SMC3",1.87231920354804,0.136189375150144,3.82273323569237,0.0331502448572923,0.579330044144378
"SMC4",0.366455673633993,0.040440356950105,4.94982461261783,0.0391519500203334,0.749415736172423
"SMC5",1.89200640717991,0.184776095408863,4.41650163026871,0.0417107950550153,0.667878473123864
"SMC6",1.18221487982225,0.161607454433289,4.91433233141611,0.0455645601493513,0.750714100233706
"SMCHD1",2.2349038825162,0.125459068272122,3.26375448807133,0.026881747881121,0.493897688911971
"SMCO4",0.693811676743693,0.0389826267269491,4.02143418609717,0.027965294440395,0.59724746819008
"SMDT1",3.83224219101733,0.0641620699585901,0.930625034100277,0.00218243455118039,0.140482991430797
"SMG1",3.07996423700817,0.155795779490323,3.08441670275716,0.0271794796961429,0.462996624253441
"SMG5",2.59429629390868,0.293212946227513,5.05662845488688,0.0513659477359611,0.733835367437029
"SMG6",1.52305374026294,0.230372798907032,5.11778515537194,0.0505831892797833,0.776162035834848
"SMG7",7.33913065886514,0.522639458118255,6.97178489694259,0.0615444560079782,0.707608413399117
"SMG9",6.7431249933952,0.638369242018588,8.28082430508142,0.0700942366921007,0.815632303297845
"SMIM10L1",4.4511138873358,0.327083864075456,4.76048484834715,0.0481737772427555,0.635419371591794
"SMIM12",8.44300777022017,0.422735655671831,5.56486870794075,0.0507153121885512,0.56712542196832
"SMIM13",0.451741538156674,0.2291738198704,5.97139113338336,0.0594483411570166,0.928849649441703
"SMIM14",0.603245871893844,0.0149831563328698,2.90725444052506,0.0126193818096394,0.412360425863412
"SMIM15",7.41710095005256,0.314429735576708,3.99732886043944,0.0392018930594821,0.469748117372111
"SMIM19",4.6217980806432,0.213414916463591,3.11292883708826,0.0305153510281852,0.445338873019995
"SMIM20",7.50307362695994,0.358842098563805,4.69155126988555,0.0449757425575656,0.528174500129836
"SMIM3",0.577830819688398,0.0279520050555919,3.83903121426488,0.0249866422322203,0.56634640353155
"SMIM4",2.45227687898475,0.152251107042061,3.73233655299958,0.0327034572958427,0.556478836665801
"SMIM7",6.54068598502827,0.443841900712317,5.83732064184276,0.0556222964285936,0.655154505323293
"SMIM8",4.98985211060379,0.568997773137366,7.13143012632949,0.0676661428180837,0.81822903142041
"SMNDC1",10.7417226822282,0.526504185234842,7.38336452311913,0.0582329325088454,0.609971435990652
"SMOX",0.399743898626652,0.162742910138594,5.86451104856983,0.055665931793553,0.909114515710205
"SMPD1",1.30291353097635,0.142502880057691,4.58169103368501,0.0411727013492681,0.698000519345624
"SMS",1.60623664010431,0.0511811414601559,2.56953874123617,0.0127358343936716,0.372890158400415
"SMU1",4.43964964578519,0.340508670984285,4.89366228415123,0.0496590733279967,0.649701376265905
"SMUG1",3.52739628335273,0.409716394386959,5.75948403552761,0.0589457904814983,0.772266943651
"SMURF1",2.0562265393009,0.437667671811312,6.05629828592366,0.064632518628031,0.871202285120748
"SMURF2",1.19574175282276,0.245700842006996,5.45915966959254,0.0545832663534061,0.833290054531291
"SMYD2",1.72876056960173,0.213222732201167,4.94538435496735,0.047784754566366,0.743962607115035
"SMYD3",0.675655267592696,0.102418141749118,5.05586121552235,0.0440609699245722,0.773824980524539
"SMYD4",0.872602776770504,0.208652165381268,5.51848591708571,0.0539082016802748,0.849649441703454
"SNAP23",3.67410363043528,0.18758197728698,3.26119483725775,0.0304984495050076,0.478836665801091
"SNAP29",5.07190328806354,0.272272777792063,3.97907898678703,0.039419239324379,0.532329265125941
"SNAP47",1.59853985324368,0.211016250859898,4.9040792479206,0.0477235177441115,0.743962607115035
"SNAPC1",0.591666836373758,0.128248841752151,5.40384843503278,0.0492003364225508,0.831991690470008
"SNAPC2",2.9408660114368,0.262943671068753,4.60929765767063,0.0461813935635883,0.667878473123864
"SNAPC3",2.66670105947909,0.364570023236178,5.53323406312875,0.0575648720781061,0.786808621137367
"SNAPC5",15.3939929810275,0.671319246739542,11.6284330964674,0.066514711625879,0.675149311867048
"SNAPIN",11.9840219600704,0.449509055975967,6.05322980717958,0.0494019485875179,0.491300960789405
"SND1",4.68937610355441,0.203469324792912,3.1310269671197,0.0295472450987527,0.443001817709686
"SNF8",5.62104538983918,0.364746403033009,5.0443461789127,0.0496481722371176,0.621656712542197
"SNHG12",1.37256943467281,0.121069272477969,4.26189360775512,0.0365610049982698,0.646585302518826
"SNHG15",1.5117434112437,0.128472511035176,4.21184854393726,0.036442515905538,0.63801609971436
"SNHG19",0.487381542695415,0.148467616134315,5.68509533227099,0.0531365191282272,0.878732796676188
"SNHG7",1.0767542655115,0.0489138360643635,3.21691937654828,0.019821560897868,0.474422227992729
"SNHG8",1.82548605765487,0.0281084599481915,1.30480159461627,0.00389746552528368,0.171384056089327
"SNHG9",0.806184381945309,0.0669390145295463,4.29248176306045,0.0333537524249428,0.647623993767853
"SNN",0.652302963978778,0.206223838574151,5.73660747223216,0.0560301200213863,0.886782653856141
"SNRK",0.489891205085776,0.0593015931003014,4.87768656527854,0.0395559701031785,0.741106206180213
"SNRNP200",3.5524731087651,0.181010993894907,3.12891099390549,0.02922323491464,0.465074006751493
"SNRNP25",1.58508524895007,0.110835549530935,3.94628043288209,0.032413914308908,0.594131394443002
"SNRNP27",6.45256785746621,0.395093611482768,5.21202590448977,0.0508408186668541,0.60711503505583
"SNRNP35",2.36159372312942,0.300887993183915,5.17252967652819,0.0529993563509708,0.756946247727863
"SNRNP40",4.99339074398319,0.318685803642905,4.50705736415319,0.045487926307012,0.59127499350818
"SNRNP48",1.46419719903358,0.273288451427358,5.44303215628045,0.0552370945900548,0.822903142041028
"SNRNP70",3.30152884655684,0.0971398471191199,1.74298419833737,0.00972561021901885,0.267982342248767
"SNRPA",3.30472977644949,0.162087108979474,3.06353260782799,0.0272952588432277,0.457283822383796
"SNRPA1",0.735504730462033,0.0464440178278892,3.86821290927198,0.0270423078199236,0.577252661646326
"SNRPB",2.12511391462843,0.0620841088475422,2.11796268738234,0.00928754920481614,0.310049337834329
"SNRPB2",3.50839318802222,0.141607377390437,2.6370483307749,0.0217758219983914,0.394702674629966
"SNRPC",5.58479500210873,0.188361297060879,2.41189872844596,0.0226193896740162,0.343547130615425
"SNRPD1",2.4005496856999,0.0711347485872024,2.07728936165486,0.00989691005356495,0.30693326408725
"SNRPD2",4.53973435054268,0.0410112427390954,0.284319225095908,0.0115683727090289,0.0415476499610491
"SNRPD3",3.99498539022873,0.0992142161060883,1.53421606880923,0.00773794672038923,0.235003895092184
"SNRPE",2.39125191038508,0.0757782931730554,2.15315552070766,0.0112334743595393,0.320176577512334
"SNRPF",2.97065384456628,0.0726120814792586,1.60833122594237,0.00541754039752685,0.239418332900545
"SNRPG",3.40387846762388,0.0572325144419566,1.05131580861757,0.0020705146300461,0.153206959231368
"SNRPN",0.948737481855257,0.0966781481600259,4.46715631022162,0.0373633177880354,0.679823422487666
"SNTB2",0.620492766403883,0.0734897674968557,4.816803504463,0.0397021031047348,0.732537003375747
"SNU13",6.35552130046027,0.114811664849312,0.887829850051796,0.00368958062315516,0.145936120488185
"SNUPN",4.90827045301222,0.44680146543661,5.99611953757179,0.0590025423630124,0.733835367437029
"SNW1",7.49648173445401,0.370961584585783,4.69293149596623,0.0459008614791184,0.528434172942093
"SNX1",2.69297545754952,0.128660151762925,2.97039131071625,0.0241033663468892,0.447416255518047
"SNX10",0.215812352827172,0.0094456421284913,4.60947223903007,0.0328692828156279,0.687613606855362
"SNX11",2.05236357449054,0.387890494626268,5.8430431865707,0.0615101072877779,0.848091404829914
"SNX12",6.76544240693695,0.524020995453445,7.028756220067,0.0625426966813797,0.735393404310569
"SNX13",5.62276583573996,0.469269310640997,6.18206829573007,0.0595051141460116,0.719034017138406
"SNX14",2.00434974079918,0.195603674351952,4.47944577839967,0.0426981650366041,0.674110620618021
"SNX16",0.597288438596293,0.256852429688808,5.90616559735478,0.0598073592353876,0.916645027265645
"SNX17",8.32301230221417,0.234766045333718,2.49484206909873,0.0246692253892774,0.30771228252402
"SNX18",1.51205988551407,0.191405235837677,4.88259277560598,0.0464725943082685,0.7405868605557
"SNX19",3.01272445968642,0.328513498053858,5.15019334267984,0.0530158778984061,0.730199948065438
"SNX2",2.06719625375848,0.105198179583469,3.27870222832525,0.0251357939325635,0.490781615164892
"SNX27",4.99792015056801,0.398326457030982,5.50199833692151,0.0545015874709722,0.686834588418593
"SNX3",4.19338676417176,0.0564482870417064,0.680133231319095,0.00562779898820023,0.102311088029083
"SNX4",4.61517471679906,0.398543812135661,5.52787554217128,0.0553275098511236,0.704492339652038
"SNX5",5.96816198039043,0.246135003486478,3.41900568881857,0.0330396568969781,0.448454946767073
"SNX6",3.57339996116829,0.105737599395608,2.03384075560074,0.0128786407361943,0.304596208776941
"SNX8",1.18689135927837,0.15738348110478,4.98107746723917,0.0457710280289417,0.757984938976889
"SNX9",1.48557707742866,0.0642479941323826,2.86271164586054,0.0175343972901251,0.425084393663983
"SOAT1",0.668268096586863,0.0798603078228533,4.86408504302277,0.0405395790007807,0.73980784211893
"SOCS1",0.300557211036015,0.02245898422312,4.7236289881517,0.0352171733207422,0.709166450272656
"SOCS3",0.376769241206706,0.0122270821814703,3.7524571638809,0.0225465252542449,0.547909633861335
"SOCS4",1.74322057043802,0.339463599198524,5.6584546687649,0.0590964538936811,0.840560893274474
"SOCS6",1.46226019235207,0.254624449724079,5.34001626936941,0.0535852444256266,0.808621137366918
"SOD1",2.42041924774492,0.0257147413305806,0.71823030711233,0.0104128327704815,0.0846533367956375
"SON",4.37170072985943,0.0614109524261677,0.479763952156516,0.00652588519812166,0.0804985717995326
"SORBS3",1.11425945790679,0.0406981718882588,2.84667087878653,0.0148263563159364,0.413918462736951
"SORL1",0.381256131980696,0.0320897008915307,4.7036138028605,0.0356372330097941,0.707608413399117
"SOS1",1.9853083879368,0.281098590943685,5.22612827343135,0.0530553947693426,0.776421708647105
"SOS2",1.50856401312496,0.261992539656304,5.35105900817077,0.0539435651596893,0.808880810179174
"SOX4",0.556799793227771,0.0111617503140415,2.80506306356312,0.0109264684685468,0.393923656193197
"SP1",2.33025912228381,0.249174349273811,4.78629737358058,0.0476691094585042,0.708387431835887
"SP100",3.93798127635475,0.125221612019611,1.93661515163179,0.0142244088491124,0.297065697221501
"SP110",1.1428450578096,0.22975742993646,5.43068949082991,0.0536645528515089,0.829914307971955
"SP140L",2.08174660305792,0.281458909846391,5.20954315890942,0.0527332598090964,0.770449233965204
"SP2",4.27708596964631,0.5283336324134,6.67094448102373,0.0660177878708502,0.816930667359127
"SP3",3.52728493380312,0.265948224606446,4.28048818932485,0.0433825691715642,0.612308491300961
"SPAG16",1.11640982446255,0.110534808188743,4.43069831834642,0.0377755084011832,0.674110620618021
"SPAG7",9.74202283773943,0.402050086650391,5.1297123989194,0.0464256884705554,0.494417034536484
"SPAG9",2.12356856217311,0.121265470894829,3.39854427924991,0.0277375054724505,0.51207478576993
"SPAST",7.67987079232508,0.725289111742126,9.68502742137209,0.0740629919679243,0.854583225136328
"SPATA13",1.43381570400534,0.234195712928557,5.23410534654967,0.0518081028818468,0.794339132692807
"SPATA2",2.72747709249997,0.613665543288783,6.91258912705633,0.0728287619633863,0.912230589457284
"SPATA20",4.21831709864633,0.286864796371917,4.34725486329952,0.0438931801446805,0.598545832251363
"SPATA2L",1.14604467869397,0.335294507185462,5.85051156191774,0.0614537598048942,0.890158400415476
"SPATA33",1.41511938612837,0.249381042345009,5.33523055247007,0.0533880081122481,0.809400155803687
"SPATA5L1",1.09536362692988,0.395238107910962,6.03634956459928,0.065103742636106,0.916904700077902
"SPATC1L",1.6135511740658,0.326283709826926,5.65054877481821,0.0587336039009442,0.844715658270579
"SPATS2",1.77088805259542,0.175451413066374,4.5310375195737,0.04210714393565,0.683718514671514
"SPATS2L",0.69389729485354,0.0505132929863454,4.21629685176564,0.0312497144032693,0.632303297844716
"SPCS1",3.92798544081891,0.0578772100167471,0.64705546453888,0.00562560958486255,0.0999740327187743
"SPCS2",3.41243167587906,0.0984571177199975,1.83080388816049,0.0104964431920628,0.278109581926772
"SPCS3",2.48739422421084,0.112412283004301,2.94906605081468,0.0224618761561935,0.44196312646066
"SPDL1",0.421506145659344,0.220591506807607,5.97946148173671,0.0592165809346504,0.930407686315243
"SPEN",2.73957687052683,0.219801348683917,4.18335316140856,0.0409436854575803,0.619579330044144
"SPG11",2.74035461777357,0.243384142427395,4.48277384845154,0.0445243886956722,0.658010906258115
"SPG21",4.40095663412718,0.137666998857974,2.33027307968442,0.0179550434630212,0.340171384056089
"SPG7",3.72908448668127,0.232313451153094,3.73824721084865,0.0373237910860346,0.541417813554921
"SPHK1",0.30666581516518,0.0372633166167306,5.15252088539863,0.0413354364467025,0.781615164892236
"SPHK2",44.1337803238191,0.937807256456731,40.7987152081473,0.0628996357102228,0.852765515450532
"SPIDR",2.43814478658546,0.265088012895355,4.8260662261848,0.0487055649833942,0.711243832770709
"SPIN1",2.37731540101065,0.191752636547127,4.11586439429954,0.0390502226505135,0.616982601921579
"SPIN2B",1.69391572007685,0.383800732058801,5.87568977796886,0.0623522251033653,0.868865229810439
"SPNS1",6.61339225739246,0.385739074046361,5.19800664997608,0.0498972738795158,0.600363541937159
"SPON2",0.115208392760185,0.00359787002531684,4.91727081640973,0.0363631558376718,0.737990132433134
"SPOP",2.97758349389228,0.175258785611427,3.44493405136332,0.0317978915715663,0.514931186704752
"SPOPL",2.13769677676743,0.334453085504255,5.48485080221271,0.0570013439440247,0.803427681121787
"SPPL2A",3.35220924540436,0.168790417529062,3.21729369673118,0.0289351871422784,0.476239937678525
"SPPL2B",1.44812652881737,0.263904137275781,5.39749528445536,0.0544955869296436,0.817190340171384
"SPPL3",3.82344506854567,0.429571022072104,5.85234240182902,0.0597141583362633,0.768112178654895
"SPR",0.581220483894291,0.0484627700450002,4.47239735967891,0.0340601920546475,0.673071929368995
"SPRED2",0.775874365376819,0.1697961147318,5.42325168573824,0.0512837193628149,0.835107764217086
"SPRTN",1.84489595345496,0.425046404126833,6.01520236817433,0.0644189545225758,0.877434432614905
"SPRY1",0.166080226914075,0.003322649451088,4.23999224556111,0.0278657095630373,0.626071150350558
"SPRYD3",1.25876901537027,0.147026894803127,4.64277658524099,0.0421379419164982,0.7089067774604
"SPRYD4",2.72738263546876,0.462300319922889,6.17171673249548,0.0646294955054092,0.849130096078941
"SPRYD7",3.43862562113995,0.400473939732324,5.6818571349388,0.058361700237257,0.768631524279408
"SPSB1",0.247077979501367,0.0675895000031763,5.69276625499789,0.0494407650222963,0.874578031680083
"SPSB3",2.75762260161128,0.106265701593386,2.34941149020405,0.0164548541812488,0.357569462477279
"SPTAN1",1.31487988573531,0.0490588696096668,2.73968702883849,0.0145637694456702,0.400675149311867
"SPTBN1",0.503762584300242,0.0107924086281762,2.82983770733376,0.0112347867361071,0.398338094001558
"SPTLC1",2.44509359992358,0.272523361316775,4.9226871600041,0.0497064500244021,0.722669436509997
"SPTLC2",1.0620927420428,0.0854840913153948,4.13111063749245,0.0329086837015081,0.624772786289275
"SPTSSA",1.75708519173067,0.0781897305623973,2.88786854769491,0.0190916419083472,0.431576213970397
"SPTY2D1",3.15228561456284,0.351331225825222,5.33156021503351,0.0548534821226333,0.744481952739548
"SQLE",0.746896488572016,0.129840381196764,5.21649384912465,0.0471744138018861,0.800311607374708
"SQSTM1",2.04985657646249,0.0242737408977187,0.858091816105531,0.00925521657565029,0.103090106465853
"SRA1",3.78055789461299,0.17723956145118,3.1755231710324,0.0287522975032223,0.463256297065697
"SRBD1",2.08076175100862,0.384572840708217,5.79641240690736,0.0610924175640986,0.841859257335757
"SRD5A1",1.05381519208083,0.237998633158443,5.54698796971682,0.0551422494115593,0.849130096078941
"SRD5A3",2.15360434954321,0.183462922184397,4.35271895612213,0.0405126945764533,0.650480394702675
"SREBF1",0.399567877062427,0.0247725588266154,4.32009060276306,0.0305217758506079,0.643988574396261
"SREBF2",1.29188410890276,0.14530205792494,4.63832321814376,0.0418763254176369,0.706569722150091
"SREK1",2.89729601476906,0.16880365359625,3.43098775105272,0.0312363192652616,0.513373149831213
"SREK1IP1",9.9937102756018,0.473750497550043,6.30855501691242,0.0538367572461106,0.56712542196832
"SRF",2.13100813230191,0.378997438378032,5.77243632345182,0.060593250816616,0.836665801090626
"SRFBP1",2.38531032881339,0.310415447510617,5.24757142692386,0.0538813266455751,0.764996104907816
"SRGAP2",0.981881770342894,0.176589271209984,5.29947060543778,0.0500943555934941,0.81147753830174
"SRGN",0.193732858534264,0.00164184399342451,3.77338497694732,0.0218652196825543,0.548428979485848
"SRI",2.93176197038305,0.0607467364758916,1.27950850757062,0.000740119021255918,0.18852246169826
"SRM",1.21355515103653,0.113309417983365,4.45632266352852,0.037974567491848,0.675149311867048
"SRP14",5.46001201222963,0.0274962941564747,0.0439809389958094,0.0157091196106131,0.00441443780836146
"SRP19",5.58356113557393,0.666905412632795,8.23189627987665,0.0726825393368876,0.863412100753051
"SRP54",4.98916231166031,0.326148206599172,4.55601797169887,0.046242949537238,0.596728122565567
"SRP68",6.81650749849494,0.481132707938834,6.36504035314373,0.058708639308021,0.685016878732797
"SRP72",4.81479384481268,0.210240130464479,3.21414300179403,0.0304665544645505,0.450272656452869
"SRP9",2.90252695943571,0.0395632632551777,0.846493078163101,0.00672306948297799,0.114256037392885
"SRPK1",1.81887108342199,0.163967787349211,4.32021411021398,0.0395327915777995,0.652817450012984
"SRPK2",1.84410839505546,0.110840444295233,3.53686227061181,0.0283616684810049,0.532848610750454
"SRPRA",2.48030586967487,0.136332879154037,3.22282042567024,0.027247990665653,0.4871461957933
"SRPRB",1.88122696251473,0.176591556924649,4.44027153279517,0.0412617758777378,0.66891716437289
"SRRM1",5.71712297689731,0.126995410684516,1.28222782645108,0.00829807520134244,0.199948065437549
"SRRM2",3.68626184430531,0.0752304383748528,1.09540879106185,0.000975222531021125,0.169566346403532
"SRRT",2.24924216060923,0.16452133197517,3.91219294473384,0.0355801834328811,0.588678265385614
"SRSF1",3.05627576311626,0.12028771990004,2.47221194725559,0.0187341771393796,0.374448195273955
"SRSF10",3.25341523249803,0.0999211526262506,1.91499789040459,0.0115310896541839,0.291612568164113
"SRSF11",3.94346703656551,0.0856378306156307,1.15648422997077,0.002883358984527,0.18177096857959
"SRSF2",3.35481836986203,0.0755033834453646,1.36937579378275,0.00351107944853199,0.206959231368476
"SRSF3",3.94255533993003,0.0784683152239667,1.08741496767298,0.00126201585596403,0.168787327966762
"SRSF4",4.21156828640559,0.149354786473263,2.20584248466307,0.0187136370750797,0.334198909374189
"SRSF5",2.47926804188483,0.0360789159377206,0.77357587937158,0.00798100740549355,0.102051415216827
"SRSF6",2.69623059343224,0.182184380745837,3.76889734121286,0.0351920528628169,0.563230329784472
"SRSF7",2.42673482183362,0.0555459906347933,1.47202698347756,0.0019944940595125,0.214230070111659
"SRSF8",2.21088192564211,0.166168417324168,3.98337063989686,0.0363254358453089,0.599065177875876
"SRSF9",7.15288910534158,0.239423285743735,2.89914334984998,0.028315523362576,0.36951441184108
"SS18",3.31404604940369,0.257137651584683,4.29633236742069,0.0432443844816754,0.619839002856401
"SS18L2",4.08576011847063,0.22097490534549,3.54412444566746,0.0345643967994211,0.507400675149312
"SSB",3.98788193296009,0.126080271786898,2.1483468653927,0.015803757450639,0.321474941573617
"SSBP1",5.96466254541832,0.148586734369356,1.54158946958058,0.0124802946019133,0.233186185406388
"SSBP2",0.902938490203863,0.0839337033532236,4.33053307607129,0.0350651722685238,0.657231887821345
"SSBP3",1.30220739081292,0.195388463858711,5.06605291462306,0.0486286987219952,0.772526616463256
"SSBP4",2.97244899725794,0.27924984846139,4.71278950476338,0.0477974818157063,0.680342768112179
"SSH1",1.59947571584943,0.259315074368883,5.32894731410866,0.0534012528203433,0.801869644248247
"SSH2",1.690941481248,0.166597567190934,4.45331646647745,0.0410555176430537,0.674629966242534
"SSNA1",7.60629516518535,0.239059973596581,2.6298472363801,0.0265003025085052,0.334718254998702
"SSPN",0.228028384613562,0.0137472780120481,4.72703333327994,0.0346568752550767,0.70812775902363
"SSR1",4.74702822391246,0.146095358305902,2.18277689052903,0.017520802829888,0.320695923136848
"SSR2",4.40860180308898,0.0530859381350514,0.470915704574257,0.00796563785222867,0.0734874058686056
"SSR3",3.36325974121355,0.0622112331156292,1.2799236097988,0.000730023658301021,0.186445079200208
"SSR4",2.84748385557675,0.0225270389861161,0.412175372807264,0.0139980545038546,0.0397299402752532
"SSRP1",2.50996903639706,0.138348768100493,3.36563096360434,0.0284870042562419,0.504803947026746
"SSSCA1",4.30541726006059,0.297587382654176,4.43882006827789,0.0449469554498839,0.606076343806803
"SSU72",119.281664904408,0.775128891329085,57.0995583039208,0.0660394999210999,0.215788106985199
"ST13",5.18071309896242,0.063257605556022,0.481236432719435,0.00632670217309412,0.0799792261750195
"ST3GAL1",1.70310417864013,0.140203815045619,4.20382003637429,0.0369261830928252,0.634640353155025
"ST3GAL2",1.07749527537472,0.266363105880686,5.64817532281956,0.0571911001342262,0.863671773565308
"ST6GAL1",0.47340258733611,0.0691082608604678,5.12338861135447,0.0429087044316374,0.781355492079979
"ST6GALNAC4",1.56986296891049,0.230206282518658,5.12866619031713,0.0505087304067406,0.775383017398078
"ST7",1.34870051139542,0.413947591283921,6.04210991978886,0.0652647392406937,0.905219423526357
"ST7L",4.08276755552577,0.558367157747882,6.87314480067371,0.0681588213135435,0.8415995845235
"STAG1",2.60944069261457,0.266029649539982,4.73906300715693,0.0478782821141306,0.695144118410802
"STAG2",3.49683633347289,0.204755811740404,3.52892270391972,0.0340996995997185,0.518566606076344
"STAM",1.93529383251102,0.285983858752495,5.26872099479953,0.0537064726452163,0.783952220202545
"STAM2",3.74173224316012,0.448539117592831,5.99615861286771,0.0613258983453649,0.784990911451571
"STAMBP",3.60854386728054,0.268141648155418,4.33394222624826,0.0436533235332896,0.615424565048039
"STAP2",0.533283589164619,0.100107510256323,5.30940503776531,0.0467219522793382,0.814593612048819
"STARD10",0.210965015644736,0.0125452255320135,4.79191114430835,0.0353692448368649,0.718514671513892
"STARD3",3.33737805473253,0.20743907441969,3.77680828907857,0.0361588736126405,0.551545053232926
"STARD3NL",7.59244151021654,0.365214588506542,4.78919681219656,0.0456308275253214,0.533627629187224
"STARD4",0.230707469470021,0.156608229730751,6.0709189260443,0.057677568951176,0.94417034536484
"STARD7",3.73744304789869,0.200122665398055,3.47580246389118,0.0328993125019539,0.50454427421449
"STAT1",0.592338421623792,0.0162733280263096,3.09926630688157,0.0150411678950033,0.443521163334199
"STAT2",1.76413439205933,0.136508896374687,4.05027915142352,0.0352343513721488,0.611789145676448
"STAT3",3.02677383051968,0.0670915358583812,1.31538961105294,0.00198794711025681,0.197091664502727
"STAT5B",1.40658381530612,0.22429964432565,5.16819184891456,0.0508588654265548,0.786029602700597
"STAT6",3.12212866567282,0.183185579936598,3.55313862960186,0.0329840625654487,0.525837444819527
"STAU1",6.75092182985679,0.230901175714864,2.71821377954316,0.0271361707023573,0.359646844975331
"STAU2",2.24839441020639,0.418311956954348,5.92697807735465,0.0628263120011104,0.848351077642171
"STIM1",2.25476222983782,0.196872002994172,4.29593527241052,0.0409537807238994,0.643728901584004
"STIM2",1.07474541583218,0.167246351695324,5.08088534897647,0.04755111795681,0.777720072708387
"STIP1",2.28696202872516,0.174604980505328,4.0686093981998,0.0374876978442335,0.609452090366139
"STK10",0.705435694003182,0.0913814501327724,4.92925541015823,0.041956911080668,0.751493118670475
"STK11",2.68428831454792,0.374142252594906,5.60013810457535,0.0583152453381636,0.793300441443781
"STK11IP",1.79663571046787,0.468649434219408,6.1933291935734,0.0670498702228245,0.898727603219943
"STK16",3.91334967358724,0.27531636075909,4.34493698512895,0.0436211111927393,0.60711503505583
"STK17A",0.509250553071543,0.0432521696725302,4.50863530023524,0.0341563601417225,0.678525058426383
"STK17B",0.541299380490058,0.0331372262029511,4.11634672989732,0.0287470736915867,0.612827836925474
"STK19",3.15330200479235,0.31899585051719,5.03785327304067,0.0515910873493661,0.712022851207479
"STK24",2.98282055697135,0.286514597037429,4.84966097420453,0.0489621259763528,0.695403791223059
"STK25",6.68493612583931,0.330886218377218,4.30286034077529,0.0427450896781088,0.5188262788886
"STK3",2.26091833622709,0.274265801444573,5.00796204516433,0.0507412390325705,0.73980784211893
"STK32C",19.255341822689,0.87185707113792,19.43795457637,0.074051279091739,0.859517008569203
"STK38",2.01179281630469,0.23348834531675,4.87627918685298,0.0479520463984414,0.728382238379642
"STK38L",1.36818204208854,0.173704811453363,4.83615760372227,0.0452982882471138,0.736432095559595
"STK4",1.19654333821501,0.0945342586183814,4.08466383220626,0.0330116555480493,0.618021293170605
"STK40",1.53355147768213,0.284924354762655,5.4838661087366,0.0559084086243157,0.82575954297585
"STMN1",0.231675608845578,0.0071779995536577,4.16325503149622,0.0271994839252085,0.614126200986757
"STOM",0.750229549923806,0.0204850940904471,2.81370413266794,0.0121421896669665,0.399896130875097
"STOML2",3.55248331459349,0.13129658059621,2.40984359995959,0.0188852204047121,0.362503245910153
"STRADB",0.935511355057646,0.149390717371493,5.08700844290154,0.0468201309210577,0.780057128018696
"STRAP",2.06638894857494,0.0589567971696952,2.02781501050329,0.00804741042939831,0.296286678784731
"STRBP",0.668162319484241,0.184085808313479,5.6236836859806,0.05398153103248,0.868345884185926
"STRIP1",2.3244202060936,0.403027821009521,5.84991203432531,0.0616204994184437,0.836406128278369
"STRN",3.9435281910723,0.528629922987196,6.66691171258724,0.0666058876408173,0.832511036094521
"STRN3",3.13344103250419,0.456071340469624,6.09555211357533,0.0632444997053469,0.822383796416515
"STRN4",2.66889832645478,0.324524508055801,5.27098287440183,0.0541323120904472,0.756686574915606
"STT3A",1.73930678053123,0.144579398183049,4.12385434251302,0.0365920121593389,0.624772786289275
"STT3B",3.33930027434618,0.23849591295384,4.14983209750374,0.0409306711679645,0.599584523500389
"STUB1",2.98033654915346,0.113426389897014,2.4711539735879,0.0180042547361612,0.372370812775902
"STX10",11.1587259492239,0.410309331145897,5.17719932532009,0.0455151424498944,0.45702414957154
"STX12",2.87402694089631,0.151332188233254,3.24241397018484,0.0282145079380646,0.485328486107505
"STX16",3.66020977321254,0.292374385213781,4.57820132864084,0.0465351839092692,0.642430537522721
"STX17",1.90344533048884,0.200881061437904,4.56349480176598,0.0439194491536629,0.689171643728902
"STX18",8.85179872674691,0.628041550596453,8.80025253544171,0.0677584930649145,0.761101012723968
"STX2",0.864422390864819,0.218594759607393,5.59582516156448,0.0550097907860834,0.861075045442742
"STX3",1.28238110239512,0.228106787007713,5.30700698777548,0.0523503588019235,0.808621137366918
"STX4",2.1708642103777,0.141149732283087,3.71195060117799,0.0321005176177549,0.558296546351597
"STX5",4.05237286283492,0.27474631392558,4.18615788556788,0.0425177354651642,0.586081537263049
"STX6",2.62611759620585,0.345214156226243,5.44759678564909,0.0562215293988525,0.778499091145157
"STX7",2.76029915785023,0.170912223199261,3.77984852730799,0.0341122991866366,0.559075564788367
"STX8",16.6986013676425,0.620240176719283,10.691958707864,0.0621965491412505,0.595429758504285
"STXBP2",0.40524761694666,0.0366178920560196,4.76211245026142,0.0366280375477495,0.717735653077123
"STXBP3",2.22684560206136,0.31134199900923,5.30623207871483,0.0546217070873308,0.778239418332901
"STYX",5.4544715997712,0.5543018811707,7.09353249050918,0.0661821446286186,0.79485847831732
"STYXL1",6.51477155870561,0.504408118102262,6.71949445952223,0.0612464187954277,0.723448454946767
"SUB1",1.08839843314708,0.00679268144022072,0.791559428515966,0.0134808120330222,0.073227733056349
"SUCLA2",2.52019561272082,0.310328610529895,5.19423074212159,0.0532834828535536,0.753570501168528
"SUCLG1",5.34102180730841,0.225564424655146,3.20423234138068,0.031032109352453,0.439366398338094
"SUCLG2",5.71070138079139,0.321349926151538,4.33718972380886,0.0437277940631053,0.551804726045183
"SUCO",1.48856459916719,0.135977669461705,4.26160753045056,0.0375613686192683,0.647883666580109
"SUDS3",1.89046409839291,0.123123883178462,3.65631919749146,0.0305045913596675,0.552324071669696
"SUGP2",2.50781434472706,0.219197974234715,4.37181423468359,0.042585684059327,0.648922357829135
"SUGT1",8.38284525652755,0.362938571286997,4.55729792351844,0.0436151939240617,0.490521942352636
"SULF2",0.594078946924045,0.0407850554362676,4.2816752521249,0.0312242665465638,0.640353155024669
"SUMF1",1.61050301613085,0.127566370814207,4.02130977864137,0.0345534530408808,0.609711763178395
"SUMF2",2.71950703121138,0.126112411229081,2.91314999989471,0.0233335157574384,0.438587379901324
"SUMO1",9.24511565017811,0.179786786040966,1.18422712468292,0.0117955085432965,0.165671254219683
"SUMO2",12.1837893529848,0.0716089557977584,0.148991559806652,0.00938671194649989,0.0103869124902623
"SUMO3",4.83465842345268,0.138868927202842,2.16032181837288,0.0164226298541623,0.313944430018177
"SUN1",1.03340803124573,0.0912979694245959,4.2204408689909,0.0343687324475575,0.640612827836926
"SUN2",1.76453690271943,0.154415211657434,4.23894204420197,0.0382636058220671,0.641651519085952
"SUPT16H",2.90341733758836,0.189797643503522,3.74814150562159,0.0353038218278872,0.556738509478058
"SUPT20H",2.22031053699623,0.192358227930583,4.2670749440047,0.0404818875656222,0.640353155024669
"SUPT3H",0.58932544703853,0.146417107113197,5.52093672458485,0.0513045646576921,0.851726824201506
"SUPT4H1",10.8518096357988,0.330110950570599,3.73747484897387,0.0354407258629529,0.362243573097897
"SUPT5H",10.6511596423773,0.470548393059279,6.29412276526718,0.0528214006150701,0.545312905738769
"SUPT6H",3.60659182992968,0.270585032951068,4.33180747459986,0.0438318302137721,0.615684237860296
"SUPT7L",8.08568214875333,0.545601291488075,7.34336575155945,0.0624597105557716,0.702674629966243
"SUPV3L1",3.73383967037517,0.511140359780003,6.47439481120578,0.0657287351261315,0.826798234224877
"SURF1",3.81849485925152,0.150292078016081,2.564350375941,0.0217891404751853,0.383277070890678
"SURF2",4.02093430767697,0.363229922909503,5.21974993060286,0.0532551024271872,0.698519864970138
"SURF4",2.92308712073276,0.111060353553948,2.49082669885534,0.0179526664255704,0.374707868086211
"SURF6",4.10279668717652,0.482547779875331,6.29811639522036,0.0632057843432628,0.79485847831732
"SUSD6",1.73735207107316,0.154426532053069,4.31440760453062,0.038906067880887,0.652038431576214
"SUZ12",2.7492905546431,0.301197684237358,5.06110423176139,0.0515164495869593,0.728901584004155
"SVBP",6.44933007791959,0.299081027056399,3.90789149116275,0.0390305223223855,0.48792521423007
"SVIL",0.408556270588063,0.0267088807432605,4.34372565041091,0.0309676039782766,0.648403012204622
"SVIP",0.967083409517157,0.115990731195423,4.75113321656054,0.0414593655954822,0.72474681900805
"SWAP70",1.01784834533525,0.0753325680094877,4.06698132232812,0.0314128905449584,0.612568164113217
"SWI5",2.0539548793875,0.164331355960618,4.09946153958482,0.0373706771037927,0.617761620358348
"SWSAP1",1.0328835973833,0.426658103225314,6.11527727746031,0.066895971131522,0.930148013502986
"SYAP1",1.95677703608799,0.0868713419868749,2.89749481934924,0.0199131853802964,0.43365359646845
"SYF2",3.65882316220371,0.130258990673199,2.2310146011276,0.0173186855054448,0.338873019994807
"SYMPK",15.1665054219244,0.700679802707045,12.271835984092,0.0684761573806613,0.709945468709426
"SYNCRIP",3.7510633358604,0.163426446323696,2.88435089734991,0.0254834328234008,0.426382757725266
"SYNE1",0.522035927867833,0.0511901057513403,4.63680386343638,0.0362275205117678,0.700856920280447
"SYNE2",0.484181931379243,0.0209275731018118,3.7395268473136,0.0232294467163066,0.548948325110361
"SYNGR1",1.2019340892032,0.184642414902067,5.10081941357579,0.0484688221166971,0.778758763957414
"SYNGR2",0.98841621316848,0.0150623783927929,2.16121466117285,0.00365569076999997,0.292131913788626
"SYNRG",1.973900148548,0.168319120101171,4.1628533883134,0.0383629419254483,0.629446896909894
"SYPL1",1.74666377431496,0.05901548228141,2.40798373881333,0.0120590265509605,0.353414697481174
"SYS1",3.90527075725787,0.449120834110902,6.08808860466356,0.0612975464751516,0.785769929888341
"SYVN1",1.93142451584299,0.2269834003956,4.82742240194344,0.0474198511532841,0.72474681900805
"SZRD1",12.7696153488276,0.437965028325278,5.85872721933669,0.0473668497897606,0.45780316800831
"SZT2",2.36247678356735,0.43951989632262,6.04513626728926,0.0639732737745402,0.854842897948585
"TAB1",34.2840930596633,0.921226795178421,32.222193612133,0.0678109358224063,0.852505842638276
"TAB2",3.26324053751033,0.34653435906142,5.29367801042227,0.0541590797717414,0.735653077122825
"TAB3",1.52374406240893,0.377859676140034,5.89742551912229,0.06260743981136,0.879252142300701
"TACC1",0.566895112589157,0.0194992117640681,3.35920512834268,0.0185164706852359,0.486886522981044
"TACC3",0.178861967913904,0.0529809083582113,5.81126217401208,0.0500890955398956,0.892235782913529
"TACO1",9.79794086931873,0.654678886091964,9.51445555687896,0.068758904107082,0.76395741365879
"TADA3",4.713064026981,0.190416241293757,2.84284884407575,0.0265341284865647,0.408205660867307
"TAF1",2.20933675776952,0.301625278129292,5.26827688095987,0.0539089582930879,0.773824980524539
"TAF10",3.3061261692701,0.290082981541261,4.86907677952256,0.0485551847545677,0.685276551545053
"TAF11",9.15039573646562,0.466966085446114,6.22423009145166,0.0542597488688096,0.589976629446897
"TAF12",5.57491769322184,0.326420488121555,4.43385527758531,0.0447271024605661,0.565567385094781
"TAF13",2.38718676742441,0.488909141911376,6.28687382032833,0.0668991841065255,0.877174759802649
"TAF15",2.30789531382491,0.117886860614713,3.0450665965254,0.0241681170275383,0.460919241755388
"TAF1B",2.06823629054916,0.388475620575854,5.81385076449561,0.0613854600439879,0.844455985458323
"TAF1C",1.57437993971157,0.26307837590768,5.31173562887629,0.0535921231851605,0.801609971435991
"TAF1D",3.70781110075007,0.13547634281585,2.4726400384233,0.0196136342628663,0.368735393404311
"TAF2",3.53361810493929,0.427770397932652,5.88961814322247,0.0603298478122879,0.784471565827058
"TAF3",1.9713119400686,0.242233234832932,4.9203548681624,0.048910071332907,0.736691768371851
"TAF5L",39.7302093712725,0.960840510127032,39.4111352782445,0.0639139896368107,0.915606336016619
"TAF6",4.14830118175988,0.359907157305314,5.11106698577087,0.0523699750937757,0.682939496234744
"TAF7",2.22837437191253,0.109548952775141,3.02938404646605,0.0232414486628108,0.456764476759283
"TAF8",5.30537765868667,0.592837118538575,7.41047169661009,0.0687592793894787,0.823162814853285
"TAF9",4.01761553097769,0.198306430825381,3.42532998842436,0.031917332276669,0.490781615164892
"TAF9B",1.43611294205139,0.276014730491064,5.46279939735815,0.0555800818665242,0.826798234224877
"TAGLN2",2.50469003066264,0.0192985768109682,0.493805091539763,0.0138771513162621,0.0470007790184368
"TALDO1",4.11908076160366,0.0847455147352393,1.45129394787341,0.00498114701377183,0.215528434172942
"TANC2",0.596163409467332,0.108828259314439,5.28635564736463,0.046882512725194,0.810958192677227
"TANGO2",6.25687683069872,0.571537208312328,7.45788487794406,0.0664576465528685,0.785250584263828
"TANK",2.20867926135214,0.160491556557185,3.86991531658159,0.0350019643000704,0.583484809140483
"TAOK1",2.46282832006924,0.173895002688123,3.94200842165175,0.0361441874638964,0.588418592573358
"TAOK2",0.732947003418489,0.10932366448712,5.01852078374241,0.0440429460121498,0.768371851467151
"TAOK3",2.68514980038191,0.155847047449403,3.56940763945991,0.0313788028485455,0.531290573876915
"TAP1",0.9304438765779,0.0453886555898734,3.53828972549521,0.0230167896996768,0.522721371072449
"TAP2",0.749938915760518,0.18204823010425,5.55253095829359,0.0530624644847188,0.855102570760841
"TAPBP",3.4955838467057,0.0807553268085415,1.49765500477164,0.00525066107721752,0.225136328226435
"TAPBPL",1.27464006829175,0.153278168971129,4.76908561293301,0.0435651485737414,0.726304855881589
"TARBP2",75.3717318417203,0.939394593600183,63.6408776265666,0.0505016084560338,0.769410542716178
"TARDBP",4.02599671956385,0.381856390924984,5.41825585974917,0.055120284051807,0.717995325889379
"TARS",2.36910618109082,0.236088790123665,4.72883660354189,0.0463278083356811,0.698000519345624
"TARS2",4.92910552623779,0.630205857906351,7.67968942811505,0.0713284248868949,0.858478317320177
"TARSL2",1.12822819935752,0.187948658536807,5.16591978653772,0.0493754795378249,0.790703713321215
"TASP1",1.25275220461136,0.194000652762362,5.06618314127546,0.0486838403451074,0.774344326149052
"TATDN1",4.02655208075501,0.274504071929481,4.32067855116945,0.0432103634566891,0.600623214749416
"TATDN2",NA,1,NA,NA,0.917683718514672
"TATDN3",2.10816086059533,0.358373190309321,5.67084828259216,0.0591767192416623,0.826019215788107
"TAX1BP1",5.11196247524354,0.134874595061805,1.70223227899244,0.0125918444641694,0.257076084133991
"TAX1BP3",1.23407135625119,0.139956523694392,4.66785893798135,0.041860457898582,0.710984159958452
"TAZ",7.19412561610332,0.491760724732537,6.52106034228206,0.0591050294881457,0.681641132173461
"TBC1D1",1.53860227119102,0.136513103556341,4.30171406369472,0.0378029786343693,0.651519085951701
"TBC1D10A",1.69023372493033,0.206633786131154,4.84075619208867,0.04675020910725,0.731757984938977
"TBC1D10B",2.52616706834112,0.375925999666999,5.68838718591604,0.0591351403486347,0.809400155803687
"TBC1D12",1.75095381336726,0.287652094088372,5.36665562698094,0.0548233694658268,0.80316800830953
"TBC1D14",1.7475209241074,0.197959479054616,4.73255715583094,0.0452548132981177,0.714619579330044
"TBC1D15",2.104998774515,0.28764505604801,5.19187772819829,0.0529525256497564,0.768371851467151
"TBC1D17",1.6234942948248,0.157543078679883,4.39897120401547,0.0400961061810139,0.667618800311607
"TBC1D20",2.72210146071643,0.291879935072514,4.94823210935329,0.0504268066703998,0.716956634640353
"TBC1D22A",3.46061557651292,0.349308651748856,5.27240580309013,0.053799102795025,0.72552583744482
"TBC1D23",2.79096030260374,0.353813952800233,5.4304666086236,0.056244025001816,0.770189561152947
"TBC1D25",NA,1,NA,NA,0.871721630745261
"TBC1D2B",1.15042620043164,0.144366000503436,4.81306370303997,0.043609302360865,0.734354713061542
"TBC1D4",0.6392871809571,0.0911067903401018,4.97962790350542,0.0426200316347093,0.761101012723968
"TBC1D5",3.05953248725274,0.244466397346763,4.30353034496242,0.042866576167929,0.627109841599584
"TBC1D7",4.95958428321208,0.489251366161357,6.4494798502289,0.0623742067532357,0.768891197091665
"TBC1D9B",6.00378113010346,0.323899333800212,4.32090151204298,0.0433668218567057,0.541158140742664
"TBCA",12.1685304177871,0.170586819259069,0.875997450146523,0.0077678103553063,0.109062581147754
"TBCB",5.94339989505427,0.142968785286983,1.47038200120926,0.0113610878586135,0.223837964165152
"TBCC",3.80789720689428,0.522437967376617,6.5622569513983,0.0663299477778848,0.830433653596468
"TBCD",1.25625419693579,0.137313556866737,4.55281346462352,0.0406534921179421,0.694365099974033
"TBK1",6.0054776924038,0.543125205266744,7.024870579733,0.0646690668868805,0.765775123344586
"TBL1X",0.986452712740315,0.257119824533723,5.65387294248396,0.0570279655645762,0.867566865749156
"TBL1XR1",2.82255746927672,0.142130241626118,3.06546715157351,0.0260569107887206,0.461698260192158
"TBL2",2.22264310287164,0.330694379905511,5.45579892720235,0.0564433873900195,0.796156842378603
"TBL3",2.91239056029179,0.393943963009348,5.70334913591039,0.0592465301088775,0.794079459880551
"TBP",5.16897600073388,0.50732854882933,6.56854937511457,0.0632322618083469,0.768631524279408
"TBPL1",3.858962524817,0.386070785249523,5.49715500928753,0.0559986762288471,0.732537003375747
"TBRG1",3.60274496247129,0.159718434997561,2.75992521376484,0.024486640931226,0.414178135549208
"TBRG4",2.28622611380891,0.283193265886509,5.15684343843154,0.0520286902742348,0.756167229291093
"TCAF1",1.46979393294752,0.163467807657362,4.64431995536989,0.0428280795699258,0.705790703713321
"TCAIM",2.6338425185658,0.420874216175705,5.95647784671871,0.0621593474154651,0.832511036094521
"TCEA1",5.56982307695925,0.101952566566558,0.880247375721332,0.00226366340032354,0.145416774863672
"TCEA2",1.95255321827799,0.205255777777578,4.57915595790416,0.044222692582371,0.690210334977928
"TCEAL1",0.465912363625953,0.0484352604310644,4.71105086142876,0.0369386635059906,0.712801869644248
"TCEAL3",0.683994710782064,0.0324028538022738,3.59704150735879,0.0225958002243114,0.529472864191119
"TCEAL4",0.876207870888626,0.0177969074291762,2.11024101267457,0.00362919902878842,0.287977148792521
"TCEAL8",3.0471560708403,0.181620657983333,3.61966655611918,0.0334247163547841,0.535185666060763
"TCERG1",3.27071964665872,0.239963039779425,4.26965850242817,0.0418651313060233,0.615164892235783
"TCF12",2.42393144416548,0.14780339950471,3.47710388180896,0.0304462467545238,0.524539080758245
"TCF20",1.85080032374871,0.441813575970964,6.08856807376243,0.0654130870724836,0.884964944170345
"TCF25",7.8468476668633,0.164204881691831,1.2020145404828,0.0109587386220716,0.179953258893794
"TCF3",2.13987967054652,0.335716347391093,5.51723485746117,0.0572128204829205,0.806803427681122
"TCF4",0.273711216537392,0.00628276387075942,3.81375390041045,0.0227670200971212,0.556219163853545
"TCF7L2",0.699461945160806,0.064270537984215,4.45708853100588,0.0350511377547369,0.673850947805765
"TCHP",3.00154829054606,0.441858779425551,6.00717297417394,0.0625511709296111,0.820306413918463
"TCIRG1",0.979195627037233,0.0354659477972823,3.01810859108318,0.0161480048711055,0.438068034276811
"TCOF1",2.09876373741869,0.301005471191947,5.33023371769542,0.054470992953137,0.785250584263828
"TCP1",5.01236521199337,0.196008747271845,2.82414712353819,0.0265528527247955,0.400934822124124
"TCTA",2.06043585923708,0.256709936612672,5.00222052706618,0.0501002909568368,0.744741625551805
"TCTN1",0.807209379155406,0.0599113975864355,4.14525280192045,0.0311723764396916,0.62295507660348
"TCTN3",1.35140562153989,0.149142963962046,4.5963378530532,0.0416783744589427,0.700077901843677
"TDG",5.65320389511555,0.323871406031205,4.45802523931923,0.0444943378742605,0.565048039470267
"TDP2",2.2923485428211,0.260870607705297,4.97739756688324,0.0496291871889229,0.73305634900026
"TDRD3",0.965586587292328,0.217665213312799,5.4802239687256,0.053856255633945,0.842118930148014
"TECPR1",0.837329295164645,0.184440554736498,5.45388499480033,0.0521782808844947,0.839002856400935
"TECR",1.69012833951798,0.0477545967641123,2.12786058680298,0.00775042288553534,0.306673591274993
"TEFM",6.89094820125963,0.703917087780928,9.0837903073939,0.0735369983645838,0.855102570760841
"TELO2",2.78078165799829,0.372576365955192,5.57716066796212,0.0579128940968388,0.78654894832511
"TERF1",2.55680165801609,0.258470003679269,4.71307800240431,0.0473397844966013,0.69306673591275
"TERF2",4.91591669773686,0.698772050290961,8.23341948626121,0.0747792356975823,0.893274474162555
"TERF2IP",3.10839236536717,0.129814812147888,2.5756696283474,0.0205720500268163,0.390547909633861
"TES",1.1327497161278,0.0968564720856332,4.26332698681141,0.0350199012102748,0.6455466112698
"TESK1",1.55391537592659,0.320664273345249,5.65316688919362,0.058622399263635,0.847312386393145
"TET2",1.52391397188119,0.221657954253754,5.10532752668106,0.0499493691087481,0.773045962087769
"TEX2",1.24946847951262,0.252690913718226,5.46735380224114,0.0548617635471997,0.832770708906778
"TEX261",2.96626039366968,0.413120756627893,5.8321241658946,0.0605926957172621,0.804726045183069
"TEX264",3.3596623005514,0.129179809548327,2.51260587652029,0.0196610280292916,0.377564269021034
"TEX30",1.88376475536621,0.343025228016291,5.66526349676395,0.0589379664186039,0.83484809140483
"TFAM",5.72774079423957,0.325359513519728,4.40164401589538,0.0442574080465231,0.557517527914827
"TFB1M",3.14764321791193,0.444574462719111,6.03106873771353,0.0624490905265614,0.815632303297845
"TFB2M",1.34519243818977,0.17866347119388,4.90246774207511,0.0462013163270929,0.746819008049857
"TFCP2",66.1942937257411,0.949980830055995,58.7466445506796,0.0523720931585937,0.826019215788107
"TFDP1",2.70811146226772,0.286164511324217,4.93570190523133,0.0500244880863092,0.715398597766814
"TFDP2",1.61306229545099,0.11285364099352,3.76717966023488,0.0310178960112589,0.570501168527655
"TFE3",13.3503825106061,0.678285134417338,11.1694380056339,0.0680475512853514,0.720592054011945
"TFG",4.17739480048499,0.168756000471024,2.76760215500937,0.0246213769688788,0.405349259932485
"TFIP11",3.97454086322366,0.540860499952536,6.73700138168232,0.0672690966763635,0.836406128278369
"TFPI",0.153911668609457,0.006634862884273,4.82097779527311,0.035343800279295,0.722409763697741
"TFPT",1.62448053955985,0.165157759636315,4.64382477899852,0.0425327500147089,0.700337574655933
"TFRC",0.312025205168146,0.0251839797938371,4.7995766911388,0.0363082734063611,0.721890418073228
"TGDS",1.71095566040468,0.417807299221303,6.00992150859297,0.0643997943738809,0.883406907296806
"TGFBI",0.236651032871525,0.0098984020461235,4.5005045672346,0.031545483434602,0.66969618280966
"TGFBR1",0.648274598069009,0.0820453159035715,4.91163672947022,0.0412380613238518,0.74811737211114
"TGFBR2",0.378136293566148,0.00999065197128956,3.43230082720884,0.0184571157610768,0.49545572578551
"TGFBRAP1",2.02033267787565,0.457925722737459,6.14972691524154,0.0659325106732422,0.882627888860036
"TGIF1",1.43653162490453,0.0762907757566648,3.39673486830662,0.02418417117462,0.507660347961568
"TGIF2",3.24587587485093,0.514944832075969,6.51815117221118,0.0669235887673724,0.854323552324072
"TGOLN2",3.97335576285107,0.116669152036381,1.97199652421391,0.0133632203142757,0.296546351596988
"TGS1",3.2353764009923,0.312609917038148,4.94958873804551,0.0505895619987221,0.699039210594651
"THADA",1.39691000125249,0.254397864303946,5.35516308625445,0.0538512339590096,0.813295247987536
"THAP1",17.1322843170084,0.802551213106111,15.9410307450776,0.072735680315729,0.796676188003116
"THAP11",5.1942594696632,0.585232404393334,7.31729555713604,0.0684241501947536,0.821864450792002
"THAP2",0.329987830952757,0.101118582077756,5.71585961902725,0.0513251516336878,0.881329524798754
"THAP3",26.2085430884039,0.881144783797942,24.3391661913862,0.0712566116071241,0.824980524539081
"THAP4",4.22521795118027,0.316018311333592,4.6678835213583,0.0474559352862336,0.633601661905998
"THAP5",2.91299011578501,0.416774208206643,5.83724960205261,0.0609178351926397,0.807842118930148
"THAP6",1.9492040871306,0.335885014943629,5.55162830164243,0.0578726455617673,0.819267722669436
"THAP7",2.90850959324949,0.224415257315424,4.12325015376899,0.0405771430050238,0.608153726304856
"THAP9-AS1",3.25964843194112,0.506109252005777,6.44091148751536,0.0663073103014835,0.847052713580888
"THBS1",0.218822059143753,0.00816778064026475,4.38165922001108,0.0299818881488904,0.650220721890418
"THEM4",2.06105506763835,0.22475169639403,4.73416184810862,0.0463452495285891,0.708387431835887
"THEM6",0.766283483784978,0.135248520008511,5.21852041987238,0.0474889102686715,0.801090625811477
"THG1L",19.7404979719979,0.818131493272103,17.9463636884007,0.0721870815205742,0.793560114256037
"THOC1",1.99369758720229,0.336291368899734,5.54633468134765,0.0577541771416328,0.816670994546871
"THOC2",3.9265961032628,0.224382311548226,3.64388356919542,0.0357251369338659,0.523500389509218
"THOC3",2.46704263701392,0.208481639025645,4.31986733315517,0.0415227382919646,0.641911191898208
"THOC5",3.12159617989694,0.475456176931439,6.23982276590547,0.0646205355236547,0.836146455466113
"THOC6",3.56021454459027,0.296517854315785,4.75573972682128,0.04788427554431,0.664762399376785
"THOC7",21.614216560029,0.516966064964946,8.52346231215824,0.0504260238842148,0.379901324331342
"THOP1",1.1872835509069,0.165896067782497,4.95862764999731,0.0461898740277012,0.757205920540119
"THRAP3",4.56683823834178,0.145374208067072,1.98130210084667,0.0163087158896343,0.300960789405349
"THUMPD1",1.82290165798358,0.160412731602598,4.22940931482832,0.0385533782040548,0.640353155024669
"THUMPD2",2.07358187795878,0.332161466464874,5.50606623411375,0.0571382367362916,0.808361464554661
"THUMPD3",3.92471806828451,0.382819513543604,5.4449763714686,0.0554828076809995,0.72474681900805
"THUMPD3-AS1",1.2391993504854,0.122111449609023,4.38338088091642,0.0380290836267126,0.667618800311607
"THYN1",4.14466607963942,0.252532962507667,3.89193806311788,0.0390662620716588,0.548948325110361
"TIA1",2.41850403769488,0.166592810946282,3.745735639667,0.0342056990508948,0.564009348221241
"TIAL1",7.46701073349529,0.290052390454692,3.40132527629766,0.03475656509066,0.413918462736951
"TICAM1",6.16406765250044,0.593130729138782,7.66791302364131,0.0679455931293775,0.802908335497273
"TIFA",0.705905722742327,0.135915245914966,5.32016928180204,0.0485878541950004,0.817450012983641
"TIMM10",3.86864249231149,0.172331862692237,3.08428165822088,0.0275233742346529,0.449233965203843
"TIMM10B",8.08013404968445,0.771438488785747,10.4911002083374,0.0759557257547296,0.878992469488445
"TIMM13",4.90425155073528,0.119477388195675,1.72139161522738,0.0109804227691947,0.255518047260452
"TIMM17A",3.32366192860068,0.175622802096046,3.43521154074722,0.0311066951639513,0.504284601402233
"TIMM17B",2.78645589525992,0.134007253085936,3.05841517654767,0.0251960979551928,0.458322513632823
"TIMM21",4.77320781987479,0.426065983365329,5.8041045503947,0.0575184000720613,0.722929109322254
"TIMM22",8.30422149146824,0.565031730680797,7.68336165644696,0.0637657983238218,0.715917943391327
"TIMM23",9.49037093571659,0.466437208693855,6.33507053183675,0.054014786986694,0.586860555699818
"TIMM44",3.34206563016104,0.419718271435526,5.84810011018607,0.0601732460705431,0.789145676447676
"TIMM50",2.19059542451407,0.1790124912171,4.19995125137998,0.0390024753414339,0.62970656972215
"TIMM8A",0.631678979505116,0.185127323128694,5.68619896044029,0.0546291516896604,0.878213451051675
"TIMM8B",5.24682701875073,0.131476261741849,1.87008956142945,0.0131592304885508,0.272396780057128
"TIMM9",8.54366204569283,0.441987549967982,5.83308967157471,0.0525399569759935,0.583225136328226
"TIMMDC1",4.46489963282907,0.242459678225341,3.69611827399894,0.0365988063919308,0.517008569202804
"TIMP1",0.636688978027406,0.00279294295473014,1.23528566823894,0.00915324382904165,0.137107244871462
"TIMP2",0.412879789302948,0.00828614802400418,3.22776990950208,0.0157252999296851,0.460919241755388
"TINF2",4.52704261907388,0.285156729320771,4.19064994864472,0.0424329461088228,0.572318878213451
"TIPARP",0.574379270820731,0.0705766756388825,4.85870898544613,0.0400246029287289,0.739288496494417
"TIPIN",1.74310203424999,0.417626213730896,6.00299324222346,0.06428670928612,0.881069851986497
"TIPRL",3.94052330154907,0.252651137305311,4.09638995048752,0.0405375636462067,0.576733316021813
"TJAP1",3.38121336739453,0.459797841637804,6.10722802699829,0.0629526139554354,0.811737211113996
"TJP1",0.524412229860626,0.0352607292107719,4.24509113197751,0.0304394935465447,0.634121007530512
"TK1",0.133286795136319,0.0292957069856058,5.7460276295271,0.0481173856478121,0.878732796676188
"TKFC",1.23576479842795,0.196035791226887,5.13090142078056,0.0493219664586118,0.783432874578032
"TKT",1.84361995538809,0.0365682947488237,1.78711405649448,0.00245670623512372,0.247727862892755
"TLE1",0.551802777047969,0.136918484434759,5.53993679898958,0.0510337517041951,0.854063879511815
"TLE3",0.762656838922703,0.0726904786618964,4.48507618262337,0.0359247785412828,0.679304076863152
"TLE4",0.790666595108642,0.157552195696553,5.34542615509526,0.049880773169714,0.821864450792002
"TLK1",2.06698701731082,0.155035325531778,3.90367874079637,0.0350759311052871,0.590236302259153
"TLK2",6.80253604172042,0.697558039290738,8.98126972137582,0.0732817718010103,0.853284861075045
"TLN1",1.98152614597758,0.0601824046993438,2.30243776345627,0.0109213436846931,0.336016619059984
"TM2D1",2.54838470660601,0.13035022446864,3.06024571124248,0.0252343454285811,0.462736951441184
"TM2D2",3.26033707823695,0.241865197957791,4.19066904685209,0.0415950222068056,0.607374707868086
"TM2D3",3.17221983375987,0.197556000920437,3.63109792173116,0.0347072376292682,0.537522721371072
"TM7SF2",0.183246740650694,0.0208977316591871,5.3026258146332,0.0422076740525476,0.804206699558556
"TM7SF3",1.82224236094003,0.174923174246173,4.41373222427214,0.0410902627734614,0.667359127499351
"TM9SF2",1.87811877361909,0.0794748315658848,2.7875212676966,0.0181381194956934,0.41625551804726
"TM9SF3",3.17798214027939,0.193031478731412,3.63730739324561,0.0343240551806959,0.536743702934303
"TM9SF4",5.78826662076675,0.470013374132898,6.18653126120691,0.0592821615251189,0.712542196831992
"TMA16",2.18265766756505,0.294982551781479,5.257794667095,0.053531310558159,0.773045962087769
"TMA7",6.41247557116636,0.0385681163087704,0.0100137696787952,0.0138853373950911,0.0101272396780057
"TMBIM1",2.61423249225086,0.129964896847687,3.20901366336221,0.026220652520673,0.479356011425604
"TMBIM4",7.27459340182719,0.502689749373303,6.66150536311345,0.0599115133751059,0.688392625292132
"TMBIM6",3.101675416081,0.0309007512082819,0.560315732154434,0.0109765329597024,0.0680342768112179
"TMC6",0.953449200117844,0.104515674395357,4.67403504904599,0.0398970881439758,0.710984159958452
"TMCC1",4.68967944985505,0.551918068197628,6.93650449535382,0.0669821563665173,0.817969358608154
"TMCO1",3.29622875295464,0.100501910176191,1.93416741203615,0.011715377142979,0.293689950662166
"TMCO3",1.0990141023252,0.0612636097110612,3.53561900053679,0.0244965650349962,0.527395481693067
"TMCO6",3.31162991642282,0.603924581512286,7.01674455595876,0.0716559722667435,0.890158400415476
"TMED1",3.14466622152961,0.250820517563623,4.35352710590257,0.0434412123881827,0.630745260971176
"TMED10",3.44410915711923,0.0567066595416353,1.03178206482841,0.00234199165520501,0.15009088548429
"TMED2",3.83547131069826,0.0594281219472999,0.814820821855312,0.00391918117159815,0.122565567385095
"TMED3",1.8594142489067,0.0736759088146113,2.86559149819799,0.0181576719381952,0.423786029602701
"TMED4",1.79616455127315,0.0674448952747947,2.55868081114633,0.0145816961289669,0.379122305894573
"TMED5",3.25808436627035,0.194447600455661,3.69385352456649,0.0346511124379473,0.541158140742664
"TMED7",3.41566022980298,0.304745327821268,4.8394503631528,0.0491553588243851,0.679823422487666
"TMED8",0.919528499282888,0.186413878451292,5.38161393280301,0.0514980115312553,0.82653856141262
"TMED9",2.82654123165938,0.0799049775361883,1.9579498648993,0.00961597311260948,0.2910932225396
"TMEM101",1.20401940743689,0.0983010980950559,4.0937108494438,0.0334345164168313,0.620618021293171
"TMEM106B",3.13190923084138,0.201560032582271,3.6976780873961,0.0355658938198019,0.547390288236822
"TMEM106C",0.7896506027523,0.0480516590030618,3.87226666883234,0.0271376285633409,0.577252661646326
"TMEM107",1.24712954295291,0.114440307915344,4.30877847984304,0.0367030478394244,0.65463515969878
"TMEM109",1.98941665598466,0.0858199731214489,2.87399287064953,0.019522307944221,0.429239158660088
"TMEM11",6.98881277428071,0.437401193237566,5.78723397554163,0.0543840800478192,0.634640353155025
"TMEM115",3.32015300735433,0.240430018240898,4.06785969044804,0.0406679046998833,0.591794339132693
"TMEM116",1.14946783401173,0.26998597319817,5.59972788525462,0.0568790170586235,0.855102570760841
"TMEM120A",3.35081489680379,0.18279253096518,3.41302766126062,0.0315959096526143,0.503245910153207
"TMEM120B",4.81792816397926,0.697345052129604,8.16246228568523,0.0747775052080646,0.893274474162555
"TMEM123",2.58107887296881,0.0753735631382053,2.00634395063137,0.00966396862991478,0.297844715658271
"TMEM126A",16.6930790428613,0.599354504532474,10.4678111933773,0.060706988133573,0.590236302259153
"TMEM126B",6.89122385822612,0.401325436287779,5.32723356197578,0.0509026331750145,0.601402233186185
"TMEM127",3.26146700091523,0.314122752495232,4.994040565055,0.0508328641189102,0.702674629966243
"TMEM128",6.07832192142227,0.503328864309854,6.5815652597772,0.0615771791837123,0.730719293689951
"TMEM129",2.01049673218896,0.313325895542259,5.40367630273539,0.0557712661913802,0.798493897688912
"TMEM131",4.03925597208527,0.369410101512701,5.29516184228167,0.0538851844081694,0.705271358088808
"TMEM134",2.01768253805208,0.0929759916904518,2.98401702376878,0.0213035631050652,0.447156582705791
"TMEM135",1.0481302749168,0.157863317934482,5.02080305649595,0.0465296478012492,0.768891197091665
"TMEM138",2.56342064657085,0.266347695174216,4.82724018851759,0.0484891222022098,0.706569722150091
"TMEM140",0.467857332281732,0.0911915024703571,5.3611517885677,0.0468392253946394,0.822383796416515
"TMEM141",1.64286596614774,0.055522029592707,2.56359048215061,0.0132259069114768,0.374448195273955
"TMEM147",7.76899286551326,0.209076772011147,2.29580630033755,0.021692361982555,0.295767333160218
"TMEM14A",1.72651903491832,0.0948512767797533,3.31177462339273,0.0249322441056862,0.498571799532589
"TMEM14B",6.16910137631949,0.142847102902573,1.45132265092426,0.0110409895918392,0.218904180732277
"TMEM14C",7.17941534641837,0.106580133219314,0.634712805959424,0.000563103674338716,0.109841599584523
"TMEM150A",4.1239759500893,0.429358330130697,5.84635068947455,0.0590830163144181,0.754349519605297
"TMEM160",4.34226341998401,0.166744592810299,2.68257027248988,0.0236171085642448,0.391586600882888
"TMEM161A",1.99864660451477,0.290614327221923,5.25057193192914,0.0537162500930058,0.77979745520644
"TMEM161B",2.1043337510885,0.502695704018418,6.32581124245026,0.0682045912427742,0.895611529472864
"TMEM161B-AS1",1.70722931573711,0.358134662401399,5.75339215847655,0.0605595275607282,0.853804206699559
"TMEM165",4.03748192946244,0.121804082302984,1.95726968897883,0.0138330338607854,0.296286678784731
"TMEM167A",3.37410398593658,0.130440678135489,2.73388402517558,0.0214198423570082,0.404310568683459
"TMEM167B",11.3420046770158,0.600890946769987,8.9531840210332,0.0639558217852279,0.678525058426383
"TMEM168",1.69385422183675,0.288724299049202,5.39131531404063,0.0551727996233381,0.808621137366918
"TMEM170A",2.90072683558808,0.357154509318043,5.45045006902451,0.0562602039410198,0.767592833030382
"TMEM175",1.71931916444028,0.175285201667224,4.5009649366617,0.0420122290721492,0.681900804985718
"TMEM179B",3.97091151555879,0.0932041258705639,1.43312024708128,0.0061380904827208,0.219683199169047
"TMEM18",5.77083830139277,0.271235697410048,3.57827112805152,0.0363144472111402,0.47286419111919
"TMEM181",0.813800262168339,0.0845529409207238,4.58118098384734,0.0377624083434322,0.695923136847572
"TMEM183A",6.97234556614971,0.30919325344483,4.06425181831525,0.039679371917091,0.48792521423007
"TMEM184B",1.28775634668643,0.134279582340651,4.49941245568691,0.0398845564707367,0.685276551545053
"TMEM184C",2.93078430768717,0.453551796327123,6.07481742576292,0.0634867962162937,0.830173980784212
"TMEM185A",2.16316804804123,0.343712666337586,5.53552429378578,0.0576701863957699,0.808361464554661
"TMEM185B",1.63910685026313,0.383473695276619,5.88715611934446,0.0625254016795302,0.872760321994287
"TMEM186",6.11538587537626,0.775609952447249,9.47435541129431,0.0773372906494759,0.908335497273435
"TMEM187",2.89165471010202,0.461285918320288,6.13207683058553,0.0641144541906734,0.837444819527395
"TMEM189",3.40227734574451,0.477716092232146,6.29275876372063,0.0643057407285303,0.82731757984939
"TMEM19",1.77180379061916,0.336306367199073,5.64462957759632,0.0587934802476175,0.837444819527395
"TMEM192",1.71658288923578,0.253963071736762,5.18726283907527,0.0519260337754094,0.77979745520644
"TMEM199",6.64485764626206,0.54390998565169,7.15822990832391,0.0640108914909849,0.748377044923397
"TMEM203",9.4787774129657,0.776106350101084,11.3011142869456,0.0753527567127903,0.863412100753051
"TMEM205",1.62337277164919,0.0568030386054134,2.53095005151236,0.0131091439837256,0.37107244871462
"TMEM206",0.839685379469518,0.279692625608222,5.83922381934132,0.0596978288422764,0.898987276032199
"TMEM208",4.91879064714637,0.204613309496026,3.0611168159294,0.0289000469977359,0.430277849909114
"TMEM209",2.8161721927992,0.538724782081137,6.55853301320704,0.0688891140728143,0.879252142300701
"TMEM214",1.7524238727815,0.182913546647362,4.60092519755298,0.0432227883692802,0.694884445598546
"TMEM216",2.42107589625824,0.307853023894339,5.22320479189356,0.0535204009764394,0.760581667099455
"TMEM218",3.60115275052182,0.326882704062737,4.98592498363155,0.0508737574677948,0.689690989353415
"TMEM219",6.37148394547822,0.0898149155126297,0.672474426733019,0.00123743297725398,0.111399636458063
"TMEM222",4.05711482932711,0.350139118241961,5.02355069860379,0.051584169122642,0.677486367177357
"TMEM223",7.03083698571141,0.488489854146626,6.43279250723071,0.0589682640294453,0.681381459361205
"TMEM230",9.0311730449702,0.200223525347522,1.62768785450216,0.0164022489161073,0.212412360425863
"TMEM234",2.58162975833187,0.364239421421219,5.55471081165949,0.0578370448532662,0.792781095819268
"TMEM237",1.23961595920882,0.24645020885881,5.46234991555171,0.0545129533030172,0.831732017657751
"TMEM242",4.54024826079615,0.425603495730437,5.7350111334612,0.057724404455257,0.726564528693846
"TMEM243",2.13366710112427,0.132541387903824,3.55389542717706,0.0301091704492981,0.53622435730979
"TMEM245",0.964177968677111,0.0957330431650445,4.46051100945108,0.0371772133538295,0.67800571280187
"TMEM248",4.06654221599139,0.208724846520498,3.24890068432529,0.0317695940714933,0.473123863931446
"TMEM251",1.31565077678882,0.192897703404743,5.10893279875152,0.0487281653612825,0.776681381459361
"TMEM254",0.830187187484937,0.0962664812110063,4.7290882703403,0.0400894668118199,0.720332381199688
"TMEM256",5.26365143245201,0.117351241063587,1.37748677245534,0.00801693145407523,0.211373669176837
"TMEM258",10.2105427924287,0.0929088565740038,0.114043934149788,0.00510194054950306,0.041028304336536
"TMEM259",4.0633623144834,0.264311480684832,4.13054444952865,0.0413990666214644,0.578291352895352
"TMEM260",1.66752952618199,0.329437876772081,5.60844593765735,0.0585478018295052,0.837964165151909
"TMEM263",0.949674348960624,0.085336643440053,4.36707884629562,0.0354162848486873,0.66138665281745
"TMEM30A",2.90274687740218,0.112346883106152,2.47615749721452,0.0180220295459896,0.373928849649442
"TMEM33",4.09235199300608,0.352728333980684,5.21304058547832,0.0524221007209932,0.694365099974033
"TMEM38B",0.494752658545609,0.110615152428471,5.49236860157824,0.0492236443202024,0.844455985458323
"TMEM39A",0.996276407701656,0.172967803148464,5.20791908668405,0.0491319973286222,0.798493897688912
"TMEM39B",4.57536652228346,0.541080792761864,6.8272089123836,0.0664427530870212,0.815112957673332
"TMEM41A",3.03902306093853,0.391328656261142,5.67011447349492,0.0586977058195241,0.784990911451571
"TMEM41B",0.807342142918156,0.109347046983812,4.89084285394362,0.0426635419517055,0.747857699298883
"TMEM42",2.80788023052244,0.369723843896689,5.56516332316945,0.0576452224113955,0.783952220202545
"TMEM43",0.994594512798649,0.0778319791024051,4.09605106950111,0.0319987025268244,0.618540638795118
"TMEM45A",0.30649982047042,0.0381639051108897,5.14367558594673,0.0413077823082217,0.78057647364321
"TMEM50A",5.87577792109375,0.104152575730153,0.87518693279175,0.00238489487004913,0.143599065177876
"TMEM50B",1.76447465712428,0.0933011101709819,3.18680441334343,0.0235788259576546,0.480135029862373
"TMEM59",1.80080330861655,0.0191713342698011,0.838004244727357,0.0104252515541782,0.0950402492858998
"TMEM60",4.07880395350257,0.278311604617318,4.30959129186211,0.0433415934167211,0.598286159439107
"TMEM62",0.691309176553756,0.137013759103816,5.32709474656935,0.0487645391302316,0.819267722669436
"TMEM63A",1.09690350722695,0.163957201098476,5.05143432521222,0.0470367015062153,0.772266943651
"TMEM63B",1.35153411239419,0.208665192672649,5.12093682812485,0.0497212305946592,0.77979745520644
"TMEM64",0.411903732964299,0.111264591574949,5.61162433251242,0.0506462721047492,0.86497013762659
"TMEM68",7.14291446515681,0.669321257468966,8.74650998794374,0.0715072169913796,0.825499870163594
"TMEM69",5.90588621386009,0.435750997008765,5.87004680788359,0.0562546937228764,0.682679823422488
"TMEM70",1.14734066949687,0.0837890590618277,4.06047864643671,0.0318678537450031,0.611529472864191
"TMEM80",1.05790987681074,0.148485399897651,4.90601400420605,0.0449298383450946,0.751233445858219
"TMEM87A",1.76035300168093,0.104610843576628,3.47214395186823,0.0273279149405667,0.523760062321475
"TMEM87B",1.46119025903682,0.13498894418074,4.32922070643911,0.0380946251849551,0.657231887821345
"TMEM8A",2.03601938397762,0.351176965175237,5.66844313187413,0.0589773855306749,0.828615943910673
"TMEM9",1.06816931596111,0.0579149792831206,3.5200001244545,0.0240169898876034,0.524019735133731
"TMEM97",0.328033185135273,0.100956992311959,5.73190127433009,0.0514749527778255,0.883666580109063
"TMEM99",0.90123660221921,0.0908694409535823,4.54743298041037,0.0377391559734915,0.690470007790184
"TMEM9B",2.80580174209457,0.115684947265476,2.6580701245118,0.0200032065977987,0.400155803687354
"TMF1",2.59053849961287,0.154625773485974,3.45375879442828,0.0306150000397148,0.51960529732537
"TMLHE",6.68241575537059,0.67084549507981,8.66884929112769,0.0719976788645507,0.841339911711244
"TMOD3",3.44554249374703,0.141748429350415,2.77282553929998,0.0228558197155261,0.412100753051156
"TMPO",0.674257007108649,0.0632216858072107,4.4970328987534,0.0354312667850655,0.680083095299922
"TMSB10",2.41404436588099,0.00180680327288089,0.29868112485253,0.0194027230779037,0.000519345624513113
"TMSB4X",1.87040592324142,0.0015156416482364,0.359413524156367,0.0191178631236144,0.00545312905738769
"TMTC4",0.487221223398201,0.170737771810956,5.77282134435214,0.0550350375912964,0.894053492599325
"TMUB1",6.03414262030441,0.283440281891835,3.77004126377893,0.037794536768529,0.485328486107505
"TMUB2",4.95858746886037,0.35535992304717,4.86291335165947,0.0495588612936445,0.628667878473124
"TMX1",4.04131436173169,0.236237300743388,3.82286040392715,0.0375266601531052,0.541677486367177
"TMX2",2.96180291160178,0.245881401313521,4.43843892263905,0.0439492902601994,0.6455466112698
"TMX3",2.52280737494671,0.316191034236359,5.23117119472726,0.0538061971365197,0.757984938976889
"TMX4",1.94956564054963,0.119646936268159,3.54549987585455,0.0291215443697935,0.534925993248507
"TNFAIP1",0.795649787072293,0.112874310724256,4.96679827787059,0.0436442320404743,0.759802648662685
"TNFAIP3",0.228119709459627,0.00719865778515968,4.27222544249626,0.028529650602062,0.631783952220203
"TNFAIP8",0.489376255728365,0.0607004127152534,4.98806696921649,0.0408188611910232,0.757984938976889
"TNFAIP8L1",0.34677831938935,0.0923362137019221,5.6214721064629,0.0498475271779657,0.865229810438847
"TNFRSF10B",1.39429179420737,0.1949836361965,5.00271106861997,0.0478911809259565,0.760841339911711
"TNFRSF12A",0.235558726621148,0.0149666614645561,4.76416052820144,0.035189848776333,0.714359906517788
"TNFRSF14",1.76263351801642,0.0729480022576388,2.92280765406969,0.0187549663103166,0.433134250843937
"TNFRSF1A",1.78081833508567,0.0445824183930971,1.91245867581221,0.00503171830044329,0.272656452869385
"TNFRSF21",0.215384990956566,0.0380887304706682,5.49208272185294,0.045504116737157,0.837964165151909
"TNFSF10",0.493844084769312,0.0113970030388157,3.0313664766215,0.0137109683415401,0.430797195533628
"TNFSF13B",0.190216517859432,0.0117847402131079,4.95970078042083,0.0373735305759086,0.745780316800831
"TNIK",0.757384816336914,0.142348147284893,5.29468771709138,0.0486180540250604,0.813295247987536
"TNIP1",3.21961993360621,0.158880169522186,3.19760848592885,0.028039099223641,0.473902882368216
"TNIP2",3.90277647023964,0.288951975694827,4.50560153981522,0.0454342503250772,0.625811477538302
"TNK2",0.954622608262166,0.184243842819352,5.33131713401742,0.0508865459436999,0.81822903142041
"TNKS",1.92877835254782,0.271610088491803,5.17126254081453,0.0523338674254945,0.77148792521423
"TNKS1BP1",0.857299514761186,0.080496606976699,4.41424709736953,0.0356776821966379,0.669176837185147
"TNKS2",3.99597424360412,0.29482487804793,4.50499178806631,0.045668703478376,0.623214749415736
"TNPO1",6.09186285552276,0.349698698532103,4.66090383741636,0.0464210243277395,0.570501168527655
"TNPO2",4.92903058114261,0.547285548162343,6.92046664980864,0.0663460254222048,0.805764736432096
"TNPO3",3.87562518482999,0.419842410573869,5.78261303001579,0.0588547743514653,0.759283303038172
"TNRC18",2.07002683278001,0.215088304876829,4.61363724996794,0.044869399982239,0.692028044663724
"TNRC6A",2.71520415861927,0.272363618842894,4.73400264924999,0.0480345103671456,0.691508699039211
"TNRC6B",1.80353419409098,0.0936702152938859,3.1339858011358,0.0230819423614783,0.472344845494677
"TNRC6C",0.732443458718621,0.126120668304936,5.17083507093332,0.0465767473501909,0.793819787068294
"TNS3",0.592741206672786,0.0394598543409361,4.2771843398755,0.0310447087686991,0.639054790963386
"TOB1",0.458868688622064,0.0314079276703964,4.33980482310716,0.0312700071634094,0.648662685016879
"TOB2",1.70170919104598,0.141302796577237,4.07597054614078,0.0360178666277108,0.618800311607375
"TOE1",2.6427958505205,0.584448236393296,6.76196801439896,0.0715356476967469,0.9049597507141
"TOLLIP",7.54329753477417,0.402199032344488,5.37761540424686,0.0501008964323249,0.583225136328226
"TOM1",2.30858735141573,0.183979148663276,4.16959713921218,0.0389263534857923,0.623474422227993
"TOM1L2",1.2154813071341,0.17140278609174,4.94271664907218,0.0463695546785382,0.755388210854324
"TOMM20",7.58045340569335,0.117435971696994,0.749496919449745,0.00258251516754934,0.123084913009608
"TOMM22",3.25843254600395,0.0919626144309312,1.91883974634023,0.0104887622646885,0.287457803168008
"TOMM34",1.41586314616154,0.199849914066806,5.02724462619487,0.0483228508854483,0.76395741365879
"TOMM40L",3.8194072925931,0.67952562350078,7.6515909445697,0.0748029603333499,0.908854842897949
"TOMM5",4.29240225264486,0.107202743745718,1.58731596685727,0.00896682299375506,0.242015061023111
"TOMM7",8.08473106052002,0.0535346450293601,0.0461571241904728,0.0116733213543399,0.0140223318618541
"TOP1",4.64227887490513,0.169502510832735,2.48849971605865,0.0222660882911569,0.364840301220462
"TOP1MT",1.49651493407815,0.241892898435407,5.29170744481613,0.0524469313410382,0.799532588937938
"TOP2B",2.21513784690468,0.1902760162603,4.23294684894119,0.0400956921844452,0.635938717216307
"TOP3A",1.40401079311475,0.392289112078005,5.97040609840072,0.0638830764456712,0.893793819787068
"TOPBP1",1.75252797432871,0.231395133568963,5.01035660404576,0.0493352504398269,0.754089846793041
"TOPORS",2.82844318143993,0.314324501560538,5.09759138198507,0.0523262619000496,0.730978966502207
"TOR1A",12.2311046560562,0.608760162577666,9.30856406199443,0.0639155203603276,0.666839781874838
"TOR1AIP1",2.10806935862204,0.174069854750489,4.09806444483311,0.0380671147360814,0.618800311607375
"TOR1AIP2",3.48205335846207,0.350203187874806,5.24887618629556,0.0537105954995473,0.722409763697741
"TOR1B",2.30682403911026,0.395268146338486,5.80042428056267,0.0610905577810724,0.831991690470008
"TOR2A",1.85426556727674,0.254192885156076,5.12945633912025,0.0512249160554376,0.767333160218125
"TOR3A",2.05562379859021,0.194985965789577,4.44850504587087,0.0423132181435326,0.668397818748377
"TOX4",6.28540500410992,0.314244247716105,4.04012395155592,0.0410551656438224,0.506102311088029
"TP53",2.46024310208249,0.34583697217355,5.47867288507314,0.0567952064389449,0.789145676447676
"TP53BP1",1.43079977694957,0.15575910756923,4.54101150080809,0.0415499911938989,0.692028044663724
"TP53BP2",1.7042094727628,0.305944232070815,5.49791678340575,0.0566540895386344,0.821864450792002
"TP53I13",1.76512214639072,0.0977046174893825,3.3102191912726,0.0251611060215058,0.498831472344845
"TP53I3",0.841099006923604,0.0854787399251716,4.58554659345205,0.0378062692254872,0.695923136847572
"TP53INP1",0.547351798042785,0.0807237118685843,5.05195261108091,0.0428266096449426,0.771747598026487
"TP53INP2",0.844753349349307,0.212704790552351,5.5828777679331,0.0546659578897551,0.859517008569203
"TP53RK",2.20070040175709,0.259555819018984,4.9803723670705,0.0497956764631965,0.736951441184108
"TP53TG1",1.26955880911168,0.080307521721061,3.70771114103347,0.0279065048059124,0.557257855102571
"TPCN1",1.86633960217927,0.212835187403338,4.7480537679803,0.0461015803381448,0.715138924954557
"TPCN2",1.61440757031643,0.426951312562401,6.07621504835515,0.0652856393572215,0.895351856660608
"TPD52",0.463083415781847,0.035159323216626,4.51137833224413,0.0335431681630184,0.676707348740587
"TPD52L2",5.25952187856442,0.253396972625545,3.7402277162264,0.0363733040845899,0.500389509218385
"TPGS2",2.71181577541549,0.176521163635324,3.81001502867608,0.0349279226733788,0.565827057907037
"TPI1",1.47120977464698,0.00768109125423638,0.532820600352408,0.0161012546458481,0.0363541937159179
"TPK1",1.12723198821245,0.365448031640561,5.95740350305684,0.0633784928290921,0.9049597507141
"TPM1",0.575876230814379,0.00436125850591087,1.86714056571413,0.00130717731960055,0.239158660088289
"TPM3",1.83916344459843,0.0225237054225315,1.17638779785063,0.00623351227010922,0.147494157361724
"TPM4",1.32998109754491,0.0123004950078736,1.13854951046354,0.00845678805177663,0.132433134250844
"TPMT",2.32554076201188,0.240046231936906,4.85979858560076,0.0474858054960068,0.715138924954557
"TPP1",1.25464899612218,0.0602918484227408,3.36990909568664,0.0224224978961905,0.499350817969359
"TPP2",7.9452320121326,0.528521797810743,7.07376535597719,0.0612340011529005,0.690470007790184
"TPR",4.43502108057089,0.138180379947517,1.90421484052251,0.0150591690286335,0.291352895351857
"TPRA1",6.81279088524512,0.42703637187993,5.56784544672624,0.0534125180731305,0.623474422227993
"TPRG1L",1.61945439674923,0.342066368630433,5.70294960779227,0.0597664012081648,0.85146715138925
"TPRKB",3.50259707052841,0.212476884480628,3.78754322243786,0.0363326196519557,0.548948325110361
"TPST2",1.42159582210007,0.104105924064695,3.95500241428739,0.0322266248889285,0.597507141002337
"TPT1",6.37910827724289,0.00637567717267785,0.0874664420481593,0.0185371428948585,0
"TRA2A",2.89434102368302,0.194371597269842,3.74757930633897,0.0357278689897899,0.558296546351597
"TRA2B",4.06711481872488,0.153672530656507,2.42678451342889,0.0208873484966242,0.363801609971436
"TRABD",2.95651931306954,0.145167951180624,3.13893851668809,0.0266784606825837,0.468449753310828
"TRADD",3.6473971327069,0.222907979502938,3.83645530989186,0.03723129790951,0.552324071669696
"TRAF2",3.5945448633353,0.528395919073347,6.5948564006192,0.0670656015576377,0.843417294209296
"TRAF3",1.73927853393548,0.329481761015112,5.65566731802587,0.0585802992615915,0.839522202025448
"TRAF3IP2",1.37084093676628,0.269085845711997,5.48087903056097,0.055489811086165,0.830952999220982
"TRAF4",0.497566808193794,0.0341250816870251,4.3505249113732,0.0315618435800263,0.650480394702675
"TRAF5",0.583594209268581,0.0668701556544382,4.77429137498482,0.0388363316150979,0.725266164632563
"TRAF7",10.9510938276748,0.440470027026687,6.02841296764677,0.0498352322817165,0.521423007011166
"TRAFD1",1.89607575484887,0.224599976307218,4.84620337986966,0.0474678179238853,0.727862892755128
"TRAK1",1.85710900197513,0.235700890591267,4.93521973829608,0.0488709768090055,0.741885224616983
"TRAK2",1.67068640508716,0.265103802888617,5.26440677301766,0.0531698810811421,0.792261750194755
"TRAM1",5.08991741344794,0.143554383902291,1.80138516654782,0.01433762491098,0.271877434432615
"TRAP1",1.80037573579247,0.150012920989842,4.19161887124422,0.0374386577332018,0.633082316281485
"TRAPPC1",6.591861103679,0.128639279156553,1.2257254709445,0.00753290801927497,0.185146715138925
"TRAPPC12",2.52992978132777,0.329512415882676,5.32588007856138,0.0550147152672423,0.768891197091665
"TRAPPC13",4.83595961116569,0.634440955468929,7.66876545998056,0.0716255080492482,0.861854063879512
"TRAPPC2",2.52404417973773,0.456586399395427,6.10877593676443,0.0646147972006946,0.853284861075045
"TRAPPC2L",4.66285906675249,0.191562635910013,2.95011574220192,0.0273606954943574,0.421189301480135
"TRAPPC3",11.618891855185,0.364464154591106,4.28418007730949,0.0391336821286845,0.383796416515191
"TRAPPC4",4.03175523285966,0.321375233937793,4.75365532446634,0.0485929728550927,0.649701376265905
"TRAPPC6A",2.22468193672799,0.179041513092282,4.13358084338585,0.0384626118082228,0.620618021293171
"TRAPPC6B",2.53406884441598,0.289520941045109,4.99370460296115,0.0509603654489509,0.729161256816411
"TRAPPC8",2.27760293726288,0.335055914130134,5.45572494474163,0.0565469495930879,0.794079459880551
"TRAPPC9",1.3318033850984,0.266910416690813,5.47426738805856,0.0554460151550144,0.831732017657751
"TRIAP1",3.52155465915836,0.294479658939129,4.71850305341825,0.0476505464161764,0.66216567125422
"TRIB1",0.236679806797881,0.0229616058236402,5.04124372990841,0.0391437435564209,0.761620358348481
"TRIB2",0.279296053872547,0.0464996064880518,5.37829134945475,0.0446048569367085,0.820306413918463
"TRIB3",0.314365865618343,0.0844802259977415,5.63968222471396,0.0496712005075956,0.867566865749156
"TRIM11",2.49368766647586,0.385526503739496,5.71688168069278,0.0598267476488204,0.814333939236562
"TRIM13",3.40368986321673,0.407140906394488,5.71512489616672,0.0589181406580389,0.773565307712282
"TRIM22",0.775143620772935,0.0548656645921024,4.10407522204859,0.0303163850924966,0.615424565048039
"TRIM23",2.54330819090971,0.476295877974462,6.21068528768882,0.0657863635359814,0.862113736691768
"TRIM24",1.3168020258993,0.275427665092813,5.55200283846709,0.0563971193744822,0.84237860296027
"TRIM25",2.17600161720502,0.325592030714592,5.44784479999745,0.0562411090523502,0.796935860815373
"TRIM26",2.0524995184345,0.275882634281887,5.14578794346196,0.0521275872237848,0.76395741365879
"TRIM27",3.82322299182956,0.286923826471859,4.5391541534541,0.0456120743115048,0.631783952220203
"TRIM28",3.45668374851775,0.202562318036133,3.62912111308407,0.0345884220141883,0.530251882627889
"TRIM33",1.93180311838586,0.219666575425672,4.80233925396436,0.0467559407696975,0.720332381199688
"TRIM37",1.10616975204191,0.218468358745639,5.3866471766515,0.0528377987747846,0.824461178914568
"TRIM38",2.14214853064235,0.221022723543363,4.64655175684942,0.0453249118035015,0.694365099974033
"TRIM4",2.69043523684253,0.273270723615502,4.79862192903547,0.0484971520652974,0.699558556219164
"TRIM41",1.30082453668516,0.274448016300289,5.54639833211712,0.0563598264307196,0.84237860296027
"TRIM44",3.588018015053,0.207756334593793,3.65646171198856,0.0349659749771851,0.530771228252402
"TRIM5",1.63863849497981,0.324115391146342,5.61759500119917,0.0583936252531267,0.839781874837705
"TRIM52",1.95235148240116,0.463765490755655,6.15722244113094,0.0663701847782379,0.887042326668398
"TRIM56",1.62565547748301,0.126224639151765,4.0049311814192,0.0342589110151635,0.606595689431317
"TRIM69",2.40021252114378,0.251855905225291,4.8422574281529,0.0479965086387979,0.712282524019735
"TRIM8",4.19140000868748,0.347270538934153,4.98808996623481,0.0509825642449361,0.668657491560634
"TRIO",0.790992220543873,0.0661053743130175,4.28093282288533,0.0331977601679085,0.646065956894313
"TRIOBP",1.02790137586746,0.0963543469338864,4.38262932903891,0.0363421798014417,0.665281745001298
"TRIP10",0.821878142069119,0.105552364244272,4.81874990931844,0.0416760389856466,0.736172422747338
"TRIP11",1.69634396340031,0.164131772571313,4.40205159822405,0.0404642871918117,0.667359127499351
"TRIP12",5.57141485104773,0.288945576832149,3.8922377231773,0.0395374404952827,0.511036094520904
"TRIP4",6.07726066623881,0.678765370553122,8.51152547286211,0.0728775536530312,0.857958971695663
"TRIP6",2.49602425459232,0.168762706535764,3.8052076019982,0.0346569367222816,0.569462477278629
"TRIQK",1.19886198582087,0.162128230526721,4.88183770625907,0.0453028475981176,0.746039989613087
"TRIT1",6.48530886387282,0.7236050841602,9.16179358392212,0.07479641551153,0.876915086990392
"TRMT1",3.31568891500894,0.282552435252676,4.70183876837762,0.0471929015177484,0.666580109062581
"TRMT10A",0.737674175227833,0.249106403516306,5.79442795362267,0.0582818011945037,0.895351856660608
"TRMT10B",2.00767982424785,0.282448955621265,5.19532029637582,0.0529123183708361,0.772266943651
"TRMT10C",4.26888748531472,0.366083677894476,5.23499664548274,0.052985691262278,0.690210334977928
"TRMT11",1.58244520736518,0.365107176146748,5.81648423137435,0.0615048062578388,0.867047520124643
"TRMT112",6.19468718450546,0.0893459510902763,0.420419584142312,0.00301530841015179,0.0841339911711244
"TRMT13",1.53000751018208,0.348290762928326,5.76964607912386,0.0606227626233999,0.863412100753051
"TRMT1L",2.4939792991831,0.413001913089703,5.86754437487658,0.0617820901367519,0.830433653596468
"TRMT2A",10.8307353473028,0.662094913264833,9.87759777593191,0.0684765827518695,0.743443261490522
"TRMT6",1.64738293074604,0.295610589761533,5.48472214617601,0.056178925672873,0.821864450792002
"TRMT61A",5.31830271407428,0.624082414833179,7.72692513308177,0.0705956342769504,0.843676967021553
"TRMT61B",3.07233714707791,0.43673711658176,5.97452881613087,0.0620395189592898,0.813814593612049
"TRMU",2.88086845487944,0.410702931322484,5.81033393691224,0.0605824944861925,0.806543754868865
"TRNAU1AP",2.66396209899628,0.251816643885495,4.64077671387232,0.0462110425750859,0.679823422487666
"TRNT1",3.09954103053611,0.356698632130478,5.37017858073224,0.0554479271446445,0.750973773045962
"TRPC4AP",8.18152879093656,0.439907842236399,5.76961899404533,0.0527511208076817,0.590755647883667
"TRPM7",2.17815616080763,0.233996276819389,4.72388382769528,0.0466322555691727,0.704492339652038
"TRPT1",1.75401917008531,0.0930309508620563,3.22868447711863,0.0239387474658667,0.485847831732018
"TRPV2",0.581466782342103,0.115974209634902,5.3985585000676,0.0484132727476244,0.828875616722929
"TRRAP",1.9430270787956,0.287755210325585,5.28875849534402,0.0538961062928035,0.786029602700597
"TRUB2",7.90944860312522,0.609314773226189,8.23899410934421,0.0672741325325943,0.765255777720073
"TSC2",2.03655098403313,0.202338494441927,4.46866055858261,0.0430602086952422,0.673331602181252
"TSC22D1",0.626266421389499,0.00741034875044717,2.10614673320142,0.00203028323344277,0.279667618800312
"TSC22D2",1.03260333800775,0.137253025418093,4.83678093159912,0.043619039869415,0.740067514931187
"TSC22D3",0.825043151930407,0.00708382409904188,1.43570997543573,0.00598332196987535,0.173201765775123
"TSC22D4",5.46054675602162,0.280310299844791,3.79393021044588,0.0385681337172671,0.50376525577772
"TSEN15",2.88678231852679,0.254049905245764,4.5328562777348,0.0452491096178789,0.660088288756167
"TSEN34",1.91829596845636,0.0858317520079459,2.92872555186724,0.0201300283854815,0.438068034276811
"TSEN54",2.03330840766363,0.278312552445824,5.137320763671,0.0522815167598759,0.764217086471046
"TSG101",4.76877011033148,0.311528028554266,4.46122860132975,0.0451858704262671,0.593871721630745
"TSN",4.96414380824005,0.349382674525206,4.88590533342658,0.0492235381029849,0.630225915346663
"TSNAX",2.34732740028537,0.37087850023181,5.70687712705278,0.0593791714624,0.819267722669436
"TSPAN14",1.6391640764738,0.0890027241183026,3.38129222801297,0.02507230777745,0.507141002337055
"TSPAN17",1.42882765891058,0.229909035124138,5.18323689924051,0.0512386790357682,0.787847312386393
"TSPAN3",2.56891067268583,0.0665485567349304,1.92552919053802,0.00770275975191442,0.281485328486108
"TSPAN31",2.15878097030274,0.207675221226861,4.47408395859412,0.0431966575455466,0.670734874058686
"TSPAN4",0.910192141708673,0.0279023197505967,2.82877088595503,0.0131506262055158,0.405349259932485
"TSPO",2.96422633101422,0.0308104862524005,0.680252936236057,0.00984904496591459,0.0841339911711244
"TSPYL1",0.923404792950051,0.0676470803646751,4.02334243986485,0.0304417421557084,0.60555699818229
"TSPYL2",0.536713302222869,0.0572409975764202,4.70018610153925,0.0373880818474263,0.712282524019735
"TSR1",1.62639139200217,0.240122043695979,5.16835511747608,0.0512140459465969,0.779278109581927
"TSR2",3.54728012702318,0.248699711985406,4.10591040566466,0.0410691159982156,0.589976629446897
"TSR3",4.32011905187908,0.558369449980126,6.95408546197077,0.0679163781445093,0.836665801090626
"TSSC4",11.258838921082,0.518040361868766,7.27265642275841,0.0569705925959706,0.586341210075305
"TSTA3",3.21594665160672,0.184018143340961,3.56321279021041,0.0329437097612895,0.524539080758245
"TSTD1",0.365357999418218,0.00736043102361551,3.45423706248889,0.0183908372124663,0.497273435471306
"TTBK2",1.23493428862154,0.262926407777839,5.50970532466186,0.0557204098169014,0.839781874837705
"TTC1",6.87482009991957,0.380062577566386,5.04069166771716,0.0485941673251551,0.578031680083095
"TTC14",1.24429616200751,0.0916011428092089,3.89094541796229,0.0308362206351419,0.588678265385614
"TTC17",2.92041059863883,0.176655965036065,3.46490552613368,0.0321777463190996,0.519345624513114
"TTC19",1.50147019486203,0.126873478863002,4.14387659823032,0.0357655262650204,0.62892755128538
"TTC27",4.67754453614665,0.675072509624265,7.93540839821845,0.0738332381461283,0.886003635419372
"TTC3",1.41822501584152,0.0239315461327758,1.62307081160443,0.00107969278144637,0.216047779797455
"TTC31",4.74234638406879,0.629215415468426,7.58474154345718,0.0714225850351918,0.860555699818229
"TTC33",1.85448703129353,0.468629454422676,6.18418287880938,0.0668886925607439,0.894832511036095
"TTC37",3.23358373103611,0.246214125301151,4.27995323865731,0.0424883858797522,0.618800311607375
"TTC38",2.49773931251087,0.403640362495025,5.82568661777238,0.0611532855588465,0.82575954297585
"TTC39C",0.945087828140377,0.0838319793248679,4.37957635370409,0.035410608733543,0.662685016878733
"TTC5",5.21790571722907,0.66823076441693,8.06196836267935,0.0730170947568749,0.868865229810439
"TTC9C",9.69562565318992,0.615987334009878,8.77578832973036,0.0662395295968524,0.727083874318359
"TTF1",1.74921940176297,0.281944894147613,5.32566759306245,0.0542797739808222,0.797974552064399
"TTF2",0.882477404863129,0.227091955493913,5.61385599471513,0.0555278101359849,0.863671773565308
"TTL",2.24938518907924,0.434055300622354,6.03988731232834,0.0639592788770893,0.859776681381459
"TTLL12",1.65687745695793,0.339244275054299,5.72524102319998,0.0596262457279406,0.851726824201506
"TTLL5",3.38000662476333,0.546029290785809,6.70168534650044,0.0684770665767054,0.862633082316281
"TTPAL",1.27869018137805,0.442922516840412,6.12545651686394,0.0669799135093414,0.918722409763698
"TTYH3",0.501110777929893,0.0428832081884052,4.65383835529152,0.0357205531837211,0.70059724746819
"TUBA1A",0.761957700055204,0.0169920892531672,2.51508542643677,0.00820914563484081,0.350817969358608
"TUBA1B",0.67502145843924,0.00512533605314248,1.49163968197229,0.00566132673608583,0.18021293170605
"TUBA1C",0.814000508927442,0.0305755388197178,3.28856555307393,0.0187211782805464,0.478576992988834
"TUBA4A",0.176551451989163,0.0256574134354195,5.43900362216644,0.0441706673669494,0.827577252661646
"TUBB",1.47959030146997,0.0111441305379767,0.698080481605923,0.0135560600235619,0.0651778758763957
"TUBB2A",0.464141848356257,0.0400341535164773,4.59562275644751,0.0349302267607681,0.691768371851467
"TUBB4B",1.01302194338899,0.0316518185645179,2.71724321532176,0.0123251001987789,0.389768891197092
"TUBD1",1.52863389034354,0.407974277202971,5.99132901992587,0.0643465535564076,0.890418073227733
"TUBE1",1.55638510089059,0.275079090446396,5.3954177824522,0.0548077673369959,0.813554920799792
"TUBG1",1.69912897759972,0.208068193149831,4.88272440350336,0.0471038007743954,0.736691768371851
"TUBGCP2",2.59468765422785,0.155436438917208,3.56859736006364,0.0315168316898462,0.533627629187224
"TUBGCP3",2.88801598220354,0.433181316546539,5.96821899410507,0.0622408095868533,0.821864450792002
"TUBGCP4",2.13285248779106,0.480908324713785,6.23881777158949,0.0669612795512805,0.885743962607115
"TUBGCP6",1.98382133691001,0.323974424748254,5.48924486235083,0.0568455496457309,0.8099195014282
"TUFM",5.7979106585291,0.111756882377881,1.10101964797176,0.00501396340736605,0.17268242015061
"TULP4",0.733114086016504,0.0928661469870528,4.8503646823869,0.041242172664994,0.73980784211893
"TUSC2",2.71445919225505,0.173199123066682,3.7047030730633,0.0339003707538683,0.552324071669696
"TVP23B",2.74032607294286,0.275500330185072,4.79191306194585,0.0484940135743962,0.697221500908855
"TWF1",2.72959985148478,0.173637250327908,3.71620706537891,0.0339879365893168,0.553362762918722
"TWF2",1.90656054021913,0.0746404906518908,2.90477680381686,0.0185631144263704,0.428719813035575
"TWISTNB",1.80441415385159,0.253702955704751,5.12725324088915,0.0513172882324348,0.769150869903921
"TWSG1",1.10244159324511,0.112871546069897,4.48430891995748,0.0384837470295535,0.682679823422488
"TXLNA",2.5011944568615,0.252344667064444,4.72458356932517,0.0471132234814284,0.695403791223059
"TXLNG",2.30073894696459,0.352312430231949,5.55483270038078,0.0578744115742037,0.804726045183069
"TXN",3.01652830106679,0.0277977535461182,0.531496283236636,0.0118234182213405,0.0612827836925474
"TXN2",24.0782283126297,0.495204422507238,8.39141897548782,0.0473266075938884,0.329784471565827
"TXNDC11",2.2804730163125,0.251004776444253,4.79815298203993,0.0479875466163038,0.712022851207479
"TXNDC12",7.49151156401959,0.29840437891695,3.69809676822028,0.0366158779142827,0.44040508958712
"TXNDC15",2.06862899678804,0.14737972794843,3.78138729563147,0.03344531154349,0.572318878213451
"TXNDC17",3.83214473237053,0.0827655837031534,1.5810268432419,0.00595708999313197,0.233186185406388
"TXNDC9",3.28570914397422,0.320298104543657,5.0304448810903,0.0513410334853095,0.706050376525578
"TXNIP",0.412328814309574,0.00305018232646771,2.12887847674872,0.00170814108666907,0.280706310049338
"TXNL1",7.55546724321199,0.215064006146502,2.3214111361893,0.022669280909296,0.303038171903402
"TXNL4A",2.50025495250877,0.186889471338344,4.19144847112868,0.0388684187884601,0.620358348480914
"TXNL4B",1.26739657394211,0.384121229523086,5.97490122963071,0.0639003505614298,0.900804985717995
"TXNRD1",2.4646126857785,0.259873941051919,4.9149575197265,0.0487809238095336,0.719034017138406
"TXNRD2",3.02993191073491,0.470581581870717,6.20792252323401,0.0644876477043206,0.837704492339652
"TYK2",4.80916675250576,0.423441386483021,5.73558826191104,0.0570929747943099,0.715398597766814
"TYMP",0.549974800955763,0.00683306036302129,2.25494598058979,0.00375470376565084,0.303297844715658
"TYMS",0.098633509601133,0.012259591342889,5.61342920164383,0.0455837851217878,0.854583225136328
"TYSND1",2.70423155039088,0.426199596992114,5.94344531605468,0.0622196338359216,0.828096598286159
"TYW1",1.95893845052897,0.354806374135979,5.67018661718044,0.0593712027249852,0.832770708906778
"TYW3",3.70826017199222,0.303418673910691,4.75376683723031,0.0480315990979258,0.659828615943911
"TYW5",1.83042485283224,0.513982354134527,6.34913708342128,0.0693211695310073,0.91249026226954
"U2AF1L4",2.29930612532993,0.308920022835985,5.27768194155618,0.0541560714171829,0.771747598026487
"U2AF2",3.40093408223654,0.222346150016319,3.86940180550196,0.037868140591302,0.563490002596728
"U2SURP",6.92510675273029,0.244799332354302,2.80729307472787,0.0287036948486029,0.366658010906258
"UAP1",0.935670109936688,0.0838366716526891,4.34224893681953,0.0350807090828514,0.657751233445858
"UBA1",3.90212361099068,0.169340944115567,2.89495045453956,0.0259330488732847,0.42612308491301
"UBA2",1.64530787303018,0.0797023789563832,3.09797764459733,0.0214036323246145,0.463515969877954
"UBA3",11.1529467190951,0.580379819788532,8.42765960803008,0.0624223732363655,0.655414178135549
"UBA5",3.77538028397006,0.352016462790779,5.2000463866191,0.0529921207877034,0.705790703713321
"UBA52",13.2837400151136,0.0521678374343365,0.198292558726103,0.0120248700362205,0.00467411062061802
"UBA6",1.79873324069057,0.164111277090587,4.33934277961195,0.0397366203544587,0.655933523760062
"UBA6-AS1",1.751092372289,0.449092988572258,6.11547654018151,0.066061069979052,0.893014801350299
"UBA7",2.56469531753066,0.317210697612781,5.22997927302313,0.0537588811330014,0.756167229291093
"UBAC1",1.69289073050317,0.202676559739937,4.91638197951065,0.0469771342682048,0.73980784211893
"UBAC2",4.14999872177572,0.26051660417694,4.04056425164064,0.0404715832567178,0.565567385094781
"UBALD1",3.02997249349654,0.328833328363425,5.18792308055789,0.0531631724354664,0.733316021812516
"UBALD2",0.890475187321245,0.136044080328672,5.07874340497908,0.0459752880832214,0.777460399896131
"UBAP1",8.10585691291047,0.501982489194074,6.72701810461706,0.0588384369874954,0.66138665281745
"UBAP2",3.42529680800852,0.417399453641964,5.79708959946269,0.0597040703822261,0.78057647364321
"UBAP2L",14.2340067430387,0.572112105335141,8.88836142779812,0.0596037039916948,0.581667099454687
"UBB",4.16154753469592,0.0371989504456581,0.27177129116696,0.0123869462424514,0.0366138665281745
"UBC",1.90697997323298,0.0104090845034915,0.397972222717124,0.0168382461669117,0.0215528434172942
"UBE2A",15.3749776155756,0.41600442194625,5.41384030120079,0.0424552191378767,0.367437029343028
"UBE2B",118.516355432696,0.791134063111342,58.79360719568,0.0661482958217057,0.234484549467671
"UBE2D1",2.16664888816722,0.131021473890543,3.64037580413281,0.0305695053707575,0.545572578551026
"UBE2D2",10.5671333626031,0.178058569114899,1.01392354839489,0.0100152656109865,0.136068553622436
"UBE2D3",11.2661967936977,0.141914709333461,0.599152497907693,0.00344309895479032,0.0893274474162555
"UBE2D4",3.89833954022055,0.385893424608961,5.51500259632604,0.0559699411700818,0.732537003375747
"UBE2E1",8.59970520832666,0.369523029068457,4.82045406179483,0.0446148965927158,0.505582965463516
"UBE2E2",1.14114174061042,0.0892707284684905,4.23487030962384,0.034036639945315,0.638275772526616
"UBE2E3",1.82733763006882,0.0837897062648599,3.01915719310184,0.0208521456876357,0.451051674889639
"UBE2F",1.04905922836402,0.165904703264707,5.16446709412027,0.0481810037855189,0.789145676447676
"UBE2G1",2.403415810765,0.17210127127048,3.89379036844249,0.0357811516760679,0.584004154764996
"UBE2G2",3.59789792777547,0.23576183479101,4.00767529741544,0.0393774510573002,0.575175279148273
"UBE2H",1.68367833700529,0.130439825860728,3.97868398377391,0.0342967396269251,0.602960270059725
"UBE2I",12.9173814937335,0.219556863219704,1.40354017944812,0.0150206467213635,0.145936120488185
"UBE2J1",2.42140193347932,0.0976649582839561,2.69602673071825,0.0187390067989875,0.403531550246689
"UBE2J2",32.8080173793508,0.74949142984341,21.0459391509277,0.0654724901099441,0.570241495715399
"UBE2K",9.60566102479334,0.408930766071439,5.38755846679251,0.0477485122427503,0.517787587639574
"UBE2L3",10.6974088921891,0.276826144494183,2.77308828382894,0.0275377846002111,0.289535185666061
"UBE2L6",2.54067652875443,0.0697435517826882,2.02426374594974,0.00907475051888697,0.297065697221501
"UBE2M",2.93243612935871,0.396979926245149,5.76290132373486,0.0595793297332222,0.799013243313425
"UBE2N",3.0946468730693,0.113286948936276,2.45773512032889,0.0177222396397749,0.368475720592054
"UBE2O",5.57808288804466,0.721884141399922,8.72904904075452,0.0753552783881941,0.892235782913529
"UBE2Q1",1.89231491397107,0.304755344230437,5.44018868686154,0.0557861655833318,0.806803427681122
"UBE2Q2",3.41490559539351,0.258728645449511,4.34420761247447,0.0434033107504157,0.621656712542197
"UBE2R2",4.26398428492451,0.298359512219993,4.48617195267095,0.0453009387341878,0.612308491300961
"UBE2S",0.394447270143955,0.0888646865545019,5.50621159072985,0.0483461694235545,0.845754349519605
"UBE2V2",6.46633916772245,0.286964853424912,3.67814285886923,0.0370353439635555,0.465074006751493
"UBE2W",1.92319066315357,0.350954534234134,5.68699406654211,0.0593395592697429,0.835886782653856
"UBE2Z",2.55337452476056,0.22864327686624,4.54077893428314,0.0442171436472223,0.668397818748377
"UBE3A",3.70667650212763,0.144135233253309,2.50778856750448,0.0208606910941786,0.376525577772007
"UBE3B",44.3565967737109,0.911974165534598,38.5778473855027,0.0639585225099307,0.793560114256037
"UBE3C",9.24046513011864,0.618481006081635,8.73240484553115,0.0667961240760345,0.742144897429239
"UBE4A",3.95015114186154,0.326393930661579,4.85754589370525,0.049548947980964,0.663464035315502
"UBE4B",2.39256086448493,0.337150766256503,5.41586770809072,0.0561976689993382,0.784990911451571
"UBFD1",2.3262687911267,0.403026937423715,5.85885554083954,0.061648905268945,0.837185146715139
"UBIAD1",1.68871519561895,0.290330089257361,5.4275180497201,0.0554700913464491,0.813035575175279
"UBL3",1.5988796433651,0.117202979088431,3.88445513012162,0.0324681471496404,0.588158919761101
"UBL4A",7.87223149807146,0.600108536629951,8.13401815086621,0.0667263068101187,0.760841339911711
"UBL5",8.92379125373338,0.07086306517094,0.0578590145139926,0.00840624519855071,0.0314204102830434
"UBL7",10.4483938640754,0.501197521544373,6.81287521884096,0.0560394452786164,0.584263827577253
"UBL7-AS1",1.70373050096539,0.416911157418114,5.99868297995438,0.0643363050312799,0.882627888860036
"UBLCP1",4.00160623843749,0.347749883362634,5.0624051098206,0.0516975096654385,0.683199169047001
"UBN1",2.13540583942428,0.232090831811673,4.77179033028303,0.0468986416594411,0.711243832770709
"UBN2",1.22580717394579,0.227192686424289,5.3262478520567,0.0525892994361786,0.813295247987536
"UBP1",2.1445293123882,0.262180993966738,4.98122797478318,0.050115703006215,0.73980784211893
"UBQLN1",9.03295809732124,0.428116007511875,5.61340775029242,0.050412462996463,0.55128538042067
"UBQLN2",2.4985998541527,0.292944619178539,5.0511193238325,0.0515567170295544,0.737211113996365
"UBQLN4",23.3960533514526,0.870034696829615,22.0683644310526,0.0721847506862813,0.829394962347442
"UBR1",1.30542500844744,0.218591028795198,5.2075172356825,0.0510574012314686,0.794079459880551
"UBR2",4.05109665121722,0.348992157142303,4.97319713061316,0.0513221577388332,0.672812256556738
"UBR3",1.55811099108477,0.262431459481114,5.3198748850065,0.0536474106131853,0.80316800830953
"UBR4",3.47752434660369,0.215455508948831,3.70514375905066,0.0361541095025849,0.541417813554921
"UBR5",1.98165458413293,0.1402117027455,3.78772444449097,0.0330113004078403,0.573097896650221
"UBR7",2.01096707519962,0.323858840749473,5.46669967830971,0.056660988505406,0.806284082056609
"UBTD2",0.92565811409467,0.232200776270534,5.59888638737152,0.0555648136492142,0.860555699818229
"UBTF",2.67579476074941,0.201075756587664,3.98268284580246,0.0382894747006616,0.594131394443002
"UBXN1",7.55599626819573,0.139322889573134,0.91941871274196,0.00645730906289491,0.147753830173981
"UBXN11",1.2575057051336,0.126556247550927,4.47685308068165,0.0391434162884074,0.680862113736692
"UBXN2A",2.4184505164669,0.253042589624396,4.75051785720165,0.0475117413690844,0.701635938717216
"UBXN2B",1.60355837367821,0.29135481573694,5.48974865073231,0.056094902017419,0.823941833290055
"UBXN4",4.53917081951363,0.0877899605347794,0.973868411108737,0.00143673356106258,0.156323032978447
"UBXN6",4.55707470218191,0.336961872066105,4.85780124385697,0.0490433404685817,0.641651519085952
"UBXN7",2.1727298037697,0.255055850228121,4.91826083915765,0.0492210807691746,0.730459620877694
"UBXN8",16.1886191475022,0.87824261791498,17.5504701927591,0.0757013838029285,0.886003635419372
"UCHL3",3.03859055810573,0.234317875125044,4.4247802784984,0.0428272441819549,0.639054790963386
"UCHL5",3.1894655525345,0.299114205958766,4.89443569874129,0.0495461896080127,0.693586081537263
"UCK1",6.58135370210179,0.590867304031904,7.66947377531929,0.0672845577625632,0.784471565827058
"UCK2",0.992066766729326,0.147433770687585,5.0749458198551,0.0464150297849618,0.775642690210335
"UCKL1",11.6970627559123,0.618751526650205,9.34074699212034,0.064987762896368,0.686055569981823
"UCP2",0.374581345547637,0.0106983505940486,3.74385696138818,0.0222598417453461,0.545572578551026
"UEVLD",2.09259803835429,0.369962154404627,5.71891669120414,0.0600140505851531,0.832511036094521
"UFC1",10.3320507161372,0.210403028305506,1.70641264036908,0.0168855412321164,0.202804466372371
"UFL1",2.61851185222186,0.217747714616648,4.26531924713999,0.0415579044659877,0.632562970656972
"UFM1",7.25666113202788,0.263187986309703,3.13996014378553,0.0315074974304833,0.392625292131914
"UFSP2",4.29982783436467,0.321440178177943,4.72749185092407,0.0479425444622785,0.63723708127759
"UGCG",0.634495684334382,0.0557973724841862,4.41122686382645,0.0339647433335227,0.665541417813555
"UGDH",0.249762763238078,0.00522052026922893,3.8049230326683,0.0225800951980677,0.554661126980005
"UGGT1",2.05175631774882,0.285537714707467,5.2281820046391,0.0531562990493224,0.774344326149052
"UGP2",2.62678925568915,0.106334020750151,2.75658455930486,0.0199642293610497,0.411581407426642
"UHMK1",3.84044509313939,0.231864056030707,3.86386632541467,0.0377687250944439,0.55128538042067
"UHRF2",1.39443268634097,0.238241960259388,5.27551048892055,0.0524249848698024,0.801609971435991
"UIMC1",5.323194014396,0.51142861675451,6.62927082878995,0.0633213104551378,0.766554141781356
"ULK3",3.02339905452267,0.361097694710567,5.40179056756511,0.0560057648799946,0.757725266164633
"UMAD1",11.4816358664594,0.700665703370514,10.8454156352899,0.0704121272121919,0.767852505842638
"UMPS",5.22014292492692,0.627682862113987,7.72042345496936,0.0708794020240512,0.847572059205401
"UNC119",3.99272319444069,0.259813411159449,4.10296605782881,0.0410408700022974,0.576992988834069
"UNC13D",0.481042939222925,0.195753557813665,5.87120132935586,0.0570634964717828,0.910672552583744
"UNC45A",3.4768777025584,0.312326744967768,4.80756125821764,0.0493859751754992,0.675149311867048
"UNC50",2.55977257926677,0.195807833478192,4.02281567147751,0.0383609609042103,0.601142560373929
"UNG",0.997881693109146,0.151352117772547,5.06135589599197,0.0465563656688368,0.774603998961309
"UNK",11.1337554421082,0.748287274881142,11.6071756703177,0.0731423214066294,0.815891976110101
"UPF1",2.61385374850499,0.330300742307261,5.32808995320332,0.0548659996034932,0.765515450532329
"UPF2",5.43167908414531,0.330587455164918,4.44076157678392,0.0453169732994073,0.571280186964425
"UPF3A",2.65468304865835,0.146002300341947,3.27867064775923,0.0283430581391885,0.493378343287458
"UPF3B",1.88425288696618,0.221547555904746,4.86530020817767,0.0474113561016749,0.729940275253181
"UPP1",0.301091004540315,0.0180921715513632,4.62956916809851,0.033707291454842,0.69228771747598
"UPRT",4.80962552989428,0.698271230119715,8.16509668689866,0.0748266058087252,0.893793819787068
"UQCC1",2.48886914702436,0.512217707757308,6.40921348036408,0.0680300272923715,0.883147234484549
"UQCC2",2.40696252791946,0.0833387783959168,2.56741437574073,0.0158726636908891,0.379122305894573
"UQCC3",2.15374664934134,0.133941349105606,3.55391042184825,0.030207381067004,0.53622435730979
"UQCR10",5.00033836818152,0.0474499807618344,0.407266121281702,0.00943386231994834,0.0612827836925474
"UQCR11",5.54247632769164,0.0465361397571165,0.341736195963397,0.0100995699862365,0.052713580888081
"UQCRB",11.3460586848154,0.0872137776610398,0.0140904398058183,0.00647872169068038,0.0283043365359647
"UQCRC1",3.55742089154706,0.0864145484496037,1.62316532364848,0.00703512595109482,0.24357309789665
"UQCRC2",5.61755898667487,0.182966346115651,2.47743906516173,0.0223749543401359,0.348221241236043
"UQCRFS1",5.65338996881024,0.134185745467978,1.6420000964338,0.0116120104350508,0.242794079459881
"UQCRH",3.93211287489649,0.0360492353714969,0.479173440581268,0.0107623129879195,0.0620618021293171
"UQCRQ",4.52313968696749,0.0387848126103947,0.355709393767587,0.0113327966368442,0.0488184887042327
"URGCP",2.24153879479389,0.379909418399638,5.71286272313419,0.0601292993385956,0.825499870163594
"URI1",3.81510125957725,0.409392769063538,5.75640796720463,0.0583145519321028,0.759283303038172
"URM1",8.17506543017447,0.395718130597475,5.07715628539255,0.047885650609735,0.538301739807842
"UROD",2.39822172787458,0.152684110098247,3.60073223784052,0.0318906385091585,0.54219683199169
"UROS",4.2974482633302,0.225563021172238,3.7343319652221,0.0356443939511747,0.522461698260192
"USB1",5.97189798108733,0.459283131182154,6.19539249580534,0.0583805034546352,0.706310049337834
"USE1",6.19508296166187,0.434760809951371,5.78080246398217,0.0554684926047201,0.663983380940016
"USF2",2.82190715132563,0.187107649707812,3.90853994062741,0.0362890207763628,0.576992988834069
"USF3",1.26887539189445,0.305705480440169,5.68561102003375,0.0588347595343883,0.863152427940795
"USO1",4.77116654692019,0.236192191863742,3.54641762820182,0.0347260497523042,0.491560633601662
"USP1",1.49207989726594,0.116761506063838,4.00866867924267,0.0337282899485211,0.607634380680343
"USP10",3.19589737337091,0.237732391271875,4.25240356308412,0.0417564581863103,0.615424565048039
"USP11",1.56653088363225,0.147553309326313,4.31936574327631,0.0388052810492295,0.656452869384575
"USP12",1.39180177775971,0.246593047614245,5.35232487724064,0.0533974753264647,0.811996883926253
"USP14",5.34922329725461,0.312919447767219,4.39149341265173,0.0439348204165182,0.56790444040509
"USP15",2.55579901610436,0.160742131941594,3.67120004029658,0.0328393253038268,0.548948325110361
"USP16",6.97005190852581,0.310299009596256,3.93544438525239,0.0392794422876836,0.476499610490782
"USP19",6.65931421642854,0.622279448630148,8.04301119054535,0.0691798199890485,0.804466372370813
"USP22",1.69066400459887,0.0606519824234401,2.52571290200736,0.0134951716077042,0.371851467151389
"USP24",2.03285337713739,0.322297875512103,5.46549952093312,0.0565119845788464,0.804985717995326
"USP25",2.92698792896069,0.437213952123667,6.00937161491449,0.0624882157104002,0.823941833290055
"USP28",2.0021826115506,0.349499388290116,5.6137219632754,0.0587364737388681,0.824461178914568
"USP32",1.77563765986268,0.292489222936784,5.41879617450848,0.0553058212831857,0.808361464554661
"USP33",0.831567500846049,0.0526547248560977,3.85605074993558,0.02737674624749,0.576213970397299
"USP34",2.99471078956647,0.16586749818989,3.34308326361488,0.0301573762287362,0.499350817969359
"USP36",2.07057488074693,0.260932023798528,5.04415600932839,0.0505823972013524,0.749675408984679
"USP38",2.27239356030986,0.370002998119366,5.66953239245444,0.0593658431512464,0.81900804985718
"USP39",4.14102446654296,0.402850656714102,5.61361983485901,0.0568022160018463,0.732017657751233
"USP4",4.08344523106069,0.313732925212991,4.72856801381713,0.0478477364837621,0.644507920020774
"USP42",1.60245437111951,0.32403582523456,5.62084835233449,0.0585044002699764,0.841859257335757
"USP46",1.51875528911891,0.266974551987272,5.37861847404185,0.0543591351624315,0.812256556738509
"USP47",2.92853794982703,0.217076789661688,4.05902147641406,0.0395483691406204,0.598545832251363
"USP48",5.16397355889451,0.333205987433164,4.61145356180062,0.0466559715339797,0.596468449753311
"USP5",2.64578051508144,0.337466780625305,5.36560535716412,0.055372812093154,0.768631524279408
"USP53",0.372727254933,0.0317472834377072,4.65566560825238,0.0350910787323943,0.700337574655933
"USP6NL",1.45407561867853,0.316700105382637,5.70111006848699,0.0589379106464061,0.856920280446637
"USP7",5.17574013405185,0.419461160264134,5.66885391581443,0.0559808060380831,0.694624772786289
"USP8",4.00069643875487,0.235598174868974,3.75822870106538,0.0371971628319441,0.535964684497533
"USP9X",3.00881799149162,0.189753887800846,3.7151468757668,0.0348684004146262,0.549727343547131
"UTP14A",3.56547294710778,0.510168514405483,6.50653618863792,0.0660704364347313,0.837704492339652
"UTP15",1.090283463535,0.366596751175303,5.96042851052717,0.0635466424997159,0.907296806024409
"UTP18",3.38613639959986,0.315711628788214,4.99791034560368,0.0506733961192936,0.698260192157881
"UTP20",1.38331965902824,0.334207143773128,5.76421373855819,0.0603140502454289,0.868865229810439
"UTP23",3.65782809511992,0.357336350320082,5.23243892913801,0.0537015635665004,0.714100233705531
"UTP3",2.44069548819945,0.40161945496144,5.83347016666981,0.0612139595714212,0.829135289535186
"UTP4",1.23766885966814,0.234920339819371,5.39468183783321,0.053442604869523,0.822124123604259
"UTP6",3.64776112081253,0.397037396520151,5.67888639562245,0.0577133362532221,0.759023630225915
"UTRN",1.06847405253008,0.0470893136048622,3.12062596748427,0.0186088146290577,0.459361204881849
"UVRAG",2.33224943554788,0.146994102081373,3.59595162129519,0.0314423867641935,0.541417813554921
"UVSSA",1.92349283005024,0.456831679551365,6.13835746671509,0.0660714588161668,0.886522981043885
"UXS1",3.12597270656702,0.344152866097569,5.28426455466576,0.0542880510147355,0.740327187743443
"UXT",119.290134656701,0.772144801668363,57.1877065632579,0.0653016935180389,0.22098156323033
"VAC14",1.05378564634504,0.141440463909709,4.96096366170779,0.0448823666682926,0.756686574915606
"VAMP2",2.23626078853675,0.127793673062988,3.29294420411533,0.0273581590894459,0.498571799532589
"VAMP3",3.77527976312047,0.182305715805445,3.26226237179159,0.0298132329006548,0.474681900804986
"VAMP4",4.98468761253729,0.452868781396383,6.02887412688916,0.0592947949976786,0.733316021812516
"VAMP5",0.525669336343405,0.0105063535798357,3.01310634764871,0.0133181266016594,0.426642430537523
"VAMP7",11.4117350150749,0.643030385166415,9.82486360703845,0.0669288581155652,0.721890418073228
"VAMP8",0.635615030480022,0.0096280994086098,2.77466498710889,0.0102326937350911,0.386652817450013
"VAPA",8.49065080970789,0.138264835170473,0.778913099450211,0.00503986774078956,0.125421968319917
"VAPB",3.72235004940166,0.352577918629015,5.19882765345006,0.0531353205613263,0.707868086211374
"VARS",2.5924391474233,0.335264693365665,5.40323651584169,0.0555424072569545,0.774603998961309
"VASP",1.63547141640683,0.0781169349906905,3.23951900444767,0.0225431729081151,0.482212412360426
"VAT1",1.15219222072362,0.0329777545156818,2.55213586320483,0.01055802855164,0.364061282783693
"VBP1",2.78043848995957,0.196938230284049,3.97255655863183,0.0376431531940968,0.588418592573358
"VCL",0.625332353526972,0.0388455330543972,3.99364026787648,0.0278124522861159,0.594910412879772
"VCP",3.02753517484939,0.0851878248220845,1.77447853944307,0.00859209145700942,0.268242015061023
"VCPIP1",2.70372681480123,0.407705978447698,5.82538355231444,0.060882130738136,0.816151648922358
"VCPKMT",3.68784257299783,0.6300352067361,7.27461363830199,0.072543321673661,0.88989872760322
"VDAC1",2.93331250359445,0.0532134928762524,1.4320542356476,0.000943448052958988,0.203064139184627
"VDAC2",6.64946121013446,0.11560762863505,0.989955159172109,0.00430395804073082,0.154764996104908
"VDAC3",6.48100780827159,0.245529103114677,3.14879314948281,0.0309522784662237,0.40950402492859
"VEGFA",0.268261050745319,0.0254680406810644,4.95137200611755,0.0382150768765032,0.74733835367437
"VEGFB",1.06787208217618,0.124646307998746,4.72454207647196,0.0416136919971408,0.720072708387432
"VEZF1",1.6921850139556,0.131777044426988,4.0011097622548,0.0345812253517932,0.606076343806803
"VEZT",2.93252162799986,0.221849016890527,4.17799624116833,0.0406442028377776,0.612827836925474
"VGLL4",1.88454331753639,0.0931271835933521,3.04110206117787,0.022054104786403,0.45780316800831
"VHL",3.75711250025048,0.339758812991302,5.01251996510402,0.0514894238559602,0.687353934043106
"VIM",0.933339867935856,0.00114549107443746,1.35127933281888,0.00813037861079363,0.153206959231368
"VIPAS39",2.61116159667927,0.458435117387845,6.14389373685308,0.064616873067707,0.852246169826019
"VKORC1",1.51428048236269,0.12498684697045,4.21409752396956,0.0361469626698145,0.636977408465334
"VKORC1L1",2.40592141343981,0.352329687380628,5.54620535327736,0.0575779422614008,0.799013243313425
"VMA21",2.41528011613171,0.155768692759643,3.87367735208058,0.0341428867810246,0.575954297585043
"VMP1",0.931990502272874,0.0143220004984183,1.80145329880673,0.000501471430989294,0.23682160477798
"VOPP1",1.51490659737672,0.105383810505723,3.87113518956144,0.0313987343415475,0.584004154764996
"VPS11",61.9082425299146,0.940300291343447,54.1520627627685,0.055314861102723,0.807582446117891
"VPS13C",2.97183862000978,0.149060572603785,3.05544635637783,0.0264567817168763,0.459620877694105
"VPS13D",1.56771273373121,0.174701238322753,4.59113832372446,0.0430226149232937,0.698519864970138
"VPS16",9.79018127185786,0.698418681224434,10.1865280284425,0.0713131412803361,0.797974552064399
"VPS18",6.61773529578703,0.742003166372192,9.4004436172037,0.0755524612575855,0.883666580109063
"VPS25",3.6384930282128,0.216304907602825,3.68354802220988,0.035788147685844,0.534406647623994
"VPS26A",4.88586399708939,0.314157442664988,4.4839537646177,0.0452571315739206,0.592313684757206
"VPS26B",5.8780419143538,0.352239572068079,4.7041524314052,0.0471215485698426,0.581667099454687
"VPS28",11.1969540873831,0.165943897138805,0.665540883447053,0.00668201182616687,0.098415995845235
"VPS29",4.42647290509556,0.139321163210299,2.14105499321721,0.0168243471695969,0.318878213451052
"VPS33A",2.24343456261659,0.638388850912669,6.8694403706405,0.0745045375901996,0.934562451311348
"VPS35",4.45430523759367,0.1782918331252,2.85031411056339,0.0257225328889461,0.411321734614386
"VPS36",5.53953963192645,0.265919883997137,3.49896099194927,0.035851405107594,0.470786808621137
"VPS37A",30.3560497490831,0.807726361963316,23.0381979103888,0.0682542673766885,0.682939496234744
"VPS37B",1.48270418394238,0.168945744786776,4.67165868517108,0.0434110459160031,0.710205141521683
"VPS37C",2.67356298453316,0.290366060250355,5.04457561839467,0.0509310125704749,0.728901584004155
"VPS39",4.71468612147278,0.429820251922731,5.78518553917092,0.0577889847261425,0.723708127759024
"VPS41",12.230878996282,0.654012670378104,10.2247372203085,0.0671064350292386,0.712542196831992
"VPS45",7.62125648037855,0.60052218684,8.01442369120362,0.0669071417667603,0.762918722409764
"VPS4A",13.6506728141449,0.553020291015689,8.4774145481903,0.058442483414823,0.579849389768891
"VPS4B",6.11375444882183,0.287113582922208,3.7149586358852,0.037744390156687,0.478317320176578
"VPS50",1.09237613977547,0.287361194688899,5.69375647398638,0.0584762914561366,0.870682939496235
"VPS51",4.23097708071627,0.213119655111614,3.31319095770106,0.0322725597450022,0.476759283303038
"VPS53",3.35150042414223,0.408804032435426,5.74777872731761,0.0592322895173268,0.77901843676967
"VPS54",1.9592634598953,0.440398669806963,6.07685207195446,0.0650535686292092,0.878213451051675
"VPS72",5.97287423151572,0.381242967780391,5.08234241151799,0.0502886442233266,0.612827836925474
"VPS8",3.7937872861139,0.424256983760077,5.83324805459342,0.0594252465509978,0.767592833030382
"VRK1",0.77690937605446,0.229378462893338,5.70649192879143,0.0565999916269076,0.880290833549727
"VRK2",0.258756549963505,0.0144026129850942,4.47546751342055,0.0316446350729012,0.667359127499351
"VRK3",3.85428815276186,0.428063028058859,5.84480678364007,0.0595461536780451,0.766034796156842
"VTA1",8.0407792401418,0.556821649074414,7.55220606862426,0.0634544895522625,0.718254998701636
"VTI1A",13.3696034883018,0.743208825258755,12.5743192881957,0.0717201507169909,0.781874837704492
"VTI1B",6.90352228342181,0.217129367814132,2.60434202041472,0.0250089051236176,0.343027784990911
"WAC",4.5105154858023,0.232832866506794,3.44988972534573,0.0343627393560338,0.488184887042327
"WAC-AS1",2.20045158927445,0.235945117767628,4.77640503697121,0.0470274017736991,0.709945468709426
"WAPL",4.78612718146016,0.285478948414412,4.14416474108875,0.0417601770357241,0.559335237600623
"WARS",0.461300346071421,0.0204814523849541,3.90406232519304,0.0251204696951537,0.574915606336017
"WARS2",1.46037110880103,0.265511228881121,5.40043024570975,0.0545683864342302,0.817190340171384
"WASF2",4.42826040071957,0.0912915266258032,1.16984556298086,0.00351155543240124,0.182549987016359
"WASL",1.87028478842769,0.106752367927979,3.38188746899622,0.0265625074216256,0.509997403271877
"WBP11",3.49830749950465,0.218914061100586,3.85263394171024,0.0372806900715887,0.557777200727084
"WBP1L",1.52251487309784,0.140864609493324,4.26778743645053,0.0379443272333684,0.649182030641392
"WBP2",3.33006291661573,0.1507536313768,2.89660602600393,0.0248996051515324,0.43287457803168
"WBP4",3.63493286320727,0.320245436969432,4.89622912153534,0.0499716428183017,0.678784731238639
"WDFY1",2.12191405881815,0.211110395586755,4.61155437842526,0.0444328817551234,0.688911970916645
"WDFY2",1.86728934070809,0.215742383849516,4.79179687955883,0.0465862183499193,0.720851726824202
"WDR1",2.64748503466406,0.0689317924754983,1.8932350291047,0.0076793551010069,0.277849909114516
"WDR11",4.19858773395372,0.37591654194383,5.3411129616907,0.0541291663227206,0.703453648403012
"WDR12",2.61727597224133,0.44717765952961,6.09675945341591,0.0639276718245623,0.847312386393145
"WDR13",5.46576395765181,0.295412196561882,4.033047640098,0.0408534163744307,0.528434172942093
"WDR18",3.50535030908998,0.29513497574843,4.73457391433738,0.047807945790737,0.664502726564529
"WDR20",2.02049131273148,0.318791423996511,5.43411903055094,0.0561992373759055,0.801869644248247
"WDR26",3.10686059776031,0.259971806416389,4.53597101896482,0.0451951185970946,0.653336795637497
"WDR3",3.03303264625814,0.535011405047528,6.59039966955145,0.0683887114422293,0.870942612308491
"WDR33",6.92142983358727,0.345409951849192,4.26529909991134,0.0433881414373498,0.508958712022851
"WDR34",0.811912120770081,0.0823259467209724,4.56472155561197,0.0374171294801711,0.692807063100493
"WDR36",2.3886730000133,0.376925948654836,5.70403768074814,0.0595812885664857,0.817450012983641
"WDR37",10.5678986987491,0.702124557897313,10.5590265221814,0.0710431979754423,0.787587639574137
"WDR4",1.26953437544284,0.508856992258009,6.29123887724479,0.07018699713877,0.937678525058426
"WDR41",4.94956200166616,0.457982396276138,6.17951602504456,0.0600434545395433,0.747598026486627
"WDR43",2.84197347019544,0.284368135248459,4.90802245029162,0.0494452787858259,0.706829394962347
"WDR45",4.47734371288794,0.242928654681514,3.65594511551348,0.0364071271637103,0.512594131394443
"WDR45B",3.79328440337482,0.267695269419192,4.32394889511635,0.0431838581439044,0.607894053492599
"WDR46",2.85832249125133,0.27707203721833,4.81378289487073,0.0484347798333948,0.695144118410802
"WDR48",2.02624042053205,0.306648508363638,5.35667149986596,0.0551186076529967,0.792002077382498
"WDR5",4.39733326105745,0.424476034938423,5.8072426808353,0.0581545348825901,0.73902882368216
"WDR54",0.900288966779763,0.115456993363095,4.85223237425838,0.0425040649672328,0.740846533367956
"WDR55",6.02141521177379,0.522717738584114,6.84664435275577,0.0632459577953095,0.752791482731758
"WDR59",1.25549179118455,0.279835509547783,5.58326197999251,0.0569875875799015,0.849389768891197
"WDR6",1.38366582499238,0.0964296787332129,3.77537366460805,0.0299546024169425,0.571020514152168
"WDR60",1.7521057506161,0.176588990081294,4.48248181701667,0.0418954246241294,0.678784731238639
"WDR61",3.76941257843108,0.217052798584691,3.67481353489246,0.0355519042559255,0.529732537003376
"WDR70",12.8481807881125,0.736077697893789,12.1483072398382,0.0716168805982194,0.780316800830953
"WDR73",2.90146510638762,0.40945474331357,5.7881558713116,0.0603940897765416,0.803427681121787
"WDR74",1.75425232462752,0.182316170012684,4.55787931310673,0.0428685088750065,0.689431316541158
"WDR75",1.60069545063643,0.246842351600775,5.19167174939863,0.0518407890164511,0.784211893014801
"WDR77",3.66752949997468,0.369176820238301,5.43453131155203,0.0551784321255872,0.733835367437029
"WDR82",5.42517636111223,0.347848099781677,4.78366652177762,0.0478885812817337,0.604258634121008
"WDR83",2.54548893915122,0.442130466497181,6.0409310494504,0.0636705490199528,0.845494676707349
"WDSUB1",9.49827737291095,0.70358160603923,10.1574550977443,0.0717810544128886,0.807582446117891
"WDTC1",2.26629876725939,0.314353534107204,5.29729713636566,0.0546537412901051,0.775902363022592
"WDYHV1",1.41328929414906,0.173897937970303,4.80847957218136,0.0449803922611437,0.731238639314464
"WEE1",0.385310916384711,0.0626548855175069,5.25207975095758,0.0440503670224942,0.801869644248247
"WHAMM",1.5421914867661,0.253205212638598,5.27347931764413,0.0528782576690952,0.797195533627629
"WIPF1",0.802783151096029,0.0487815279057398,3.94051795207867,0.0279037877043105,0.587379901324331
"WIPF2",4.37459001743231,0.400571129172089,5.55326678811474,0.0560024734126572,0.716696961828097
"WIPI1",0.539845401650482,0.026020998590644,3.84022573512399,0.0248604539875923,0.56634640353155
"WIPI2",13.6340521558509,0.499274308487356,7.19024489388422,0.0532259063001664,0.510516748896391
"WIZ",1.88248642069499,0.353848264441762,5.68833778083132,0.0595994840673097,0.838223837964165
"WNK1",2.38294872025905,0.0980243232210984,2.70260930910992,0.0188974019230983,0.405349259932485
"WRAP73",3.3370816519919,0.405813138171247,5.7115690930721,0.058976595462434,0.776162035834848
"WRB",2.58964117824072,0.193868409617208,4.02031737453452,0.0381135708725344,0.599324850688133
"WRNIP1",2.52603845603991,0.433843436203922,6.00329307223598,0.063193986503747,0.842638275772527
"WSB1",2.25882108757212,0.0387649344875849,1.2254924719861,0.00302583254915805,0.167748636717736
"WSB2",3.88073188949667,0.438153222942851,5.99187330032306,0.0604859231009501,0.778239418332901
"WTAP",3.08538253737812,0.16564623355632,3.26697213361762,0.029442775266256,0.48792521423007
"WWOX",3.12102020747808,0.567102185571533,6.77109863853232,0.0699919899583529,0.881069851986497
"WWP1",0.659498013934051,0.0473935891800824,4.19343593491074,0.0307795732707547,0.628408205660867
"WWP2",0.952260545752907,0.131648290966185,4.91310625339456,0.044081954500916,0.751752791482732
"WWTR1",0.47066019921345,0.0322622735148047,4.3613210551826,0.031565972408916,0.652038431576214
"XAB2",1.1420744529131,0.094822889873649,4.11660269908107,0.0334667338058849,0.624253440664762
"XAF1",0.508289001844415,0.0418580312331975,4.5349297787818,0.0343129324114078,0.681900804985718
"XBP1",0.318326020210003,0.00127510584916287,2.09843571710534,0.00109442009243212,0.274733835367437
"XIAP",2.32162467926817,0.191268348540696,4.24447266443536,0.040000353744071,0.633861334718255
"XKR8",2.74922589441956,0.492804104639201,6.32331301920377,0.0664160901121232,0.862113736691768
"XPA",2.10791434452227,0.175467334841012,4.18280704268538,0.0387846069460629,0.629446896909894
"XPC",1.61907204593514,0.182830985442483,4.64461176240907,0.0438816949333793,0.705271358088808
"XPNPEP1",4.0426361846943,0.346566441503283,5.15053658207281,0.0518880588457415,0.689950662165671
"XPNPEP3",6.19466034647158,0.563634114431723,7.33925327786903,0.0659662611119611,0.77979745520644
"XPO1",3.2713115961961,0.173855427310473,3.33276894828911,0.0303544427820288,0.493378343287458
"XPO4",5.77231080386851,0.567176506949052,7.24291925242303,0.0665969025428319,0.790963386133472
"XPO5",1.01239428380531,0.231436909018911,5.55397516418279,0.0549590260491624,0.850947805764736
"XPO6",1.90977494639189,0.244280042121376,5.06844487860843,0.0500909365809792,0.75642690210335
"XPO7",2.38517278205549,0.385692839849176,5.75979409132646,0.0602608669755409,0.823682160477798
"XPOT",1.87096066283164,0.215393363639433,4.82254648117158,0.0467503460534667,0.724227473383537
"XPR1",0.887120501861568,0.215454891457633,5.54472816479197,0.0544191614308664,0.853284861075045
"XRCC1",5.62223628313389,0.510349810038235,6.62958987531007,0.0627803469569467,0.753570501168528
"XRCC5",5.30680337560897,0.150018797329461,1.86140058382079,0.0152823863225709,0.277590236302259
"XRCC6",3.79638556278613,0.112685399821068,1.81383544003567,0.0118596312132414,0.278369254739029
"XRN1",3.18657758425208,0.243480655363486,4.23137408594655,0.0421082354865783,0.61464554661127
"XRN2",5.37315609237629,0.178971445016375,2.42511531737583,0.0219512587843382,0.346403531550247
"XRRA1",0.877715586385155,0.215022195257887,5.54378201667915,0.0544189964064313,0.853544533887302
"XXYLT1",2.79305435468468,0.437288652683115,6.02967004420857,0.0628502528441187,0.832251363282264
"YAF2",3.0982802729973,0.27255616086535,4.66251932829783,0.0467825967209119,0.669176837185147
"YAP1",0.784909889736944,0.112560342429151,4.99088692668656,0.0438695010224308,0.763438068034277
"YARS",3.18986411975706,0.291637060842285,4.82850974114387,0.0487255704150642,0.685795897169566
"YARS2",2.16646181140506,0.389532559087184,5.83001533941726,0.0612582199037902,0.841339911711244
"YBEY",1.89497639003277,0.259075395690111,5.12882271691849,0.0514145653741476,0.766294468969099
"YBX1",2.30547491980888,0.013355962622802,0.444372079518203,0.0155994907832475,0.0332381199688393
"YBX3",1.4876731942289,0.0570106506389511,2.89231841120156,0.0168839463239679,0.42456504803947
"YDJC",2.65167027603478,0.261768916070689,4.77775708741865,0.0476938551734815,0.696961828096598
"YEATS2",1.3266618263677,0.203336001885725,5.13375085590233,0.0495408902498745,0.781355492079979
"YEATS4",1.96437087013496,0.243356791963012,5.00303572823832,0.0494953111072766,0.746559335237601
"YES1",0.833661233584565,0.091714412207995,4.65412513495732,0.0390045230962306,0.70812775902363
"YIF1A",2.53581428554792,0.0815481191030254,2.20934041373338,0.0123437786438914,0.329005453129057
"YIF1B",3.4871929274672,0.164250752329935,3.34201533690944,0.0290812766428539,0.485588158919761
"YIPF1",1.24314213387717,0.134774907837766,4.61088308902546,0.0409629415973092,0.701635938717216
"YIPF2",2.24526664383636,0.13812006121776,3.56968924873471,0.0305546177277167,0.537263048558816
"YIPF3",3.31846104617771,0.102946354660499,2.02050134661226,0.0126987048831707,0.305375227213711
"YIPF4",4.35731704176627,0.217230301068102,3.34050255576737,0.0325942916104028,0.477278628927551
"YIPF5",2.79625876316243,0.207001850833817,4.08131094964169,0.0391445771581512,0.602960270059725
"YIPF6",3.1833451232753,0.263711133290138,4.48795883664023,0.045041668045209,0.646065956894313
"YKT6",5.58875283415974,0.430318057619031,5.86126776969992,0.0564523246210717,0.694624772786289
"YLPM1",2.16445834927242,0.204025881002351,4.41896144000127,0.0425446473976971,0.663204362503246
"YME1L1",7.21212213730519,0.279239770571293,3.31915246502084,0.0337946873872187,0.411841080238899
"YPEL2",0.911653663091151,0.0970944127757433,4.56151818443717,0.038372469048859,0.694365099974033
"YPEL3",1.19695193890346,0.105036172804241,4.22650385947122,0.0352693105181798,0.641651519085952
"YPEL5",3.38588699949681,0.148800653714455,2.72387666864287,0.0233819401691866,0.410542716177616
"YTHDC1",3.1727687422763,0.152764223941775,2.95968251192531,0.0258211744824353,0.444819527395482
"YTHDC2",2.80418334286408,0.299363070419381,4.99291058264357,0.0509355753046306,0.719293689950662
"YTHDF1",3.00169228247909,0.442409627331062,6.02403049342566,0.0626307159847761,0.821864450792002
"YTHDF2",6.30375930306869,0.288873839205832,3.70030546523272,0.0375388087653524,0.471825499870164
"YTHDF3",3.49779953232696,0.361673445795196,5.31644504212184,0.0546420243175174,0.729161256816411
"YWHAB",4.66490064155807,0.0492419729257073,0.450832541174959,0.00877687403699356,0.0680342768112179
"YWHAE",4.69649529299221,0.0697147062009614,0.779492778021305,0.00285849114682032,0.121267203323812
"YWHAG",3.20113126022301,0.171867157803646,3.45688036102937,0.0311229741692907,0.508958712022851
"YWHAH",1.08805329501269,0.025074002801834,2.16887244379392,0.00527435747582471,0.301220462217606
"YWHAQ",2.29858995311835,0.0335641135893678,0.926328081004817,0.00690038562910726,0.121267203323812
"YWHAZ",5.11962603620141,0.0656530098269931,0.480661178023755,0.00594738708563715,0.0815372630485588
"YY1",6.89966207798281,0.250938008891555,3.06413829035171,0.0304981695573351,0.392365619319657
"YY1AP1",13.6177972183556,0.625344887780307,9.90113679415339,0.0642040914860442,0.649701376265905
"ZADH2",1.7677384450444,0.2698566404647,5.26422607269317,0.0531823643743331,0.788626330823163
"ZBED1",2.14316046804991,0.252905898935561,4.91537835865582,0.0491387437739356,0.730978966502207
"ZBED5",1.58538214786198,0.231600745408211,5.08766236054514,0.0502952456610843,0.770189561152947
"ZBTB1",2.50720794848146,0.303505620210964,5.15714780680093,0.0527199081133108,0.749415736172423
"ZBTB10",1.01394015908849,0.171416778085418,5.17568006944507,0.0487333461454143,0.793300441443781
"ZBTB11",2.15119136083952,0.431142171301628,6.01408397055238,0.0639654373869802,0.862113736691768
"ZBTB17",4.11798051488737,0.472381392614639,6.20542651039542,0.0624170613506232,0.786289275512854
"ZBTB2",1.01414200993261,0.307805809269374,5.81313039777272,0.0603555506647607,0.890158400415476
"ZBTB20",0.727555398095494,0.048078317855039,3.93579655025502,0.0279551870168288,0.588418592573358
"ZBTB25",2.4861744411465,0.385330667312858,5.72400253939544,0.0598618759976858,0.815372630485588
"ZBTB33",2.30787763574998,0.478877392044758,6.25272851454914,0.0665289030726918,0.877953778239418
"ZBTB38",2.08028735468584,0.114767310141767,3.20808867524466,0.0255705675954516,0.485847831732018
"ZBTB4",1.64012104472684,0.193158384871612,4.72638553560383,0.0451561976585061,0.716956634640353
"ZBTB41",1.09913572838641,0.227076206705625,5.42828976654792,0.0536299508318651,0.831212672033238
"ZBTB43",1.73602799192631,0.233229385681158,5.03286176208163,0.0496391962956668,0.757725266164633
"ZBTB44",1.6722096075607,0.168648582919178,4.46821703732567,0.041376559925368,0.677746039989613
"ZBTB7A",2.90545424296017,0.239540729807878,4.41219799490207,0.0434525251410093,0.643469228771748
"ZBTB7B",0.942729264271856,0.127656322818502,4.90711803313809,0.0437664922383859,0.750194754609192
"ZBTB8OS",4.6910617787679,0.314730452086523,4.56746660637632,0.0460199643445419,0.60711503505583
"ZC3H12A",0.303655466694366,0.0551989525246229,5.41964236420995,0.0455705242795531,0.828096598286159
"ZC3H13",2.51702914480016,0.150514453073618,3.44097602896486,0.0302613634004226,0.518566606076344
"ZC3H14",1.66248198505037,0.170240656306352,4.50159058742634,0.04177225687117,0.682679823422488
"ZC3H15",11.1040233882458,0.297238580631099,3.12759374162601,0.0302956490352237,0.310049337834329
"ZC3H18",2.19904315158901,0.287704377436766,5.17184357367926,0.052607577773284,0.762139703972994
"ZC3H3",49.6313819666539,0.931401765196606,44.2274862165758,0.0608835193691147,0.821345105167489
"ZC3H6",1.06246961649532,0.123264905483891,4.67373749788193,0.0410867073852571,0.713061542456505
"ZC3H7A",4.04126214939942,0.337020879780248,4.92054357859307,0.0503369474506168,0.667099454687094
"ZC3H7B",2.50490202905615,0.306428840125465,5.16514924641343,0.0529434634206447,0.750714100233706
"ZC3H8",1.55307921927906,0.242941916379362,5.20624220091666,0.0518256178711247,0.78732796676188
"ZC3HAV1",1.39509869909702,0.120484562141621,4.17675040865195,0.0357322153587868,0.634380680342768
"ZC3HC1",1.47713639279529,0.401906601526573,5.99428053067923,0.0642177962069798,0.893014801350299
"ZCCHC10",6.73476885661733,0.571391467863,7.5098230133298,0.0658726139312622,0.768112178654895
"ZCCHC17",8.79911618048386,0.45627039952969,6.00344864615826,0.0535403344315255,0.586341210075305
"ZCCHC2",0.559445616592867,0.11898251879651,5.42983562623354,0.0489577389431672,0.83484809140483
"ZCCHC3",1.16980757489192,0.45145378786581,6.15931281434224,0.0677195585154744,0.92833030381719
"ZCCHC7",3.25873389756972,0.282527606476768,4.62379446736738,0.0469285847112924,0.66060763438068
"ZCCHC8",4.15003166896373,0.483069132255197,6.29325721100006,0.0631320185997835,0.792261750194755
"ZCCHC9",6.17581942868491,0.532861154899537,6.96523343992493,0.0637711982690783,0.754609192417554
"ZCRB1",10.9848632034581,0.346777267385632,4.22056036923349,0.0381388485203713,0.395741365878992
"ZDHHC12",2.2714387470509,0.169934025039252,4.06957824183742,0.0371294102979512,0.608673071929369
"ZDHHC13",0.870356476550565,0.299561681833199,5.85507337496412,0.0606266839431266,0.901324331342508
"ZDHHC16",1.62013464693217,0.165586166239374,4.53510687225947,0.0417682134289719,0.687094261230849
"ZDHHC17",2.21655605328378,0.367363546099345,5.66591905611503,0.0593514864358282,0.821085432355232
"ZDHHC18",1.05308795888688,0.337019969051556,5.8964683642011,0.0620240883494374,0.900025967281226
"ZDHHC2",1.02730361900506,0.325826990965166,5.86474709027389,0.0614279324847124,0.896909893534147
"ZDHHC20",2.23883048793559,0.266929324973956,5.03836291177066,0.0504947583509543,0.742923915866009
"ZDHHC21",1.69596223868927,0.251018378163251,5.16982397196147,0.0517000744961742,0.778239418332901
"ZDHHC24",3.77414677609489,0.241464125291432,4.09932149132969,0.0399880562034089,0.580368735393404
"ZDHHC3",7.55447901039469,0.422456258538946,5.5788274014715,0.0520068231144146,0.598286159439107
"ZDHHC4",3.79710501687573,0.274658850782103,4.43807864739164,0.0442724077077354,0.620618021293171
"ZDHHC5",2.49929858852194,0.310877668673336,5.21733823983538,0.0534792863980338,0.756946247727863
"ZDHHC6",5.12432846348313,0.405580352063807,5.45757205598132,0.0545758466202177,0.67800571280187
"ZDHHC7",4.37984934638721,0.340620091389097,4.94360252659456,0.0499846649885615,0.656712542196832
"ZDHHC9",0.90897450776398,0.119010634492313,4.87553213068848,0.0429514113929886,0.744741625551805
"ZEB1",0.345841314370445,0.0348001156232198,4.89340842396651,0.0381135334881526,0.739288496494417
"ZEB2",0.444343933294163,0.016911965000922,3.88551159133584,0.0245253980911892,0.570241495715399
"ZFAND1",2.73658721064849,0.180348726154686,3.71768778782007,0.0345965340496409,0.555440145416775
"ZFAND2A",0.883486246031746,0.183127642924016,5.36752124231802,0.0513121754499702,0.82575954297585
"ZFAND2B",3.81044658300429,0.294236122887712,4.55294688568366,0.0462332549523328,0.634640353155025
"ZFAND3",10.2779285256171,0.412182776721282,5.11779871944963,0.0465226618006426,0.477018956115295
"ZFAND5",1.39937582588011,0.0243122826254695,1.51788469377658,0.00213439982644925,0.200986756686575
"ZFAND6",3.42231466828057,0.157985781918309,2.9470977385227,0.0258690975118475,0.439366398338094
"ZFAS1",3.07045473380758,0.0363054280467547,0.757260618053853,0.00815121746521826,0.0991950142820047
"ZFC3H1",3.42052739908347,0.341299718546898,5.16422073973887,0.0529472744719949,0.715917943391327
"ZFHX3",1.01762005553512,0.103196543812684,4.48592081438514,0.0379077800674879,0.682420150610231
"ZFP14",1.06828355672973,0.25637629504119,5.58379321534862,0.056312840911135,0.855362243573098
"ZFP36",0.609121886956001,0.00222413238184825,1.25750914681476,0.00900062340732338,0.139963645806284
"ZFP36L1",1.36332667293654,0.00684692071812412,0.703958930391039,0.014392746315681,0.0607634380680343
"ZFP36L2",0.879067708706483,0.00444306688185928,0.973783909957633,0.0118932609304594,0.0981563230329784
"ZFP62",1.56249283990963,0.386953455901269,5.90804688148457,0.0629724384371304,0.878992469488445
"ZFP64",2.16822664045055,0.419272947328392,5.95276720675763,0.0631528190130609,0.854842897948585
"ZFP91",3.79572792081887,0.460989374764098,6.14890173654262,0.0623000314740227,0.796156842378603
"ZFPL1",3.73492253550102,0.284390893690327,4.48859347429519,0.0453686234262054,0.629446896909894
"ZFR",4.40778899863573,0.219075399695344,3.38117370570392,0.0329064582458405,0.480654375486886
"ZFX",0.597158499461644,0.0470696795858341,4.30323073258877,0.0320781734452488,0.646585302518826
"ZFYVE16",1.4153039782511,0.134221752106502,4.36894478066483,0.0384722470464701,0.663723708127759
"ZFYVE19",2.88883311934142,0.387564648756062,5.66608999969201,0.0588198403116169,0.791223058945728
"ZFYVE21",1.95771834141387,0.120513705116426,3.49184885900296,0.0287542178770579,0.528174500129836
"ZFYVE27",2.30997186381712,0.355251786177948,5.55915170851181,0.0580288766597032,0.804985717995326
"ZHX1",2.07270619862638,0.173507260683184,4.15403723953235,0.0385005498926788,0.626590495975071
"ZHX2",0.625768656378499,0.200535195939888,5.7204954904697,0.0557110492506884,0.885224616982602
"ZKSCAN1",1.2039805020745,0.0567659634923302,3.20031635332115,0.0203996859389088,0.474162555180473
"ZMAT2",8.61624742286118,0.375073811374645,4.63824003673282,0.0444845921905603,0.490002596728123
"ZMAT3",0.431117370034228,0.0501825807583778,4.91375814628497,0.0393662517258842,0.745260971176318
"ZMAT5",12.826719248942,0.644671379415722,10.3010824414988,0.0661612256784945,0.697481173721111
"ZMIZ1",1.5704408940809,0.0918246502779843,3.61325657937602,0.0276084071754673,0.541677486367177
"ZMIZ2",2.23159900380311,0.233094783627236,4.70729286264799,0.0463333256063884,0.700337574655933
"ZMPSTE24",2.18781261808308,0.209366934777505,4.49328205200206,0.0433766239228205,0.672292910932225
"ZMYM2",2.72859629466838,0.18602779888525,3.7383558374415,0.0352659926968053,0.559854583225136
"ZMYM4",4.02594878533508,0.410576976448386,5.66287788420834,0.0576417739051969,0.741625551804726
"ZMYM5",2.99121830902044,0.347009108285665,5.2970138929692,0.0548214531492313,0.747598026486627
"ZMYND11",1.8173482071232,0.151693870042235,4.09427869560299,0.0367994000637438,0.620877694105427
"ZMYND8",1.82189455267365,0.165033554005794,4.34585939115076,0.0398015707966187,0.656193196572319
"ZNF106",2.27655656832626,0.10619847284904,2.9419115376143,0.0220473778534113,0.442742144897429
"ZNF12",1.62337803155614,0.328159699356009,5.63859939720796,0.0587457830690692,0.84315762139704
"ZNF121",1.42773639917262,0.332847407487212,5.73978711051466,0.0600064784465478,0.863931446377564
"ZNF131",2.94068544101121,0.333684052816231,5.238526262529,0.053889344749086,0.742664243053752
"ZNF136",1.51060397177845,0.397133355821035,5.95233502290443,0.0637520628012469,0.886782653856141
"ZNF138",1.6640358429042,0.311704651997302,5.5442056366794,0.0573084366635938,0.829394962347442
"ZNF140",2.47544112921584,0.406586432487233,5.83727387853535,0.0613959104502998,0.828096598286159
"ZNF143",0.996801334401129,0.218099408517171,5.47449011013328,0.0537440998219273,0.840041547649961
"ZNF146",3.78989954946134,0.297752150173109,4.64903405109126,0.0469771312811733,0.6455466112698
"ZNF148",3.14845552043741,0.211666317330837,3.81908117066791,0.0371687250401735,0.563230329784472
"ZNF160",1.88270504669137,0.25936316372796,5.11442864985613,0.0513830601762839,0.765255777720073
"ZNF189",1.59689125121353,0.342226017115579,5.72198368728536,0.0599231689254946,0.854583225136328
"ZNF195",3.01160767741728,0.417648059135983,5.8416248853295,0.060759852091081,0.803687353934043
"ZNF197",1.6786537717589,0.482438798361171,6.23547950940606,0.0680313146470405,0.909374188522462
"ZNF200",2.05193877491261,0.524786824317993,6.40988482489881,0.0694575950048405,0.906258114775383
"ZNF207",7.35137998394409,0.250029114371414,2.70113040171928,0.0282086741588709,0.348221241236043
"ZNF212",2.14617141682837,0.627642722882183,6.78901402717767,0.074131047553501,0.933523760062322
"ZNF217",0.886274851272489,0.103072909650763,4.67848041478748,0.0400137449228665,0.713580888081018
"ZNF22",2.21015866271025,0.128922797372652,3.38459534059722,0.0282515936459906,0.51129576733316
"ZNF224",2.19308676138585,0.317010801058655,5.33012160744402,0.055152147505562,0.782913528953519
"ZNF226",2.49773540688874,0.326471892983823,5.3328316686499,0.0549485670739297,0.77070890677746
"ZNF227",6.2343586171808,0.778665808163005,9.58729774543214,0.077390745461538,0.909374188522462
"ZNF24",1.95719654432055,0.120947138915898,3.48218342635883,0.0287210416642575,0.52713580888081
"ZNF26",4.02625701909564,0.667994220716446,7.63605619711827,0.0740624863044271,0.897688911970917
"ZNF260",1.89928763152397,0.315168961841959,5.45396191717421,0.0564140179829126,0.809140482991431
"ZNF263",2.83121601538973,0.44754751540649,6.03814305645673,0.0632955169031552,0.831472344845495
"ZNF264",2.5569551706356,0.452207647034392,6.07720414322684,0.0642391548175324,0.848610750454427
"ZNF267",0.794556063639644,0.144090616793849,5.26459815907737,0.0483610844377212,0.808101791742405
"ZNF274",1.38901790070487,0.290289090909175,5.5638583894213,0.0570444062874122,0.842118930148014
"ZNF276",1.59934124940854,0.314882987260218,5.59205987337678,0.0578941683490162,0.837964165151909
"ZNF277",9.5428487663542,0.601806750029049,8.57465833088995,0.0654310673757465,0.722409763697741
"ZNF280D",2.35811548152848,0.167493584570929,3.82064131079839,0.0349511647733697,0.575175279148273
"ZNF281",1.42020993097494,0.186633222378815,4.91202549008397,0.0466094821779661,0.746819008049857
"ZNF292",2.14468646364316,0.116002974280472,3.2040067112194,0.0255508334009948,0.484289794858478
"ZNF3",2.06146624191534,0.338772549826248,5.53949472268109,0.0576811224397877,0.813035575175279
"ZNF302",1.69699503640873,0.143400753442753,4.11391757536069,0.0365136807790466,0.624513113477019
"ZNF316",1.89967097450723,0.480263396055608,6.22528229803662,0.067411037614223,0.89665022072189
"ZNF317",2.40121553898609,0.51690325493138,6.42792015665091,0.06845623844805,0.889379381978707
"ZNF32",3.67607032375098,0.25713843611587,4.20069617456458,0.0419753768461827,0.59724746819008
"ZNF322",1.81407911935073,0.175840307158764,4.43047772630656,0.0413039184205429,0.669955855621916
"ZNF324",1.41088040204832,0.460087769434179,6.16390017729991,0.0675020632453321,0.916125681641132
"ZNF326",1.83274111339067,0.181605972079139,4.46365131255317,0.041944551402773,0.674889639054791
"ZNF330",7.97595498698848,0.503157739478927,6.84481757689016,0.0593051485889459,0.675149311867048
"ZNF331",0.34646835431711,0.0262812440527405,4.62601571689968,0.0343177820793413,0.694105427161776
"ZNF335",3.31117439544801,0.498408657083068,6.37381495125429,0.0656826948528703,0.838743183588678
"ZNF33A",1.44676802392548,0.176970003945011,4.76478646416913,0.0447883798190175,0.725266164632563
"ZNF33B",0.568797261120408,0.129002967986082,5.45246651985876,0.049746880097987,0.839781874837705
"ZNF385A",0.64543005311483,0.0340288310872248,3.96707297623205,0.0269438565596058,0.587639574136588
"ZNF394",3.14757131703123,0.40864975306133,5.76559999495453,0.0597281191259446,0.789924694884446
"ZNF395",0.877520474380841,0.138375145710454,5.08386749659793,0.0462194878231725,0.779278109581927
"ZNF397",1.08849045189596,0.193216724469637,5.22914230521345,0.0502831094753227,0.801350298623734
"ZNF408",3.7589405693668,0.670927094532116,7.55723570074266,0.0744446961878865,0.905479096338613
"ZNF414",3.16907914858168,0.513301475134009,6.45887633880356,0.0668562428763613,0.853025188262789
"ZNF428",2.94006314977007,0.0870026056854003,1.95217266145855,0.0104252646877831,0.293170605037653
"ZNF429",1.41487734461816,0.34224790044526,5.7671971362079,0.0606325015926416,0.868345884185926
"ZNF431",2.19685615936327,0.301424928519503,5.22189161079416,0.0536966136228137,0.769410542716178
"ZNF44",1.13574106769484,0.269505219587594,5.60356903931487,0.056917410464827,0.856141262009868
"ZNF444",1.80280951319903,0.264898935260604,5.20096979410336,0.0524328555543017,0.779278109581927
"ZNF445",0.886261412245843,0.219358894081242,5.57563445446674,0.0548447375210113,0.857699298883407
"ZNF451",2.95949396684575,0.284290030170763,4.75493947565577,0.0483887631238634,0.686055569981823
"ZNF480",9.83605933798538,0.783954636163458,11.5871420598393,0.0755009770342841,0.862633082316281
"ZNF493",0.858660739766025,0.138443459156802,5.08174067844498,0.046265227943047,0.77979745520644
"ZNF511",8.91219498066912,0.475793968857695,6.43549947973611,0.0555706556511499,0.61308750973773
"ZNF512",2.96536520754951,0.421710461422742,5.85297498776027,0.0611100116556845,0.807063100493378
"ZNF518A",1.41951896209291,0.251032843360776,5.34375829928101,0.0535226652804342,0.810438847052714
"ZNF524",6.64500754995512,0.354382792238261,4.75914663871103,0.0461981373026201,0.561152947286419
"ZNF544",1.16204684186745,0.227513131793385,5.38441388157205,0.0531774945565277,0.823162814853285
"ZNF557",0.922644465458899,0.367876657928016,6.00377417390176,0.0642686853269334,0.92079979226175
"ZNF561",2.52338082816797,0.429594919038247,5.97603104295557,0.0629039620374541,0.840041547649961
"ZNF562",2.93477714977096,0.460637969158771,6.14097823397699,0.0640180369058965,0.836146455466113
"ZNF567",1.60667314409064,0.415530198967371,6.00408331634004,0.0645363153304645,0.888081017917424
"ZNF576",32.7236541143824,0.897879590500678,29.6294115152857,0.0686711190480071,0.817969358608154
"ZNF580",2.57173992761772,0.124211325737013,3.00126562095034,0.0240595854476002,0.452090366138665
"ZNF581",1.96689434288275,0.179879780370402,4.44569286441874,0.0413412930998616,0.667359127499351
"ZNF592",3.23974571906923,0.39908320415918,5.68205118670993,0.0587175798775278,0.777460399896131
"ZNF593",3.73795999485369,0.189142823380985,3.44953464743616,0.0317123554595931,0.498571799532589
"ZNF598",2.95367304200155,0.518046036083539,6.48453435360972,0.067547032128954,0.866008828875617
"ZNF605",1.10907678161236,0.292455871636498,5.72832868279511,0.0588707970427628,0.874318358867826
"ZNF609",1.99369543690154,0.323045311845871,5.48216662764494,0.0567350198149148,0.808621137366918
"ZNF621",1.27203543523691,0.283305990245287,5.58416686345868,0.0571267579052221,0.849130096078941
"ZNF622",6.66664851520898,0.5414831777555,7.12304416992373,0.0637911727536579,0.745001298364061
"ZNF627",1.10812503597079,0.312728367829039,5.78337728089356,0.060157467935542,0.882627888860036
"ZNF638",2.39848739787838,0.127799564570383,3.13769920757222,0.0258310088078049,0.474941573617242
"ZNF639",3.29360281518938,0.518337961005094,6.5130614774001,0.0669763242517376,0.85146715138925
"ZNF644",4.37700018916297,0.293198361249096,4.24661993485911,0.0435999795421238,0.584004154764996
"ZNF652",1.59798747665026,0.196399189791881,4.83964039890423,0.0462832655737659,0.73305634900026
"ZNF654",0.912779785552269,0.328703518786483,5.92237137835492,0.0621859569485115,0.909374188522462
"ZNF655",4.87141191995513,0.387415274737914,5.32217527445625,0.053464202998974,0.675408984679304
"ZNF664",1.11182365524829,0.11985826946096,4.59468473179242,0.0399954241946978,0.699558556219164
"ZNF668",0.9481246969237,0.276643198864121,5.75836149726473,0.0587477572855607,0.883926252921319
"ZNF669",0.955604549559533,0.43013965730283,6.12568357805058,0.0672790293636541,0.935601142560374
"ZNF672",2.35944584931373,0.302777082043033,5.23816460532518,0.0534446428276023,0.764217086471046
"ZNF680",0.973429285448653,0.186948799990841,5.30474560113126,0.0507976230833849,0.814593612048819
"ZNF687",2.32443690873021,0.495138743836479,6.30465341357374,0.0673550979884032,0.882108543235523
"ZNF688",1.59261113147153,0.330986326437977,5.66109839828755,0.0590822879600041,0.847312386393145
"ZNF689",0.113014082128708,0.00750061823058306,5.26663448123208,0.0409806011620285,0.79641651519086
"ZNF692",1.70140368627849,0.301656949332273,5.47255808917487,0.056297881484135,0.818748377044923
"ZNF7",3.6861086018028,0.477415533681541,6.24504743262487,0.0636049798748185,0.809659828615944
"ZNF706",7.31886332815267,0.127299284145483,0.82343460227368,0.00445510460155867,0.136068553622436
"ZNF720",3.58854268814187,0.43474381562981,5.9182258272483,0.0606751178289747,0.784731238639314
"ZNF721",2.98608915890187,0.27035027799825,4.62578037012272,0.0466917295021004,0.669176837185147
"ZNF738",1.34381589356025,0.353527460790035,5.84234114486351,0.0617145659612523,0.88081017917424
"ZNF75A",1.54214508354605,0.252268755537604,5.25203985159408,0.0526952222904239,0.794598805505064
"ZNF76",1.79157126639771,0.251024344713406,5.0941827713851,0.050990913829925,0.765515450532329
"ZNF770",1.79828115709611,0.21517782148496,4.80472833201735,0.0468145872823168,0.725006491820306
"ZNF780A",26.4518431990829,0.935056020479293,27.1645051435434,0.0714540531778066,0.904700077901844
"ZNF790",1.99058100447298,0.591185148430482,6.6304206918604,0.0727195603646711,0.92910932225396
"ZNF791",1.7891946079482,0.229493715107913,4.89652966781597,0.048400737524163,0.73902882368216
"ZNF800",3.66874773271698,0.26710048649324,4.2908936457725,0.0432284604182464,0.608673071929369
"ZNF821",0.726947696010627,0.159542355005662,5.42403187790043,0.050836503982134,0.835367437029343
"ZNF83",1.45324210001513,0.141000515803499,4.34769836876017,0.0387721413235397,0.661905998441963
"ZNF830",1.64664503200168,0.344921806303006,5.71317648621935,0.0598832465912177,0.85146715138925
"ZNF84",2.21203049312138,0.273266440765851,5.04057713238797,0.0509789017920072,0.745260971176318
"ZNF91",0.824637981981734,0.0849930117528824,4.55330577890877,0.0375029353458722,0.691768371851467
"ZNFX1",1.91221343883206,0.175703029985657,4.38739013741396,0.0407358310566981,0.661126980005193
"ZNHIT1",9.59912160578992,0.18669849603154,1.31909957469821,0.0130128012378806,0.175019475460919
"ZNHIT2",2.07850320731569,0.379345831749763,5.76239794039087,0.0607013470358651,0.838223837964165
"ZNHIT3",9.05276738298595,0.48378407561035,6.41424888489982,0.0558654779715271,0.60555699818229
"ZNHIT6",1.76508724450862,0.330494124795558,5.61229282822407,0.0583580148346065,0.833809400155804
"ZNRD1",4.53887252573271,0.277819993016264,4.1503009734619,0.0416457878794747,0.566865749156063
"ZPR1",4.69990927010105,0.388979132140782,5.43906568511834,0.0542842072940459,0.692807063100493
"ZRANB1",4.46157467734521,0.551165810485474,6.89213635807274,0.0672344557512613,0.825240197351337
"ZRANB2",2.21335916118698,0.0990303306054115,2.73766032836529,0.0195822561594782,0.413918462736951
"ZRSR2",14.5856802329795,0.736457652155318,12.9262037243765,0.0707771714903138,0.75642690210335
"ZSCAN16-AS1",3.75574013809602,0.277228402151454,4.50100131141529,0.0448606262633432,0.62892755128538
"ZSWIM7",3.45981615641491,0.267350414656239,4.39189720548632,0.0442065024960226,0.626590495975071
"ZSWIM8",2.50771529241111,0.297666077103034,5.09538560792585,0.0520524487669158,0.742144897429239
"ZW10",8.17158709351575,0.817930312737334,11.1599926166493,0.0778183385151987,0.906777460399896
"ZWILCH",2.40357450791567,0.540656449472842,6.53226273353839,0.0697024186912208,0.898467930407686
"ZWINT",0.1116965044139,0.0344446412835997,5.91298581936279,0.0504161256959783,0.907037133212153
"ZYG11B",3.20355718234042,0.383414085840743,5.57252235982548,0.0575324886847314,0.767852505842638
"ZYX",1.78117057081997,0.0308346984508441,1.5657404345108,0.00070915923996862,0.211633341989094
"ZZEF1",3.16268998052259,0.339746675167732,5.22014275990218,0.0536658924994888,0.732017657751233
