"genes","r_est","p_est","r_rmse","p_rmse","zero_prop"
"A2M",0.0853241267930464,0.0016554474559661,59.9109443326212,0.0339292817358332,0.748157418995967
"AAAS",4.61731804828485,0.406797386772332,19.5313053719606,0.0966187168369082,0.718745654290085
"AACS",2.24426011925457,0.37520234253233,28.9517976775943,0.0947794574622847,0.832220831595049
"AAGAB",4.67071910443326,0.346147266822979,21.8488031242992,0.0854092226255966,0.660200250312891
"AAK1",1.15595466580661,0.11021912551737,45.0474459199435,0.0495771652345228,0.666388541232096
"AAMDC",4.61088011009256,0.238003848579745,24.0246049315476,0.0656866220444243,0.517035182867473
"AAMP",3.98954168732331,0.161326075127108,26.0113177666725,0.0530963963184375,0.416979557780559
"AAR2",6.20781871334416,0.52130649248806,10.6369146391244,0.1163433295978,0.747809762202753
"AARS",1.54641379637249,0.192693817131079,40.8481303586557,0.0632483307326707,0.735850368516201
"AASDH",2.54525973222177,0.406986273575475,25.8529986080025,0.0999078139376112,0.82971770268391
"AASDHPPT",3.1989898063827,0.23817198438482,30.1258790563381,0.0679398883535119,0.622792379363093
"AATF",2.61480001851966,0.188955036735663,33.6494583321724,0.0601590604652734,0.599638436935058
"ABCB7",4.79111062106664,0.436095170014951,17.6771769005031,0.101786085424207,0.733903490474204
"ABCB8",3.26865480280489,0.338346624128204,26.8373127065929,0.0860946547782438,0.733694896398276
"ABCC1",1.21372509822618,0.325844191328239,36.4054732783226,0.087994292697131,0.883326380197469
"ABCC5",0.832981971633036,0.0565975242298462,47.6151674170043,0.0411535395039422,0.616047837574746
"ABCD3",1.00508965004828,0.0965541316954112,47.5388689978684,0.0478726031271997,0.688360450563204
"ABCD4",1.82307800812609,0.22495479675158,37.8988221385973,0.0683085039185624,0.73835349742734
"ABCE1",4.00025691707504,0.285885759557455,25.5420222747638,0.0751271996808691,0.623696287025448
"ABCF1",5.1827207178731,0.300378530728775,20.891092488146,0.0759490715085422,0.568279794187178
"ABCF3",4.26944244214735,0.389043474657178,21.1345342230467,0.0936858337484886,0.717563621193158
"ABCG1",0.559109774804273,0.107786946549165,53.6251292782745,0.0513131225571552,0.822555972743707
"ABHD10",4.71307794544183,0.55124691398205,12.1221045753964,0.12389912762871,0.821373939646781
"ABHD11",0.881264936872431,0.0575771846114562,47.7876810097752,0.0413884515670928,0.621471283548881
"ABHD12",1.67374243360636,0.137792819677314,40.975205992754,0.053382425312606,0.641496314837992
"ABHD13",6.86237359967584,0.573211164166258,7.0141603396348,0.125781652632175,0.766235572243082
"ABHD14B",4.27130068200282,0.168589664041,25.2214094622629,0.0541249713837953,0.416910026421916
"ABHD17A",2.11756716664275,0.221468690130104,36.5065783010544,0.0671836270388926,0.70748157418996
"ABHD17B",1.12624956097557,0.476928807768171,25.4300627115746,0.114969106121408,0.938395216242525
"ABHD18",3.70565385089294,0.481864987997249,18.1156998970545,0.111897183744298,0.815394242803504
"ABHD2",0.594193775406656,0.0117894516218151,39.8158242246964,0.0330458457122491,0.380127937699903
"ABHD3",0.887405648167993,0.211846601745343,45.5923509826154,0.0686427756381714,0.856070087609512
"ABHD4",0.851726463278504,0.193524540572417,46.7061248724986,0.0654330199791837,0.844736476150744
"ABHD5",2.18756209606245,0.233431636442691,35.7681522743124,0.0691877833640899,0.714851898206091
"ABHD8",3.8738073262661,0.527533342794938,15.1511970121576,0.120338721353696,0.836948963982756
"ABI1",7.31871654839354,0.373600840774524,12.7006619864432,0.0863431497046385,0.550062578222778
"ABI2",3.24959580896164,0.209234624249913,29.9763428879879,0.0625545974564297,0.57008760951189
"ABI3",0.074823832756783,0.0203105838705651,66.6804277263047,0.0380256005034946,0.914059240717564
"ABL1",1.32584027509393,0.173754957769037,43.2238977556961,0.0605052957089099,0.746141009595327
"ABL2",0.91910198736783,0.114346409584834,48.2847335307593,0.0511387017454901,0.734181615908775
"ABLIM1",0.522408349274015,0.0716568840905159,54.5830718361,0.0450572825881253,0.775622305659853
"ABR",1.51042620325153,0.160822946705541,42.0334168913494,0.0577705767331044,0.701640940063969
"ABRACL",1.71802869281061,0.0631071940743316,36.4246016004403,0.0401236866115982,0.419899874843554
"ABT1",10.999540688602,0.529575259782841,2.3578129980086,0.113767036150429,0.62119315811431
"ABTB1",1.69848321637927,0.203684528067053,39.3524641575664,0.0647884782316775,0.727784730913642
"ACAA1",4.51929537511312,0.211106683807919,24.4184548588823,0.061057130323298,0.477541371158392
"ACAA2",1.67484712309391,0.183117515632839,39.9571643653935,0.0611519499236413,0.702822973160896
"ACACA",1.76825770697202,0.144246781368122,40.0171459848488,0.0542276169023339,0.635447086636073
"ACAD8",2.39791443383931,0.393751515573589,27.1278653481085,0.0977420809610092,0.830482547628981
"ACAD9",3.67928763623339,0.388113712194445,23.1355612238149,0.0945276653206349,0.750869141983034
"ACADM",2.63384934203214,0.209099303375107,33.4523163030039,0.0637538814170394,0.631344736476151
"ACADS",0.742457701491077,0.175591553602057,48.6860638333781,0.0626319708909685,0.850090390766236
"ACADVL",2.83448496794184,0.0802372352200968,27.4014890665206,0.0407926011804494,0.288902795160617
"ACAP2",4.1078873100534,0.179002043159747,24.6447490754918,0.055431982115287,0.423515505492977
"ACAT1",1.54883912598111,0.130199659362406,41.707337363524,0.0522236858850196,0.641079126686135
"ACAT2",1.03480540734863,0.165722858313455,46.3365562646192,0.0600146418083311,0.789389514671117
"ACBD3",3.34068141399665,0.27635743707039,28.7931821692698,0.0746913379212431,0.664441663190099
"ACBD5",3.10874628610044,0.371826698129101,25.9299079014216,0.09255326490412,0.773119176748714
"ACBD6",6.26204084654344,0.265099418535859,18.0483612843785,0.0683645675339524,0.462592129050202
"ACD",4.04528687431537,0.40211525453929,21.2322107651644,0.0964526328309231,0.740508969545265
"ACER3",0.681555944019811,0.152274665683627,50.4157356502559,0.0587170412902358,0.841329439577249
"ACIN1",3.83792087293205,0.171706322976954,26.3448418953276,0.054815738977443,0.440481157001808
"ACLY",1.59942867587291,0.0828155212806564,38.8180493049556,0.0435980823890146,0.500834376303713
"ACO1",0.838820587127535,0.188125467386254,47.0689934869467,0.0645072028009576,0.842024753163677
"ACO2",6.29517313208004,0.342956904033029,16.8839134262966,0.0824947133085939,0.570991517174246
"ACOT13",3.24512355762582,0.251483657896946,29.9654046991342,0.0704340841610499,0.64295647336949
"ACOT7",0.659488367982331,0.12232806189742,52.0628289362877,0.0536031033182318,0.819218467528856
"ACOT8",4.68279235138536,0.376564265653947,20.7406795568589,0.091033431226354,0.690724516757057
"ACOT9",0.716728627984806,0.111737342104992,51.0085358371506,0.051361517475286,0.780419969406202
"ACOX1",2.27677891095609,0.225750982810418,35.1538112148047,0.0674528274094317,0.690446391322486
"ACOX3",1.20256808254189,0.196005635265307,43.8675158528078,0.0649627293258572,0.796968432763176
"ACP1",8.44995412664101,0.200941186961406,12.5681525966175,0.0559299644571573,0.269294952023363
"ACP2",1.50002752266811,0.141731216553662,42.0312435966634,0.0543207085380728,0.667570574329022
"ACP5",0.331359762378728,0.0255256873858756,55.1877458003668,0.0372813177204285,0.70191906549854
"ACP6",1.36738008176967,0.254433993883152,39.9548556656407,0.0749369120594595,0.826380197469059
"ACSF3",8.83028608248743,0.70600015228232,1.14944734115916,0.152032798031891,0.825963009317202
"ACSL1",0.462610865335726,0.0533456318672432,54.8838412524365,0.0419243921324074,0.747809762202753
"ACSL3",1.55301833037611,0.0569652867223837,36.6337822227869,0.0391873132094153,0.411277986371854
"ACSL4",0.189647636214224,0.0487148730174561,62.0913633436315,0.0423887555963616,0.877138089278265
"ACSL5",0.206851099979149,0.0735330423393216,61.1434809617947,0.0467260102982495,0.903699068279794
"ACSS1",1.13518967061072,0.244812358173184,41.9844907026887,0.0738239941893445,0.846822416910026
"ACTB",2.03236369020432,0.0016869173521118,20.4056551396288,0.0297191490792202,0.000278125434570991
"ACTG1",3.70094601751393,0.00515554442258954,19.1249105178673,0.0304724550720653,0.00111250173828397
"ACTL6A",4.05224963880592,0.282091725382208,25.2813923931283,0.0742638901106817,0.612710332359894
"ACTN1",0.742788719075894,0.0160043697228009,37.0691242887922,0.03325785329984,0.336184119037686
"ACTN4",1.91795342269213,0.0452362049059872,28.7682353481698,0.0360407350894033,0.242108190794048
"ACTR10",2.30440348349916,0.144041769120342,34.8621580764647,0.0526348544629325,0.541093032957864
"ACTR1A",4.92324892912493,0.264807474921515,21.6085122290005,0.069430331696663,0.52023362536504
"ACTR1B",6.7000115477594,0.430296928198716,13.3342848033565,0.098372656084962,0.65081351689612
"ACTR2",3.23687708377523,0.101418379331048,26.4027002437817,0.0436708684769554,0.311917674871367
"ACTR3",2.29949224360784,0.059004029688524,27.9033038449011,0.0377998317305864,0.254693366708385
"ACTR6",2.23323478306565,0.27689923185162,34.003298533877,0.0769555710508288,0.757474621054095
"ACTR8",2.6398886813182,0.467481218979875,21.7952073470787,0.110815926458333,0.857182589347796
"ACVR1",0.819825459240867,0.157944315472334,48.5421117607875,0.0592102758453049,0.816437213183146
"ACYP1",0.960171273783455,0.149413467304041,47.629627022026,0.0573669424330785,0.784591850924767
"ACYP2",3.93781466325663,0.302008257889764,25.5212027142012,0.0782677180082857,0.650396328744264
"ADA",0.46520778802932,0.156856381967013,52.702012595665,0.0602862150488715,0.892017800027813
"ADAM10",1.56222889188482,0.110122462721165,40.1379289705596,0.0483080999617466,0.575302461410096
"ADAM15",0.725619160011364,0.0232833601747836,43.3452117508479,0.0352469229724319,0.471214017521902
"ADAM17",1.80497594577643,0.250822514776503,37.173426363763,0.073063332469931,0.769781671533862
"ADAM9",1.64487261926857,0.142009272197649,40.8383032124935,0.0540434089822742,0.646293978584342
"ADAR",4.12046455425995,0.0970182904866417,22.0289088978483,0.0421545515170032,0.229175358086497
"ADAT1",2.10559215903013,0.444996759719498,24.8711551725147,0.107610674764383,0.875052148518982
"ADCK2",2.78059322802567,0.419493963280736,24.5745769787778,0.101980598100431,0.827701293283271
"ADCK5",2.963147886236,0.42140535398581,23.9487998632093,0.102076296873206,0.819774718397998
"ADD1",2.43866518692801,0.109044763542519,31.901744960932,0.046079374921172,0.423306911417049
"ADD3",0.478257353377889,0.0275943525932672,50.6666806245608,0.0369536099636803,0.619107217355027
"ADGRE5",0.196986777924974,0.0457600716703223,61.9239800624036,0.0418329515422688,0.868585732165207
"ADGRG1",0.72005056349152,0.104981906471153,51.7272024306407,0.0503666290977564,0.782019190654985
"ADH5",2.67778757430533,0.123280564745751,31.3690367080054,0.048255017542834,0.440620219719093
"ADI1",1.66194902269685,0.0699168373805256,36.6461242447643,0.0411244925262936,0.4362397441246
"ADIPOR1",3.044497957307,0.0767450841088351,27.7397166491492,0.0405495146211488,0.290641079126686
"ADIPOR2",2.22060229211318,0.202107410299468,36.4819922052851,0.063577818649324,0.673619802530941
"ADK",2.91155851807722,0.225300927365618,31.9616086259466,0.0662535764740598,0.633152551800862
"ADM",0.0521488256821168,0.0130433350276007,67.8220876858741,0.0368803370962397,0.922959254623835
"ADNP",2.88445297690285,0.213299039721068,32.317771104635,0.0641764843213712,0.618759560561813
"ADNP2",2.48729719187249,0.453179599195511,23.2943643757059,0.108563440135725,0.860381031845362
"ADO",2.55464225955602,0.483715313260908,20.9961773137931,0.113953940121132,0.869628702544848
"ADPGK",2.33108027273362,0.23400771487745,34.4804096629227,0.0687412367236208,0.692532332081769
"ADPRHL2",7.11560776770052,0.50153523309126,9.70937160305949,0.111517086545947,0.701015157836184
"ADPRM",1.29193838354004,0.43784459857457,27.9272854000148,0.107708585708368,0.918161590877486
"ADRM1",4.06347390236272,0.140213035164795,24.7392850219296,0.0493115089407844,0.356556807120011
"ADSL",2.2436407355953,0.213119043545879,35.9389225121875,0.0654091547134882,0.682867473230427
"ADSS",1.86418382669037,0.0970044716624186,37.9429181433428,0.0457430558850441,0.511820330969267
"AEBP2",3.49963564304114,0.501595936000655,17.5731504496389,0.115979780982594,0.837852871645112
"AEN",0.971159454583263,0.25762616259574,42.1937362083718,0.0764673571016015,0.872549019607843
"AES",3.23957025477261,0.09393659230677,26.5393029150193,0.0426673842463246,0.300931720205813
"AFF1",2.58541718789088,0.244888534246144,33.0445701205916,0.0703046714195345,0.685787790293422
"AFF4",3.89144955643344,0.13269958136467,25.0523792358852,0.0481812865943161,0.347795855931025
"AFG3L2",3.07834867679503,0.243226427524975,30.9595752377886,0.0692608472142963,0.646363509942984
"AFMID",1.12109172561449,0.15026032613796,45.9071651961238,0.0570110004043812,0.754206647197886
"AFTPH",3.62744040431471,0.264505954709472,27.7520063631418,0.0719903441881994,0.626199415936587
"AGA",2.29870682206375,0.289977181509736,32.9739930641147,0.079092014634607,0.761159783062161
"AGAP3",2.00233311226609,0.283700991050501,34.8568360337094,0.0786662144542391,0.784244194131553
"AGBL5",1.97622166633012,0.309813218851522,33.7256354287384,0.08345945581677,0.808093450146016
"AGFG1",1.88689205680636,0.240786282400068,37.291789380295,0.0711843031159356,0.754832429425671
"AGGF1",11.7296808316302,0.472806620613333,2.00675851066093,0.101322033720313,0.531080517313308
"AGK",2.34011052073175,0.366816526308478,28.9249227485061,0.0929629636633614,0.817758308997358
"AGL",0.451266111554981,0.0389475184607555,53.3205251014805,0.0392094978469433,0.691211236267557
"AGO1",1.94402759730297,0.291546029693357,34.6206610751684,0.0801114182692668,0.793213739396468
"AGO2",1.90509505310933,0.17427789799449,39.2806929827954,0.0594252032121313,0.675566680572938
"AGO3",2.4839558263247,0.239170325025576,33.4050100224774,0.0692986922498357,0.682172159643999
"AGPAT1",3.87240309588002,0.232994917694539,26.5859759574192,0.0655971960373132,0.551800862188847
"AGPAT2",2.3616450904619,0.142484574913025,35.2778240185482,0.0525832730241894,0.546446947573356
"AGPAT3",0.824733000381395,0.0845541627716616,49.7383090464176,0.0462885344840625,0.707690168265888
"AGPAT5",1.04227868637392,0.197656936471447,44.8910369900357,0.0656083599882974,0.818523153942428
"AGPS",1.54275132756017,0.197101122468372,40.8621770477527,0.0640962469102559,0.743846474760117
"AGRN",0.896781630115882,0.0516332878576004,45.7822747998217,0.040017776244291,0.57210401891253
"AGTPBP1",0.991237604618718,0.340528064696556,36.4001993451525,0.0910742457811652,0.908010012515645
"AGTRAP",2.24513061254568,0.111251580672285,35.0840375064768,0.0473485565761419,0.486024196912808
"AHCTF1",2.80869825409181,0.255988910907798,31.6896470016984,0.0719135276240546,0.680781532471144
"AHCY",2.88829114550571,0.104649779516414,32.2661048168622,0.0458614294639292,0.425392852176332
"AHCYL1",3.00295168810792,0.139374375389138,30.6818325027854,0.0507789370687477,0.458698372966208
"AHDC1",1.14360639793591,0.140070889324869,45.5673829852538,0.055028962215037,0.729731608955639
"AHI1",1.67113077780281,0.181395282596789,40.3168490313408,0.0609876974426554,0.706508135168961
"AHNAK",1.6782117520919,0.0134059111769258,23.0926915327,0.0311763226590287,0.0705743290223891
"AHR",0.529291600011007,0.0455668592954463,52.2740596076497,0.0401407113825044,0.683632318175497
"AHSA1",4.03297687136978,0.210856993398769,26.3471361215479,0.0616288619869394,0.509942984285913
"AIDA",3.55567218618484,0.233481667857074,28.0470806891187,0.0662240976864417,0.578014184397163
"AIFM1",2.19092311035576,0.245566766353941,35.4160127912404,0.07139351970865,0.729383952162425
"AIFM2",0.98435489321494,0.257784399439177,42.1661773952552,0.0764987639670542,0.872340425531915
"AIG1",1.98178805120921,0.145617603167331,38.3793961523251,0.0540127887220832,0.608190794048116
"AIMP1",4.6013577937306,0.208471591097187,24.5328801546646,0.0607250660683614,0.475524961757753
"AIMP2",2.34987124521447,0.205064200146125,35.6885021373512,0.0638604185471526,0.664580725907384
"AIP",3.25260674200079,0.176512849512129,28.9888897762586,0.0563637862621665,0.494507022667223
"AK2",4.67722601168547,0.13220345619549,22.9613451384101,0.047816910456859,0.313795021554721
"AK3",3.32901387287323,0.167956228719117,29.0438533452104,0.055013088605733,0.480878876373244
"AK6",7.86849604090424,0.429137615180705,10.7947739055694,0.0968797685361719,0.606800166875261
"AKAP1",1.6298457469133,0.225719576663983,39.8023485635231,0.0692615125982765,0.774440272562926
"AKAP10",1.37201779038582,0.213827648712309,41.6176531168358,0.0675669115724045,0.786677791684049
"AKAP11",2.17720730301151,0.226367487048615,35.5737767924546,0.0677008925649482,0.698929217076902
"AKAP13",1.08762216185654,0.0454783252544594,39.2836158944966,0.0378421371155901,0.437143651786956
"AKAP17A",2.17310061748074,0.255546102852202,35.1213917662813,0.0732078626682368,0.74113475177305
"AKAP8",4.11469005625998,0.478305067582506,17.4393109801984,0.11078846530212,0.797733277708246
"AKAP8L",3.13972526381811,0.326899169300938,28.0092704458144,0.0843634008552842,0.735363649005702
"AKAP9",1.84017226645577,0.0412250881450405,30.1098919916889,0.0357885135522836,0.259560561813378
"AKIP1",2.87413102543998,0.225613370070886,31.4059070446452,0.0659850366970802,0.623279098873592
"AKIRIN1",5.87988280378935,0.359225045509613,17.208347684762,0.085700200262975,0.602211097204839
"AKIRIN2",2.17187769312635,0.193992544711924,36.1039702975959,0.0618440537616048,0.652134612710332
"AKNA",0.393204968681253,0.0938726914672153,56.6106937903584,0.0494715532512015,0.853984146850229
"AKR1A1",3.57368296581899,0.0857457766747896,24.1667257966429,0.0410089987576602,0.244194131553331
"AKR1B1",0.185929084576639,0.0214916853420472,60.7885877630064,0.0374071733104004,0.802322347378668
"AKR7A2",2.88752809867878,0.0941413534504647,30.0630711294619,0.0435875415221016,0.364900570157141
"AKT1",2.06122303552527,0.124992711524554,37.4788461686635,0.0502525975089513,0.554790710610485
"AKT1S1",5.56582700027889,0.356260454771597,18.9304138566404,0.0861251277493865,0.627103323598943
"AKT2",2.38459378834163,0.129569098573331,34.6051077969824,0.0502152995222421,0.510846891948269
"AKT3",0.219823311100656,0.0452550343828019,61.0918877911816,0.0415980261642513,0.851689612015019
"AKTIP",2.59404566879335,0.350790348642235,28.7541928964183,0.0895271864787883,0.788068418856904
"ALAD",1.89050004675428,0.220644537702765,37.9460808293789,0.0675522524818672,0.731956612432207
"ALAS1",1.92207987836337,0.223216772844885,37.5753077539709,0.0678934373616508,0.729662077596996
"ALCAM",0.658146686785596,0.0253429637544728,45.9301386682832,0.0359349177797113,0.52454456960089
"ALDH16A1",2.14105108776219,0.308058905983381,33.0161301060221,0.0827794959425577,0.792448894451398
"ALDH18A1",2.43964841343057,0.238270836123909,34.0401554719978,0.06943054850789,0.692184675288555
"ALDH2",0.36771259037565,0.0301863080271384,55.181916096568,0.0380632901676856,0.710610485328883
"ALDH3A2",1.300073895943,0.128035641000345,44.3098565299138,0.0525571017551319,0.685162008065638
"ALDH6A1",1.4507489165258,0.166959467586525,42.6039886855449,0.0590850252570659,0.722987067167292
"ALDH7A1",1.71494037229674,0.199696183749191,39.7571932389229,0.0642326334786974,0.728410513141427
"ALDH9A1",1.49910985564689,0.0813156734118381,39.749651847492,0.0435522060524053,0.515157836184119
"ALDOA",1.84597196370231,0.00862783048652861,21.7254737737851,0.0305345100985255,0.0369211514392991
"ALG1",1.63857528576361,0.228728353094858,39.3473174148619,0.0696337063893687,0.77124183006536
"ALG12",3.77811078454823,0.447322422679712,19.7540129115596,0.105270395158057,0.788137950215547
"ALG13",2.11201865377424,0.130747563486501,36.3799681378617,0.0508458161930487,0.544708663607287
"ALG14",4.82481601708512,0.484961413507048,15.5067642720818,0.111201393290839,0.774648866638854
"ALG2",3.99241940449228,0.345528895916112,23.6326973804934,0.0859764353781417,0.689542483660131
"ALG3",5.1613944971232,0.309393058503654,21.6934950090185,0.0782451279151318,0.597691558893061
"ALG5",3.35507078070873,0.202018226166791,29.5075062580253,0.0611150374056194,0.549367264636351
"ALG6",2.22326330507467,0.431391031773831,25.3996519700333,0.10493181690027,0.861980253094145
"ALG8",1.98062204405857,0.267414969790987,35.809956947707,0.0758395574455088,0.773744958976498
"ALKBH1",9.63825234707299,0.821157355805052,6.93134223649756,0.17676921574508,0.895077179808093
"ALKBH2",2.97521484198664,0.301468732920374,29.8289759686444,0.080105428700356,0.725003476567932
"ALKBH3",3.71033219192264,0.42113810211105,21.3933786338677,0.100573070562767,0.77430120984564
"ALKBH4",15.9711136853475,0.787359890970318,8.63444478701287,0.168934950201428,0.8000973439021
"ALKBH5",2.80190861132854,0.227669346103933,32.0611065099698,0.0666561262523064,0.638645529133639
"ALKBH7",5.06708056243098,0.0971804737873336,19.9676592333987,0.0420351194622258,0.199068279794187
"ALOX12-AS1",2.06497263692683,0.438078977378487,25.4180531665701,0.106385782687275,0.873383395911556
"ALOX5AP",0.0416950230784007,0.00386449134851687,67.4402673281824,0.0352033512770524,0.898762341816159
"AMD1",1.09275290637793,0.0895796040259197,45.3874003837589,0.0461426065241858,0.635168961201502
"AMDHD2",2.49057656128288,0.286072709933067,32.4006493053496,0.0781062617391398,0.744472256987902
"AMFR",0.893961656507377,0.129689324233693,48.853080860102,0.0540861324724154,0.772354331803643
"AMMECR1",0.820414390339209,0.173266273691442,48.3070765116493,0.0620905535336092,0.839104436100681
"AMPD2",1.13851585140842,0.246912121284817,41.6349843396274,0.0740742808030909,0.843971631205674
"AMZ2",3.40287295978752,0.152335392827854,29.0357430669757,0.0525015629952836,0.453553052426644
"ANAPC1",3.75245562408414,0.415436296233637,21.5935417493637,0.0994801159503867,0.768530107078292
"ANAPC10",9.04478152635011,0.663469004522614,0.479558208273225,0.14297121334026,0.789876234181616
"ANAPC11",3.48718557133731,0.030509859833382,19.8096903353502,0.0331414633922756,0.0593102489222639
"ANAPC13",5.61163781062232,0.212240445749172,20.484243338485,0.0600129302489278,0.41371158392435
"ANAPC15",5.43980924643412,0.321893834202274,20.2302085981289,0.079960733899111,0.593172020581282
"ANAPC16",6.9732742390721,0.110953091218325,14.561263645844,0.0429563769997337,0.140105687665137
"ANAPC2",4.7188588488799,0.390678928422666,19.7455540854329,0.093338254216075,0.696287025448477
"ANAPC4",4.87167398986359,0.570886438786294,10.6438245329254,0.127417680397897,0.82665832290363
"ANAPC5",3.77348819314545,0.132540500217342,24.9038813961472,0.0480177727095461,0.343902099847031
"ANAPC7",4.56384963240007,0.431916397491729,18.6373015744237,0.101462743745541,0.743846474760117
"ANGEL2",4.22937517998322,0.364585226182297,22.1303358937467,0.089122721661446,0.69482686691698
"ANK3",0.693533701960156,0.0848929873135502,51.8347297605265,0.046805215901331,0.747740230844111
"ANKFY1",1.71805117931744,0.207163725977929,39.0924561621196,0.0653499919885344,0.729105826727854
"ANKH",0.241174004210101,0.0219284566010826,58.2562179599203,0.0371238919220715,0.754276178556529
"ANKHD1",4.91462783878536,0.707667379344213,2.4491790101608,0.154101633172493,0.898970935892087
"ANKIB1",2.70947740912992,0.261526811886248,31.9235017580082,0.0730532463607393,0.694270616047838
"ANKLE2",1.31269297135472,0.134194669077896,43.8601443502275,0.0534970161031299,0.687734668335419
"ANKRA2",8.66168627113014,0.601441290667118,3.38084933369762,0.130253440984992,0.746349603671256
"ANKRD10",2.48967280398305,0.115170666150561,32.1436449132582,0.0471353662964834,0.439299123904881
"ANKRD11",1.95142703275728,0.130939959828122,37.7473658555685,0.0512493831268135,0.569879015435962
"ANKRD12",2.89185136259326,0.0868928344480496,26.970938245467,0.0416073962816472,0.293422333472396
"ANKRD13A",1.45904634143511,0.26483540957551,38.7618330893709,0.0765179705770754,0.822486441385065
"ANKRD13C",2.44901231147193,0.367301667446334,28.4075143294363,0.0927898106724206,0.809345014601585
"ANKRD13D",2.07399937826265,0.237876168356873,36.236352364627,0.0702087879739589,0.730844110693923
"ANKRD17",4.73938254965663,0.243057242167711,22.9324071294534,0.0660818459886539,0.506396884995133
"ANKRD26",1.39230700534385,0.192753309496743,42.4889447413012,0.0638726242826305,0.766096509525796
"ANKRD27",3.27837322645778,0.464886139024154,20.2970911312881,0.10943732217606,0.826310666110416
"ANKRD28",0.819066373787602,0.0762931175873622,49.1287717402886,0.0447218601508514,0.680990126547073
"ANKRD37",0.383467610707352,0.0250081019646028,53.3510349284939,0.0369337539970979,0.665693227645668
"ANKRD39",3.95510908602813,0.374115340814974,22.9075984580434,0.0915256128973818,0.724030037546934
"ANKRD40",1.6313446563663,0.290797986266315,36.2855077119266,0.080685631907786,0.82186065915728
"ANKRD44",0.254037513086531,0.0746792722762609,59.9708284821013,0.0466921361909385,0.883395911556112
"ANKRD46",1.98081037605509,0.306920573202961,33.8085732003619,0.0828974272846695,0.804686413572521
"ANKRD49",3.51323224652859,0.380771359039937,23.8370867885633,0.0932989844956151,0.75100820470032
"ANKRD52",2.9991846310732,0.349838869273116,27.4828694335854,0.0887810747607371,0.764149631483799
"ANKRD54",6.76038333566135,0.596910428488957,6.53913615903225,0.131114765703476,0.794743429286608
"ANKS3",2.91963773992386,0.351092952535129,27.5204864333576,0.0890067421693423,0.766791823112224
"ANKZF1",4.02367930546215,0.396631554068978,21.7560719559962,0.0956354194507355,0.740787094979836
"ANO6",0.897625341801614,0.0650545745721285,46.2686061063474,0.0422312131508969,0.606104853288833
"ANP32A",2.82592253065389,0.0898782131378772,29.6213507396441,0.0427959962807774,0.348352106800167
"ANP32B",2.96179789393283,0.0686316664767626,26.4738615681603,0.0390619584515312,0.251147267417605
"ANP32E",0.681008704067486,0.0817337642216408,51.3600542131118,0.0461163420226535,0.732860520094563
"ANTXR2",0.29285062232128,0.0513550608417985,58.9922987814064,0.0423081975750651,0.822555972743707
"ANXA1",0.218936045474616,0.00470400749106141,51.690291264744,0.0334605595553266,0.594562647754137
"ANXA11",2.70291085344135,0.0690237007736933,26.1946840321937,0.038883112620312,0.244333194270616
"ANXA2",1.21396071629511,0.00831659080793243,25.4777940434887,0.0308220492170474,0.101863440411626
"ANXA2R",0.157760726821176,0.0872401210487177,61.4842162153678,0.0493460995995187,0.934640522875817
"ANXA4",1.45899049132093,0.0670255688330629,38.0854103061435,0.0409275156626007,0.456890557641496
"ANXA5",0.931368554419671,0.0141315876812753,31.4613160572,0.0322532680801823,0.225837852871645
"ANXA6",1.27817074229998,0.0397558676606891,36.2825587531556,0.0365534801760313,0.370324016131275
"ANXA7",3.55119400970716,0.120003821810185,25.7619297922549,0.0463334082965658,0.335836462244472
"AP1AR",2.13221114907681,0.288066852294403,34.284678731545,0.0793513294806273,0.781532471144486
"AP1B1",0.961171520440435,0.119268608115163,47.8752626953007,0.0519211437324001,0.735433180364344
"AP1G1",2.58277721833226,0.285579525291659,31.7196046004595,0.0776678939416854,0.731400361563065
"AP1G2",2.21589737903662,0.168713779600497,37.3388776325014,0.057849361235191,0.630858016965651
"AP1M1",2.36746900478697,0.24788377570228,33.8304837497984,0.0711323538176162,0.70470031984425
"AP1S1",3.87212597110873,0.155126419636123,27.6540239356778,0.0527235683577462,0.435753024614101
"AP1S2",0.403048158415413,0.0397656324568281,55.2038344906962,0.0396659957975545,0.728827701293283
"AP2A1",2.79847044153752,0.15555301391176,32.2738336989759,0.0539107950946231,0.515992212487832
"AP2A2",2.59086479716445,0.242446039040692,32.8239437997539,0.0697114668275729,0.677513558614935
"AP2B1",1.4934412408327,0.0560754498560731,37.0057807688936,0.0391088180211236,0.416284244194132
"AP2M1",5.11282865730416,0.0863433100417275,16.9144575856074,0.0396322265077036,0.123279098873592
"AP2S1",5.06035136242072,0.0871387031872893,18.5902664907326,0.0402587738622958,0.155402586566542
"AP3B1",3.10126651074949,0.253414877917788,29.6662169237162,0.0705073670238402,0.640244750382422
"AP3D1",4.09478737614226,0.247452858456335,26.1854894872609,0.0682297249846486,0.570296203587818
"AP3M1",4.54268842900379,0.395131316992328,20.1018190334888,0.0944410508478565,0.709637046307885
"AP3M2",0.584272560987913,0.068823336377236,52.962891448036,0.044222366563527,0.739674593241552
"AP3S1",1.91480383257343,0.0704028242994156,33.6959601088526,0.0405919526258767,0.38283966068697
"AP3S2",2.04085349435162,0.38404862997644,29.0299390732168,0.0966567814022774,0.848282575441524
"AP4B1",2.23198540911885,0.510004459758528,19.9908419670252,0.119214264241028,0.895007648449451
"AP4M1",3.00503150211782,0.29547924807159,29.5518656181912,0.0787201817473827,0.709845640383813
"AP5M1",5.28197259324435,0.475787049736718,14.594139117217,0.108592017458009,0.744124600194688
"AP5S1",2.82718713267763,0.426924540086604,23.7465689944462,0.103063692111792,0.825198164372132
"AP5Z1",3.61390815500329,0.440375506069721,20.5839710198642,0.104226978496059,0.791405924071756
"APAF1",1.42604825585582,0.325755044766936,35.2837014282257,0.0874323096646784,0.862884160756501
"APBA3",4.82192400156293,0.58276043438338,10.16616132287,0.129877637948063,0.837157558058684
"APBB1IP",0.0735035893642052,0.0176216330246603,66.6672848933882,0.0375443489063736,0.908913920178
"APBB3",2.10808451620604,0.320725108687601,32.3537773323446,0.0850284569866247,0.801835627868169
"APC",1.87926468929829,0.207760965982305,37.9327801551297,0.0650462516637356,0.709150326797386
"APEH",2.88240508502157,0.166779497505429,32.733726765509,0.0560767600051336,0.544917257683215
"APEX1",4.88901032533933,0.105070473617576,20.8201511137187,0.0432897363925462,0.227506605479071
"APEX2",1.4918261166527,0.218476703316046,40.6728378230457,0.0681328489415646,0.77756918370185
"APH1A",3.24504578665174,0.0750069715694525,25.3311614225776,0.0397417722345806,0.243707412042831
"APH1B",1.5628717590493,0.235825554667918,39.3989923647817,0.0710122519072221,0.784313725490196
"API5",4.29737471012276,0.267491543242199,24.2613778055961,0.0710313570163758,0.570296203587818
"APIP",3.20642149815178,0.212098884970034,30.8208229719972,0.0634684151045736,0.590460297594215
"APLP2",1.25394144910033,0.0324945321145228,34.3906837797438,0.0352054603249208,0.320122375191211
"APMAP",1.99251704771755,0.0871373835156169,35.9877519801087,0.0437320170527699,0.457655402586567
"APOBEC3C",0.231777767205579,0.0629531947213016,60.7879459346493,0.0447193271196407,0.877902934223335
"APOBEC3G",0.102217638886556,0.0243863267564768,65.2834399191389,0.0385536709206086,0.894451397580309
"APOE",0.0451035912588629,0.00102846370924123,64.6924074009541,0.0343781834725414,0.840008343763037
"APOL2",0.478816701678782,0.0944960439263194,55.0079259714375,0.0492098756769934,0.824780976220275
"APOL3",0.41419539165461,0.0918056915007989,56.2880627493723,0.0490193751693149,0.844180225281602
"APOL6",0.570265304754779,0.0651946505502983,52.9267314320259,0.0435823114728042,0.732304269225421
"APOO",4.48244224521775,0.454666501712551,18.1314284066847,0.106182040460531,0.771798080934501
"APOOL",2.76920214374358,0.400299348096037,25.4521216113056,0.0982627038917964,0.811570018078153
"APOPT1",8.45427431072516,0.536668869770552,6.43115747429439,0.117605374267235,0.699694062021972
"APP",0.866336370043088,0.010318734463313,32.135916778694,0.031877187741153,0.230983173411208
"APPBP2",0.585768057057077,0.0450756477789361,50.6881243780191,0.0397834219928431,0.652482269503546
"APPL1",4.28951401123506,0.160340272298219,24.5462683528306,0.0525157393326348,0.390070921985816
"APPL2",1.55347022494173,0.184985846241919,41.0366773436875,0.0618765856452536,0.725837852871645
"APRT",7.06237796058725,0.10909390169972,14.9743907621832,0.0429245878195256,0.145181476846058
"APTR",1.62019074750907,0.273739577131655,37.6507141396743,0.0778926533666372,0.817688777638715
"APTX",6.62441098860701,0.444587886624224,12.954267252926,0.101137774769773,0.666875260742595
"AQP3",0.177245113220638,0.013234834825277,59.8283075980632,0.035879074208121,0.76846057571965
"AQR",2.3074744634872,0.259996534650549,33.9849080032074,0.0735760066224601,0.728271450424141
"ARAF",11.5135652459855,0.55378015044584,0.873349256289814,0.11821979774047,0.63259630093172
"ARAP1",0.944914223111606,0.107164154027594,47.6931004356538,0.0497039926225091,0.710123765818384
"ARAP2",0.400813945964577,0.178140108436935,52.11653247887,0.0642568997948988,0.918300653594771
"ARCN1",2.82298230060252,0.166993620702165,32.010907855786,0.0557500803252739,0.531497705465165
"ARF1",4.80017672448973,0.0528329810008649,16.8486150556253,0.0354794126437306,0.05819774718398
"ARF3",2.26498462141122,0.0841744564336946,32.9237468215263,0.0425884386716471,0.396120150187735
"ARF4",2.1473784160679,0.0347708055109118,25.1261704664213,0.0341196513998889,0.154985398414685
"ARF5",8.64588795302297,0.111250733046327,11.1222884021577,0.0425508918101244,0.0926157697121402
"ARF6",3.72491856220166,0.159607094579801,27.7611610165359,0.053383177894391,0.444722569879015
"ARFGAP1",1.56243153574049,0.162682071738491,41.6127159323665,0.0579847243151083,0.697260464469476
"ARFGAP2",4.88455643665228,0.329648176342891,20.8835972399925,0.0815053753283343,0.616047837574746
"ARFGAP3",1.22027442579233,0.125747103229791,44.5587449657336,0.0521702810909232,0.685370602141566
"ARFGEF1",2.36555342748597,0.18061661099126,35.6549239535324,0.0593696667974841,0.621123626755667
"ARFGEF2",2.35360447654193,0.254303289423308,34.4001618420201,0.0727160338007584,0.726255041023502
"ARFIP1",4.01188254994027,0.314996260001415,24.5678610194364,0.0803244445564521,0.655263523849256
"ARFIP2",2.38301534080324,0.12150468556168,35.2046666303883,0.0491279451251688,0.507648449450702
"ARFRP1",4.91461419874335,0.360071597802262,19.7823141422547,0.086996871429712,0.646919760812126
"ARGLU1",2.59525875223797,0.0822521865496663,28.2403314543912,0.0411627812947296,0.306494228897233
"ARHGAP1",1.1659497884709,0.065067415030448,41.6328701488956,0.041307294666064,0.519051592268113
"ARHGAP12",1.77514442397512,0.176185517350943,39.3289240694563,0.059679771359236,0.679251842581004
"ARHGAP15",0.0846701692213019,0.0264649509822044,66.2250378381161,0.0390622485741895,0.916423306911417
"ARHGAP18",0.350362511526936,0.0417450358461866,56.8089463967464,0.0402627232253951,0.763176192462801
"ARHGAP21",0.541832693754354,0.0604633225168363,53.0828964693206,0.0427930094559,0.726533166458073
"ARHGAP27",0.477677566122487,0.143754059715628,53.2893380435525,0.0579461889116287,0.879988874982617
"ARHGAP35",3.20350311322283,0.241804541456697,30.6086683406484,0.0689030435573701,0.637950215547212
"ARHGAP4",0.216106488388893,0.0433983852748161,61.2993819616128,0.0413077331317388,0.852315394242804
"ARHGAP5",2.78711397049959,0.216810041761153,32.6793755415594,0.064929014445277,0.631136142400223
"ARHGDIA",3.6241457143826,0.0610286962470223,21.0794730253182,0.0370027315199086,0.141287720762064
"ARHGDIB",0.327677245722626,0.00601469091025995,46.747970919567,0.0330719924065246,0.501668752607426
"ARHGEF1",1.29351676356367,0.105324743495646,43.2155257342455,0.0482798354182905,0.62348769294952
"ARHGEF12",1.91168633297245,0.137083153198046,38.4261631630641,0.05250603310136,0.593450146015853
"ARHGEF2",1.63762196941198,0.168182585082894,40.6837442453194,0.0586712171790072,0.689890140453345
"ARHGEF7",2.06384278122837,0.22334824992952,36.3597030467796,0.0674219908993968,0.707829230983173
"ARHGEF9",2.10808953566658,0.271961014106036,34.581591101017,0.0761689422253423,0.759282436378807
"ARID1A",2.75936370821249,0.135715852121172,32.1904966818517,0.0505913242661393,0.478862466972605
"ARID1B",3.12010870615677,0.245940037717905,30.1325960353772,0.069353188233992,0.636003337505215
"ARID2",2.24875781714471,0.229128550604116,35.5516612479562,0.0682898570471949,0.703587818105966
"ARID3A",0.805678088455245,0.23258576613642,44.9659328099599,0.0725251926240607,0.880336531775831
"ARID4A",2.35139410551029,0.223942380952079,34.6290483935386,0.0668990158118455,0.677861215408149
"ARID4B",3.27508551903046,0.11719070958518,27.6716098664443,0.0464228002215606,0.364483382005284
"ARID5A",0.401705494857848,0.0521124097155521,56.0669079346224,0.0419155691787984,0.768043387567793
"ARID5B",0.570191493552323,0.0365195315617712,49.8496133742423,0.0382574152480359,0.620428313169239
"ARIH1",3.01601163953183,0.247177383227703,30.6398712398963,0.0697852502295359,0.647058823529412
"ARIH2",7.8925738516974,0.359558667508662,12.083867329918,0.0834937172524689,0.518356278681685
"ARL1",3.40789831295611,0.135943097332582,27.7921751662472,0.0494063735025568,0.401265470727298
"ARL13B",1.94663923895146,0.304238253016261,33.8197702416224,0.082298420885564,0.800236406619385
"ARL14EP",3.11695679609713,0.26135344416242,29.4797617233752,0.0719525072945751,0.650535391461549
"ARL16",4.60395818555546,0.221812498787782,23.4572883940645,0.0624806662193952,0.478862466972605
"ARL2",0.804892534028482,0.0964862248138239,49.7281337401309,0.0483311605629264,0.728966764010569
"ARL2BP",2.15848136973246,0.115820199365226,34.6439108982198,0.047852013530897,0.485398414685023
"ARL3",3.45704350821649,0.152574448456943,28.837889601343,0.0524986551334862,0.450632735363649
"ARL4A",0.368188422546487,0.036385664432287,55.8690292525581,0.0392035425617204,0.735294117647059
"ARL4C",0.157631531318653,0.0173204710936958,61.6086101535112,0.036805604779088,0.810457516339869
"ARL5A",2.58512776194209,0.121615045825317,32.7339563525518,0.0484175450670159,0.462661660408844
"ARL5B",1.38230001656014,0.241871191465028,40.4219562952068,0.0726148583013578,0.813308302044222
"ARL6IP1",0.805986414518493,0.0376478125134997,43.9678023709035,0.0374733542841709,0.51063829787234
"ARL6IP4",8.21503576361514,0.116247824576604,11.6804371556721,0.0431888705807696,0.107565011820331
"ARL6IP5",2.50758326363646,0.0517150793446008,25.7833095516995,0.0364785795578807,0.20268391044361
"ARL6IP6",3.44607567007183,0.270566616826374,28.184117889044,0.073271498481681,0.643790849673203
"ARL8A",4.50588808156935,0.424702878698011,19.2890148155801,0.100330608214182,0.743568349325546
"ARL8B",6.84583518001803,0.31973113606989,15.2853239323744,0.0772095419048895,0.506396884995133
"ARMC1",4.00001668986132,0.285166523837935,25.930846141369,0.0752321574978665,0.629536921151439
"ARMC10",3.62306516990768,0.248685942669605,29.1994459599873,0.0697898337625756,0.625573633708803
"ARMC6",5.80994159613708,0.580236874682251,8.72628936539984,0.128513124524461,0.807328605200946
"ARMC7",1.90326956629709,0.376729050434266,29.9996835778688,0.0955895729120588,0.853427895981087
"ARMC8",4.64788047816752,0.416636393288613,18.7081226854417,0.0981531390011816,0.720275344180225
"ARMCX3",1.3370495243146,0.0515831586268471,37.5624182457992,0.0384963336089265,0.417396745932416
"ARMT1",0.665635136489703,0.02777153079819,46.3657402599368,0.0363708273819555,0.537546933667084
"ARNT",2.19352532461749,0.235537863006686,35.1564937439536,0.0692769989665479,0.707203448755389
"ARNTL",0.617286983461849,0.203076759515324,48.3107778186188,0.067874771799571,0.890974829648171
"ARPC1A",0.824601803592039,0.0293051019147732,43.5184241440905,0.0361984714042411,0.48658044778195
"ARPC1B",0.904914938840112,0.02861496714026,39.4178055182006,0.0354128513354081,0.406758448060075
"ARPC2",2.0418746584203,0.0235549045203802,22.9273288022239,0.0323803940385192,0.0905993603115005
"ARPC3",3.52887020109903,0.0369059959493753,19.682061901062,0.0338283666074322,0.0692532332081769
"ARPC4",3.00064634829098,0.243171424373145,30.9054705979565,0.0691511366569638,0.644972882770129
"ARPC5",2.42344539741434,0.0472986817178741,25.1105022587413,0.0357361772930514,0.180851063829787
"ARPC5L",3.2495692508598,0.123138030681983,29.3430571876299,0.047910576393807,0.406271728549576
"ARPP19",2.55988377388502,0.104082765209159,31.4627244437697,0.0452732601826161,0.406897510777361
"ARRB2",0.333990730466475,0.0375007026136904,56.9884361724413,0.0395694030429315,0.758795716868308
"ARRDC1",2.08198416880294,0.0874139815506579,36.1696719083803,0.0438933690433903,0.462244472256988
"ARRDC1-AS1",4.61942904176796,0.580689950231366,10.7267668001994,0.129781352553376,0.843832568488388
"ARRDC2",0.658947744434552,0.183721522903136,49.1167576683701,0.0643535871930768,0.872270894173272
"ARRDC3",0.494347573022758,0.0835889572286575,54.9625006521548,0.0472398717044216,0.804338756779307
"ARSA",1.55842017927376,0.112135448020946,40.9924036485091,0.0489189245556018,0.595118898623279
"ARSG",1.25493481450708,0.246162018098072,41.3000363096737,0.0738511229918463,0.836740369906828
"ARSK",0.83861308686464,0.374676049898508,34.5167615703961,0.0974466502629143,0.931442080378251
"ARV1",1.5485782832848,0.172678995136736,41.7175632234823,0.0598626854192206,0.716868307606731
"ASAH1",0.429056062552751,0.00234129168378149,32.994341520366,0.0308472808463548,0.228062856348213
"ASAP1",0.849051515197789,0.0661264006096939,47.6134964522753,0.0426914058697562,0.633569739952719
"ASB1",1.76654090960211,0.29745020690093,35.1926279113265,0.0815516947475911,0.813447364761507
"ASB6",20.6089114901588,0.861348827599279,11.1979294430328,0.188425709195137,0.839938812404394
"ASB8",5.61077210494209,0.422626586772749,16.0250340362198,0.0980641995306809,0.683979974968711
"ASCC1",2.70266832097208,0.395021925088868,25.9560125459908,0.0973974390501736,0.811778612154082
"ASCC2",6.00763996826347,0.443140553636829,14.0481434330082,0.101257583793949,0.682867473230427
"ASCC3",2.29564099719887,0.255696894635846,34.2723554676416,0.0728680099670676,0.726115978306216
"ASF1A",3.35666821936332,0.356822951253655,25.4850576505868,0.0891668985040866,0.740439438186622
"ASH1L",2.4978010302768,0.0869642360227753,30.5559722843506,0.0424459588259242,0.358156028368794
"ASH2L",0.717596091434985,0.0755429959132702,50.6769964941029,0.0449093393178985,0.708733138645529
"ASL",2.64958348747154,0.279103806109006,31.782732728535,0.076446096140612,0.72166597135308
"ASMTL",2.12591249461263,0.205807190061654,36.6819327430843,0.0642863482728435,0.683423724099569
"ASNA1",6.24716550897471,0.22659985774266,18.4780357415575,0.0618304381851582,0.40536782088722
"ASNS",0.99596464424792,0.261705910104149,41.8668080236426,0.0771747136341464,0.873591989987484
"ASNSD1",7.57273347554636,0.484814107058026,9.09539157945207,0.107446206025753,0.664580725907384
"ASPH",1.10065279075554,0.0307123722168469,37.0738961901876,0.0353880270640855,0.367125573633709
"ASPSCR1",3.29268693433015,0.247795076101192,29.6682509489349,0.0695971473744404,0.631344736476151
"ASXL1",2.24324291944245,0.244823176638299,35.0172628248997,0.0710736796709456,0.72090112640801
"ASXL2",2.88351583368857,0.273741194270402,30.4805967548198,0.0747865987791007,0.689333889584202
"ATAD1",4.31508400467808,0.366034694553173,21.8151741698056,0.0892706043228967,0.691767487136699
"ATAD2",0.248882087673413,0.0301927443365591,59.4518215704765,0.0387107819462725,0.792657488527326
"ATAD2B",1.57340938974846,0.284883305228451,36.9379759020303,0.0797723386203968,0.823598943123349
"ATAD3A",1.58632351047974,0.341246445270967,33.6987921637322,0.0899522187597133,0.860450563204005
"ATAD3B",2.0773063108287,0.344230596659219,31.4477255438797,0.0895130402842982,0.825128633013489
"ATAT1",2.19960321334861,0.327453401898878,31.6839671754348,0.086119078898531,0.801209845640384
"ATE1",3.31931667814472,0.376036890468512,25.0004757803056,0.0929712431665976,0.763732443331943
"ATF1",4.10006946538679,0.377596059046585,21.9959981844583,0.0917098106951605,0.713739396467807
"ATF2",4.07481633726242,0.359051427945629,22.5880661618475,0.0881466579864758,0.693505771102767
"ATF3",0.168736065411645,0.00649109125579253,57.1082933083936,0.0344086385193286,0.703031567236824
"ATF4",2.79804142667117,0.0898369349480605,29.3125554610348,0.0426760800181907,0.342233347239605
"ATF5",0.873903464682962,0.0596001994758967,46.9819398564676,0.041516386610106,0.609650952579613
"ATF6",3.42537635066319,0.249726053978699,28.8331812093114,0.0696054830499938,0.619872062300097
"ATF6B",5.75065974753421,0.245216577147925,19.2706583232245,0.0651418179516101,0.448616325963009
"ATF7IP",1.98268452263591,0.144767044733392,37.5466630033512,0.0535419637814751,0.591016548463357
"ATF7IP2",0.835654346789762,0.226674716020634,45.1596459459343,0.0714244322833105,0.87373105270477
"ATG10",3.16711230474069,0.441176830680068,21.9183188119888,0.105156166382904,0.816228619107217
"ATG101",8.37207715728897,0.422382446297934,10.024167267939,0.0951705436370247,0.583785287164511
"ATG12",5.71677094655138,0.284307403082284,18.6323799148202,0.0718359110928557,0.502850785704353
"ATG13",4.30785250413356,0.376490938145607,21.3960758517025,0.0911917249456565,0.701571408705326
"ATG14",3.39693421636312,0.398056727172399,23.3937551321919,0.0966935722625425,0.771589486858573
"ATG16L1",1.65404409199635,0.281122975245242,36.8601245838739,0.0790075991793975,0.815880962314004
"ATG16L2",1.26096068893456,0.19709228197542,43.1835870724478,0.0649138745635179,0.786260603532193
"ATG2A",3.00310371762563,0.519732102252431,17.6028731623671,0.120037487334175,0.868029481296064
"ATG3",5.86454438721634,0.245436285401297,18.8255328053065,0.0650070332063281,0.441524127381449
"ATG4A",1.57805824919002,0.401439903009529,29.5969507835105,0.100678222463785,0.887428730357391
"ATG4B",4.12027500560501,0.31926413623654,24.0992526944636,0.080970366495755,0.654290084828258
"ATG4C",1.29212664786395,0.364667404809882,33.2851961833175,0.0946723763545333,0.892295925462384
"ATG4D",3.59819253345988,0.397545501893754,23.3998014971091,0.0967691620927439,0.771102767348074
"ATG5",0.951916801869331,0.0927875243827125,47.0043682603888,0.0470267859286334,0.67104714226116
"ATG7",1.09400826852925,0.187471557333105,44.7912515318919,0.0636075438252759,0.798915310805173
"ATIC",2.70872510038249,0.162695916365848,34.2672163075632,0.0558924272411353,0.565359477124183
"ATL2",1.49853102540597,0.276744295351501,37.8829049959518,0.0785449827300202,0.826866916979558
"ATL3",2.83719800321066,0.149901564040501,31.5002828849885,0.052685547169797,0.491725768321513
"ATM",1.41346705726748,0.125109337305435,42.3017982763398,0.0514387901670988,0.64246975385899
"ATMIN",2.55261513839015,0.374426542479996,27.6968100979519,0.09394895094869,0.808580169656515
"ATN1",2.53258205547903,0.121762024322638,33.1856178200395,0.048562863689923,0.471074954804617
"ATOX1",3.93006083950637,0.0495548121655508,20.43291268609,0.0356313393649597,0.110902517035183
"ATP10D",0.502079273466014,0.122763192822629,53.7861982146534,0.0541098396421827,0.852176331525518
"ATP11A",0.460160175332965,0.158828157506555,52.6325962019315,0.060644981641014,0.894173272145738
"ATP11B",1.16859577831925,0.233759402313923,42.1082521163475,0.0716398915361387,0.829995828118481
"ATP11C",0.670165188345858,0.186447654799829,48.8271732450088,0.064785120299862,0.871645111945487
"ATP13A1",3.3836516443278,0.332367493956005,26.8292878183996,0.0849248136684941,0.723751912112363
"ATP13A2",0.77623147694797,0.0764217879156806,49.8947770222148,0.0449062791429488,0.695661243220693
"ATP13A3",1.28489639854524,0.159714618079105,43.9003508261595,0.0581214682506657,0.733833959115561
"ATP1A1",1.73329558835173,0.0559171199287355,34.1908416316034,0.0385793608889219,0.364066193853428
"ATP1B1",0.366407571806503,0.00996346527753311,48.6401795884951,0.0339219761191131,0.546168822138785
"ATP1B3",1.09852668967857,0.0827771780974964,44.8936111416951,0.0448909677414255,0.613405645946322
"ATP2A2",2.53347810354832,0.149002381271369,33.9080197547291,0.053271040862674,0.533375052148519
"ATP2B1",1.26196269970031,0.118766730642354,44.4455740374353,0.0509478468027126,0.670908079543874
"ATP2B4",0.688528961221658,0.057748543225848,49.6860727722126,0.0416908770455723,0.657071339173967
"ATP2C1",4.95400073172717,0.357616748587278,20.1327432605092,0.086781529448419,0.649214295647337
"ATP6AP1",1.54052056398369,0.0339178670133626,31.8944019390579,0.0350675190908297,0.277360589625921
"ATP6AP2",2.47971092869287,0.0655893652905677,27.6542206199405,0.0386959338692129,0.263732443331943
"ATP6V0A1",1.4086239278767,0.184658078479005,42.3295809162446,0.0622600545784077,0.748922263941037
"ATP6V0A2",0.870670293033435,0.186103020348483,46.9200436948154,0.0640708686693423,0.83576693088583
"ATP6V0B",3.64746036385833,0.0478712461334717,21.3629659620759,0.0355299477894621,0.122583785287165
"ATP6V0D1",2.32236213724285,0.140875335461188,34.8986333455927,0.0521354202047966,0.536225837852872
"ATP6V0E1",6.20221542276423,0.0751979683398162,14.5599610260137,0.0380682088145097,0.0698094840773189
"ATP6V0E2",1.13964491845231,0.0688477728341828,44.5186049399808,0.0425933545977929,0.581073564177444
"ATP6V1A",4.45043942226282,0.295057691734105,23.5789306753037,0.0760581467605473,0.605200945626478
"ATP6V1B2",0.870643877400366,0.0684189179355538,46.8951766351102,0.042901947977079,0.624113475177305
"ATP6V1C1",2.44434963469051,0.177889980792816,35.496806169202,0.0588773856281618,0.613753302739536
"ATP6V1D",5.66581989366976,0.27758928788179,19.7431667569737,0.0712531451036317,0.511333611458768
"ATP6V1E1",4.48913719534392,0.288863191485797,23.1652639764357,0.0746115893710309,0.587400917813934
"ATP6V1F",4.85249207646561,0.0784026414269972,18.9543243129702,0.0391621285524794,0.144555694618273
"ATP6V1G1",3.16692608122725,0.0231045104897991,19.7955749906527,0.0322120021469603,0.0417883465442915
"ATP6V1H",2.26835358808121,0.158515701335782,36.5284706592654,0.0557504023515632,0.597900152968989
"ATP7A",1.78744657448019,0.336173643442728,32.9333294230227,0.0884891723305682,0.838130997079683
"ATP9B",1.95474293066764,0.353275982698881,31.1518242732506,0.0911942455569735,0.834863023223474
"ATPAF1",7.38952793241198,0.510427382258615,9.43729514975139,0.113564127323091,0.710332359894312
"ATPAF2",2.4666675238285,0.334947487118482,30.1049397269652,0.0869100544430244,0.785634821304408
"ATR",3.20388641161924,0.43196521187399,22.389264736798,0.103442274999869,0.809484077318871
"ATRAID",5.99323088584418,0.1150376682261,16.1295149423259,0.0435425802158119,0.167709637046308
"ATRN",1.9975167375293,0.270670738960138,35.1565101450001,0.0761402622379858,0.767348073981366
"ATRX",3.95789635903113,0.0978067741928666,22.5125009700266,0.0423248604352809,0.238283966068697
"ATXN1",0.746750970945927,0.0686975631446766,49.3464791375593,0.0434516673996234,0.670908079543874
"ATXN10",3.46498559165331,0.163915959919688,28.2087855445205,0.0540830157311984,0.459046029759421
"ATXN1L",1.47290943490997,0.340996753108754,34.125500657724,0.0900820558196277,0.867681824502851
"ATXN2",2.97668404459618,0.235706831943513,31.1693909504491,0.0678511761956797,0.636837713808928
"ATXN2L",5.17881295293089,0.289126260623216,21.630888421576,0.0742547907099598,0.562717285495759
"ATXN3",2.19969896345614,0.239230763673217,34.9779952634688,0.0699093271345195,0.710332359894312
"ATXN7L1",1.9684374002991,0.476337429144031,23.1198067906029,0.113538008274795,0.895563899318593
"ATXN7L3B",3.61714550567747,0.197817333730816,28.8492519050647,0.0602629555793826,0.531219580030594
"AUH",2.19102581473402,0.354135352458799,30.300890375668,0.0909995148447608,0.821165345570852
"AUP1",7.11394859982719,0.14037820567721,13.9032921639466,0.0467475350931846,0.180503407036573
"AURKAIP1",4.6499107393312,0.0749279656879182,20.0232653420498,0.0389503781151666,0.15637602558754
"AVL9",1.87762204604571,0.193262409588591,38.8713808702068,0.0627426942643387,0.701223751912112
"AVPI1",1.61695675052439,0.426161784746529,27.7796393693702,0.105093165738655,0.895981087470449
"AZI2",3.9921649057039,0.241017113099351,25.6993196632306,0.0666731048564159,0.549923515505493
"AZIN1",2.52598899287623,0.0969241320693354,32.1933037898439,0.0444193699902769,0.407453761646503
"B2M",1.18773649576033,0.00131051310918069,21.2098864115087,0.0294909909498915,0.00549297733277708
"B3GALNT2",1.75010942032202,0.392862204809429,29.6381160585223,0.0988770247224287,0.873870115422055
"B3GAT3",6.24147104937334,0.286689056707001,17.6309982754629,0.0720529480412831,0.491099986093728
"B3GNT2",0.897518335596468,0.0978340774304511,48.6285774362563,0.0483228150178014,0.710888610763454
"B4GALT1",0.982248691163632,0.0503315567229505,43.0373759193589,0.0392817581101253,0.517521902377972
"B4GALT3",1.65291816218468,0.0931810845590758,39.4473891310406,0.0454357275080035,0.532053956334307
"B4GALT4",1.45628297312461,0.234699587504092,40.1461212660063,0.0710784714059527,0.795925462383535
"B4GALT5",1.35579744288728,0.227540893020232,41.2277276855815,0.070099327334167,0.803295786399666
"B4GALT7",5.70317558672843,0.445475063766583,15.2039229360098,0.102545548104719,0.706508135168961
"B4GAT1",2.63372709250599,0.439934271793946,23.5128384678356,0.105738164426597,0.842441941315533
"B9D2",1.57642584482192,0.386839590142109,30.6359430898953,0.0980817940848444,0.881727158948686
"BABAM1",9.14338047955669,0.576853817366692,3.65244194495337,0.124875925119342,0.713600333750521
"BACE2",0.39495238045201,0.0463583451104703,56.0900921903113,0.0409371802996636,0.757961340564595
"BACH1",0.827977391594973,0.125843803626325,49.2195852534305,0.0534455453331225,0.772145737727715
"BAD",3.42639453211498,0.130482915787373,27.734120483727,0.04855690174105,0.390557641496315
"BAG1",1.13295883536474,0.0326329869535836,37.4900004696172,0.0357435237923401,0.379015435961619
"BAG3",1.4311802002977,0.133421795269782,42.8982345496872,0.0531150623763507,0.668752607425949
"BAG4",1.04239047740643,0.0938815592127312,46.4621825409458,0.0471317085533685,0.663190098734529
"BAG5",5.67975328725417,0.416250716808141,16.0441840647063,0.0967340363689006,0.674106522041441
"BAG6",5.28418691518132,0.215222617092229,20.7172895332345,0.06039391133329,0.421220970657767
"BAIAP2",1.40517091459697,0.0820488408176143,41.7945676586388,0.0441633096630042,0.554860241969128
"BAK1",2.11899956006148,0.332033466652061,31.639465870819,0.0870074330557171,0.808023918787373
"BANF1",4.93776648974887,0.0747707567619482,18.209288556778,0.0385262781715783,0.124878320122375
"BANP",3.64194230767127,0.494873363712337,17.6329383624961,0.114527346441012,0.827979418717842
"BAP1",2.76189678097593,0.328999293506907,29.1003646969492,0.0852114656655155,0.757891809205952
"BARD1",0.610340678630298,0.103536954633753,53.018540164112,0.0503961169629465,0.803573911834237
"BATF",0.447334234440407,0.0474739692468343,54.8563628988384,0.0409170755363835,0.736476150743986
"BAX",2.0379341594254,0.080536962508367,33.991025333903,0.042210076199772,0.408010012515645
"BAZ1A",2.63370623118825,0.166942961872482,33.7971479756863,0.0563618214991483,0.563690724516757
"BAZ1B",3.32751805576707,0.184862365506559,29.8926822329221,0.0582700768144699,0.526352384925601
"BAZ2A",4.88738540571301,0.247619158053538,22.7760737478301,0.0669401562256181,0.512028925045195
"BAZ2B",1.77511531138016,0.128671688472607,39.0448169782368,0.0511943155690116,0.589278264497288
"BBC3",0.727412682930571,0.165619516365278,49.5109084988414,0.06099910885334,0.848004450006953
"BBIP1",4.37550079388769,0.377915511912184,20.9495289782302,0.0912131539657287,0.696078431372549
"BBS2",1.97344487711869,0.341469157552587,31.7550584084885,0.0890187017808276,0.825893477958559
"BBS4",0.653804633825846,0.0982146608238929,52.0642625118457,0.049188836030062,0.775969962453066
"BBS7",2.02973904118237,0.349233239668315,31.1282064816692,0.0903492367115382,0.827701293283271
"BBX",2.60531459978422,0.12572803151524,33.3772359180973,0.0493172252876702,0.482269503546099
"BCAM",0.687250485154561,0.00867890454611045,38.7975987158741,0.0325547506803809,0.355305242664442
"BCAP29",1.98504586254151,0.116080728024794,36.6146279008399,0.0484355404419495,0.521971909331108
"BCAP31",1.72231027911574,0.0291484681989059,28.7105746560818,0.0339608785684246,0.208941732721457
"BCAS2",3.0487116085565,0.221890245677811,30.8943275496945,0.0651729827588311,0.608121262689473
"BCAS3",0.494873589133433,0.0939224834338935,55.0252409765667,0.0491257486090544,0.824155193992491
"BCAS4",1.19536754714121,0.109536752056069,46.1503188354417,0.0498496956808974,0.686344041162564
"BCAT1",0.115232821958238,0.0289142506048943,64.8064801092193,0.0392901646392141,0.89347795855931
"BCAT2",1.13508012497443,0.0860537977124431,45.0467591232599,0.0454997242966264,0.622514253928522
"BCCIP",3.14509527948844,0.163352500308249,31.2845579232613,0.0550772612213509,0.513350020859408
"BCDIN3D",2.19438766522273,0.370157007029776,29.3116469440633,0.0938625339108807,0.83020442219441
"BCKDK",1.97131081098147,0.121818991798528,37.8684261324005,0.0497942697809446,0.555903212348769
"BCL10",2.09049019653654,0.241741846585731,35.8599631720477,0.0707849017162008,0.730635516617995
"BCL2L1",3.73628385777616,0.167868633348059,28.1355316029906,0.054911948660088,0.466277291058267
"BCL2L11",1.31784390828017,0.21918509246702,42.0825837955337,0.0688158613591965,0.804547350855236
"BCL2L12",2.31395153129161,0.272378854362482,33.9593816395991,0.0760776019224945,0.749130858016966
"BCL2L13",8.07424621471584,0.568603550858678,5.8020305473392,0.124334085763714,0.737866777916841
"BCL3",0.523443931067357,0.0531869387980847,53.4778790425385,0.0416452339728368,0.720762063690724
"BCL7A",1.68197696243744,0.259074594674903,37.878529383727,0.0750313539190977,0.796759838687248
"BCL7B",4.13236122331793,0.342746489806627,23.7332300632603,0.0855893172698421,0.687039354748992
"BCL7C",1.87559054146314,0.152575605115119,39.3697236914862,0.0555305164965046,0.638645529133639
"BCL9L",1.30824335491812,0.149780244545964,44.0455717488633,0.0563712849989824,0.719023779724656
"BCLAF1",4.92639978159681,0.157855556396585,20.9320001224073,0.0509829117566787,0.323320817688778
"BCOR",1.83099221145085,0.243281114727678,37.4804968069838,0.0717347162922161,0.762480878876373
"BCR",1.77171254378899,0.327614651697482,33.7075080114763,0.0871175608762315,0.837713808927826
"BCS1L",3.74708154092389,0.456588698602079,19.5131633908815,0.107198960256452,0.798984842163816
"BDH2",0.817799953235497,0.0744360469924467,48.4095375569133,0.0442245377054007,0.663815880962314
"BDP1",2.4938932728262,0.137548331419076,33.894158865285,0.0513356986194857,0.512446113197052
"BECN1",3.18797736174758,0.145047869332198,29.8731874649392,0.0515070209316857,0.454874148240857
"BEST1",0.390158885570219,0.134321741495919,54.9214992111775,0.0566091414243722,0.89396467806981
"BET1",3.76388172866367,0.276960717533819,26.822971866025,0.0739708816646628,0.630997079682937
"BET1L",4.06502757180364,0.270817961336101,25.4264708553956,0.0721802794877409,0.596231400361563
"BEX4",1.1998494174835,0.0662464003652093,41.9030827121172,0.0415796069016105,0.526630510360172
"BFAR",6.80781765451684,0.358233988112733,15.1000276107895,0.0846671794440126,0.565915727993325
"BHLHE40",1.095107303072,0.0273567987196419,36.6025369499186,0.0348560626745499,0.351689612015019
"BICD2",1.89579776603885,0.307038392002863,34.0044179614295,0.0829675651247739,0.808302044221944
"BID",0.801417534829938,0.112155177050818,49.9998819548363,0.0511931535689033,0.762341816159088
"BIN1",0.217357647954276,0.0487576135925236,61.2459385988115,0.0422488305157732,0.861006814073147
"BIN3",2.99775167698649,0.477429684503187,20.1289066656436,0.112038519674166,0.843832568488388
"BIRC2",3.25686601104946,0.266817774509698,28.7277928392207,0.0726974437990761,0.646641635377555
"BIRC3",0.0983577039830784,0.0233407317767152,65.4717076225582,0.0383952714128106,0.896189681546377
"BIRC6",2.79459802263993,0.146745946756691,31.442831766014,0.0521122816876343,0.484772632457238
"BISPR",1.5269979114489,0.407800856397506,29.3696516374682,0.10194348608597,0.89396467806981
"BLCAP",5.07153540442924,0.302333906209367,21.2183432784295,0.0764555351016697,0.577040745376165
"BLMH",1.71342520942519,0.199675022710361,39.4282036922774,0.0640706080715474,0.722222222222222
"BLOC1S1",1.38170551010091,0.0633552247133701,39.337764631758,0.0406449533299747,0.473508552357113
"BLOC1S2",4.58881115160652,0.282437944111114,23.241476188275,0.0735020292570147,0.578292309831734
"BLOC1S6",3.23389078570143,0.225717636776978,29.5243161337673,0.0653148616420986,0.590321234876929
"BLVRA",1.3318245118376,0.0606670494576205,40.0515473723329,0.0403857925081554,0.481852315394243
"BLVRB",1.3825354657751,0.0341523632805935,34.9985030248895,0.0356181051877264,0.3360450563204
"BLZF1",3.11803463856655,0.320198112028966,27.904060682912,0.082859761271102,0.722083159504937
"BMI1",0.795302857234688,0.0475731874976877,46.9186515215716,0.0395581780828535,0.585801696565151
"BMP2K",0.384314646130855,0.0585414051568377,56.8751523830804,0.0431862961482112,0.795230148797108
"BMPR2",0.919448925605444,0.0561983360185658,44.7400918912806,0.0405029975395671,0.560631344736476
"BMS1",3.78910000040394,0.348172666954358,24.3401407900075,0.0868671688342214,0.70623000973439
"BNIP1",5.86349975286856,0.686915149581343,2.82604874933806,0.149626911534404,0.871088861076345
"BNIP2",1.86363749946219,0.132764165003913,38.138971553997,0.051627227300721,0.580030593797803
"BNIP3",1.08010773326751,0.0387972958343468,40.4534394941848,0.037137159814294,0.447156167431512
"BNIP3L",1.93130440958702,0.0413394846823765,28.2383411691178,0.0354496680261319,0.224794882492004
"BOD1",3.0996848034113,0.228128625229977,31.4876647815916,0.0666983835612809,0.630093172020581
"BOD1L1",2.74566835263398,0.188311573310494,32.5687636370484,0.0596487907619961,0.579057154776804
"BOLA1",4.85393503547504,0.389441363102683,19.6896717470828,0.0931443232015441,0.693505771102767
"BOLA2B",1.56270509813524,0.369271739466007,31.9980866710807,0.0950476013698513,0.876859963843693
"BOLA3",4.10863457750971,0.161203205457144,26.1852266068907,0.0532420676054131,0.420734251147267
"BORCS5",9.89729570387333,0.74636747076328,3.72744655674685,0.160391103295214,0.839452092893895
"BORCS6",2.71393664662503,0.443632809431722,22.9947845966772,0.106242295407771,0.83931303017661
"BORCS7",2.15252531031807,0.195102875980698,36.7649070244772,0.0623447091190629,0.666319009873453
"BPGM",1.51868898792458,0.251712793142738,38.9167457278038,0.0739423199613424,0.802809066889167
"BPNT1",1.44224453621633,0.217186292265893,41.3354303099743,0.0681616184578571,0.787512167987762
"BPTF",2.74997016613351,0.0963179820793399,30.1151526669951,0.0438252984770999,0.368794326241135
"BRAF",2.36685407816171,0.328306340242231,30.9619938056773,0.0859697676261321,0.789806702822973
"BRAP",3.31738108631981,0.470946970941466,19.8366020954964,0.110505614163554,0.828048950076484
"BRAT1",3.08561610680151,0.236332810346815,30.5920199772423,0.067749320376562,0.627729105826728
"BRCA1",0.202444091081372,0.0699087967353173,61.3999069540178,0.046112098162194,0.902099847031011
"BRCC3",2.31305484212929,0.263860778908752,34.2150970975065,0.0744944611101584,0.739187873731053
"BRD2",3.59936771938855,0.0735509627478837,23.1453215687418,0.0391241404151491,0.202962035878181
"BRD3",3.68170847874502,0.201364117193072,28.1382406797651,0.0605856647584552,0.524614100959533
"BRD4",4.68275728980781,0.198891832905185,23.1423914842214,0.0584393871632301,0.43394520928939
"BRD7",2.29484883363914,0.27767557055386,33.592537224766,0.0769248315688704,0.751425392852176
"BRD8",2.39129183987382,0.229207689865138,34.5805857915425,0.0679209592624749,0.686274509803922
"BRD9",2.95880362083528,0.303142326375456,29.5915308198291,0.0802823870284969,0.723473786677792
"BRF1",5.30716682327675,0.575129305152065,9.86416153467954,0.12802660232221,0.819427061604784
"BRI3",0.634308572477225,0.0478231903178104,49.8621573770003,0.0400897257198171,0.641913502989848
"BRI3BP",0.750753270165994,0.158303592209983,49.6211224724444,0.0596408635088644,0.837227089417327
"BRIX1",2.69245813441402,0.275083439012701,31.6091328621413,0.0755651438409091,0.711722987067167
"BRK1",9.1483858153193,0.0799163130915507,11.2018333815831,0.0389506447234286,0.0447086636072869
"BRMS1",12.5396521010581,0.527420305044186,0.691628918797711,0.112748940796901,0.591364205256571
"BROX",4.54774087370087,0.297321940051801,23.4608173704985,0.0765109896861974,0.607217355027117
"BRWD1",2.13584088321499,0.103481597352491,36.0422862156609,0.0463641327939017,0.48936170212766
"BRWD3",1.29549883437353,0.242907873587209,40.9624341930639,0.0730348648828362,0.824920038937561
"BSDC1",4.57541924054128,0.271461580536449,23.1728469222664,0.0713503345245575,0.558406341259908
"BSG",3.39581097192271,0.044998828314171,20.5734573347593,0.0348815878023745,0.099847031010986
"BST2",1.04463897402526,0.0103215784034628,30.9893560484888,0.0317973633875884,0.210540953970241
"BTAF1",2.24294415268212,0.331180208464269,31.2605478671846,0.0866795001729409,0.799888749826172
"BTBD1",4.88263314366668,0.466123152736778,16.0635080910844,0.107340126539189,0.754137115839243
"BTBD10",3.4671621745532,0.438478234309372,21.1159132015227,0.104110716334587,0.797663746349604
"BTBD7",2.59007269506414,0.256036748069577,32.6369653087296,0.0722697097466249,0.697538589904047
"BTD",1.88588581404977,0.310779920590678,34.089331975925,0.0838177282583509,0.816228619107217
"BTF3",4.77931344702772,0.0162927939841262,17.6949654111645,0.0317397797388512,0.0066750104297038
"BTF3L4",6.41294414429901,0.196595969736675,17.7566849533538,0.0565805789173707,0.342233347239605
"BTG1",0.748839135620231,0.013629296289287,37.2018013869051,0.0329816156635543,0.334306772354332
"BTG2",0.327332052613709,0.00358817933137499,42.8593796159124,0.0322264921035258,0.421429564733695
"BTG3",0.34515704795276,0.0650748105459372,57.9055078432801,0.0445375022452789,0.826727854262272
"BTN2A1",2.71774606460729,0.405645263656775,25.1881133033074,0.0992258257234718,0.815672368238075
"BTN3A1",0.720074359514627,0.154591100819607,49.83150911551,0.0589752817359349,0.83451536643026
"BTN3A2",0.673399284107128,0.0957071300429179,51.7573106473374,0.0486693889698836,0.76567932137394
"BTN3A3",0.540830113962595,0.142990938586957,52.4664783993282,0.0575569955992159,0.863231817549715
"BUB3",2.00771494434325,0.0684955921029733,34.1489694157521,0.0405050367131143,0.388680294812961
"BUD13",5.86966360849841,0.635976356220316,5.56530628088332,0.139344071743691,0.839521624252538
"BUD31",9.58983602903092,0.27737207920779,9.06331581803797,0.0672564866319033,0.339799749687109
"BYSL",2.05296540390889,0.439420925419174,25.4992432121041,0.106763758715559,0.877068557919622
"BZW1",3.02974111442082,0.0635940627924648,25.0322752799479,0.0380617064115743,0.215199554999305
"BZW2",1.06375169467649,0.060985661613095,44.8355903333253,0.0413791974924509,0.572243081629815
"C11orf1",3.46058287858275,0.222795580784599,30.3528071049392,0.0654102610013145,0.601515783618412
"C11orf24",0.999632821463458,0.0685882306328792,45.1245592169542,0.0425921478096532,0.591294673897928
"C11orf49",3.5488630750609,0.291713157147167,27.2341538707217,0.0769649865964306,0.662842441941316
"C11orf54",2.09921422364987,0.280436756975296,34.4373840159713,0.0778228428223397,0.771172298706717
"C11orf58",5.21889698937955,0.0749534160465619,16.7254027609889,0.0382322888521733,0.1001946878042
"C11orf68",1.53959999701223,0.325268074787015,34.7659615410592,0.0870884578326082,0.85273258239466
"C11orf71",2.27880998851439,0.341860801829565,30.703255327007,0.0886586856307936,0.807884856070088
"C12orf10",7.3594506606352,0.340173515860315,14.3665825991198,0.0809507712108214,0.525378945904603
"C12orf29",2.47880554439481,0.361202855998142,28.8214033069819,0.0917659505036715,0.806633291614518
"C12orf4",3.75984185871913,0.586679182740953,11.6978100936919,0.131631099340384,0.871297455152274
"C12orf43",3.94838948886797,0.49648662525495,16.8125552332018,0.114416251921521,0.816089556389932
"C12orf45",2.97297997593162,0.326697886390727,28.7036955531851,0.0846446151578443,0.747253511333612
"C12orf49",1.59607895681764,0.287772559288069,37.0280076756479,0.080464560545111,0.830273953553052
"C12orf57",3.04443255477004,0.0231080258705914,20.462674833113,0.0322943558787988,0.0531914893617021
"C12orf65",1.60950385308383,0.247658232657531,38.5058404775157,0.0729723031342872,0.788416075650118
"C12orf73",1.65702945284321,0.220400434236045,39.8808949041305,0.0682710684838625,0.766722291753581
"C12orf75",0.282130274501486,0.0203680658382549,56.2455865737897,0.0365844523661467,0.712626894729523
"C12orf76",3.58436852426285,0.316044207671276,26.3042480212169,0.0813352620220618,0.68724794882492
"C14orf119",5.37489829178257,0.233837125925913,19.9967405477909,0.0632696535569606,0.440481157001808
"C15orf39",0.983247368215471,0.201045253476714,45.2216386026386,0.066380028750596,0.830482547628981
"C15orf40",5.62324447926847,0.372208095761946,17.6061052753624,0.088488099474858,0.629884577944653
"C15orf61",3.96703236924656,0.228946749823367,26.7759431637692,0.0650419955825942,0.548741482408566
"C16orf58",3.39706772632811,0.301138075040553,27.8902272558687,0.079160999936909,0.690307328605201
"C16orf70",3.71038477158789,0.505879858163878,16.7730066324176,0.116449838473026,0.830621610346266
"C16orf72",1.57503397056492,0.120137492623493,41.1403529901814,0.0503245536300557,0.612432206925323
"C16orf87",1.37758685610702,0.257096815536822,39.5887915263859,0.0752951826061836,0.824224725351133
"C16orf91",3.90399852613246,0.331523160386583,25.3961312734989,0.0842148421053431,0.697677652621332
"C17orf49",2.20416912278021,0.199500102413341,35.9355968402288,0.0628122956731431,0.658809623140036
"C17orf58",0.799537742146062,0.0801525626610196,50.1150531852824,0.0456173717909394,0.706786260603532
"C17orf75",2.06310632038183,0.318227765781333,32.758284876304,0.084716718697457,0.804895007648449
"C18orf21",10.7768120559288,0.709641207732115,2.8817597441957,0.152209760542512,0.798289528577388
"C18orf32",3.51550547794342,0.153420756457872,28.0908306889028,0.052365473289195,0.438603810318454
"C19orf12",2.12118005756271,0.335212728809364,31.4922625991841,0.0876022743421944,0.81073564177444
"C19orf24",3.54936048003551,0.154151373648884,29.8501627806903,0.05325249314614,0.472813238770686
"C19orf25",14.9967658597073,0.598213549206994,4.58499809371592,0.125247177805965,0.607565011820331
"C19orf48",1.15493814653493,0.0916924729709774,45.8890411313279,0.0466928177051896,0.648936170212766
"C19orf53",6.98381069960781,0.0873904179373973,13.9700436175928,0.0397440250630375,0.0879571686830761
"C19orf66",1.06464480881347,0.061273704959677,42.7812869088422,0.0409329084798803,0.533375052148519
"C1D",6.78078954481626,0.325143402936629,15.0289878123737,0.0780196606880189,0.510499235155055
"C1GALT1",0.791371523488112,0.141144434246092,49.5878038879325,0.0563865453692796,0.806285634821304
"C1GALT1C1",1.41126904626089,0.177017634425272,42.5174190808711,0.0608954997837188,0.738979279655124
"C1QBP",2.44811955415109,0.0605528313955861,28.5323283460034,0.0382481007238147,0.270824641913503
"C1RL",1.835380051377,0.175425705266735,38.9221835709142,0.0594161519602113,0.670560422750661
"C1orf122",2.55284843996931,0.137010789399689,34.1671943017509,0.0513989557117964,0.51696565150883
"C1orf131",4.01564081343115,0.336660712241531,24.0282515501293,0.0844207918224598,0.681894034209428
"C1orf159",2.52413259764633,0.417026966177099,25.52825475847,0.101951100268436,0.840564594632179
"C1orf174",5.25329613088882,0.422328287247276,16.72515903025,0.0982820963762494,0.695313586427479
"C1orf21",0.915857410543059,0.0493212333293339,46.1052851475583,0.0397480417971046,0.574189959671812
"C1orf216",1.69188587069988,0.273070807386402,36.7247597627858,0.0772733364136267,0.799610624391601
"C1orf35",2.57868896236568,0.169843938864183,34.3912476440269,0.0570789791531953,0.579613405645946
"C1orf43",2.97393482654994,0.0370592237674577,23.9766192608032,0.0345522199265982,0.145459602280629
"C1orf52",8.10794016037726,0.484846249589428,7.95113059677797,0.106800485792345,0.645459602280629
"C20orf194",0.935375521851399,0.186434860235444,46.2972431494416,0.0639231071563287,0.824850507578918
"C20orf27",1.75544747222112,0.112022542076913,39.3778626402203,0.0485262531115978,0.565498539841468
"C21orf91",0.624389791402591,0.199736623893061,48.4658930573835,0.0672700349517962,0.888054512585176
"C22orf39",5.90454837160866,0.358660152178071,17.295934619984,0.0856717588742035,0.602906410791267
"C2orf49",8.18150594708729,0.643792684048849,2.32796410898385,0.139416080702608,0.792866082603254
"C2orf68",3.55453531211056,0.358231167037522,24.9513286664722,0.0892584539314634,0.73355583368099
"C2orf69",2.22205371157284,0.297813817707456,32.9777474843205,0.0806615917757094,0.774440272562926
"C2orf76",7.47547347460375,0.599431725224416,5.1155952724405,0.130746301647802,0.773675427617856
"C3orf14",0.769089567880466,0.0425865822080151,48.4223612094296,0.0390786541949808,0.605409539702406
"C3orf38",8.77466520512269,0.652583968551199,1.07117675798548,0.140652655800259,0.784035600055625
"C4orf3",3.10945389580477,0.0397178134296373,20.6429907086766,0.0341668284321266,0.0884438881935753
"C4orf33",2.04443018511469,0.471409575839036,23.2690843920256,0.112536800131725,0.890070921985816
"C4orf46",1.17201437900597,0.358663518912855,34.3162604517916,0.0939241759029846,0.900848282575441
"C4orf48",0.807436024222435,0.0241868665313603,41.7892183976572,0.0351624650073398,0.443471005423446
"C5orf15",2.32748185599117,0.128175489180508,34.1027154708258,0.0497603121342777,0.498539841468502
"C5orf24",5.25679342604211,0.192472878653613,20.8660616516177,0.0566591785801501,0.384577944653039
"C5orf30",0.779991876847737,0.0983662825373038,50.6929120799029,0.0489255052994496,0.750660547907106
"C5orf51",3.44690487314629,0.306818747731829,26.9932585964487,0.0797775489955105,0.683771380892783
"C6orf106",4.49036627049933,0.427166632628572,19.0003741275108,0.100629234529943,0.742455847587262
"C6orf120",2.63127892514483,0.311084317933564,30.4102086375288,0.0821740379091292,0.751077736058963
"C6orf136",10.3723204205052,0.674110555700235,1.21875649344459,0.144661879872726,0.775066054790711
"C6orf203",1.24953039454432,0.20392029361927,42.961720605004,0.0661408586537988,0.794048115700181
"C6orf226",2.63480736612023,0.311643008027786,30.4644027331627,0.0823308825320598,0.75302461410096
"C6orf47",14.2401068569894,0.685314622128147,5.53668448869755,0.144968809215022,0.714504241412877
"C6orf48",2.0899475617381,0.099698085548738,35.399534504099,0.0455371506189673,0.470031984424976
"C6orf62",2.07161824555158,0.0830241155690133,34.6132779263515,0.0427757774001179,0.424628007231261
"C6orf89",4.19227878334534,0.228874330943377,24.6164734504867,0.0640322116481563,0.510151578361841
"C7orf26",5.83439063493248,0.605164902429203,7.3686814949619,0.13338220152399,0.822764566819636
"C7orf50",2.64588407184813,0.0705772427735074,29.3756588528703,0.0399261562035221,0.306980948407732
"C8orf33",1.66127927031835,0.114992245173235,41.059705355507,0.0495038521519888,0.602141565846197
"C8orf59",4.18921601530911,0.0622632972869054,20.2611335233409,0.0372202304784555,0.133500208594076
"C8orf76",2.21079028831852,0.328755779618011,31.7674607653525,0.0864697019401329,0.804964539007092
"C9orf16",5.28723411988223,0.0722772015345041,17.2304722109512,0.0381021467349617,0.105409539702406
"C9orf3",0.252867928870272,0.0239481484917715,58.158249593999,0.0374509940111622,0.756153525239883
"C9orf64",1.65846223398106,0.320271052390061,34.5563804830698,0.085966566102293,0.840564594632179
"C9orf72",0.709110579769542,0.276560602216334,42.6218119941997,0.0805204029908324,0.912738144903351
"C9orf78",7.02272206061954,0.299238418614084,14.7301570023525,0.0730764589512147,0.463496036712557
"C9orf85",3.3326546329938,0.472895654761348,19.5512040272212,0.110726821774083,0.82617160339313
"CAAP1",5.17909623427724,0.461395837531559,15.7575547516065,0.106226204223268,0.741343345848978
"CAB39",2.00708740778215,0.225531635126451,36.944964314632,0.0680977372113263,0.722291753580865
"CABIN1",2.14526588024919,0.214347363554985,36.1589537226154,0.0656645780853018,0.688708107356418
"CACUL1",3.69915798669791,0.207280453465583,28.4733898294085,0.06181528309446,0.541162564316507
"CACYBP",2.36499975541067,0.0764333811463571,31.2321694925813,0.0410673927871305,0.350646641635378
"CADM1",0.233935822850914,0.0274058969581651,59.5540770776215,0.0382442216605765,0.789459046029759
"CALCOCO1",1.45938346444521,0.110784247623886,41.6207140495042,0.0488182006059479,0.604018912529551
"CALCOCO2",2.36861601980172,0.127468603602419,33.4653067384989,0.0494453232603099,0.485537477402308
"CALD1",0.150566841951826,0.00116345186510333,52.4341989435895,0.0329808270713988,0.601932971770268
"CALM1",2.17337375217075,0.019309127066794,21.5061104631002,0.0317239608808245,0.0566680572938395
"CALM2",2.51292388956191,0.0142358627679268,20.1048250018581,0.0310898835224237,0.0238492560144625
"CALM3",2.85438306402717,0.0633882619579766,25.2712774335589,0.0379997124556065,0.217772215269086
"CALR",2.14770494459973,0.0207107494228368,22.3715909997786,0.0320193229904186,0.0756501182033097
"CALU",0.596217288875807,0.0136786221610275,39.8027128260428,0.0332910381403386,0.383465442914755
"CAMK1",0.433040074904353,0.0959994966456304,55.7888617883677,0.049666762566377,0.842233347239605
"CAMK1D",0.343459173086622,0.0837128751304045,57.7987407751493,0.047878888800807,0.85829509108608
"CAMK2D",0.601941600176594,0.076911351185684,52.8853413224526,0.0456128108902378,0.752955082742317
"CAMK2G",2.91627496296217,0.300529075380458,29.5478598246082,0.079674449805786,0.7181198720623
"CAMKK2",2.34491745336372,0.262213951535203,33.8315093405462,0.0739679235460864,0.729383952162425
"CAMKMT",3.92954334020729,0.587163075240696,11.4074289155227,0.131587966546204,0.866777916840495
"CAMLG",4.33150522020791,0.127827444069051,23.1769165132077,0.0470267323838816,0.307467667918231
"CAMSAP1",1.58862728013838,0.366957724597097,31.9517971359528,0.0945097871242156,0.872131831455987
"CAMSAP2",1.50076592821651,0.202345329514801,41.118225658064,0.065191922746011,0.757683215130024
"CAMTA1",4.59926025751845,0.130951541765225,22.2976380913584,0.0473160979136834,0.298706716729245
"CAND1",2.30895296774598,0.109233177745697,33.7222669688814,0.0466240788454411,0.457099151717425
"CANT1",1.73145185756818,0.0752669395944905,37.5010427516104,0.0421905970232303,0.462870254484773
"CANX",4.67234233077432,0.0692228628664803,19.0407657769021,0.0379622958646976,0.127868168544013
"CAP1",2.61453121337966,0.0510699056544931,24.6790295944539,0.0361907252786402,0.181476846057572
"CAPG",0.487956513894345,0.0144774822409876,44.818522341191,0.0340875207213833,0.481365595883744
"CAPN1",6.11639309714355,0.247844562721186,18.0585835904577,0.06517224279682,0.433041301627034
"CAPN10",4.78909200258236,0.73097356243547,1.06946736476944,0.158727585254751,0.91169517452371
"CAPN15",1.71310539349206,0.341188262392036,33.1582803639261,0.0896860927240565,0.850646641635378
"CAPN2",0.889407925525643,0.0299906757939573,40.5840595768738,0.0358035094359231,0.431720205812822
"CAPN7",5.12635968039628,0.385983429762792,18.6645826504814,0.0918187194805902,0.670143234598804
"CAPNS1",3.48532156806453,0.130619290133517,27.6880622055975,0.0486023423736757,0.390349047420387
"CAPRIN1",3.33466549537491,0.085602474059495,25.6516738124985,0.0413039516723534,0.269851202892505
"CAPRIN2",1.14417374087264,0.317547361932632,37.2651492515106,0.0866484341153457,0.884856070087609
"CAPZA1",4.91479919684055,0.199001546197883,21.7255175552439,0.0579146772453073,0.409539702405785
"CAPZA2",3.06817929808012,0.104603996263008,27.3195179872472,0.0443204638778013,0.333611458767904
"CAPZB",2.37664996129908,0.0350007827789055,22.8918230198973,0.033788522770276,0.115004867195105
"CARD16",0.130689160768521,0.0188642039689969,63.3920603016352,0.0373164508925925,0.847795855931025
"CARD19",1.91217378337734,0.0860551046542964,36.747725474463,0.0437320233200899,0.469545264914476
"CARD8",0.60611826186581,0.110701784575713,52.685017107499,0.0516003854663345,0.810040328188013
"CARHSP1",0.969636843984844,0.0324832945217149,39.4651790957795,0.0359915240030549,0.415449867890419
"CARM1",2.74611103359154,0.315006932649717,30.0529170470778,0.0828710556105807,0.751494924210819
"CARNMT1",3.86065333600273,0.549730569901874,13.9559139250612,0.12466644868083,0.851620080656376
"CARS",2.73171798311112,0.317727989276724,29.6564121814982,0.0831666005606324,0.748852732582395
"CARS2",3.05657274104724,0.397041135852673,24.8084829834826,0.0972778148598985,0.794882492003894
"CASC3",3.09359019459854,0.162515721934,30.5955324750667,0.0545980690216924,0.498748435544431
"CASC4",1.53990407005743,0.0778819043890989,38.0767932761936,0.0425979416243809,0.477263245723821
"CASD1",0.364305815676072,0.0713690997882179,57.6165170722748,0.0456108718044443,0.832638019746906
"CASK",1.01614442245098,0.123077330325236,47.2421586958424,0.0524396597139964,0.730496453900709
"CASP1",0.158239501076872,0.0346986148498958,63.1282291039515,0.0400614267955293,0.871645111945487
"CASP2",3.01326871566272,0.437902153512441,22.6688969236731,0.104890895083753,0.824155193992491
"CASP3",2.06385032637631,0.29340539172122,33.977753243737,0.0802154918960652,0.784869976359338
"CASP4",1.06579213232707,0.0973104397267528,46.0278030523238,0.0476025739013513,0.661243220692532
"CASP6",2.88463094443042,0.288843491149031,30.6312136914213,0.0779357802938129,0.717911277986372
"CASP7",1.25182510893497,0.17468329353236,44.0583394596429,0.0609702882234144,0.763176192462801
"CASP8",1.50658080894875,0.27084917745099,38.1344642840374,0.0774597553468757,0.821373939646781
"CAST",2.04496471666449,0.0405122296327664,27.4605556792605,0.0352424356879759,0.209428452231957
"CAT",1.84296747317055,0.121446736485111,38.5260409799021,0.0498589899512494,0.566889167014323
"CAV1",0.115134553894646,0.00302759868463897,58.5618371727008,0.0340049752983158,0.724586288416076
"CAV2",0.147914783567834,0.0156829609579463,61.8265078121985,0.0365534825916148,0.811639549436796
"CBFA2T2",2.7933002240327,0.307124358463472,30.124711998548,0.0813064951345505,0.739535530524266
"CBFB",1.69212963450146,0.232901702749109,38.5545723057475,0.0701011311418643,0.763941037407871
"CBL",1.02621000736223,0.188477547657984,45.3646014344366,0.0639964979271981,0.81122236128494
"CBLB",0.901392771031956,0.131236491390386,48.3359140460814,0.0541946650853829,0.765331664580726
"CBLL1",6.1432908687478,0.539925236489721,9.90205918727202,0.120042362207077,0.764358225559727
"CBR1",0.798527625036932,0.0493035058448448,46.8349874422626,0.0398101753376114,0.587400917813934
"CBR4",1.95273607926011,0.224482276195406,37.6041828340445,0.0681844593704908,0.732512863301349
"CBWD1",1.26313909533552,0.18924437045809,43.7111500613142,0.063628168566846,0.782366847448199
"CBWD2",3.68137340878114,0.313716082604247,26.3451050805115,0.0809709056565157,0.684327631761925
"CBWD5",1.60054178950539,0.19914357629894,40.9561940070705,0.0645886613010536,0.749408983451537
"CBX1",3.09704516683732,0.177390269089547,30.6336824417342,0.0571374481297191,0.525726602697817
"CBX3",4.27542124257705,0.075420052913046,22.1886514147192,0.0394638252237248,0.194409678765123
"CBX4",0.887852361997705,0.0923471312469073,48.979217485883,0.0474684353677401,0.707620636907245
"CBX5",2.45496864890681,0.137830998642241,33.9131406952555,0.0513585422763401,0.513071895424837
"CBX6",1.26210445186224,0.131938427709301,44.2226412976429,0.0531825281847328,0.690307328605201
"CBY1",4.28819535425926,0.366125923082622,22.1749232262619,0.0895395276376465,0.698303434849117
"CC2D1A",2.61131353660335,0.279101233720239,32.1265501235092,0.076620330932959,0.727854262272285
"CCAR1",4.08610896654728,0.18886491721084,25.9226137833785,0.0576652278668303,0.464191350298985
"CCAR2",2.02311965990054,0.220609553266307,36.7635224410608,0.0670627002612218,0.710401891252955
"CCDC106",3.1226293458572,0.263983107619673,30.0708706141993,0.0728217164095336,0.665901821721596
"CCDC107",3.00167158165435,0.166898601006801,30.3906012613271,0.0551704786069247,0.502155472117925
"CCDC112",1.79578385401641,0.284002926906746,35.9663333939952,0.0792093577878936,0.804686413572521
"CCDC115",3.5611836892395,0.219930384261208,28.04645297642,0.0637492838476206,0.554582116534557
"CCDC117",1.13628228351726,0.16726988617432,45.5063399332749,0.06006242611278,0.776873870115422
"CCDC12",11.6700971140961,0.434790401706439,2.337011066644,0.0935451888303529,0.47900152968989
"CCDC124",4.66299980165483,0.156793950569698,22.0449697304218,0.0511285250962681,0.340147406480323
"CCDC126",0.571561582841067,0.0661079078110956,52.9809774424548,0.0437518240149257,0.735015992212488
"CCDC127",4.74669502397174,0.453173830105839,16.8426881625897,0.104921533538333,0.746836323181755
"CCDC130",6.85919696108321,0.438911612436529,12.2572180262835,0.0994572214876879,0.646015853149771
"CCDC137",2.74729753440064,0.256342285469153,32.2126810128689,0.0722292046925559,0.6907940481157
"CCDC14",1.84014502923178,0.178994856674252,39.0076502852225,0.0601132601439932,0.678486997635934
"CCDC159",2.89320675566325,0.34950826912,27.666462687212,0.0887429359045838,0.766722291753581
"CCDC167",2.08361890286284,0.138304793206776,37.5205330937762,0.0525145927605705,0.579543874287304
"CCDC174",5.77945801102063,0.427986966351905,15.2457891890745,0.0987295320689743,0.679182311222361
"CCDC186",2.39812049204383,0.212320736467805,35.0850637652679,0.064967301167607,0.66624947851481
"CCDC22",6.2138374242042,0.568115521684524,8.7117401417275,0.12579788760327,0.787859824780976
"CCDC25",2.92758467095763,0.17612651504204,31.7341925515803,0.0572802773277641,0.543039910999861
"CCDC28A",1.83156680331922,0.232880410910177,37.7270188523081,0.0697905141698677,0.74899179529968
"CCDC28B",0.828918326668163,0.145788687854901,48.964156566073,0.0570665443996667,0.80287859824781
"CCDC34",0.842793603033113,0.0710485405389974,49.1333397086918,0.0438701021046913,0.671672924488945
"CCDC43",2.56740985177562,0.259166102080725,32.7939038652413,0.0729606648783142,0.705743290223891
"CCDC47",3.08443545093254,0.134113177819044,30.5051493039318,0.0499349709406874,0.446530385203727
"CCDC50",0.972677377812758,0.0759555916971759,45.7588940368666,0.0439127492161314,0.616743151161174
"CCDC51",4.13656770567675,0.495160378972637,16.6072391505484,0.114069065190743,0.810318453622584
"CCDC57",1.47249261716615,0.087612610772482,42.2584404803873,0.0452342847447659,0.574259491030455
"CCDC58",3.59134856905579,0.426144981898374,21.6669530927322,0.101841560203059,0.787303573911834
"CCDC59",5.83060109929,0.329058293440466,18.6120227016605,0.0805759032067234,0.577388402169378
"CCDC6",3.01856089802793,0.184926221700477,32.1184000004503,0.0590681763978506,0.566124322069253
"CCDC66",2.63430420965936,0.356933985095323,28.306667636723,0.0905906089987776,0.790362953692115
"CCDC69",0.118370010346462,0.034712035406443,64.7368487126168,0.0403168283822861,0.902656097900153
"CCDC82",0.348246696486974,0.0916853280560778,57.3879550729119,0.0492424082881865,0.864761507439855
"CCDC84",3.36512533431871,0.504865121820087,17.6169388916231,0.116700939796872,0.843971631205674
"CCDC85B",1.16385454051731,0.0258502544761519,33.5878833551309,0.0341588346735968,0.291336392713114
"CCDC86",1.41391261016601,0.287167786022972,37.908068043582,0.080695675551803,0.845084132943958
"CCDC88A",0.274382523048482,0.0352414900453996,58.7493989619498,0.0394632348236129,0.788416075650118
"CCDC88B",0.954835227870316,0.337711729989702,36.8455346137272,0.0907045056943766,0.911347517730496
"CCDC88C",1.08468869715079,0.175487515764925,45.7869211908362,0.061707755809427,0.796481713252677
"CCDC9",3.0802818494859,0.594105149629156,12.4824620654292,0.133825754184258,0.897858434153803
"CCDC90B",3.86688656011818,0.224645172966332,26.5390902931482,0.0640510638431373,0.536503963287443
"CCDC91",2.42837965405479,0.206834110851368,34.8789721278459,0.0638619783866148,0.652968989014045
"CCDC92",0.776877066607241,0.124456995887428,50.0458650742092,0.0534261045352998,0.785148101793909
"CCDC93",2.94301292742905,0.387503333268634,25.4321318298871,0.0955111620512522,0.790084828257544
"CCDC97",14.4876372023455,0.732689409711398,6.55289770029143,0.156130011351685,0.763106661104158
"CCHCR1",1.46475570100609,0.3032235994411,36.5209845515567,0.0833416746822682,0.84717007370324
"CCL4",0.0150539276224879,0.0010545439085801,70.0732295141665,0.035010227436305,0.944861632596301
"CCL5",0.0218737927138983,0.0013202993235436,69.0380338862691,0.0349376371791639,0.925184258100403
"CCM2",1.50077841264175,0.178062851314722,41.640212709595,0.060791965049076,0.724725351133361
"CCNB1IP1",3.58877244336971,0.299488359835889,27.0413157203494,0.0784442635341805,0.672646363509943
"CCNC",3.26745051857604,0.226084941211121,30.3728045886137,0.0658650583613411,0.606730635516618
"CCND1",0.482850987578699,0.00548589710039001,38.6492060852122,0.032006569621962,0.344527882074816
"CCND2",0.175866808559659,0.0181368043524091,60.6998697940963,0.0368205938976515,0.794395772493395
"CCND3",0.990900912405338,0.0823293922197401,46.4942783006331,0.0451675141412554,0.642539285217633
"CCNDBP1",2.19915794963732,0.151717991053487,35.798257789026,0.0542193325377239,0.571756362119316
"CCNG1",1.85414512887145,0.104658264988151,38.1060046588357,0.0469977223508153,0.528716451119455
"CCNG2",1.28140652983156,0.0807712541791663,43.2557184397109,0.044266043051536,0.579613405645946
"CCNH",2.60501700101953,0.226673516202263,33.1687648716244,0.0668804850783799,0.656584619663468
"CCNI",5.88953041078883,0.031800059182021,15.9832138563552,0.0334317831848553,0.014879710749548
"CCNK",5.59350664010031,0.391375649935109,17.042854383021,0.092083817588438,0.651161173689334
"CCNL1",2.31933763289637,0.0812335292640741,31.7184752228762,0.0418526506203222,0.368307606730636
"CCNL2",2.38431269629958,0.103781771618021,33.035286882389,0.0456176738488634,0.434779585593102
"CCNT1",2.02431224387186,0.227182536931729,36.8767004138547,0.0684005529619781,0.723960506188291
"CCNT2",3.93279416588374,0.370197666992033,22.7375147506562,0.0905248057725147,0.714434710054234
"CCNY",1.28860628880808,0.15627106863796,43.9471930306594,0.0575064899718322,0.728619107217355
"CCP110",1.9551742241691,0.298017975731434,34.4285712558259,0.0813713739059695,0.800792657488527
"CCPG1",1.19952858201625,0.0708983438943321,41.7548401635403,0.0422543527893659,0.532332081768878
"CCS",5.66347675079644,0.232611060359625,19.5909931502524,0.0630495643489044,0.432554582116535
"CCSER2",2.02497946946051,0.172669667714839,37.5422578061654,0.0584807769651557,0.640731469892922
"CCT2",0.781011115023752,0.0158778803773132,36.5359296441371,0.0331806106419585,0.325963009317202
"CCT3",2.49472116586976,0.0451677475380125,27.9345194696844,0.0361692503000165,0.231330830204422
"CCT4",4.64389796104388,0.11894756992283,21.7390249588204,0.0454019403325652,0.267348073981366
"CCT5",0.603087326109819,0.0146815006838269,39.4507889874858,0.0333723537370447,0.378598247809762
"CCT6A",2.71883377199167,0.069927538845488,28.6945586496569,0.0396969955883585,0.293491864831039
"CCT7",3.2187071070636,0.100590445461875,27.408027494596,0.0438755497450934,0.329161451814768
"CCT8",2.79353707578924,0.0969792328910714,29.7648146304321,0.0438388777529939,0.363718537060214
"CCZ1",1.21013883259995,0.290381243691056,38.6888755194378,0.0816644341609492,0.86462244472257
"CD151",2.39453143309991,0.0358911640299885,25.2388489173235,0.0343985480183825,0.161660408844389
"CD164",2.16895063545954,0.0346111754294861,24.8908104401571,0.0340629673051665,0.150396328744264
"CD276",0.749894956934655,0.0541665454425534,47.9439175919101,0.0407748712115701,0.617368933388958
"CD2AP",2.89786286283973,0.209568456580577,32.0382095394712,0.0633589963367529,0.607147823668475
"CD2BP2",4.99614246078875,0.249563441226543,22.3515691159973,0.0671340918534663,0.508135168961201
"CD320",1.05348090236117,0.0729479056142006,45.6451575167763,0.0434646973867626,0.609581421220971
"CD37",0.0542914208966449,0.00423049984198877,66.1934880634248,0.0351199732946473,0.875191211236268
"CD3D",0.0245671784984585,0.00341873750339571,69.4334074569054,0.0353603419118016,0.936726463635099
"CD40",0.137222288510739,0.0236662505404403,63.4656444204721,0.038164971118268,0.858016965651509
"CD44",0.785253144772999,0.0264831021422104,41.9825149807424,0.0354986271841279,0.451328048950076
"CD46",1.81765794169367,0.0410968566755073,30.8703090286702,0.0359228919136317,0.273675427617856
"CD47",1.26663235740968,0.0716570100170061,42.0290041187659,0.0424942229266536,0.539424280350438
"CD48",0.0609778060843172,0.0124480707005501,67.1824412319949,0.0366924139096561,0.909470171047142
"CD52",0.0342877486427886,0.00154275042739457,67.2102626747455,0.0347644038587823,0.890001390627173
"CD53",0.0636621893609191,0.0109662222487498,66.8345197811385,0.0363852813045722,0.900013906271729
"CD55",0.284197952894897,0.0104717969743964,51.6987795557272,0.0343682807860272,0.605965790571548
"CD58",0.496581337126358,0.0825190276304539,54.7835263578605,0.0470026026866966,0.798984842163816
"CD59",1.02065745956104,0.0229691291452392,34.8885839240581,0.0339432586561955,0.309692671394799
"CD63",1.2287662009659,0.00530900564743712,22.4208992598194,0.0300673076671075,0.0371297455152274
"CD68",0.067104151701559,0.0038291656198207,64.3905845647328,0.0348335562363283,0.839382561535252
"CD69",0.0317075492387121,0.00624594463429632,69.0538899341413,0.0358206820271077,0.934501460158532
"CD74",0.16853003245727,0.000440183865421962,44.4024496690005,0.0319005414877616,0.444166319009873
"CD81",0.875110971371614,0.025499374168667,38.448298700356,0.0348024581692829,0.381935753024614
"CD82",0.416982009446189,0.0390059402785061,54.8435689493419,0.039483367667334,0.720553469614796
"CD83",0.0410275370616867,0.00736797489513968,68.276058569912,0.0359260494978151,0.921429564733695
"CD9",0.78458560242701,0.00558310724793465,31.9918096688305,0.0312661530337124,0.218328466138228
"CD99",0.882185193260781,0.00527161372143914,26.0065081150318,0.0304356958432639,0.102697816715339
"CD99L2",0.982446810349862,0.163620433480148,46.5926673198377,0.0596680826393322,0.790293422333472
"CDADC1",3.71157384050923,0.572568434497306,12.629358227081,0.12895510075784,0.865109164233069
"CDC123",2.7656587222211,0.187617826404413,32.7187724439056,0.0596126331914337,0.58072590738423
"CDC16",4.85155277611743,0.358716254624072,20.235757670951,0.0869997191234539,0.652621332220832
"CDC23",3.18623223685623,0.409841985400559,23.5860310066153,0.099324157310164,0.794326241134752
"CDC25B",0.427874390545094,0.0554987607449896,55.6820840713383,0.0424345562908645,0.766930885829509
"CDC26",5.63396303860282,0.272892403868277,19.6638223456703,0.0703024917700774,0.501877346683354
"CDC27",1.83368892148401,0.159768845649869,38.7819118710458,0.0565301582686803,0.64017521902378
"CDC34",2.34519898538251,0.445677264741364,24.2522469443971,0.107467158689977,0.865109164233069
"CDC37",3.82898113252587,0.0696836719173254,20.8126417389497,0.0380898971560455,0.154081490752329
"CDC37L1",5.49347101142198,0.47090326858367,14.4658283379263,0.107521523156231,0.734181615908775
"CDC40",2.2914886079936,0.206835584706447,35.3817163498566,0.0639889414139986,0.661729940203032
"CDC42",3.14618652076666,0.0543974600241521,21.96542557282,0.0361953640592045,0.141218189403421
"CDC42EP1",0.512635175034351,0.0311653653460557,50.4568910577689,0.0374942477391854,0.621888471700737
"CDC42EP3",0.371675689155006,0.0318609618397794,54.9355259073256,0.0382941731509872,0.708941732721457
"CDC42EP4",1.64327059812868,0.166214272523673,41.2343773160031,0.0585477512771731,0.696773744958976
"CDC42SE1",3.13276950249081,0.1223632692739,29.6942565047355,0.0478365304555846,0.410652204144069
"CDC42SE2",1.20503339010732,0.152177707571877,44.8975434126735,0.0570500705678499,0.738909748296482
"CDC5L",4.55975876705744,0.315498827335924,22.4751799497988,0.0794783408763488,0.620011125017383
"CDC73",2.21481387799702,0.164758000323824,36.3422070213747,0.056720074598716,0.605200945626478
"CDCA4",0.927354435571451,0.166354032660829,47.4231094976346,0.0604805739474442,0.810596579057155
"CDCA7L",0.543466213950881,0.12928333832988,53.305864018479,0.0552264260322843,0.854818523153942
"CDIP1",0.792575271839429,0.178157214971309,47.9836937890019,0.0628877617467452,0.841538033653178
"CDIPT",3.94986521504231,0.191055215905222,26.5152459446393,0.0582173804723117,0.478167153386177
"CDK10",5.69982180015901,0.434997572896329,15.4516176528163,0.100401558244511,0.693992490613267
"CDK11A",1.86719756969626,0.276641816083481,35.7454657781149,0.0776025556215199,0.788137950215547
"CDK11B",3.21970518460284,0.338047357070933,26.8325970521967,0.085982379120909,0.732999582811848
"CDK12",0.896812398309736,0.0578096076363556,45.4514220454722,0.0408977273018291,0.577110276734807
"CDK13",2.80108200290053,0.245335748229843,31.8844851499456,0.0699381453106853,0.665971353080239
"CDK16",5.89254799703696,0.259775292732543,19.801131612184,0.06818722214695,0.483451536643026
"CDK17",1.29109507109282,0.14593013140488,43.9894185695037,0.0556327598757263,0.71102767348074
"CDK19",1.02405319351535,0.194536748979755,45.3158856389335,0.0651680383649763,0.820956751494924
"CDK2",0.598432014271372,0.126025883977833,52.525572885342,0.054394156317101,0.834376303712975
"CDK2AP2",1.94149117551071,0.0665794854190899,33.879543131569,0.0401195667771244,0.379502155472118
"CDK4",3.15325011006829,0.100982463300408,28.2850477834757,0.0441788598819846,0.345848977889028
"CDK5",2.57806676050592,0.278931677464145,32.2007345354948,0.0766001944241084,0.728827701293283
"CDK5RAP1",1.70875007156442,0.225369305302214,38.8532557172567,0.0687763705377542,0.756431650674454
"CDK5RAP2",1.61382271200737,0.20606297987675,40.2522924682101,0.0656038223047873,0.748435544430538
"CDK5RAP3",3.09500987911005,0.115833886319329,28.5762522326689,0.0464184729502613,0.377694340147406
"CDK6",0.350950755346937,0.0664202070888393,57.842619636276,0.0447677441196662,0.827979418717842
"CDK7",7.09503737725573,0.646409872222439,3.56198122310342,0.140703214696372,0.819357530246141
"CDK8",5.21681542500493,0.661376421312316,5.02370959813194,0.144908651406549,0.870741204283132
"CDK9",2.90757262504955,0.364111003805483,26.9286357565564,0.0914121966955714,0.777916840495063
"CDKN1A",0.224614869029212,0.00793038774005847,53.8439535764965,0.0342365807388992,0.642539285217633
"CDKN1B",1.1155595549225,0.0788526039215694,45.2729307598218,0.0443710607167413,0.61361424002225
"CDKN2A",0.339824756000845,0.0222403784622628,54.3644311284755,0.0366289045057489,0.679947156167432
"CDKN2AIP",2.73691685053049,0.320356686222278,29.5560824999577,0.0836601004275975,0.751494924210819
"CDKN2AIPNL",9.07655850587552,0.495747422057698,6.695476739982,0.108857501846309,0.641774440272563
"CDKN2C",0.223519895759203,0.0491391482577077,61.0934869012869,0.0422912104166654,0.858781810596579
"CDKN2D",0.217419247969288,0.0897740801886461,60.1388155991009,0.0495202531700114,0.913572521207064
"CDS2",2.52562466857303,0.230449738027657,33.4476231676801,0.0676780857792783,0.667987762480879
"CDV3",1.25967918662773,0.0884325415579256,43.9753752897972,0.0456877473751769,0.607147823668475
"CDYL",1.5931291182294,0.300082436753119,36.032982574069,0.0824786689360107,0.833055207898762
"CEBPB",0.777702416282149,0.063242635400367,49.3773186106405,0.0425891456411119,0.661729940203032
"CEBPD",0.455161845264386,0.0336589100277188,53.0491101885389,0.038311471036261,0.676261994159366
"CEBPG",2.12887806112581,0.211596410081331,36.8398719417637,0.065466560132959,0.696495619524406
"CEBPZ",5.59731463650698,0.287363791199515,19.4041646641145,0.0728154282011398,0.521346127103324
"CEBPZOS",9.0738067579412,0.440421352843156,7.6143206377925,0.0974682138844142,0.571895424836601
"CELF1",4.31971818772632,0.181262668411277,24.3379843572709,0.0558182197471172,0.423098317341121
"CELF2",0.209074869659866,0.0259604224415733,60.3499355292933,0.0381117382792861,0.802113753302739
"CENPB",1.90114168936246,0.205804913231446,38.2313735376412,0.0648384972346902,0.711375330273953
"CENPBD1",2.14667870865252,0.542743060942675,17.8760428476521,0.125345262384343,0.911069392295925
"CENPC",2.5693164054105,0.275732188044401,31.8342114376676,0.075719130328483,0.71659018217216
"CENPH",0.410694436407536,0.146599491933636,54.0570564694396,0.0587218877618481,0.899388124043944
"CENPK",0.103953951086379,0.0504008071491666,64.9172761172099,0.0431958075937152,0.934431928799889
"CENPN",0.165270453059277,0.0824505439014584,61.6829394685061,0.0484961776664252,0.92991239048811
"CENPQ",1.3341829925392,0.389635561202508,31.4028079526036,0.0990844488809175,0.900222500347657
"CENPT",2.57647443384217,0.268605267845292,32.0830497460109,0.0744384752248298,0.708941732721457
"CENPW",0.209731969104338,0.0450721326745363,61.6364971372763,0.0416651605253787,0.86184119037686
"CEP104",2.76168744458992,0.304774616220478,30.0965464643735,0.0807683241300291,0.734946460853845
"CEP135",1.28056740517602,0.296831215904505,37.8892374454364,0.0826364511642466,0.86107634543179
"CEP164",2.36191180333128,0.304178115053629,32.0133488646406,0.0815150242863662,0.76797385620915
"CEP170",1.01450884412063,0.103946548124852,46.5733977439991,0.0488572205763946,0.683354192740926
"CEP250",1.51886562089367,0.286275344948947,37.2971894733009,0.0802345116743793,0.83249895702962
"CEP290",1.48416456899707,0.190395517211211,41.8046700684518,0.0631906819043708,0.749478514810179
"CEP295",1.02163311657753,0.241803522806603,42.8965772438507,0.0735754483960244,0.85829509108608
"CEP350",2.96424076000513,0.153503338028704,31.194828096181,0.0532527346487793,0.493185926853011
"CEP57",2.23014818759168,0.19140685669877,35.9943038396394,0.0613682513759926,0.645807259073842
"CEP57L1",1.0722321566157,0.2676315107085,40.9052373159619,0.0779626706246355,0.86615213461271
"CEP63",5.24177187370651,0.407766071541816,17.6806440476534,0.0958570571100101,0.68849951328049
"CEP68",0.978468690620646,0.154774688825875,47.0522701459918,0.0581697497885697,0.783270755110555
"CEP78",0.977776198871998,0.205658460507489,45.1063231778366,0.0672454782904495,0.836392713113614
"CEP85L",0.239413940099716,0.115894683992099,58.1959984588033,0.053973568622153,0.923098317341121
"CEP89",4.2596697505311,0.463741632226069,18.0136042221596,0.107998838671591,0.784313725490196
"CEP95",2.15174740693191,0.254525649057881,35.3710725000551,0.0731244296617184,0.74391600611876
"CEPT1",2.94948887398537,0.388655121496804,25.4640851722366,0.0958012965481793,0.792587957168683
"CERK",0.630750543168452,0.168259624504848,50.1755390077662,0.0616950724871551,0.864900570157141
"CERS2",1.66191107109218,0.0525325901408391,35.0839867835664,0.0382783951865981,0.374287303573912
"CERS4",1.0024077201358,0.0521009167042051,45.222362225301,0.0400482954661396,0.562925879571687
"CERS5",4.37157724815179,0.413370323269579,19.5707292125141,0.0978957752470427,0.729870671672925
"CERS6",1.12632712969254,0.0632377372251097,44.184816213149,0.0416218276660513,0.564316506744542
"CES2",3.28833045787523,0.353226393007504,25.9725702610178,0.0886842631942413,0.743081629815047
"CETN2",2.27082770439392,0.154292126051019,36.4528661150158,0.0549877712727751,0.589000139062717
"CETN3",4.38079252025926,0.470407921218647,17.1974934491092,0.10893387720829,0.780767626199416
"CFAP20",1.34393258944989,0.210447362682159,41.7979332573102,0.0669590352080464,0.784035600055625
"CFAP36",4.133965576695,0.235297487738986,26.1142642156136,0.0659751851778088,0.54832429425671
"CFAP97",4.69952373466587,0.270964868928299,23.0303724984324,0.0712725642111268,0.555486024196913
"CFDP1",4.59951954925832,0.242574749696151,23.0904345668998,0.065971602975962,0.507787512167988
"CFL1",4.30849232618284,0.0170899893923388,17.7999069193606,0.0316532663974462,0.00500625782227785
"CFL2",0.610405522181582,0.120797650723783,52.3707210069871,0.0533729534126643,0.822138784591851
"CFLAR",0.920160678856512,0.0670583507141378,46.1096607806298,0.0425297300385689,0.606869698233903
"CGGBP1",6.33004209371716,0.284675389912728,16.977465559672,0.0713206400892231,0.476428869420108
"CGRRF1",6.78289896990706,0.62196315862663,5.01365153800549,0.13580586261054,0.80718954248366
"CHAF1A",0.400892103536752,0.179446683067819,52.0610411932542,0.0644995898321207,0.919552218050341
"CHAMP1",4.00265040998795,0.434286511041541,19.9471239350599,0.102624654841694,0.770407453761647
"CHCHD1",7.17807337498173,0.247694197160554,16.2421562831856,0.0648710828495598,0.405645946321791
"CHCHD10",0.663384387337416,0.0224004662249799,44.4547736744839,0.0352659256120581,0.490543735224586
"CHCHD2",3.52017681518988,0.0145712374541789,18.8076122402704,0.0312839590115048,0.0107773605896259
"CHCHD3",5.74282975028928,0.31191982124679,19.1436251733731,0.0774867676998906,0.55819774718398
"CHCHD4",3.60334983510117,0.455371472766048,20.2165497044085,0.107406227298888,0.809414545960228
"CHCHD5",4.55286665448142,0.125219795586791,24.0947750068609,0.0471495768747773,0.321513002364066
"CHCHD6",1.66660906333352,0.225416347375975,39.2600626491953,0.0689560078317826,0.763941037407871
"CHCHD7",3.11685766956438,0.246779901451925,30.7735341048252,0.0698738286160848,0.649214295647337
"CHD1",1.8253603546812,0.123525724732458,38.7531704588411,0.0502695610285841,0.574815741899597
"CHD2",1.96111506612974,0.101739640390458,36.2193503086789,0.0460162592018799,0.488388263106661
"CHD3",1.994033817145,0.0994251432013588,36.0219707053521,0.0456195470311805,0.480670282297316
"CHD4",2.65879746647112,0.0948800362291696,30.8059129316439,0.0437727566557055,0.378528716451119
"CHD6",2.33570045491062,0.15693817506965,35.719644504201,0.0551981012242649,0.580308719232374
"CHD7",1.15019200281102,0.176269262922517,45.2276766619564,0.0616809362759472,0.787581699346405
"CHD8",3.29679881987847,0.249670020787126,29.2755209826931,0.0697356029254059,0.627381449033514
"CHD9",1.84772583467273,0.100822139631513,36.6555196078702,0.0459251896239914,0.494228897232652
"CHEK2",0.659357144968973,0.265502780379305,43.8195282690079,0.0787580469322265,0.915797524683632
"CHERP",6.42322151302284,0.511579001893937,10.792339306145,0.114360333423967,0.735224586288416
"CHFR",2.71246460982906,0.394726970559775,26.0020715350013,0.0973759329363957,0.812126268947295
"CHIC2",2.25556916315109,0.205459022316816,35.3138363529439,0.0636660539534236,0.65790571547768
"CHID1",4.65113981802358,0.199182042244203,23.3031511082643,0.0585453973326257,0.437213183145599
"CHKA",1.15751749368431,0.286185255792336,39.4572614189482,0.0811737725778014,0.871506049228202
"CHM",2.26835072899086,0.318613341362036,31.5890640586079,0.0842148025268312,0.784591850924767
"CHML",0.733665905135372,0.279796016597817,42.2849456386804,0.0810531707317539,0.912112362675567
"CHMP1A",7.33539549067185,0.447428664318689,11.2788525491671,0.100868682894522,0.643234598804061
"CHMP1B",1.06757083004821,0.0839125847681203,44.9263520679747,0.045059298159829,0.615908774857461
"CHMP2A",7.73683668030553,0.15677774553569,13.5403298472403,0.0492976859218895,0.20699485467946
"CHMP2B",5.26338467526596,0.240331813482566,21.2497971099012,0.065044081979057,0.473717146433041
"CHMP3",6.9125772178264,0.280303363885922,15.3703052504901,0.0699277520271805,0.443053817271589
"CHMP4A",3.33280393535512,0.408532245847554,23.1979095769137,0.0988448485088737,0.785356695869837
"CHMP5",4.23006686889998,0.124327704454467,23.1905612636839,0.0464551195997108,0.300723126129885
"CHMP6",3.33105683202656,0.3684573847582,24.9948473604261,0.0913101415946857,0.75100820470032
"CHMP7",2.41945505590524,0.271680810418367,32.7524528575314,0.0753125955216935,0.726046446947573
"CHORDC1",3.30059836751569,0.344229428627231,26.2331729676134,0.0869495806670415,0.732721457377277
"CHP1",5.15938573254232,0.345487330874411,20.0657627953735,0.0843906150750182,0.628493950771798
"CHPF",0.438540792737998,0.012381853911351,45.3066872790411,0.033834015685706,0.486510916423307
"CHPF2",1.37852221412721,0.173001070878088,42.8394356034277,0.0602474586272634,0.737797246558198
"CHPT1",0.454652143025269,0.0464077246084304,54.9658789073971,0.0407680776990934,0.736684744819914
"CHRAC1",2.28278848328939,0.185819140120203,36.6014798570595,0.0606726484338067,0.647545543039911
"CHRNB1",1.79214542040035,0.333572500265463,32.954124412477,0.0879339339983217,0.834098178278404
"CHST11",0.20162435956577,0.0480474956934509,61.7372817037653,0.042208004142302,0.869141983034349
"CHST12",1.09882544497438,0.114843022129119,45.9785455601851,0.0506318398415982,0.692115143929912
"CHSY1",0.779722718055214,0.127031044318312,49.9421273841635,0.0538678401698097,0.787790293422333
"CHTOP",6.13473763151442,0.236782352685934,18.6850439631043,0.0636184685443124,0.425740508969545
"CHUK",3.74141691826643,0.5959886518882,11.1813329813834,0.133468199592685,0.877138089278265
"CHURC1",5.19289795778417,0.264049869016009,21.1990179093589,0.0692606022376029,0.512724238631623
"CIAO1",5.40173440847271,0.27629221246097,20.2740102785374,0.0711316218178369,0.517591433736615
"CIAPIN1",4.84597839618722,0.507532806699818,14.2353737188386,0.115404006670974,0.788555138367404
"CIB1",4.84814515383683,0.0960905631040586,20.5022024703011,0.0419461035693569,0.205187039354749
"CIC",2.88770146150192,0.311309556324326,29.2640846283481,0.0817006478638052,0.731191767487137
"CIDEB",0.636118055507264,0.187664280846966,49.1176155203158,0.0651246313067339,0.879154498678904
"CINP",9.21182368698232,0.500892727736336,6.06177630078405,0.109515560516633,0.638993185926853
"CIR1",4.91249304947202,0.27199223096303,21.487555039362,0.0706856761133373,0.530176609650953
"CIRBP",4.10079758890716,0.0280819580966958,18.0619369353983,0.0327633188008345,0.0281602002503129
"CISD1",2.22359694948897,0.134800880547097,35.9109396308619,0.0514327913953129,0.543804755944931
"CISD2",3.29343278462363,0.161644885002864,29.6361626950085,0.0541962918234743,0.480531219580031
"CISD3",2.49981918176446,0.0693353763611796,31.6124199612191,0.0402729702178716,0.345918509247671
"CITED2",0.376896398546221,0.0106169499118884,47.6248573493487,0.0338782901252722,0.527743012098456
"CIZ1",4.0448368692655,0.303875814389094,24.6298315899228,0.0781479050523035,0.637741621471284
"CKAP2",0.358686336645971,0.0688630938934878,57.752066393753,0.0451896404927646,0.830691141704909
"CKAP4",0.608882143939054,0.0406379412860136,49.6048202688849,0.0388829284061498,0.623557224308163
"CKAP5",1.14842313511195,0.0950032304971009,44.8873873047098,0.046945258029685,0.635794743429287
"CKB",0.282244657639271,0.0268009621192922,57.7467118062099,0.0378793239716826,0.753580864970101
"CKLF",0.412548703501795,0.043441540097139,55.0182276207161,0.0402469001466182,0.73202614379085
"CKS1B",0.793039008116957,0.0450778513441982,46.6746647421161,0.0391215596941575,0.576484494507023
"CKS2",0.451727958396565,0.0266888422030385,51.5560062612276,0.0369465310889047,0.634473647615074
"CLASP1",2.7706476197794,0.337064685747993,28.5367524007963,0.0865567931069438,0.761298845779447
"CLASP2",2.46092117789742,0.248086970558287,33.5226307462956,0.0710855278728014,0.699694062021972
"CLASRP",6.67382871334195,0.392002228562766,14.5451727455485,0.0911146910109404,0.610485328883326
"CLCC1",4.49602828770321,0.466048686216,17.0937041277821,0.107917696244439,0.771937143651787
"CLCN3",3.56795569622021,0.216313867190973,28.6348518163352,0.0634098526243279,0.559171186204978
"CLCN7",2.18788523736295,0.248204908969599,35.3689900855125,0.0718900163599797,0.733069114170491
"CLDND1",2.24765973007695,0.228732830705365,34.9097828764628,0.0678729946065744,0.691002642191628
"CLEC16A",2.16961042082504,0.36746379868854,29.5363350553259,0.0933997404485657,0.82971770268391
"CLEC2B",0.207780732143984,0.0140448247880172,57.9040302666092,0.035756592806109,0.732721457377277
"CLEC2D",0.229950212076181,0.0563057838208836,60.9134373415494,0.0435424209660061,0.868307606730636
"CLIC1",3.7620661538818,0.0270638103695411,18.6904464772694,0.0326497387659207,0.0345570852454457
"CLIC4",0.473207772124327,0.0190749051549394,47.4598266995679,0.0351416054272005,0.541093032957864
"CLINT1",4.05930956322642,0.219291340539632,25.8818030944544,0.0628984059187971,0.516131275205117
"CLIP1",1.67713190343426,0.121157947389253,39.8184980875136,0.0501246519867509,0.58983451536643
"CLK1",2.77775632129745,0.156889810002316,31.5649110560091,0.0538213723894244,0.505006257822278
"CLK2",4.16089571025689,0.420904288740098,20.2636957402781,0.0999820506611571,0.754276178556529
"CLK3",7.4406259408669,0.537336482629149,7.60583018024283,0.118141479918301,0.720692532332082
"CLK4",2.96941569828844,0.349631498661528,27.144076505954,0.0884630707850364,0.757613683771381
"CLN5",2.2361929261212,0.327620366436742,31.4017529290778,0.0859975949849121,0.796412181894034
"CLN6",1.88639241341717,0.281984619676674,35.6859267782982,0.0787016457138059,0.796273119176749
"CLN8",1.33134122628775,0.267205217939104,39.2857817179207,0.0771929185621147,0.835975524961758
"CLNS1A",7.86268091491328,0.232259926296868,14.3258656520602,0.0615963919778535,0.349395077179808
"CLOCK",1.87309689652532,0.1924592435528,38.6613272265381,0.0624895021844767,0.695869837296621
"CLP1",6.94671953789362,0.822364148081459,5.94541146801028,0.176807737547777,0.923654568210263
"CLPB",4.42459515010767,0.681310157285651,4.72312653712329,0.149304320649139,0.898345153664303
"CLPP",9.17695820638331,0.310048855967544,10.3261586051601,0.0736853541064966,0.412738144903351
"CLPTM1",5.99947264722521,0.298683914162634,17.9454285815944,0.0743267826954367,0.515714087053261
"CLPTM1L",2.34222181974357,0.217598845243266,35.3994431542508,0.0660772940958756,0.681059657905715
"CLPX",2.85956457283377,0.304687065170787,29.4619299226905,0.0804263226288888,0.723473786677792
"CLSTN1",2.35886019401563,0.121322231092668,33.8935995620854,0.0486134872769922,0.482478097622028
"CLSTN3",0.658314230443561,0.0857658169965918,51.7800812023702,0.0469102126254457,0.748087887637324
"CLTA",7.8107170776199,0.114720794430304,12.6313395196712,0.043153191004766,0.118690029203171
"CLTB",1.72655829597682,0.0732155736856069,37.5359838681016,0.0418915164373899,0.459741343345849
"CLTC",2.50387278307173,0.0547310867299295,27.0000753635042,0.037149233263261,0.231400361563065
"CLU",0.244051858778068,0.00357668993787196,47.8965402653119,0.0328228961686751,0.518773466833542
"CLUAP1",2.01169665728321,0.271358316946443,35.433390319605,0.0764594759231117,0.773675427617856
"CLUH",2.13868356484988,0.314017297175367,32.8871840213204,0.0839682715903083,0.800236406619385
"CMAS",5.61518723103441,0.397945708245347,17.3162830306796,0.0937417004299972,0.666736198025309
"CMC1",3.63960589447938,0.195482831216355,28.5510092381653,0.0597259116993208,0.52176331525518
"CMC2",1.92812674527718,0.171105977514284,38.3234544433539,0.0584524704098956,0.652134612710332
"CMIP",0.812970609820459,0.080500007558107,48.985556093518,0.0453849851300267,0.685857321652065
"CMPK1",5.3747645940984,0.230291376811169,20.736352289105,0.0630693827266362,0.447851481017939
"CMSS1",1.90524376157072,0.206640382573177,38.6893101746661,0.065226093577394,0.721387845918509
"CMTM3",0.272796989096742,0.0159828563107344,55.0472788749884,0.0356943467036332,0.681198720623001
"CMTM6",2.38188774795355,0.0856597652634101,31.210449833464,0.042377145541485,0.367264636350994
"CMTM7",0.284981526225973,0.0594426440696778,59.4813326098637,0.0438395254804889,0.846613822834098
"CMTR1",2.33118327391546,0.375222906593095,28.4259718454954,0.0944695386333556,0.822834098178278
"CMTR2",3.39014489255903,0.451427242536647,20.7488328274027,0.106751416665566,0.812334863023223
"CNBP",10.2416712680588,0.1014488056161,8.65068336723454,0.0411506972361737,0.0456821026282854
"CNDP2",2.38058435790237,0.124852396623741,34.9342253457573,0.0495685683922006,0.508552357113058
"CNIH1",5.90446659480692,0.162531880227434,17.9103201426656,0.0509907155156868,0.282923098317341
"CNIH4",3.30457493984149,0.121877164225829,28.8562631209905,0.0475785138723486,0.395285773884022
"CNKSR3",0.272796615743022,0.0746544785665317,59.600220358889,0.0466130029685935,0.876303712974552
"CNN2",0.528566665342757,0.0103679935764621,40.1415884079689,0.0328677078205409,0.383187317480184
"CNOT1",3.79185768854599,0.288522660737711,26.0966391793929,0.0758178578651123,0.637533027395355
"CNOT10",6.20263813491598,0.556089649341038,9.2069381017261,0.123332236713775,0.777638715060492
"CNOT11",4.22651626257526,0.451138440593922,18.7753411847129,0.105702930111691,0.777291058267279
"CNOT2",1.86468378434618,0.081632269769471,34.9411149442697,0.0425177187423008,0.426783479349186
"CNOT3",4.55514141186057,0.387106121209448,20.4122361472611,0.0929451875175951,0.701988596857183
"CNOT4",4.2889724666984,0.293634584571946,23.8926401408115,0.0758428981994122,0.607912668613545
"CNOT6",1.44714941760574,0.20696379250005,41.7704669136033,0.0663577638203728,0.777777777777778
"CNOT6L",1.91728515874762,0.199703288319596,38.0855055090388,0.063622858337752,0.698025309414546
"CNOT7",3.29720053626978,0.11102261690201,27.0535039434719,0.0453115954947513,0.341955221805034
"CNOT8",4.86877915983434,0.32917130831147,21.1940969119625,0.0816153775667421,0.620775969962453
"CNP",2.36454335507441,0.182349558948601,34.8950433213753,0.0593351372141966,0.609998609372827
"CNPPD1",3.74428538738035,0.230864075332292,27.4743663040154,0.0655875325183474,0.563829787234043
"CNPY2",3.3275486626655,0.247826947528881,29.9042211908268,0.0697682909277413,0.635864274787929
"CNPY3",1.98290816497161,0.0961542985448192,35.2647026971991,0.0448726985298892,0.460297594214991
"CNPY4",0.636229408316877,0.117846442713393,52.0289144135381,0.0527361224737148,0.810457516339869
"CNST",1.6384148497329,0.154701792611213,40.7356834554583,0.0562491443428788,0.666944792101238
"CNTLN",0.371887423930745,0.0971375010006919,56.8214093306001,0.050117294164787,0.863788068418857
"CNTRL",0.56411874216594,0.128598212800629,52.8324312103829,0.0549524539477121,0.844666944792101
"COA1",5.0277615248301,0.264348388289796,22.5559751701461,0.0700111027722382,0.537060214156585
"COA3",2.46332144912659,0.0513261434972685,27.1216390877193,0.0367283597370195,0.227019885968572
"COA4",6.30791151465885,0.205374470086029,18.8765385047281,0.0585273101475201,0.376859963843694
"COA5",7.20039555083276,0.292763284553053,15.3467852434767,0.0724320246510007,0.464539007092199
"COA6",4.01545179443914,0.200054376090427,26.5850577425785,0.0598495927182691,0.495480461688221
"COA7",2.53420255685677,0.494082419849277,20.4430677097154,0.115966929417684,0.876790432485051
"COASY",2.66092864121008,0.170375475219704,33.7848341249736,0.0569748429206953,0.569670421360033
"COBLL1",0.474205522696231,0.0884353140787346,55.364048378263,0.0482036371586808,0.820678626060353
"COG1",2.87066315379168,0.35419386130233,27.4717362387262,0.0896016695949269,0.771033235989431
"COG2",2.1912406184215,0.238239419102821,35.5571941856132,0.0700214483489241,0.719301905159227
"COG3",2.36827529084532,0.295611310898565,32.3250525860605,0.0799234748953963,0.759073842302879
"COG4",2.46494171545509,0.340722134956746,29.7556024637005,0.0879186308933544,0.789041857877903
"COG5",3.28917481013196,0.367632426079446,25.2220215847212,0.0912622075752997,0.753650396328744
"COG6",2.28707203565196,0.329955559119543,30.9543069361553,0.0862452915200354,0.792309831734112
"COG7",1.57730274846284,0.225061693816924,39.8694445548477,0.0691147595715861,0.774370741204283
"COG8",1.74492361766932,0.434596613996361,26.7590849356803,0.106381069858418,0.891670143234599
"COIL",5.12685013094327,0.391322706714473,18.8888958260121,0.0931526546051275,0.682867473230427
"COL18A1",0.212935724268549,0.00452344198862157,50.9671445715426,0.0333347994093764,0.580100125156446
"COL4A3BP",3.00732317310944,0.303600984032254,28.8015871377962,0.0799062736765388,0.709984703101099
"COL6A1",0.113181341570107,0.0010525282080558,55.964678938372,0.0333706797037183,0.67028229731609
"COLGALT1",0.611610499260976,0.076830150272877,52.4736745257231,0.0455005749436633,0.744958976498401
"COMMD1",6.40991297691452,0.244935610401102,16.6981263336868,0.0640781614194828,0.405159226811292
"COMMD10",4.49200005727063,0.365763212144746,21.3179090259409,0.0889923338015348,0.682797941871784
"COMMD2",3.5223744881743,0.23089148456783,27.7158315562961,0.0655373434097355,0.56730635516618
"COMMD3",0.989538761380661,0.105476711417007,47.7492272285474,0.049466833300111,0.708385481852315
"COMMD4",3.06336584713909,0.165095747195041,30.5839190067802,0.0550011052816265,0.502920317062995
"COMMD5",3.65220993801674,0.199523331540302,28.599284638031,0.0604677407856508,0.529759421499096
"COMMD6",7.71978057120137,0.0643804415697944,12.8689814087906,0.0369932144801603,0.034209428452232
"COMMD7",1.49295619670113,0.101622037371534,42.0536904115794,0.0474666325343646,0.595883743568349
"COMMD8",2.74400098039058,0.290059969499003,30.6574580624158,0.0780715530324577,0.720066750104297
"COMMD9",1.21717853437109,0.105082998929957,44.5481558032428,0.0485946039336795,0.647962731191768
"COMT",2.91131639828316,0.070905657510749,26.3935660856998,0.0393070256015976,0.253372270894173
"COMTD1",1.54833675082835,0.11028522296922,42.0477071599318,0.048949250205452,0.611736893338896
"COPA",4.22174650321803,0.126088411601252,23.0212108296991,0.0466400558930696,0.300653594771242
"COPB1",1.88100406140381,0.0889081822857331,35.4748100400667,0.0437652581717313,0.450354609929078
"COPB2",3.60692548652622,0.136952626118488,26.8359958264581,0.0493292666091318,0.386594354053678
"COPE",4.16551606207234,0.108637848442079,22.8102211858791,0.0440427977030117,0.265053539146155
"COPG1",3.28084811779646,0.16770516045117,29.2737472370102,0.0550351229931545,0.484424975664024
"COPRS",1.74422180930787,0.20339663342984,40.1263196306255,0.0651488664666223,0.74189959671812
"COPS2",5.57511084686233,0.274666139808089,19.5162329716202,0.0704903099600096,0.501946878041997
"COPS3",3.32831925012892,0.266878402468505,28.6549408593755,0.0727290400472995,0.645668196356557
"COPS4",4.19886377744553,0.35650299881245,22.4836351242923,0.0876379821137294,0.687665136976777
"COPS5",3.16032955662186,0.119743275172376,29.7159161926014,0.0474638422480013,0.406549853984147
"COPS6",3.82175070206185,0.127646438183161,25.249929910615,0.0474549594539537,0.341955221805034
"COPS7A",6.03313666724737,0.271253545496675,18.2295490078485,0.0694169494542052,0.475107773605896
"COPS7B",10.7737580756653,0.641482853066406,0.748110186897911,0.137165812809612,0.734737866777917
"COPS8",2.34320669997446,0.135317086975597,33.8559200478544,0.0508377033083998,0.506814073146989
"COPZ1",4.71206322517807,0.130826882840821,22.8988173301005,0.0476124610636811,0.310457516339869
"COQ10B",5.50965480104477,0.403157037363986,16.5761432303318,0.094170994349148,0.66193853427896
"COQ2",0.634672563781923,0.256627230085542,44.6363652165489,0.0772743608596886,0.915588930607704
"COQ4",5.06750860315704,0.184102076584801,22.8837690757916,0.0561472122119098,0.405854540397719
"COQ5",3.80240915257908,0.455194377504181,19.5028491170416,0.106912406607163,0.79655124461132
"COQ6",3.07241571436016,0.33952999662023,27.5030154977809,0.0866381211664122,0.747323042692254
"COQ7",0.775598406361975,0.0885728569337002,50.3749291144383,0.0471138403035322,0.726880823251286
"COQ9",10.1609573541578,0.626627695901281,0.626157328394171,0.134573855251774,0.736406619385343
"CORO1A",0.0514140267567224,0.00264582246514714,65.6296403536401,0.0347743108944769,0.861284939507718
"CORO1B",2.36541058232433,0.0761622141755863,30.8623201635408,0.0409258555937955,0.343137254901961
"CORO1C",0.683417177491933,0.0991958283111635,51.6660084146087,0.0492736432873308,0.770268391044361
"CORO7",1.06808998241027,0.473799807885091,25.8411837412695,0.114503193757905,0.940620219719093
"COTL1",0.103293022489977,0.00494668929888126,61.2382795304437,0.0346472201000999,0.780211375330274
"COX10",2.77816751626637,0.452080123246115,22.4164351398723,0.10780408278469,0.842928660826033
"COX11",3.93754057654617,0.363524831917953,23.088034733193,0.0893556645102292,0.709637046307885
"COX14",5.71001429558925,0.128308326662921,18.5272977599489,0.0461422324195641,0.232930051453205
"COX15",5.84144581860711,0.578739167082803,8.83152003807331,0.128275705557785,0.806772354331804
"COX16",10.5830278300515,0.258912185895937,6.97507843486024,0.0634389961289473,0.278820748157419
"COX17",2.60136100389904,0.0415049183422361,25.998924518998,0.0353381103511231,0.188638575997775
"COX18",2.00119106855575,0.49278010462716,21.8442957018175,0.116457461496821,0.899874843554443
"COX19",3.23037886593118,0.306379226626499,28.08890911689,0.0802149650612124,0.702336253650396
"COX20",2.19828639258274,0.0474143845288346,29.7923515954812,0.0367101016793244,0.268251981643721
"COX4I1",6.06975187910782,0.0412448260831932,15.2992874560269,0.0343531540830019,0.0211375330273954
"COX5A",5.84907963567713,0.0793359292221073,17.0403207924139,0.0391984730282709,0.119802530941455
"COX5B",10.5302957688858,0.0781261985884354,9.5945130933639,0.038831131254159,0.0257961340564595
"COX6A1",4.78843482732078,0.0307161917024801,17.1807342671895,0.0331339733823167,0.023710193297177
"COX6B1",8.72227998390511,0.0598565943719062,12.0148017671564,0.0366708271951645,0.0205812821582534
"COX6C",0.589853217253162,0.000932848344505601,21.9458268503986,0.0293365356733837,0.0122375191211236
"COX7A2",3.9736325124065,0.0293653130431306,18.7021722074288,0.0329874504535262,0.0413016270337922
"COX7A2L",10.9939088160056,0.173580933481664,7.5596813466527,0.0507707653728535,0.152899457655403
"COX7B",6.5449575782135,0.081416463850495,15.2381489606054,0.0392203238340166,0.0966485885134196
"COX7C",9.10398507936329,0.0429804840846038,12.8891675068904,0.0352200622129514,0.0109859546655542
"COX8A",3.56392514027881,0.0270139371365324,19.7193212542242,0.0327803062520379,0.0518703935474899
"CPD",1.69305351572024,0.107307624709885,39.5575078813378,0.0477652222868538,0.560005562508691
"CPEB2",0.571908801124574,0.102432594340734,53.4662625830388,0.0502937091866812,0.80997079682937
"CPEB4",1.4478850860146,0.173574867037282,42.5665927133731,0.0603026187391019,0.733973021832847
"CPM",0.0634370894580062,0.0170809587997715,67.2422848149753,0.0375249747259906,0.919065498539841
"CPNE1",3.03249697144321,0.179858946425592,31.0024885091142,0.0576787917896331,0.536573494646085
"CPNE2",0.173093207710473,0.057171989947539,62.4883743443934,0.0439902053437423,0.900013906271729
"CPNE3",2.37049050408394,0.0721870972509604,31.6222068625401,0.0405866946797247,0.350298984842164
"CPNE8",0.128486826073199,0.0622654122921575,63.5540609243872,0.0451249596476803,0.929564733694896
"CPOX",1.71610079392284,0.515197487767937,20.886893834783,0.120902671304163,0.919899874843554
"CPPED1",0.701179276432506,0.124662682940578,51.1951580539528,0.0537842130429756,0.807050479766375
"CPQ",0.424735114935768,0.0476020374466189,55.0455007142606,0.0409575503149835,0.740230844110694
"CPSF1",1.96667007493816,0.173014536144015,38.972635621404,0.0591148561807469,0.667848699763593
"CPSF2",4.23242194819818,0.380980523615157,21.560480178735,0.0922262117198285,0.71179251842581
"CPSF3",2.77296857276009,0.372574968286645,26.9747517339705,0.0931964329872502,0.792727019885969
"CPSF4",5.94166002398966,0.655441693380168,4.57956923548875,0.143374129613606,0.852523988318732
"CPSF6",1.54427119595152,0.0779295608347895,38.7051036117364,0.0427802423999359,0.48936170212766
"CPSF7",8.05434381724495,0.488811313839337,8.29103785823882,0.107986328881714,0.657418995967181
"CPT1A",1.334342615717,0.242105201703581,40.702688187224,0.072767516897905,0.818801279376999
"CPT2",2.57831346636906,0.391928877515667,26.7203004157058,0.0971773344213097,0.820261437908497
"CPTP",3.82784727188452,0.372402329370923,23.5171389210217,0.0915042885357635,0.731887081073564
"CRADD",1.46117307694283,0.379639156096371,31.6332423224519,0.09706082480416,0.887637324433319
"CRAT",0.730014153423451,0.0430729303869932,47.4374956756905,0.0389216374854095,0.58705326102072
"CRBN",3.91813123318659,0.288827098372942,25.2790961393512,0.0754671073186733,0.623626755666806
"CRCP",4.04776271222346,0.493960278253579,16.756495769,0.113841582338865,0.811013767209011
"CREB1",3.2345554550062,0.243835668025019,29.4538551902147,0.0686699311514283,0.620358781810597
"CREB3",3.61149793551379,0.200725754872575,28.2973005819704,0.060495547175053,0.52607425949103
"CREB3L2",1.16944841234288,0.107929170269126,45.1217518106362,0.0492199752967116,0.663746349603671
"CREB3L4",0.648530327437545,0.0233522553605409,45.8669352943604,0.0356290600111442,0.519538311778612
"CREB5",0.0805620232490326,0.0400354710432989,66.1111492988713,0.0415003990751927,0.938742873035739
"CREBBP",3.45262782232113,0.23462226283658,28.4869061569209,0.0665894873428621,0.587609511889862
"CREBL2",1.7281478380297,0.198224461961119,39.4460307572266,0.0638159104900213,0.720066750104297
"CREBRF",1.62474090545321,0.176604746547144,40.6969491033819,0.0602202838345023,0.704978445278821
"CREBZF",4.45634372572046,0.337203940671783,22.3954144074766,0.083757816025884,0.654568210262829
"CREG1",1.25114608742544,0.0768602476817563,42.6676599397266,0.0434621904231543,0.561048532888333
"CRELD1",2.12462811979769,0.188617630065805,36.8047450436059,0.061139697718236,0.655541649283827
"CRELD2",0.999773550344993,0.0828504134985375,46.4201495121188,0.0452407489140116,0.642122097065777
"CREM",1.54698330081451,0.177757145190079,41.3436995802128,0.0606472749139395,0.718815185648728
"CRIM1",0.406224025797754,0.0540180577613427,56.2497912702904,0.0422856291988815,0.775066054790711
"CRIP1",0.717343039363156,0.026125735020887,45.234843044815,0.035970911211638,0.513002364066194
"CRIP2",0.755403476911053,0.00651200503020967,34.0373808441874,0.0316473286516278,0.259491030454735
"CRIPT",4.63625782991426,0.292912170009525,22.8424000159738,0.0753168490276725,0.588930607704075
"CRK",1.89977380689336,0.121206595597987,38.1813810456961,0.0497450324548185,0.560283687943262
"CRKL",5.27227855995619,0.486488797811903,14.2270866177403,0.110750281656797,0.754832429425671
"CRLF3",2.20540762592165,0.340462693429502,30.8399346836034,0.0883777649076207,0.807884856070088
"CRNDE",1.07373170260504,0.0525298177566889,44.5656397202332,0.0400224109559626,0.551592268112919
"CRNKL1",1.90943140760385,0.215321897979007,38.1052458958007,0.0666154908701675,0.72569879015436
"CROT",1.40050891606665,0.222348309274869,41.415014897181,0.0691933789676801,0.797872340425532
"CRTAP",1.14622868482709,0.0274403005144788,35.305335218409,0.034661744281458,0.327284105131414
"CRTC2",4.97718743471264,0.43828951944206,17.2123081729658,0.102045446318798,0.729453483521068
"CRTC3",1.79112837268581,0.222714558285739,38.2308500058891,0.068010254318257,0.740508969545265
"CRY1",1.34775086769989,0.232399439241299,41.0471725458515,0.0709814196654048,0.808371575580587
"CRYBG3",0.198533749127892,0.0433850168505506,61.7508163203921,0.0413774961245456,0.860937282714504
"CRYL1",2.05821680940356,0.224356188584288,36.6931747700369,0.0677852310966753,0.715755805868447
"CRYZ",1.88420927589214,0.200007514298181,38.2057465155257,0.0637077202078074,0.70066750104297
"CRYZL1",5.63163962394714,0.450042357306324,14.6945718545864,0.103063782758298,0.704839382561535
"CS",4.58484535655908,0.265854168701718,24.2318783986648,0.0709466381854208,0.568140731469893
"CSDE1",6.3729415966884,0.0949879525014729,14.3871424578113,0.0405121703282923,0.103462661660409
"CSE1L",2.16887471895117,0.211638832600237,36.4608257863873,0.0653216264728647,0.689681546377416
"CSF1",0.227177850196451,0.0349158546652048,60.4591248746813,0.0396779809487137,0.820678626060353
"CSGALNACT2",0.652287430711687,0.117044224945539,51.7722353922901,0.0525189880367912,0.804199694062022
"CSK",0.574813885821372,0.0686926009435463,52.9164575115166,0.0441800158780373,0.738492560144625
"CSNK1A1",5.9543877121866,0.109390409332537,17.5461393338059,0.0433069434049006,0.183493255458212
"CSNK1D",2.84855826540144,0.1185379154711,30.7101262931399,0.0474111600346725,0.420873313864553
"CSNK1E",1.87668789830957,0.130943309088686,38.6509439426399,0.0515189904415954,0.586497010151578
"CSNK1G1",2.27707863417636,0.346378312119517,30.3219586823256,0.0893802415637241,0.808580169656515
"CSNK1G2",2.6915336942833,0.302198201974573,30.8529634559278,0.0806577524499329,0.744194131553331
"CSNK1G3",4.07923872199092,0.380583265813637,22.0947264263761,0.0924185821761738,0.720414406897511
"CSNK2A1",2.86288531873361,0.186385964008136,32.3487242553031,0.0593030351916545,0.572173550271172
"CSNK2A2",1.83591637138201,0.367482124775672,30.9072308276932,0.0940986797555782,0.8542622722848
"CSNK2B",5.12794733976732,0.397017450064097,18.4461923776311,0.0940337237808554,0.684327631761925
"CSPP1",1.31899995915911,0.177379194438787,43.6615594571151,0.0613757638148888,0.760742594910304
"CSRNP1",0.697612599893022,0.0982723680939412,51.6584182583082,0.0491197423089711,0.768530107078292
"CSRNP2",1.87666549396528,0.338003423958488,32.5083050409478,0.0886855323591152,0.833611458767904
"CSRP1",1.11554308849169,0.0266527135593589,33.7519559917542,0.0342607511457343,0.295577805590321
"CST3",0.80376194352067,0.00217032567388235,25.0401908527464,0.0299501118934769,0.0771102767348074
"CST7",0.0401013440364593,0.00609566982095248,68.1560225025548,0.0356848391923616,0.916770963704631
"CSTB",2.70776781394939,0.0246449959350239,20.6217023724572,0.0323436992138608,0.0555555555555556
"CSTF1",6.41910378541325,0.57423199882729,7.95589870517298,0.126683319118758,0.784244194131553
"CSTF3",1.83218466484994,0.195971570431245,39.4047185403771,0.0634637479915771,0.715755805868447
"CTBP1",3.13383086985748,0.193540687183946,30.4964343792629,0.0599145915037866,0.551731330830204
"CTBP2",1.57402455684649,0.0954459436415802,41.0647396221629,0.046222416767076,0.566402447503824
"CTBS",3.45425679307822,0.273296513291941,28.1137450848146,0.0737718130652398,0.647197886246697
"CTCF",5.62598840323057,0.455856473644387,14.9516587259462,0.104614615206471,0.718676122931442
"CTDNEP1",3.02281553481068,0.205521824775504,30.9830654433786,0.0621994718953636,0.581143095536087
"CTDP1",2.13805918177373,0.434749476309469,25.4387223601446,0.1056801996249,0.868238075371993
"CTDSP1",5.22761356370503,0.269984259840348,20.6391753423119,0.0700424254743093,0.512793769990266
"CTDSP2",1.60809929764246,0.0876141421851623,39.0087165254983,0.0443998228951925,0.513280489500765
"CTDSPL2",2.64434487784743,0.338116064373252,29.0039712052329,0.086993332620666,0.771311361424002
"CTNNA1",2.97591141819589,0.0779218872516892,26.8274850509388,0.0404002843622471,0.274996523432068
"CTNNB1",1.51615132462524,0.0472572890754246,33.3794781231258,0.0370862170347992,0.330621610346266
"CTNNBIP1",1.74263953699295,0.179383142148809,40.5826905553291,0.0607955233436607,0.70824641913503
"CTNNBL1",1.97723580301521,0.246820255986549,36.362370644898,0.0719681357322192,0.748366013071895
"CTNND1",3.62333374076196,0.132124468198625,26.791893896762,0.048584691838818,0.37727715199555
"CTNS",1.51825050565198,0.466246679812276,25.1018807563341,0.112408905971595,0.914545960228063
"CTPS1",1.13682373928537,0.281106409286084,39.8382131639086,0.0802865694241719,0.869767765262133
"CTR9",3.1834607361522,0.229631888015286,30.0703060376305,0.0662910285909753,0.606939229592546
"CTSA",1.40483907583632,0.0579300945770386,37.3418246433381,0.0393904803320152,0.425462383534974
"CTSB",0.984413382597982,0.00894520620115887,26.1876586368006,0.030893590210733,0.11437908496732
"CTSC",0.205110293827797,0.0116789074779942,57.0460535324337,0.0352511806743809,0.711653455708525
"CTSD",0.537211918614812,0.0097228219302545,38.1840713149548,0.032507289004555,0.344041162564316
"CTSF",1.57832566417788,0.0769061478739171,38.4006158157283,0.0425678840781005,0.481921846752886
"CTSH",0.5820419697276,0.0217580597066979,44.9265596291329,0.0351951157231193,0.497844527882075
"CTSL",0.35250039331358,0.0166724469695703,51.0651638317923,0.0352580327424705,0.605687665136977
"CTSO",0.861714790175301,0.102924716936282,48.8931554952631,0.0492590541507756,0.724933945209289
"CTSS",0.094515636836763,0.00710062569527569,63.2505562202901,0.0352614960494636,0.823320817688778
"CTTN",0.644121108995336,0.0143180611931945,39.0948353278612,0.0332963112806306,0.371366986510916
"CTTNBP2NL",0.902297114261724,0.174208066172454,47.0680598430663,0.0618298091717901,0.817688777638715
"CTU2",6.3546016067808,0.692152045600317,1.92788287190917,0.15031104845771,0.862675566680573
"CUEDC2",15.8213566901733,0.450516929521892,3.75044845389187,0.0942232344575615,0.411486580447782
"CUL1",5.12950245872442,0.413559662690621,17.5268723780874,0.0969066556687806,0.695035460992908
"CUL2",3.45429617966294,0.402637517873327,22.9700469393782,0.0974371400994442,0.771659018217216
"CUL3",3.92344508371861,0.319775822700687,25.0371612221539,0.0815443312604139,0.671533861771659
"CUL4A",6.40855951906166,0.355728891459222,16.2506917764434,0.0847024568964217,0.581004032818801
"CUL4B",2.406809221159,0.268591145459314,33.1114889890207,0.0748893419732692,0.727298011403143
"CUL5",5.12667348619917,0.308971212071698,20.4619350896354,0.0772924537784855,0.574746210540954
"CUL9",1.53997389528002,0.333696944984169,34.3049461648751,0.0886425984735636,0.858642747879294
"CUTA",7.82595314747619,0.0926461168123137,12.8339297949781,0.040425516968357,0.0841329439577249
"CUTC",2.03676960458124,0.344068023952069,31.4319036988725,0.0894267510963808,0.824502850785704
"CUX1",3.15362834195307,0.15632953237627,30.2237482128267,0.0534605008249346,0.481226533166458
"CWC15",11.4802133783414,0.388284080375333,4.12944262505543,0.0855722829784969,0.437699902656098
"CWC22",2.70863756013151,0.340182202720296,28.5599852890955,0.0871872258875778,0.766861354470866
"CWC25",5.4875807795845,0.438998042069656,15.5626031451226,0.101211448976796,0.702127659574468
"CWC27",6.06949560217771,0.484545341719545,12.6011942695377,0.109448600200811,0.723751912112363
"CWF19L1",8.47603368430243,0.762177730218677,3.49291247548464,0.164083487324164,0.870463078848561
"CWF19L2",1.47898791584525,0.277899143969108,37.7701588414449,0.0787026271841028,0.826727854262272
"CXADR",0.280816479688209,0.0582475481815409,59.7602997572646,0.0436846386721719,0.849812265331665
"CXCL16",0.416094081232845,0.0395083568055364,54.6379745824154,0.0395253716656435,0.717494089834515
"CXCR4",0.0813640369813838,0.00923238418001481,65.0817479933749,0.0358589286165283,0.862814629397858
"CXXC1",3.9160472712003,0.331534166971352,24.3220702925787,0.0834713342057427,0.678347934918648
"CXXC5",1.35688807812518,0.0593361976412209,40.7074551009906,0.04036502637475,0.492142956473369
"CXorf38",2.60067306268051,0.395029367489123,26.3470585363358,0.0976116221982912,0.818731748018356
"CXorf40A",1.21448902869891,0.149736514312535,45.2944737762474,0.0567630668793124,0.742108190794048
"CXorf40B",1.61809338351509,0.11721767548015,40.9605055276118,0.0498072718697799,0.604018912529551
"CXorf56",1.9531623223065,0.405755799549283,27.9755068971409,0.100762135641126,0.865526352384926
"CYB561",1.21463543985085,0.0514065371268868,41.3614263738877,0.0392408935032648,0.489014045334446
"CYB561A3",2.51406845807139,0.2503457804079,33.3463084702679,0.0714800223613108,0.700528438325685
"CYB5A",0.878337624412543,0.0116225109486745,35.1473095510476,0.0324938961350324,0.291892643582256
"CYB5B",4.31839017319957,0.333933997677373,22.7120555949966,0.0831865180496146,0.654429147545543
"CYB5D2",2.31058878385562,0.250548927289999,34.3408564442889,0.0718941196621364,0.718537060214157
"CYB5R1",0.883742763956675,0.0374520782484561,43.1054570928142,0.0373327804152951,0.494228897232652
"CYB5R3",0.866621750398658,0.0223714598308756,36.8787855916299,0.0341162705005674,0.3456403838131
"CYB5R4",1.75381590276064,0.342468620805618,32.7583082213127,0.0897309593173092,0.845570852454457
"CYBA",0.615686742231006,0.0105521195194254,36.8193177160932,0.0324594706398098,0.31984424975664
"CYC1",1.69186896633278,0.0403569636984794,32.3366323820998,0.0360667602783875,0.299262967598387
"CYCS",2.06885187364143,0.0474611989165378,29.6258841366139,0.0366019232654662,0.264010568766514
"CYFIP1",2.21116525895148,0.136321706254915,35.5889267188284,0.0515536106158708,0.540397719371437
"CYFIP2",0.454930876487662,0.0818874572535547,55.8932384489189,0.0471462268584315,0.818940342094285
"CYHR1",1.58835998561164,0.0518610897294901,36.1683855795769,0.0383874630803675,0.393199833124739
"CYLD",1.18067725540561,0.15739105771564,44.8802499582109,0.0579878204961273,0.747740230844111
"CYP20A1",2.33835340572884,0.241504264047238,34.1141053078921,0.0700097486449834,0.698790154359616
"CYP2R1",1.69211906682258,0.235944998785508,38.6851042425154,0.070779593909691,0.771659018217216
"CYP4V2",2.70423634673108,0.398887748783127,25.8143135792405,0.0981679281912752,0.815672368238075
"CYSTM1",2.8367718512467,0.0920750896942698,28.7488051162254,0.0428436284651107,0.335975524961758
"CYTH1",1.2980566207725,0.15797228652458,43.8216246830873,0.0577790462547491,0.729314420803783
"CYTH2",3.68253200083854,0.217455816893318,28.0100803973326,0.0633844789004758,0.550201640940064
"CYTIP",0.0682073902735908,0.021467803964379,67.067717078389,0.0382865670423262,0.923654568210263
"D2HGDH",1.9718160438949,0.20967445404979,37.9464861042204,0.0655047842002946,0.713113614240022
"DAAM1",1.46893997644898,0.0926065615330267,41.2718185126913,0.0457434836441346,0.56452510082047
"DAB2",0.211327589178552,0.00892574507777474,55.5652921935879,0.0346154756485679,0.677791684049506
"DAD1",4.58738287163111,0.0542876267499637,18.0438683023204,0.0358691219572376,0.0811430955360868
"DAG1",3.17064640257025,0.213448229368129,30.8269389635782,0.063687609668806,0.592754832429426
"DALRD3",3.18113842330919,0.157606924172923,31.1313513840168,0.0540776445595477,0.500556250869142
"DAP",0.453358471057847,0.014492974684145,44.9924528013917,0.0340916656554823,0.484494507022667
"DAP3",2.36587230490602,0.0798951800742676,32.0964352704857,0.041802441504295,0.373383395911556
"DAPK1",0.160623593994897,0.0525500798148772,63.013141052126,0.0432471702785858,0.901752190237797
"DAPK3",1.28608285880597,0.128081741419068,43.9349276360804,0.0524200227779575,0.678069809484077
"DARS",3.67098876737843,0.167529333702052,27.3408317277839,0.0544509769811479,0.450563204005006
"DARS2",1.06417089042497,0.277741685481183,40.3920533569082,0.0798194750796977,0.874078709497984
"DAXX",2.14462076676541,0.153375290604094,36.6944579341533,0.0548213263954517,0.591225142539285
"DAZAP1",3.62051078612678,0.251879113714747,28.4603131312799,0.0699721369494417,0.617507996106244
"DAZAP2",4.02757361806045,0.0685343793984533,20.4566405993027,0.0379523689707187,0.147128354888055
"DBF4",0.854369244462785,0.181528033157015,47.5576319638968,0.0634301838784655,0.839660686969823
"DBI",2.132327550848,0.022398623956028,23.2685177957617,0.0323602326617911,0.0958837435683493
"DBN1",0.970956552192347,0.0578516922138674,44.7334907554109,0.0407963728525668,0.563899318592685
"DBNL",3.59515199486327,0.167929611253476,27.4475064101053,0.0545061148142834,0.452788207481574
"DBP",0.823060178887568,0.218421828306315,45.7491237155291,0.0700021562939333,0.870324016131275
"DBR1",5.42045444055076,0.685392538247856,3.30502495444912,0.149460544383156,0.877972465581978
"DCAF10",1.17623722791169,0.0684513675746944,43.3126854399346,0.042255176273797,0.557502433597552
"DCAF11",4.886954845464,0.28530314596581,22.6538896097192,0.0739325931095509,0.57363370880267
"DCAF12",6.8645819584364,0.431514300084427,12.8771548145575,0.0983804776381897,0.645042414128772
"DCAF13",1.7047558943548,0.124855035734579,40.5324786770479,0.0510211437635156,0.610137672090113
"DCAF15",2.74778271761894,0.510810321847587,18.7601714652852,0.1187068100365,0.874148240856626
"DCAF16",1.13535242324298,0.15298489646186,45.7285736772919,0.0574613754185397,0.755736337088027
"DCAF5",4.32769066319253,0.316915279505231,23.1161469440479,0.0800007825932269,0.633222083159505
"DCAF6",2.30852489871159,0.14347273127967,35.8780454878753,0.0529406262257354,0.559171186204978
"DCAF7",3.69079708294296,0.165172616114046,27.9934222813725,0.0543686290795082,0.458628841607565
"DCAF8",3.91769075490536,0.216729470335277,26.5405207653678,0.0626756159965406,0.523084411069392
"DCAKD",2.78782119170693,0.361427384515354,27.5073979150256,0.0911378046547071,0.783687943262411
"DCK",0.969645761417515,0.135569047604645,47.6591053733766,0.0548120230964941,0.760534000834376
"DCLRE1C",1.56517466280039,0.367516092485836,31.9203200555622,0.0945910300387998,0.8724794882492
"DCP1A",5.23984761069516,0.41859734079582,17.0340876916415,0.0977042441617608,0.694687804199694
"DCP2",2.7561679232592,0.237748163845006,32.1490732031828,0.0685814588745363,0.657558058684467
"DCPS",1.87978431174508,0.23212075670966,37.512290919277,0.06957155210657,0.743846474760117
"DCTD",6.14703767903983,0.320855741006737,17.420359190968,0.0783691658987127,0.543665693227646
"DCTN1",2.34249350507189,0.113917546686047,33.3792949403396,0.0472586192667391,0.459324155193993
"DCTN2",4.90974153972425,0.18612638520069,21.7697375493946,0.0558165395864479,0.387984981226533
"DCTN3",7.336911637373,0.203998649039158,14.1241039850243,0.0564894992135319,0.295091086079822
"DCTN4",5.07221570523409,0.287660177880353,21.4506989894675,0.0737659281141855,0.556598525935197
"DCTN5",5.2004207028447,0.415138912981853,17.6625915455674,0.0974327917129283,0.700111250173828
"DCTN6",2.79313142850433,0.301213239930582,30.0431779203344,0.0800229047087665,0.72799332498957
"DCTPP1",1.54281375089249,0.0746349288248644,40.3050270052367,0.0427105340745339,0.513836740369907
"DCUN1D1",8.16512264172804,0.579171349734445,4.96583179039349,0.126094390877984,0.739744124600195
"DCUN1D4",3.15869312490071,0.424554170069483,22.8339868127474,0.102056861950616,0.80517313308302
"DCUN1D5",2.69984301865972,0.194248446834511,33.6554436747008,0.0611895040050509,0.609442358503685
"DCXR",1.00606044871539,0.0110422732638299,31.3511509615951,0.0319157709038389,0.218537060214157
"DDA1",11.3699188925222,0.471118544191776,3.16052570190486,0.101788668004078,0.547350855235711
"DDAH2",2.93430929188051,0.0687883920878035,26.5667838785333,0.0390916791707945,0.252955082742317
"DDB1",4.89648226720119,0.221547186908939,22.5263551908995,0.0621604449499425,0.462939785843415
"DDB2",1.03328802678252,0.13005425902394,46.8361851136205,0.0535705522542769,0.735363649005702
"DDHD1",0.995690566009215,0.207665532943723,44.8118982526501,0.06752615078584,0.834445835071617
"DDHD2",0.644283354475792,0.0541537454258507,50.4902301090473,0.0412513336785828,0.665693227645668
"DDI2",1.44189237528892,0.150213738861726,42.9474239828106,0.0561423785076341,0.699694062021972
"DDIT3",0.699748668738395,0.0757111392376505,50.8040280508981,0.0449549139908323,0.711375330273953
"DDIT4",0.334209144998756,0.0131001820806468,50.9059447807905,0.0346849024488232,0.595814212209707
"DDOST",3.31267484874019,0.0860001642987527,25.5933164841465,0.0413261377368764,0.269294952023363
"DDR1",1.18376497952522,0.046709589129306,42.6724827416643,0.0388159671515708,0.505284383256849
"DDRGK1",4.17299222774774,0.150348963431959,24.8070224217264,0.05097642711751,0.37651230705048
"DDT",3.27240203790838,0.104041766186803,28.2092796763539,0.0446769991997001,0.350855235711306
"DDX1",4.24591183839634,0.262323232528949,24.6499801903489,0.0702449796173096,0.568349325545821
"DDX10",1.80171448391536,0.293470707474032,35.3588638329471,0.0808428967894297,0.809762202753442
"DDX11",0.921402124815073,0.195060528877959,46.2657701922318,0.0656076860517255,0.839382561535252
"DDX17",2.96462127242006,0.0479296965388021,21.8637865657344,0.0353189570896903,0.12550410235016
"DDX18",6.2141192448301,0.209696128190026,17.3376262498151,0.0583446993231951,0.355791962174941
"DDX19A",3.27634247946467,0.511638784088217,17.3942411307616,0.118073547599125,0.851063829787234
"DDX19B",1.4132496386009,0.511779345791212,21.8956860945246,0.120720979599763,0.932554582116535
"DDX20",7.87634545776502,0.741016905538017,1.99975589038179,0.159775960580424,0.865943540536782
"DDX21",4.37621511783447,0.16652873186639,25.1969386073927,0.0538592563278343,0.413502989848422
"DDX23",3.56624916759493,0.248721386139056,28.1945810902777,0.0691707025211971,0.607008760951189
"DDX24",3.09246565869187,0.0905167295886618,26.2383366177216,0.0420050222085485,0.287859824780976
"DDX27",4.44712147253582,0.291748214883529,23.6883553039075,0.0754767337109669,0.601585314977055
"DDX28",19.1164387347878,0.94354130730907,11.6481527278275,0.210656726427576,0.940967876512307
"DDX39A",1.84971299801198,0.123297328959786,38.6569278386007,0.0502176016514787,0.572729801140314
"DDX39B",2.27000836760973,0.195186733566813,35.9045562905939,0.0620569183384043,0.650952579613406
"DDX3X",3.03414728034813,0.0853654394689083,26.4746578526195,0.0413370012167714,0.282436378806842
"DDX41",3.91653886655217,0.296136511423226,25.8881860305014,0.0773104898248486,0.647058823529412
"DDX42",2.88523952988981,0.174603373861391,32.8024142228427,0.057461625648746,0.560005562508691
"DDX46",6.64530164932904,0.219086483359203,16.2880011826404,0.0596326148921207,0.355374774023084
"DDX49",9.83276174971134,0.55190336590589,3.81092785623036,0.119593262505212,0.678626060353219
"DDX5",2.98819296912632,0.0202410959752004,19.3983256593115,0.0317616033106258,0.0269086357947434
"DDX50",7.95836885696534,0.455763773204406,9.11730894419811,0.101264197684301,0.619872062300097
"DDX52",1.79244683540999,0.195498080748176,39.0892989068253,0.0631889509496869,0.708872201362815
"DDX54",5.30404297039498,0.333926671868531,20.3472006204773,0.0823540050964156,0.614796273119177
"DDX55",3.29499122847775,0.522088518905303,16.7979050354382,0.120098484720406,0.857460714782367
"DDX56",2.35220276907065,0.160498993039259,35.708055237668,0.0558239682771693,0.586497010151578
"DDX59",2.21095073698778,0.288834504691467,33.5625656524402,0.0791379773384973,0.769781671533862
"DDX6",3.33765896622604,0.166520998167482,28.7695242369365,0.0546602933908734,0.473299958281185
"DDX60",0.638024272166961,0.116406150963181,52.2658621417642,0.0525489448891352,0.812404394381866
"DDX60L",0.340785535697215,0.0788939593051823,57.972242182966,0.0470399058095515,0.852941176470588
"DEAF1",2.67496268182989,0.412583481381222,25.070433504822,0.100687542311169,0.825059101654846
"DECR1",2.08564319884728,0.0968983248906882,35.298742104167,0.0450729677552835,0.463009317202058
"DEDD",7.73667353353755,0.424317713864345,11.2206059847739,0.0961019032798163,0.606313447364762
"DEDD2",5.24270217620536,0.522594961053133,12.6953532950706,0.117881178767401,0.785634821304408
"DEF8",1.51002582862486,0.18579778955442,41.4408563315815,0.0621721889786242,0.734668335419274
"DEGS1",0.723986256370828,0.0395880276954067,46.4686143409015,0.0381917287223319,0.561882909192046
"DEK",1.16819887307637,0.0325994212039297,35.517251076626,0.0353831491842164,0.341259908218607
"DENND1A",2.87376682514155,0.50042824194382,19.1619204044859,0.116635990873707,0.864274787929356
"DENND1B",0.786215747407455,0.0964970414153297,50.5509730704073,0.048559057148223,0.744611319705187
"DENND4A",1.24683480919287,0.273299359318086,39.4713487011103,0.0785073635940423,0.849742733973022
"DENND4B",1.93023115551377,0.334927228896484,32.4392619137996,0.0880112221832992,0.827214573772772
"DENND4C",2.69454803575638,0.245299928692385,32.2451741235406,0.0700372706683262,0.672159643999444
"DENND5A",0.759374401164062,0.143952771779437,49.7637833276509,0.056952059921996,0.814490335141149
"DENR",3.13609292039218,0.117738704330781,28.9228382100062,0.0468567563261946,0.38791544986789
"DERA",3.74717615432347,0.356031131761025,24.2223838745465,0.0884205594744412,0.717146433041302
"DERL1",2.67248493854256,0.153234716208701,33.4891791656875,0.0539236337218829,0.533861771659018
"DERL2",2.89450588016095,0.202380260664043,31.4252447194972,0.0617430416721059,0.583229036295369
"DESI1",4.28180388414245,0.37830575323525,21.8611583267849,0.09192330580776,0.712835488805451
"DESI2",1.54619176287776,0.117250545789447,41.1737052957962,0.049824841138628,0.607704074537616
"DEXI",4.20440251131951,0.484265601164443,16.9505544589705,0.11183640527979,0.798776248087888
"DFFA",2.13330059165502,0.185896565704584,36.8953117343071,0.060689634584325,0.652482269503546
"DGAT1",1.59341736734928,0.238130077905459,39.7135009721476,0.0716759471952604,0.794256709776109
"DGCR2",3.46758690855014,0.33268871450649,25.9931467939791,0.0844827849190714,0.709358920873314
"DGCR6L",6.70590279650076,0.250637420957211,16.2598014268886,0.065034068304877,0.408427200667501
"DGCR8",1.84248727906364,0.277515651141653,35.9313375717057,0.0778726335283004,0.79300514532054
"DGKD",1.25758726695241,0.162245994010212,44.57954219426,0.0588452064268432,0.75100820470032
"DGKZ",1.22847351796516,0.131967635459357,45.0509913278663,0.0534556198584936,0.705882352941177
"DGUOK",10.7625256424796,0.299844388744242,6.66924410097988,0.0704123344019405,0.340008343763037
"DHCR24",0.722828110972683,0.023946456357192,44.7992231299775,0.0355868307436425,0.500556250869142
"DHCR7",0.731164591530036,0.170075509290172,49.3106347653807,0.0617954882598367,0.852106800166875
"DHDDS",5.46254336574489,0.541582383158363,11.1410307213052,0.121139412910165,0.788624669726047
"DHFR",0.222296158095561,0.0414852891776148,61.153863843766,0.0409481857354362,0.846057571964956
"DHPS",5.02984107217202,0.218317309894867,22.9978408765622,0.0619589288087775,0.466694479210124
"DHRS1",4.34547798745195,0.329548218958039,23.1618131654378,0.0826253367831526,0.655263523849256
"DHRS12",3.1365666086473,0.477212361831488,19.9418810467368,0.111942180960574,0.840147406480323
"DHRS13",0.77185274824842,0.189656260766602,47.9199840142466,0.0651276937855638,0.860520094562648
"DHRS3",0.646045372484254,0.0919747606831353,52.3342579688114,0.0481477102801094,0.769851202892505
"DHRS4",5.27333636509145,0.245537247236469,21.4145665692808,0.0660794828530175,0.485607008760951
"DHRS4-AS1",2.82971103685547,0.217871790365572,32.8629533458939,0.0652595417692252,0.636559588374357
"DHRS4L2",2.15679558124306,0.217805843649884,36.6289115962866,0.0665758326265064,0.703518286747323
"DHRS7",1.37944403485033,0.0427919265105786,35.776995023088,0.0369221955468093,0.367125573633709
"DHRS7B",2.39523504176049,0.284711030883547,32.6139617377203,0.0778683001856779,0.745793352802114
"DHRSX",4.46996061055945,0.329066936150494,23.0366419055041,0.0825482334188022,0.652551800862189
"DHTKD1",1.34164303481573,0.182280956400309,43.3410184154554,0.062193271326431,0.763454317897372
"DHX15",2.1814877013449,0.104098496451057,34.9227261283129,0.0461314975580032,0.469614796273119
"DHX16",3.68892231049591,0.388602938403027,23.0273960549681,0.0945597268415779,0.74975664024475
"DHX29",5.18273033143787,0.248632098927404,21.5855946083586,0.0666652269139592,0.493533583646224
"DHX30",5.49160760336655,0.254970616426244,20.4272930145095,0.0673722147011787,0.484772632457238
"DHX32",4.19011203029915,0.460852112379928,18.4146986300567,0.107619165165102,0.786677791684049
"DHX33",2.15585612625295,0.348415147302735,30.6782350601538,0.0899678584496882,0.8183145598665
"DHX36",5.86239161341381,0.287556103494381,18.6362796051542,0.0725670576993255,0.508969545264914
"DHX38",1.65081530195574,0.294792781734645,35.9223234328998,0.0813306579318971,0.822069253233208
"DHX40",1.80741136061062,0.231943077677802,38.1224321579567,0.0697909816964941,0.754623835349743
"DHX57",1.84171887388241,0.418784516984093,27.4729572919245,0.103306495589482,0.878181059657906
"DHX8",2.67494359346769,0.304566906350584,30.4441429515223,0.0808709608131989,0.740717563621193
"DHX9",4.8438028016214,0.218590008897547,22.854455522256,0.061782200367184,0.4635655680712
"DIAPH1",1.47136179091628,0.137030024103907,42.6049727437672,0.0536788090520823,0.669865109164233
"DIAPH2",0.425908907094148,0.115594359243523,55.2677831232394,0.0531631836115689,0.867334167709637
"DICER1",2.25313993298616,0.130302283724068,34.9773920671676,0.0503684021895811,0.518356278681685
"DIDO1",4.18847797460367,0.263184863418659,25.1590613850221,0.0706655606912994,0.578848560700876
"DIMT1",5.24957663145239,0.441414488089745,16.1825331271668,0.102093049240179,0.716659713530802
"DIP2A",2.52555913509882,0.253288364412789,33.2346290527404,0.0720087151700429,0.703587818105966
"DIP2B",1.3449629709197,0.180371530735174,43.1641522352415,0.0617531248983047,0.756779307467668
"DIS3",2.25447019274369,0.27368069292857,33.7563365799095,0.076166457005238,0.74746210540954
"DIS3L",2.1227549664008,0.309640896398713,32.9127340519232,0.0830321792812407,0.793213739396468
"DIS3L2",2.28550667697492,0.387614053500222,27.8680319039944,0.0968099497626213,0.833472396050619
"DKC1",2.25995543073722,0.191790184684377,36.4994121607505,0.0617019103019675,0.656028368794326
"DLAT",4.21133455683741,0.513221475912207,15.3565611099072,0.117317948840526,0.817410652204144
"DLD",2.18330634448626,0.173973729720564,36.5493597573669,0.0584183960503794,0.625225976915589
"DLEU2",0.937766209781911,0.198334611678497,45.8976895585896,0.0661086565621025,0.838270059796968
"DLG1",2.77516460083941,0.258727257234641,31.9199900946925,0.0725563906308934,0.689612015018773
"DLGAP1-AS1",1.06270683869694,0.226762994177709,43.3886896493523,0.0707650795996896,0.841398970935892
"DLGAP4",2.6862523696992,0.161672815778267,32.8102762660909,0.0550778097101005,0.536225837852872
"DLST",4.29159746166432,0.360432795054411,21.9488159580168,0.088155663322712,0.684814351272424
"DMAP1",4.41473635835113,0.377495226186627,21.0191859108092,0.0912116797477569,0.696704213600334
"DMTF1",2.4638498453744,0.270738769853623,32.6516548606526,0.0751029524988285,0.722708941732721
"DMXL1",2.36749773903627,0.281444343419657,32.7754353840274,0.0772695193225037,0.743081629815047
"DNAAF2",2.98153468057425,0.242320506047655,31.4881148502207,0.0692958569739504,0.654151022110972
"DNAJA1",2.78470107845259,0.0638673361951547,25.815170190861,0.0381651731169351,0.228340981782784
"DNAJA2",2.73530573403367,0.153466420833642,32.4100122232692,0.0535683343140015,0.514462522597692
"DNAJA3",3.08348007872598,0.256228639001681,30.6752961799065,0.0716211200806609,0.663537755527743
"DNAJB1",1.29532225658041,0.0384569222917889,36.2458382437884,0.0363826656911713,0.367334167709637
"DNAJB11",2.32028930320091,0.155989616863092,35.3426195569455,0.0548662711890875,0.571478236684745
"DNAJB12",9.3958433425936,0.468687227460274,6.29027142768865,0.102659990820344,0.593589208733139
"DNAJB14",3.84802737565354,0.271306010322706,25.7775840206446,0.0723018882493289,0.602628285356696
"DNAJB2",2.61971690295332,0.238316314410823,33.4503862952181,0.0692808407511575,0.682033096926714
"DNAJB4",0.708200369805083,0.13211660763356,50.8156567267353,0.055051761597115,0.813169239326936
"DNAJB6",4.08666486500189,0.108670872775784,22.7140982254313,0.0439634243774617,0.262689472952301
"DNAJB9",0.897222852876441,0.0928935679470975,48.3388975569854,0.0473849540156167,0.696426088165763
"DNAJC1",1.22112571395643,0.0296456986245661,36.059489479822,0.0351332725592925,0.346613822834098
"DNAJC10",3.06218809372875,0.180041674099487,30.9466721126491,0.0577090692022445,0.536017243776943
"DNAJC13",3.06782724415075,0.34218370505279,27.1955276737963,0.0869847221596829,0.74621054095397
"DNAJC14",1.58182407859564,0.226554104841067,39.7214623539741,0.0693401569965141,0.774231678486998
"DNAJC15",2.1709375624449,0.0924668887739009,34.1471161082741,0.0441097890637553,0.433736615213461
"DNAJC16",2.39204268188465,0.325058735209974,30.910507092459,0.0852582328324051,0.78340981782784
"DNAJC17",3.92580879859647,0.365958906307317,23.1116704047187,0.0898871159756257,0.714087053261021
"DNAJC19",2.87417215982657,0.072040477034102,27.6896390047552,0.0397969790501801,0.279655124461132
"DNAJC2",3.29966114378843,0.232024607426056,30.1284504241402,0.0668708829985008,0.612640801001252
"DNAJC21",4.98118478021283,0.4381650840671,17.2629313802712,0.102064905755281,0.730148797107495
"DNAJC24",4.63008542260989,0.585589535299065,10.2407971748289,0.13051858731603,0.843137254901961
"DNAJC25",1.42546198363826,0.466428334189268,25.4546293499446,0.112677593481129,0.921220970657767
"DNAJC3",2.11321808241505,0.118545650109049,35.5850844468604,0.0485761931177706,0.507787512167988
"DNAJC30",6.55040087636937,0.467527609558521,12.3460204826826,0.105698179475662,0.692671394799054
"DNAJC4",4.65483233148271,0.152324727810144,23.581659478512,0.0511030264336548,0.360589625921291
"DNAJC5",2.79952292899178,0.304678424131222,30.3821893257702,0.0809699443285198,0.740091781393408
"DNAJC7",6.14543514248844,0.266153014906393,17.8797879207967,0.0683574723530638,0.46078431372549
"DNAJC8",4.49969990149097,0.165591806481749,22.4158193737209,0.0525440333015572,0.361354470866361
"DNAJC9",1.3839619505006,0.143800535363399,43.5413173949985,0.0551606751335246,0.699207342511473
"DNAL1",2.70630972944812,0.391665625360647,26.3283526923724,0.0969309700774517,0.812891113892365
"DNAL4",5.12305575585215,0.431800393192561,17.43265360564,0.10089644266981,0.722987067167292
"DNASE1L1",2.12651293717018,0.299299522572756,33.3407251197212,0.0811151674369901,0.78340981782784
"DNASE2",1.94625160067836,0.141112609613901,38.2292597442107,0.0531488078384971,0.597135308023919
"DNM1L",2.96034716304185,0.263280160027237,30.6376039370972,0.0728724180366697,0.674523710193297
"DNM2",3.45319978760067,0.314731889744294,26.8410262248414,0.0813085270259516,0.694409678765123
"DNMT1",1.43259260966574,0.0984262700669228,41.9529765644408,0.0468616499122442,0.587818105965791
"DNMT3A",1.2662019851285,0.203048227545038,43.1740272367474,0.0660859973781183,0.79655124461132
"DNPEP",2.44290049878783,0.114735789968609,34.1508286805903,0.0477279995230498,0.476011681268252
"DNPH1",2.64271661807589,0.0696240594894462,29.1245556337918,0.0397265649690914,0.300445000695314
"DNTTIP1",5.3902914878913,0.372750275862093,18.3312707696455,0.0889657469954766,0.643095536086775
"DNTTIP2",3.28740035410295,0.253323403359717,29.3027170318301,0.0704442748864525,0.634125990821861
"DOHH",14.8754863284469,0.779743530105751,7.85333627370103,0.167247659750493,0.805381727158949
"DOK1",1.06021135528344,0.163121206520455,46.0299846883136,0.0594174235587275,0.77909887359199
"DOT1L",1.63436365297935,0.376566855161877,31.2492538324548,0.0962326606787605,0.875608399388124
"DPAGT1",3.08777689734697,0.317337349876959,28.4423252938265,0.0825969602029148,0.726950354609929
"DPF2",8.55003827534723,0.457948329409853,8.24546626980921,0.101431962036873,0.609164233069114
"DPH2",4.12154144586806,0.510097009786507,15.8276387837571,0.116933570888824,0.820678626060353
"DPH3",5.5226262107387,0.408169120582964,16.9519736120967,0.095586284440444,0.676748713669865
"DPH5",4.67540906964875,0.565953675000977,11.5839255151849,0.126998795576839,0.835349742733973
"DPH6",2.97139053236603,0.401123093341924,24.8075372771134,0.0981244126652742,0.801557502433598
"DPH7",23.9315365932297,0.807864443382137,12.3079991956328,0.17410483053697,0.74746210540954
"DPM1",4.1792106086633,0.386153828510848,21.7177706528239,0.0934323670308504,0.723056598525935
"DPM2",8.5344298701545,0.318083971484571,11.5072196689351,0.0755332710658917,0.443679599499374
"DPM3",4.67496556067246,0.135218359089453,21.8925835885087,0.0478291989862062,0.29933249895703
"DPP3",2.55880123508055,0.309995967456727,31.2218044133891,0.0824120162782863,0.763871506049228
"DPP7",4.19123507954203,0.0864634683900836,21.3814952146954,0.0405887066371939,0.198581560283688
"DPP8",2.66670374541346,0.266628037122764,31.7716591738459,0.0739405603285532,0.700111250173828
"DPP9",3.00069674555518,0.281378674754232,29.8602983786512,0.0760459693505256,0.691419830343485
"DPY19L1",0.572692976419759,0.152429768831695,51.6730864490402,0.0591242931895658,0.865039632874426
"DPY30",5.14154667922129,0.175031153657679,22.0898018872087,0.0543518826032253,0.376025587539981
"DPYD",0.434508054352279,0.0741975743211517,55.9661166224929,0.0457701531665952,0.806355166179947
"DPYSL2",0.438380612632529,0.0347526853173477,53.0727689296096,0.0384764112513211,0.678626060353219
"DR1",6.4275046612073,0.349431119036559,15.5564401231114,0.0829158380761772,0.558475872618551
"DRAM1",0.356649813994567,0.0729509442319458,57.7301794203964,0.0459161782087193,0.837644277569184
"DRAM2",2.39028023149668,0.171599349946487,35.5692374740834,0.0577437118707804,0.60374078709498
"DRAP1",3.53522566186706,0.0705470763818119,22.8918606583755,0.038633155793997,0.192115143929912
"DRG1",4.57176027401363,0.331771671712126,22.3442454691547,0.0827033855102251,0.644903351411487
"DRG2",2.87650500766923,0.275251807964282,30.4809705446242,0.0750828689805853,0.691906549853984
"DSE",0.317163483697124,0.0352790165675114,57.2358148576703,0.039228796137087,0.759421499096092
"DSN1",0.856513666842279,0.203520663852065,46.348696040584,0.067283339586403,0.855583368099013
"DST",0.589428331009531,0.0282267062326175,47.4975956731436,0.0365804101233335,0.55972743707412
"DSTN",2.34628428838462,0.0139225848812961,21.9078152156047,0.0313089941687669,0.055972743707412
"DSTYK",1.85087635776403,0.258463064391566,36.6735537966996,0.0743802391807722,0.773884021693784
"DTD1",1.67304012788783,0.237406813019922,38.8360672089666,0.0711359755870422,0.776943401474065
"DTNBP1",1.54504784730889,0.261788892217498,38.3734586095022,0.0757434286318928,0.810248922263941
"DTWD1",2.55343424862823,0.208006604534989,33.5255801507183,0.0635177854791904,0.630440828813795
"DTX3L",2.2589170957401,0.186908601470267,36.0609750811015,0.0606016601154105,0.639271311361424
"DTYMK",1.18047980813788,0.0997261917763894,44.8923298565259,0.0477652342215475,0.644625225976916
"DUS1L",1.62859737212423,0.165339868165818,41.3351111957621,0.058416226642562,0.697051870393547
"DUS3L",4.70872739944696,0.468115791586972,16.5505004073668,0.108096101027075,0.765818384091225
"DUS4L",3.0637220781614,0.473410604650598,20.4485346485523,0.111420879738671,0.842928660826033
"DUSP1",0.462781519372959,0.00451628958392875,37.8950244553412,0.0317719113774365,0.327840356000556
"DUSP10",0.364925197661225,0.0819810613614848,57.539598071928,0.0475136210373413,0.850298984842164
"DUSP11",4.36895315853674,0.364793212806427,21.2905894521341,0.0886552475525156,0.680433875677931
"DUSP12",3.62123124920537,0.34306478589791,25.0705945926184,0.0861591540226496,0.710471422611598
"DUSP14",1.84174762758206,0.213632942901688,38.6357253725016,0.0664909114243915,0.732373800584063
"DUSP16",0.921789960814307,0.158005477826022,47.8756024605246,0.0590556415254622,0.804338756779307
"DUSP18",1.45336972396678,0.365266718202061,32.5507907682011,0.0944311002120383,0.88005840634126
"DUSP2",0.0657984638500935,0.007262723664431,65.9168459119725,0.0356175817721629,0.875399805312196
"DUSP22",2.16006942279052,0.288164961498378,33.6358470655177,0.0789955673508348,0.769851202892505
"DUSP23",1.88577173688592,0.0544860761506739,32.2071890441569,0.038010123811556,0.324780976220275
"DUSP3",2.50645896200748,0.202020304793147,34.3068784328511,0.0627565885838396,0.634265053539146
"DUSP4",0.32909654606082,0.00739376048606701,48.0692203362954,0.0334469148374666,0.529968015575024
"DUSP6",0.188910591205693,0.0160933605449782,59.9479369147137,0.0363782964927694,0.776109025170352
"DUT",2.23914775863229,0.0418117902355623,25.6498630228227,0.0351051920273248,0.179112779863719
"DVL2",2.24677620445622,0.297814971865893,32.6519839609151,0.0804778421499638,0.768530107078292
"DVL3",2.16069672948619,0.190379125975507,36.7604920641335,0.0614755295526495,0.657975246836323
"DXO",4.75314720310956,0.458471693603821,16.9006369352924,0.106204946150468,0.756431650674454
"DYM",5.04232421522259,0.384677631319654,18.6537832168716,0.0914554548526406,0.667640105687665
"DYNC1H1",2.56095139293376,0.0623115592440696,26.8301627845081,0.0381032597225164,0.242733973021833
"DYNC1I2",3.61949111159892,0.159273952643578,26.7305984811566,0.0528039241588778,0.42434988179669
"DYNC1LI1",3.33350441164421,0.275061609633342,28.4207622504835,0.0741999780047611,0.655402586566541
"DYNC1LI2",2.61206006808949,0.138803049327092,32.6239448439289,0.0511434415358263,0.491586705604228
"DYNC2LI1",2.40578740330866,0.270537358691141,33.1300780340248,0.0752935253732623,0.730983173411208
"DYNLL1",5.14493224601448,0.0350244139234881,16.5703896972556,0.0336009880993173,0.0239187873731053
"DYNLL2",1.48782736947477,0.161692502177341,42.7992459383617,0.0582246518757231,0.717494089834515
"DYNLRB1",7.49077817663833,0.105563815274677,12.8048620645005,0.0418616221226397,0.103115004867195
"DYNLT1",4.02129138190764,0.0703036790249573,21.5427088898948,0.0384828260306596,0.170699485467946
"DYNLT3",3.05589391157409,0.197452267578663,30.9286913238761,0.0607524850892149,0.566193853427896
"DYRK1A",2.4694527232264,0.292356016488261,32.1704267187179,0.0792429073666011,0.750938673341677
"DYRK1B",1.71699057576971,0.228846320615933,39.0719951043648,0.069588205656351,0.766583229036295
"DYRK2",0.577320258939527,0.123546261083706,52.7333804271515,0.0539772844517483,0.833820052843833
"DYRK4",3.75453581580849,0.328106023712524,25.4147242895757,0.0833784667520124,0.691906549853984
"DZIP3",0.623763443221293,0.131489125940932,51.8984718171942,0.0552330595377712,0.832290362953692
"E2F3",0.706107565178217,0.161365603706283,49.8540081560031,0.0602852984288506,0.846891948268669
"E2F4",2.00248287399317,0.279230514319152,35.0509857787751,0.0778523887823125,0.780141843971631
"E2F6",3.39254889295144,0.466156032642427,19.8812804583205,0.109470347670357,0.821026282853567
"E4F1",4.5115976700558,0.375176079000113,21.2386345147041,0.0909681869545937,0.696982339034905
"EAF1",2.19536036011149,0.330892883592259,31.5626949182719,0.0867793475065205,0.804825476289807
"EAPP",5.45214861401118,0.233795087278684,20.403989751999,0.0635541889137523,0.448199137811153
"EBAG9",3.00311644285723,0.175268025139267,32.3583917123106,0.0574752525982835,0.553539146154916
"EBNA1BP2",3.35730833574915,0.153125770446728,29.9805354323856,0.052990663855825,0.472256987901544
"EBP",1.1857713639873,0.119948503880671,45.7136873027322,0.0515164893620393,0.696704213600334
"EBPL",1.07770094593198,0.0738028058942193,46.3621750368622,0.0438092350637275,0.625017382839661
"ECD",3.40877642833567,0.372609937811944,24.7147066405846,0.0920801301011087,0.75302461410096
"ECH1",2.86697405592061,0.194918951387222,32.3580596340188,0.0608315494819575,0.587331386455291
"ECHDC1",2.64373411457986,0.230663206554759,32.7328449467952,0.0674424092518773,0.65561118064247
"ECHDC2",2.27373794805637,0.106785233782383,34.4629600478967,0.0464657067991495,0.466416353775553
"ECHS1",3.43038448756231,0.128847088620642,28.2168192880107,0.0484935049900846,0.396676401056877
"ECI1",2.01924666973012,0.348947206493636,31.4686647155613,0.0905186154763383,0.833402864691976
"ECI2",2.6359999817544,0.149963264107989,33.9411583637733,0.0535285224287752,0.536295369211514
"ECSIT",3.27078764490307,0.257951083037683,29.7944705096297,0.0716111740229507,0.651022110972048
"EDC3",3.95683004861022,0.5016958884745,16.4491794828517,0.115340142472969,0.818105965790572
"EDEM1",1.59686476294594,0.219955667657601,39.8626023510591,0.0681165258504226,0.765401195939369
"EDEM2",1.96895734355908,0.249674175828621,36.3635000225171,0.0725344065361526,0.753302739535531
"EDEM3",2.71323506719282,0.170273351580772,33.0822825824017,0.0566919565684788,0.55666805729384
"EDF1",10.6224381618183,0.0660223945708463,10.0807111545497,0.037628107837924,0.014879710749548
"EEA1",1.38835245122716,0.100942180953563,42.1588233810861,0.0473009774312112,0.596022806285635
"EED",1.62526087092278,0.301255576299734,35.7312754142029,0.0825710600098602,0.829578639966625
"EEF1A1",6.31494842813996,0.002709291895017,17.778992052463,0.0309919600381309,0.000139062717285496
"EEF1B2",3.94788343807955,0.0207050213360997,18.5143191933567,0.0320258005998033,0.0213461271033236
"EEF1D",3.21234895378173,0.0099243289051226,19.1572779940225,0.0307626672127631,0.00528438325684884
"EEF1E1",2.42615137328892,0.493739713186774,20.7769067603886,0.116094771624165,0.882213878459185
"EEF2",2.76077178163213,0.00742571882328071,19.6572882027308,0.0304297130829506,0.0050757891809206
"EEF2KMT",2.56954781285877,0.3360407389988,29.9315072382302,0.0871236457639473,0.784522319566124
"EEFSEC",4.19105126084711,0.478421149016518,17.0963196890858,0.110567245454782,0.791892643582256
"EEPD1",0.250328754029131,0.129011931284203,57.2047997799113,0.0562208933913017,0.927548324294257
"EFCAB14",2.03785818984195,0.10292775916056,35.0682204072524,0.045890024831174,0.469267139479905
"EFCAB2",1.07723750246427,0.177518290669847,45.5389324723294,0.0619862858948356,0.795369211514393
"EFHC1",1.86574914194558,0.11450369383106,37.816012145602,0.0484952201019322,0.541093032957864
"EFHD2",0.673214697554215,0.0950933305714589,51.880650482907,0.0485961193702319,0.766930885829509
"EFNA1",0.456216305155221,0.0149040624421878,47.6960318339004,0.0345620290940314,0.537755527743012
"EFNA4",1.33156979988866,0.168663726505461,43.8342955787444,0.0598104140370395,0.748644138506466
"EFR3A",3.00216655197046,0.149274270216897,30.8884625493811,0.0524615704523947,0.480183562786817
"EFTUD2",2.17349577259161,0.232795640363787,35.6728476290728,0.068999461498851,0.711931581143096
"EGLN1",1.437989639957,0.225581739623739,40.7444094197901,0.0695353622038305,0.791127798637185
"EGLN2",0.46207786054803,0.077247701822356,55.5635381928096,0.0462358124046806,0.804269225420665
"EGLN3",0.195033269307396,0.0296012291001062,61.4019294673883,0.038899985842462,0.829091920456126
"EGR1",0.373702288539969,0.00443324990326628,43.239359054222,0.0324188044975872,0.430816298150466
"EHBP1",0.909049931125714,0.161745766806274,47.4833064863105,0.0596013047193709,0.803504380475594
"EHBP1L1",0.711637294812653,0.14809876580837,50.298166398763,0.0578977029931262,0.831803643443193
"EHD1",1.20213021781347,0.169918158729565,44.4537613757268,0.0601865884779789,0.761994159365874
"EHD4",0.506207039955754,0.0478619844490557,52.8596691303446,0.0406167966791743,0.698998748435544
"EHMT1",4.05657039559731,0.213696333724482,26.2318856073954,0.0620888604592763,0.512863301348908
"EHMT2",4.00712752791248,0.263857546694677,26.0902474234424,0.0711985870840525,0.596231400361563
"EI24",4.94893341038597,0.184117415360287,23.1530015184172,0.0561918193968611,0.410095953274927
"EID1",2.63300165441172,0.0313225092146213,21.2961439039862,0.0331649048082432,0.080239187873731
"EIF1",4.64574885103111,0.0120414160944778,17.905854313102,0.0312972108200294,0.00132109581421221
"EIF1AD",2.74170192639888,0.404585930808132,25.4861098685304,0.0992453221106824,0.819287998887498
"EIF1AX",8.9404486851693,0.167580900962261,10.8427364849731,0.0503101907805829,0.185857321652065
"EIF1B",5.75491735953993,0.187711396781025,17.3266617148783,0.0544803680740336,0.314907523293005
"EIF2A",5.73216040412176,0.225325154486716,20.074944687767,0.0621149208556467,0.429286608260325
"EIF2AK1",4.64179740400161,0.17251682139508,24.4749669282987,0.0546961132970884,0.412320956751495
"EIF2AK2",1.81265832093298,0.0871162117026337,36.5180223820904,0.043751874534679,0.466416353775553
"EIF2AK3",1.28923926786792,0.268844689927425,39.5397898924791,0.0776448294663032,0.843415380336532
"EIF2AK4",3.22435903335378,0.207600206516957,30.4720233469981,0.0624891028234791,0.576275900431094
"EIF2B1",8.92072734833405,0.550760210711911,4.64621476508999,0.119471695486755,0.690933110832986
"EIF2B2",4.22553796751371,0.425348569206123,19.6778975752238,0.100554385868658,0.751216798776248
"EIF2B3",3.01669059417639,0.369048174462223,26.2378172840462,0.0920860327840208,0.773884021693784
"EIF2B4",3.5404947833489,0.331880367435864,25.98559079135,0.0843738793510826,0.708037825059102
"EIF2B5",6.54080425864921,0.436723806897296,13.6081699237274,0.0998967453076207,0.665623696287025
"EIF2D",4.03268627438215,0.315520710496988,25.1389328438124,0.0808387623109444,0.666527603949381
"EIF2S1",4.5479089632955,0.256021433693766,23.7902733829298,0.0688042552024628,0.543248505075789
"EIF2S2",7.3765658567167,0.175525896164175,15.1722794121459,0.0526352397233916,0.265887915449868
"EIF2S3",4.42089014411601,0.109972611550848,22.6696109627178,0.0443405861851684,0.266861354470866
"EIF3A",6.82185332138961,0.168327152166406,16.0412205559562,0.0515982137169479,0.265401195939369
"EIF3B",2.11738843285213,0.147344728619171,37.7701288101693,0.0541868398432009,0.600542344597413
"EIF3D",3.20552529318122,0.0980035042722778,27.3372164242521,0.0434754111862776,0.323042692254207
"EIF3E",3.91146498185065,0.0472045877409955,20.4954101890408,0.0353659441671338,0.107565011820331
"EIF3F",4.83387358408027,0.0649837867653653,18.4524498494042,0.0373613675257829,0.110693922959255
"EIF3G",6.43425858308474,0.101110712047235,15.1774513055302,0.0416099994602779,0.129397858434154
"EIF3H",2.32717519876151,0.0212395213806311,22.7617567888282,0.0322276625114497,0.0860102906410791
"EIF3I",5.80074981822646,0.144702192574202,18.3090412220711,0.0484585786174041,0.258378528716451
"EIF3J",7.31545483728169,0.322080855648514,14.2808978409745,0.0773243487091278,0.494228897232652
"EIF3K",5.42260419843998,0.062971501911147,16.8165248934233,0.0369377252713974,0.082186065915728
"EIF3L",2.43211575644921,0.0436086198053506,25.7272420109545,0.0354392558972863,0.185787790293422
"EIF3M",4.48054379636606,0.113262896386608,22.4513392192946,0.0447607280016805,0.269155889306077
"EIF4A1",3.48793654713315,0.169792262602976,28.8457155697381,0.0553556948668257,0.481365595883744
"EIF4A2",5.31546589845183,0.0693558616644586,16.9653900194715,0.0376843322680878,0.0954665554164928
"EIF4A3",1.96996564899223,0.0959101368930256,36.246499996356,0.0451292120557442,0.478375747462105
"EIF4B",2.80592284330057,0.0392730942914129,23.9591333503702,0.034720964229747,0.147615074398554
"EIF4E",3.42802301762274,0.167108613098747,29.1230734816399,0.0549845098542507,0.481435127242386
"EIF4E2",6.54493516456785,0.256932749034709,16.3873088847927,0.0660945129324698,0.420456125712696
"EIF4E3",1.31655548518637,0.304064588931915,37.2578309114587,0.0838477407990595,0.861910721735503
"EIF4EBP1",0.673422579089816,0.0198636059873478,41.8766733910004,0.0344935080220819,0.435961618690029
"EIF4EBP2",4.06601836221789,0.23750073408533,25.7720691268817,0.0661304177965977,0.545543039911
"EIF4ENIF1",2.63143004398488,0.518468976925007,18.4750555217908,0.120235181423714,0.881657627590043
"EIF4G1",4.39115832412322,0.123227285194709,22.8713112332982,0.0462802404016197,0.294048115700181
"EIF4G2",4.9421560337854,0.0629888911355126,16.6894644792233,0.0366661330385775,0.0751633986928105
"EIF4G3",2.29824874765709,0.193202920479065,35.3493412145768,0.0614542677505814,0.637254901960784
"EIF4H",118.788390698901,0.780744277033367,44.9148431354151,0.167990537627951,0.246280072312613
"EIF5",3.78781712936484,0.0751940475474937,21.5759173938505,0.0389769527734249,0.17813934084272
"EIF5A",2.70396217565579,0.0437845420239424,24.10928313223,0.0352319103388176,0.15790571547768
"EIF5B",5.99269612688423,0.169760456309302,18.7930412480075,0.0525664403488182,0.312195800305938
"EIF6",2.8411462828101,0.105414151229746,30.2043573609952,0.0452520707072224,0.387637324433319
"ELAC1",2.26437560655789,0.656763725045954,9.0401309968502,0.146011733402563,0.939716312056738
"ELAC2",1.91824726894285,0.207891599339832,37.8227437025598,0.0650530128999655,0.70748157418996
"ELAVL1",4.23941940431919,0.304048527734785,24.4911745739507,0.0782616993642386,0.6361424002225
"ELF1",3.25619494770375,0.137436921952123,28.4862581691625,0.0498000565188581,0.415867056042275
"ELF2",4.66813810393232,0.244128011499554,23.0260546481125,0.0662718036775438,0.509595327492699
"ELK3",0.269506286987028,0.0265341813931381,57.6432117018907,0.0378062751523615,0.75100820470032
"ELK4",2.24237012211739,0.271407335899936,33.9139620737283,0.0757846959512296,0.746419135029899
"ELL",2.66487679922217,0.407109532480992,25.3645481002079,0.0996547958010121,0.821234876929495
"ELL2",0.698775852390645,0.091462940933433,51.5656331975005,0.0478864851795668,0.754484772632457
"ELMO1",0.128790061891713,0.0368546042065482,64.300843560317,0.0406318619738308,0.898136559588374
"ELMOD2",3.34237582004764,0.367641173677693,25.0887526967581,0.0912127818335628,0.751355861493534
"ELMOD3",3.4461042984936,0.337509531336793,25.9745186159001,0.0854678147293886,0.717076901682659
"ELMSAN1",1.97890282437577,0.191718342406228,37.9884931447724,0.0621332172614279,0.68245028507857
"ELOF1",16.3211699363594,0.527936670340556,4.77351428236563,0.109972760175908,0.506396884995133
"ELOVL1",3.91208854809393,0.194500211120718,26.4570947661781,0.0587473461464532,0.482895285773884
"ELOVL5",1.42023987226394,0.0366417035494947,34.543578677637,0.0358759179889667,0.332290362953692
"ELP2",1.09783784567925,0.0622470501551243,43.3431063974606,0.0412424152959386,0.546168822138785
"ELP3",3.17358633421103,0.463972108251348,20.4761774138262,0.109283898299135,0.827979418717842
"ELP4",3.92610273924712,0.6024133170535,10.3909070939853,0.134430779593563,0.873313864552913
"ELP5",3.36995704858092,0.255363788538024,28.4604828651278,0.0704206137682351,0.622514253928522
"ELP6",4.32850259042653,0.390674486733606,20.9003128189137,0.0939104423245577,0.716172994020303
"EMC1",1.55634844365525,0.226437426354058,39.8152755242367,0.069341048668639,0.775691837018495
"EMC10",8.5025942886745,0.255480849624359,11.3314294183138,0.0641643435485961,0.338200528438326
"EMC2",1.74284236816733,0.142559948195969,40.2798071730692,0.0540115462997173,0.637254901960784
"EMC3",3.16477527180867,0.14210241680437,29.938397629677,0.0510436021193783,0.450702266722292
"EMC4",9.51398555810796,0.246970850742997,8.34609897158385,0.0615847552383254,0.277221526908636
"EMC6",6.04498558090799,0.200827802073173,18.9891813414028,0.0576443452104037,0.369559171186205
"EMC7",3.54837126863365,0.167103409739504,27.5750378469252,0.0543911927905044,0.453413989709359
"EMC8",4.16946136033081,0.382614446580875,21.9213800833276,0.0928084858431493,0.720831595049367
"EMC9",2.37715889709184,0.242556920835628,34.9639539108831,0.0707201333637156,0.716451119454874
"EMD",8.14216323041411,0.165434002005838,12.5540138417525,0.050339152472288,0.20699485467946
"EML2",1.67296440154708,0.169609635748407,40.9517875374368,0.0590795408088803,0.697608121262689
"EML3",1.62110903045926,0.196646321211657,40.4835399388503,0.0639043245048536,0.736267556668057
"EML4",1.47002358438091,0.109157520532487,41.6036802049081,0.0485506954454405,0.600820470031984
"EMP2",1.66166824374065,0.0332411645044391,32.3963157596546,0.0351531264810166,0.286816854401335
"EMP3",0.255194218137233,0.00766581749459801,51.7211829718122,0.033930865215653,0.60095953274927
"EMSY",3.76236493528534,0.499885977754043,16.9726334820812,0.11522645219133,0.824433319427062
"ENAH",1.10576121697959,0.0428522992958036,40.264244400898,0.0376898148346407,0.451258517591434
"ENC1",0.281324783900408,0.0327377004031983,58.2692796280616,0.0389592439383503,0.774579335280211
"ENDOD1",0.592275822449945,0.131874291685558,52.336952683563,0.0554293564180588,0.841190376859964
"ENDOV",1.54634417696609,0.185756180594982,41.3108239433111,0.0621394214057118,0.732304269225421
"ENG",0.132998130357404,0.00458981802974683,57.8008648458237,0.0341698096967294,0.712765957446808
"ENO1",1.33838986482184,0.0165566870886735,27.4239892688421,0.0320822532573631,0.156515088304825
"ENOPH1",4.74797889143734,0.291565009501743,22.6068225374111,0.0749964913819099,0.582811848143513
"ENOSF1",2.84202549567836,0.186492117889353,33.1526947661781,0.0596797748082753,0.587192323738006
"ENOX2",1.17060910870807,0.287299229106945,39.1078045200029,0.0812149726135074,0.866986510916423
"ENSA",1.84521400829615,0.0284246320191079,28.8981326388556,0.0339765528446074,0.212348769294952
"ENTPD1",0.13279443772661,0.014383511802584,62.4752669466108,0.0364160507533871,0.821791127798637
"ENTPD4",2.10623247150742,0.271657656260174,34.5460494391526,0.0760838052272095,0.75810040328188
"ENTPD6",3.72243540078915,0.340127066909018,25.4192507183415,0.0858788324171947,0.712070643860381
"ENY2",4.9517628899684,0.0835258432080785,18.7530441331545,0.0397944769028005,0.150952579613406
"EOGT",0.333361294872221,0.0880295322540831,57.8350768906077,0.0486746952089378,0.866708385481852
"EP300",2.49227165495468,0.247889261601674,33.3844567724565,0.0709977861580921,0.696912807676262
"EP400",2.68805393860421,0.259327379781579,31.9895838914431,0.0726362450031613,0.691628424419413
"EPAS1",0.185539854216979,0.0105310527445863,57.7048101709874,0.0351449192772996,0.722222222222222
"EPB41",1.01420781347596,0.124567954382604,47.3143683412817,0.0527304558351633,0.734529272701989
"EPB41L2",0.244931833204299,0.0296094132323568,59.2318242869145,0.038570089541596,0.787303573911834
"EPB41L4A-AS1",2.10870574094839,0.123239665586267,37.0222550131624,0.0498393484396442,0.543318036434432
"EPC1",4.84983047032521,0.170778955694968,20.5979815502222,0.0527716946502428,0.33931303017661
"EPC2",2.34415344232227,0.449463066519472,23.7859991760535,0.107967704260018,0.863023223473787
"EPG5",1.63496536541246,0.319820425623056,34.6156642156243,0.0858843609394099,0.84084272006675
"EPHX1",0.8546449340439,0.0257130526735238,39.7177389007911,0.0350410700673581,0.406688916701432
"EPHX2",0.539009069018369,0.0634525675655778,53.7980645727016,0.0434647816024076,0.745723821443471
"EPM2AIP1",2.89166069204419,0.266369144808585,30.8539892460327,0.0735495007582986,0.683562786816854
"EPN1",5.24703615624569,0.181857558513295,21.854854761567,0.0554146387943851,0.384230287859825
"EPOR",1.56354327868136,0.474172751284629,24.3935077348429,0.113771248260096,0.914963148379919
"EPRS",2.19009952725539,0.0843761981372071,33.3483437363957,0.0426898619105556,0.403977193714365
"EPS15",2.18691867773755,0.166100592994279,35.7287354876645,0.0566708894586429,0.595953274926992
"EPS15L1",2.63531388848665,0.239578363391531,32.7938309124081,0.0691793182561756,0.672159643999444
"EPS8",0.603787109069585,0.054830711750151,51.464069776585,0.0415434176721931,0.685440133500209
"EPS8L2",1.76483139471383,0.121040831409966,40.1447892977944,0.0502915165187335,0.596300931720206
"EPSTI1",0.160582660656133,0.0181957214387363,61.6040071482974,0.0369553158431795,0.81198720623001
"ERAL1",2.86722382125672,0.237736017573084,32.0288391651175,0.0686122949225589,0.655750243359755
"ERAP1",0.942913901383531,0.170514943568641,46.8383920767369,0.061055816248588,0.806980948407732
"ERAP2",0.306049170795376,0.0697974249900635,58.7936158688094,0.0455602665535693,0.852176331525518
"ERCC1",7.24963954275228,0.270264671491646,14.4178484471761,0.0677646095872952,0.410999860937283
"ERCC3",6.00773532092728,0.491579186877382,12.3570235714056,0.110806918476058,0.730635516617995
"ERCC4",1.82655482837497,0.321120854483886,33.740344234327,0.0857714877082111,0.827353636490057
"ERF",1.44323471757933,0.208309616103209,41.3921096859301,0.0664348075200793,0.773049645390071
"ERGIC1",2.04561921860308,0.0605345133733494,33.0634281719381,0.0391410308676087,0.353636490057016
"ERGIC2",4.59497996709722,0.20468937529153,24.1700423835154,0.0598805548637571,0.462314003615631
"ERGIC3",5.61223361730797,0.0831657442464727,17.646756990174,0.039747757612636,0.135725212070644
"ERH",6.33137857376934,0.0714058021202063,15.1978462723858,0.0378882324976821,0.0760673063551662
"ERI1",1.55492936533651,0.371858122642944,31.6592330542616,0.095380768067652,0.875052148518982
"ERI3",4.15218622225684,0.237295825309918,26.085602531805,0.0663407132418966,0.551314142678348
"ERICH1",2.00919659593072,0.191731647298881,37.2129453036795,0.0618013919442208,0.668126825198164
"ERLEC1",2.92856877166296,0.0833478865202155,26.5100554236166,0.0410081692413508,0.278542622722848
"ERLIN1",5.10834028881087,0.598391045415722,8.85808691845492,0.132693487408677,0.838756779307468
"ERLIN2",0.465723449328191,0.0252698732091243,50.333471213774,0.0365307373274725,0.608260325406758
"ERN1",0.973677429005715,0.196422326992777,45.814823027336,0.065723535912746,0.833472396050619
"ERO1A",0.815469369631266,0.118863012166238,49.6530807611149,0.0523067532126654,0.767834793491865
"ERO1B",0.492492428725212,0.146882584432943,52.9174257428011,0.0584334685835497,0.878528716451119
"ERP29",4.09957866898689,0.0788780881285147,21.7809215974165,0.0396822664180664,0.191489361702128
"ERP44",2.01446314053316,0.162922027113195,37.5462593130718,0.0567325401347324,0.62348769294952
"ERRFI1",0.659653965822408,0.058057092160667,51.1293823405464,0.0420465625421316,0.68523153942428
"ERVK3-1",1.53600050359648,0.245545627052529,39.2879703674164,0.0728998951582974,0.799054373522459
"ESCO1",4.49592635951102,0.393611571794496,20.2113818936983,0.0941538028687962,0.7090112640801
"ESD",2.73907659735884,0.11368110354229,30.0773629669063,0.0463716921180254,0.399457655402587
"ESF1",3.3359406733429,0.222668630623031,29.2315712712715,0.0646851314064081,0.580100125156446
"ESRRA",2.63795427513723,0.491685603127534,20.4551385228259,0.115483792731597,0.873035739118342
"ESYT1",0.838501973426022,0.0624654981230197,47.524027512321,0.04207191695884,0.625086914198303
"ESYT2",1.72999360346656,0.158115837298467,40.0272187421376,0.0566551654602025,0.660130718954248
"ETAA1",3.27176507751607,0.469507712209215,20.0751837485484,0.110335520724425,0.829926296759839
"ETF1",6.51749519144616,0.34764605828712,16.1886220661028,0.0831076248568121,0.567028229731609
"ETFA",1.72862923951506,0.0936714235308989,38.3642076324864,0.045245238173438,0.512863301348908
"ETFB",2.94167764067602,0.202434973881887,31.779577854022,0.0619678401686767,0.590112640801001
"ETFDH",3.47194938232419,0.447004773447507,20.7164125624775,0.105759047054017,0.804547350855236
"ETHE1",3.41869408103296,0.136111787253222,28.815634486849,0.0498416488272418,0.420734251147267
"ETNK1",4.31758445803962,0.306400543949814,23.919790469969,0.0784203373028734,0.630023640661938
"ETS1",0.119493327673141,0.0144299947863495,63.3361904369557,0.0365376337201096,0.838548185231539
"ETS2",0.131841540181207,0.0205406276842501,63.4848045228339,0.0376211370563652,0.852663051036017
"ETV6",1.08723432348904,0.148815445555274,46.0950344357738,0.0567837579512478,0.755041023501599
"EVA1B",0.830748590756292,0.074526849463495,48.9736277937753,0.044396720205715,0.674871366986511
"EVI5",1.75956840002335,0.234048806781912,38.0348238326607,0.0701182082305532,0.756501182033097
"EVL",0.673969471141699,0.00833514506588247,35.2779623495526,0.0319974049068428,0.286260603532193
"EWSR1",5.25590625322624,0.144527666690562,19.1184991624296,0.0484245236707729,0.268877763871506
"EXD2",2.44358423004218,0.364907021601102,28.5725482744706,0.0923730423503798,0.808302044221944
"EXOC1",3.12571130283928,0.308734565129503,28.0913887266084,0.0806069206063783,0.706090947017105
"EXOC2",1.77105552491706,0.308489007166443,34.7052767412887,0.0836131101123567,0.82339034904742
"EXOC3",4.5042181697207,0.43816351097969,18.289762713596,0.102533394165867,0.747809762202753
"EXOC4",3.81209242163158,0.301162338962013,25.7252445546598,0.0781201639650541,0.652273675427618
"EXOC5",2.64898114793548,0.229547203568649,32.6333782768653,0.067181482028536,0.651856487275761
"EXOC6",1.57635455476752,0.250969635112751,39.071241864635,0.0739315415950663,0.804547350855236
"EXOC7",1.99677595319044,0.106034573193328,36.1040141090616,0.0466775577970694,0.494228897232652
"EXOG",1.07368803813749,0.309305559110006,38.1353011235542,0.0853178271256921,0.886663885412321
"EXOSC1",9.41363548764607,0.517678644544552,4.87031382733806,0.112336415349599,0.644555694618273
"EXOSC10",2.80346408928463,0.212495596277449,32.2474544048273,0.0639218495900354,0.615700180781532
"EXOSC2",3.21452764997749,0.512994823027975,17.6187038579352,0.118570185738884,0.857252120706439
"EXOSC3",1.71368544881635,0.168434324833725,40.4490391819986,0.0586863173804281,0.686274509803922
"EXOSC4",1.36603586560287,0.059943371600561,40.1408057261451,0.0403254956868015,0.482478097622028
"EXOSC5",2.82988034121339,0.227242742781824,32.9498531422938,0.0670729998101283,0.654429147545543
"EXOSC6",1.94821394968244,0.364706801588291,30.6414730775532,0.0933830454812844,0.844875538868029
"EXOSC7",5.95563393889846,0.428588587178635,15.1600762856012,0.0989420879954916,0.67890418578779
"EXOSC8",3.14295653382834,0.297658406651306,28.7665755079576,0.0787875577263315,0.699624530663329
"EXOSC9",1.82571504008836,0.352286501373352,31.8562364987015,0.0913538516861027,0.845848977889028
"EXT1",0.562167128592803,0.146004649058549,52.1182459197286,0.058032705660257,0.862049784452788
"EXT2",1.13229528760621,0.142800132328513,45.4230966534372,0.0554621564984025,0.731817549714921
"EXTL2",1.15972200401973,0.264633764450944,40.4996083251777,0.077179928746971,0.853636490057016
"EYA3",2.87723679630414,0.451884556234764,22.0668879698732,0.107543442832203,0.836392713113614
"EZH1",1.68773769089593,0.28072429996763,36.444451991928,0.0787049181740039,0.807606730635517
"EZH2",0.298196747896827,0.100980591340435,58.1766852232314,0.0511641222716334,0.896328744263663
"EZR",1.13763553801083,0.0357768646579076,39.0640723912121,0.0364792387938671,0.41524127381449
"F11R",1.26545473854816,0.136726685040892,45.3197434127579,0.0544425729090174,0.719649561952441
"FAAP100",2.4886499369206,0.317915748880614,30.8322331295553,0.0837676161826797,0.770059796968433
"FAAP20",4.53254507540548,0.111345318188383,21.9852213964182,0.0443545480208069,0.257474621054095
"FABP5",0.106360061204273,0.00377720106058047,60.2132597283681,0.0343275503954645,0.75810040328188
"FADD",1.49474165525782,0.138769671555599,42.3348224482442,0.0539062305742536,0.667987762480879
"FADS1",0.16726933677343,0.0531180252578055,62.8289563494058,0.0433181112648998,0.899249061326658
"FADS2",0.192121058011948,0.0317867454210479,61.6921802286349,0.0393260076474244,0.838687247948825
"FADS3",0.547402761422547,0.142632283983277,52.4877468002254,0.0575020299570992,0.863023223473787
"FAF1",4.69080408161265,0.550377086740451,12.2885714987723,0.123834707744833,0.822903629536921
"FAF2",2.90987499060338,0.223220622790274,31.9880536354624,0.0658754774297883,0.630023640661938
"FAH",1.21668798360985,0.130553269850205,45.6279352881847,0.0533985819073943,0.714226115978306
"FAHD1",2.06704010160732,0.268640577625553,35.2036162872398,0.0758170421767983,0.764914476428869
"FAHD2A",4.48787952289206,0.491584113785364,15.7712704766746,0.112729949252846,0.789876234181616
"FAIM",3.24821337761338,0.384920561364558,24.902968182735,0.0948041446279345,0.776665276039494
"FAM102A",1.54237493068165,0.0839752610845882,41.0342944607735,0.0443615275845882,0.54477819496593
"FAM102B",0.795824404184097,0.210335189789549,46.4149083772967,0.068640799811456,0.868585732165207
"FAM104A",4.36406841805193,0.281348541664415,24.272647965754,0.0737525681071922,0.594284522319566
"FAM104B",8.36068799417225,0.506986840374742,7.78671574502301,0.111931189640702,0.677165901821722
"FAM107B",0.441268771827641,0.0480900493352353,54.6593922047493,0.040973578436827,0.733764427756918
"FAM110A",1.31924024636255,0.131235146737561,44.5310898885556,0.0532198737740525,0.695174523710193
"FAM111A",1.12581707039146,0.11929485455432,45.9490422901289,0.0514272472176494,0.699694062021972
"FAM114A1",0.947673334515463,0.0420140003366148,42.2940706861346,0.0378765858029698,0.487553886802948
"FAM114A2",2.77673432454489,0.373504009707961,26.9075730147375,0.093356197765518,0.793074676679182
"FAM118A",0.44127018071246,0.0821744050862207,55.7972487468157,0.0471591274423504,0.81754971492143
"FAM118B",1.65553809853477,0.391350007400452,29.954324641847,0.0986796010108772,0.876999026560979
"FAM120A",5.14040980664958,0.189052025848892,22.4715365724988,0.0568125294473337,0.407314698929217
"FAM120AOS",4.00828161558663,0.19705939201719,27.3535276098383,0.0597080248129003,0.504380475594493
"FAM120B",1.91882312343761,0.262735492375324,35.8799060862158,0.0748618422563895,0.766791823112224
"FAM122A",4.50208226950748,0.507437324429891,14.754871254687,0.115583020962732,0.797524683632318
"FAM122B",1.76988385729276,0.21810469398195,38.8539522815726,0.0674049277282047,0.743985537477402
"FAM126A",0.254971303775152,0.0830301150709782,59.5912305145427,0.0481428342785027,0.891113892365457
"FAM126B",1.94573599914856,0.289484577926654,34.6803026143545,0.0797159481779617,0.790780141843972
"FAM129A",0.334186988611666,0.0478328982051372,57.8941530829831,0.0415046482509653,0.795160617438465
"FAM129B",1.2609173843441,0.114266431844897,44.4692879457161,0.050176368862918,0.663259630093172
"FAM131A",2.60366303826961,0.55234521463513,16.2043027084249,0.126520359649228,0.896606869698234
"FAM133B",4.73456738199203,0.242696805733406,23.1585968242436,0.0661429289725673,0.50987345292727
"FAM135A",0.0925919462763021,0.0253946410347009,65.7716158427967,0.0388035018680382,0.905715477680434
"FAM136A",4.99814506714974,0.24542073137686,23.0036550771553,0.0667632088691902,0.512932832707551
"FAM13B",2.76792283265038,0.249878380300699,31.5406587935265,0.0705965133283836,0.667361980253094
"FAM160A2",4.23729508188836,0.485424267727598,16.4962351582562,0.111717705091984,0.792657488527326
"FAM160B1",1.86953953552065,0.318334402539849,33.6725960634702,0.0851617487193139,0.821443471005423
"FAM162A",1.6550517864117,0.0405221695972876,31.8730980766279,0.0359676918794762,0.290362953692115
"FAM168B",2.82614732347744,0.242849101062409,31.9540173276541,0.0695183833781556,0.663051036017244
"FAM172A",2.98308209040041,0.330961656466326,27.8846622176293,0.0849937486032132,0.739605061882909
"FAM173A",1.75654340999019,0.065787757903715,36.8246998636643,0.0406380399878807,0.432763176192463
"FAM174A",5.1309388359624,0.262166198003462,21.5365301409247,0.0690681469325545,0.515366430260047
"FAM177A1",6.37678912331311,0.174858514667025,17.7356394260583,0.0531119927696781,0.304338756779307
"FAM189B",3.9177712209405,0.37287198914747,23.4104435868218,0.091606992866262,0.730913642052566
"FAM192A",6.99216189037142,0.44538995349454,11.9375247884539,0.100718785648121,0.650952579613406
"FAM193A",3.2086758049477,0.41775404612423,23.1061355159096,0.100762520032206,0.79884577944653
"FAM199X",1.55051270864425,0.183684183787955,41.3748622266796,0.0617797195607683,0.729870671672925
"FAM200B",4.40630776337302,0.215013178606628,24.7129091400859,0.061803395029521,0.489083576693089
"FAM204A",6.62145175618167,0.263291460428242,17.1333647775896,0.0677501190770482,0.444861632596301
"FAM207A",1.45449311053688,0.106745088770183,42.5154262764797,0.0484300765649439,0.613683771380893
"FAM210A",3.5511918266782,0.446349843343036,20.637647546377,0.105609465034036,0.802113753302739
"FAM210B",2.73145787474629,0.137970384401894,33.6622016579839,0.0515032670842293,0.510290641079127
"FAM214A",0.566665612203131,0.0297323727366219,49.0688038842441,0.0370683197697271,0.592754832429426
"FAM214B",0.790525949083386,0.211177717945238,46.2814979155974,0.0687432876228664,0.867542761785565
"FAM217B",2.30350506852314,0.283470083833581,33.4704990978074,0.0780537105933778,0.759143373661521
"FAM219B",4.35894179173144,0.367867374119471,21.5315246740904,0.089486039451327,0.689820609094702
"FAM222B",2.92315399315631,0.278670735461713,30.7002344257786,0.0759469451504124,0.70191906549854
"FAM32A",10.0144034938461,0.364286010082428,6.87527515402829,0.081993392512078,0.442428035043805
"FAM3A",8.06951036089857,0.426167336460192,10.1888605581304,0.0958739511435424,0.591989987484355
"FAM3C",0.81716573649872,0.0526067750562714,46.302785498701,0.0402201206994175,0.583368099012655
"FAM45A",2.89492767009871,0.237503922780686,31.6561057281471,0.0683879287735118,0.648588513419552
"FAM49B",1.47050011891432,0.0752212590010997,40.4061286059007,0.0427722334334677,0.516339869281046
"FAM50A",1.58788983898389,0.108776492842187,40.7859188752794,0.0483192829401436,0.585314977054652
"FAM50B",3.00554149768001,0.383275469974453,25.6107235921516,0.0947601026590355,0.786330134890836
"FAM53C",2.25881063386153,0.250289801963124,34.7886599303575,0.0720466115174911,0.726185509664859
"FAM76A",2.04436574527403,0.389410944337164,28.6325439578475,0.0975830906084474,0.850090390766236
"FAM76B",2.10622630272554,0.413077912783284,26.922914329637,0.101770934423577,0.858851341955222
"FAM89B",0.973931572691206,0.273036253999458,41.2673525038289,0.0792317190201135,0.882005284383257
"FAM8A1",1.63131949022183,0.252411465313448,38.2682141380624,0.0738327078983751,0.792309831734112
"FAM91A1",2.81269228045056,0.265190025216648,31.6643962369611,0.0737236450192519,0.696147962731192
"FAM98A",3.32117908062678,0.339705487023871,26.2127494915855,0.0859887221713798,0.724794882492004
"FAM98B",2.79842204260039,0.447720465173007,22.6159958987649,0.106961230062412,0.83931303017661
"FAM98C",3.70050385403873,0.329592675303162,25.7342578033818,0.0838633489234743,0.700041718815186
"FANCF",1.93330404971758,0.253180719838091,36.5563890313832,0.0733172443890339,0.762828535669587
"FANCL",2.07095081908429,0.367001605725161,29.9153013469193,0.0934822150001711,0.835697399527187
"FAR1",1.70918659090472,0.149424436537207,40.0009383367515,0.0550800687851859,0.644068975107774
"FARP1",1.47171502476822,0.0749942891418977,40.3108682640591,0.0427128525889821,0.514114865804478
"FARP2",2.03345730283256,0.304064099787624,33.5375941792611,0.0821629414613243,0.794952023362536
"FARS2",4.29368102050282,0.511239846741237,15.1982024846863,0.116753008951985,0.811430955360868
"FARSA",3.54417114372658,0.231458600852656,28.9291692748277,0.0663223834441468,0.590668891670143
"FARSB",2.3544076706534,0.256018869964144,34.1603453149327,0.0729229757458277,0.724794882492004
"FAS",0.20950564145332,0.0434841753377549,61.4080609054998,0.0413379736246177,0.854540397719371
"FASN",0.442477179569825,0.00689653384989784,42.2185853836547,0.0326520027345274,0.416214712835489
"FASTK",6.71439126623163,0.298184756563546,16.6701317827055,0.0739532164312726,0.494993742177722
"FASTKD1",1.22547653413088,0.226265691610925,42.0913769657438,0.07015891090331,0.816784869976359
"FASTKD2",4.18663563334172,0.485282183577962,16.762532082559,0.11188771317825,0.797107495480462
"FASTKD3",38.9796914820105,0.950161418282846,8.72298944591751,0.226450214061653,0.89751077736059
"FASTKD5",4.55090889242176,0.706204355451339,2.90513194805927,0.153991422290903,0.905506883604506
"FAU",6.09780102225728,0.0134086313330106,16.8985303144384,0.0318070136458513,0.000764844945070227
"FBL",4.10771032181555,0.132730461376343,25.961633114915,0.0486947662612179,0.366291197329996
"FBRS",6.13706683838793,0.449470803891151,14.2189186546003,0.1029476875576,0.696147962731192
"FBRSL1",1.61855729322272,0.303931627810396,35.9327757427448,0.0832705605944433,0.837852871645112
"FBXL12",5.18737218412594,0.529083328892736,12.1864257411474,0.118903765370185,0.787094979835906
"FBXL15",17.9253564594086,0.683051992631524,8.5673823717322,0.143135365578832,0.658461966346822
"FBXL17",1.48247614165789,0.29266296967749,37.0230207103066,0.0813962936893209,0.838339591155611
"FBXL20",0.446216711474203,0.062516418529431,55.3502805174679,0.0435834762156408,0.773397302183285
"FBXL3",2.74829585722268,0.28045407225136,31.139817816927,0.0764172340340999,0.712487832012238
"FBXL4",2.64835861061567,0.392661654587409,26.2703780731523,0.0970570863642365,0.813447364761507
"FBXL5",3.50492052620854,0.178401283425317,27.7118484659246,0.056295228977641,0.475594493116396
"FBXO11",2.49240875189778,0.269075791292714,32.4657554599544,0.0746831169995125,0.716520650813517
"FBXO21",3.66818681751247,0.279284156132744,26.8456678537938,0.0743568033834243,0.635029898484216
"FBXO22",7.25390607180395,0.505726744791898,9.44214945129299,0.112351039117873,0.703031567236824
"FBXO25",2.68474500818367,0.294596126202632,30.7828961231712,0.0790288537085731,0.729940203031567
"FBXO28",3.23582308397049,0.33609642520195,27.1118060519806,0.0857789257846211,0.73480739813656
"FBXO3",2.3853682554164,0.212791794059134,34.8150640407355,0.0649086049276425,0.662008065637603
"FBXO30",1.6882527482976,0.422714100998385,27.7474348212792,0.104314598569435,0.889653733833959
"FBXO32",0.388972487540516,0.0229944075533437,52.7449283758452,0.0365223829952267,0.650257266026978
"FBXO33",2.14068680242515,0.445815049060233,24.7062138617803,0.107698050455205,0.873452927270199
"FBXO34",2.93377686046368,0.402660878510019,24.7564155259664,0.0983985214507163,0.803156723682381
"FBXO38",3.94051036834993,0.469542508490713,18.278311704855,0.109320414327836,0.798289528577388
"FBXO4",2.03758931091395,0.365570106735976,30.0963098646846,0.0932615739305676,0.8365317758309
"FBXO44",2.52773387968374,0.297720082793828,31.4910436239127,0.0799817507805493,0.747809762202753
"FBXO45",2.19576657313122,0.431705711442571,25.5838941420879,0.105135102789092,0.865804477819497
"FBXO6",1.18444704674114,0.19469077761425,43.9310508919438,0.0647164183578748,0.79578639966625
"FBXO7",4.3643968868887,0.260733494138802,24.1565271370189,0.0697493811804999,0.557154776804339
"FBXO8",5.53615698109028,0.564637508394079,9.80594532980497,0.125523146087803,0.801766096509526
"FBXO9",5.31332284584093,0.274759995106951,21.1279961839046,0.0713114700109932,0.530037546933667
"FBXW11",8.2876844103164,0.473718696250175,8.47046472551227,0.10493463205815,0.637254901960784
"FBXW2",4.81811319649597,0.314618770286849,21.7348066202182,0.0790178179865911,0.60603532193019
"FBXW4",4.74589657649303,0.563204772577983,11.6299482033888,0.126413975455503,0.83173411208455
"FBXW5",6.89323445868655,0.259592704418496,15.7847938119963,0.0664605572789555,0.415867056042275
"FBXW7",1.14457459516928,0.229798375528974,42.6607763196391,0.0710927901332539,0.833333333333333
"FCER1G",0.0259230704965297,0.00138217504431829,68.4395007558961,0.0348791957977988,0.913642052565707
"FCF1",2.99032426283194,0.455955780620957,21.5142776296038,0.108129603879966,0.833263801974691
"FCGRT",0.968159488912978,0.0229982672088594,35.6878495040897,0.0340540009142365,0.324711444861633
"FCHO2",1.12025395113431,0.180017052988685,44.8489416285664,0.0622105472596807,0.78695591711862
"FCHSD2",0.54724289010758,0.138689513552591,52.6004185809037,0.0567821221370659,0.858156028368794
"FDFT1",1.41544325414022,0.0488318638930244,36.5779455993271,0.0379446486828738,0.394034209428452
"FDPS",1.38218199801795,0.06245528648336,38.7847198025669,0.0403768543789564,0.461271033235989
"FDX1",2.06959377530342,0.190705441055357,37.2582039112858,0.0616863512029126,0.667431511611737
"FDXR",0.776207454322349,0.142469237400124,49.8150163059867,0.0567064004947772,0.812891113892365
"FECH",2.46281453623543,0.394488804170377,26.9251798108616,0.097813114973929,0.828118481435127
"FEM1A",29.4533901820804,0.879424565888485,12.4036965087102,0.196370891862245,0.811152829926297
"FEM1B",3.05743637039187,0.245730544297524,30.4530154738798,0.0694383969122914,0.641287720762064
"FEM1C",1.97541112333219,0.293468278495439,34.3731318504275,0.0803922472068325,0.792031706299541
"FEN1",0.274890769942712,0.0787610736025503,59.4866813141772,0.0473430083469252,0.881518564872758
"FER",0.738155612025876,0.182812785928983,48.3104107131182,0.0638984544407451,0.855722430816298
"FERMT3",0.0913698562165976,0.0214084017039739,65.8009105484652,0.0380988404800091,0.89904046725073
"FES",0.347007262916111,0.106654666648469,56.8989613331479,0.0519034740510292,0.882213878459185
"FEZ2",1.67418123609334,0.140011516716142,40.2931581693813,0.0535126426007267,0.63259630093172
"FGD5-AS1",4.12965036997293,0.210167633940443,25.4155301412958,0.0611028418441884,0.492142956473369
"FGFR1",0.392477209568226,0.022598137952711,52.2436383522806,0.0363812396621737,0.639827562230566
"FGFR1OP",1.9518828783189,0.26144865184131,35.9987865140519,0.0746990295583034,0.766861354470866
"FGFR1OP2",3.44818383628173,0.223620283394735,28.1885248576311,0.0643997600548177,0.563064942288972
"FGGY",1.26348097597885,0.310818318620457,37.1290786944921,0.0851918494958789,0.871019329717703
"FH",1.49541665978481,0.13758278475043,42.4358446389989,0.0537348444391752,0.667779168404951
"FHL3",0.293789533426735,0.0366869312109999,58.201604391767,0.0396241711224404,0.780559032123488
"FIBP",4.6391231809488,0.178609998040518,23.3311312653835,0.0551467524179143,0.401891252955083
"FIP1L1",5.04997025745901,0.323844026038997,20.312839750864,0.0800747473738754,0.59664858851342
"FIS1",9.00501381087243,0.116636919246753,10.9530177872907,0.0433774394709851,0.101932971770268
"FKBP11",0.309397416882163,0.0220644549576569,54.5204089733247,0.0366007421964435,0.68245028507857
"FKBP14",0.648661882018281,0.0891081066253273,52.0190832448509,0.0475539445485402,0.758656654151022
"FKBP15",1.77584873898394,0.263135466924465,36.8463951913381,0.0753661839779752,0.784939507717981
"FKBP1A",1.45278340397417,0.0161901489579045,24.4741087279971,0.0316020673200236,0.100125156445557
"FKBP2",3.88240255032269,0.0670817483312827,21.1655903757921,0.037899625581581,0.156445556946183
"FKBP3",3.09453108806925,0.131899427918409,30.4490609313465,0.0495717695738548,0.441593658740092
"FKBP4",1.03256148072129,0.0204060865360254,37.6865435857483,0.0341020788588844,0.358990404672507
"FKBP5",0.832472542813106,0.107438076521128,49.9076231452617,0.0503464722671317,0.752259769155889
"FKBP7",0.351631303428484,0.0496254933663626,57.2451003599016,0.0416939923777421,0.785982478097622
"FKBP8",5.09700991078409,0.113145494387903,18.615613917864,0.043704260823351,0.202753441802253
"FKBP9",0.461361595454251,0.0233016912147239,49.36091958189,0.0360662584748887,0.585732165206508
"FLAD1",3.47121470122363,0.229308432021402,29.7084381918096,0.0662836169081658,0.60095953274927
"FLCN",0.710003595255926,0.234444578954468,45.5007222222385,0.0730954525598462,0.893338895842025
"FLII",2.35526041978802,0.144456405481203,34.7588341233025,0.0527047805609892,0.540189125295508
"FLNA",0.364944737786968,0.00359659802337957,40.4724629349213,0.0319390381670178,0.375330273953553
"FLNB",1.3336501471369,0.0316625843200206,35.2342735663046,0.0353092199116787,0.335488805451259
"FLOT1",4.1695565249177,0.0804962427742662,21.1900215090572,0.0397467675068981,0.183979974968711
"FLOT2",2.32485492619283,0.174628509125801,36.0039187165099,0.0584174039515769,0.616882213878459
"FLYWCH1",3.14871963735226,0.447362124249459,21.6329231670634,0.106345544374142,0.821304408288138
"FLYWCH2",4.99068504218347,0.182626671186002,22.2599559268653,0.0555464626848535,0.391392017800028
"FMNL2",0.201771258198801,0.0734516986806728,61.2244427134249,0.0467258862241983,0.905089695452649
"FMR1",2.16000135451182,0.289679790977328,33.630835222879,0.0793086151134799,0.772354331803643
"FN1",0.052506392840576,1e-06,47.692562076047,0.0321618974975122,0.506535947712418
"FN3KRP",2.83834322225751,0.312032331685579,29.5049890915004,0.0819661488180935,0.736684744819914
"FNBP1",1.23860323409236,0.10201711943132,43.846373644807,0.0478772504786201,0.629189264358226
"FNBP1L",1.9581076863182,0.109605789879734,37.5802085461994,0.0476994190761904,0.528368794326241
"FNBP4",3.44352075363157,0.187544307634647,28.5196238487465,0.0581775748698168,0.506257822277847
"FNDC3A",2.34154369822686,0.182889771892898,35.0624659939268,0.0594884866052482,0.613961896815464
"FNDC3B",0.54674387395034,0.0330642315468256,49.4831902262302,0.0376362641304877,0.606800166875261
"FNIP1",2.97063129716979,0.246925799730267,30.9413393637526,0.0698667260351355,0.651995549993047
"FNIP2",0.508842949627489,0.0912168460063219,54.6044641062887,0.0485276892688332,0.811291892643582
"FNTA",1.9466323161794,0.0968769034855005,36.2979239548595,0.0452765012836557,0.480948407731887
"FOPNL",3.98068099220226,0.293610943329146,26.02788992153,0.076952963974168,0.645529133639271
"FOS",0.487074268603861,0.00130617090217962,33.0386747459653,0.0307645110223023,0.227506605479071
"FOSB",0.433898061671889,0.00763023811880264,44.3085163162616,0.0330341352225626,0.458142122097066
"FOSL2",0.53570675838647,0.0344568478436776,50.0623419277292,0.0379496354713085,0.620497844527882
"FOXJ2",2.5108428544592,0.397128255958036,26.4352657169181,0.0980758186321003,0.823738005840634
"FOXJ3",1.85767171426319,0.14682498051392,38.8174500957182,0.0542878378129852,0.6179251842581
"FOXK2",1.30560116725018,0.158989050228813,44.0855809394655,0.0580811524893032,0.736128493950772
"FOXN2",0.535372752386192,0.173845946076208,50.8952212587028,0.0630105251839574,0.888054512585176
"FOXN3",0.500808651182072,0.0516259521401051,53.3261363667857,0.0413324103820985,0.714851898206091
"FOXO1",0.328684402056431,0.0938521122121455,57.7225765273075,0.0497210216560992,0.874982617160339
"FOXO3",1.00321954818943,0.062389385117182,44.2875324110747,0.0414179098069917,0.563899318592685
"FOXP1",2.2186175463573,0.0573171554320722,29.3942430538058,0.0379051505714772,0.279237936309275
"FOXRED1",3.08588382702533,0.446792254278446,21.8546055549187,0.106346204403132,0.824294256709776
"FPGS",6.36638426619902,0.361036464580677,15.9014954754619,0.0854841541604689,0.583368099012655
"FRA10AC1",3.51675955156501,0.327249981454898,26.1234468934893,0.0834774790316119,0.70268391044361
"FRG1",0.439695425774848,0.0222965629308687,49.4617314898381,0.0359154602387125,0.585662633847865
"FRMD4B",0.250233060557938,0.048494039468413,60.3052673825792,0.0420393109788235,0.842511472674176
"FRMD8",2.60255641521286,0.358662913621376,28.3139722529816,0.0909473891752029,0.793352802113753
"FRS2",0.447563199997892,0.0319896506444846,52.7433936552896,0.0379835586461245,0.667222917535809
"FRYL",1.55489996814597,0.132310988685558,41.3804719037853,0.0524761304932363,0.638715060492282
"FSCN1",0.143838710106578,0.00772697924467452,59.5381683897307,0.0349107213639393,0.752468363231818
"FSTL3",0.27085871734913,0.0428537291875873,59.4524269033542,0.0408997393766625,0.815880962314004
"FTH1",3.53622307945211,0.00182971093304363,19.5030180711471,0.0301484740018579,0.000208594075928244
"FTL",1.25389098728418,0.00140434470372561,21.0466285083157,0.0295012502417204,0.00326797385620915
"FTO",0.764787939415465,0.0908402711513074,50.2981020862282,0.0474759101901974,0.729453483521068
"FTSJ1",2.15746000995054,0.180071245688005,36.6496782517844,0.0595384309675729,0.637741621471284
"FTSJ3",2.56634031769167,0.288401425964824,32.0962964740007,0.0784681400795635,0.743081629815047
"FTX",0.774859439695859,0.11135898911619,50.2967618803541,0.0511199950319508,0.76644416631901
"FUBP1",2.92390744343886,0.204269321444348,31.5960456722392,0.0621939648986443,0.58983451536643
"FUBP3",4.54006819862729,0.420093012049774,19.2562691442527,0.0992927123397982,0.735502711722987
"FUCA1",0.881820960587003,0.0901775533092657,48.4150246159143,0.046928584081331,0.692879988874983
"FUCA2",1.66155088520401,0.132373563576588,40.2731499704961,0.0521743912286616,0.618481435127242
"FUNDC1",3.47911174078152,0.304752618696282,27.444853034447,0.0796823056589486,0.688569044639132
"FUNDC2",4.47486902887219,0.126773508661296,22.3134523672838,0.0466325583213625,0.290641079126686
"FUOM",0.310977731409157,0.0703029676377801,58.842533110503,0.0456685836132345,0.854053678208872
"FURIN",0.9563722028427,0.151116404869745,47.2904329271696,0.0575524131282361,0.781184814351272
"FUS",2.12345233421995,0.0283079550886386,23.8430853720439,0.0331149374648746,0.117994715616743
"FUT8",1.45921837231254,0.107834799392969,41.7658570894304,0.0483744278312009,0.601446252259769
"FUZ",1.79322531971346,0.254342604157288,37.4509084613684,0.0739244526817391,0.780976220275344
"FXN",1.24595446389538,0.274706427706615,39.5280825066834,0.078839508657391,0.853219301905159
"FXR1",5.19162240358309,0.207905509264906,21.413229203281,0.0594545165074903,0.42080378250591
"FXR2",1.81912178471796,0.35868688010209,31.4685359776084,0.0925054919849272,0.849603671255736
"FXYD5",0.688429527443721,0.0122513958475849,36.8947629354471,0.0327255889601242,0.325198164372132
"FYN",0.171492984596252,0.0306111904354304,62.3675672273603,0.0392209631327432,0.849534139897094
"FYTTD1",7.01144677842408,0.324098550236996,14.6853127142177,0.0777578880780775,0.50354609929078
"FZR1",2.26549813024262,0.374049208251732,28.8769647067409,0.0944825546371575,0.82895285773884
"G2E3",1.57325474302138,0.271448066897179,37.6072651548084,0.0773404115585632,0.812821582533723
"G3BP1",4.15623258642732,0.150741186932456,25.2711632942002,0.0512222470650681,0.385690446391322
"G3BP2",4.24755129644828,0.209609684879614,25.0517303920011,0.0609111259492324,0.485120289250452
"G6PC3",2.04604342715182,0.116119007222492,37.0471478271535,0.0486382458516402,0.530593797802809
"G6PD",0.474949894463754,0.0309989831249981,51.5279465623366,0.0376308386408349,0.642052565707134
"GAA",1.53605370320699,0.102406937049308,41.0538265225152,0.0473172938211827,0.578570435266305
"GABARAP",5.01802400874345,0.0298351276732746,16.6490121734161,0.0330128723368978,0.0145320539563343
"GABARAPL1",0.926594468574235,0.124744167342584,48.2236841795976,0.0529944704937396,0.751703518286747
"GABARAPL2",3.30249133961019,0.0588060792865974,21.2561183897186,0.0366168495247531,0.137463496036713
"GABPA",1.33681758067475,0.215389804937575,42.0471574841697,0.0680568556585803,0.79731608955639
"GABPB1",2.17182903060829,0.236781207787061,35.7012457571047,0.0697945271162244,0.71937143651787
"GABPB1-AS1",1.49846136248458,0.122694999509831,41.8087580210716,0.0509254350229468,0.629258795716868
"GABPB2",1.96926291700092,0.351159901076731,31.3472425903024,0.0908764060775034,0.834863023223474
"GADD45A",0.435434992450265,0.0964945859757461,55.7963420244901,0.0497625779371336,0.843276317619246
"GADD45B",0.44860959382183,0.00832194633981582,42.3455469988535,0.0328624212521991,0.421429564733695
"GADD45GIP1",7.69551215912261,0.16147703637638,13.1053647255229,0.0497451487477096,0.206855791962175
"GAK",3.23670158147886,0.248934671087768,29.599782789799,0.0697272011933106,0.63183145598665
"GALC",1.58490082435128,0.324415279077445,34.5606746370323,0.0868070379937839,0.847587261855097
"GALE",1.32572537678127,0.15044662259605,44.46480690862,0.0566732727609195,0.728201919065499
"GALK1",2.51651135201285,0.215963982569361,33.8573311791215,0.0651359724654845,0.650326797385621
"GALK2",2.55211180855453,0.385667178488126,26.978167352603,0.09593142329351,0.814420803782506
"GALM",0.367296634341384,0.0917313143854196,57.2270280579769,0.0492245098268052,0.86184119037686
"GALNS",0.906077419663881,0.20447639602766,45.6771550245258,0.0672078722084108,0.844806007509387
"GALNT1",0.414510196649967,0.0239070132405309,51.1208873014841,0.0364143447945702,0.620636907245168
"GALNT11",3.11814959421253,0.254235443609275,29.7790104029549,0.0707458473621566,0.643790849673203
"GALNT2",1.35583849127286,0.109223737944223,42.7015849741317,0.0488218471985652,0.621123626755667
"GALNT7",1.06789296465748,0.0830734810615768,46.4795912238623,0.0453518972079494,0.644068975107774
"GALT",2.5888708888255,0.413437856869495,25.1768005671872,0.100890895273782,0.828327075511055
"GAMT",1.41331404041762,0.0668453671073552,41.6300932243101,0.0417659234171235,0.523988318731748
"GANAB",4.986664787888,0.241607808747002,22.4644729502307,0.0657511159597123,0.496592963426505
"GANC",1.40039948671789,0.352310803042548,33.6383728587555,0.0922167515362111,0.877902934223335
"GAPDH",2.61220663366496,0.00360774100240758,19.9096112625943,0.0300420447253923,0.00097343902099847
"GAPVD1",3.75677486183039,0.289879228227599,26.1255953360173,0.0760745479371717,0.640244750382422
"GAR1",4.69850435394099,0.381969209714598,20.3762000440873,0.0919292558388958,0.693158114309554
"GARS",2.16778960318887,0.135179690488663,35.8665197628909,0.0514338541295993,0.543318036434432
"GART",3.68116822650267,0.310079677831889,26.1542746184837,0.0800966819112647,0.674732304269225
"GAS6",0.179091468241253,0.0068271875743735,56.0085612349694,0.0343227080092237,0.682311222361285
"GATAD1",4.13076114862967,0.365202829352696,22.7712408701162,0.0896518891791083,0.707133917396746
"GATAD2A",2.72816097602561,0.291356810072545,31.2116433597162,0.0786728684281678,0.732373800584063
"GATAD2B",3.82501192311194,0.276692556932718,26.1753725283994,0.0735709176769784,0.618968154637742
"GATB",3.14687304921523,0.592131563893911,12.4543414357007,0.133337112031481,0.894103740787095
"GATC",6.95857472189303,0.618801569569744,5.23071265512229,0.135382938454184,0.805798915310805
"GBA",1.53463366226782,0.148669570571959,41.9118524899025,0.0555418932204281,0.677861215408149
"GBA2",2.24828856440561,0.351264484485026,30.1114742660889,0.0902808487027386,0.812960645251008
"GBE1",0.624791593338703,0.147071447147985,51.2367414543427,0.0579698472630039,0.847448199137811
"GBF1",4.26824323578008,0.347475762810736,22.6456096327539,0.0859134196463879,0.675705743290224
"GBP1",0.148143994642277,0.0119017538060076,60.8246362646705,0.0357764236053527,0.785217633152552
"GBP2",0.330088949050496,0.0320681793988755,56.3794796062722,0.0385513913561694,0.737032401613128
"GBP3",0.940252485921946,0.124050940381939,48.1356038964075,0.0528512982222796,0.748852732582395
"GBP4",0.103091802305435,0.0139246007762523,64.3675618782804,0.0365859702181746,0.857599777499652
"GCA",1.27036835984952,0.163578897817599,44.3480507220603,0.0590118722325178,0.749061326658323
"GCC1",3.70434722653993,0.60387757912377,10.7453410866814,0.135015672970492,0.882144347100542
"GCC2",2.96570905412883,0.146760676543333,30.5033336387563,0.0518680666767686,0.468293700458907
"GCDH",2.56951072110302,0.353666737494827,28.8266854887927,0.0901885555352387,0.794187178417466
"GCFC2",16.9038174568888,0.808663233223074,9.54658616522606,0.17405332429461,0.811083298567654
"GCHFR",0.619638128021676,0.0570658728558479,51.9005515290551,0.0420236102236322,0.698025309414546
"GCLC",1.18280174310947,0.312619794870259,37.5312076545379,0.0857692825433075,0.881379502155472
"GCLM",1.04445182652841,0.212564931790735,44.37198324426,0.068349615260903,0.834932554582117
"GCN1",2.84703748178578,0.320968161914478,29.2867200487751,0.0837099808077008,0.747879293561396
"GCSH",1.11845555410493,0.0819090556659133,45.7485572903841,0.0450013761976579,0.62828535669587
"GDAP2",2.11073782182537,0.334666825308031,31.593560616494,0.0875430228052609,0.811639549436796
"GDE1",3.39709715054506,0.20009756242699,30.0463136210472,0.061075747522605,0.55618133778334
"GDI1",2.17387515232978,0.0715135851739939,30.9178178377682,0.0401732437969435,0.334098178278404
"GDI2",5.9245844671591,0.119496301160545,16.1786564508805,0.044119486653361,0.175914337366152
"GEMIN5",2.41336906462986,0.436952941769913,24.4521820848135,0.105627458475077,0.8542622722848
"GEMIN6",9.74058745713332,0.578237979244083,2.96212433387888,0.124931385287782,0.703865943540537
"GEMIN7",6.85566022301861,0.474791009680465,12.1095042267036,0.107403574626458,0.700319844249757
"GEMIN8",5.6004680399404,0.474842037090108,14.2409007576366,0.108321798820224,0.736615213461271
"GFER",5.56747317247006,0.317858729003173,20.7133027404978,0.0796028641790497,0.595536086775136
"GFM1",3.5769718905036,0.31317936801051,26.6181259185775,0.08095017734524,0.688082325128633
"GFM2",2.35212502786934,0.386462526542995,27.8441173681873,0.0965924571245966,0.831177861215408
"GFOD1",0.158191387084208,0.0588836027593757,62.9118026853383,0.0443834484380363,0.911208455013211
"GFOD2",1.4489691929443,0.245062431064421,39.7470756094249,0.0729674442376979,0.806494228897233
"GFPT1",1.79175911853399,0.126221289425077,39.2506243530907,0.0508694566811184,0.588861076345432
"GGA1",2.66175305061261,0.272819525777245,31.8978688121069,0.0752542401393612,0.71304408288138
"GGA2",1.62437506326498,0.164777803418415,40.9451363095116,0.0581461747945133,0.688708107356418
"GGA3",1.66071278985452,0.268021623957039,37.3358157525026,0.0765509243245499,0.802113753302739
"GGCT",2.25073456440957,0.0633895642837089,32.6118386709434,0.0395528825724641,0.35196773744959
"GGCX",6.29613065857789,0.444338148103205,13.7147335533711,0.101478702068269,0.679321373939647
"GGH",0.302935353116877,0.0461371865413929,58.8181668888193,0.0413719298682818,0.809762202753442
"GGNBP2",3.84191525766977,0.179954297647063,26.3160696671903,0.056168688416113,0.454456960089
"GGPS1",1.65551810972528,0.162620214199619,41.0152149807297,0.0578097840000597,0.686344041162564
"GHDC",1.56436281035121,0.232487966059172,39.5053646097479,0.0703982488127184,0.780489500764845
"GHITM",3.93318003126305,0.106349492678417,24.2507943713279,0.044082725278788,0.285982478097622
"GID4",2.38617008044649,0.492230288489194,20.8132358609612,0.115719288511452,0.880406063134474
"GID8",7.3895346973657,0.266452523893004,15.6428967471998,0.0679764338063527,0.427200667501043
"GIGYF1",2.65920083007727,0.363047576631955,28.0059703534028,0.0917439467701966,0.795230148797108
"GIGYF2",3.60062959271493,0.256690039202695,27.6374532362495,0.0703950755359534,0.610624391600612
"GIMAP2",0.219023192251939,0.0967635392161416,59.722077525408,0.0507329587283631,0.918092059518843
"GIMAP4",0.075964160530266,0.00789346130911736,65.2624005283202,0.0356482921683452,0.8638575997775
"GIMAP7",0.0615470352572702,0.00703360674258434,66.2927858904774,0.0356238967730033,0.882283409817828
"GINM1",2.60820370577679,0.127583644602766,31.9478783312457,0.049088841402567,0.45876790432485
"GIPC1",2.9400185345875,0.240878661364853,31.9756528507894,0.0692521824308574,0.660478375747462
"GIT1",1.3039488250081,0.209100204725173,42.477979246494,0.0669855137720797,0.794256709776109
"GIT2",1.32715470509369,0.164382567923809,43.1927850741987,0.0587373683857289,0.728966764010569
"GK",0.259396069172719,0.0840503464025886,59.5419406700369,0.0483244251581329,0.892017800027813
"GK5",1.62871911493301,0.205749319028041,40.248986612995,0.0655553519028723,0.747879293561396
"GLA",0.520723218695313,0.0650821188112184,53.9347952254671,0.0437594146248715,0.751216798776248
"GLB1",2.31495926098539,0.208378241243113,35.519350045468,0.0643675546948638,0.667083854818523
"GLCCI1",0.74168264984047,0.153609987463544,49.9704741246141,0.0588615099113875,0.835488805451258
"GLCE",0.634793718354829,0.0712971861749772,51.9688544771806,0.044443247993113,0.725351133361146
"GLE1",3.86399844496175,0.462769107624741,18.8633127537784,0.108179364049887,0.797594214990961
"GLG1",0.821124380784932,0.0362840676417036,42.7164143148662,0.037043308508765,0.484077318870811
"GLIPR1",0.185453154577948,0.0173782921620165,60.1102464787446,0.036612639672277,0.781602002503129
"GLIPR2",0.189954870913241,0.0225958114885215,60.7871928952496,0.0375969994046321,0.804338756779307
"GLMN",1.88229107738283,0.441801840774048,25.7984077523824,0.107426139785638,0.88638575997775
"GLMP",1.60948911757149,0.0948642350729501,38.917218629186,0.0455071841259698,0.524753163676818
"GLO1",2.19012507346598,0.0698356398840789,32.664690863973,0.0404218205483344,0.364344319287999
"GLOD4",2.69522638812221,0.158258425491491,33.072185063119,0.0546167917040329,0.535113336114588
"GLRX",0.51750810357016,0.0434537162943892,52.4894834237074,0.0398318298853073,0.683840912251425
"GLRX2",3.19083574080719,0.268200777989977,29.990110015892,0.0736669139532322,0.671881518564873
"GLRX3",5.25333257129147,0.334238964471824,20.2721755132283,0.0823195389575745,0.613822834098178
"GLRX5",1.81734522508373,0.249345995336791,37.6285943809135,0.0730292213838703,0.775691837018495
"GLS",0.444404725741011,0.051470452054369,54.7817395416024,0.0415693200967739,0.742316784869976
"GLT8D1",1.9273290037509,0.112424332141254,36.4942213289462,0.0477637524091237,0.512724238631623
"GLTP",3.57563146791359,0.272470239139634,27.4856270152814,0.073333643452676,0.634751773049645
"GLUD1",2.43357489448221,0.0984428514711584,32.9919357337009,0.0448339021915765,0.424628007231261
"GLUL",0.936437892369608,0.00934989027797323,30.4113414847959,0.0315443097250384,0.196426088165763
"GLYCTK",1.29438683055963,0.439691842331303,27.8217885568923,0.108069279628109,0.919343623974412
"GLYR1",3.82269550672296,0.254070235707512,27.2299207441182,0.06984954623511,0.599568905576415
"GM2A",0.619936370452176,0.0869740719061823,52.4930234664711,0.0472837741545148,0.763732443331943
"GMCL1",3.70184869650338,0.285566412379811,26.8214086844594,0.0756120809316378,0.645390070921986
"GMDS",1.87874511337057,0.234191786547113,37.8392415303155,0.0701552772769057,0.753511333611459
"GMEB1",1.56054457032909,0.31697949363178,35.1597543467081,0.0855500740634072,0.845848977889028
"GMFB",3.88551288097169,0.280418208742584,25.9411662968694,0.0742056342396381,0.621262689472952
"GMFG",0.1005469167684,0.00787146998648987,63.2369133025981,0.0353948888054866,0.824502850785704
"GMNN",0.241668934805556,0.0513519438767359,60.7230550660436,0.0426254128112008,0.855722430816298
"GMPPA",3.96624449256476,0.317788843954399,24.7652746106857,0.080988593308099,0.663398692810457
"GMPPB",1.77557763199261,0.157863415522495,39.946807096678,0.0566173321890002,0.65839243498818
"GMPR2",4.42120054572389,0.277890970565381,24.3997204139129,0.0732128994307886,0.590947017104714
"GMPS",3.18739414912996,0.257904286247904,30.168200022823,0.071746085008736,0.657488527325824
"GNA12",1.62068036471733,0.228197548968269,39.3254066752324,0.069499340249949,0.769851202892505
"GNA13",2.25434288871776,0.263782788876975,34.3905283645452,0.0745261289031177,0.742108190794048
"GNAI2",1.19091118567042,0.0329118875725044,35.100983114732,0.0353578491218664,0.334028646919761
"GNAI3",4.77487341857143,0.26181518777989,22.4194838310585,0.0692464540597198,0.529203170629954
"GNAQ",1.74822609950688,0.0979735159541376,38.0297856793605,0.0458323391412377,0.514462522597692
"GNAS",2.55412071653876,0.0311983528803927,23.3771932370872,0.0335480623724786,0.118898623279099
"GNB1",2.37104107448852,0.071203052757817,29.9589095547662,0.0399967204532898,0.316923932693645
"GNB1L",1.66063085474666,0.54388434123154,18.8666014454294,0.126190146325888,0.931094423585037
"GNB2",3.16755927753382,0.0624218541377069,25.7577001569893,0.0381860037528675,0.22799332498957
"GNB5",0.917032525067097,0.16355264673716,47.3085268427017,0.0598844453773484,0.803434849116952
"GNG12",1.25730175374204,0.0953246143491623,43.6008221726347,0.0467065728037282,0.612501738283966
"GNG2",0.150205132253635,0.0341694822132295,63.3807535611868,0.0400057621262232,0.875538868029481
"GNG5",3.47099980323749,0.0258513883405407,19.3139352769718,0.0325307784136938,0.0410235015992212
"GNL1",4.25976942587011,0.270251174215726,24.2637488367794,0.0715254908931111,0.574885273258239
"GNL2",4.11117651580834,0.32676023146507,24.0509342849434,0.0824670660143632,0.665971353080239
"GNL3",3.46054401878379,0.166912143513541,29.7233197866317,0.0552427994318103,0.49242108190794
"GNL3L",2.59266091397687,0.479111179482979,21.202435805106,0.113054734234248,0.865734946460854
"GNPAT",3.56544053310535,0.224664209861586,28.3103520379882,0.0647540124878923,0.567654011959394
"GNPDA1",2.22322929328007,0.187850165432936,36.6594532413485,0.0610188597276595,0.651926018634404
"GNPDA2",1.88505725220453,0.303169697306628,34.1500857409177,0.0822233776385765,0.804338756779307
"GNPNAT1",2.48021398252023,0.296410032912784,32.5010691383513,0.0803081094142291,0.763941037407871
"GNPTAB",0.832060789805139,0.0877796046749138,49.1546625394624,0.0466843510905018,0.702405785009039
"GNPTG",3.35138317483373,0.127358547698707,28.4107883539853,0.0482821458936144,0.397093589208733
"GNS",1.49781154700473,0.0979080612057057,40.7342720344421,0.046457090440072,0.564107912668614
"GOLGA1",2.83369101416742,0.380762040759312,26.342339062063,0.0946009255297789,0.795091086079822
"GOLGA2",3.0575068611067,0.124613726058533,29.5769711213127,0.0480840987173773,0.411973299958281
"GOLGA3",1.84502358188454,0.146224806009077,39.0699740095752,0.0542712664733298,0.621540814907523
"GOLGA4",4.212307805536,0.112616711824497,23.7768910399051,0.044980538896467,0.290571547768043
"GOLGA5",4.79267649127829,0.35287247494048,20.5091240650947,0.0859299664920604,0.647684605757196
"GOLGA7",1.88517099830093,0.072848206752917,34.1983229026957,0.0410536093624529,0.396676401056877
"GOLGB1",3.24808918825857,0.0918288593808737,26.6616237141568,0.0424188804483147,0.299471561674315
"GOLIM4",0.395389609745492,0.0313567216545633,53.7835504507047,0.038026199355978,0.685857321652065
"GOLPH3",4.437652422115,0.164215136465597,23.2024120938306,0.0526372734307258,0.373035739118342
"GOLPH3L",1.33211071679995,0.111477236049101,43.7100402824819,0.0495106709149834,0.644208037825059
"GOLT1B",1.92860370158113,0.213797469424597,37.5981090954605,0.066084127530197,0.713669865109164
"GON4L",3.3395485533142,0.200198492728529,29.4615331420641,0.0607566648808587,0.545264914476429
"GOPC",1.34469259454872,0.0916949202726937,41.7178016843913,0.0456289371542585,0.570574329022389
"GORAB",1.91640730853087,0.355901589735996,31.2125086066101,0.0917883780080519,0.840356000556251
"GORASP2",4.47187045364296,0.193868786295642,23.6271804073394,0.0576785987558841,0.432902238909748
"GOSR1",4.25749194178095,0.276132382704992,24.8088458299602,0.072988333843568,0.594771241830065
"GOSR2",1.01296803143561,0.210935663509457,44.536799973741,0.0680696303524759,0.835071617299402
"GOT1",1.7976595966197,0.299088319656827,35.1385185608064,0.0818975471211467,0.815324711444862
"GOT2",3.28933258485229,0.285378806815153,28.649104830373,0.0763570181489429,0.677026839104436
"GPAA1",3.14229773291137,0.0754223538480073,26.443071306393,0.0400567003070216,0.264566819635656
"GPALPP1",2.44445800134142,0.356059768563854,28.9987215633566,0.0907230261122824,0.801140314281741
"GPANK1",4.4697596825174,0.420036979353539,19.3211222095448,0.0992715817226094,0.736476150743986
"GPAT4",0.867911896355447,0.054365929200747,46.3336347012021,0.0405406703517907,0.58753998053122
"GPATCH1",1.93014458974813,0.441557875663983,25.673821761795,0.107306995461137,0.883743568349326
"GPATCH11",1.52705233252744,0.352581681296131,33.0648831963466,0.0919934294819154,0.868029481296064
"GPATCH2",3.5929422238911,0.342747098188215,25.3425145170072,0.0862614821566091,0.714782366847448
"GPATCH2L",2.12787381061777,0.217598170918493,36.2875360617876,0.0663355479991775,0.696704213600334
"GPATCH3",14.0694701071488,0.8288590562134,8.88767188983979,0.178892642234954,0.857808371575581
"GPATCH4",2.23715307036201,0.182425075437919,36.977378684191,0.0601841835233921,0.648379919343624
"GPATCH8",2.386792874724,0.163725387120989,34.4298205436391,0.055871985885975,0.568488388263107
"GPBP1",6.23809307634452,0.232597368718254,17.2746207062429,0.062161321739766,0.393756083993881
"GPBP1L1",6.02121585936254,0.275681180585568,18.2257363001446,0.070218353712719,0.482408566263385
"GPCPD1",0.628361382675675,0.0750156083088072,52.3795826263662,0.045178460694894,0.739952718676123
"GPD2",0.614097716904225,0.063317485415227,52.4118528626253,0.0431813108740002,0.719232373800584
"GPI",2.26408885149708,0.0613419548543284,29.8404309803456,0.0385739367969802,0.295577805590321
"GPKOW",8.03430385793628,0.680505824503959,0.757296169098431,0.147021251309263,0.821721596439994
"GPN1",5.51314223408827,0.543121355922653,11.078552854937,0.121496986108243,0.789945765540259
"GPN2",3.87978484537176,0.514087677471678,15.9362673875601,0.117801094820434,0.829091920456126
"GPN3",3.88103574013544,0.384148873070635,22.6306240559288,0.0934392435214279,0.73557224308163
"GPNMB",0.122368658051632,0.00481434048453037,59.5175357010944,0.03441920280011,0.746558197747184
"GPR107",2.56805013727559,0.224614602799305,33.5882793249037,0.0666771767485847,0.660617438464748
"GPR108",4.41482379581701,0.286925317553824,23.6800858811241,0.0745019303016386,0.593172020581282
"GPR137",4.03258320213342,0.335044117533434,24.1605920430933,0.084192670573837,0.681615908774857
"GPR137B",0.745722545678854,0.122063750746887,50.8116109357539,0.0532153157186744,0.79529968015575
"GPR155",0.210109493133352,0.0776025740059347,60.8314041227368,0.0474086674074027,0.905020164094006
"GPR180",1.69449358132478,0.329908087088399,33.7404517453832,0.087569404767147,0.84209428452232
"GPR89A",1.6958486254212,0.350772934967559,32.5168835228562,0.0913602632709414,0.855166179947156
"GPRIN3",0.0913401514200779,0.0338246121748299,65.8698030958561,0.0403341936093031,0.922889723265193
"GPS1",2.70184199259462,0.137128636258195,32.5053699949413,0.0508959761194886,0.486928104575163
"GPS2",2.96456163769205,0.423769940103961,23.3534980837606,0.102129622776932,0.813030176609651
"GPSM2",0.179364872650446,0.072480406128901,61.8147498814354,0.0466684362380332,0.914615491586706
"GPSM3",0.153887817554557,0.0141687169402453,61.2452145745456,0.036219197111968,0.797594214990961
"GPX4",3.30047717053249,0.0143811352146911,19.4644575849445,0.0313021045366004,0.0205117507996106
"GPX7",0.245495986847889,0.0297093048805366,59.1827837123105,0.0385788854267518,0.786538728966764
"GRAMD1A",2.16467811885103,0.177458703853718,37.2591025970374,0.0593439073173717,0.644555694618273
"GRB2",1.85330084960436,0.0608623627907995,33.1647884054095,0.0390858527671839,0.354609929078014
"GRHPR",8.47722673490537,0.28372909946848,11.9683892879353,0.0695012565518261,0.395702962035878
"GRINA",1.57173543748705,0.0265966364229397,30.1543306512716,0.0338493660041363,0.230426922542066
"GRIPAP1",2.62611356563816,0.271123635142583,32.1116305945516,0.0750077773500052,0.713947990543735
"GRN",1.33518986662927,0.0183152070743597,27.3273183097928,0.0322611846363,0.157975246836323
"GRPEL1",2.9681591941391,0.229043447638438,31.8159043330995,0.0669312640756898,0.637185370602142
"GRPEL2",1.18374863092418,0.276165082864062,39.7486068686563,0.0792194019545456,0.859685718258935
"GRSF1",5.22220134876585,0.216966664040472,21.9082961944257,0.0612869275602686,0.445556946182728
"GRWD1",4.11166459436529,0.40000835646651,21.3084923743312,0.096105315810843,0.738492560144625
"GSDMD",2.12067220083391,0.0848053032295903,34.019688986366,0.0429000471647417,0.416979557780559
"GSE1",1.68843959584641,0.127307374709357,41.1985483304508,0.0516626349641435,0.6270337922403
"GSK3A",4.31586103897284,0.49277881947937,16.2918461880829,0.113356427379653,0.800931720205813
"GSK3B",4.97926340543736,0.28809360283881,21.6575540817353,0.0739049311898485,0.560700876095119
"GSKIP",4.16950366577747,0.452644119025203,18.5955662971655,0.10584264498981,0.776526213322208
"GSN",0.463914384669605,0.00472688013622559,36.0530680910899,0.0315509001814051,0.292448894451398
"GSPT1",5.07767128457597,0.231033419482202,23.3557413567338,0.0644359880121108,0.49520233625365
"GSPT2",0.727860555897178,0.239238229444158,45.0221602579734,0.0738720498649743,0.892782644972883
"GSS",2.44601711893712,0.194383756072835,34.9889128852696,0.0616292545243774,0.633291614518148
"GSTK1",3.9130616652627,0.0753507546349755,22.2227124301873,0.0392595592102581,0.191697955778056
"GSTM3",0.474901143562261,0.00844122300125843,42.0039020484801,0.0328473334503434,0.41524127381449
"GSTM4",1.54452574299891,0.179895211002611,41.5470613084899,0.061135938801,0.726394103740787
"GSTO1",1.70995215204809,0.0804279804111866,37.1479888877313,0.0428489535845257,0.465442914754554
"GSTP1",0.328449470885342,0.00336147074524288,43.72062626918,0.032309546563234,0.437769434014741
"GSTZ1",2.01125953149342,0.157963803960154,38.9388797370841,0.0564287358279664,0.640801001251564
"GTF2A1",2.24811154875698,0.302648380079116,32.6110556784772,0.0814705548539517,0.776039493811709
"GTF2A2",6.32220767396143,0.161363399459726,16.3489116969125,0.0503707536697162,0.255388680294813
"GTF2B",3.19794679145023,0.272976376763525,29.0595425487452,0.0740562121279337,0.663051036017244
"GTF2E2",5.69346215417763,0.429052608461244,15.325132202007,0.0989598549145285,0.682172159643999
"GTF2F1",6.08148945397741,0.284372410695852,18.125488777529,0.0718147066733647,0.495410930329579
"GTF2F2",4.12575957882729,0.371994450497815,22.4457549124298,0.0908648675666551,0.71255736337088
"GTF2H1",3.1759604254086,0.319351908741129,27.5270200301887,0.0824797272300065,0.713947990543735
"GTF2H2",1.96214933165923,0.364680483068439,30.5894601959839,0.0933522472596817,0.843902099847031
"GTF2H3",3.66299313129789,0.422973382042563,21.6361615095893,0.101153139001573,0.781602002503129
"GTF2H5",5.27491722046782,0.161822704730885,20.7791645472907,0.0517650480510677,0.329856765401196
"GTF2I",3.75046986325604,0.0758740923087538,22.5635419109567,0.0393356658017274,0.197608121262689
"GTF3A",5.0677657000996,0.123183699643823,21.2715170257841,0.0460974078259407,0.269503546099291
"GTF3C1",2.05295393547531,0.163887768498082,37.4705455653224,0.0569050550165834,0.62397441246002
"GTF3C2",6.21512202237891,0.487456914589418,12.2710150338843,0.109939192362462,0.722708941732721
"GTF3C3",3.04517114181795,0.40472561217613,24.3500406413755,0.0986459503968892,0.799402030315672
"GTF3C5",4.18764602705004,0.381886499439058,21.6406863109358,0.0924460318952617,0.714643304130163
"GTF3C6",2.48110876553717,0.0767872473346948,29.2635564141126,0.0406360643305896,0.314907523293005
"GTPBP1",3.35996172746037,0.539309495605462,15.5641002167328,0.123236656576994,0.863509942984286
"GTPBP2",1.99550039610347,0.427052345825577,26.4427286684878,0.104559652558002,0.873452927270199
"GTPBP3",6.89285995948792,0.619158243257332,5.29983176094702,0.135500540409715,0.807606730635517
"GTPBP4",3.00415741535624,0.263641209384699,30.6562624087186,0.0729942043959193,0.675636211931581
"GTPBP6",2.16440963563269,0.331243308762277,31.7351619511263,0.086944615148275,0.808510638297872
"GTPBP8",2.06673804358121,0.435229285794654,25.6622238087573,0.105915280330426,0.873035739118342
"GUCD1",4.74723469298357,0.331553098724641,21.8916900171348,0.0824907920467121,0.636907245167571
"GUF1",2.44780662631816,0.349563480006425,29.5863116002785,0.0897182467069697,0.80086218884717
"GUK1",4.5920170443466,0.0349255548171481,17.3032912547534,0.0335280906781713,0.031706299541093
"GUSB",1.8362789265559,0.119337925736248,38.6332946220852,0.0495422589569475,0.565081351689612
"GXYLT1",1.66655771947396,0.296829851405447,35.9083040951238,0.0817730812462124,0.825337227089417
"GYG1",2.25926540715774,0.189721428755295,36.0640882000757,0.0611174546986284,0.644277569183702
"GYPC",0.203958306192711,0.0114110499153318,57.1755494489088,0.0352260982546455,0.713669865109164
"GZF1",1.68373589653752,0.416304843358673,28.2176851213174,0.103175525014367,0.887428730357391
"H1F0",1.00965041940152,0.0140253423986247,32.5796874227672,0.0324588304822663,0.248018356278682
"H1FX",0.930835349732648,0.0549384417798926,46.0760677413577,0.0406217965391732,0.584063412599082
"H2AFJ",1.04120780451206,0.0131584997349933,31.0239123255508,0.0321287638649542,0.21659018217216
"H2AFV",1.89225466370354,0.0427611144598942,30.5093597187151,0.0360993036101293,0.270546516478932
"H2AFX",0.490890688769505,0.0360232029251351,52.0536111148123,0.0385323084873793,0.661590877485746
"H2AFY",3.16947467564839,0.0826942221716951,27.2902080165583,0.0413047689365377,0.294048115700181
"H2AFZ",1.23517635073555,0.0120885836006113,25.825251134419,0.0312857220302478,0.116047837574746
"H3F3A",3.87340065778601,0.00780032410130349,18.7957129606629,0.030741335292695,0.0017382839660687
"H3F3B",3.39876544388329,0.00744192914807855,19.0682622450633,0.0305724361699015,0.00097343902099847
"H6PD",0.957238430815126,0.111273583107597,47.6079573760367,0.0504094624230778,0.715964399944375
"HABP4",0.337159715223251,0.192171458381136,51.7069051771937,0.066893993905457,0.935057711027673
"HACD2",3.17849153327598,0.323780589958479,27.8919584080459,0.083659958595016,0.728062856348213
"HACD3",1.5865337768908,0.0596782523386486,37.2160989350142,0.0397365968837842,0.427687387011542
"HACL1",2.17658064564192,0.383696493238083,28.5984176398826,0.0963754390672586,0.840008343763037
"HADH",2.14152340024874,0.163340418703363,37.4355110425737,0.0568697537974176,0.622792379363093
"HADHA",5.19805461766723,0.152646359659998,19.6393728079037,0.049811103112767,0.292309831734112
"HADHB",2.95208317821116,0.131536674301878,29.9954830012303,0.0492363592584422,0.431511611736893
"HAGH",2.83094889133619,0.183752658030845,32.9430148228313,0.0590864000605344,0.57843137254902
"HARS",4.35416265934568,0.342167213230487,22.3830438899248,0.0846885079816471,0.662355722430816
"HARS2",4.42114944290025,0.452586402172539,17.8206266349135,0.105366810447693,0.76289806702823
"HAT1",2.16782390285158,0.19435708868471,36.6413187518094,0.062161505182452,0.662772910582673
"HAUS1",1.43163067848195,0.200800468468218,41.938258957028,0.0652159908800174,0.770059796968433
"HAUS2",1.54180363141801,0.30110496616446,36.2531057257165,0.082788497389971,0.838756779307468
"HAUS3",2.32036154526337,0.394184487715239,27.380595615227,0.0979658980543251,0.835697399527187
"HAUS4",2.49637355079558,0.193385126309026,34.9734946984473,0.0614832891587987,0.631483799193436
"HAUS5",1.72142212770071,0.408716572759479,28.6387922853184,0.101762915728288,0.882352941176471
"HAUS6",1.8939832253682,0.354600160186348,31.4265987040729,0.0916296185145159,0.842024753163677
"HAUS8",0.651809304809505,0.311082986015122,40.423958619723,0.0867560317563914,0.931372549019608
"HAX1",7.26146167426707,0.178375495249363,15.5708559888091,0.0531918349108861,0.277151995549993
"HBP1",1.68808292226035,0.10994675789791,39.4578773540078,0.0481585810828153,0.562856348213044
"HBS1L",4.51117448120691,0.372923516799221,21.0654249891356,0.0903486980459079,0.690168265887915
"HCCS",12.91801942369,0.74678174249836,5.70276177112696,0.159951816356973,0.799888749826172
"HCFC1",4.3045029197786,0.298427876527412,24.2072541861836,0.0770093444074066,0.621749408983452
"HCFC1R1",1.2478521023717,0.0204730370906857,29.5894305235498,0.0328507558501888,0.204839382561535
"HCG18",2.74687398454634,0.261705559726123,31.7107675741289,0.0729983225956473,0.6907940481157
"HCLS1",0.0888941746688099,0.00924737595144921,64.5462166745953,0.0357953043613601,0.852454456960089
"HCST",0.0574721101389949,0.0048694041751165,66.0506815470453,0.0352146320770242,0.873591989987484
"HDAC1",2.60743615997124,0.161420337944467,33.9223248667586,0.0554424107286268,0.556111806424697
"HDAC10",3.1640543403758,0.402737691851686,24.0037204756895,0.0980251430307468,0.790015296898901
"HDAC2",2.96339628849646,0.138162696492334,30.324034208499,0.0504157304192096,0.449589764984008
"HDAC3",10.3861773306986,0.562453320219227,2.29654327426902,0.120917754213274,0.66903073286052
"HDAC4",0.88334968600886,0.26459608163399,42.2877231672479,0.0779176107959123,0.886177165901822
"HDAC5",2.45692144963307,0.247342963071824,33.4838092020896,0.0709137663418792,0.697677652621332
"HDAC6",2.08959139903581,0.287330999775723,34.0715035626733,0.079024574320716,0.776248087887637
"HDAC7",1.55101293024847,0.101582404277859,40.1867749938972,0.0469234036627694,0.560700876095119
"HDAC8",7.37633625691059,0.56328634445549,6.83543279079075,0.123567922947336,0.747601168126825
"HDDC2",3.1906862903407,0.149080675144701,29.8272041979487,0.0521406660463905,0.461201501877347
"HDDC3",4.86374012042651,0.340039945114733,21.2570183140304,0.083880441492529,0.639966624947852
"HDGF",2.92256985263547,0.136623562591979,32.4243615797926,0.0509541377159971,0.485885134195522
"HDHD2",2.79392669627192,0.390991698685134,25.9492196993391,0.0965631153555127,0.805034070365735
"HDHD3",2.67932921651029,0.203685462942051,34.3035798612217,0.0632143547433829,0.637880684188569
"HDLBP",2.48373967506564,0.0346997764667302,24.08224829633,0.0340590527277359,0.138228340981783
"HEATR1",2.15417810313637,0.274142107273984,34.3066708324115,0.0764962852362893,0.75810040328188
"HEATR5A",2.3552122241542,0.425285580225625,25.307379194576,0.103540319321061,0.850229453483521
"HEATR5B",3.00644591567039,0.391341766759766,25.0606922083109,0.0961430427187849,0.789876234181616
"HEBP1",1.55731205904527,0.055724440588395,36.857402853759,0.0390680957549772,0.413294395772493
"HEBP2",1.00745408594464,0.0617225840876919,45.4733250148828,0.0416018875508509,0.585454039771937
"HECA",1.15074257232301,0.294459640494974,38.744380020483,0.0825244378558933,0.872549019607843
"HECTD1",4.54824444630075,0.19909887934467,23.3013436091176,0.0584514040145447,0.436448338200528
"HECTD4",1.69247026300033,0.215387058272394,39.3923318848828,0.0670713713284267,0.74899179529968
"HELB",0.585533547501286,0.220783894145157,47.4650249711915,0.0711029984923458,0.905993603115005
"HELLS",0.141519094377434,0.0488491109993514,63.7949331013056,0.042716506952143,0.910095953274927
"HELQ",4.55320376731662,0.565205522194505,11.5089261507496,0.126626082671753,0.83298567654012
"HELZ",2.0980250798544,0.169973223955987,36.9981531892325,0.0578249125268282,0.626129884577945
"HELZ2",0.769064633393501,0.129293427962377,50.276940737504,0.054393536797962,0.798150465860103
"HERC1",2.12601096956384,0.184669096935872,36.4245068703428,0.0602437532894315,0.641496314837992
"HERC2",2.36688430520353,0.137973486619675,34.3759448751714,0.0514895123726252,0.521485189820609
"HERC3",0.994691909522224,0.292227813530585,39.7533090345707,0.0825047321542296,0.887081073564177
"HERC4",2.61539459623147,0.262625795453512,32.1931489624884,0.0733435635013987,0.700806563760256
"HERPUD1",0.665592015479423,0.0174213370549065,39.0479424986095,0.0337061019094156,0.37651230705048
"HERPUD2",3.20633674949718,0.310632350825851,27.7572756927783,0.0808508298255278,0.70344875538868
"HEXA",0.907936804328916,0.0788192248038377,47.3335034717814,0.0447440304976688,0.651717424558476
"HEXB",1.45001393278886,0.0730198689603105,38.7528710390025,0.0419830639681196,0.480600750938673
"HEXIM1",1.36110604409242,0.0924727036601217,42.1857133924593,0.0459056168489324,0.581004032818801
"HEXIM2",2.16360779512359,0.331569600172775,31.7430162429434,0.0870204156155181,0.8092059518843
"HGS",2.52577551934862,0.135858434729131,33.1964109998647,0.0508181613129021,0.496523432067863
"HGSNAT",0.931683550096212,0.0559946617236918,45.0773131490857,0.0405584312240131,0.566819635655681
"HIBADH",2.29546165350087,0.15117070983223,35.7996813449524,0.054206252185428,0.571339173967459
"HIBCH",2.85805706703865,0.297907215101006,29.804962646951,0.0792462521325398,0.718189403420943
"HIF1A",0.747536938703893,0.0405667550748214,46.0884868587532,0.0382817067981983,0.556528994576554
"HIF1AN",5.93388216514561,0.483763219644763,13.0763254550791,0.109598855157246,0.730705047976637
"HIGD1A",1.16119510682248,0.134495812518655,46.1289379221731,0.05423894067085,0.730496453900709
"HIGD2A",5.05070687771205,0.0704892182193588,17.9342194709678,0.0379800739762013,0.113057989153108
"HILPDA",0.639240922657617,0.0419312500960829,49.658254712782,0.0391209407915392,0.627172854957586
"HINFP",5.16540786447279,0.645045702153394,6.06483103414737,0.141747181321388,0.863370880267
"HINT1",3.92133112876797,0.0221982454496892,18.8339873041595,0.0322368734075644,0.0298984842163816
"HINT2",3.02751604545601,0.0931104355677775,29.4819756373445,0.0433497816745149,0.353149770546516
"HINT3",5.60035797078146,0.506046278750287,12.966931273222,0.114469935743381,0.764080100125156
"HIP1",1.3821278615502,0.142410003057878,43.2644698178629,0.0548039090412195,0.691489361702128
"HIP1R",0.922481483183585,0.166807605884697,47.7094217719545,0.060681789235877,0.816784869976359
"HIPK1",2.57229381318373,0.318026542666439,30.3581409753187,0.0835519428934388,0.761785565289946
"HIPK2",0.913246746208959,0.0744400960882567,48.1401282181599,0.0442372856866269,0.659226811291893
"HIPK3",2.37952610042261,0.200327879587704,35.1999029637265,0.0627663764455755,0.647336948963983
"HIRIP3",1.22234621562897,0.166685415698943,44.682989300501,0.0596901487655156,0.760673063551662
"HIST1H1C",0.390770772646917,0.0178422705631584,51.4228348986756,0.0355204878190776,0.615074398553748
"HIST1H2AC",0.542024549827648,0.0167316002096338,46.3784747618433,0.0346842613721828,0.516270337922403
"HIST1H4C",0.464794663440862,0.00998280979373289,41.1744259634106,0.0329258616531135,0.401960784313726
"HIVEP2",0.362574787262528,0.0966464785894585,57.0146170226842,0.0500726644530417,0.866569322764567
"HKR1",3.94472208329731,0.378222994430461,22.7690881002705,0.0923053631533634,0.728340981782784
"HLA-A",0.821599218445013,0.0031156627534017,24.2616899787611,0.0299472001240207,0.0640383813099708
"HLA-B",0.878873627092819,0.00205963890161026,23.1732126064464,0.0297167238884567,0.0415102211097205
"HLA-C",1.7513450147205,0.00469979966816296,20.612371501634,0.029937268599469,0.00688360450563204
"HLA-DMA",0.111044188791747,0.00522103542903096,60.8066727924321,0.0346428616375003,0.772354331803643
"HLA-DMB",0.0515153495367082,0.00713844390385917,67.2741764920564,0.0357627803456191,0.901543596161869
"HLA-DPA1",0.0688009287315246,0.00108626798786295,61.1361146008478,0.0339738841155632,0.770894173272146
"HLA-DPB1",0.0786010665142468,0.00123197395798423,59.7143639383374,0.0338312824873695,0.743498817966903
"HLA-DQA1",0.0349541342486404,0.00119695762383623,66.9857992164006,0.0346777913322369,0.884995132804895
"HLA-DQB1",0.0700088083660676,0.00204190860633069,62.3932520480596,0.0342865899057865,0.797177026839104
"HLA-DRA",0.0671126004041955,0.000505054308418751,59.9652901953175,0.0337356325625075,0.74697538589904
"HLA-DRB1",0.103447211832168,0.00109253242399931,56.4599906355625,0.033429802940026,0.679947156167432
"HLA-DRB5",0.0670204617159586,0.00139904624866289,62.0269808062314,0.0341328542423275,0.788833263801975
"HLA-E",0.518210585126154,0.0057744441179418,35.3439726092077,0.0316110248578332,0.281184814351272
"HLA-F",0.469982013861577,0.0290211545586226,51.1976173601581,0.03726015031836,0.631970518703936
"HLTF",2.19107538183917,0.173676179671351,36.9361777264535,0.0585417307586321,0.631970518703936
"HM13",3.03758658789018,0.0772282627153505,26.3775123317775,0.0402143348267014,0.265748852732582
"HMBOX1",1.46703916252146,0.2221482766101,40.4974961579768,0.0687503768433731,0.78062856348213
"HMBS",4.33777740671908,0.46825531743582,17.7037959411156,0.10885035280047,0.78619107217355
"HMCES",3.49032687071223,0.379048405121788,24.2503235658796,0.0932173521683609,0.755527743012098
"HMG20A",3.37315960225015,0.393673238675069,23.5063270673399,0.0957781418128227,0.766305103601724
"HMG20B",2.97452603816976,0.0867165448970711,28.8141816714877,0.0421993581320848,0.328535669586984
"HMGA1",0.937048382839119,0.0459767348828938,45.7855662031741,0.0391847539187093,0.562021971909331
"HMGB1",3.53332606226756,0.0189422605601536,18.3935450661935,0.0316514203963415,0.0112640801001252
"HMGB2",0.274710117029323,0.0107552239010317,51.77524509048,0.0344140425208293,0.607912668613545
"HMGB3",0.471417655363494,0.0378711643460544,53.211293906911,0.0390318734764303,0.68724794882492
"HMGCL",2.96145016833961,0.328739040392542,28.2626022188442,0.0847633590775263,0.74266444166319
"HMGCR",0.952195037935783,0.171495718980946,46.84785621631,0.0612585683102864,0.808927826449729
"HMGCS1",0.630449119255422,0.0948078264205132,52.4056593548962,0.0486580180241607,0.776248087887637
"HMGN1",2.61438995617398,0.0179792903407898,21.5738241486068,0.0317848023405191,0.0601446252259769
"HMGN2",1.85324155535645,0.00898839082419474,21.211983312124,0.0304910826347558,0.0278125434570992
"HMGN3",3.87731005304407,0.0771739165973525,22.0478265929798,0.0394193279664685,0.191419830343485
"HMGXB3",3.14354079958684,0.263533067555018,29.9116580296527,0.0726576933904001,0.662286191072174
"HMGXB4",5.17217604352493,0.367639067506719,19.184026621456,0.0883570930156423,0.649353358364622
"HMOX1",0.0561687225972043,0.0118880610766282,67.4324402851917,0.0366241643399981,0.913294395772493
"HMOX2",4.00309346074838,0.229053574925156,26.2974688806147,0.064829850287139,0.540328188012794
"HNRNPA0",5.76569096244402,0.0866679210145949,15.7355636273385,0.0396251483448354,0.107982199972187
"HNRNPA1",4.25198600076398,0.0223843335110113,17.9332314061109,0.0322025566398625,0.0167570574329022
"HNRNPA2B1",3.73864930110951,0.022689174179616,18.1992597461669,0.0320791086135429,0.016826588791545
"HNRNPA3",4.60037195418386,0.0721749686906448,18.6411638779196,0.0381638720645197,0.125086914198303
"HNRNPAB",2.02552242012022,0.0764482646540513,35.1071306912863,0.0419193897395861,0.421638158809623
"HNRNPC",8.29833940463058,0.0903817041416905,12.1210968562036,0.040127856940853,0.0715477680433876
"HNRNPD",4.21783882673021,0.155564857643359,24.5038993707105,0.0516931041107571,0.380406063134474
"HNRNPDL",6.82610547421645,0.0881752139139709,13.418096058438,0.0395625918796168,0.0777360589625921
"HNRNPF",4.11226638943294,0.0562529910734251,20.4383295441593,0.0365107227507865,0.125086914198303
"HNRNPH1",3.88182287517893,0.120964989055429,24.7965846075385,0.0463400999570223,0.321999721874565
"HNRNPH2",1.26713401894596,0.0895971005154221,43.3041395290866,0.0456898449675218,0.596509525796134
"HNRNPH3",4.3365687777915,0.144589259250233,22.6833149459069,0.0493181573179626,0.328118481435127
"HNRNPK",6.91611970367981,0.0673012058771682,13.5016749763106,0.037149268676254,0.0431094423585037
"HNRNPL",6.92704898319794,0.325308357301485,15.214972789713,0.0783056704747488,0.514601585314977
"HNRNPLL",2.20272832166271,0.230686427194804,35.6097699612944,0.0685813333841887,0.707203448755389
"HNRNPM",4.78440134194749,0.136489460085528,20.6705565969877,0.0475906079665857,0.279794187178417
"HNRNPR",5.46568463008487,0.138951275130826,18.704448482179,0.0475764716741167,0.25302461410096
"HNRNPU",2.73691882342627,0.0402454893422095,23.3984829114166,0.0346730374543561,0.138089278264497
"HNRNPUL1",7.51615104379936,0.203898841717168,13.8758837964039,0.0564640150795401,0.291614518147685
"HNRNPUL2",2.93949833466275,0.331937892476832,28.4119840878971,0.0855281108660229,0.750730079265749
"HOMER1",0.813072807474353,0.290159951534993,41.0703994800497,0.0826749698198578,0.907592824363788
"HOMEZ",3.32361415853392,0.429681418014002,22.3034365083035,0.102949821539378,0.804269225420665
"HOOK2",2.10763731337719,0.0937214890227598,36.3991022050791,0.0449431282950623,0.47823668474482
"HOOK3",1.08850271182182,0.0545133387073628,41.6213598822351,0.0396647854410397,0.498817966903073
"HOTAIRM1",0.23727569663598,0.0609171382926534,60.6419253310849,0.0443215872459135,0.871436517869559
"HP1BP3",2.50358299956066,0.0654632608724392,27.3039853602109,0.0386010370666066,0.257057432902239
"HPCAL1",1.45217891482575,0.158361515324642,42.6746651977509,0.0575282394341274,0.709080795438743
"HPRT1",1.25301736356796,0.0919961496882019,44.0904530674832,0.0462998406013542,0.615769712140175
"HPS1",5.55121919134527,0.320908710748118,19.0262817723532,0.0790126677768788,0.570365734946461
"HPS3",1.8264923633172,0.225195401211713,38.2271908699648,0.0685290616447827,0.744889445139758
"HPS4",3.0113406438311,0.354278819217961,27.0272456331416,0.0894270582954975,0.763384786538729
"HPS5",1.1461433772094,0.243416788968966,41.8368169950863,0.0734649990084294,0.841677096370463
"HRAS",1.65829471147088,0.261078113158681,38.1345112766681,0.075569082510627,0.804895007648449
"HS1BP3",2.64710788517374,0.405431821321194,25.5747838263012,0.0994218386602048,0.822208315950494
"HS2ST1",2.30428785566079,0.371386720832153,28.7221670587559,0.0938029882399362,0.821721596439994
"HSBP1",5.39092634698313,0.0784803444878826,17.7066516189239,0.0390646757194556,0.126408010012516
"HSBP1L1",2.03509724760996,0.116730039052636,38.0122506391928,0.0490606160762859,0.54985398414685
"HSCB",5.0012641320778,0.422694714027601,18.0022677993825,0.0992278387354831,0.7181198720623
"HSD17B10",5.03733309219071,0.182017531548603,22.7874564303068,0.0557372378111991,0.4002920317063
"HSD17B11",0.362053531337569,0.043684333169939,56.5683327815682,0.0405527162194068,0.762133222083159
"HSD17B12",2.06749586648264,0.171378913742209,37.3226918162359,0.0581904444111962,0.634543178973717
"HSD17B4",1.34783026304909,0.0904360627322648,42.0595671855908,0.0455292905187371,0.574815741899597
"HSD17B7",1.55198536083696,0.212981019905289,40.4759622018838,0.0670064804935274,0.764497288277013
"HSD17B8",1.50147105705194,0.141588370583559,42.9098840924599,0.0546295666733434,0.683910443610068
"HSDL1",3.74159897091301,0.527275222048931,15.5588992740614,0.120562553141813,0.843763037129746
"HSDL2",1.25122247447592,0.145183818373197,44.9637264809791,0.0558331787843781,0.727923793630928
"HSF1",2.42294613941993,0.0903969415507103,33.419594148189,0.0437601718920259,0.4180225281602
"HSP90AA1",1.59619461749582,0.00771242186453324,21.93067727827,0.0303763970385362,0.0363649005701571
"HSP90AB1",2.43799559260215,0.0103490736634353,20.4216709182724,0.03072511236676,0.0216937838965373
"HSP90B1",1.48792773776468,0.0155759588062985,24.9959688579754,0.031639369543414,0.109372827145042
"HSPA13",0.855395717340264,0.144521235794447,48.717816418413,0.0567601243317024,0.79606452510082
"HSPA1A",0.958358857348268,0.0171114543134299,34.5705678013741,0.0331231953982364,0.291892643582256
"HSPA1B",0.810484787837692,0.0326236558925972,43.9313361789073,0.0367403725451298,0.500625782227785
"HSPA4",2.69553639643075,0.140869826907227,32.7817523030875,0.0516067929668392,0.498748435544431
"HSPA5",1.33216551184302,0.0193245407294094,28.296666454168,0.0325391943233021,0.178556528994577
"HSPA8",3.02275830566304,0.0178155030310259,19.9143951948418,0.0316259193455077,0.032540675844806
"HSPA9",2.70385301594637,0.0935991637020546,30.7418527834961,0.0435973741229022,0.375330273953553
"HSPB1",1.20461574955889,0.0050706728781759,23.5084826711712,0.0301922618265805,0.0574329022389097
"HSPB11",3.39201031214996,0.164705954012453,29.3738427693182,0.0546669614774071,0.481643721318315
"HSPBAP1",0.825660624369732,0.330189017363799,37.9902601311479,0.0896453810050036,0.919413155333055
"HSPBP1",2.67317695314987,0.227026530337935,33.55345749701,0.067212256771402,0.664580725907384
"HSPD1",3.10567549739295,0.0528268803732127,25.3879924500021,0.0368481362288179,0.202753441802253
"HSPE1",2.60298583179053,0.0276224328633561,23.6199043572168,0.0332208752085678,0.117299402030316
"HSPH1",1.41395997317209,0.0803337720972826,41.1973408476361,0.043735257002517,0.540397719371437
"HTATIP2",1.02152886946834,0.0791644823049898,46.3458706634739,0.0446323999644182,0.634125990821861
"HTATSF1",2.55135037565833,0.173546121932867,34.3913731580634,0.057705198494936,0.586010290641079
"HTRA1",0.128776289120854,0.00221540419309824,56.1122317443728,0.0335806479155514,0.675427617855653
"HTRA2",5.49715261146913,0.382821270563696,17.4545697406069,0.0905030285760573,0.644277569183702
"HTT",1.16727485670418,0.100738878895175,45.0556737873269,0.0479746447368125,0.649492421081908
"HUS1",1.32375343029328,0.220459069660072,41.7761848088874,0.0689228638964988,0.801070782923098
"HUWE1",2.71050347894026,0.115137988731786,31.5601289524219,0.0470892940943999,0.429773327770825
"HYI",2.40168172266116,0.123403240425118,34.1159272164572,0.0490571626708136,0.490682797941872
"HYOU1",1.7619552768674,0.161221910934345,40.1511427075617,0.0572932225965693,0.668126825198164
"HYPK",4.22700053294814,0.54589359764659,13.5801047884731,0.123638176533724,0.838617716590182
"IAH1",4.45729407116083,0.167390822058472,23.183381613172,0.0531446934328524,0.378389653733834
"IARS",3.42101472285033,0.239746652400406,28.997252930694,0.0678033293163617,0.605687665136977
"IARS2",2.73636674812951,0.109298722854221,31.9032424163601,0.0463344920198869,0.425879571686831
"IBTK",3.59990797279301,0.262627862898956,27.4691456948368,0.0714346209950891,0.617716590182172
"ICA1",1.21033103056706,0.062127812856558,43.1509219490572,0.0412649156322384,0.543039910999861
"ICAM1",0.143563538841961,0.020333689747952,62.7996109973114,0.0374889883054764,0.839034904742039
"ICAM2",0.0484470487218032,0.00726865867648987,67.5482976160873,0.0358190263358032,0.907106104853289
"ICAM3",0.754605719371926,0.0849513177193666,50.5306582370768,0.0465122078370481,0.723195661243221
"ICE1",2.39869172548678,0.228921097147481,34.8801843526016,0.0680312269305819,0.691350298984842
"ICE2",4.11735914273566,0.342229193472084,23.3541992410593,0.0851932026926476,0.679321373939647
"ICK",2.21379260277556,0.22830657305112,35.5644503082514,0.068105008746217,0.702266722291754
"ICMT",2.41119433658384,0.234997183361993,34.3828976809015,0.0689538570323309,0.692740926157697
"ID2",0.592936834432758,0.0232078227028652,45.8523610067101,0.0355648888715947,0.518564872757614
"ID3",0.147874886229204,0.00235777920252286,53.876243728378,0.0333366278138816,0.632248644138506
"IDE",2.88679571554129,0.407281750916023,24.7418713020775,0.0993991051128199,0.810527047698512
"IDH1",0.903019822871756,0.0638475577509365,46.6500998061816,0.0421360886384003,0.611250173828397
"IDH2",1.58380843670198,0.0443790353868587,34.4496292034843,0.0369810380421599,0.346335697399527
"IDH3A",2.42287064251101,0.291503332855399,32.0896927051418,0.0789714189108307,0.747879293561396
"IDH3B",3.54788063330634,0.234600543131385,28.1331146470703,0.0664719906703612,0.5814907523293
"IDH3G",4.45344986045256,0.22845412591204,24.8717326822158,0.0643100717432631,0.515366430260047
"IDI1",1.29101971819098,0.115322587325234,43.9468109244435,0.0502109234920824,0.655402586566541
"IDS",0.759421560999903,0.0200463745132097,38.5884761801143,0.034034104828294,0.373383395911556
"IER2",0.602909490177978,0.0036979555851066,32.3388093449374,0.0310050165884189,0.219649561952441
"IER3",0.44298275801276,0.00821181774255382,43.1961264322278,0.032963410698559,0.437699902656098
"IER3IP1",3.73067953072518,0.268193179668351,27.1382893275552,0.0724258193102038,0.621679877624809
"IER5",0.542300376335845,0.0920664289610084,54.1606118434861,0.0485872644002088,0.804477819496593
"IFFO1",0.223595319024898,0.0532380680830713,61.0619735919794,0.043017153251063,0.865595883743568
"IFI16",0.26644745950867,0.0126726960935161,54.1484703350422,0.0350404020011882,0.657558058684467
"IFI27",0.173782744719052,0.00114445326391037,50.564823930522,0.0327637591087573,0.565637602558754
"IFI27L1",1.24799681686764,0.192269679468375,43.456415493314,0.0640858648723547,0.782853566958698
"IFI27L2",0.444122850025061,0.020430229466072,49.5566429329073,0.0356553884955477,0.584063412599082
"IFI35",1.06003200221731,0.0598741453785961,43.1311187545423,0.0407996024523301,0.537477402308441
"IFI44",0.293510018152466,0.039026019853025,58.5522599965935,0.0400877231688428,0.791614518147685
"IFI6",0.256997455913913,0.00252257070140518,44.9829744246516,0.0323119644156883,0.460158531497705
"IFITM1",0.361008976463203,0.0020056329451805,39.3220471305655,0.0315861358177997,0.349881796690307
"IFITM2",0.711193064010785,0.00524815806500093,30.4174524278195,0.0309716401102551,0.186413572521207
"IFITM3",0.581633017407065,0.00140688286571721,31.2953602327501,0.0305975317003596,0.194757335558337
"IFNAR1",3.40573270289388,0.214720345355598,28.7137312438442,0.0630274262938261,0.557085245445696
"IFNAR2",0.395317119661076,0.0826927939983694,56.7413869634419,0.0474604371471509,0.836392713113614
"IFNGR1",0.566844847945995,0.0441286842939427,50.7053592843741,0.0396201541216187,0.650952579613406
"IFNGR2",1.06072974405668,0.048926740538602,42.3759475263608,0.038987235157943,0.50278125434571
"IFRD1",1.15280687234636,0.132737940275411,45.4601099189108,0.0536722131769834,0.714643304130163
"IFRD2",5.15067438180251,0.2807262092996,22.1150830044662,0.0729321733557456,0.557224308162982
"IFT20",5.57162959468612,0.273650850570124,20.0134274828617,0.070613202170016,0.509178139340843
"IFT22",3.47616216312581,0.200649993502674,30.1838852482161,0.0613084147238617,0.560075093867334
"IFT27",4.78701064180168,0.343166634542421,21.0019556581261,0.0842729662035284,0.640383813099708
"IFT43",5.04817149646876,0.255606427109446,22.1557279033284,0.0681659757156498,0.515088304825476
"IFT52",4.19084224380061,0.333670090775144,23.0879540954244,0.083286268212187,0.660408844388819
"IFT57",2.20288328353119,0.211764359392284,36.1087446918186,0.0652001806950401,0.683493255458212
"IFT74",1.7196910183343,0.30915568607592,34.9857297543235,0.0838891987082367,0.829578639966625
"IGBP1",1.98361447774209,0.0742409999886346,34.0825200388134,0.0412892709311118,0.397788902795161
"IGF2R",1.73135264017491,0.177554029376194,39.7816693208286,0.0600914711823725,0.689959671811987
"IGFBP4",0.411203517032236,0.00253086334026274,36.2088966361155,0.0312775701097236,0.290780141843972
"IGFBP7",0.138709620663733,0.000996584606007347,53.6496158303085,0.0330971888221024,0.625225976915589
"IGHMBP2",2.06460311883786,0.460074135381578,23.9821093655681,0.110431243313934,0.884091225142539
"IGSF8",1.83344937419167,0.0878780558159665,37.7436071941788,0.0442427220471909,0.491239048811014
"IK",4.20013706655075,0.177400900280294,24.5364736587403,0.0551888194815313,0.41927409261577
"IKBIP",0.429026502023451,0.0454823852394315,54.7371529146654,0.0405439745297292,0.730426922542066
"IKBKB",0.688085144523732,0.0323079578687087,45.9604402444932,0.0369813294940889,0.538311778612154
"IKBKG",2.84893926405712,0.337305049019169,28.2030529668785,0.0864470227068437,0.755805868446669
"IKZF5",3.74489620346297,0.47752061589813,18.4165860565989,0.111169695426951,0.813655958837436
"IL10RB",1.31945951132703,0.230980012373298,41.1657421149472,0.0707277796418646,0.808023918787373
"IL13RA1",1.58302933476481,0.112966397319038,41.0781353589031,0.0491061944061393,0.598386872479488
"IL15",0.23155231711814,0.160101328415604,55.2788114475712,0.0617079766286619,0.945904602975942
"IL17RA",0.709536421738354,0.126514320078304,50.8659190772622,0.0540237795572253,0.804130162703379
"IL1RAP",0.34863331678616,0.214043556641991,49.9737941979733,0.0706718048340334,0.940759282436379
"IL27RA",0.309204492821198,0.0736293193799036,58.7985929823835,0.0462601285089705,0.859198998748436
"IL32",0.124105313456752,0.0026046647841061,56.8651775395509,0.0337317118949334,0.6907940481157
"IL4R",0.443992633422209,0.0862580715637465,55.7137041432266,0.0478763987493607,0.823320817688778
"IL6R",0.244464711300287,0.0965159580871613,59.3048453081117,0.0505915159420732,0.909748296481713
"IL6ST",1.34076760531985,0.0263961703308138,31.9741359977119,0.0340342661351397,0.26289806702823
"ILF2",2.97883020623476,0.0738570393217682,26.9223187269276,0.039886413237392,0.269364483382005
"ILF3",8.15523915324037,0.22425875371279,12.2854956816133,0.059290157780328,0.301348908357669
"ILK",1.19091930246352,0.0424376556279934,36.9059767023925,0.0369887724983395,0.386594354053678
"ILKAP",5.68509688910484,0.417893166114297,15.991435097618,0.0970552976575302,0.675844806007509
"ILVBL",2.11796250364394,0.180459189504906,37.2072127631227,0.0598246230887166,0.648658044778195
"IMMP1L",1.13749176661122,0.0909371668597887,45.1132813076943,0.0463263349263394,0.632665832290363
"IMMP2L",2.16787855946897,0.291289091573153,33.9038478348608,0.0798236951903651,0.780141843971631
"IMMT",3.35594925577624,0.232829672702867,29.2835517390777,0.0666094236138553,0.598734529272702
"IMP3",5.68665026901001,0.168457731144952,19.1413723523291,0.0523177068805181,0.314212209706578
"IMP4",7.00077567569951,0.301239494339138,15.9382458206522,0.0742624391069792,0.488179669030733
"IMPA1",2.29674590201753,0.423461475257225,25.6671596531541,0.10335537179934,0.853636490057016
"IMPACT",2.63995878499737,0.257324320396259,32.5828356358041,0.0725391869345867,0.698929217076902
"IMPAD1",2.29970203453741,0.190156749062132,36.0355642814255,0.06121954275496,0.644694757335558
"IMPDH1",3.14523984022576,0.210444217545901,31.4962897531064,0.0634580338885962,0.599777499652343
"IMPDH2",1.76142170807785,0.0305654890428057,29.8347840055901,0.0343713514510191,0.23355583368099
"INAFM1",0.424862608094494,0.0429732929318063,54.745736730401,0.0401256332517659,0.725976915588931
"INF2",1.17826754314365,0.101519972635881,44.8687089611868,0.0480584214423405,0.647406480322625
"ING1",1.20179921417916,0.230448468251303,42.2483878147571,0.0710681970264824,0.826936448338201
"ING2",2.76763740298465,0.409914149319534,25.3017422460801,0.100346846560593,0.824850507578918
"ING3",1.85447254923921,0.410661775273628,27.9705414200899,0.101810931524286,0.873591989987484
"ING4",4.2912510542333,0.334315821834128,22.9666505898296,0.0834226361114884,0.659574468085106
"ING5",4.36597660175426,0.446259141135561,18.3575491525649,0.104328585114145,0.762063690724517
"INIP",3.69948542460805,0.352123822271893,24.7718437805338,0.08794442725276,0.720414406897511
"INO80",3.49629411468063,0.441567651169717,21.1230831632181,0.104863526637417,0.80287859824781
"INO80C",2.38974924252012,0.358857466823012,29.1919226076983,0.0914321057782294,0.809275483242943
"INO80D",2.56450326883537,0.353208552579609,28.7278286423257,0.0900112341773827,0.791614518147685
"INO80E",7.29166616350823,0.288056733211076,14.8181960915495,0.0712792590693179,0.447781949659296
"INPP1",0.39471332704512,0.101417320004754,56.2704016225913,0.0507758575660791,0.861006814073147
"INPP4A",1.22967781010218,0.277144360554216,39.3178783657924,0.0792188436729164,0.85349742733973
"INPP5F",0.550326851001711,0.137623048917209,52.6044770669253,0.0565815574073835,0.856348213044083
"INPP5K",1.86278004542469,0.226827608547672,37.6259383944696,0.0685717020014361,0.736684744819914
"INPPL1",2.88620354013359,0.283385488686711,30.349626773736,0.0766500008141063,0.70344875538868
"INSIG1",0.485141290857907,0.0513167148412595,54.0992723378799,0.0414334503240637,0.729105826727854
"INSIG2",1.39240496634984,0.184724742405522,42.4490196569546,0.0623110544714626,0.751216798776248
"INTS1",1.53004294320593,0.145983712506092,42.0524808627138,0.0551119676800968,0.675705743290224
"INTS10",2.70607748533814,0.204651585749422,32.5864862503356,0.0625674980920147,0.607843137254902
"INTS12",4.99193656467731,0.406710291188433,18.276045096969,0.095897291609833,0.696912807676262
"INTS3",2.38607778457824,0.177259971924333,35.2102171538728,0.0585864636052603,0.607008760951189
"INTS4",6.49111980445882,0.695906503998565,1.60645806210259,0.151031630242912,0.86260603532193
"INTS5",6.23712662897145,0.664812589700864,3.67646698188312,0.145018350986052,0.850924767069949
"INTS6",1.2335375266144,0.132992543163454,44.886832362673,0.053584249448117,0.704630788485607
"INTS7",1.53777256776505,0.305110742201415,36.0998392172503,0.0835536050205677,0.842789598108747
"INTS8",4.45414241635325,0.406141779118141,20.102004177111,0.0967959477353679,0.727576136837714
"IP6K1",4.97782401562644,0.451737532441247,16.5060275569704,0.104495402318693,0.738770685579196
"IP6K2",3.50390658535883,0.126923455628853,28.2283679240631,0.0482562930460431,0.39396467806981
"IPMK",1.46642066571853,0.405047682581289,29.7526617569545,0.101540520198711,0.89625921290502
"IPO11",0.550844411057778,0.127099115185171,53.0340720881517,0.0547245055255063,0.845779446530385
"IPO13",4.01010201713086,0.511654443748373,15.7422728845496,0.117132140436938,0.821721596439994
"IPO5",5.10002759867983,0.345835259042959,20.3072008047241,0.0845885576880554,0.633222083159505
"IPO7",5.30521276032335,0.25314172867964,21.2810774925171,0.0674017488359487,0.496245306633292
"IPO8",2.43659146389296,0.329833995039258,30.343116157095,0.0859407768145847,0.781254345709915
"IPO9",2.62321472376014,0.214563841082668,33.5144729245683,0.064793078569997,0.641983034348491
"IQCB1",3.80499109912599,0.480400237197036,18.0886178425731,0.111610633371535,0.812543457099152
"IQCE",3.32403612507259,0.346744755859381,26.5817509180317,0.0877621532821799,0.743290223890975
"IQCG",2.83275256498725,0.411743080290101,24.6649657282901,0.100310971216036,0.816506744541788
"IQGAP1",2.48113998616694,0.0700955006162973,28.1347107417247,0.0394195620059892,0.281184814351272
"IQGAP2",0.319984836264337,0.044387973710021,58.1399969225977,0.0409489935271518,0.793561396189682
"IQSEC1",1.22636919933629,0.169269513478441,44.210387711232,0.0599841572095624,0.756362119315811
"IRAK1",1.67834434563181,0.185008409269746,40.569167180335,0.0617853854378263,0.717633152551801
"IRAK4",4.0482088522627,0.38228502991551,21.9325305701885,0.0926355536514863,0.720275344180225
"IREB2",2.3870141584051,0.26782123239488,33.3190315594853,0.0748381213383648,0.729731608955639
"IRF1",0.39469767850612,0.0206137564374144,51.1812680184893,0.0359059714820837,0.615561118064247
"IRF2",2.44783820713,0.185982975857004,34.4442322546143,0.0598519388513699,0.608399388124044
"IRF2BP2",2.17387039585232,0.0823769765093058,33.6060671794388,0.0424623359000394,0.405089695452649
"IRF2BPL",2.20131043015385,0.138155144276142,36.2458544596659,0.0521008843567299,0.555972743707412
"IRF3",4.39543882386621,0.313124294939244,23.4305059535737,0.0795096878448687,0.632735363649006
"IRF7",0.900225530781022,0.0402592738751698,42.4638726593313,0.0376228385460976,0.487206230009734
"IRS2",0.456766024312405,0.0757837944280113,55.724322685387,0.0460117035768189,0.804686413572521
"ISCA1",6.83762365494503,0.339879441182518,15.5396623288038,0.0813348724956834,0.543874287303574
"ISCA2",7.45320039805531,0.367692427933312,13.5344769746846,0.0859112486131533,0.555555555555556
"ISCU",3.20975643214506,0.0673702224605948,23.2430922093805,0.0381509190041262,0.189959671811987
"ISG15",0.270767028657211,0.00460731097103731,46.7859303054923,0.0328408772029306,0.499304686413573
"ISG20",0.26915090442762,0.0162541014870038,55.2052239523511,0.0357578398580631,0.684744819913781
"ISG20L2",3.1792102427356,0.205999153888397,30.9656619150384,0.062409768465036,0.582394659991656
"ISOC1",0.836765550509631,0.100732995082275,49.7226233279084,0.0491038795494313,0.736684744819914
"ISOC2",3.20392039470604,0.146453485745653,30.2668731080836,0.0519053316126693,0.46481713252677
"IST1",5.20425113678048,0.329139259902106,19.4325122924318,0.080645441934819,0.590182172159644
"ISY1",2.9175692657088,0.545207920098852,16.0507885230621,0.124825087915468,0.882005284383257
"ISYNA1",0.676079755712683,0.0381058240577979,47.9215491045685,0.0382147863291984,0.586844666944792
"ITCH",2.93103111842549,0.295356194517561,29.4301092219493,0.0785491707353568,0.707203448755389
"ITFG1",2.64420263534914,0.201601022123676,33.0245436492513,0.0621729002707527,0.610346266166041
"ITFG2",3.71241453986009,0.352185738535195,24.2510779249371,0.0875872019600555,0.711166736198025
"ITGA1",0.0985823303107374,0.0106685261348927,63.9778814352603,0.0359683765780775,0.844041162564316
"ITGA6",0.213616056464272,0.0191423807476314,59.0045010731934,0.0367592994038713,0.763523849256014
"ITGAE",1.83722585722528,0.144612529182007,39.1584403935962,0.0540184582585427,0.620289250451954
"ITGAV",0.573729441429998,0.0295178592164589,47.5483853730744,0.036769516744445,0.56299541093033
"ITGB1",0.781553334113427,0.00827823862078144,29.4456840083633,0.0312055292420454,0.174106522041441
"ITGB1BP1",1.73620660229517,0.0843041246676745,36.6924076172251,0.0433216371966572,0.464052287581699
"ITGB2",0.0817174899871991,0.00560389361092005,63.8983562529748,0.035083215653989,0.833124739257405
"ITGB3BP",2.24152479202818,0.253916949148749,34.7535568203831,0.0727354047180128,0.731748018356279
"ITM2A",0.0650217608565445,0.00529777362827777,65.3698133288539,0.0352071829992482,0.861145876790433
"ITM2B",1.2093151681352,0.00691785480063022,22.9795812494229,0.030302284530308,0.0508274231678487
"ITM2C",0.169984968834615,0.00879338060918699,57.7605724560387,0.0348622601451111,0.719997218745654
"ITPA",3.84150475573126,0.222496780407017,27.1420740906054,0.0639660584698504,0.543735224586288
"ITPK1",1.68783217081051,0.205795300001776,39.961039782471,0.0654801278305485,0.742803504380476
"ITPR1",0.573175594505989,0.0722263852393424,53.1510739640217,0.0448437364057323,0.749408983451537
"ITPR2",0.484243798875217,0.0344730806053958,52.1172026211238,0.0382928508325311,0.65992212487832
"ITPRIPL2",0.717884325541153,0.0744494724543102,50.7913531169499,0.0447537560531094,0.708941732721457
"ITSN1",0.936474263844499,0.151128161129268,47.5582900242928,0.0576395507720789,0.78619107217355
"ITSN2",1.82494493018479,0.157852708924158,38.9543882279253,0.0562528350371885,0.639966624947852
"IVD",3.29285870212511,0.254067865822417,29.6528305875761,0.0707951770268768,0.641843971631206
"IVNS1ABP",0.879016519733209,0.0720988780568149,47.3649596369204,0.0436241169404117,0.639897093589209
"IWS1",3.83439088705048,0.339387508485767,24.3668426910164,0.0850709757492381,0.692115143929912
"JADE1",1.37149886386426,0.228995053781178,41.0854437744682,0.0703346937838282,0.803226255041024
"JADE2",2.292932882198,0.331709055252014,31.0118039147925,0.0866707165596939,0.796342650535391
"JAG1",0.114386651498653,0.0109469420181314,62.821965857772,0.0358685016596037,0.822138784591851
"JAGN1",8.97504901533262,0.376369485963128,9.50033114951044,0.0856819079472607,0.50354609929078
"JAK1",2.06287911560344,0.0724024799226202,32.6851055891139,0.0407022791398324,0.368446669447921
"JARID2",0.910458938251296,0.15311648080885,48.108582587644,0.0582051033509001,0.800027812543457
"JAZF1",0.568644049989516,0.115491888960917,53.0092209127313,0.0525540023280841,0.82464191350299
"JKAMP",4.2312196236679,0.270561086590791,24.5164194346742,0.0717153748481661,0.579891531080517
"JMJD1C",1.59960364990536,0.0804408607609959,38.1078387580047,0.0430371241193603,0.482964817132527
"JMJD4",3.04699134818311,0.359695343443867,26.8212876671506,0.0904924158377987,0.768808232512863
"JMJD6",2.00265143876004,0.269320952620524,35.164944454068,0.0758727654402157,0.76519260186344
"JMJD8",3.39069820749815,0.360862685697657,25.7316895527573,0.0902585913250089,0.751703518286747
"JMY",1.73989355595077,0.321666861058818,34.160959445314,0.086087709496963,0.835836462244472
"JOSD1",2.21269618498108,0.307676101528789,32.5913125133859,0.0824895070901731,0.784174662772911
"JOSD2",5.14655477682855,0.21437023020678,21.5190923159087,0.0605736063241242,0.433597552496176
"JPX",5.2258580697158,0.24134853402298,21.383056455514,0.0652724414025619,0.477680433875678
"JTB",5.7680302502225,0.0653700816179111,16.4752250700335,0.0372895533492265,0.0835071617299402
"JUN",0.540592012897472,0.00221543047951563,31.7194890437227,0.0307231929935059,0.204144068975108
"JUNB",0.681290021860911,0.00254466912897632,28.380455387595,0.0303843127682977,0.141357252120706
"JUND",1.14133792208812,0.0408531233526464,39.0801967873239,0.0371880027990699,0.425045195383118
"KANSL1",2.30591469945308,0.156938302169004,35.3310234958463,0.0550125931044817,0.5728688638576
"KANSL1-AS1",1.10514460046704,0.185585610512983,45.0546302075475,0.0633680684120626,0.800584063412599
"KANSL2",3.29180890695072,0.418142031420296,22.8057495659339,0.100679588628201,0.794187178417466
"KANSL3",2.67198080362732,0.312556779985589,30.3134895164751,0.0824582654188977,0.751912112362676
"KARS",4.48047416699093,0.372599076488715,21.1962367301663,0.090352514581211,0.691906549853984
"KAT2A",2.24237480575728,0.252902333290022,34.8973095748889,0.072614540601589,0.732651926018634
"KAT5",5.00998267450148,0.461106543695476,15.9888324963615,0.106219743307918,0.744819913781115
"KAT6A",0.891325986578775,0.0600990014637889,46.3419868190235,0.0414592046002243,0.598386872479488
"KAT6B",0.62777972297819,0.0205892821588405,43.2940656847904,0.0347942469758706,0.464399944374913
"KAT7",0.552588718047701,0.0546373104553278,52.6929707064219,0.0417396464767154,0.708455013210958
"KAT8",1.70673804856025,0.137580376065432,40.543873966006,0.0532123852674541,0.633152551800862
"KATNA1",4.12417787265644,0.495566916936448,16.300919364665,0.113865202740181,0.805590321234877
"KATNAL1",0.699389606241933,0.225490451344462,46.1951778974199,0.0715656928463358,0.8906967042136
"KATNB1",12.4151357185195,0.824276514740852,8.0451748576934,0.177798504522171,0.871019329717703
"KATNBL1",4.80987193871871,0.320036940914024,21.0000933698552,0.0795863750200864,0.601863440411626
"KBTBD2",1.69652085411991,0.255432326872679,37.6644687184552,0.0741750761139004,0.786538728966764
"KBTBD3",2.30341092467886,0.459816825773739,23.2961126099683,0.109988439130305,0.871366986510916
"KBTBD4",2.18347006515263,0.333689477042558,31.3648416758864,0.0872409748885525,0.805937978028091
"KBTBD7",1.59740590968143,0.302247207381272,35.9254486505802,0.0828811678272562,0.834793491864831
"KCMF1",3.83998295958802,0.436805491655672,20.485684113208,0.103520922469369,0.783966068696982
"KCNAB2",0.216794963423144,0.0674582688627107,61.0770747852346,0.045596539008032,0.891531080517313
"KCNQ1OT1",0.513380408996342,0.0421462881450216,52.1146289452188,0.0395419375773523,0.674176053400083
"KCTD10",0.823830153887738,0.109730947139156,49.4894128183353,0.050615812451991,0.748366013071895
"KCTD13",5.63448369678976,0.480695165667212,14.0034778651225,0.109495426733402,0.741830065359477
"KCTD18",3.91797229483133,0.49854309195575,16.6472373458137,0.114729761418986,0.816506744541788
"KCTD20",2.70894843386285,0.210449686499909,32.9471386710033,0.0638156925080259,0.624669726046447
"KCTD5",4.02987500858819,0.545724525339862,13.8851700337668,0.12373528027891,0.843832568488388
"KCTD6",1.23203087364135,0.2081798142819,43.1938648380361,0.0670803263445146,0.805798915310805
"KCTD9",1.21472591308189,0.262177058597405,40.2683350180612,0.0765836298959277,0.845223195661243
"KDELC2",0.249756394168717,0.052916493589619,60.3006788035505,0.042821860490284,0.850438047559449
"KDELR1",5.9792193657791,0.0880570931138127,15.8149817356087,0.039938410298909,0.113892365456821
"KDELR2",1.90933579289456,0.0368980528561355,28.8515603437283,0.0350246300435508,0.22799332498957
"KDM1A",2.87807126606157,0.285365637269746,30.3294606840906,0.0770316904899532,0.706438603810318
"KDM2A",2.60186320026754,0.194410332189437,34.1139458125931,0.0613531448421957,0.617786121540815
"KDM2B",1.79914167307971,0.303904723513817,34.7503410595607,0.0826828809767211,0.816437213183146
"KDM3A",2.07487641861524,0.314895607331477,32.8695361865805,0.0840840836343417,0.801279376999027
"KDM3B",4.08088203401079,0.407463432454284,20.9697049225872,0.0974661757555529,0.74468085106383
"KDM4B",1.01750262227616,0.0578757246081698,44.7291699575703,0.0408356820796829,0.564177444027256
"KDM4C",2.71518670989214,0.403403019760518,25.3764522663924,0.0988610108462882,0.815324711444862
"KDM5A",3.91838632101004,0.201867889454565,26.5249239605486,0.0600560397336438,0.497010151578362
"KDM5B",2.39498649330652,0.0940765789586766,32.9259237829057,0.0441338446352214,0.415171742455848
"KDM5C",2.69127586727347,0.211127591490594,33.0864088998729,0.0639960141164231,0.628354888054513
"KDM6B",1.32804772265192,0.135442048924485,43.844792596032,0.0537269416141333,0.689751077736059
"KDM7A",0.838957831476193,0.182703069351898,47.4652770278603,0.0636069175629444,0.839938812404394
"KDSR",1.82660801838196,0.129547677359717,38.8981512504562,0.0513318608044714,0.588374356834933
"KEAP1",4.03825639500749,0.254017098758445,25.9526264411246,0.0692766650230721,0.577040745376165
"KHDRBS1",5.68116069812986,0.14180472900572,19.2779250130695,0.0483737491853932,0.270198859685718
"KHNYN",3.66977445050103,0.37995036668327,23.7597898193862,0.093201704590523,0.748505075789181
"KHSRP",4.63351017967947,0.31188063052405,22.771869289086,0.0790192453409498,0.619524405506884
"KIAA0040",0.992797621346778,0.0702443099403315,46.4745440071557,0.0431918477641909,0.620150187734668
"KIAA0100",2.73914926485782,0.19080433244561,33.884149011871,0.0607091233861864,0.607843137254902
"KIAA0232",2.39412372809838,0.228836442833912,34.9003227039282,0.0680213801830938,0.69155889306077
"KIAA0319L",2.27352897637137,0.147005249419977,36.1199283245356,0.0536057063068597,0.569809484077319
"KIAA0355",0.45854021232438,0.0868724803241476,55.4929249147813,0.0479411000249343,0.820261437908497
"KIAA0930",0.550095184079108,0.0501583160989457,52.0041748789453,0.0408497986352807,0.686969823390349
"KIAA1109",1.9201274784759,0.153676982489769,37.9880484495368,0.0552065578407382,0.614865804477819
"KIAA1143",7.90510068566591,0.485787379559587,8.80357285727088,0.107666428154814,0.661382283409818
"KIAA1191",7.41993981909953,0.377184652134833,12.9618063376685,0.0873702751375831,0.560700876095119
"KIAA1586",1.66761669804045,0.366880042759754,31.5117119884497,0.0942447059246156,0.864066193853428
"KIAA2013",1.79767807043017,0.237368263063853,37.7697184533829,0.0706747524353822,0.757474621054095
"KIAA2026",2.88112186398991,0.295168159451568,29.7904920985377,0.0786952375575021,0.713322208315951
"KIDINS220",1.76659589440864,0.139027359753463,39.1213707140925,0.0529785055719425,0.609233764427757
"KIF13B",0.823610269295403,0.0744347142287861,49.1586456760672,0.0444230365762607,0.678208872201363
"KIF16B",1.02540828166162,0.0958633914491747,46.9315098515242,0.0475916806517069,0.675636211931581
"KIF1B",1.36508225281352,0.164176409679192,43.1443777565408,0.0587140924753858,0.727854262272285
"KIF1C",1.61122573459182,0.166740977136829,41.1221231908069,0.0585681357007921,0.695452649144764
"KIF20B",0.266835918325676,0.0702873277286257,59.8838887692146,0.0458769633409859,0.873870115422055
"KIF21A",1.14356716911817,0.209331054423691,44.0561467063988,0.0676419635587056,0.823668474481991
"KIF22",1.14936912854901,0.0610017341159187,43.6833550903389,0.0411731131029897,0.550757891809206
"KIF2A",2.70708201460982,0.247012334008038,32.2406132139559,0.0703790296912925,0.675079961062439
"KIF3B",3.18909978096799,0.251597774749173,30.5611472098356,0.0707484568465537,0.653872896676401
"KIF5B",4.1704311082267,0.0883756199177899,21.5516465236916,0.0408807933111862,0.205047976637463
"KIF9",2.59295902721947,0.166292649640746,35.5501353319457,0.0569723428299308,0.595049367264636
"KIFAP3",1.39543173559248,0.106613687350958,41.9201921739981,0.048168216633358,0.601793909052983
"KIFC3",0.189273196772569,0.0471195353296088,62.1617081471472,0.0421166112760296,0.875608399388124
"KIN",7.56985834939165,0.570163165878728,6.10621964747186,0.124631987382608,0.745654290084828
"KIZ",2.35657232296125,0.366342666658332,28.7566973537849,0.0927475025327363,0.813934084272007
"KLC1",1.79711798978383,0.177940432828381,39.069098445304,0.0599077659670567,0.677583089973578
"KLC2",3.77023400510917,0.410735911779199,21.9250214437398,0.0987046899663537,0.766722291753581
"KLC4",3.30606405639077,0.516449749979713,17.091177103188,0.11899568501903,0.85349742733973
"KLF10",0.619820875546297,0.0399309308223664,48.8762014240806,0.0386376970996957,0.608260325406758
"KLF13",0.650578816824239,0.0823504881994334,51.7528075811096,0.0463012296527539,0.741343345848978
"KLF2",0.403527310597585,0.0231533356249346,52.2154495487137,0.0364714627121517,0.640383813099708
"KLF3",1.60849403867759,0.144822638588718,41.264062091409,0.0546706840527804,0.65915727993325
"KLF4",0.292331381665528,0.0229319021475234,56.7299112128443,0.0370851867948042,0.726811291892644
"KLF6",0.821488448269222,0.0121543875184823,33.6144301335245,0.0322931504113385,0.262689472952301
"KLF7",0.742152507504612,0.135331174878129,50.2027633002225,0.0554694388590523,0.807398136559588
"KLF9",0.918240276661732,0.144702946620106,48.0336511252696,0.0565968193291622,0.783687943262411
"KLHDC10",4.56922670517721,0.432559583359128,18.6210288007357,0.101599905738457,0.744611319705187
"KLHDC2",2.05957016836528,0.120973994613236,37.1765171467996,0.0494834387051952,0.541857877902934
"KLHDC3",6.83157979551641,0.312151238066473,15.5832830795688,0.075952674851907,0.499165623696287
"KLHDC4",3.72592594237541,0.556398697982332,13.7956239220325,0.126068421473579,0.859616186900292
"KLHL12",2.87548225102201,0.337637178685318,28.3339539525018,0.086635350777538,0.758795716868308
"KLHL18",2.13703347200451,0.357377982996,30.2947519325586,0.0916657365567629,0.826449728827701
"KLHL2",0.902416077074922,0.331006748760653,37.5355932756207,0.0896016878713477,0.912529550827423
"KLHL20",1.96098583492367,0.287734937648256,34.4974540877268,0.0792498264994527,0.784452788207482
"KLHL21",1.60718016940901,0.293414695547556,36.4144359640903,0.0813009427652259,0.828674732304269
"KLHL22",2.89718624835485,0.480982728394331,20.2198313864615,0.11288990523634,0.851272423863162
"KLHL24",1.51921804101373,0.153451556296122,41.9733462457772,0.0564130308476658,0.687456542900848
"KLHL28",3.08857931754565,0.387445526902738,24.8280495332978,0.0951619342058698,0.779307467667918
"KLHL36",4.14380616666903,0.454461446537935,18.5786413113041,0.106228085798539,0.779168404950633
"KLHL42",1.48780394584787,0.194910141638032,41.4394820859461,0.063892971221637,0.750591016548463
"KLHL5",0.631025253129215,0.144178036538647,51.3634333517441,0.0574663488150202,0.844736476150744
"KLHL7",1.60814065359141,0.265117256448013,37.7233218583881,0.0761215750315658,0.804130162703379
"KLHL8",1.18093853840201,0.326630107965552,36.5203018963221,0.0882140800609152,0.886733416770964
"KLHL9",3.59521593228358,0.301798869771411,26.2429120976158,0.0783953168786665,0.662077596996245
"KMT2A",2.55862510689884,0.14690608713524,33.3162522752851,0.0527041216447499,0.518703935474899
"KMT2B",3.56881747313463,0.447870646706315,20.5283184249641,0.105886099551828,0.802670004171882
"KMT2C",3.18509897108751,0.132809365081976,29.1699952999809,0.049291699547279,0.419899874843554
"KMT2D",1.86235167907306,0.209223077796008,38.4929909775047,0.0655867141684369,0.722083159504937
"KMT2E",3.48335439026661,0.0910251758014971,24.2732186948084,0.041695885932701,0.255041023501599
"KMT2E-AS1",1.247739805959,0.271466943744824,39.7208162011366,0.0782652013308772,0.85120289250452
"KMT5A",1.46354096267261,0.319338474855531,35.5929898418638,0.0862588775218088,0.857669308858295
"KMT5B",3.21924418593112,0.234889696954454,29.9494669294732,0.0672412587973354,0.613961896815464
"KMT5C",1.868590672847,0.346624481868173,32.2453453058881,0.090407226330908,0.843415380336532
"KNOP1",3.2621878852628,0.19502999696329,30.8203057351071,0.0604415757362339,0.56097900152969
"KNSTRN",0.248857282196167,0.0991245983861386,59.0750450327348,0.0510257499940943,0.910026421916284
"KPNA1",5.48178008153221,0.393769056049969,17.4519230539981,0.0928326127940932,0.662077596996245
"KPNA2",0.372469161040197,0.0401406857823789,55.9723612620468,0.039850212772123,0.744194131553331
"KPNA3",3.46497697223111,0.327518479308011,26.3437150149838,0.0836394804458964,0.70699485467946
"KPNA4",3.49569651531819,0.255820931991044,28.1593740239566,0.0704426481474038,0.618272841051314
"KPNA6",3.21982811074564,0.209604871913586,30.1072417883971,0.0626628383700146,0.573007926574885
"KPNB1",3.46286890922991,0.0881137723034927,24.6826121569526,0.0414203139246723,0.257266026978167
"KRAS",3.58932336511298,0.187469902684872,28.7056820397156,0.0583705868017051,0.510360172437769
"KRBOX4",3.1483816288,0.473494445533913,19.9904019419274,0.111101916491362,0.834932554582117
"KRCC1",3.15501317761515,0.156958490038028,30.3538416749748,0.0536202287494955,0.484772632457238
"KRI1",2.84914128016515,0.341238305559818,28.2474776362689,0.0873256873563183,0.763245723821444
"KRIT1",4.10628254986332,0.293278507875338,24.6937346865074,0.0761336079351269,0.62119315811431
"KRR1",3.55208977574121,0.237767763310273,28.6605181212479,0.06735753226968,0.59664858851342
"KRT10",1.88280200823475,0.0412936231846254,30.7370728500216,0.0359572306521048,0.272076206369072
"KRT18",0.4675096295289,0.00248656768884105,39.039502974021,0.0316736760722978,0.346266166040884
"KRT8",0.428612075434525,0.00254125358684981,39.1201927836205,0.0316677030067839,0.347587261855097
"KRTCAP2",4.83447440596526,0.0518357317697229,17.3507739813639,0.0355190659363903,0.0661243220692532
"KTI12",4.48379517024592,0.724865446888641,1.72175158307703,0.157628507372666,0.914337366152135
"KTN1",3.63418907169182,0.0644975568688328,23.0971665051118,0.0379866379988143,0.185787790293422
"KXD1",5.15590017222908,0.196619684683981,21.6105668368136,0.057642357088585,0.404742038659435
"L3HYPDH",1.13927427924692,0.272206146871311,40.1600623857751,0.0785716957537538,0.860381031845362
"L3MBTL2",3.43155947795483,0.507276609315149,17.3298067605351,0.117077172594128,0.842789598108747
"LACTB",0.72414706016274,0.172936945189591,49.0296627331063,0.0622349260275504,0.851828674732304
"LACTB2",1.73509026128722,0.264478333167037,37.40021663599,0.0759247792690338,0.797385620915033
"LAGE3",1.74905998111044,0.0347083164422645,31.7625388410738,0.0352618913910529,0.278194965929634
"LAMC1",0.357243772303264,0.0205392532618643,52.6246472002901,0.0360962385313663,0.643165067445418
"LAMP1",2.38684401221103,0.0661017721906568,29.3999326566221,0.0391687138813329,0.297037964121819
"LAMP2",2.12115275268853,0.0874419678412263,33.7289190391753,0.0432024630461095,0.416284244194132
"LAMTOR1",9.06810685710298,0.162384650848888,10.2255556929461,0.0493339578408968,0.16701432345988
"LAMTOR2",4.58444660310107,0.0804071316309647,21.8914856686547,0.0401917469581131,0.200597969684328
"LAMTOR3",7.95130173360252,0.310297511369114,12.3798144092154,0.074239854162413,0.443957724933945
"LAMTOR4",8.81255727380521,0.124063856789652,10.6920464815061,0.0441317459064969,0.108260325406758
"LAMTOR5",119.874077589208,0.758260695994611,48.1290069679107,0.159954273993717,0.208802670004172
"LANCL1",2.59571397435095,0.282645926209387,31.6994184385516,0.0770669544842192,0.726046446947573
"LAP3",0.834588166680028,0.034539379190934,42.7029223589306,0.0368006116245993,0.480670282297316
"LAPTM4A",1.25445205368408,0.0125478295080934,25.9204253945062,0.0313588029141365,0.118968154637742
"LAPTM4B",0.562167641173269,0.0422089946053467,51.8046561238529,0.0395314704337394,0.668613544708664
"LAPTM5",0.0573862964229356,0.00242499728523466,64.7322473301437,0.0346303089357803,0.843415380336532
"LARP1",2.61462231504197,0.121754380674573,33.3945481969137,0.0486990890573057,0.475524961757753
"LARP1B",2.44183389135023,0.320663792924442,31.1994003981916,0.0845573869209861,0.781323877068558
"LARP4",3.42660959028032,0.270108044195143,28.6304129279911,0.0734345873339784,0.651091642330691
"LARP4B",3.28659386032409,0.319932946254868,27.5763645593652,0.0827361364653735,0.71610346266166
"LARP7",4.17902483430482,0.256199618246177,24.8575062457054,0.0691608795943482,0.561396189681546
"LARS",4.80454247672671,0.228687560136245,23.657832135677,0.0639660068670123,0.495341398970936
"LAS1L",2.10190293207932,0.252710764210067,35.6057097179145,0.0728452060169231,0.744958976498401
"LASP1",1.4647881594695,0.0345139689091219,31.8753073467416,0.0350945540573358,0.277430120984564
"LATS1",2.13175328730265,0.243886340262081,35.3697640179646,0.0709792994284645,0.725420664719789
"LATS2",0.328318025933817,0.0676092554493997,58.3036066328883,0.0450690369195991,0.838895842024753
"LBR",0.550527461829019,0.0906961868572801,53.7828336662968,0.0482413573595596,0.794812960645251
"LCMT1",5.98295491098558,0.308307525143069,18.9483781675915,0.0768487118951156,0.549575858712279
"LCOR",2.19889506933593,0.22184426101978,36.0089818264013,0.0670739638061287,0.699207342511473
"LCORL",1.72839852316196,0.325355712594074,33.993604622142,0.086772559408316,0.839034904742039
"LCP1",0.137957206003599,0.0113089050477481,61.4232512630815,0.0357538007601931,0.795716868307607
"LCP2",0.0815399794418588,0.0126215110962931,65.6926120500505,0.0365306165806785,0.880892782644973
"LDAH",1.52173286221652,0.420524949861577,28.4641293815876,0.104220816185913,0.898901404533445
"LDHA",1.4023967880222,0.0123564595647346,24.8214300903635,0.031229125051242,0.0989431233486302
"LDHB",0.451628217316798,0.0138599489709766,47.2216587718855,0.0343369830755496,0.52656097900153
"LDLRAD4",0.412827088999738,0.0100136319598534,45.4712721895847,0.0335107527760916,0.485050757891809
"LDLRAP1",2.63988196559525,0.304608037415211,30.7078370394693,0.0810186017835044,0.745515227367543
"LEMD2",3.51410525079363,0.461646719972016,19.8755506892317,0.108504578732946,0.813586427478793
"LEMD3",3.00125800812674,0.427718243569544,23.185513569417,0.102939541525889,0.816576275900431
"LENG1",8.85352986739228,0.621630519978054,2.20025184795251,0.134127002623167,0.756640244750382
"LENG8",2.11021242616138,0.0896666373712453,34.4027507724746,0.0437252839355447,0.433041301627034
"LEO1",2.1165737294611,0.215415358885415,36.5622925255831,0.0660461727286076,0.697955778055903
"LEPROT",1.65224535733759,0.0605994753956598,34.0257472416922,0.0391305546669691,0.36893338895842
"LEPROTL1",2.46441451566064,0.151889401175474,33.6881797788163,0.053610603321644,0.534000834376304
"LETM1",2.59463455527049,0.26612512069346,32.7280505531796,0.0743392970939323,0.71659018217216
"LETMD1",2.28195283533707,0.155031457685155,36.2052629293883,0.0550236213343955,0.585732165206508
"LGALS1",0.421177556501986,0.00120527560447927,33.296609586567,0.0307520598972025,0.231678486997636
"LGALS3",0.580647984040624,0.00471985269667741,35.1238018927383,0.031489438063306,0.275483242942567
"LGALS3BP",0.7638143483369,0.0118389990899568,35.6761853476234,0.0325348366398209,0.301487971074955
"LGALS8",1.89138391745921,0.123390574352291,38.5541053815635,0.0502310105818661,0.571200111250174
"LGALS9",0.209757665796259,0.0256718399466913,60.4055981764793,0.0380728453624842,0.802670004171882
"LGMN",0.348750798516381,0.0208254144523856,52.521449144844,0.0361168921194922,0.641635377555277
"LHPP",3.22951481180793,0.343269578001485,26.7727404766999,0.087065364428047,0.740717563621193
"LIAS",3.18663879863794,0.511710814748348,17.7042894575148,0.118310135689647,0.856695869837297
"LIG1",0.684432428367834,0.135148974397642,51.2132721009393,0.0557417403494731,0.826032540675845
"LIMA1",1.03777818601978,0.0412845678654959,39.9374920174975,0.0373530941086995,0.441524127381449
"LIMD1",2.1937351701967,0.364890816350166,29.6661073263459,0.0929409122954451,0.827770824641914
"LIMD2",0.133851599878945,0.00870893490746419,60.6912068980795,0.0352187141453407,0.776665276039494
"LIMK1",0.654388400899188,0.161288213616627,50.2972638628998,0.0603966526421794,0.854957585871228
"LIMK2",1.93066660015322,0.309435867191412,33.8606623260993,0.083422469810442,0.809831734112085
"LIMS1",0.927757100341886,0.0470384745028055,43.4432843080805,0.0388391953560434,0.518842998192185
"LIN7C",2.63174021833588,0.277985044744956,31.9810939326474,0.0763231931126693,0.723334723960506
"LINC00665",1.9100101353806,0.134048164978011,40.0242695690114,0.0525822784295025,0.618133778334029
"LINC00667",2.89205833390058,0.214196278692154,31.4344290407272,0.0638970834328897,0.604018912529551
"LINC00909",4.30995319569586,0.524748441691589,14.3825782415955,0.119272046863258,0.818801279376999
"LINC01006",1.79773853276561,0.321502283423941,34.1290398914224,0.0860868484745323,0.835071617299402
"LINC01089",1.56504794644411,0.261980319612275,38.3340018786416,0.0757800460198792,0.809901265470727
"LINC01184",3.10236509868322,0.286830505706415,29.787038092055,0.0771948688554294,0.699694062021972
"LINS1",2.88529595366606,0.44951250823598,22.1375527726123,0.10705000572305,0.83375052148519
"LIPA",0.391777673620095,0.0376242398555924,54.6552958763654,0.039198530664601,0.714226115978306
"LITAF",1.16797865682038,0.0330253810138356,37.3210463291813,0.0357862408894884,0.376790432485051
"LIX1L",0.342737417556627,0.0597992954400764,57.8427306414938,0.0435866700399189,0.815950493672646
"LLGL2",0.557805300566895,0.0594629288752125,53.3678982470147,0.0427043150283175,0.730287859824781
"LLPH",2.27850206646506,0.35459209302217,30.0334094529939,0.090991302752469,0.817202058128216
"LMAN1",1.69586332689194,0.0490113163420105,32.8784064936675,0.0373187651801454,0.325823946599917
"LMAN2",3.09927868049847,0.0750618969963369,25.7202196894847,0.0397743825043069,0.249895702962036
"LMAN2L",2.70680437056215,0.455843711605306,22.3775713745465,0.108601206962979,0.84842163815881
"LMBR1",2.40724708751585,0.259080586874017,33.8685618558847,0.073417599808384,0.724864413850647
"LMBR1L",2.23566893873734,0.306043776270204,32.2734174757608,0.0819581987482283,0.775622305659853
"LMBRD1",1.94058972464158,0.156910058953337,37.8352926881799,0.0557285242133293,0.617855652899458
"LMBRD2",2.51877925544681,0.342457412043952,29.6770452021,0.0882926519284166,0.790641079126686
"LMCD1",0.321382044668392,0.0145104046330532,52.08193103667,0.0350610586486798,0.62119315811431
"LMF2",2.01971894468291,0.156600976214527,37.2168040984538,0.0554889354776914,0.606104853288833
"LMNA",1.35432976712009,0.0112110250763134,25.4156076861233,0.0311807612458266,0.107704074537616
"LMNB2",0.691953254156703,0.150804273928421,50.5036214219063,0.0584773126362958,0.840425531914894
"LMO4",0.535264577426771,0.0359638145605123,50.5587872577509,0.038277113781789,0.632874426366291
"LMO7",0.247186392061269,0.0269778925539319,58.9775304938669,0.038086350347129,0.77756918370185
"LNPEP",2.5094012669759,0.168698107548057,33.7967006364552,0.0565623749858689,0.566124322069253
"LONP1",3.9122194284338,0.446375088423397,19.9073749671239,0.105306045571625,0.789389514671117
"LONP2",1.38780781008616,0.0697350851709361,39.7907388105138,0.041714473287625,0.493950771798081
"LPAR6",0.280529250552859,0.0272149792106681,57.417615889208,0.037889960370064,0.747948824920039
"LPCAT1",1.01918093683203,0.166279899424824,46.5344763635602,0.0601880129180025,0.794048115700181
"LPCAT3",2.10505346373577,0.223394372000361,36.5156658820326,0.0675496295704662,0.710958142122097
"LPCAT4",0.972108936638577,0.152046331089704,47.1150623784527,0.0576741041876351,0.779585593102489
"LPGAT1",2.77517181137781,0.209622328787389,32.9754648361846,0.0637347688413554,0.624043943818662
"LPIN1",0.531707005587275,0.10150260139881,53.9850480921192,0.0502412851102694,0.818036434431929
"LPIN2",0.901418337488982,0.114738809652893,48.4604810027757,0.051249919066692,0.738144903351411
"LPP",1.13681844070229,0.02833140377295,34.9195663176059,0.0346995153854134,0.321443471005423
"LPXN",0.173616032716854,0.0448268243448516,62.7217221404483,0.0418030121348051,0.882213878459185
"LRBA",1.79990128823843,0.102428552711,38.7701474513698,0.046811203595773,0.536921151439299
"LRCH1",0.811185073273706,0.146567692156161,49.0122750340707,0.0572149600407766,0.805103601724378
"LRCH3",1.89746014428714,0.259126903852898,36.1491000421752,0.0742600790994021,0.765470727298011
"LRIF1",1.58380141706108,0.188959624462258,41.5475136347793,0.0628916748439144,0.742525378945905
"LRP1",0.161932942012915,0.00295988572041081,53.7920752185764,0.0334276733946537,0.63183145598665
"LRP10",3.56188060921977,0.0834578702748912,23.8128542776334,0.0405889030130942,0.233277708246419
"LRPAP1",3.03201311383775,0.0882973826767014,27.1765911832195,0.0419529918251187,0.301001251564456
"LRPPRC",3.37785598036002,0.188093833369395,29.8692185068035,0.0588609249538191,0.531845362258379
"LRR1",0.710562694866293,0.207471816073212,47.3690550975451,0.0684260370926842,0.881240439438187
"LRRC14",0.997826019536013,0.139085923005239,47.9122438493152,0.0555805570525746,0.771728549575859
"LRRC23",1.72383183932724,0.198773305660469,39.6670760997133,0.0640214781133127,0.725142539285218
"LRRC28",1.74899112202091,0.338766688589081,32.9390186654337,0.0890298693691567,0.842581004032819
"LRRC40",3.65885562182565,0.577665206243419,12.4064353590481,0.129980496709238,0.869420108468919
"LRRC41",5.84042004053693,0.321690527345118,18.303312733218,0.078901410306782,0.55972743707412
"LRRC42",4.10494938077989,0.355538044310614,23.2858513959127,0.087944946267725,0.700250312891114
"LRRC45",1.38335248283296,0.201798109890304,42.3073126939865,0.0655402640797543,0.778542622722848
"LRRC47",3.14311698651101,0.280028634961214,29.4217781863542,0.0756328643107249,0.681546377416215
"LRRC57",2.35148443224865,0.395941690012392,27.1007076973989,0.0981783353740394,0.833611458767904
"LRRC58",3.02227379307468,0.211741011362333,31.404503585705,0.0635431872302226,0.599777499652343
"LRRC59",2.40052758182119,0.0904349829502036,32.2853322709837,0.0434038254186885,0.396467806980948
"LRRC8B",1.74132521720028,0.416240515836368,28.0532265496559,0.103082244846504,0.88436935057711
"LRRC8C",0.103688497113816,0.0645091323348201,64.1287640378235,0.0456518546517879,0.94458350716173
"LRRC8D",2.14503937251309,0.456759673449891,24.0053297989519,0.109725630863347,0.879015435961619
"LRRCC1",1.02264154717941,0.128112515456601,47.6044130619398,0.0534797530015483,0.746419135029899
"LRRFIP1",3.06428142843003,0.0686131752824262,26.0240659638671,0.0389959887152548,0.243498817966903
"LRRFIP2",1.01491310057232,0.0457537015020204,42.2036722325343,0.038450703724153,0.493255458211653
"LRWD1",2.04249955319742,0.349547887420848,31.1705125124717,0.0904617327694789,0.829022389097483
"LSG1",3.02892217721186,0.352910574510573,27.0409811179309,0.0891556031015645,0.761368377138089
"LSM1",1.37305480931947,0.052442214692888,37.8417799379265,0.0387058695724879,0.424628007231261
"LSM10",4.90990385816681,0.235820242394284,22.3057821852086,0.0645623266207617,0.483451536643026
"LSM12",3.99269067988814,0.236205617242137,26.577106933819,0.0662817872973765,0.557711027673481
"LSM14A",6.92937644929068,0.240188805087688,15.6250584366808,0.0630153549502029,0.380684188569045
"LSM2",5.38154604968537,0.140269578274571,19.4895135858843,0.0480428310339155,0.269155889306077
"LSM3",4.54213845374986,0.1019669020299,21.7288761208801,0.0429770228369077,0.235989431233486
"LSM4",2.578693272116,0.0574085120369954,29.0347396560619,0.0380440157383082,0.275691837018495
"LSM5",3.8162401073634,0.0946918989890191,24.0759197344296,0.0423349091511531,0.260742594910305
"LSM6",5.45509728933627,0.251358261309456,19.9139137624031,0.0663839130118452,0.469197608121263
"LSM7",8.76553168446737,0.14350427269494,10.7180544227253,0.0467373570419076,0.141496314837992
"LSM8",6.14052857222983,0.185259834760161,17.1937817278219,0.0542989606719375,0.310805173133083
"LSP1",0.166924440863432,0.00459908287384032,55.4075605693215,0.0338887924795478,0.666388541232096
"LSR",1.3271241333203,0.0814136969235429,43.6964689562374,0.0445276427284817,0.589486858573216
"LTA4H",1.59314017480651,0.10478405447351,40.4646193631843,0.0475651538914805,0.572034487553887
"LTB",0.0262998795019622,0.00224894249320609,68.8325761233879,0.0350801949222203,0.922889723265193
"LTBP3",1.50639972802747,0.0539542982569022,36.3448940740538,0.0386645717049785,0.3998053121958
"LTBR",4.57690811773767,0.185362607319396,23.5097053268913,0.0562895968566042,0.416562369628703
"LTN1",2.4749795556362,0.278341321045131,32.238183816035,0.0764069141338649,0.728201919065499
"LTV1",4.50690390770983,0.491439783876254,15.835920349545,0.11277349616016,0.790780141843972
"LUC7L",3.86943548252736,0.242271490228717,26.5843000814606,0.067302516923903,0.567723543318036
"LUC7L2",1.9436489989239,0.106141196203038,36.67065929125,0.0468380718383054,0.50479766374635
"LUC7L3",4.00853212920317,0.0970248389273854,21.877664904365,0.0420372497630488,0.225420664719789
"LUZP1",0.572758388361378,0.062946437619446,52.5026197889696,0.043103433117109,0.720066750104297
"LY6E",0.825804902539716,0.00682959305640067,30.8540174176429,0.0312677743897217,0.199068279794187
"LY96",0.175098192376171,0.0244978842225479,61.7333445146543,0.0380609143166403,0.826102072034488
"LYAR",1.53012988205716,0.226002977336013,40.0770792623891,0.069364455997297,0.779724655819775
"LYN",0.0706869353566447,0.022466788302135,66.9273815474635,0.0384458373145952,0.922750660547907
"LYPLA1",0.852240694679581,0.0160341753155307,37.0013773827528,0.0333170574989377,0.335905993603115
"LYPLA2",6.52668645721849,0.332420187022441,16.424532639381,0.0802473454071573,0.54630788485607
"LYPLAL1",2.04135575108897,0.173643051512678,37.8436366922425,0.0588024030699405,0.648171325267696
"LYRM1",2.5441862178689,0.25836989758298,33.3447477189413,0.0730994134676596,0.714434710054234
"LYRM2",5.62832574965519,0.305361257033651,19.4847561367432,0.0763453348924753,0.552982895285774
"LYRM4",4.43106866575566,0.373068632150558,21.6097414194541,0.0907284792589274,0.699972187456543
"LYRM7",2.89795400325643,0.390935195782354,25.6195577533361,0.0963892210310796,0.799123904881101
"LYSMD2",0.519585982401402,0.107074823670651,54.2506003225913,0.0513371444335509,0.833055207898762
"LYSMD3",3.21039769736695,0.430155420124417,22.3340993445612,0.102981051217497,0.805520789876234
"LYST",0.953384353649561,0.0937167157921195,47.607649150423,0.047362079721735,0.684258100403282
"LYZ",0.0177165600232726,0.00102556077679219,69.6154890248088,0.0349519876945864,0.935892087331386
"LZIC",4.71762814904926,0.342790063301937,21.1753513133221,0.0842607494938833,0.642678347934919
"LZTFL1",2.45006160336365,0.308097729713899,31.7890873712115,0.0822803432715432,0.77075511055486
"LZTR1",2.30564344316276,0.372406843097695,28.6389570544298,0.0939712923238295,0.821930190515923
"M6PR",3.88670040782502,0.166943537656714,26.2028737698556,0.0540112985787629,0.429773327770825
"MACF1",1.34813420818362,0.0346210595454328,32.5163737641982,0.0351670556953159,0.288902795160617
"MAD2L1",0.146690699666781,0.050838141801595,63.5684372933494,0.0430378760356196,0.909331108329857
"MAD2L1BP",5.30187392434278,0.570979158647488,10.023635986032,0.127146161245973,0.815672368238075
"MAD2L2",1.48820930063228,0.110230216978182,41.7671461665631,0.0487977974117166,0.605965790571548
"MADD",2.01722918822506,0.304275216380674,33.5615730197434,0.0822077802716061,0.795716868307607
"MAEA",5.73291044303314,0.37950672397833,17.1024688154956,0.0897250353959816,0.633152551800862
"MAF",0.196861820818267,0.0242810930385254,60.6192150708158,0.0378609190560664,0.804199694062022
"MAF1",3.46214069131831,0.104185187034573,26.8657347199392,0.0443695181245394,0.327353636490057
"MAFB",0.161493711174519,0.00534141313881278,56.2168831516794,0.0341047976759943,0.683493255458212
"MAFF",0.389750019046258,0.0849128879435571,57.0488072772696,0.04794230563503,0.846266166040884
"MAFG",1.07554679621617,0.207222205531918,44.1943191237654,0.0672188491448527,0.822347378667779
"MAFK",1.07262633702805,0.2126494157416,43.995504543225,0.0682101985508937,0.828118481435127
"MAGED1",1.12954870043298,0.0415251694636621,38.9693792721883,0.0372507386385755,0.424071756362119
"MAGED2",0.923209942103906,0.00752937132070523,28.9539770240875,0.0311194316802843,0.164580725907384
"MAGEF1",2.95740589921503,0.149445727907214,31.4862398309973,0.0526990294229723,0.491378111528299
"MAGEH1",0.757184910860694,0.0946754172717786,50.1996160010028,0.0481095153430895,0.734459741343346
"MAGOH",3.57911789920319,0.164239573560185,27.6911960373563,0.0539966403218207,0.450702266722292
"MAGOHB",2.73850102080966,0.277253682486643,31.5124698453831,0.0759877136169363,0.71380892782645
"MAGT1",5.24044109487199,0.34229817081744,19.8425573473882,0.0836415204950981,0.619454874148241
"MAK16",2.21581782013186,0.418742838195831,26.2449678580048,0.10264808607162,0.856139618968155
"MALAT1",3.87323787551976,0.00130669491068017,19.3710183862455,0.0302023572652658,0.000486719510499235
"MALSU1",6.33170367367249,0.346627215100998,16.1894201271414,0.0827465538859388,0.564803226255041
"MALT1",1.01653643872366,0.283839177122221,40.2236281039585,0.0809878873118722,0.881379502155472
"MAML1",3.22612764883566,0.378546677671783,25.0657227189451,0.0934907797100672,0.768947295230149
"MAML2",0.240025597290672,0.0442652031297186,60.4245315720574,0.0413095218251193,0.837088026700042
"MAN1A2",3.04455077348064,0.161533005551789,30.7900978032143,0.0544787548371224,0.500347656793214
"MAN1B1",3.40042525336469,0.218512844373329,29.1425577287238,0.0639334901035177,0.571547768043388
"MAN2A1",0.740512715275312,0.076244130638676,49.8315657258126,0.0448283966576418,0.693922959254624
"MAN2C1",2.6468943277484,0.271378915778573,31.8873146521916,0.074943911755157,0.710332359894312
"MANBA",1.77589479271964,0.232188104122393,38.2623297524825,0.0698838450006209,0.757544152412738
"MANBAL",8.02375307526727,0.416127691697105,10.6927637622024,0.0941286491026264,0.58475872618551
"MANEA",1.17502289347992,0.279036024999946,39.568563233308,0.0797184582964468,0.861284939507718
"MANF",1.46970692859065,0.0581878653951945,37.3852095121912,0.0394827810323411,0.427270198859686
"MAP1LC3A",1.14465074726058,0.0425922267955455,39.2828624436785,0.0374754111842896,0.432206925323321
"MAP1LC3B",2.64409215025349,0.110185732585794,30.5415631591678,0.0459385007868263,0.401195939368655
"MAP1S",2.41353579049841,0.269986089347763,33.1803379893136,0.0752188982963819,0.730983173411208
"MAP2K1",2.42693458440014,0.300582236170933,31.7092135449973,0.0806246371397721,0.756431650674454
"MAP2K2",2.37762859670961,0.206666572443629,35.4004884975185,0.0640434659289243,0.662147128354888
"MAP2K3",1.14858445342549,0.155333262034521,45.4899792776605,0.0578173957757763,0.755458211653456
"MAP2K4",2.41555571312196,0.346791981056671,29.8236376433477,0.0892480433986544,0.800445000695314
"MAP2K5",3.72840876854495,0.570606501670528,12.8220849893516,0.128671145010587,0.865317758308997
"MAP2K6",0.442994925147481,0.202038930124454,50.0251161950525,0.0682822620393523,0.920942845223196
"MAP2K7",5.00469591138924,0.40450130810448,18.3724921428519,0.0955021697569916,0.695035460992908
"MAP3K1",0.846834197216764,0.0801784398316687,49.5723914075526,0.0455181079312969,0.696704213600334
"MAP3K11",1.7814991914946,0.148755218957944,40.0595423637986,0.0550481083988916,0.644347100542345
"MAP3K13",3.17935119650484,0.149725401287771,30.6607910726329,0.0525793935772434,0.477819496592963
"MAP3K2",2.39694204747977,0.167022668126242,34.7614310128399,0.0565945415456272,0.580586844666945
"MAP3K3",1.08249639287709,0.208874151718379,44.0906128294876,0.0675068462438021,0.823320817688778
"MAP3K7",2.78463795315133,0.295868024502245,30.1776065213113,0.0789975310743803,0.721318314559867
"MAP3K8",0.46672512428314,0.0396919668157848,53.6477709625501,0.0394071648693038,0.698998748435544
"MAP4",1.68742765027837,0.0592653698678039,34.1184565926038,0.0389922525273982,0.368516200806564
"MAP4K2",1.61081053464546,0.326596517988773,34.4276633095706,0.0872234465618717,0.848908357669309
"MAP4K3",2.04278773385441,0.329940607338218,32.2604242518894,0.0869037605241159,0.815672368238075
"MAP4K4",0.430392542370459,0.0314978768242826,52.6451043581771,0.0378734621339745,0.664302600472813
"MAP4K5",1.17540684424806,0.0977525179551879,44.2966919388801,0.0472493639861252,0.629675983868725
"MAP7D1",1.31935744770616,0.100007805487554,42.9274384333952,0.0473270915068073,0.608538450841329
"MAP7D3",0.253291438236142,0.0673378596926956,60.1198816092498,0.0453820968057362,0.873035739118342
"MAPK1",2.55682471842068,0.230774562860204,33.286428789764,0.0676821639565317,0.665693227645668
"MAPK14",3.86737671414641,0.445361202946883,19.7787861344935,0.104916621543714,0.78542622722848
"MAPK1IP1L",4.51822831371473,0.215718707326046,23.3757649681107,0.061306341162376,0.466416353775553
"MAPK3",1.59595158529747,0.184001178480487,40.886229923332,0.0616623985158242,0.721457377277152
"MAPK6",2.49910674447375,0.242978694463056,33.5456841271755,0.0701314162028706,0.691419830343485
"MAPK7",1.23929664444616,0.277270246250838,39.2148823623273,0.0791940410276166,0.851828674732304
"MAPK8",3.74154088389218,0.406835009855069,21.9015376940748,0.0977786719648909,0.759838687247949
"MAPK8IP3",2.40881922164428,0.290066761654777,32.4988547071506,0.0789170734493754,0.752885551383674
"MAPK9",1.27001472478323,0.1972963628658,43.4669764120397,0.0650949514866822,0.791962174940898
"MAPKAP1",6.89288106731229,0.435183869698376,12.953842449426,0.0992802549119067,0.652273675427618
"MAPKAPK2",1.46833963978443,0.0841339640537699,40.4791586014551,0.0441710536929946,0.534000834376304
"MAPKAPK3",2.56633569814995,0.237871020777522,33.8756654652456,0.0693783556026903,0.688916701432346
"MAPKAPK5",6.1938497116351,0.471602552337084,13.1464240619624,0.10706892727037,0.712765957446808
"MAPKAPK5-AS1",5.20135052724755,0.382049567502062,18.7371091641675,0.0910975501269869,0.665136976776526
"MAPRE1",4.4662036293464,0.239291624681098,24.3375952518505,0.0659790847470281,0.524266444166319
"MAPRE2",0.430935002181407,0.0735114566131776,55.9881793423867,0.045650475602023,0.805520789876234
"MARCH5",5.79680565075765,0.336402527595583,18.6167455931472,0.0820253551640513,0.589486858573216
"MARCH6",0.550414078041576,0.0208307684661629,44.6125055039214,0.034989545496177,0.489778890279516
"MARCH7",3.92898742123024,0.246907105049822,25.8684920738445,0.0678055346263634,0.562856348213044
"MARCH9",1.05121293868246,0.316013644561876,37.9662993431497,0.0866734654724121,0.895007648449451
"MARCKS",0.493204840525749,0.0107699450041824,42.521326385132,0.0332434962918679,0.429842859129467
"MARCKSL1",0.935380363380972,0.0097092368872148,33.0952099272962,0.0319859656193789,0.249061326658323
"MARK2",3.57144614975466,0.30022607186141,27.6795846949157,0.0789953071616121,0.685440133500209
"MARK3",3.32735737292821,0.25655319972516,29.0068997826052,0.0709303870852775,0.634404116256432
"MARK4",2.57579564343968,0.42200901619523,24.996262117698,0.102722919241559,0.83931303017661
"MARS",2.45889197161407,0.23982053487301,33.8872909484286,0.0696664754491949,0.692115143929912
"MAST3",1.01117395666634,0.381016699123682,33.3375414516405,0.098221686248621,0.920734251147267
"MAST4",0.314955650502506,0.0126526767390574,51.2530024356256,0.0346539846073073,0.601585314977055
"MAT2A",3.37854972463848,0.0947142973142246,26.1646018514727,0.0427440116289743,0.296412181894034
"MAT2B",3.00246556071007,0.175872045870924,31.213096506506,0.0570623470097551,0.533305520789876
"MAU2",3.32157299539736,0.363592390965593,25.6050717499619,0.0906958855723418,0.753858990404673
"MAVS",2.29573279566665,0.19378526669457,35.6646098290771,0.0617078068931993,0.644138506466416
"MAX",4.42092678812229,0.180115054207481,23.8130734934151,0.0554573715670604,0.412042831316924
"MAZ",2.94048880488984,0.0947825351081903,30.0612642004795,0.0437159127961085,0.366430260047281
"MBD1",8.48919623360213,0.5561489244075,5.2893211083035,0.121096995292635,0.710054234459741
"MBD2",2.00834021285184,0.215615847302877,37.3550205991667,0.0663857926548296,0.712626894729523
"MBD3",2.10668535649652,0.300515615954168,33.5293974818317,0.0814740988293434,0.788902795160617
"MBD4",3.73390007602795,0.253008417154447,26.9762711115314,0.0694239068449636,0.592754832429426
"MBD5",2.7240045698558,0.353748117712223,27.9533800132308,0.0897174972382508,0.778751216798776
"MBD6",2.88034472140775,0.234800352823587,32.0186055121283,0.06805660318808,0.650535391461549
"MBIP",2.63286658327439,0.402741021990282,25.5849215683655,0.0987990372507421,0.817897371714643
"MBNL1",1.22462572133048,0.0507598101940826,38.5432788683141,0.0385230762230707,0.433806146572104
"MBNL2",1.01947540856806,0.0863189779166852,46.0842020099289,0.0457380431419389,0.642122097065777
"MBOAT7",1.93155612724062,0.161098861317374,39.2083060604311,0.0570298874425802,0.651022110972048
"MBP",0.415118502535662,0.0556317206853239,55.9003310748155,0.0424939128666732,0.771311361424002
"MBTD1",2.18231128257808,0.437472182265915,25.1360955887714,0.106113291223537,0.867334167709637
"MBTPS1",2.87639777471759,0.157232381303346,31.5572790042911,0.0539534976021697,0.506049228201919
"MCAT",5.72436285073651,0.60574819447551,7.64828206054042,0.133753573872818,0.828605200945627
"MCCC1",4.6257585779578,0.555850859238841,12.0501402373928,0.124901151907732,0.827492699207342
"MCCC2",1.35177352334003,0.0598217308299717,40.8261199169939,0.0404619540035867,0.495271867612293
"MCEE",2.97015914628549,0.29831520303837,29.4184574356194,0.0791844880203196,0.712140175219024
"MCFD2",3.79318132777081,0.195478752402068,26.7505645433319,0.0589650440313243,0.48936170212766
"MCL1",1.61986150479654,0.0279923687956226,28.5966183071255,0.0337477544322111,0.203587818105966
"MCM3",0.611196718195137,0.0708167798556288,52.4301616363692,0.0444555238919067,0.733208176887776
"MCM3AP",1.21753689469213,0.101104750204163,44.403360439133,0.0478786017270274,0.638019746905855
"MCM5",0.290679565695138,0.0633369710039287,59.352641831809,0.0445135699547033,0.85120289250452
"MCM6",0.315585528751898,0.0816139534985619,58.4796139810418,0.0476465293561642,0.867473230426923
"MCM7",0.683596034529151,0.0704657778766913,51.3344905571322,0.0441869036211826,0.711931581143096
"MCMBP",2.10796347742598,0.283378365182444,34.2864150971754,0.0783502554538169,0.773466833541927
"MCOLN1",1.51995827825616,0.197388582739023,41.0516699936385,0.0642192420750218,0.747809762202753
"MCRS1",13.5581152712164,0.542085601410308,1.92070333736151,0.114099381650058,0.570365734946461
"MCTS1",2.166390676694,0.101935191504911,35.2016250022644,0.0458760855137844,0.470866360728689
"MCUR1",3.98158283496521,0.227886428287118,27.6119027593902,0.0653167459462796,0.562300097343902
"MDC1",1.37023098918445,0.24094294355055,40.4207907327218,0.0724123211233732,0.811639549436796
"MDFIC",0.295300606965047,0.0739433702832648,59.0290852766695,0.0463614770399477,0.864135725212071
"MDH1",2.69038856658011,0.100855960251976,30.7786633884049,0.0446619921508002,0.389097482964817
"MDH2",3.08744683430853,0.0595653438213973,25.5736845898861,0.0377285200591766,0.218537060214157
"MDK",0.527436920569081,0.00343407018079356,34.9759384585209,0.0312874277044693,0.269642608816576
"MDM1",2.96531749724164,0.556228647473089,15.1920854620802,0.12679711219248,0.884647476011681
"MDM2",0.222803776192379,0.00494555449726321,50.3799590821998,0.0333267486776129,0.569531358642748
"MDM4",3.06634970687056,0.191441166447513,31.1335957022252,0.0597932371348825,0.559518842998192
"MDN1",2.41506619105848,0.336393695170098,30.2279155328819,0.0872607443657387,0.79022389097483
"ME2",0.841090209236641,0.156960702690205,48.4461822691332,0.059004211943607,0.812960645251008
"MEA1",7.67932572321255,0.181520545176731,13.2179325585534,0.0527614522666847,0.242942567097761
"MEAF6",4.19049018414076,0.0932582264824506,21.9440430594855,0.041665477312571,0.221387845918509
"MECP2",3.02409479974542,0.203417460113342,31.0084799129145,0.0618335966681939,0.57794465303852
"MECR",3.93971597394343,0.427331879291215,20.6381257704318,0.10156197077578,0.77124183006536
"MED1",0.551830938888092,0.054085335449183,52.3305820056843,0.0415674573629232,0.700458906967042
"MED10",3.29699016244287,0.164398175684263,28.5055811920355,0.0541625071576137,0.464399944374913
"MED11",3.63829298123112,0.368833141255636,23.9287487777834,0.0908673113016633,0.732999582811848
"MED12",2.45985468193409,0.333879654540984,30.1476352164487,0.0867019330107126,0.784591850924767
"MED13",1.47349450567435,0.128603127759663,42.082091965658,0.0520165078807798,0.644903351411487
"MED13L",0.549817540630928,0.0143602681429905,42.4742569267471,0.0337575590627306,0.436170212765957
"MED14",3.17704304777169,0.396428698226747,24.3269122346053,0.0968681775192165,0.785356695869837
"MED15",2.36776754902983,0.23380090876399,34.229395860826,0.0685996281515665,0.687665136976777
"MED16",5.23716454285646,0.462707702465571,15.3179237440091,0.10618086470546,0.735780837157558
"MED17",4.31870672190529,0.566974881471155,11.9022973190155,0.127286454281634,0.84285912946739
"MED19",4.95528789506795,0.318190168883101,21.2001203157987,0.0794810347306793,0.602836879432624
"MED21",3.60919265498653,0.314334236613098,26.0223631084519,0.0808149665222223,0.679321373939647
"MED23",1.25843868155998,0.207534088304261,42.6550976333994,0.0667169488063672,0.794673897927966
"MED24",1.30346205093669,0.131278217305493,44.1272315478324,0.0530681538484159,0.687526074259491
"MED25",3.60132735327922,0.336196603140346,25.9305292394921,0.085300648871082,0.714434710054234
"MED27",4.43388260965402,0.507156031525341,14.9270051524318,0.115621640500417,0.8000973439021
"MED28",11.3083670866002,0.412150902748205,4.07075860396232,0.0901749625873202,0.472882770129328
"MED29",5.49507148321159,0.294434899579851,19.8551754709238,0.0743736084370117,0.540884438881936
"MED30",4.50168058400085,0.319456404751895,23.1941110141371,0.080722278731443,0.639410374078709
"MED31",2.23428288858035,0.243533824013305,34.7936584351604,0.0706869693648732,0.714504241412877
"MED4",7.72295523288272,0.390163096711856,11.1321864202853,0.0888061958174806,0.550340703657349
"MED6",2.78845651025257,0.443804116770528,22.8959480861408,0.106267045368033,0.837852871645112
"MED7",6.07593767268002,0.594825113988775,7.57081128198411,0.131165179636044,0.809901265470727
"MED8",3.62486953075381,0.25083047390254,27.6077706373642,0.0692836320303336,0.600125156445557
"MED9",4.31080288548248,0.609022273003898,9.36191385479054,0.135337513784701,0.865317758308997
"MEF2A",0.738771281125952,0.0631919007514004,48.9458128372938,0.0424447303905146,0.653108051731331
"MEF2C",0.109386258336414,0.00832810217869635,62.5165044338586,0.0353821396398343,0.811361424002225
"MEF2D",1.97304052844948,0.171870040942489,37.9689528554874,0.0584765489161882,0.647058823529412
"MEGF9",0.927111926779345,0.112811000254725,48.6357105972509,0.0509866446772263,0.738144903351411
"MEMO1",3.61226140285546,0.50467118518298,17.1230865548508,0.116402529915222,0.834863023223474
"MEN1",4.2352652663144,0.531241769753736,14.4186012467141,0.120845240935333,0.829856765401196
"MEPCE",3.57764398989275,0.410523200775763,22.5640403951944,0.099004656999686,0.77756918370185
"METAP1",5.41579719505681,0.475419302311404,14.4686281872209,0.108506692968782,0.741412877207621
"METAP2",7.09848762192521,0.257363044802589,15.5460747712917,0.0660766620584908,0.408913920178
"METRNL",0.268829968667216,0.0544574730508318,59.7766857402336,0.043001165466894,0.843206786260604
"METTL1",2.16525355235448,0.406592100544741,27.2939221701786,0.10061445815993,0.8547489917953
"METTL14",3.34302547410106,0.372705120537173,24.8471682393695,0.092141313866233,0.755458211653456
"METTL15",3.06499018400909,0.365034862319104,26.3513692797978,0.0913318604345218,0.769294952023363
"METTL16",1.49392934159474,0.21709705142963,40.6488408699336,0.0678493074806811,0.774718397997497
"METTL17",6.23661282771207,0.406075960971221,14.8164819370583,0.0939693150598896,0.637046307884856
"METTL18",1.13417317143187,0.260088276306893,41.0612981153234,0.0765137365632516,0.856139618968155
"METTL21A",3.94977625703716,0.401035862964445,21.6315913768269,0.0964488627922423,0.745723821443471
"METTL22",3.28482124251929,0.466822201099364,20.2597381314763,0.109871838659677,0.828813795021555
"METTL23",4.36741185300257,0.267158914695844,24.1430291935029,0.0709554581466233,0.567862606035322
"METTL2A",2.03806985060563,0.340678215386547,31.9450265880197,0.0890397578676581,0.828118481435127
"METTL2B",8.45630829203802,0.69652472251113,0.242966300389284,0.150361744494265,0.827909887359199
"METTL3",3.23434157754596,0.315735752137944,27.8058101448349,0.0819677662912624,0.71304408288138
"METTL4",1.20898118240918,0.333203624600895,35.8772602668112,0.0892793927182647,0.886177165901822
"METTL5",8.192529954702,0.280790797717483,12.9197007933887,0.0693931161444066,0.406341259908219
"METTL6",3.54060410499852,0.522628587602777,16.191866453009,0.119856337617573,0.847517730496454
"METTL7A",0.403673088513144,0.08274391062614,56.7019658679579,0.0474673279256972,0.83576693088583
"METTL8",1.66536305962684,0.302050783146819,35.6604205766169,0.0827363677645796,0.82971770268391
"METTL9",5.61306137479773,0.196608436352931,20.4367914452591,0.0573829448326484,0.386038103184536
"MEX3C",1.96467249205667,0.375661606153228,29.7772782389119,0.0952378486858846,0.847656793213739
"MFAP1",4.17901505133643,0.336006396069618,23.2008786980523,0.0838402151361519,0.666319009873453
"MFF",10.4415356514887,0.295276751444367,6.50846378048593,0.0692525121422328,0.328327075511055
"MFGE8",0.18173220019476,0.00758029344605542,56.5181244821037,0.0345111713083079,0.693644833820053
"MFHAS1",0.534112864833193,0.209612653146739,48.6234967919524,0.0692870845381217,0.908079543874287
"MFN1",2.35150259528751,0.256610815744839,33.7509499267409,0.0728040222262896,0.718258934779586
"MFN2",2.58822643731364,0.288254839285824,31.5866900165102,0.0781396597425917,0.73355583368099
"MFNG",0.109389451560201,0.0428992211362788,64.9650869891879,0.0418330055977005,0.921846752885551
"MFSD1",1.02156129924217,0.0635187751746676,43.9155431532613,0.0415174027669272,0.55896259212905
"MFSD10",5.28333361929756,0.152016201031195,20.4867788193015,0.0501460904933962,0.307398136559588
"MFSD11",2.66800253547744,0.255308917360323,32.1352980590699,0.0719087045621841,0.687317480183563
"MFSD12",1.58355605972893,0.245578691913713,38.966585656274,0.0727766257113175,0.793283270755111
"MFSD14B",2.17135241769361,0.308063545611844,32.6361798602876,0.0825617268328049,0.785565289945766
"MFSD3",0.908608331050632,0.0827350473392459,48.9523852401303,0.0458373978807387,0.689820609094702
"MFSD5",4.31292040323648,0.385708351673141,21.2671911380101,0.0930997308964722,0.714504241412877
"MFSD8",4.61974489684018,0.612506738767327,8.72718946739407,0.135794889014772,0.859338061465721
"MGA",1.86826645759508,0.245658722082507,36.9815614458814,0.0719742023605332,0.757474621054095
"MGAT1",1.25193138710185,0.0619275945647393,40.2111441204137,0.0405523498237859,0.486649979140592
"MGAT2",2.37644788702151,0.283466231990456,32.5852556404498,0.0775766805615421,0.743081629815047
"MGAT4A",0.592654569683668,0.0578436868685522,52.7379419179876,0.0423193648945151,0.715408149075233
"MGAT4B",1.85735769277168,0.204107499959836,38.992944687575,0.064843326603822,0.72243081629815
"MGAT5",1.66459849824727,0.315936147777463,34.7581320213581,0.0851592322259047,0.836879432624113
"MGLL",0.24204742931309,0.0183923445148088,57.4915603975715,0.036426696320599,0.732930051453205
"MGME1",1.81407097447866,0.270515793699378,36.6185548344198,0.0767966022448985,0.793561396189682
"MGMT",2.94103585667398,0.126049589445175,30.7728726900475,0.0486629891281071,0.436170212765957
"MGRN1",3.45170265575771,0.228612256313163,28.9917423407646,0.065749819297925,0.586497010151578
"MGST1",0.329824661909273,0.0101968175242127,50.8211633961567,0.0342383635224607,0.588722013628146
"MGST2",1.41118358549702,0.0701466735963034,40.1427649559284,0.0418850154717631,0.501599221248783
"MGST3",2.26475324243385,0.0256899949567076,22.9183997961929,0.0327110958318713,0.0967876512307051
"MIA3",1.56176181892322,0.0865036816655715,39.6428410198126,0.0443748142426337,0.52301487971075
"MIB1",1.87498952946242,0.183863866044266,38.6296583137809,0.0608742585677164,0.68015575024336
"MIB2",2.0430988511643,0.273116041921517,35.0797853616614,0.0766417303411802,0.770268391044361
"MICA",1.72447680952004,0.234927336490969,38.4416309618562,0.0704767026820991,0.765470727298011
"MICAL3",0.980652104768834,0.288413637659105,40.1433135532522,0.0818972505230406,0.887706855791962
"MICU1",1.49030660717555,0.122485413907232,41.4638687346733,0.0507629067582391,0.622305659852594
"MICU2",2.8199727991635,0.199684622324626,32.2277790353287,0.0615867029759906,0.593032957863997
"MID1IP1",1.01236983642202,0.114240936710945,47.6418304918511,0.0509948241341666,0.722222222222222
"MIDN",2.08924689344299,0.0886836471204076,34.9379188770254,0.043723526738743,0.441246001946878
"MIEF1",3.58273496316564,0.499887331664008,17.5225137844551,0.115589223663881,0.834167709637046
"MIEN1",0.856442594769414,0.0125588915626868,32.0491481236278,0.0321207779920528,0.233486302322347
"MIER1",3.15350310543772,0.192034677931187,29.8301982281836,0.0593461980294988,0.536851620080656
"MIF",2.58846713208301,0.00741501859148567,19.8786449006943,0.0304003716469161,0.00737032401613128
"MIF4GD",2.37518215307215,0.204817697078269,35.4664641785208,0.0637277863915018,0.660130718954248
"MIIP",4.29619412163284,0.324633894366888,22.9661488980695,0.081437272400259,0.643373661521346
"MINK1",1.77051929050849,0.177224904545473,39.384151355833,0.0598910875754926,0.682102628285357
"MINPP1",4.39473306494018,0.529046034752838,13.8721500634592,0.119895739454171,0.816715338617717
"MIOS",2.79952074506171,0.362249481649163,27.6453910197199,0.0914324804330205,0.787581699346405
"MIR22HG",0.443525880571874,0.0687461905977598,55.7608877305208,0.0447646710203445,0.792587957168683
"MIR4435-2HG",0.440958440016301,0.0157449313628979,47.0763675327276,0.0345771011259429,0.527186761229314
"MIS12",2.35797644638393,0.394706602948322,27.1762709900195,0.097960834840549,0.832916145181477
"MIS18A",1.04181893863147,0.218559806095859,44.1504910880938,0.0694539717043819,0.841259908218607
"MIS18BP1",1.11226704537459,0.107718524443668,45.8231660984467,0.0493571936244997,0.676401056876651
"MITD1",4.11929828925982,0.359523162246015,22.6668162028076,0.0883461352425083,0.695800305937978
"MKKS",2.89819986911618,0.216829742658942,31.9746849705463,0.0646664580120861,0.618620497844528
"MKLN1",3.22229127852894,0.25245790648382,29.3102559512925,0.0702248210503599,0.632526769573077
"MKNK1",1.95545094412795,0.270953897243524,35.4756957227838,0.0763474908611829,0.773605896259213
"MKNK2",1.70387907636197,0.0896346622365705,39.4982148626972,0.0449326647766419,0.526908635794743
"MKRN1",2.59788076860936,0.133470347998042,33.5262689975685,0.050612338996766,0.498887498261716
"MLEC",2.90482251136036,0.0808618855913973,28.7092424772019,0.0413076958598538,0.315324711444862
"MLF1",1.03558617710033,0.127945124991208,47.2176566863491,0.0533257158028875,0.738840216937839
"MLF2",6.94068705316695,0.104959052733546,14.7400479037489,0.0422250285695108,0.13259630093172
"MLH1",3.47789601051932,0.416775998319954,22.3269957584014,0.100141509110481,0.783548880545126
"MLH3",2.1045109348773,0.326420981517517,32.0258495042415,0.0860367192632787,0.805520789876234
"MLLT1",3.12880416853925,0.341907623094846,27.129771679771,0.0869350939600388,0.74468085106383
"MLLT10",7.29954097758775,0.48950047104805,10.0899229607671,0.109248468271925,0.688847170073703
"MLLT3",1.00034253592203,0.197314852243076,45.4527094094809,0.0657600895686445,0.828327075511055
"MLLT6",2.56119643105326,0.157189997539785,34.3631536605404,0.0548654669279679,0.556598525935197
"MLST8",5.19557438777751,0.292585039997423,21.6875230639211,0.0749742289545407,0.569600890001391
"MLX",3.66707299589195,0.191228682482388,27.4012523571742,0.058452521842489,0.493255458211653
"MLXIP",1.28730268197124,0.117395697756221,43.8392575555126,0.0505283554627069,0.657071339173967
"MLYCD",3.02933470148187,0.70700568242788,4.36091303721354,0.154857650897289,0.936170212765957
"MMAB",4.19996129163767,0.342745376778182,23.5231818731052,0.0854977502767462,0.683423724099569
"MMADHC",6.63675169067122,0.192299620109204,16.1142503563218,0.0552026760535086,0.306563760255875
"MMD",0.191708054497662,0.0487875997398412,62.0660583785491,0.0423986279749399,0.876790432485051
"MMGT1",0.984052463812119,0.128955480377939,47.4209462602586,0.0535324242597395,0.744263662911973
"MMP14",0.172494706957739,0.00246103422901629,51.3914253876319,0.0330573731931445,0.584202475316368
"MMS22L",0.476681510663033,0.240991691537891,46.900673441636,0.0749793949210466,0.930399109998609
"MNAT1",3.71582457991087,0.315625188601032,25.9778962950434,0.0811462331035113,0.680990126547073
"MNT",2.19418218309237,0.357399573824517,30.00141617843,0.0915118849613966,0.821234876929495
"MOAP1",3.32333787740067,0.347768573696676,26.2866791684524,0.0877684315035045,0.739674593241552
"MOB1A",4.0998071390577,0.157018228168327,24.8470226209017,0.0519844320084326,0.388541232095675
"MOB1B",0.955039883300785,0.199623932013471,45.5705299698164,0.0662313172889654,0.834445835071617
"MOB2",2.13532338482229,0.208536283276145,36.2550040509786,0.0646003186682289,0.680294812960645
"MOB3A",3.69241034693873,0.378921464125396,23.0505800346613,0.09244665352923,0.734112084550132
"MOB3B",0.117954865362411,0.0562640853685266,64.1374271588859,0.0441291890160564,0.929981921846753
"MOB4",6.16100505327042,0.472786024397655,12.6845612963487,0.106882968462481,0.706577666527604
"MOCS2",3.28258220005684,0.216981190195363,29.5655219361135,0.0637757624372696,0.576136837713809
"MOGS",4.89066814949573,0.440295849793412,17.3995683589014,0.102588880538539,0.735919899874844
"MON1B",2.55445352853984,0.359559160202849,28.4344338628171,0.0911884659927812,0.796968432763176
"MON2",2.2068083096671,0.20517186825297,35.9127411661034,0.0638625754589809,0.668335419274093
"MORF4L1",3.06204319920731,0.0431386855853544,20.3386787097489,0.0344567810216034,0.0885829509108608
"MORF4L2",1.7239816526211,0.0322149446303062,29.2454697890994,0.0344342543828813,0.225003476567932
"MORN2",3.2059406286605,0.244613799328267,30.2387623733546,0.0692348574380143,0.636003337505215
"MOSPD1",3.49250114522718,0.493707971517617,17.9394095697061,0.114398823994817,0.831525518008622
"MOSPD2",1.40975313202589,0.253016936633932,39.474227140009,0.0744159550565492,0.815116117368933
"MOSPD3",4.58222181949698,0.257686665806983,24.3761134117515,0.0694928648550076,0.556876651369768
"MOV10",2.16375740246378,0.272881278897337,34.373877584498,0.076286611508176,0.757196495619524
"MPC1",2.88893597900522,0.161952806307693,31.4961228756464,0.0547278219031291,0.513350020859408
"MPC2",2.83945557437323,0.0667836424344057,28.0131716957781,0.0391663195242319,0.275830899735781
"MPDU1",2.74471149060544,0.23930346294061,32.212865458297,0.0689051068081951,0.661382283409818
"MPG",9.54662110082882,0.234075254834229,9.95749397368279,0.0604898909347814,0.284730913642053
"MPHOSPH10",3.83048472624119,0.307138959706116,25.5945666224317,0.0792576407425988,0.660061187595606
"MPHOSPH6",1.11759258327892,0.177100053568145,45.3225913042766,0.0618507836753753,0.790710610485329
"MPHOSPH8",3.77932896463264,0.143716298396663,25.1128740370865,0.0497983277783413,0.367751355861494
"MPHOSPH9",0.984582029896021,0.225460364256634,44.0243832408001,0.070744800699205,0.850785704352663
"MPI",3.87151863311085,0.457140191350142,19.1925120333355,0.10715592149315,0.794256709776109
"MPLKIP",2.93289306438372,0.118481695341825,29.7583956222981,0.0471235406615262,0.403490474203866
"MPP1",0.155907837740579,0.0430548891557772,63.2835413710918,0.0415784654962536,0.889792796551245
"MPP5",2.53168271753017,0.32422635011809,30.3809739360339,0.0848514324196608,0.772632457238214
"MPPE1",3.69532426582601,0.323242949129084,25.31801314,0.082248009218882,0.681824502850786
"MPRIP",0.870782655473597,0.0660378897046522,46.7380604208672,0.0424807904486987,0.616743151161174
"MPST",3.30886062330069,0.236627550046426,30.1064593303737,0.0677331493691506,0.620219719093311
"MPV17",4.7357122049326,0.230232599852125,22.4175084416813,0.0634957727110794,0.475038242247253
"MPV17L2",2.16777491808178,0.411367275508958,26.9598075450178,0.101460088576349,0.856695869837297
"MPZL1",2.25558266066203,0.109951404640853,34.0151461287307,0.0467935821795117,0.4635655680712
"MR1",1.1332103021442,0.188241564594157,44.489534778431,0.0636599912349082,0.794743429286608
"MRFAP1",5.8132781317411,0.118425063310901,17.6041954661206,0.0444669388370534,0.199346405228758
"MRFAP1L1",5.03805062837584,0.196061045396571,21.2872373435681,0.0572978950022363,0.397163120567376
"MRGBP",2.35822146282949,0.445233544991609,24.2776120772216,0.107395339311054,0.864831038798498
"MRI1",2.5178295972037,0.264261802968603,32.6470666704363,0.0738468557927607,0.711653455708525
"MRPL1",4.63410262484882,0.480026651023972,16.1204283443319,0.110437187290658,0.777430120984564
"MRPL10",7.4437674164988,0.454705994849727,10.7434032628608,0.102090620960433,0.645598664997914
"MRPL11",6.9112490349845,0.270222621386135,16.4297854429618,0.0687826226975445,0.445209289389515
"MRPL13",2.3823391464611,0.0982417413689462,33.4942233161872,0.0449264773264992,0.433388958420248
"MRPL14",4.49526142711002,0.0961623589299114,22.3462247927437,0.0423738237381558,0.236684744819914
"MRPL15",2.24556238277687,0.137187773938692,36.2983081308243,0.051994996691818,0.555486024196913
"MRPL16",4.24366855204363,0.246576308116845,25.0433813371009,0.067533558250361,0.548602419691281
"MRPL17",3.59761972903443,0.150669466100973,27.9808331473475,0.051939875778452,0.432206925323321
"MRPL18",7.59622776753788,0.255550907983116,13.7399023184269,0.0650144108484087,0.376234181615909
"MRPL19",11.0888758572532,0.464903158520785,3.52053406825003,0.100563866159389,0.54352663051036
"MRPL2",6.9502746714565,0.404186348650921,13.2494698177159,0.0928614580954221,0.607982199972187
"MRPL20",3.807754368087,0.0683629853596801,22.1125303433438,0.0382876719008789,0.175914337366152
"MRPL21",3.28085371517816,0.157908573756899,29.9467202694043,0.0537024278388114,0.479627311917675
"MRPL22",4.17377423314721,0.220788046443075,25.8995776581362,0.0632680081558619,0.519607843137255
"MRPL23",1.3960721286867,0.202842770368724,42.0695133443528,0.0656437748775288,0.775969962453066
"MRPL24",2.27809585678322,0.0765092795442928,33.1077439520152,0.0415464068649314,0.385690446391322
"MRPL27",4.10686389433061,0.123665588945528,23.4984759330477,0.0463947979920209,0.304338756779307
"MRPL28",6.87899246241899,0.320277325958037,15.5883680331891,0.077558493035396,0.512793769990266
"MRPL3",5.58769817419278,0.202170640396964,20.6685785104664,0.0584036033888105,0.399666249478515
"MRPL30",3.57752036796037,0.533514100092107,15.535281288022,0.121947727278495,0.85349742733973
"MRPL32",6.08562732812656,0.27763332504313,18.407476002102,0.0707474914027789,0.489222639410374
"MRPL33",7.51683083630454,0.164177327518257,13.0430888336035,0.0499940773552566,0.2090112640801
"MRPL34",8.07544073670448,0.236470236348405,12.7185685199923,0.0615003333234394,0.32895285773884
"MRPL35",7.57819620162184,0.501331346253972,8.92952907801173,0.111094030745723,0.687526074259491
"MRPL36",3.6435551336569,0.134072869880429,27.239641349433,0.0490716629704349,0.389236545682103
"MRPL37",5.08370830994879,0.216157301322827,23.1091014382754,0.0616857864655425,0.465303852037269
"MRPL39",2.55597622565558,0.361286535224978,28.4044653789072,0.0915504572674774,0.79933249895703
"MRPL4",5.64864147201937,0.217534492632152,20.5066555915128,0.0609526512046168,0.423376442775692
"MRPL40",5.342295844221,0.256270905339114,20.7440554168744,0.0676788394109172,0.492003893756084
"MRPL41",5.20219351412262,0.0798846913568909,18.5089574196795,0.0393954305897409,0.142122097065777
"MRPL42",3.71383120478261,0.188743365623623,28.5526222840456,0.0586172823419503,0.510429703796412
"MRPL43",118.999415527325,0.774133376225032,44.4828852391307,0.167843160470844,0.24899179529968
"MRPL44",4.28960740735991,0.394084497914392,21.0216762412862,0.094722696712458,0.723890974829648
"MRPL45",6.42781869827258,0.356824641245534,16.185789755472,0.0848928416724186,0.581699346405229
"MRPL46",8.16757177356279,0.55037359817211,6.11361458304598,0.12031634403512,0.715269086357947
"MRPL47",8.87668893007677,0.40998018304633,8.92838163293423,0.0920136473336997,0.546446947573356
"MRPL48",5.32318581190777,0.451332133113138,15.9526705671657,0.104213129441988,0.728688638575998
"MRPL49",2.69455136111358,0.250428851929478,32.7610796965495,0.0713298852899018,0.690515922681129
"MRPL50",8.56674503472584,0.493883095185678,7.02176878346612,0.108332339562057,0.643999443749131
"MRPL51",7.15951450475014,0.117403538237665,14.5961523745033,0.043931917684063,0.15359477124183
"MRPL52",8.19830096127375,0.155299639327892,13.3013465419093,0.0492637596100347,0.203657349464609
"MRPL53",6.43078581090847,0.684324608043699,2.44026162659062,0.148889517963051,0.859268530107078
"MRPL54",8.92379351663465,0.250513192679561,11.1423983804466,0.0635099436875788,0.329022389097483
"MRPL55",6.69470474645829,0.183973872268629,16.8292814845161,0.0543012004067496,0.30565985259352
"MRPL57",6.35072402636981,0.105106020862175,16.4290467691005,0.0425485813642471,0.158740091781393
"MRPL9",5.81449480350765,0.261973557343326,20.0056204120355,0.0686511791887614,0.490474203865944
"MRPS10",4.60363634624158,0.283167148776809,23.4891793871612,0.073813055701013,0.584063412599082
"MRPS11",12.9870920708726,0.493288726377306,0.0404721218530213,0.104816251523801,0.530802391878737
"MRPS12",5.05743146624272,0.189804535628643,23.0961618272143,0.0571841074031376,0.419552218050341
"MRPS14",4.44167862132114,0.196511718353661,24.8445374013345,0.0587072942242828,0.459671811987206
"MRPS15",8.06284605158513,0.246227924482397,13.7137842977761,0.0637426288389545,0.362814629397858
"MRPS16",5.2642623839165,0.152039818294155,21.3616325338852,0.0505202613374388,0.32339034904742
"MRPS18A",5.83640072817759,0.330178441937342,18.5150113362803,0.0807349830446538,0.577527464886664
"MRPS18B",6.39664338561013,0.210548778386399,17.6500252593746,0.0587877079623476,0.363996662494785
"MRPS18C",5.83366460287686,0.224818271595933,18.9907427270447,0.061499944883856,0.409331108329857
"MRPS2",10.7098366174033,0.486788184143326,4.24657401891856,0.105761905747594,0.588374356834933
"MRPS21",7.7803631117498,0.103481789476647,13.3048960359108,0.0419490976270755,0.111180642469754
"MRPS22",6.25863693385227,0.455736361855166,13.1485944247585,0.103503594246463,0.687595605618134
"MRPS23",2.51420163323527,0.124037892738472,34.0060502968439,0.0492058557010696,0.490474203865944
"MRPS25",3.38081387328748,0.203230888567789,30.1805738261843,0.0616883607989354,0.564038381309971
"MRPS26",4.55887591353795,0.150820819993927,23.8279297939146,0.0509081095578495,0.36184119037686
"MRPS27",7.86920290833389,0.520371591404623,7.83926171896604,0.114705583504659,0.698512028925045
"MRPS28",2.35112543306009,0.181402691338922,35.8639602374065,0.0595934317065183,0.626338478653873
"MRPS30",0.40608556905786,0.010131927394357,46.0030152907058,0.0335985048854405,0.495549993046864
"MRPS31",2.14210551490026,0.247054084959376,35.2930055590368,0.0715756312533613,0.729523014879711
"MRPS33",2.76590363206735,0.112008118663982,31.8137813641333,0.0467386067243528,0.429286608260325
"MRPS34",3.2824850639008,0.0690152473085183,25.7739472741626,0.0391074095800796,0.241412877207621
"MRPS35",3.14093624135183,0.147188705377556,31.3023175795449,0.0523973531554187,0.485050757891809
"MRPS36",11.3485618720916,0.311245095446769,4.642711157135,0.071397555606068,0.325823946599917
"MRPS5",3.60646884079017,0.215412555025289,27.9164195546322,0.0629047445819902,0.544569600890001
"MRPS6",0.752300702496066,0.024121080772123,40.9269336609351,0.0349674404812963,0.426227228480045
"MRPS7",2.60440502675819,0.0922083243413549,31.3425365342218,0.0435141223008001,0.383395911556112
"MRPS9",4.31850610323791,0.458066395226597,17.9504849637744,0.106665490170741,0.774023084411069
"MRRF",9.6708062037312,0.549065581524538,4.56038757471347,0.119585347732007,0.686969823390349
"MRS2",5.51230361351985,0.447340164674173,15.7419832883683,0.103280262530492,0.718745654290085
"MRTO4",2.74296681603262,0.232028132430217,32.6963785074306,0.0677717852130865,0.657697121401752
"MSANTD3",1.23698436854613,0.336313813705474,35.5181807058345,0.089760193171477,0.884925601446252
"MSH2",1.50367004155041,0.271406943875624,38.1354559761779,0.0775746759199378,0.822347378667779
"MSH3",2.79970930526438,0.346413632176654,28.2626654038291,0.0884116222202448,0.772145737727715
"MSH6",1.53452195704646,0.206993196040712,40.7315207768086,0.0659426287305319,0.758726185509665
"MSI2",1.31062103782069,0.0761336445654577,43.2735695299639,0.0435572847480756,0.571686830760673
"MSL1",2.36546708140563,0.180677905401821,35.6044320130838,0.059357774564424,0.620289250451954
"MSL2",3.5204092783873,0.514311077194855,16.7491498518696,0.118326579320203,0.843902099847031
"MSL3",1.70416603543782,0.220836007971341,38.9987331883486,0.0679524906346646,0.751216798776248
"MSMO1",1.04550494914153,0.124018778699317,46.8492799703869,0.0525003101112199,0.724864413850647
"MSN",0.380931661499807,0.0145410972797149,49.2679668524652,0.0346902399161868,0.567028229731609
"MSRA",0.475218274559189,0.126923196547121,54.095688558585,0.0549797812354749,0.86538728966764
"MSRB1",2.79315265662414,0.279775685703078,31.2148107861592,0.0763670199305055,0.712835488805451
"MSRB2",1.36389678032835,0.142862387830658,44.1391696117893,0.0552004699854688,0.708733138645529
"MSTO1",3.05395056393001,0.384805220869609,25.4616472294327,0.0950322723809366,0.786260603532193
"MT-ATP6",7.08905342332853,0.00317337099535073,17.3015107882745,0.0312498154376207,0.000556250869141983
"MT-ATP8",2.96844004871072,0.00287388296854719,19.8315862946287,0.0300914147858764,0.00208594075928244
"MT-CO1",9.96808561734947,0.00271886667256976,15.6421835040656,0.0320116203708873,0.000347656793213739
"MT-CO2",7.86361408100822,0.00199936364944012,16.9595539397993,0.0313701569424792,0.000556250869141983
"MT-CO3",5.77860296446286,0.00211715205375038,18.1705501638857,0.0307984783001368,0.000486719510499235
"MT-CYB",6.85168563589729,0.00335821654210772,17.4192925431388,0.0311979215841757,0.000486719510499235
"MT-ND1",6.01235087947853,0.00519650558373297,17.7665847609709,0.0311204170640236,0.00111250173828397
"MT-ND2",3.8636219605683,0.00641761550437905,18.9891981173716,0.0306356704841919,0.00271172298706717
"MT-ND3",6.23808035963866,0.00309590809591777,17.816314022182,0.0310081333901347,0.000695313586427479
"MT-ND4",4.45493179493439,0.00451500395918942,18.7608293678049,0.0306334932712996,0.00139062717285496
"MT-ND4L",6.21780257168459,0.00391293790615565,17.7561867263076,0.0310703633309196,0.000834376303712975
"MT-ND5",4.41484134775843,0.00805027256401316,18.480615154395,0.0309178898997125,0.00222500347656793
"MT-ND6",1.4323666946743,0.00865685200901526,23.4577334428519,0.03064195158653,0.0658461966346822
"MT1E",0.375731949580919,0.00694314717418902,44.5106753406986,0.0329289901811347,0.460297594214991
"MT1F",0.47769474682729,0.0548145451569572,54.6431850595289,0.0421338352786844,0.745932415519399
"MT1X",0.418447793446083,0.0132514531356454,46.4984629039016,0.0341181728854685,0.51112501738284
"MT2A",0.54784694420786,0.00284905207906052,30.379160731508,0.0306206870435399,0.17939090529829
"MTA1",0.916746020608436,0.0342558051498179,43.3105028762394,0.0369353279589374,0.492490613266583
"MTA3",3.43435983325907,0.28249983551856,28.2786406214443,0.0756790972494631,0.665832290362954
"MTAP",3.15235761201699,0.436323478315692,22.3120522334783,0.104344845908942,0.815255180086219
"MTCH1",5.97574519905826,0.169477051832081,18.1863025264322,0.0522234706914818,0.300514532053956
"MTCH2",3.87673557087535,0.153755583301364,27.1492731661114,0.0522915018543614,0.424002225003477
"MTDH",4.45715044182527,0.055436430012847,18.6375289563492,0.0360999251606927,0.0931024892226394
"MTERF1",3.38153097240432,0.561676509574446,14.0022539532017,0.127323611273491,0.872062300097344
"MTERF3",1.88363214246961,0.314621536970306,33.9368997656106,0.0845454700010939,0.819983312473926
"MTERF4",2.76239468157168,0.244165909503323,31.7529225930326,0.0696035976124263,0.661382283409818
"MTF1",3.14726759611432,0.382120896141016,25.2008606325645,0.0943168101930988,0.777221526908636
"MTF2",3.41287609023921,0.313570771143062,27.0816041821847,0.0811940131405292,0.696704213600334
"MTFMT",4.09459579143567,0.542678946439222,13.7287696690117,0.122870312834081,0.836184119037686
"MTFP1",1.02210023436969,0.251202411663864,42.3711676559218,0.0752598134903457,0.864831038798498
"MTFR1",2.09034325973241,0.289437278757301,34.4123024923746,0.0796780834686228,0.786121540814907
"MTFR1L",6.57737672922527,0.487865207421201,11.1436535282414,0.109268169461916,0.704005006257822
"MTG1",4.66823361724214,0.325636216671809,21.9429355841745,0.0812514033285822,0.627729105826728
"MTG2",4.40728547332382,0.452499063711431,18.0929770281802,0.105576336468127,0.767556668057294
"MTHFD1",1.49406624281458,0.204691795668402,41.2490883473468,0.0657053787610418,0.764219162842442
"MTHFD1L",0.343958616824069,0.152049399901211,54.4464102076453,0.059881214987642,0.916214712835489
"MTHFD2",1.56587235243393,0.0847399821691941,41.0115211323147,0.044494010537962,0.545890696704214
"MTHFD2L",1.62933084714012,0.142819284122426,41.6101653153771,0.0544672659171711,0.662216659713531
"MTHFR",1.56738292579696,0.229798336612839,39.6369646221024,0.0699307651575315,0.778264497288277
"MTHFS",4.27179298581289,0.335257042647905,23.1603608171037,0.0837383686885293,0.664580725907384
"MTIF2",6.42729110360387,0.567762232025415,8.53782474366271,0.125702892431753,0.784174662772911
"MTIF3",6.30867709108169,0.235485527030825,17.795504126033,0.0630112670748618,0.408427200667501
"MTMR10",1.17074560659033,0.332930687402926,36.0567777218147,0.0893022374592371,0.888958420247532
"MTMR12",2.27820024047095,0.345347755699607,30.4023044031813,0.0892115676073938,0.808302044221944
"MTMR14",3.38547761418189,0.308014625628948,27.4118769054447,0.0802447003076789,0.693227645668196
"MTMR2",1.08199612306504,0.212737412701008,43.7962886756867,0.0681395570723394,0.824572382144347
"MTMR3",2.25952508531111,0.32209134548525,31.4947064638386,0.0848896594183925,0.788763732443332
"MTMR4",1.23786934034354,0.192758082333069,43.6090379373953,0.064241422411656,0.786538728966764
"MTMR6",3.39341846522883,0.446701035144712,20.8403901206023,0.105724119062162,0.806216103462662
"MTMR9",1.51487642723705,0.245034106024474,39.174298170726,0.0727128033894562,0.795994993742178
"MTO1",3.91139856922542,0.558590013585472,13.1797574031239,0.126146778570974,0.852176331525518
"MTOR",1.79731821146633,0.226845846342485,38.2724365341736,0.0688505001190703,0.748505075789181
"MTPAP",3.28874797640337,0.579372876149872,13.109791743902,0.130849104245613,0.884925601446252
"MTPN",5.38156011948425,0.201336217988128,20.1046035490597,0.0578184672215178,0.386733416770964
"MTR",1.83907741230815,0.153399181468004,38.9355140796617,0.0554697141291859,0.631761924628007
"MTRF1L",4.45505823361277,0.489853240542381,16.0093469956912,0.112511870990869,0.791266861354471
"MTRR",1.36771511872962,0.231914225715977,40.9773474467791,0.0708657834273975,0.806285634821304
"MTSS1",0.582723076077643,0.0560366680596384,52.2586768369875,0.0419014838671656,0.702822973160896
"MTX1",2.69961749402896,0.158052159486391,33.2839907344925,0.0546743077747252,0.538728966764011
"MTX2",7.49239181454085,0.377849535212491,12.7862529237284,0.0874261447520114,0.558893060770407
"MUL1",4.3013585726566,0.50708909791481,15.2295093218597,0.115781251912763,0.805312195800306
"MUS81",7.29034838513017,0.504451285300858,9.24990702597671,0.11189395018242,0.697747183979975
"MUTYH",2.63007827189256,0.447735522650838,23.1851190462201,0.107302100616923,0.849464608538451
"MVB12A",6.99323392526467,0.289776177682896,15.0810706903635,0.0715357040334053,0.453970240578501
"MVD",1.54512722445587,0.321738412784562,34.9648031294851,0.0864496124970837,0.850368516200807
"MVK",2.16970326095113,0.475424801615112,22.6748893258446,0.113100452916619,0.886038103184536
"MVP",1.07974587332045,0.0506852304924427,41.4032374645445,0.0390456207387599,0.487484355444305
"MX1",0.201855243445743,0.0105540310312944,57.0503528849717,0.0350704647567961,0.709637046307885
"MXD1",0.765076702275412,0.21005770636227,46.6492745430835,0.0686660389813262,0.872409956890558
"MXD4",1.64622066312264,0.125108222129912,40.8493644183103,0.0511266522789889,0.616256431650674
"MXI1",1.83808287728189,0.299892473347434,35.0892396254877,0.0820775103476369,0.815880962314004
"MYADM",0.842686738027131,0.0280108148878738,40.75601286109,0.0355305579798752,0.430955360867751
"MYBBP1A",2.13712564154515,0.323119430471875,32.1659578172844,0.0854474480120327,0.802530941454596
"MYC",0.416388001225723,0.0244162308332563,52.6679774193615,0.0367536029630274,0.65157836184119
"MYCBP",3.88435013474288,0.421575252345378,21.2420957233834,0.100705120187949,0.772493394520929
"MYCBP2",1.59883951160334,0.0937130400364463,39.2139503211376,0.0454071177707136,0.528229731608956
"MYD88",2.04070097687957,0.207112466088293,37.1306301175409,0.0646764624534981,0.693714365178696
"MYDGF",2.4889757686516,0.0429358747536685,25.1007734045374,0.0352466871082171,0.173133083020442
"MYH9",0.762868183946038,0.00752979861416293,29.2141245112751,0.0310802093059186,0.167987762480879
"MYL12A",1.44569913012768,0.011272526874666,23.654544996992,0.0309478148817073,0.0748157418995967
"MYL12B",2.42611558969798,0.0172172704295674,20.7625572583815,0.0314771455790615,0.0411625643165067
"MYL6",2.14450242321398,0.00355691831174841,20.1964377686164,0.0299086689144155,0.00111250173828397
"MYL6B",4.03825760137823,0.166611765142623,25.9769748869886,0.053970496619458,0.425949103045474
"MYLIP",1.04084961414482,0.107607588302328,46.7778559431169,0.0495779521946636,0.693992490613267
"MYNN",10.0117540858197,0.656948019783527,0.486300086474394,0.140846961377444,0.762689472952301
"MYO19",1.01205988290205,0.141350796090848,47.2959453586039,0.0557851097809068,0.764149631483799
"MYO1B",0.41917118793719,0.0269434639477738,51.8660713585779,0.0370127826715209,0.640731469892922
"MYO1C",1.57156137596391,0.057113974498021,35.4594936370519,0.0389405514612447,0.389236545682103
"MYO1E",0.459650884182845,0.055651654858248,54.8578641358787,0.0423069648820222,0.751494924210819
"MYO1F",0.106248645327092,0.0340914533695411,65.2640014083672,0.0402884248813678,0.91169517452371
"MYO5A",0.572004352948433,0.0918007224864857,53.3430782832549,0.0483349398032605,0.788485607008761
"MYO6",1.13018457858983,0.0389034593109136,39.6277755507664,0.0370201041867303,0.431859268530107
"MYO9A",1.57475755688883,0.166528929179112,41.0842941093938,0.0584802634164679,0.694201084689195
"MYO9B",0.938790220427112,0.113627134442079,47.9749086400179,0.0509277138683361,0.727089417327215
"MYSM1",1.89226434107834,0.222893231832515,37.5702719960897,0.06779989073382,0.728897232651926
"MZF1",2.06759723722164,0.185089513284923,38.1451594379414,0.0610540520350708,0.674106522041441
"MZT1",2.01996086089826,0.137154534160314,37.4937207472727,0.0522569148030394,0.576623557224308
"MZT2A",1.98492604072032,0.0596011533569174,34.241005537885,0.0392659903595311,0.373870115422055
"MZT2B",2.25857739453233,0.0493926992269891,30.5671976781612,0.0371809961755819,0.287234042553192
"N4BP2",1.22163744192807,0.243745852515216,41.36580385949,0.0733532918502309,0.833680990126547
"N4BP2L1",1.18318573567946,0.247242703052848,41.4185857495954,0.0740692605028763,0.840634125990822
"N4BP2L2",4.54903217244633,0.098444979846614,18.7656120297058,0.0414845080086996,0.174523710193297
"NAA10",2.50028025698525,0.174797633875997,35.2299121734755,0.0582550435450704,0.603601724377694
"NAA15",4.47909648480163,0.400125203729144,20.2483486768618,0.0956030936327847,0.720344875538868
"NAA16",1.84151277451026,0.374185990914794,30.4112424412679,0.0952594371439139,0.856556807120011
"NAA20",3.18247033191188,0.117073422088427,29.2175944958799,0.0468951310904968,0.392574050896955
"NAA25",2.2944794766229,0.323561558931263,31.5140267379174,0.085252664442013,0.791684049506327
"NAA30",4.247915972962,0.483605400997538,16.7461097832285,0.111526805821377,0.794117647058823
"NAA35",3.24119195461689,0.411498851037688,23.4882018304032,0.0996737145488015,0.795369211514393
"NAA38",2.52219100208559,0.037114298747478,24.4810692869047,0.0344422454351284,0.150743985537477
"NAA40",3.17823158163441,0.511555147981806,17.8720608988001,0.118426123442587,0.859407592824364
"NAA50",6.07523037487064,0.303302321606067,18.2382514374804,0.0754712247622619,0.528925045195383
"NAA60",4.41051003117436,0.305420914531789,23.3823077057695,0.0779458587043589,0.618968154637742
"NAAA",1.1157687652975,0.100231148782582,45.4549587352444,0.0479667080846153,0.655889306077041
"NAB1",0.816385846039415,0.201133010120734,46.6300006136452,0.0668924197845494,0.856556807120011
"NAB2",0.954095774976259,0.174577372299272,46.7468206346237,0.0618154427315676,0.812473925740509
"NABP1",0.278365636066913,0.0645594292666585,59.609070319084,0.0447817115347647,0.85829509108608
"NABP2",4.93160744866976,0.278903657791953,22.6755059065847,0.0727555463282445,0.563412599082186
"NACA",4.58553536554212,0.0110194353618097,18.070770831836,0.031203306753201,0.00187734668335419
"NADK",2.78797438063728,0.27002311130421,31.8004667650741,0.0747489602646617,0.706855791962175
"NADSYN1",4.51273737721543,0.372795165102707,21.283438585701,0.0904908518871481,0.693853427895981
"NAE1",3.79525868733721,0.37655013377112,23.1401814729318,0.0920905837675731,0.731956612432207
"NAF1",3.02667420809939,0.451934711682465,21.7519742375123,0.107417704705358,0.830899735780837
"NAGA",1.07852583054666,0.172928076773505,45.5076363074286,0.0610893751123443,0.786677791684049
"NAGK",2.02971594643392,0.127915888000781,36.5835798643599,0.0503866966291531,0.542970379641218
"NAGPA",1.79008030309313,0.363682338788437,31.3543152906275,0.09352225463381,0.855931024892226
"NAIP",0.671614895667913,0.0790971824090229,51.8802565896618,0.0457913367704043,0.738005840634126
"NAMPT",0.802868524858002,0.0555464579972997,47.5557111304868,0.0409490510336339,0.612779863718537
"NANS",1.56518842137864,0.0841009225364877,40.2623449142429,0.0441799029245766,0.530454735085524
"NAP1L1",2.4704999282592,0.0489665569496682,27.0054016432122,0.0364107274712158,0.220483938256154
"NAP1L4",5.17538790657756,0.223997059334289,21.2411301849363,0.0621006508251518,0.445209289389515
"NAPA",3.95835468969351,0.0989993580198116,24.3639640223138,0.0431121142936325,0.275066054790711
"NAPEPLD",2.76036183632929,0.433770892914361,23.5393202177704,0.104427796363844,0.832777082464191
"NAPG",5.16554292816324,0.407434868956739,17.8164517085732,0.0958297086608058,0.690237797246558
"NAPRT",1.14991379096193,0.0870538028470868,45.4349716116449,0.0457866971428284,0.63183145598665
"NARF",2.17642932992642,0.140219750670372,36.2569078561112,0.0524313069795459,0.55972743707412
"NARS",4.7059694614419,0.249576929033276,23.0554102873678,0.0673125631785629,0.519607843137255
"NARS2",3.00313803535342,0.463347513113624,21.184171587199,0.109611606423226,0.839521624252538
"NASP",1.47113168650033,0.0943678987521013,41.0225514253437,0.0459534473124917,0.56299541093033
"NAT10",2.19923885376086,0.304838105850426,32.9825762775265,0.0821277605933568,0.786469197608121
"NAT9",3.56181805403112,0.292873005652673,26.9248834207448,0.0770110197354172,0.659226811291893
"NBAS",2.81842922704972,0.306872871027436,29.6071188311274,0.0809375365008031,0.729731608955639
"NBEAL1",1.90825775548362,0.0807925994586209,35.2025973441013,0.0424993621144169,0.430538172715895
"NBN",2.5368598490776,0.171064085786362,34.5556773554556,0.0573294477199511,0.584619663468224
"NBPF1",1.60500931767612,0.100483000776866,39.8308968806279,0.0466782952521532,0.552287581699346
"NBR1",2.78191558264815,0.158328113169343,31.694903990396,0.0541191979218737,0.510012515644556
"NCAPD3",0.969419557515188,0.219833362642983,44.6113943537575,0.0698720971601109,0.851898206090947
"NCAPH2",1.4259799958447,0.286384613894284,37.6783293056611,0.0803994236630192,0.839521624252538
"NCBP1",7.96772596940529,0.659151076061302,1.846270191839,0.142669868524062,0.808162981504659
"NCBP2",7.19019203999191,0.32267635019836,14.6848941060574,0.0776284479673746,0.501877346683354
"NCBP2-AS2",8.40022901773852,0.396121129797322,10.6572632970945,0.0902044672691131,0.553330552078988
"NCBP3",2.66932351077816,0.232156705112378,32.52680785413,0.0676393829820514,0.654498678904186
"NCK1",2.76303778617974,0.250805341051999,31.5340345411283,0.0707688042182467,0.668822138784592
"NCK2",0.82813119065787,0.184563264048125,47.4261374463904,0.063947584113399,0.842441941315533
"NCKAP1",2.06345569405044,0.12915517251683,36.5912783339571,0.050621013716906,0.545543039911
"NCKAP5L",1.15208690066126,0.234811504100829,42.2436829209793,0.0719107455751965,0.834306772354332
"NCKIPSD",3.62560524500572,0.549667047880027,14.3705894488531,0.12486927521863,0.858990404672507
"NCL",4.0812136660611,0.0497848727216139,19.0469788848755,0.0353751925320719,0.0867056042275066
"NCLN",4.40213722448763,0.393584984547808,20.7807180201976,0.0945207474130433,0.718954248366013
"NCOA1",1.66566267223652,0.206079785928678,39.845642203399,0.0654583883888114,0.741065220414407
"NCOA2",2.72319744489904,0.263030227161548,32.0225137418058,0.0734227023804346,0.698720623000973
"NCOA3",1.67990422872249,0.165562041880818,40.380151769562,0.0581023013185781,0.679738562091503
"NCOA4",2.31274495689044,0.112083952571253,33.6798620362993,0.0470541248806809,0.461479627311918
"NCOA5",11.0224291043255,0.681955172834384,2.26299444158784,0.145888158671982,0.768112918926436
"NCOA6",3.03865576055297,0.340661720886008,27.5091584659357,0.0868540113116742,0.749269920734251
"NCOA7",0.346263660660259,0.0468519844569966,57.2957789021715,0.0412240405697072,0.7818801279377
"NCOR1",2.76376053816604,0.0780684808932158,27.0324576393748,0.0403486943298202,0.277360589625921
"NCOR2",0.96589856856188,0.0470266199198301,42.5300688502718,0.038670693769944,0.50152968989014
"NCSTN",1.99180642860796,0.118667876804974,37.0095921940355,0.0489952471593622,0.534139897093589
"NDC1",1.41359051599068,0.308527658442664,36.6181072902043,0.0845084258862787,0.857947434292866
"NDEL1",2.0665982593249,0.283748431439065,34.0989019535368,0.0782729181467473,0.770546516478932
"NDFIP1",5.8656965453376,0.126754772284579,16.7222677359891,0.0452906481102049,0.198233903490474
"NDFIP2",4.34829434167527,0.360609087515821,22.1195582342737,0.0883722992587054,0.688290919204561
"NDRG1",0.405064222526545,0.0299313764681048,53.3486221080103,0.0377295468795615,0.674871366986511
"NDRG2",0.26770480536494,0.0331739138638152,58.6986950953963,0.0390978152198054,0.783618411903769
"NDRG3",3.3128070279353,0.309725579914316,27.5849175157215,0.0806459023825652,0.699068279794187
"NDUFA1",4.65198170594269,0.0471694130631341,17.4854394354187,0.0349435368773271,0.0582672785426227
"NDUFA10",4.97169053523372,0.181246882607653,22.2909374723048,0.0553236934358675,0.389445139758031
"NDUFA11",2.50379443403912,0.106271320286848,32.8405921329682,0.0460192452655525,0.436448338200528
"NDUFA12",4.05829773517723,0.101376541967448,22.7780870653044,0.0429619416086465,0.250521485189821
"NDUFA13",3.49253930657591,0.165785512685098,28.5502321726215,0.0545622779491756,0.468849951328049
"NDUFA2",5.4100918346829,0.0854121516053439,18.2554018107493,0.0401222563883647,0.149214295647337
"NDUFA3",3.92354059174716,0.0525809151822027,20.1552041434213,0.0359084766429969,0.111180642469754
"NDUFA4",4.31936238264515,0.0232180459597402,18.4757380261622,0.0324348877021565,0.0292727019885969
"NDUFA5",4.76984141366905,0.136826975549912,21.5428592639292,0.0479866172730935,0.296412181894034
"NDUFA6",5.87294988918981,0.129040179602545,17.4458072763662,0.0459064440642734,0.215616743151161
"NDUFA7",3.40390933575364,0.518375177454879,17.0045647757856,0.119476310435698,0.855027117229871
"NDUFA8",4.92102283713284,0.168535522221978,22.2231507109753,0.0532218598820785,0.365734946460854
"NDUFA9",2.08430218060725,0.343933079766079,31.2534238205498,0.0893166468711974,0.82109581421221
"NDUFAB1",4.98632174579168,0.0838265567210526,19.1665562423471,0.0399859997082822,0.159504936726464
"NDUFAF1",4.15640633082546,0.530494980671412,14.285445571391,0.120457770949211,0.826380197469059
"NDUFAF2",4.5568580364988,0.31612874341153,23.1196840554722,0.0800452043235446,0.632665832290363
"NDUFAF3",7.96314740933719,0.147681247708015,12.4128278196517,0.0476163836509694,0.172785426227228
"NDUFAF4",2.7039974504657,0.300784292947691,30.5681041670403,0.0801906159611317,0.736615213461271
"NDUFAF5",4.29108037470351,0.615406164158439,9.03197127015012,0.136620361745365,0.86969823390349
"NDUFAF6",1.28491822268111,0.0944010067835265,44.676494330342,0.0468980012196795,0.631483799193436
"NDUFAF7",4.03619088416696,0.597043855556788,10.5581154937038,0.133311694141276,0.867542761785565
"NDUFB1",5.29992841236419,0.0863699512735202,17.991555952426,0.0400948145368091,0.145042414128772
"NDUFB10",5.44427944732609,0.0736272433439182,17.1396929674633,0.0383184303342295,0.107634543178974
"NDUFB11",6.55930045160863,0.0736989109953536,15.2127365159021,0.0382827114688164,0.0826032540675845
"NDUFB2",4.43548808404122,0.0379491448314018,17.8177796846448,0.0339105379214606,0.0453344458350716
"NDUFB3",7.69213820241658,0.163376507684278,14.150611745127,0.05052368430945,0.228966764010569
"NDUFB4",5.77471939980442,0.0531599669545125,16.4924160665258,0.0358786240868361,0.0618829091920456
"NDUFB5",9.17783268091232,0.242466665501895,11.0329454638726,0.0622734137540435,0.315324711444862
"NDUFB6",4.66164621844867,0.106078867401506,20.7229685063581,0.0432534853065736,0.225629258795717
"NDUFB7",10.1595788399479,0.137469839897128,8.65439054123272,0.0457731921479488,0.10575719649562
"NDUFB8",0.818235725582283,0.174964135855555,48.0528201395861,0.0623140411678913,0.83729662077597
"NDUFB9",2.21094795407714,0.0205860892081042,23.1294679886235,0.0321741198102501,0.0905993603115005
"NDUFC1",6.05836076935504,0.0672980942173256,16.3481153821826,0.0376251819368073,0.0874009178139341
"NDUFC2",0.791820067811786,0.0648533337483723,48.6078608494849,0.0426788563614053,0.649979140592407
"NDUFS1",3.32575899844895,0.240659000487983,29.3609378484156,0.0680956511353447,0.613544708663607
"NDUFS2",1.5141194851625,0.0483618167936909,34.9818314357747,0.0375892906710496,0.363370880267
"NDUFS3",4.29291482466987,0.172670925216194,24.4458493755314,0.0544470574330778,0.409887359198999
"NDUFS4",9.09803802143585,0.31533576844238,9.95888409944525,0.0743368453822035,0.41447642886942
"NDUFS5",6.79404379399884,0.0613791920061456,14.1572894363693,0.0366135675890938,0.0434570991517174
"NDUFS6",3.25680261430557,0.0553769748795351,23.1550698695054,0.0366750557973028,0.166597135308024
"NDUFS7",9.51449252239242,0.208785592864444,9.53330234559179,0.0561818262477387,0.235363649005702
"NDUFS8",3.60884304649234,0.0645243825364423,22.3394217549326,0.037766151412089,0.171325267695731
"NDUFV1",3.89319371869612,0.113403844873232,24.0949205953898,0.0449998245949522,0.295438742873036
"NDUFV2",4.29977570306909,0.0663935920652502,20.37433987883,0.0378116106923792,0.144208037825059
"NDUFV3",2.5942337308349,0.088563535548462,31.6533944939162,0.0430732484792345,0.382561535252399
"NEAT1",1.21783990794407,0.00600750850367607,23.3426660899666,0.0302677557578799,0.0561813377833403
"NECAP1",8.34841180367766,0.579249948375566,4.48399862375711,0.12573421045777,0.731608955638993
"NECAP2",1.78284609547863,0.174990833373115,39.2616679054523,0.0594379884864495,0.675914337366152
"NEDD1",3.26664501734734,0.485326921701767,19.0779125536446,0.11322620986644,0.83806146572104
"NEDD4L",0.550139478044535,0.0577505063229769,53.2108819742173,0.0423733681189869,0.724099568905576
"NEDD8",7.85538474982235,0.132006963957307,13.1215982069316,0.0456968604859434,0.157836184119038
"NEDD9",0.299671125092317,0.0553381239435029,59.0447747516913,0.0430270767583552,0.830830204422194
"NEIL2",3.05058553217145,0.34094992272556,27.3965896930563,0.0868469707793376,0.747740230844111
"NEK1",1.42891618371739,0.202672326834502,41.465924036205,0.0653535316954029,0.764497288277013
"NEK4",2.20579090635733,0.302272309099621,32.8640085779661,0.0815137013489059,0.779933249895703
"NEK6",0.900784503657595,0.119452768511034,48.8785447230516,0.0522347578585659,0.7545543039911
"NEK7",1.72815050379991,0.184850419313716,39.8227651644839,0.0614641104735273,0.703587818105966
"NEK9",2.6650454861951,0.235979369327822,32.3493809993781,0.0682703231870804,0.657836184119038
"NELFA",7.61327442285483,0.518374223083187,8.15870794962036,0.114343797999433,0.700806563760256
"NELFB",3.35015110579558,0.389952943069247,24.2282866968192,0.0954952301198147,0.773049645390071
"NELFCD",4.77417082385607,0.263933265789591,23.6018623812145,0.0703597884121695,0.554234459741343
"NELFE",7.83927410173183,0.302175187012938,12.784469245697,0.0729256985064527,0.437352245862884
"NEMF",3.72686785992898,0.212562068943937,27.1668932322982,0.0621057509637702,0.526421916284244
"NENF",0.805899305550681,0.0482265018133572,47.7154420639408,0.0398379115941766,0.602419691280768
"NET1",0.69017994047755,0.028951727206997,45.7716439792208,0.036456010501138,0.528438325684884
"NEU1",1.93673908794882,0.094304805590938,36.2548129687127,0.0448602593609858,0.475385899040467
"NF1",1.6893913689469,0.116748443151006,39.4664684272024,0.0492801549850124,0.575302461410096
"NF2",3.57878353925071,0.427510352271031,21.4205983528282,0.101936007973942,0.785148101793909
"NFAT5",1.30570837339005,0.131738317433896,43.7342622951029,0.0530100992268508,0.68092059518843
"NFATC2IP",2.81014271561975,0.273693121757026,31.2565636291266,0.0751796161288971,0.703240161312752
"NFATC3",1.61923660888022,0.23379497023264,39.0596321837744,0.0704776927368714,0.774648866638854
"NFE2L1",1.66143609196099,0.10686138343137,39.225365178859,0.0475598066495673,0.552704769851203
"NFE2L2",2.70484763996844,0.118149800269949,30.7446506592103,0.0472594408102424,0.419830343484912
"NFIB",0.366884875918135,0.0234017638616075,53.8396207584694,0.036748673324583,0.672090112640801
"NFIC",3.99272657253347,0.0659298366298963,21.4379529997287,0.0378946951558845,0.160478375747462
"NFKB1",1.74003103943579,0.227434701602814,38.4671153429309,0.0690141908141895,0.752955082742317
"NFKB2",0.637614376102499,0.0955276459790331,52.4523333921562,0.0488069564424432,0.778473091364205
"NFKBIA",0.445618553668404,0.0104979162069121,43.642325797814,0.0333371845981642,0.450702266722292
"NFKBIB",2.31414809618872,0.358735789679507,29.5195990978621,0.0915727073178762,0.814907523293005
"NFKBIE",0.346060971360737,0.168011390386913,53.376998214523,0.0626687898493573,0.924141287720762
"NFKBIL1",9.15854292799351,0.43051109540353,7.87232460558237,0.0956489997516847,0.561048532888333
"NFKBIZ",0.276994117881784,0.0086280606830943,51.3097674395454,0.0340338499380311,0.594910304547351
"NFRKB",2.23631237640436,0.40958095430579,26.8373903879107,0.101010163997041,0.851550549297733
"NFS1",3.38463296328497,0.451870284651011,20.7589680728272,0.106859663223305,0.813238770685579
"NFU1",2.46887108752876,0.199741894696422,34.5979764671824,0.0624454127590439,0.635516617994716
"NFX1",4.87854499842432,0.370354824942047,19.8252946355525,0.089168430801012,0.664580725907384
"NFYA",1.12131378727932,0.199088262809618,44.3723607438297,0.0657275110484539,0.811570018078153
"NFYB",2.36510942684806,0.270106696690864,33.2601391100497,0.0752457182876537,0.732512863301349
"NFYC",4.12558888357294,0.293622490448157,24.5544130339437,0.0761281363098814,0.619315811430955
"NGDN",5.65903252222992,0.380867998961276,17.0728214345633,0.0899255719997324,0.634682241691003
"NGLY1",4.12115999112933,0.37432292885803,22.3860895225773,0.0913195857019737,0.71533861771659
"NGRN",4.38594406454467,0.125856897326303,22.9132539373762,0.0466736133217708,0.299471561674315
"NHLRC3",2.81625849815198,0.215514578186433,32.0239242608822,0.0643768265346779,0.616882213878459
"NHP2",3.3258716833236,0.0498861326120405,23.6974918050564,0.0361853258923965,0.167361980253094
"NIF3L1",4.56961525310957,0.49269528368702,15.5540911941327,0.112862383266295,0.787859824780976
"NIFK",4.6699546606615,0.234388003268363,23.8107680556317,0.0649618411340028,0.507231261298846
"NIFK-AS1",2.37633114465831,0.495409154986487,20.6841168660012,0.116374343682887,0.883326380197469
"NIN",1.23447182395414,0.165569281409111,44.1688830051375,0.0592775038592295,0.749061326658323
"NINJ1",1.62012546081474,0.0360863732556808,34.2685942686416,0.0358712254953013,0.327701293283271
"NIP7",3.55003632571846,0.444420460146808,20.6785903958768,0.105193004160052,0.799680155750243
"NIPA2",5.93889687915035,0.393879068672404,16.2879250781984,0.0923070113590833,0.642608816576276
"NIPAL3",1.95004189148425,0.274393928321966,35.5663777491651,0.0771076410754964,0.781184814351272
"NIPBL",3.93397230050003,0.180010291369143,25.5849826359512,0.0559065719457079,0.441593658740092
"NIPSNAP1",2.81543332355694,0.280098831154616,31.4239754417321,0.0765817095187049,0.717285495758587
"NIPSNAP3A",2.34594701309581,0.258376522970789,33.7488458144567,0.0731505920079619,0.721248783201224
"NISCH",2.50057199389684,0.219199642977685,33.8942584796207,0.0657502155195649,0.656584619663468
"NIT1",4.28307854520239,0.285539755113614,24.3885214798758,0.0745712663551822,0.603184536225838
"NIT2",3.85238116603843,0.177823072875581,27.7640002653991,0.0564946583414755,0.477541371158392
"NKAP",3.695221218839,0.25615813628137,27.1876838689728,0.070111882324806,0.601863440411626
"NKIRAS1",3.37479834636251,0.592882310803621,11.9758316730139,0.13321056691451,0.886594354053678
"NKIRAS2",3.05826471879352,0.237026544412429,30.6122200538672,0.0678678469163469,0.629189264358226
"NKTR",3.00038793680461,0.130162042411964,29.4339925352745,0.0488454107414509,0.418856904463913
"NLE1",2.86549300546121,0.456124136304949,22.0346867443958,0.108513472291038,0.842789598108747
"NLRC5",0.342064918746947,0.0888535200804467,57.7015965752001,0.0487990372711348,0.865665415102211
"NMB",0.20015394567825,0.0485574112115556,61.7654121293764,0.0423035776512801,0.870602141565846
"NMD3",4.27326214645987,0.350641938848155,22.5874995772896,0.0865415225610532,0.679947156167432
"NME1",1.09194191994373,0.100411419323882,46.7146755796366,0.0483616550630338,0.680086218884717
"NME2",3.98942237803307,0.0406449431340068,19.8173487237988,0.0344891098312031,0.0834376303712974
"NME3",3.1761018821722,0.0534069037267387,24.2286697667906,0.0366658242529931,0.182519816437213
"NME4",1.34889065372546,0.0273761500377807,35.0528099720276,0.0347302409302934,0.324085662633848
"NME6",4.34582962368071,0.36554170613843,22.3155709487217,0.0895728774138683,0.699972187456543
"NME7",2.37675279178602,0.305035115685055,31.8631679297612,0.0816123180076996,0.766722291753581
"NMI",0.883508124104612,0.11691361836402,48.8188542310455,0.0517410080201219,0.748783201223752
"NMRAL1",4.37432430925906,0.230231841463439,26.1450031671128,0.0652682808681693,0.541301627033792
"NMRK1",2.53874481073455,0.263464862073126,32.6877417696387,0.0737304302050876,0.711097204839383
"NMT1",2.95839741226606,0.273938147348254,30.2060300283066,0.074727515313331,0.684883882631067
"NMT2",0.568634976123482,0.251940804405831,45.3477142316081,0.0765896531036371,0.920595188429982
"NNMT",0.163042026398352,0.00379640209892382,55.0536372777643,0.0337168111505863,0.657975246836323
"NNT",1.6592213700577,0.228872675670243,38.9115131534284,0.0694546513943263,0.763454317897372
"NNT-AS1",1.01842366445162,0.161309291478459,46.5663141840276,0.0592517209956629,0.785843415380337
"NOA1",3.53431138233234,0.318445530196693,26.7787547201986,0.0821092599160756,0.699763593380615
"NOB1",2.84102209869535,0.248696734801831,31.8749770349475,0.070621631648542,0.671742455847587
"NOC2L",2.40330422709113,0.138851843937762,35.0250565086326,0.0519131240923079,0.535460992907801
"NOC3L",3.09339969989835,0.378700548863851,25.5721319746319,0.0937910464153423,0.778125434570991
"NOC4L",9.58644522259429,0.683908335388969,0.811922622571196,0.147144012558623,0.797524683632318
"NOL10",3.01495138768618,0.434751244539055,22.7689604485835,0.104239865334204,0.820748157418996
"NOL11",2.20509438723569,0.229376017562394,35.7322173878485,0.0683933309363341,0.707203448755389
"NOL12",2.34438839881329,0.645722434220436,9.78517474835134,0.143936797362383,0.934849116951745
"NOL7",5.84533410326863,0.16388512465818,18.3863861636183,0.051375582928799,0.293561396189682
"NOL8",3.23191494520456,0.288241379929886,28.8642898894003,0.0770171364211641,0.685648727576137
"NOLC1",2.3971076247356,0.166952243066715,35.7463949746067,0.0570064968953121,0.598873591989987
"NOM1",2.79282751592928,0.496795619717712,19.568860968244,0.116052101346578,0.865595883743568
"NOMO1",2.76637504833733,0.46766093028008,21.5526039591031,0.110758785098079,0.853149770546517
"NONO",6.14658003034462,0.13301042050973,17.357664475331,0.0465981744910264,0.223126129884578
"NOP10",4.80561467141381,0.0826775561157107,18.8314146647643,0.0396326777856995,0.149561952440551
"NOP14",2.70786398058566,0.305994346945286,30.5808094245085,0.0812892959741233,0.745723821443471
"NOP16",1.75878055431393,0.163591634417236,40.6168589099304,0.057913576723536,0.681059657905715
"NOP56",3.37153851836789,0.216327361017148,29.7783016109838,0.0638427260535826,0.579335280211375
"NOP58",2.88833956791671,0.165494308495738,32.2903515532601,0.0556690652535971,0.53441802252816
"NOP9",2.84155265676347,0.479832937793455,20.6071138695762,0.112915151211356,0.85627868168544
"NOSIP",6.95516645706683,0.255817418526249,15.1331023765739,0.0654400524784102,0.398206090947017
"NOTCH1",0.182245783101971,0.0366294167171759,62.2305025002187,0.040260309983598,0.857877902934223
"NOTCH2",1.59850149089945,0.0719054085770651,37.2299347156579,0.0415237391189899,0.450563204005006
"NPC1",1.07484704085373,0.226785726874786,43.1985934601622,0.0706843546155719,0.837922403003755
"NPC2",0.897057357422911,0.0102257914815,30.4778145087823,0.0316339535675615,0.198998748435544
"NPDC1",0.990188520285278,0.0211138277334099,37.4782322086355,0.0341322065455182,0.355931024892226
"NPEPL1",3.60026496560966,0.449568472308189,20.4102039404226,0.106209307114925,0.803365317758309
"NPEPPS",2.48322890934619,0.092052800342089,30.9716149555857,0.0432932376310137,0.375191211236268
"NPHP3",1.57657957248613,0.380365110345749,31.0143387723398,0.0968733256288186,0.877694340147406
"NPLOC4",1.2001146373076,0.120921386843587,45.2588548065151,0.0515456286156899,0.689890140453345
"NPM1",2.73523012060128,0.013285443796659,19.8936757443184,0.0310446139274824,0.0204422194409679
"NPM3",1.30227675749105,0.221058739798476,42.1334583354997,0.0692031056665493,0.808719232373801
"NPRL2",5.31028725810465,0.404089249064409,17.7964412705532,0.0952068199860974,0.684675288555138
"NPRL3",4.41309454180228,0.293776203216734,24.2053635357536,0.0761820781963631,0.614240022250035
"NPTN",2.20858746937146,0.121351563177873,35.6612947953795,0.0491286668265944,0.514879710749548
"NQO1",0.530369025531546,0.0219415220968569,48.6296755092051,0.0357956296037976,0.569531358642748
"NQO2",3.05482723716574,0.231118431752646,30.6886404289844,0.0667914874945885,0.620358781810597
"NR1D1",0.273218497201992,0.0686569112476198,59.6522990845786,0.045529620617321,0.866499791405924
"NR1D2",1.12899238758704,0.172186535558925,45.1238454527636,0.0608325122523726,0.77833402864692
"NR1H2",9.9665984486744,0.414446785183609,6.27233071467627,0.0915165373423954,0.510429703796412
"NR2C1",1.3832331134419,0.280653975440214,38.2549069054882,0.0794838733076566,0.840216937838965
"NR2C2",2.53010798542042,0.379635002021113,27.4001081099872,0.0948728406754658,0.811917674871367
"NR2C2AP",2.71579268521743,0.278736055837044,31.9088145080074,0.076509722587785,0.723543318036434
"NR2F6",1.75703809605671,0.15494356304065,41.0667579397478,0.0565314681360098,0.674176053400083
"NR3C1",0.554145135594919,0.0397209661881867,50.3556561748646,0.0388423413704677,0.636003337505215
"NR4A1",0.198405899765511,0.00733408682040291,55.6499841039104,0.0343692086915169,0.676401056876651
"NR4A2",0.251476387447951,0.0156116598361522,56.3709081506505,0.0358173085986004,0.706090947017105
"NRAS",4.04219681782509,0.426318777310188,20.2057835223892,0.101056884415446,0.761994159365874
"NRBF2",3.18862438381759,0.272673706662766,28.9033183590155,0.0738931867452199,0.659643999443749
"NRBP1",2.49648446915378,0.118509357012779,31.92448624331,0.0475791038148003,0.441246001946878
"NRDC",5.86123845988592,0.244728502117941,18.4038039829626,0.0646308391041409,0.43269364483382
"NRDE2",2.35124245975304,0.366730515735908,28.7287722758569,0.0928083809967416,0.814073146989292
"NREP",0.190507142743857,0.00672935398894376,55.2317622693612,0.0342128037050066,0.667083854818523
"NRIP1",0.690230559276723,0.0437285079333609,48.9032316790964,0.0392908158805149,0.616256431650674
"NRM",0.471719646312306,0.128143861837498,54.1355223965415,0.0552236435947535,0.868307606730636
"NSA2",5.64047351319952,0.113399515670658,18.2575812968255,0.0439303281403333,0.201084689194827
"NSD1",3.78805197629211,0.21203671229231,26.5609345485413,0.0617488262998903,0.51467111667362
"NSDHL",2.43586581497849,0.390605913122062,27.3132171085295,0.0972044402381737,0.828605200945627
"NSF",1.94734024591103,0.192476153506808,37.9690617399901,0.0622371017373594,0.683284661382283
"NSFL1C",3.39920251647318,0.203674794909502,28.8232798246523,0.0611040259593675,0.539841468502295
"NSL1",4.21804302929717,0.256974653723429,24.5772655480104,0.0691729134781531,0.557780559032124
"NSMAF",3.34834247371643,0.431269619215546,21.9415313678193,0.103033870737786,0.800445000695314
"NSMCE1",3.50385375596041,0.144137635931513,28.5347807309901,0.0510574943053312,0.430329578639967
"NSMCE2",2.34796563913914,0.236402705157225,34.9703856190804,0.0694875487704359,0.705812821582534
"NSMCE4A",1.61437324874121,0.144744673839056,41.2514278752898,0.0546571873623518,0.658809623140036
"NSRP1",4.45029328550272,0.208340910596693,24.6993644856491,0.060669252456902,0.477541371158392
"NSUN2",3.85955257400164,0.353477669274764,24.0982457956402,0.0878842827939724,0.710888610763454
"NSUN3",2.09861381641084,0.495246856934647,21.3897306288217,0.116736708694994,0.895772493394521
"NSUN4",4.25757846945513,0.470122722303435,17.545759692714,0.109074714831622,0.786399666249479
"NSUN5",6.16460450904099,0.393259944405708,16.1052185982049,0.0922206294984985,0.638854123209567
"NSUN6",1.78681176224803,0.261198821971989,36.8376284269989,0.0749733904978052,0.781462939785843
"NT5C",4.24274623022661,0.153080722500433,24.6001896598001,0.0513640561742824,0.377972465581977
"NT5C2",2.65174189873938,0.371069836171132,27.5084834372746,0.0931494213758138,0.799680155750243
"NT5C3A",2.28304243257484,0.18503655781708,35.6015858768651,0.0600713505153976,0.6275205117508
"NT5C3B",6.21749948261565,0.326136852058368,17.3545584284167,0.0794196751420158,0.551453205395633
"NT5DC1",1.46153805928114,0.150628167165533,42.8223149665425,0.0561861288152703,0.698164372131831
"NTAN1",1.2215878348231,0.126800167163474,44.8695359838817,0.0524660970387821,0.693158114309554
"NTHL1",1.26680919727461,0.114770268844266,44.6944862000386,0.0503430749944786,0.668474481991378
"NTMT1",6.66388824409003,0.355300446683588,15.5244184572402,0.0842761114326889,0.568210262828536
"NTPCR",4.46274424314045,0.243193893895664,24.5556648458467,0.0668129001717446,0.534904742038659
"NUB1",1.82269927393518,0.142345704164502,38.9417639597389,0.0535296546618444,0.61208455013211
"NUBP1",1.85307347189732,0.242227541695584,37.4552962103946,0.0715302038542933,0.760255875399805
"NUBP2",6.59356304715212,0.275138902417076,17.3493184263807,0.0700156106800375,0.46836323181755
"NUCB1",1.95866312588861,0.0566695144261934,30.2682302508222,0.037877406246566,0.292448894451398
"NUCB2",0.90721138659375,0.019790857396095,36.3786355783751,0.033726284616351,0.331455986649979
"NUCKS1",3.44707701394033,0.0390693429349079,20.6990589797363,0.0342657774075505,0.0917118620497845
"NUDC",3.28267575377084,0.092263803852761,25.8209436434398,0.0422334816176089,0.284730913642053
"NUDCD1",2.10982971849528,0.324915728363556,32.3898706278379,0.0859620841124192,0.809623140036156
"NUDCD2",5.01003136244964,0.20568220817431,22.2356455335291,0.0593702735909946,0.430955360867751
"NUDCD3",3.06802963116453,0.224156384402363,30.9215642241172,0.0656252423297543,0.612640801001252
"NUDT1",1.40196066850508,0.118535691930699,42.8112060170803,0.0504759133735747,0.640244750382422
"NUDT14",1.24197876950674,0.0796491305924748,43.2777682546375,0.0440613238638807,0.577736058962592
"NUDT15",3.64880183287479,0.469584880198017,19.2060791677954,0.109909963077707,0.814698929217077
"NUDT16",7.59291377726609,0.452997296574424,10.5779072852618,0.101684927939466,0.640244750382422
"NUDT16L1",2.08829469816611,0.126403987419959,37.4318970032431,0.0504912110785476,0.556598525935197
"NUDT19",1.62892638323999,0.415833268879578,28.5431754022863,0.10327532111318,0.892504519538312
"NUDT2",8.45936951738576,0.432392699100823,9.42925537511052,0.0968649160487843,0.589417327214574
"NUDT21",5.30350269622471,0.270176474513661,21.1345040674745,0.0704492637157881,0.522389097482965
"NUDT22",4.55481173650142,0.238231739783309,24.4182626068195,0.065905132565592,0.524335975524962
"NUDT3",2.65142012993278,0.159586388809859,33.4878027888063,0.054981416034771,0.544986789041858
"NUDT4",0.795071875102762,0.0486787957923288,47.6579226559566,0.0398873660485669,0.602072034487554
"NUDT5",4.49268392172502,0.243095503116824,24.152926221261,0.0665885709153483,0.527534418022528
"NUDT8",0.281152996008585,0.0913142592692272,58.959870749963,0.0495474365826516,0.89396467806981
"NUDT9",3.50954909643111,0.327704294411474,26.404882491349,0.0837615619312493,0.708524544569601
"NUFIP1",2.95861028659776,0.496878958037792,19.1568887696376,0.115835928911537,0.858364622444723
"NUFIP2",2.74518931736288,0.171883647612314,32.8944381392972,0.0569142960458097,0.55618133778334
"NUMA1",2.74044784082264,0.0864563227749639,29.095855321546,0.0420950541816639,0.331525518008622
"NUMB",3.73974174112519,0.254708701169941,26.4882868306615,0.0694658641731001,0.586775135586149
"NUP107",2.24519016990193,0.232609279529344,35.3159843117499,0.0688384716717043,0.705256570713392
"NUP133",1.86589587401258,0.215488049428331,38.1618402438187,0.0666357076155419,0.726880823251286
"NUP153",1.65870974410866,0.22142458665546,39.3104969465312,0.0681844854955802,0.757891809205952
"NUP155",1.97017724345472,0.357615628509699,31.0151770241599,0.0920817855662303,0.839730218328466
"NUP160",1.84980600944197,0.237931374469774,37.4717769578981,0.0706762019202883,0.753094145459602
"NUP205",3.05270501952883,0.462457454741573,21.0821919709284,0.109353357005685,0.836253650396329
"NUP214",2.65504329906037,0.261354277770708,32.1159486933468,0.0730817308762944,0.697329995828118
"NUP35",2.73095197690233,0.548493341972935,16.2470183795662,0.125693489968717,0.890974829648171
"NUP37",2.13003867518528,0.347642939192771,30.8820099021155,0.089917498354622,0.820678626060353
"NUP50",2.9374405752055,0.295670671569584,29.628284908283,0.0787463108578797,0.711375330273953
"NUP54",6.24148990357674,0.49919679545462,11.5088193025657,0.111979644615147,0.728062856348213
"NUP58",3.29136456198865,0.275197361718026,28.6633015341067,0.0743376391127414,0.65992212487832
"NUP62",3.69498701406788,0.342402136913038,24.9725327762767,0.0860152505074401,0.707759699624531
"NUP85",1.39592404292447,0.217303801666447,41.3475066108893,0.0681464155560351,0.787790293422333
"NUP88",2.29808662092499,0.422142731629619,25.7272311336958,0.103096828797371,0.852523988318732
"NUP93",3.28830395469868,0.524069449777517,16.6394091268204,0.120429646320322,0.857877902934223
"NUP98",3.03618277072969,0.284382716240603,29.3986217205245,0.0763965229805039,0.688221387845918
"NUPL2",6.67563940864968,0.506192143747308,10.2924564703771,0.112808395444677,0.718189403420943
"NUS1",2.6081793596375,0.288010488740202,31.6026781852274,0.0781179692904657,0.733486302322347
"NUTF2",6.49374891347889,0.216728084316873,16.8021260377058,0.0594163576508614,0.359755249617578
"NUTM2A-AS1",6.6546500958217,0.345224782767092,15.1111934013061,0.0819277298491304,0.544430538172716
"NUTM2B-AS1",5.02875931074138,0.361219102123461,20.0854155198732,0.0875678004066653,0.654498678904186
"NVL",1.07226532615624,0.148509471169672,46.6309702952291,0.0569194231554271,0.764566819635656
"NXF1",2.03163012819261,0.234229963376074,36.4507826969566,0.0695650431936034,0.728340981782784
"NXPE3",0.671768744998099,0.120594980938476,51.6385866274238,0.0531502344769638,0.808093450146016
"NXT1",5.11617320185742,0.317871633481124,20.8327868164495,0.0793008520188333,0.596231400361563
"NXT2",1.46164833401708,0.323825506651971,35.3047508420527,0.0870547144379955,0.860033375052148
"OARD1",4.52486148796509,0.332963167054292,22.6704071423701,0.0831392409019868,0.652621332220832
"OAS1",0.276402052040607,0.0280064093545306,58.0074315797991,0.0381183342881093,0.760812126268947
"OAT",1.05065375044601,0.0410457607490999,40.5370186558568,0.0374512423910291,0.452718676122931
"OAZ1",6.90642750732156,0.0353442247270918,14.9988351194599,0.0340005543586573,0.0136281462939786
"OAZ2",2.16915620008669,0.147504523881984,36.0553715512013,0.0535786866342075,0.568905576414963
"OCEL1",2.85524588918806,0.226308642759225,32.3503434664069,0.0665999737414567,0.641843971631206
"OCIAD1",5.92875930433853,0.14319134444492,16.9367965019292,0.0477295992261577,0.23153942428035
"OCIAD2",1.67148230251598,0.0618642499406971,38.2633775603355,0.0403699808431418,0.452371019329718
"ODC1",0.443360217103733,0.0580183277078926,55.5913929401384,0.0428607486276115,0.769851202892505
"ODF2",2.74268259112826,0.260028958316966,32.0538376870645,0.0728624407762569,0.694201084689195
"ODF2L",1.0814177659293,0.0805854389514576,44.7879193704554,0.0444921029173226,0.60728688638576
"ODF3B",1.30357261420325,0.0874657510728048,42.9047490777002,0.0452595617509402,0.585245445696009
"OFD1",2.80134051504695,0.193450684423288,32.9370832102644,0.0607892909793534,0.595188429981922
"OGDH",2.08679199606031,0.205206090060649,36.7060163614247,0.0641492649723247,0.682658879154499
"OGFOD1",2.06525580541792,0.354354901377565,30.6764905202231,0.0911989140902093,0.82818801279377
"OGFOD3",2.63266557797394,0.207718650081171,33.4588764808831,0.0635006103380375,0.62905020164094
"OGFR",3.84770248022877,0.237870868059508,26.7789001671482,0.0665793063925975,0.563621193158114
"OGFRL1",0.456448507418365,0.100996144168159,55.3477084181738,0.050482947851457,0.84285912946739
"OGG1",3.16708723438407,0.404939031478921,23.8425856832305,0.0983979012683717,0.790780141843972
"OGT",2.96867665016506,0.154163287397112,31.1343535147296,0.053340080161466,0.493255458211653
"OLA1",3.52733557146334,0.100534450156027,28.0728448019299,0.0442958905739178,0.343902099847031
"OMA1",2.45160698921564,0.375642706690863,28.0831808439395,0.0944192510873914,0.817480183562787
"OPA1",3.82962227122424,0.338469548234509,24.4951866613334,0.0849656038380762,0.692879988874983
"OPA3",2.69351569236351,0.479379466119305,20.9484022859562,0.112980975669878,0.861632596300932
"OPN3",0.806022764457251,0.267104125399182,42.7060066784657,0.0786174975645275,0.898136559588374
"OPTN",0.81105380426073,0.0434063728060598,45.0240932163697,0.0385407542125773,0.541718815185649
"ORAI1",0.734453091450358,0.177167101867165,48.7944621243716,0.0629821860048022,0.854888054512585
"ORAI2",0.681734366055562,0.070431577809556,51.3201723717825,0.0441758877760125,0.711583924349882
"ORAI3",2.4225843724057,0.275837749019856,33.2034273293416,0.0764325400898185,0.741482408566263
"ORC2",5.44266059652099,0.553405814277292,10.6547002751791,0.123539114317832,0.79884577944653
"ORC3",3.5936286488958,0.46348055392281,19.462316673219,0.108640904123792,0.809275483242943
"ORC4",5.7182705780312,0.463321762123338,14.2080266611773,0.10573037936956,0.717702683910444
"ORC5",2.75994020280875,0.444354438599249,22.9662795925203,0.106431414460006,0.840008343763037
"ORMDL1",6.7102374291838,0.335680185008551,14.8051931523411,0.0798561979230549,0.523571130579892
"ORMDL2",0.834604177217673,0.0376873446549935,44.1152004311433,0.0375292084390844,0.513767209011264
"ORMDL3",0.366237710603037,0.0253554472350307,53.7183362143837,0.0370359658961373,0.67334167709637
"OS9",3.38684054647526,0.115956678652778,26.0009874008779,0.0457175716779384,0.331803643443193
"OSBP",4.5834126782543,0.440327317185196,18.2793404059448,0.103090608483758,0.751216798776248
"OSBPL11",1.38115483641888,0.446739429635373,27.0084130739126,0.10917182359934,0.916423306911417
"OSBPL2",3.82076468171471,0.394138199748698,22.4542639063116,0.0954552197551132,0.748852732582395
"OSBPL3",0.320042340483151,0.114093071735643,57.0205062869891,0.0533323401452379,0.897719371436518
"OSBPL8",1.04795169914058,0.044548871679152,41.1140313814038,0.0380694440769481,0.470310109859547
"OSBPL9",2.43550550784294,0.154999639380111,34.1105466287186,0.0542849469468229,0.547281323877069
"OSER1",4.8642801613584,0.336372597583813,21.3951716878248,0.0832260429758264,0.636350994298429
"OSGEP",3.87771850793055,0.285602069509855,25.7909562801811,0.0751219876411726,0.627311917674871
"OSMR",0.364836524621329,0.0726734877681832,57.4469338152195,0.0458034122025747,0.83173411208455
"OST4",5.11138166743907,0.0283428173933065,16.8533492210367,0.0329431119958274,0.0166179947156167
"OSTC",2.33681691701766,0.0393554513599108,24.8438604450562,0.0346884565791735,0.160061187595606
"OSTF1",2.11429006978468,0.118341748978054,35.2062886119252,0.0484126300390028,0.500278125434571
"OSTM1",1.40958052327598,0.183919855260771,42.0466887166163,0.0619937212860875,0.742316784869976
"OTUB1",7.24979085018089,0.199347126302445,14.9481502241388,0.0561336084295786,0.301487971074955
"OTUD1",0.500714245248216,0.224472650145392,47.8999532801844,0.0720077575896508,0.920386594354054
"OTUD4",2.49013793266764,0.340667381788155,29.7314242579319,0.0879135493686226,0.788555138367404
"OTUD5",3.2781597083699,0.373862005028276,25.1823401795967,0.0925917554438727,0.763315255180086
"OTUD6B",2.55702928969068,0.457592496801224,22.7933892412689,0.109246879184856,0.858712279237936
"OTUD6B-AS1",3.04287439182563,0.128588863764123,30.2487537160386,0.048938864779096,0.431581143095536
"OTULIN",0.788434985447697,0.20786196288571,46.7653664580239,0.0682961940954741,0.870810735641774
"OXA1L",6.78711749899285,0.206416793103693,16.607363871628,0.0578308972740584,0.340495063273536
"OXCT1",0.631314729777508,0.153118015640904,50.9703523147863,0.0590453028010502,0.853149770546517
"OXLD1",4.08946365273158,0.19072338307236,26.5611079419694,0.0582933363782599,0.479210123765818
"OXNAD1",0.584317145017585,0.161012476723928,51.1256797331224,0.0606041122685293,0.869906827979419
"OXR1",3.02120647779323,0.196152077180784,31.5673638691579,0.060801418529884,0.575580586844667
"OXSR1",2.68012722715262,0.33159845543001,29.3307117379593,0.085850952922327,0.766305103601724
"P2RX4",2.36165706830782,0.27310960264634,33.5055964687392,0.0760000397587073,0.742177722152691
"P3H1",0.380751327401195,0.0397837605834456,55.4534873611497,0.0396976017882292,0.73355583368099
"P4HA1",1.19427955981379,0.0928058919760601,44.2178622289606,0.0464215352170634,0.619315811430955
"P4HA2",0.567606017705428,0.0580938475385811,52.4365114081356,0.0422703829111128,0.709915171742456
"P4HB",3.23752100076148,0.0306197352338462,20.4961111893682,0.0331909933913605,0.0699485467946044
"P4HTM",2.30255022169918,0.137897266477168,37.0015391283441,0.0524291587210508,0.570296203587818
"PA2G4",2.14062932273804,0.046273775950668,28.5608020966439,0.0362502130246636,0.242108190794048
"PAAF1",4.18124349988701,0.490958368918552,16.6447812146883,0.113132511681355,0.804199694062022
"PABPC1",2.50066770149332,0.00889938519206755,20.3663891769478,0.0305956110033746,0.0185648727576137
"PABPC4",2.96735393841425,0.151668918951654,32.6497131086542,0.0535525485252638,0.517104714226116
"PABPN1",3.70670758795183,0.134141525666496,27.3292402924464,0.0491627289179393,0.391461549158671
"PACS1",2.45685981766405,0.261259256312151,33.3239555913671,0.073584628194982,0.718745654290085
"PACSIN2",2.55808023661722,0.242933287408201,33.478180024783,0.0701388844322919,0.690307328605201
"PAF1",4.16848228656993,0.282484929867966,24.9266832984377,0.0742177615937297,0.607356417744403
"PAFAH1B1",2.4329316455467,0.0980561444071476,31.0971674887341,0.044172739803999,0.388124043943819
"PAFAH1B2",3.00569746555884,0.215163722933373,31.3458017824728,0.0641275546983784,0.604575163398693
"PAFAH1B3",1.446075741962,0.0397669010196563,38.0484727809757,0.0370307753869528,0.405645946321791
"PAG1",0.120118398783216,0.041774164767505,64.5791752411242,0.0415639616812094,0.912390488110138
"PAICS",2.14217447006723,0.132657857834179,37.8986516384222,0.0517511000356078,0.576901682658879
"PAIP1",5.37396123946196,0.246064758985049,20.6281470114497,0.0657935560335714,0.472743707412043
"PAIP2",5.87836244099797,0.153225709406381,17.962463893476,0.0496082005864143,0.267487136698651
"PAK1",0.627107011914299,0.0528707369629102,50.6827682389847,0.0410710797236233,0.666944792101238
"PAK1IP1",1.67984859755316,0.250831992064878,38.156963042079,0.0734942327973644,0.787651230705048
"PAK2",5.1695566929257,0.144739979782735,19.9032024552733,0.0487330595225978,0.283062161034627
"PAK4",2.26954936420653,0.176835503599966,37.5036530961161,0.059431989617508,0.64851898206091
"PALLD",0.277797236498232,0.00531980168626887,48.0110797136574,0.0331078023791584,0.52454456960089
"PAM",0.311735641920376,0.0129731679530154,51.5562452380006,0.0347438349084743,0.60805173133083
"PAN3",3.25074845497894,0.420483497086899,23.0114962981648,0.101350949936291,0.801696565150883
"PANK2",3.04301468865769,0.346317820866661,27.3172893194701,0.0879394344061858,0.75531914893617
"PANK3",2.27722713622632,0.174454904438486,36.5240871807961,0.0585749404492879,0.626060353219302
"PANX1",1.54791576605794,0.34765301225055,33.3575316957656,0.0911113073192292,0.865039632874426
"PAPOLA",118.364091283907,0.790691736965592,43.8571184704521,0.171017113403413,0.25935196773745
"PAPSS1",2.02892115813991,0.129164304196926,36.8189774756489,0.0506776791292141,0.549645390070922
"PARK7",5.04501524323952,0.0470825642881872,16.8955282732865,0.0349602231576804,0.0510360172437769
"PARL",1.61231762378725,0.192269530964654,40.855561798776,0.0632322378747501,0.735502711722987
"PARN",1.91896790761765,0.204337854581087,38.182658136483,0.0645511304228137,0.707968293700459
"PARP1",1.84516832035887,0.0565331819633277,33.9304956743419,0.0386745262374209,0.361145876790432
"PARP10",1.1816899168842,0.077765347008589,44.1473263049558,0.0439471616802524,0.590529828952858
"PARP12",0.874057545698467,0.151094205276121,48.4860629120676,0.0579326114044233,0.803434849116952
"PARP14",0.608942805685467,0.0357159837689393,48.2609831953579,0.0378624815923701,0.588513419552218
"PARP2",2.26601810226622,0.338736141797954,30.6969532234169,0.0879573584753653,0.802461410095953
"PARP3",1.63706199242699,0.229167471938354,39.4186124895344,0.0697571648634709,0.773327770824642
"PARP4",1.53571045700706,0.186280074116342,40.8557524423683,0.062023097740023,0.724655819774718
"PARP8",0.471742221133584,0.143473149720878,53.3532942460538,0.0579090295648735,0.880684188569045
"PARP9",1.41136812811205,0.113893866659965,42.7760624467903,0.0496815061502296,0.631275205117508
"PARVA",0.532399192906595,0.034863945588007,50.1900309163609,0.0380339778783444,0.623696287025448
"PARVB",0.461736563030477,0.0828293187440827,55.56032083448,0.0472332120201509,0.81428174106522
"PATL1",2.51382462745496,0.353169867258983,28.9084538028799,0.0900856791971835,0.794743429286608
"PAWR",1.11779773092904,0.07251503889619,44.4300106410432,0.0431332416679504,0.585940759282436
"PAXBP1",2.52168634106402,0.416042850096186,25.5032573654536,0.101699150979272,0.838478653872897
"PAXIP1-AS1",1.36844063311458,0.203979873759002,42.4661686912841,0.066030272510378,0.785287164511195
"PBDC1",2.29409192499609,0.17669518777429,35.9395677243573,0.0587318320940832,0.61917674871367
"PBRM1",3.24090667033222,0.202228403857103,29.913410254278,0.0612591714425553,0.55666805729384
"PBX2",2.31757687623184,0.291443522829601,32.8535310458494,0.0793397680151428,0.761507439855375
"PBX3",0.737608848035536,0.185065649152725,48.3324261828768,0.064357248314627,0.860102906410791
"PBXIP1",1.25266900860516,0.104843093456828,43.6173521620252,0.0482912957805585,0.630023640661938
"PCBD1",2.63233122245767,0.0548502761673872,29.5553000313539,0.0378727442946608,0.281323877068558
"PCBD2",2.44792699880064,0.36046952322936,29.0760102115622,0.0917608772135061,0.80997079682937
"PCBP1",2.13310287631511,0.0454273540473783,27.5618221171992,0.0359139954405975,0.221387845918509
"PCBP2",4.40303417071884,0.0213465985473613,17.5439696122824,0.032073697257106,0.00910860798219997
"PCBP4",2.40401155536139,0.306123559251226,31.7696428755247,0.0818068460954731,0.766930885829509
"PCCA",3.32671806206119,0.548430391601015,14.9831768687908,0.124919522358224,0.868029481296064
"PCCB",1.33289631854795,0.194653591225637,42.9865691140506,0.0644149875798899,0.778542622722848
"PCED1A",2.49438560906649,0.225540868450718,33.817701175884,0.0669080723294202,0.666179947156167
"PCF11",2.91110005534793,0.200764274438545,32.0275641676775,0.0617616339124871,0.591642330691142
"PCGF1",7.55685764191114,0.473972872448656,9.85939666591241,0.105693943950465,0.660756501182033
"PCGF2",3.86885204992395,0.191174670051828,27.2183474423819,0.0585152897552598,0.4908913920178
"PCGF3",1.59830953247151,0.120901908011486,41.141610135658,0.0504740052780653,0.613961896815464
"PCGF5",2.67045860693255,0.239124583093913,32.9234789364671,0.0691944426214768,0.673897927965512
"PCGF6",1.79043303306503,0.366350482942767,31.1449189545511,0.0939733681752344,0.856626338478654
"PCID2",3.04319946649748,0.308339547587254,28.9004258472112,0.0809846308346611,0.719927687387012
"PCIF1",6.15005152358154,0.389174676137581,15.5480711682325,0.0908851814561775,0.622375191211236
"PCK2",1.07427482187546,0.133160273232153,46.9366257856168,0.0542079813161363,0.743012098456404
"PCM1",0.905189178448862,0.0186622893117174,34.5120359688134,0.0332744914471906,0.293213739396468
"PCMT1",3.19450736644732,0.142859182394169,29.4947150352055,0.051009473048244,0.443957724933945
"PCMTD1",1.86378808605801,0.0887433581352055,36.2659056936273,0.04396183200189,0.464956195244055
"PCMTD2",3.30905688382245,0.320958092913878,27.2287642300701,0.0827339593836146,0.711583924349882
"PCNA",0.659418676783565,0.0532660127818698,49.8585403837224,0.0409809518636605,0.651995549993047
"PCNP",13.3435610141012,0.355575244677811,0.523666086318578,0.0777169949422366,0.333194270616048
"PCNT",1.23441658712425,0.189100536877876,43.9302988042487,0.0636720469461769,0.786121540814907
"PCSK7",0.592902308086198,0.0447925342552965,49.8622196577885,0.0395747381026542,0.636072868863858
"PCTP",2.52743521842433,0.471289812896846,21.919174138044,0.111744218417113,0.865665415102211
"PCYOX1",3.34062631297016,0.203285495903651,29.7343065632214,0.0614416428045507,0.555694618272841
"PCYT1A",3.83211123284718,0.404765018408629,21.8060686238925,0.0973181514859987,0.754832429425671
"PCYT2",1.14593721474429,0.165725542942476,45.4648367518811,0.0597608413539598,0.773397302183285
"PDAP1",118.300815393065,0.785360215604605,41.7967739556229,0.173630267444461,0.278681685440133
"PDCD10",6.27316040801979,0.268575836424029,17.709373763831,0.0687915658451393,0.462383534974273
"PDCD11",2.44389564753959,0.366807975159768,28.714728663123,0.0929035853824445,0.814073146989292
"PDCD2",3.28125311317365,0.221015964139818,30.6044303881735,0.0650592699541967,0.602280628563482
"PDCD4",0.379509294111878,0.0102228677483267,47.2252770168584,0.0337669686688157,0.519260186344041
"PDCD5",4.80776726940528,0.115694945059356,21.1684078958733,0.04483347237545,0.252259769155889
"PDCD6",6.09713051222486,0.0999264126006519,16.0909231912292,0.0416051268066776,0.141148658044778
"PDCD6IP",4.41131516256462,0.155395985079672,22.5693584105088,0.0509661317278652,0.3456403838131
"PDCD7",2.88552100958151,0.365202769263885,27.1641112182235,0.0918081602577237,0.783966068696982
"PDCL",2.33009521308268,0.292501133213058,32.4725385485422,0.0793323448776573,0.756362119315811
"PDCL3",3.21995322273269,0.261540055344362,29.6772944387315,0.0721970465654853,0.654846335697399
"PDE12",3.86291003214417,0.48068404487034,17.9519965457393,0.111604378148861,0.810596579057155
"PDE4B",0.200642833335639,0.0348392160669969,61.6507146764485,0.0398576419134212,0.843484911695174
"PDE4D",0.337628802822891,0.113633488515764,56.7906399617866,0.0531889015433303,0.892574050896955
"PDE4DIP",1.29063280420836,0.0795755629689205,41.9866550091385,0.0437361533715653,0.553261020720345
"PDE6D",4.1821615604114,0.386873520127184,21.1954931024096,0.0931801861254312,0.714921429564734
"PDE7A",0.61013294570906,0.111688186569192,52.7808980064329,0.0518164287726229,0.813655958837436
"PDE8A",0.696789197833261,0.198065840494346,47.9008890472976,0.0667414966944756,0.874704491725768
"PDHA1",5.34952755329516,0.381346692677895,18.2085736644109,0.0906586367309999,0.654915867056042
"PDHB",3.16294672949104,0.190481112171704,30.319810975082,0.0593160329231661,0.543248505075789
"PDHX",2.45904176342727,0.261166212402697,33.5588900918988,0.0737046553666654,0.72291753580865
"PDIA3",2.49238032432054,0.0313107856982074,22.5900811202726,0.0333681734838854,0.103462661660409
"PDIA4",1.77148288400852,0.06265967302882,34.628300424166,0.0396463770833899,0.385203726880823
"PDIA5",0.935402717473263,0.139735693763434,47.8912195037783,0.0556341789193347,0.772215269086358
"PDIA6",2.3707771269312,0.0517205031320827,27.1857045846591,0.0367407874343354,0.228132387706856
"PDK1",0.267296832417536,0.10906766489551,58.1763548922518,0.0526766991170285,0.910652204144069
"PDK2",2.36919869535558,0.327683821402936,30.8136948301974,0.0857360077841145,0.786052009456265
"PDLIM1",0.479246989041744,0.0172344433161637,47.3299691100832,0.034859032641644,0.53518286747323
"PDLIM2",0.333205846813737,0.0224018821537677,54.2043229060746,0.0366226770983914,0.677096370463079
"PDLIM5",0.776334119587609,0.0236381297392058,41.1326231774582,0.0349530920409061,0.429495202336254
"PDLIM7",0.349517015316092,0.0122330494522375,49.0508888714885,0.0342970584220643,0.558267278542623
"PDP1",1.24685192654704,0.18596802944991,43.743805532148,0.0629923500472847,0.777151995549993
"PDPK1",5.45351886593576,0.370034572822665,18.4602027982051,0.0885482595675612,0.641079126686135
"PDRG1",1.67871288442586,0.208170955435555,39.9039329441682,0.0659046131390296,0.745862884160757
"PDS5A",3.55596668628414,0.247667592438351,28.2767186307564,0.069009021914346,0.606661104157975
"PDS5B",2.10735020527165,0.243430049304112,35.6311499880978,0.0710100001929306,0.729383952162425
"PDSS2",1.05758588368931,0.220467286194692,43.7281982707091,0.0696465440802511,0.836740369906828
"PDXDC1",3.27022055812572,0.131253648286602,29.1802371125552,0.0491161033622439,0.417883465442915
"PDXK",0.380062382081522,0.021375210794045,51.773270645141,0.0361061136536064,0.628354888054513
"PDZD11",7.41591367015029,0.338789754705288,13.9783168546208,0.080434359193669,0.516478931998331
"PDZD8",0.712070708274756,0.0979110106244876,51.1539533556152,0.0489190868766644,0.758308997357808
"PEA15",1.60115575714369,0.0497422726022919,33.2196861848971,0.0374338533909358,0.332916145181477
"PEBP1",4.19772354229631,0.0347825537481266,18.5468732126157,0.0336339677520911,0.050757891809206
"PECR",2.02884067005984,0.461621282732089,24.0058384371598,0.110793789027247,0.887081073564177
"PEF1",4.75685020112306,0.242827953829113,22.995273039462,0.066090786631187,0.507231261298846
"PELI1",0.541126206919421,0.102853026541128,53.8305509899682,0.0504512260882048,0.81754971492143
"PELO",1.47014124661844,0.211026269898479,40.875634929907,0.0667416688903311,0.768251981643721
"PELP1",2.03954624744067,0.229667252110453,36.633305684983,0.0687730979321121,0.723821443471005
"PEMT",3.61644371430051,0.289988889271564,26.9933915065672,0.0765261105668993,0.655750243359755
"PEPD",1.92955629770558,0.158054404973583,38.3039172619984,0.0561127025630794,0.628633013489084
"PES1",5.06387398799995,0.412368178024281,18.278922596541,0.0972139722658156,0.706299541093033
"PET100",6.05825880865936,0.141075958709202,17.4676640674777,0.0477374167434019,0.238562091503268
"PET117",4.76354648908377,0.579857751488666,10.5110346303074,0.129459711141544,0.838617716590182
"PEX1",3.08712712828291,0.439840920889284,22.2854398755697,0.105085107868695,0.820539563343068
"PEX10",2.397533303505,0.24296710375397,34.5490787574062,0.0705908344232932,0.709567514949242
"PEX11B",2.98014258222931,0.197529390814493,31.6357745118255,0.0610465278400188,0.579057154776804
"PEX13",6.99978736105266,0.555502729295915,8.0256771596196,0.122612448362108,0.75608399388124
"PEX14",12.4600504920325,0.809938610263296,7.64859994895932,0.174345061188239,0.857460714782367
"PEX16",4.59133411603951,0.355017340737799,21.4804876302536,0.0869259085448476,0.668126825198164
"PEX19",2.64674363075287,0.24152941030582,32.8761255599931,0.0696128743180312,0.677096370463079
"PEX2",5.19821460582423,0.263831544101611,21.6719246108325,0.0695144754872965,0.520928938951467
"PEX26",3.3074510562214,0.441988461258557,21.4532311380249,0.10507394874282,0.809345014601585
"PEX3",1.82711766450197,0.325910532555243,33.37075846968,0.0865695936361367,0.828744263662912
"PEX5",3.72506338364892,0.505259999299288,16.8499417195443,0.116385457033785,0.83096926713948
"PEX6",2.65138187651302,0.384602547911355,26.9973707745465,0.0957993596077526,0.813099707968294
"PFDN1",11.7874356371945,0.431566793491964,1.9847061950458,0.0926488507800213,0.468432763176192
"PFDN2",6.30895492096115,0.157458927769506,16.6186741117895,0.0499087483672534,0.253441802252816
"PFDN4",5.39554812032669,0.277107008304389,20.3498208661618,0.0713272257423057,0.520303156723682
"PFDN5",7.24103672779305,0.0354343651077959,14.519740659418,0.0340274712121076,0.00841329439577249
"PFDN6",3.06728927845676,0.164664120920688,31.6993850937128,0.0554163439782062,0.522945348352107
"PFKFB3",0.440741546983279,0.0717431527281147,56.0326402032183,0.0453574848918774,0.803226255041024
"PFKL",2.80639790322619,0.113289692327232,30.7367302257844,0.046589998228113,0.411625643165067
"PFKM",1.626384449786,0.30104401116344,35.9096077077486,0.0826400392433391,0.83249895702962
"PFKP",0.581130647376246,0.0829690975528762,53.4032844470263,0.0467907427120345,0.773744958976498
"PFN1",2.60100176055846,0.00747586966011417,19.6583168660763,0.030374109251609,0.00340703657349465
"PFN2",1.82425140574623,0.0651130541049141,35.4664838219001,0.0402410830182183,0.40613266583229
"PGAM1",3.07033152230281,0.0601774366611793,23.2151563986733,0.0371759401911363,0.174871366986511
"PGAP2",3.04500553371457,0.330316486208817,28.2819383348669,0.0851900285670145,0.745862884160757
"PGAP3",0.367236088171215,0.0383346965493778,56.047788494102,0.0395595321512552,0.742316784869976
"PGD",1.42920693637706,0.0742395047976949,40.6134885698084,0.0426454342440072,0.5182172159644
"PGGT1B",3.54201617653538,0.378219847298483,23.8965727213402,0.0928089919436828,0.747879293561396
"PGK1",1.26410871003518,0.020299664096983,29.5262096810175,0.032828115996565,0.20344875538868
"PGM1",1.4699255733836,0.153404473122692,42.2263004488229,0.0564608686125844,0.691906549853984
"PGM2",2.25215715513715,0.357093062473951,29.7306116380833,0.0913019481536171,0.815880962314004
"PGM2L1",0.499590574087594,0.0759837908074456,54.9270220972515,0.0458830572879758,0.789945765540259
"PGM3",1.33887453843822,0.186033704731967,42.8781994467804,0.0627038525220193,0.761368377138089
"PGP",1.04286016690077,0.227450555519777,43.7332174747976,0.0710631568729438,0.848977889027952
"PGPEP1",2.40999572901013,0.336219403395878,30.3401263717203,0.0872963599306234,0.791962174940898
"PGRMC1",2.10257991299299,0.0617472015468073,31.6109964093784,0.0389769655652571,0.328674732304269
"PGRMC2",1.87020376001643,0.144836633975512,39.6192522336175,0.0542647167085811,0.629536921151439
"PGS1",4.76880059668836,0.50578668317242,14.3232141960642,0.115000559170944,0.787303573911834
"PHACTR1",0.0732362714657883,0.031012005974803,66.7063215863226,0.0399537100911618,0.93394520928939
"PHACTR2",0.326502502938092,0.0301696051734394,56.1907737794163,0.0382028909196518,0.729870671672925
"PHACTR4",2.34724851887726,0.184258324031021,35.2113292572118,0.059807646428318,0.61917674871367
"PHAX",13.903511430774,0.579004514361448,3.21394705238838,0.121464807280901,0.60248922263941
"PHB",0.573160936123877,0.00882160423732991,35.328990297943,0.0320067953961214,0.287234042553192
"PHB2",6.81266735809094,0.114903188896041,15.3259243662739,0.0436880614790733,0.159643999443749
"PHC2",1.31734751808108,0.144613869471141,43.6911821449033,0.0553042425307686,0.703170629954109
"PHC3",2.82799281132369,0.23886914378436,31.6515648905826,0.0685871812240896,0.650604922820192
"PHF1",3.34409936141665,0.222489055308218,29.0199240314995,0.0645470179673478,0.575928243637881
"PHF10",1.92285474901254,0.3312611290618,32.6475421185279,0.0873421035187866,0.824780976220275
"PHF11",3.14590050762929,0.201976957857887,30.2557518816809,0.0613046781243892,0.562091503267974
"PHF12",3.56629675024781,0.337310292347849,25.7315045639317,0.0853629418541959,0.712626894729523
"PHF14",6.33384419507573,0.259294491336444,17.5492881718125,0.0670659486534337,0.444235850368516
"PHF19",0.147299142126649,0.0477616098099914,63.585946461362,0.0424813583129103,0.904116256431651
"PHF20",5.02927374674175,0.236928126523062,22.3337309980661,0.0648714657503262,0.486441385064664
"PHF20L1",2.7821009378617,0.123736060684413,31.8474675171246,0.0485778317333983,0.451119454874148
"PHF23",3.5369619506924,0.369668217318858,24.3604107848798,0.0912840957819552,0.741969128076763
"PHF3",3.42429171557619,0.157213128150518,27.584584485081,0.0526924925892362,0.435335836462244
"PHF5A",6.51638279186765,0.37521576896333,14.98102075526,0.0878155794214393,0.590599360311501
"PHF6",2.1498031727482,0.237184846813798,35.8365437641113,0.0699266647065385,0.722500347656793
"PHF8",2.57447756678958,0.351849719292681,29.0025846024634,0.0899208328317921,0.794326241134752
"PHGDH",0.173653297038405,0.0448691289913465,62.7968135978631,0.0418256457555659,0.883743568349326
"PHIP",2.25838603815272,0.107256683580015,34.2171402772822,0.0464458062409161,0.462522597691559
"PHKA2",2.19134346134312,0.403153176522367,27.3685270997613,0.0999007046495504,0.850368516200807
"PHKB",1.71763805572732,0.178498131317528,40.1448381213012,0.0604141156550958,0.69837296620776
"PHKG2",2.70263610915431,0.227416640540002,33.3713198965711,0.0672164562495853,0.662008065637603
"PHLDA1",0.124114105486606,0.015438252079598,63.2794419026831,0.0367057383536747,0.83931303017661
"PHPT1",3.6508085417412,0.0495777511397859,20.8003365213156,0.0355889336686428,0.11514392991239
"PHRF1",3.18639732809292,0.393840927460612,24.4340607332892,0.0963786558376271,0.782992629675984
"PHTF1",1.68996793316014,0.305661912614019,35.1551114837417,0.0832148784465225,0.82665832290363
"PHTF2",0.829526161496831,0.136187266479612,49.114072502575,0.0553208129673244,0.788624669726047
"PHYH",1.73897815731927,0.193079458549998,39.6557552380619,0.0629467959375969,0.714990960923376
"PHYKPL",3.79457296439716,0.234521063074868,26.9891306585758,0.0660344927523626,0.561465721040189
"PI4K2A",0.80234567105577,0.296089805416453,40.6477447383975,0.083710487074638,0.909956890557642
"PI4K2B",2.55322693393879,0.565358103856145,15.4787862976959,0.129074196665667,0.904950632735364
"PI4KA",3.25061692368021,0.317933914147931,27.5414237486722,0.0822620134959211,0.712001112501738
"PI4KB",4.22227280748428,0.282395004030757,24.544933680723,0.0740055542520002,0.600472813238771
"PIAS1",3.57071240676797,0.237723897187172,27.2920361535704,0.0666043286417457,0.571547768043388
"PIAS2",3.49571512509531,0.43406274372633,21.3894102149139,0.103346391615453,0.79529968015575
"PIAS3",2.66646734522407,0.185594406479866,33.2058159429559,0.0593959120094478,0.585732165206508
"PIAS4",5.29547583398606,0.495643545247044,13.9430437193184,0.112667771584729,0.764497288277013
"PICALM",1.41505744678336,0.117904790300783,42.2218608133384,0.0501796808789564,0.628007231261299
"PICK1",3.59265695258768,0.515231601143165,16.5836858949754,0.118457221548908,0.842441941315533
"PIDD1",1.12269556689458,0.29189592739606,39.1625729007197,0.0821972487102508,0.875816993464052
"PIEZO1",1.2559075308736,0.14082715493213,44.7002312506831,0.0549454019033081,0.715199554999305
"PIGB",1.95582591093647,0.419114419883272,27.031392469291,0.103132266175642,0.870810735641774
"PIGBOS1",8.46621384642568,0.587730414728447,3.97379304659987,0.127355888851961,0.735780837157558
"PIGC",4.0876290947917,0.218336715313151,25.6190605328391,0.0626123035630911,0.509803921568627
"PIGF",5.02872965080581,0.330004038312183,20.737251234463,0.0815983702144892,0.614448616325963
"PIGG",2.77942969838647,0.349374865196756,28.093240807288,0.088915398486074,0.774023084411069
"PIGH",3.58349248446761,0.333531466828536,25.5571420811481,0.0844587895278936,0.703170629954109
"PIGK",1.57517503336477,0.26790443617158,37.7571780589648,0.0766894800893503,0.809484077318871
"PIGL",3.14316670276916,0.490515007329357,19.0625885782842,0.114359676872087,0.846266166040884
"PIGM",2.44691315818141,0.235200528997359,34.2476501187526,0.0689528357674986,0.690724516757057
"PIGO",3.18029405151878,0.432421607641304,22.5154474178932,0.103633868529398,0.812473925740509
"PIGP",1.69079736454002,0.0845433993131922,38.6011254355616,0.0438710617399385,0.500486719510499
"PIGQ",2.70070092524074,0.257254212978283,32.7484120122148,0.0726765660151665,0.702058128215825
"PIGS",3.73674862177448,0.306679333077746,26.1821501732177,0.0794716122689317,0.669656515088305
"PIGT",2.84746916379867,0.098985646822756,29.1919482028759,0.0439810787211903,0.356973995271868
"PIGU",2.02307287574381,0.380193372741817,29.3499374377812,0.0960032100332056,0.847587261855097
"PIGV",1.76085263550067,0.331533786367796,33.3859356743006,0.087750473071318,0.838478653872897
"PIGX",2.15863670407151,0.212273993918688,37.1402536935572,0.0657736392194076,0.703379224030037
"PIH1D1",6.31910313875524,0.283683830335782,18.0048657942593,0.0718002185004872,0.493116395494368
"PIK3C2A",1.42847725085919,0.112806639671485,42.0607187441651,0.0492755452036947,0.615839243498818
"PIK3C3",2.77486487409189,0.367072964268572,27.1116010762159,0.0920788178182286,0.785982478097622
"PIK3CA",2.09941290145235,0.350879492106888,30.6144498771057,0.0904140677712971,0.821234876929495
"PIK3CB",2.73793150911708,0.392258485106593,26.1249000004997,0.096935625153423,0.810248922263941
"PIK3IP1",0.573576006694317,0.114579969287766,53.08636992619,0.052414271290441,0.824502850785704
"PIK3R1",0.987903525284663,0.0526777531369416,43.0375895776634,0.0396363504144224,0.521902377972466
"PIKFYVE",2.29580642317558,0.322128963864525,31.2548591282732,0.0847704052117722,0.784522319566124
"PILRB",1.36081825609807,0.159166078247025,43.9159584826603,0.0580964653750512,0.733486302322347
"PIM1",0.141382357473409,0.0239473655796618,63.2877588943959,0.038188812128187,0.855096648588513
"PIM2",0.0889638002937633,0.0180562537020478,65.6322050998411,0.0374790988460439,0.889653733833959
"PIM3",0.766168122310578,0.0552108831413229,48.7495179052087,0.0411350097525498,0.634890835766931
"PIN1",12.6203001200103,0.345872387185021,1.98214836672588,0.0765686817223256,0.340008343763037
"PIN4",6.44443303378746,0.184628582100846,17.7898471286363,0.0547120162862395,0.322555972743707
"PINK1",0.713542745710798,0.110585418155666,51.0958464475255,0.0511772480997089,0.780002781254346
"PIP4K2A",1.42051442289058,0.359147251965288,33.1624207307966,0.0934478456653974,0.88082325128633
"PIP4K2C",3.02548982594268,0.333870250253558,28.2107824226574,0.0858808522307242,0.750521485189821
"PIP5K1A",3.37389305139659,0.274497041148542,28.4317331804143,0.0741312037632999,0.654776804338757
"PIP5K1C",2.19707677778718,0.26385293618809,34.4989496584414,0.0745498951875547,0.744055068836045
"PISD",1.15768971189594,0.160920042909221,45.4232776738514,0.0588464887186403,0.764149631483799
"PITHD1",3.94123030317253,0.243621975335312,26.0981219072844,0.0673374935062789,0.561465721040189
"PITPNA",1.84435216685482,0.236106449197539,37.5274521866962,0.0703372832940445,0.750938673341677
"PITPNA-AS1",2.0411665735685,0.169740489513952,37.9373295524919,0.0581390087544342,0.643026004728132
"PITPNB",2.87337128755827,0.262156633812495,30.6909777153046,0.0726040190341178,0.673272145737728
"PITPNC1",0.302463114487128,0.103235820924885,57.8635163843925,0.0515029635988397,0.894381866221666
"PITRM1",3.15069198913405,0.354293676313935,26.3307894357042,0.0890502871684924,0.751077736058963
"PJA1",1.29470859837427,0.20529166102512,42.4200933535531,0.0661955767350803,0.786469197608121
"PJA2",2.56937363735259,0.133211219140972,32.0527414249785,0.0499916782311932,0.470588235294118
"PKD2",0.340621857708954,0.0621459342806613,57.9184613374048,0.0440163837737277,0.821652065081352
"PKIG",1.07747199106862,0.0656857692776553,43.5758503713042,0.0418137783179652,0.556807120011125
"PKM",2.21781520191928,0.0187323387519406,21.6982507359599,0.031717617501966,0.0597274370741204
"PKN1",2.18068408673491,0.187753099374344,36.5335808993142,0.0609052822117505,0.649214295647337
"PKN2",3.61471972683914,0.222181136245069,27.9000806212716,0.0641242643159247,0.556042275066055
"PKNOX1",2.36997955620688,0.358609103179913,29.2702194780731,0.0914153940074201,0.810248922263941
"PKP4",1.18288699064136,0.096199379005833,45.0915266050617,0.0472354521606157,0.642052565707134
"PLA2G12A",2.94627905132007,0.150914707479885,32.2773119498204,0.0532569592381221,0.508691419830343
"PLA2G15",0.525021963343196,0.164314554720027,51.5843898432459,0.0613819659532807,0.884230287859825
"PLA2G16",0.799641577930052,0.0182114608960251,38.6057251377836,0.0338227210227541,0.370602141565846
"PLAA",11.2473153030047,0.658723535529168,1.77497076375954,0.140666952769922,0.742247253511334
"PLAUR",0.220198166112629,0.0149718779557815,57.4186351015314,0.0358447682764246,0.725073007926575
"PLBD2",0.761444152203284,0.107051474746146,50.4835410341387,0.0503917034974401,0.762202753441802
"PLCG2",0.108640891925668,0.0173682052290616,64.3790309997524,0.0371878197869626,0.864135725212071
"PLD3",1.9151672393662,0.048975352491353,29.2076240697974,0.0366088089807117,0.257474621054095
"PLEC",1.07608719343609,0.0218790162646019,33.3232094969456,0.0335690148106215,0.277916840495063
"PLEKHA1",1.64472069769147,0.166834413042719,40.7425269276103,0.0584555145555723,0.688638575997775
"PLEKHA2",0.358205561111676,0.11071090825787,56.5647397393061,0.0525808059526921,0.883117786121541
"PLEKHA3",6.0660439706633,0.501025146643751,11.954833820639,0.112693254907485,0.738631622861911
"PLEKHA5",0.817896279457617,0.111769438782066,49.7620751253203,0.0510626665994477,0.757196495619524
"PLEKHA8",1.29632261097067,0.33819715508447,35.1988952902756,0.0900228739869684,0.882352941176471
"PLEKHB2",3.29923168845498,0.178463645799863,30.2327912694317,0.0573022482509857,0.521276595744681
"PLEKHF1",0.269396165428546,0.0749857932033948,59.5700140940268,0.0466628792476028,0.876303712974552
"PLEKHF2",1.05138444371497,0.040908838648978,42.1757277160483,0.0377676626425203,0.484007787512168
"PLEKHG2",0.243152922053591,0.0657467609587098,60.3939241001186,0.0451472026259716,0.875399805312196
"PLEKHJ1",7.3398018813137,0.30504517112456,14.7672039017924,0.0744443505174227,0.475038242247253
"PLEKHM1",2.19754939635151,0.331646322767165,31.3551985800491,0.0868026113076227,0.802322347378668
"PLEKHM2",1.12830756744152,0.19655223350237,44.1303404055899,0.0651202873911734,0.802600472813239
"PLEKHO1",0.294208930437964,0.0406722765365292,58.5190617803944,0.0403631751567148,0.793978584341538
"PLGRKT",1.45867158559676,0.0727174416894625,39.8930155911826,0.0422448728564317,0.501877346683354
"PLIN2",0.360531276413525,0.0517956513556236,57.1028346300846,0.0420455448365546,0.787234042553192
"PLIN3",2.77277247419496,0.137669367824762,31.5393980639996,0.0506645477974306,0.470240578500904
"PLK2",0.443851078047452,0.0269480326862634,51.9504086520348,0.0370483142507779,0.642539285217633
"PLK3",0.460071510929488,0.085153149886038,55.5199407073462,0.0476392754571678,0.817688777638715
"PLOD1",0.733275858077214,0.0578815574488236,48.5709017715404,0.0414945883126974,0.6361424002225
"PLOD3",1.9137192848207,0.179372856823673,38.3005619866726,0.0599342009457927,0.66624947851481
"PLP2",1.76747920441061,0.0437102930619518,32.8647713001789,0.0366618890967821,0.31629815046586
"PLPP1",0.174482640629453,0.00931064658734576,57.6206527633091,0.0349291310920755,0.718258934779586
"PLPP5",1.0185146871861,0.0342041392195849,39.9955931216564,0.0363628338841497,0.429286608260325
"PLRG1",3.75188024779425,0.362902057676091,23.7857230818839,0.0895776906811058,0.720762063690724
"PLS3",0.232820695455388,0.0130965593982745,56.1368643502141,0.0353681063086114,0.696773744958976
"PLSCR1",0.513846314924357,0.0304598520980269,50.0639257028397,0.0373157408124914,0.612988457794465
"PLTP",0.102309781922784,0.00659208266056133,62.3573799304477,0.0350648316075457,0.805034070365735
"PLXNB2",1.92591319099764,0.112309208844834,37.3843292779783,0.0480429921651175,0.52934223334724
"PLXND1",0.322050019830692,0.0263282031361983,55.7385586629553,0.037495749308761,0.714017521902378
"PMAIP1",0.322788210196715,0.0482255818900669,58.3498351161691,0.0416562639378849,0.804616882213879
"PMF1",2.37596428404198,0.442023889750773,24.2711933176132,0.106641396821072,0.859407592824364
"PML",0.781315507883839,0.0616666894126339,48.0207416526293,0.0420141584416724,0.632804895007648
"PMM1",2.17227557644192,0.227628185049915,35.8201670508249,0.0680698847760276,0.705673758865248
"PMM2",1.31279080671748,0.166252513624494,43.9580007738447,0.0593913995027901,0.746627729105827
"PMP22",0.361863525018346,0.0127724099736861,49.2304845860393,0.0344113212701389,0.562856348213044
"PMPCA",5.90684529062488,0.435561284732323,14.9684812694652,0.100285460933271,0.686691697955778
"PMPCB",2.66341098482635,0.143165087741906,33.2677743796249,0.0521493395320942,0.511750799610624
"PMS1",2.4373717049665,0.278433369608745,32.5157699838578,0.0765596571865313,0.733347239605062
"PMVK",2.65727420295095,0.0793959348305734,30.7210473929054,0.0415304074001875,0.348699763593381
"PNISR",4.55576248286244,0.0999843443677447,19.5841081425905,0.0419727976519584,0.192601863440412
"PNKD",3.39897308984171,0.081166467321901,25.0587994873366,0.0405672844618434,0.251147267417605
"PNKP",3.55064376155696,0.206035371314937,28.5818921662525,0.0615262516774556,0.540258656654151
"PNMA1",1.76406580400538,0.192568355079092,39.4454315407614,0.0627753370732904,0.71026282853567
"PNN",4.95424725849074,0.163498432206712,21.2644360714805,0.0520192951702934,0.339521624252538
"PNO1",3.68569087373296,0.412659759253208,22.0409677305042,0.0991586927874918,0.771867612293144
"PNP",0.447860828954285,0.0561240722201804,55.2855358254823,0.042471768357786,0.760534000834376
"PNPLA2",1.5665230949777,0.0535238081332001,36.0782513188343,0.0385830729199923,0.394381866221666
"PNPLA4",2.92576688826394,0.222809518696506,33.1377210712112,0.0664169527610524,0.650604922820192
"PNPLA6",2.64019682414888,0.340585704762981,29.0503909640554,0.0875568048884569,0.77631761924628
"PNPLA8",3.41184458865903,0.304025508674971,27.2286214661035,0.0793304046226854,0.683215130023641
"PNPO",1.45266402013714,0.214086374610546,41.4114064725656,0.0675936302282784,0.783548880545126
"PNPT1",2.25617611694878,0.291142828213262,33.1705718391784,0.0794177937153727,0.766652760394938
"PNRC1",1.1287177270315,0.0280024568545637,35.1790703491458,0.0347001503439526,0.325754415241274
"PNRC2",2.91358914248143,0.0776211894279063,26.8291276541304,0.0403221022444662,0.273953553052427
"POC1B",3.10071748921353,0.524064351328435,17.1771858443405,0.120789322775621,0.867473230426923
"POFUT1",2.92602071736816,0.29082324114747,29.873061424225,0.0779000476644949,0.707551105548602
"POGK",4.27039553978288,0.348195283073111,22.8147810811293,0.086190547144529,0.679947156167432
"POGLUT1",1.55165454809029,0.325335847951205,34.6713981429391,0.0870516332272202,0.851133361145877
"POGZ",3.05604687405651,0.130013178430133,29.5953061377193,0.0489240670691674,0.421985815602837
"POLB",0.80311208711978,0.0404291586607036,45.4969910328467,0.038185266855269,0.545264914476429
"POLD2",2.54326464253616,0.105077925413396,33.8216503348484,0.0461912075608087,0.453066332916145
"POLD3",1.32511580600244,0.258944388010611,39.8883067793901,0.0757983670771611,0.832846613822834
"POLD4",3.80252654031733,0.0986646405051337,24.3705362064228,0.0429696046857957,0.273327770824642
"POLDIP2",3.18484649316324,0.145637758224055,30.6118070949149,0.0518985470676755,0.469684327631762
"POLDIP3",14.3801107499809,0.665973549661829,5.21465760867767,0.140574444234113,0.692601863440412
"POLE3",3.09592924087318,0.21134176236185,31.4390156571755,0.0635509100013397,0.600055625086914
"POLE4",2.31283023625952,0.0946555697382633,33.3979892741589,0.0443081133334222,0.424558475872619
"POLG",2.39031590801707,0.319878699729085,31.091671458205,0.0842678276821588,0.777916840495063
"POLG2",1.41099658937826,0.309288631020423,36.5022169489578,0.0845973306785345,0.857113057989153
"POLI",3.71141770333377,0.420794476967937,21.3235977106894,0.100437215146564,0.772493394520929
"POLK",2.49402477755821,0.236975563994009,33.198710392242,0.0687704639734762,0.67459324155194
"POLL",5.60451259510923,0.500304827876482,13.218894405905,0.113348707969308,0.75935196773745
"POLM",2.22765308233034,0.196789460080385,36.0249149105959,0.0623729882857845,0.655819774718398
"POLR1C",4.20488135543688,0.384836986408691,21.7397471951714,0.0931842422073389,0.721318314559867
"POLR1D",5.79662512647627,0.126992333910928,18.4875300774032,0.045995311412685,0.230565985259352
"POLR1E",4.46285748862661,0.533680984788718,13.7251688512315,0.120952112997954,0.821513002364066
"POLR2A",1.90320496125259,0.0813694916463121,34.7759219470214,0.0424596162008752,0.423445974134335
"POLR2B",4.0994054540266,0.270557991493789,25.0689411566372,0.0719408777748928,0.589417327214574
"POLR2C",5.96880361581458,0.385757916181349,16.2758071581633,0.0905923647497155,0.629258795716868
"POLR2D",4.70713925513532,0.402429414260948,19.4565468771284,0.0956708987812134,0.710401891252955
"POLR2E",8.84235990237178,0.191639347654899,11.1313422875696,0.0539764688240641,0.230705047976637
"POLR2F",5.5956761758871,0.210879067922822,19.2904243479133,0.0591324695432327,0.389584202475316
"POLR2G",3.70521474265514,0.144245922690996,26.4953482164798,0.050391869552785,0.393895146711167
"POLR2H",5.00037586845706,0.18621682957732,23.3131883826753,0.0566542792197524,0.416979557780559
"POLR2I",6.20493481618782,0.133635794442775,17.819320820294,0.0469169039950846,0.233138645529134
"POLR2J",11.8981317889688,0.361080442211613,4.21234720243589,0.0806785766603717,0.398623279098874
"POLR2K",3.16597471772504,0.0656737701720686,25.4716300895843,0.0385239115412752,0.228549575858712
"POLR2L",4.32770218903695,0.0293197112100721,18.1187888146342,0.033004384178913,0.033931303017661
"POLR2M",2.19778493483991,0.292769595517258,33.1026250607398,0.0796596707738536,0.768043387567793
"POLR3A",2.91666233402304,0.422833651916587,23.8341199353213,0.102268803619817,0.820052843832568
"POLR3D",2.48386640532392,0.348496564068436,29.123130891811,0.0891855518076055,0.790710610485329
"POLR3E",3.92355060732932,0.413636693648993,21.4995034172109,0.0991504135331624,0.764080100125156
"POLR3F",9.67111255733025,0.779207723030122,4.99211962203699,0.167618342261911,0.86663885412321
"POLR3GL",3.04055089530226,0.183649945772456,30.4912661103469,0.0581057806848918,0.533792240300375
"POLR3H",4.65896698899627,0.398584299507627,20.057997956835,0.0952696289767628,0.714712835488805
"POLR3K",2.33972172741214,0.135702377002873,36.2697892989484,0.051812597120219,0.552843832568488
"POLRMT",4.45826174028435,0.50420470490536,15.340451477295,0.115328510103372,0.802600472813239
"POM121",3.39867920024187,0.405443189139798,23.2153281999563,0.0982186612304437,0.78062856348213
"POM121C",8.02470200973082,0.588071629694267,4.93715560643688,0.128151220947838,0.752885551383674
"POMGNT1",3.95298477492533,0.333586417331646,24.469183432004,0.0840358663314122,0.684536225837853
"POMP",4.17427545930215,0.0582332243414275,19.2480341418044,0.0364527526940624,0.106939229592546
"POMT1",2.85730986524253,0.42680849430937,23.6630930075795,0.102994777049709,0.823529411764706
"PON2",1.56963460067708,0.0688997098313866,37.9859579529447,0.0412577545624231,0.45925462383535
"POP4",4.9137055792026,0.344936683178507,20.3875427709815,0.0842995516578867,0.632665832290363
"POP5",5.33789373599947,0.319161780183489,20.0169121378632,0.0791792289449053,0.584480600750939
"POP7",6.53762377431408,0.273081145245602,17.7764628409348,0.0698676788987124,0.472326519260186
"POR",2.22894734998265,0.212273441262132,35.8606475452605,0.0651960117330786,0.679877624808789
"POT1",3.46025202656006,0.534841722619831,15.618303833683,0.122258881129875,0.857182589347796
"POU2F1",1.77591251400582,0.292684697519642,35.4957021188926,0.0807363831744213,0.810874704491726
"PPA1",2.42713368369642,0.0532126311527382,29.3222274810416,0.0374794756631032,0.272076206369072
"PPA2",3.73140109571967,0.202956685024864,28.3853924801789,0.0610307635395966,0.532193019051592
"PPARA",0.323032518855892,0.184990960462783,52.3769765704492,0.0656917395471155,0.935057711027673
"PPARD",1.63388690470571,0.312719934719099,35.0414845430869,0.084614948934524,0.8365317758309
"PPAT",1.56358689513464,0.301672264379067,36.3113460752521,0.0829695371896189,0.84084272006675
"PPCDC",3.92727071639829,0.516592720076222,15.7552212613654,0.118281723015893,0.829926296759839
"PPCS",5.69989179272843,0.144862171106552,19.1607215083167,0.0487839594723512,0.27353636490057
"PPDPF",2.24264308933639,0.00381094548640407,20.4175967004387,0.0300044061018779,0.00695313586427479
"PPFIA1",0.95389453026727,0.0737161969835924,46.5955514262915,0.0437524018252227,0.628563482130441
"PPFIBP1",0.55920070906747,0.0267082230217128,47.3638126140835,0.0363088777561282,0.554095397024058
"PPHLN1",3.43238972942866,0.261554130791927,28.4637213300727,0.0716708502889586,0.633430677235433
"PPIA",3.81056775979024,0.00900944875707885,18.7093349134857,0.0308213050203716,0.00166875260742595
"PPIB",1.71003933719819,0.00998397679130733,21.610032484792,0.0305980600311871,0.0358086497010152
"PPIC",0.613255752858244,0.0144967254649249,40.2138615077121,0.0334718173146882,0.393130301766097
"PPID",7.172942955644,0.469544110636191,10.6276382190037,0.105087880158916,0.666666666666667
"PPIE",5.54946262734804,0.401501114679307,16.9251582093185,0.0941341383988269,0.66548463356974
"PPIF",1.24124867713333,0.151199994330995,45.1431155488278,0.0569993630192739,0.741969128076763
"PPIG",6.21500719021111,0.158688610403074,16.3680724387872,0.0499135808465188,0.250312891113892
"PPIH",3.92746157240775,0.220484853204205,26.8961367925587,0.0635435899880016,0.536156306494229
"PPIL1",3.00913813347183,0.445721690684391,22.2825030602467,0.106394403442849,0.830134890835767
"PPIL2",5.98622356401706,0.55710904966933,9.52748527155521,0.123738361281275,0.784869976359338
"PPIL3",3.65815502179289,0.374910113179015,23.6579163263156,0.0920051240033445,0.738283966068697
"PPIL4",2.47988124603947,0.252697159304575,33.0607299154686,0.0717509673329747,0.699207342511473
"PPIP5K2",4.13230946352161,0.313074408718574,23.9151154260304,0.0795976445308697,0.640592407175636
"PPM1A",5.93278406849306,0.379510809387913,16.5610974918338,0.0894689241682877,0.624043943818662
"PPM1B",3.4216849169045,0.331107815694002,26.2192593353563,0.0842667694898489,0.710680016687526
"PPM1F",0.316924223441965,0.0743064850359207,58.5055827751968,0.0463173371795056,0.854818523153942
"PPM1G",5.46417027416287,0.182726086355023,20.5346441332793,0.05506960174032,0.362953692115144
"PPM1K",0.382747307213574,0.0377272101898771,55.7590816665175,0.0394175707952302,0.735711305798915
"PPME1",3.48898673027537,0.296547670273334,27.4162976202549,0.078002681690107,0.674176053400083
"PPOX",1.17764347988385,0.178097069115621,44.6995873256192,0.061830365677553,0.780976220275344
"PPP1CA",2.2968212062893,0.051133425019555,27.7965931079908,0.0367711283764977,0.238005840634126
"PPP1CB",3.23754930096331,0.134311342025379,28.5015144538294,0.0493058150619878,0.410443610068141
"PPP1CC",3.24753312870621,0.10009333237777,26.4742962320347,0.0435144392213102,0.310944235850369
"PPP1R10",1.85642351167171,0.0999453319605037,37.506590915028,0.0460626490713181,0.508830482547629
"PPP1R11",6.67909104149432,0.248009828197599,16.4978455798496,0.0646987642526819,0.40814907523293
"PPP1R12A",1.78774630111695,0.0913978629810754,36.3025129148258,0.0443193907165708,0.469962453066333
"PPP1R12B",0.524538894017016,0.108834521521998,53.9424885920418,0.0515722461895162,0.830343484911695
"PPP1R12C",1.85352171431881,0.305016544956963,34.485432428535,0.0828038079440543,0.813586427478793
"PPP1R14B",0.989597683070168,0.0822816417822028,47.4844804625155,0.0454297827826086,0.661382283409818
"PPP1R15A",0.800375911893302,0.0231606793180239,40.1941885722298,0.0347438030635504,0.410652204144069
"PPP1R15B",2.93239175023118,0.272525429250942,30.9082491378111,0.0748464623254218,0.695244055068836
"PPP1R16A",1.48706717359289,0.104077897777963,43.0773892266879,0.0481910790606562,0.619732999582812
"PPP1R18",0.507440021377589,0.0370901788488926,51.3241463363638,0.0385765722736318,0.649561952440551
"PPP1R2",4.01520880640521,0.150155299435827,24.3128476093273,0.0506247770279061,0.365943540536782
"PPP1R21",2.94416560914643,0.377565231258131,25.8936743539817,0.0936456938732344,0.781810596579057
"PPP1R35",2.08299526403611,0.173705528964251,38.8454481180101,0.0592891447106017,0.667222917535809
"PPP1R37",3.91592732326753,0.314100965291557,25.9083494475967,0.0809658922536869,0.677722152690864
"PPP1R3B",0.950290469255691,0.153014218526851,47.5178524892187,0.0579930513175148,0.788833263801975
"PPP1R7",3.83693023817725,0.200925586579557,26.8225131860016,0.059976510364323,0.500417188151857
"PPP1R8",6.21622439845484,0.563275421011879,8.70126598280239,0.124586424949057,0.780141843971631
"PPP1R9B",1.07077145361019,0.133979962950882,46.3357419147304,0.0541369984932108,0.733069114170491
"PPP2CA",4.32096191196725,0.202575189780818,25.0125008533255,0.0597332284834865,0.472604644694757
"PPP2CB",1.84024329747328,0.184949320871555,38.6767622366808,0.0610653921511018,0.682797941871784
"PPP2R1A",4.65398563776192,0.115376100718397,21.3398516011643,0.04475595682696,0.253650396328744
"PPP2R1B",3.8129196875263,0.579479581372001,12.0925146899346,0.130244861602425,0.86663885412321
"PPP2R2A",2.03870048670592,0.107018257953414,35.7452732283676,0.046746516424423,0.489500764844945
"PPP2R2D",4.66971458318865,0.563160508487321,11.7220252108139,0.126434154891459,0.833333333333333
"PPP2R3C",2.08489290756418,0.264359407574289,34.8807067082046,0.0747698647101671,0.751633986928105
"PPP2R5A",1.39172074563979,0.124105334106897,43.2583549370083,0.0515807301204586,0.658670560422751
"PPP2R5B",1.88088089153475,0.408796132604778,27.9963280939461,0.101419837267156,0.87094979835906
"PPP2R5C",2.72988645326801,0.217446338065772,32.6477954873245,0.0649812633238823,0.631414267834793
"PPP2R5D",3.05588444142388,0.414887288975207,23.6580559855211,0.100417540515083,0.803852037268808
"PPP2R5E",5.66977650894996,0.324807279452921,18.4903353873972,0.0795065811145844,0.567654011959394
"PPP3CA",0.964682214292057,0.0913504320322296,47.35900666848,0.0468973966088815,0.675288555138367
"PPP3CB",4.2375399760524,0.389498922411616,21.1343941956045,0.0937569020408297,0.718258934779586
"PPP3CC",1.33219409120184,0.176998178367233,42.7807226948817,0.060932550720744,0.743568349325546
"PPP3R1",3.1056093697652,0.371170682109558,25.7286746034407,0.09225285315769,0.768391044361007
"PPP4C",3.0335748309644,0.0677415871584519,26.1192621120131,0.038890947579999,0.24342928660826
"PPP4R1",2.36959175874368,0.258833890826494,33.5887292634289,0.0731716761176354,0.719162842441941
"PPP4R2",5.91269308125355,0.25745235605445,18.5270249004393,0.0670039222374547,0.456681963565568
"PPP4R3A",4.84399687404279,0.333819385597758,21.1581485864561,0.0825149772732423,0.627798637185371
"PPP4R3B",6.10553591055588,0.303910155631343,17.5098877930863,0.0751160080897697,0.517035182867473
"PPP5C",4.8669467542643,0.380872920826393,19.6975703453289,0.0913080668264923,0.679599499374218
"PPP6C",7.69366420114938,0.33325794439514,12.5812427844564,0.0785430617662781,0.483868724794882
"PPP6R2",3.66656031208065,0.349861770474302,24.8929241284811,0.0875189392589555,0.718745654290085
"PPP6R3",3.3703378691588,0.213610321114598,29.197209163937,0.0630474209523854,0.563899318592685
"PPRC1",2.14778720430814,0.356406742898645,30.3037659303269,0.0914659004375917,0.824989570296204
"PPT1",0.938910901828363,0.0244716169565409,38.1602900457114,0.034656840343427,0.374982617160339
"PPTC7",1.63475680937887,0.41049199644246,28.7838766302048,0.102213300379981,0.88791544986789
"PPWD1",3.2368132962012,0.368796248502733,25.1421816169081,0.091408630016034,0.754067584480601
"PQBP1",10.906098056499,0.35881116552995,5.99090564664545,0.0809184294158974,0.421846752885551
"PQLC1",1.17768417302299,0.245833667773306,41.5059894450594,0.0738186333886433,0.839799749687109
"PQLC2",1.77148731355034,0.282818820227612,35.9931019728966,0.078952869393965,0.803087192323738
"PQLC3",1.24709120210095,0.0725659166839712,41.8034015981901,0.0425608283449666,0.536643026004728
"PRADC1",2.56811149733218,0.267966705213493,32.344756656829,0.0744579838045984,0.712626894729523
"PRAF2",2.08174762679272,0.294705238238993,33.717916337709,0.0803427074416668,0.782366847448199
"PRCC",4.50107827600821,0.231178711785719,24.3020751983921,0.0645226874749213,0.50987345292727
"PRCP",0.319637614887648,0.0165597978706787,52.3268469622415,0.0354081896334567,0.629745515227368
"PRDM2",1.94486840208438,0.177928776979453,37.8458822160655,0.0594960756887643,0.655333055207899
"PRDX1",1.87700307845033,0.0148114322964593,22.6615312384069,0.0313341232371468,0.0670977610902517
"PRDX2",2.04366990056614,0.0264151334270925,26.7940262208178,0.0334371809808005,0.170143234598804
"PRDX3",2.06693118957829,0.0421531025734056,28.8460836145392,0.0357585507022026,0.239187873731053
"PRDX4",1.32166340990383,0.0364086422908189,34.9144311417591,0.0358588042569828,0.338130997079683
"PRDX5",5.3745628563733,0.0618675634043069,16.1764240977947,0.0365964602446741,0.0677930746766792
"PRDX6",4.34250930479517,0.0685625632520168,20.1273684176181,0.0380279617573141,0.143929912390488
"PREB",3.26898596360849,0.217781900141105,29.7763149939658,0.0640201161537148,0.581351689612015
"PRELID1",3.52437211095884,0.065281001464197,23.8447535959914,0.0382308452497232,0.200319844249757
"PRELID3B",4.29231897210785,0.193642492672601,26.3944538205124,0.0588708603622765,0.482339034904742
"PREP",0.94474275152807,0.238294565797089,43.5362809155543,0.0731074736075828,0.863927131136142
"PREPL",2.70732075643583,0.231756365378794,32.612759510209,0.0676431024455994,0.655541649283827
"PRIM1",0.992785032964061,0.337064334796876,36.6876629549973,0.0904875687240382,0.90738423028786
"PRIMPOL",2.89741158050797,0.43870532880807,22.8156806928447,0.10509747095261,0.828048950076484
"PRKAA1",1.28781534287113,0.177581170473339,43.3199561485647,0.061236045400835,0.7545543039911
"PRKAB1",3.034012295164,0.418333874829531,23.585064206717,0.101130257349052,0.808232512863301
"PRKAB2",0.907027802246926,0.168364194642941,47.2719193321064,0.0607863229917163,0.81122236128494
"PRKACA",4.54084246596825,0.391794702977366,20.4490784488436,0.0939863087205095,0.710332359894312
"PRKACB",0.16771305177524,0.00621759083716023,56.5347616571126,0.0342884854171527,0.691350298984842
"PRKAG1",8.49183713264931,0.452534593718753,8.78616321258154,0.10069206156584,0.609929078014184
"PRKAG2",1.78167807584919,0.325358387973135,33.6656814255346,0.0866037985250572,0.833124739257405
"PRKAR1A",3.22274414715362,0.0710589938815311,23.035464187808,0.0385635409740097,0.192949520233625
"PRKAR1B",0.889063898334395,0.179446670233378,47.2256443851526,0.0629095944400904,0.829856765401196
"PRKAR2A",4.12764673595363,0.212995730377135,26.2252733948154,0.0620193588958767,0.51188986232791
"PRKCH",0.228245309903368,0.0499963201384918,60.9939299718527,0.0424277656846719,0.858434153803365
"PRKCI",4.03603287822129,0.350520835181297,23.2990774142835,0.0868266778475548,0.691976081212627
"PRKCSH",6.79135145117099,0.235328653114295,16.2889694808469,0.0624725448415582,0.383674036990683
"PRKD2",1.42618242619282,0.193733563810556,42.0153632668136,0.063875368626515,0.759073842302879
"PRKD3",0.525590573718965,0.104863824269107,53.9655039063448,0.0508467310452535,0.823668474481991
"PRKDC",2.96871988510238,0.0868547805032131,28.1765121506688,0.0420197859630383,0.316715338617717
"PRKRA",8.21654415867606,0.386625451310878,10.7814447654339,0.0881957281339828,0.539910999860937
"PRKRIP1",16.3992628989878,0.695525969048346,7.2692813955965,0.146880540308159,0.697677652621332
"PRKX",0.501483098392165,0.148312747874402,52.774817641448,0.0586685544604051,0.878389653733834
"PRMT1",3.06079609871549,0.113584310944062,29.1574258948533,0.0462636485137168,0.384299819218468
"PRMT2",3.26375857466471,0.101842969102619,26.3690577042365,0.0437372820541834,0.312265331664581
"PRMT3",2.8538439486555,0.450539515236956,22.3082778668912,0.107413549434451,0.838478653872897
"PRMT5",3.14569505099216,0.319487336163663,28.127250174465,0.0828878467301542,0.725003476567932
"PRMT7",6.86917822674247,0.550848829076748,8.20447783806411,0.121554209039793,0.751981643721318
"PRMT9",0.865015889133924,0.163904359790491,47.9265760247715,0.0601537630727463,0.81553330552079
"PRNP",0.387893072305123,0.028208202655161,53.3245777242138,0.037437639067678,0.671116673619803
"PROSER1",3.10699641464075,0.419206152482356,23.4585327411538,0.10129451500631,0.807467667918231
"PRPF18",4.26442553073456,0.509355158609652,15.2950888316841,0.116362547328386,0.810109859546655
"PRPF19",2.6623119233464,0.173497665438731,34.2647457252259,0.0577341721436173,0.584132943957725
"PRPF3",2.11751551321279,0.194309177740548,36.9820789978683,0.0622684887758241,0.668822138784592
"PRPF31",3.76084697498715,0.237415461270511,27.2905841829336,0.0667074429824429,0.571825893477959
"PRPF38A",7.99744040393028,0.420299977114803,10.1872190401135,0.0945569923002907,0.582533722708942
"PRPF38B",4.22676541136798,0.213474707276298,25.1175158927077,0.0616033112633637,0.49290780141844
"PRPF4",1.82195684970432,0.249889765094214,37.3742877356866,0.0730023928473736,0.771937143651787
"PRPF40A",4.82375721315789,0.149334980667988,22.1492762884999,0.0501461826167687,0.330065359477124
"PRPF4B",5.23664734081701,0.253433024924099,20.6722979639139,0.0670355831202988,0.485398414685023
"PRPF6",4.43029538581366,0.148668400648966,24.0879570658349,0.0505952411375779,0.361980253094145
"PRPF8",1.70954497178484,0.0569193572786851,33.5870948747381,0.0385562463094545,0.354192740926158
"PRPS1",2.21154319126498,0.295780291338439,33.0511736542755,0.0802709401923118,0.772284800445001
"PRPS2",2.40730673272763,0.263927318196582,33.449272323522,0.0741477931817649,0.725490196078431
"PRPSAP1",2.93051622884773,0.208624675443345,31.6757241692345,0.0630316777942595,0.59894312334863
"PRPSAP2",2.5442631304329,0.326738369074351,30.1229217970472,0.0852256113906918,0.772215269086358
"PRR13",4.00121114937678,0.0591362246057491,21.3112793648848,0.0370350601880029,0.1457377277152
"PRR14",5.28065963747625,0.383011662001286,18.6430058765335,0.0912988748241774,0.665206508135169
"PRR14L",2.77111298682647,0.313725940631926,29.8179160916354,0.0824675060921277,0.745098039215686
"PRR3",3.94148040867023,0.513760673420682,15.8646670503613,0.117705979775551,0.827284105131414
"PRR34-AS1",0.989565503541594,0.252271986504316,42.5296463808556,0.0755400036096679,0.869559171186205
"PRRC1",3.07064115696153,0.226654566928053,30.7500973103863,0.0660021720809115,0.613822834098178
"PRRC2A",2.99328424408175,0.104562743037943,29.1696073193706,0.044885366318172,0.367751355861494
"PRRC2B",3.56740382192488,0.115353748898116,26.4142637695311,0.0459003021677473,0.339799749687109
"PRRC2C",5.2866421937936,0.0894182543755918,17.2277968228283,0.0402160385193454,0.136211931581143
"PRRG4",0.838277543035042,0.120065961361537,50.0823780397841,0.0526910670072419,0.778264497288277
"PRSS23",0.306541819177987,0.00335003743208143,43.8026752970178,0.0323041381460229,0.439160061187596
"PSAP",1.17988129003474,0.00741777317609378,23.1297052334181,0.0303630827631854,0.0543735224586288
"PSD3",0.370668893325582,0.0158690341670307,50.7666022600135,0.0351060640480201,0.598525935196774
"PSD4",1.81075779374943,0.264310469755455,37.0588329775161,0.0757651475764142,0.7909887359199
"PSEN1",3.02645274986331,0.285342982316944,29.4132738325728,0.0765904890272047,0.690098734529273
"PSENEN",2.42456408465324,0.154841873446999,35.5473640520741,0.0548400943921259,0.573842302878598
"PSIP1",0.656018990061203,0.0677926083672732,51.3352588140315,0.0437120034375582,0.706925323320818
"PSMA1",1.82404958352854,0.12608119754785,38.7534156667207,0.0506952078000133,0.579404811570018
"PSMA2",3.9382976492715,0.663868529504857,6.42463642673193,0.146224827063098,0.901543596161869
"PSMA3",2.60272797733129,0.101094739979412,31.4422924997744,0.0448516700929589,0.401404533444583
"PSMA3-AS1",2.93080185872192,0.213722220019659,31.5448841681267,0.0638998141088751,0.605409539702406
"PSMA4",3.02463407813303,0.110958247658994,28.9532284155038,0.0457761037954053,0.375469336670839
"PSMA5",3.5047519208616,0.123158771342977,27.8289411180177,0.0475351483278838,0.379780280906689
"PSMA6",2.77729987283187,0.0860719677309022,29.3900026313358,0.0421542892801312,0.336670838548185
"PSMA7",4.7419906369377,0.0610513551262159,17.9901448701901,0.036715671514506,0.0940063968849951
"PSMB1",3.48640088019424,0.0639594697616243,21.5623529799902,0.0374168151147292,0.154498678904186
"PSMB10",0.8619282552331,0.0448192584528815,44.400150311398,0.0386613112596856,0.532679738562091
"PSMB2",3.40122039452933,0.100369302012813,26.6132555899537,0.0437002039156564,0.315255180086219
"PSMB3",3.06058891481716,0.0631752639613946,24.5512790920336,0.0378973860154249,0.205604227506605
"PSMB4",9.23530874394984,0.258503478919408,10.4453671645117,0.0646526599962847,0.331525518008622
"PSMB5",6.78380377326031,0.151181171398232,16.2132982626789,0.0491125339859049,0.238701154220553
"PSMB6",3.20200968011478,0.0674777270301376,23.6670253010113,0.0382774084714766,0.198094840773189
"PSMB7",4.51455092852039,0.165543606156176,23.8216664933896,0.0531822569629502,0.387289667640106
"PSMB8",1.51861017576445,0.0456704640706296,34.4759971689005,0.0371178847242704,0.348699763593381
"PSMB8-AS1",0.396095798807349,0.103773703146155,56.2675041393048,0.0512173370641432,0.865178695591712
"PSMB9",0.380479596500539,0.0139069996550001,49.1106772263716,0.0345734673471065,0.562786816854401
"PSMC1",4.47001452764177,0.203498193865418,23.8686484788096,0.0594246190086883,0.454039771937144
"PSMC2",2.71213419075561,0.177947016450703,32.9118713703753,0.0579505005339469,0.567028229731609
"PSMC3",2.60332572543491,0.106164215925579,30.9657794227933,0.0454504363531766,0.401613127520512
"PSMC4",2.67616111321225,0.141236454031388,32.8125261868232,0.0516635871345732,0.499860937282715
"PSMC5",3.67489761359957,0.096371961974469,24.7397346714163,0.0426957564376267,0.275066054790711
"PSMC6",3.93116128673966,0.189071166931523,26.2977112849777,0.0577603151059119,0.470588235294118
"PSMD1",3.11688447982706,0.164457542265549,30.3888539571721,0.0548517790729526,0.49847031010986
"PSMD10",1.68859117689288,0.124855005494404,40.1694967207384,0.0508791722561293,0.603184536225838
"PSMD11",2.54934193950271,0.118321446725022,32.6661656183064,0.0478508872742199,0.45522180503407
"PSMD12",2.63967429018798,0.166100786117874,33.7336600523499,0.0561937401829821,0.561048532888333
"PSMD13",3.29867820668916,0.186646451615915,29.3980857777702,0.0583222266994191,0.520164094006397
"PSMD14",3.38568924074894,0.237610963685193,29.2323415670141,0.0675019057591535,0.606174384647476
"PSMD2",4.03106818319679,0.15324165830676,25.2652832708019,0.051520644119537,0.38916701432346
"PSMD3",1.41216320821606,0.061277265862632,38.2870632549217,0.0401048866329935,0.449798359059936
"PSMD4",3.18610612951284,0.09138960869982,27.2625771267455,0.0425082942504603,0.309484077318871
"PSMD5",3.31411918518048,0.333560654837006,26.9845184555103,0.0852225433797671,0.728410513141427
"PSMD6",3.32620412190968,0.191253747628457,29.8179950609439,0.0593454697309579,0.536156306494229
"PSMD7",3.1423428887209,0.163450695317071,30.2710692401828,0.0546525072149968,0.494646085384508
"PSMD8",4.59526646491978,0.0956912814389544,20.7347734903334,0.0418231306764405,0.206647197886247
"PSMD9",7.29066908791981,0.380870975616472,13.6784696911543,0.0886003892771235,0.578848560700876
"PSME1",2.77554715078251,0.031840963306411,22.2517086563735,0.0334884623635613,0.100890001390627
"PSME2",1.23531186532523,0.0220050130026094,31.3703499357126,0.0333342797733544,0.241969128076763
"PSME3",2.4124844392502,0.14963212655377,34.720225695351,0.0536059051060068,0.549019607843137
"PSME4",3.1714293152185,0.326763991767482,27.7916839447326,0.0842139035362859,0.731261298845779
"PSMF1",6.1188931275138,0.211657565530573,17.5796152029236,0.0587284588226141,0.362953692115144
"PSMG1",2.41771711965122,0.244891515533185,34.4855939550337,0.0709536298664924,0.71179251842581
"PSMG2",7.64981467637246,0.241313613830602,13.0424278942566,0.0621959928900585,0.340356000556251
"PSMG3",4.33075656658856,0.280713572818456,24.9369276908182,0.0740197979998181,0.605131414267835
"PSMG4",6.36487365670148,0.371169011313723,15.8882984979751,0.0875627717264753,0.599638436935058
"PSPC1",4.71388965735348,0.373513103289822,20.5045047402942,0.0902218897677682,0.681546377416215
"PSPH",1.49284852048009,0.284339358226249,37.812122158831,0.0801100083047389,0.838617716590182
"PTAR1",1.32032624470025,0.18822531413062,42.865241940826,0.0631019592362855,0.764914476428869
"PTBP1",6.52092223811126,0.211876060986631,17.268773920055,0.0588905644901483,0.360102906410791
"PTBP2",1.29963201654787,0.305736752704253,37.1906751943884,0.0841532323676398,0.863509942984286
"PTBP3",3.56981987122527,0.192568318206525,28.2440808111067,0.0590133066917182,0.51063829787234
"PTCD3",6.50894528763651,0.486114471236112,11.5743411092093,0.109214916042667,0.708663607286886
"PTDSS1",3.62645474215593,0.283125352398393,27.5864800071783,0.0755420624553282,0.654915867056042
"PTEN",1.19730590673805,0.105925711804525,44.8504608641784,0.0488159609424885,0.655124461131971
"PTER",1.94535078850891,0.391875650503508,28.954047323331,0.0983052146199017,0.859963843693506
"PTGES2",4.64983146739682,0.296726573768411,23.5815701735578,0.0765614802223205,0.608747044917258
"PTGES3",5.20729989342908,0.0650074074455574,16.8688261114165,0.0370855153785185,0.0847587261855097
"PTGR1",1.85591492025635,0.166696877611184,39.6663863530889,0.0581646706529573,0.669169795577806
"PTK2",1.97787328958239,0.101672674670369,36.7668509881911,0.0461929975020569,0.498748435544431
"PTMA",3.52628850715797,0.00545716019191842,19.2010583317612,0.03044887000927,0.00118203309692671
"PTMS",1.22270476830401,0.0132100486661725,29.8649650864506,0.0320446697271616,0.196078431372549
"PTOV1",2.7396553663334,0.141568896843457,33.6068710606689,0.0520801845431733,0.515714087053261
"PTP4A2",1.01705613307444,0.018378804947445,33.5690685731204,0.0331479047974768,0.275483242942567
"PTPMT1",4.83795758580268,0.285152096640793,22.739835580538,0.0739170080695436,0.574746210540954
"PTPN1",1.90595135655503,0.124958132457692,38.2678499477611,0.0504020557320522,0.568696982339035
"PTPN11",3.75729961147813,0.261055294453306,27.2065099240048,0.0711129945486088,0.61083298567654
"PTPN12",2.63165836924101,0.19116420459899,33.5074916220038,0.0605037212053805,0.60095953274927
"PTPN14",0.379902842868663,0.0508474201591607,56.6500671132907,0.0418039636672077,0.776873870115422
"PTPN18",3.81543680409262,0.232259346769047,27.4621854811579,0.0658971512869513,0.566332916145181
"PTPN2",3.81309621188618,0.309406098798337,25.4782816149453,0.0796247718883241,0.661729940203032
"PTPN23",3.35733107071425,0.318292744979875,26.9986695866114,0.0820659738301791,0.703031567236824
"PTPN4",1.72295341461132,0.324254819748855,34.0281383996311,0.0865489176583891,0.837783340286469
"PTPN6",0.520853784003767,0.0522978720417511,53.2346922345452,0.0414419286401062,0.714434710054234
"PTPN9",2.15647302130476,0.322242036393162,32.0324399882683,0.0851862898426974,0.798637185370602
"PTPRA",3.01383793906188,0.224772972059442,30.7593820539545,0.0656071295416452,0.610485328883326
"PTPRC",0.056126972167648,0.00479146059808527,66.2081832979035,0.0352202351375301,0.87651230705048
"PTPRE",0.27598042503735,0.0384408684208312,58.9501270309569,0.0400473450548772,0.798150465860103
"PTPRJ",0.600647588309285,0.17872533792539,50.0387869801837,0.0636917190893176,0.880684188569045
"PTPRK",0.686295700227385,0.0503490147603219,50.1527588679449,0.0405989539658364,0.652482269503546
"PTRH1",4.80003730074115,0.32117707287414,22.2539253800071,0.0806800571744935,0.62626894729523
"PTRH2",0.493531720364219,0.0340503929218281,51.4748787152712,0.0381145601205125,0.646780698094841
"PTRHD1",2.6327098797037,0.148446533499436,35.1077943818416,0.0537417222340826,0.55541649283827
"PTS",2.86878771983633,0.176291772528757,31.985861264785,0.0573740838512194,0.547698512028925
"PTTG1",0.0581795753567556,0.00827681611984138,66.8661488412779,0.0359135943934799,0.895702962035878
"PTTG1IP",1.47562616958512,0.0300422229468449,30.1016596488895,0.034202580956793,0.235015992212488
"PUDP",4.3006323687332,0.523667903380514,14.763573765072,0.119375984801209,0.823738005840634
"PUF60",1.9025173605318,0.0576638656845019,33.1879623346924,0.0386861691919797,0.349534139897094
"PUM1",4.54443175578759,0.215557986340807,23.5239581362415,0.0613778577101598,0.468989014045334
"PUM2",4.72556651654267,0.259845603363706,22.7155447147058,0.0690189439773919,0.531010985954666
"PUM3",2.95883651990518,0.23852078799,31.4224950218962,0.0685105592178323,0.646293978584342
"PURA",3.08500267735539,0.184102662277588,30.3494554698605,0.0581545534302024,0.532193019051592
"PURB",1.42156308978075,0.134633263193418,43.095087662543,0.0533920733527807,0.67459324155194
"PUS1",2.14797622758754,0.40357323273443,27.6356727218489,0.10016979895556,0.855861493533584
"PUS3",2.78654137732754,0.50273868699758,19.2294975888143,0.117190499829258,0.869281045751634
"PUS7L",2.43223315668011,0.274631463577167,32.9210007972009,0.076024955568576,0.734251147267418
"PUSL1",4.64448511811167,0.492904450290245,15.5544048498566,0.112979029922809,0.78820748157419
"PVT1",0.771782262096299,0.0878737655083901,50.9834730108563,0.0471600664405806,0.737240995689056
"PWP1",5.26243407046652,0.312470677113705,20.4123544767019,0.0780632648406144,0.580169656515088
"PWWP2A",4.55961516763666,0.468663314656341,16.8243547691056,0.108342023961694,0.771450424141288
"PXDC1",0.299176087177522,0.0985880074489173,58.1277889300637,0.0506978065988929,0.891113892365457
"PXK",0.990959083915467,0.18650095966115,45.7189796086482,0.06373264759702,0.81428174106522
"PXN",1.20843568364288,0.101883079704518,44.7047184550292,0.0480949292877913,0.645111945487415
"PYCARD",0.9169077959316,0.0230689439004722,38.1374939777783,0.0344541934155452,0.37171464330413
"PYCR1",1.10321979680811,0.0602700805586682,44.4406544385653,0.0412051655161998,0.563621193158114
"PYCR2",2.44063935884097,0.269476936400747,33.1440774112123,0.0751193942815177,0.729523014879711
"PYGB",1.22028527372913,0.117858684199991,44.6713853832055,0.0508295914858394,0.67334167709637
"PYGO2",3.13593600953181,0.259309925423567,30.0087956724299,0.0718812769430158,0.656793213739396
"PYM1",4.34617401395991,0.233774466265303,25.5074835566805,0.0655352247843135,0.535600055625087
"PYROXD1",2.83687922276331,0.430910622051966,23.5916395878935,0.103873358207235,0.829022389097483
"PYURF",6.80112325374591,0.147537849923601,14.0063134328045,0.0476055601795844,0.192323738005841
"QARS",10.5748331132909,0.403595924546053,6.16491878667557,0.0896811775655869,0.493394520928939
"QDPR",0.476499203112875,0.0143970235582263,46.2571042826477,0.0342861010536908,0.509039076623557
"QKI",0.459742576277498,0.0457850815257865,53.9429174108019,0.0404587692909216,0.715825337227089
"QPCT",0.23112590502497,0.0631497668144861,60.8382168973569,0.0447661143306877,0.879224030037547
"QRICH1",6.92813822186699,0.410369459176766,12.9634358903979,0.0939220912556327,0.61284939507718
"QRSL1",0.416612580036078,0.100925699036447,55.9591883881794,0.0506130601989954,0.8542622722848
"QSER1",0.934664192968602,0.112672769297194,48.3801869228559,0.0508861072101284,0.733069114170491
"QSOX1",1.05416632746321,0.0474386803352618,41.6789700348432,0.0386129219011436,0.48658044778195
"QTRT1",3.10100945542829,0.157891509228466,31.24896780005,0.0541114643315269,0.50278125434571
"R3HCC1",3.54002849130303,0.271960350527912,27.1364936165705,0.0729899000419677,0.627381449033514
"R3HCC1L",3.54414212840627,0.614415111447785,10.2630566335013,0.137111649962742,0.890766235572243
"R3HDM1",2.66151641312283,0.302398194643157,30.796626510475,0.0806349314149811,0.74342928660826
"R3HDM2",2.21656565523071,0.306341047394588,32.8443011244384,0.0823740140984322,0.786538728966764
"R3HDM4",6.20429441901314,0.345955990876371,17.6961590080596,0.0836294258644615,0.590043109442358
"RAB10",2.66779797490515,0.0715645242147909,27.5856669591129,0.0395781625794919,0.275066054790711
"RAB11A",3.84188343468387,0.0870366261389569,23.0942516821374,0.0410043807130031,0.228688638575998
"RAB11B",5.14156440246685,0.138677877724347,19.222956999468,0.0475442473456895,0.259630093172021
"RAB11FIP1",0.323433218659891,0.00897479520301455,48.7414814348629,0.0337619656478464,0.545960228062856
"RAB11FIP2",0.931522431764049,0.224727066161615,44.3833298899703,0.0707235162998067,0.856070087609512
"RAB11FIP5",1.1284392200169,0.210534671356414,43.61559700769,0.0676544002785051,0.817480183562787
"RAB13",2.26977468076749,0.0360962027434643,27.5390433167845,0.0348473539629396,0.204769851202893
"RAB14",6.90398706088812,0.198641264703927,15.0811397714418,0.0558505745501809,0.300445000695314
"RAB18",3.86131414233133,0.145300908229694,25.705786618923,0.0503444347609686,0.382144347100542
"RAB1A",4.6656936801191,0.153789981474145,21.501532674468,0.0504337556749825,0.324850507578918
"RAB1B",5.41776193778148,0.142620899437445,19.8776410571817,0.0485749759874252,0.280698094840773
"RAB21",2.13074392653665,0.238916402046007,35.9970713690845,0.0703376585387212,0.728410513141427
"RAB22A",3.811334307803,0.351657925844623,24.4891151094913,0.0877391425783739,0.714782366847448
"RAB27A",0.758437957631884,0.132374479955145,50.129016300762,0.0549053165124551,0.800792657488527
"RAB28",4.42858967000082,0.394148528188273,20.0158931720706,0.0940542602821555,0.706299541093033
"RAB29",0.86606739979562,0.147303335058403,48.6378404651392,0.0572649264246358,0.799541093032958
"RAB2A",4.86963404116037,0.0686519478887654,18.3159927643219,0.0377797329022461,0.11514392991239
"RAB2B",2.53913342922271,0.398187128586876,26.2971546099532,0.0982354651161567,0.823042692254207
"RAB30-AS1",2.08952948430085,0.325082274309329,32.3650289014948,0.0859618761367043,0.809414545960228
"RAB32",0.335728891832645,0.0512147217861148,57.9640389878356,0.0421057043537201,0.802670004171882
"RAB33B",2.2964617285419,0.456201992692792,23.4860831865452,0.109278010483786,0.868794326241135
"RAB35",5.40949107465302,0.482653988738273,14.0654311154411,0.10981606677707,0.745932415519399
"RAB3GAP1",3.2017999386813,0.231928824575723,29.5289591625152,0.0664423192683304,0.601029064107913
"RAB3GAP2",4.42340424581938,0.329426635156219,22.8133039667284,0.0824233249136661,0.649005701571409
"RAB3IP",0.579560966452298,0.0661245396900448,53.2374487024108,0.0438237922095417,0.740022250034766
"RAB40B",2.54145970264321,0.27532346417029,32.634462445773,0.0760946373518408,0.730496453900709
"RAB4A",2.48153067531216,0.0917432901839666,32.0503054612491,0.0435797673389571,0.395007648449451
"RAB5A",5.68109389535459,0.308900012289994,18.8382701561306,0.0766355490544668,0.547489917952997
"RAB5B",1.98917999107537,0.0815355474993913,34.3568062177479,0.0424254762136685,0.416423306911417
"RAB5C",2.59838448011336,0.109057873491237,31.5531331174827,0.0460792209471034,0.417883465442915
"RAB6A",3.36180523017291,0.12341695262787,26.7280937622598,0.0470648553659471,0.358642747879294
"RAB7A",9.22923994609692,0.187353192186626,8.49978053053887,0.052172604537266,0.179321373939647
"RAB8A",3.63570741857299,0.211663104871615,27.858128375905,0.0622281611648495,0.537129745515227
"RAB8B",0.78157643631675,0.188222860459601,47.5499902435471,0.0646846644051142,0.851063829787234
"RAB9A",5.95920159605558,0.367891818542804,16.9610906081462,0.0873726586502395,0.612223612849395
"RABAC1",2.22109176493524,0.0354100957663936,24.959908029404,0.0341957671735955,0.153733833959116
"RABEP1",1.40706425314249,0.0446470575729397,36.9182976742316,0.0374369215242805,0.39271311361424
"RABEP2",2.53829835467561,0.23753385857841,33.845068253871,0.0692706244389277,0.687665136976777
"RABEPK",4.23037702067218,0.315325296101448,24.1897958492554,0.0803274935835291,0.649631483799193
"RABGAP1",1.32292276602968,0.13938331333077,43.7605445235214,0.0543948365682054,0.695174523710193
"RABGAP1L",1.38621822776382,0.113336674423496,42.5250044232821,0.0494825654976876,0.625365039632874
"RABGGTA",6.07190840942847,0.472304525539396,13.0677762570209,0.107052033227954,0.712418300653595
"RABGGTB",3.50040404327166,0.168171448749238,29.7039272568537,0.0554769210423286,0.494507022667223
"RABIF",5.1996509240215,0.333349052809488,20.3674272118941,0.0821607162968931,0.613892365456821
"RABL2B",1.93854015849059,0.377796973229566,29.8910914136959,0.0957853938328473,0.853288833263802
"RABL3",2.60346169584771,0.420687902929056,24.9238181969459,0.102380727775668,0.835836462244472
"RABL6",1.48225932307956,0.132111687516,43.0965600871821,0.053001842856649,0.670421360033375
"RAC1",1.64112498540601,0.0258810660715199,28.4138085447018,0.0334760785608355,0.196287025448477
"RAC2",0.0874191080120284,0.00495877366406469,62.8833817024325,0.0348482336824974,0.812195800305938
"RAD1",3.58916911621738,0.386935599197506,23.3490559799921,0.0943516868644467,0.752607425949103
"RAD17",3.39596793093932,0.413913978703045,22.6969968327302,0.0997184332199582,0.785356695869837
"RAD21",1.69222014593852,0.0431812533257074,32.3150089575217,0.0364272482636623,0.304130162703379
"RAD23A",7.49761326788229,0.157252917659876,14.0639175324824,0.0494611676275967,0.215477680433876
"RAD23B",2.78860006123237,0.117567796125528,32.0388965456341,0.0476901268811907,0.443679599499374
"RAD51C",1.41261734560009,0.134091192245752,43.0788921181913,0.0532825263449009,0.673272145737728
"RAD51D",1.45952892345474,0.300963612765407,36.6978904582548,0.0829591904491737,0.846544291475455
"RAD54L2",1.87963113231547,0.366212495623242,30.8158842835232,0.0937857559001116,0.850507578918092
"RAD9A",1.2422628092412,0.222297146608621,42.3851388850481,0.069521775322648,0.815394242803504
"RAE1",2.80356794235009,0.28860270176047,30.7157887718851,0.0778648557698259,0.718815185648728
"RAF1",8.43435764071347,0.4616828612167,8.43824145064645,0.102340638008713,0.618133778334029
"RAI14",0.325283877832769,0.0243324765647863,55.174027314732,0.0370825878556209,0.699415936587401
"RALA",2.68957719568624,0.119800948566706,31.8052749680421,0.0478799888304385,0.442636629119733
"RALB",1.4626451759517,0.119016356045065,41.5666719715861,0.0501859439635821,0.617855652899458
"RALBP1",3.90121006942231,0.183250591482431,26.9976738941801,0.0570878520427891,0.473160895563899
"RALGAPA1",2.72691954002276,0.202445396470943,32.6281918644138,0.0622037334763578,0.604853288833264
"RALGAPA2",0.596717070157464,0.114119350772851,52.9092785312975,0.0522941475250067,0.820400500625782
"RALGAPB",2.41592119162713,0.209269883830833,34.881038813558,0.0643074327032895,0.657210401891253
"RALGDS",1.07684078358469,0.159514292123743,46.0630788018336,0.0587638824079587,0.773397302183285
"RALY",7.19698552804248,0.152966161460211,14.5379967342262,0.0488701540562871,0.214434710054234
"RAN",4.2056247757073,0.0517179914498757,19.0177295491059,0.0356492056436231,0.0909470171047142
"RANBP1",2.33293299985379,0.0813515476642211,31.232009026649,0.0417379740224985,0.359407592824364
"RANBP2",2.45756912508895,0.141207052845673,33.9167788219939,0.0519173869285231,0.519190654985398
"RANBP3",15.5130102113162,0.693323835115128,6.78613283992676,0.146319882510946,0.703657349464609
"RANBP9",2.66571254464002,0.293502522495406,31.3020756385654,0.0791150092733346,0.737519121123627
"RANGAP1",1.64096069191754,0.222733809318311,39.7848020169974,0.06866917820842,0.768947295230149
"RANGRF",1.87128983217043,0.154628093936916,38.9769604094726,0.0557311776826902,0.634890835766931
"RAP1A",2.46067735991428,0.122774695412781,32.7442140118458,0.0485096239144041,0.464121818940342
"RAP1B",2.51621101067891,0.0835122493719304,29.2946712449878,0.0415964636506979,0.328118481435127
"RAP1GDS1",2.55303349420313,0.22901636031368,33.7080741254945,0.0675669261862629,0.670421360033375
"RAP2A",0.804352744430832,0.191106222039548,47.3763766050874,0.0652060895110152,0.852941176470588
"RAP2B",0.609019833305786,0.0955079159374615,52.7994666619749,0.0488777000304472,0.784939507717981
"RAP2C",2.07737861259973,0.289803564753359,34.084697771466,0.0795386003029507,0.780698094840773
"RAPGEF1",0.665399430687745,0.124019729051387,51.5375874552263,0.053746549358071,0.812265331664581
"RAPGEF2",0.627121677792469,0.158834372783053,50.7007876562041,0.0600501464655563,0.858156028368794
"RAPGEF6",2.21825809489726,0.397493164939123,27.5179298725768,0.0987370919330837,0.84362397441246
"RARA",1.59329601713058,0.0737400777963404,38.8851717313781,0.0422327697255648,0.485467946043666
"RARRES3",0.475737279449254,0.00613095122980802,38.6573213461002,0.0320843993096737,0.345848977889028
"RARS",6.12119198949478,0.372374329803057,16.4813209385773,0.088071149018247,0.611458767904325
"RARS2",3.79699896882889,0.419018063738426,21.0691112304627,0.0998980666405388,0.765123070504798
"RASA1",1.07456686992649,0.117419514851263,46.2389190469801,0.0511483445860894,0.701571408705326
"RASA2",1.64654255416116,0.239458564598807,38.5998847972066,0.0713970369737933,0.776039493811709
"RASAL2",0.453761247517324,0.0698732027654001,55.4965733682919,0.0449073803040087,0.789598108747045
"RASGRP3",0.0441180967680295,0.0204569603001743,68.4447417023321,0.0382960624019705,0.948477263245724
"RASSF1",2.18103579670081,0.183872229891751,36.3333355528729,0.0601055046393619,0.638645529133639
"RASSF3",0.703129381725422,0.231376429470121,45.8840524829004,0.0726425310283197,0.895146711166736
"RASSF7",1.79399509489991,0.138280335759234,40.6080283550575,0.053433627972606,0.636072868863858
"RB1",1.21077394838262,0.116743856135119,44.5526117400343,0.0505880586412208,0.66903073286052
"RB1CC1",4.02959212966812,0.174550323184522,26.2606275843015,0.0553915196736359,0.445070226672229
"RBBP4",4.24324253634326,0.121400457078777,22.8717159277678,0.0459203932650865,0.289667640105688
"RBBP5",3.24489664426765,0.40963256358384,23.3187215122302,0.0991125531801354,0.789250451953831
"RBBP6",3.33681951714381,0.132734339741604,29.078059205882,0.0493560921896287,0.419065498539841
"RBBP7",1.37193865856587,0.0538975668706788,37.367689592396,0.038801892132389,0.418231122236129
"RBBP8",0.876651275484594,0.0999844456907242,49.268917490872,0.0488714287603656,0.726880823251286
"RBBP9",3.00002378422844,0.501559021353732,18.7664645248123,0.116654300399601,0.85905993603115
"RBCK1",5.77326178380696,0.174371651164712,19.0693498676451,0.0532601650354396,0.323738005840634
"RBFA",4.43947496090345,0.316134714746901,23.447643823881,0.0801684184402246,0.638228340981783
"RBFOX2",0.727932324205815,0.0663226557078337,49.7119222876173,0.0431331716883253,0.673480739813656
"RBKS",0.148019151109594,0.0330931589965373,63.4390908241773,0.0398236655748825,0.874704491725768
"RBL2",2.64716915352371,0.182705747509313,32.9872983564646,0.0587670353983074,0.576484494507023
"RBM10",6.4225503242522,0.448618634288655,13.214611942793,0.102100045267865,0.677583089973578
"RBM12",2.99239160176485,0.315989506983458,28.7413192138104,0.0824277544211467,0.729870671672925
"RBM14",2.29739256734043,0.314129308661537,31.9384699165954,0.0835160766921291,0.78340981782784
"RBM15",1.65260777425598,0.516139555794571,20.9799869096545,0.121171593742977,0.923167848699764
"RBM15B",4.05984663905301,0.334970335787475,24.3141322315764,0.0843109302380534,0.684327631761925
"RBM17",5.94884364988448,0.208883591813359,18.7097885341437,0.0587528756587348,0.377694340147406
"RBM18",4.60842419200896,0.363848146171804,21.2942704139052,0.0886701445301435,0.679460436656932
"RBM19",2.93880119664449,0.505093352002444,18.6833117855268,0.117390670801208,0.863370880267
"RBM22",5.66225260461068,0.380095460060537,17.2928401971567,0.0899393201958437,0.637324433319427
"RBM23",4.740387881409,0.280929514878181,22.4354784882054,0.0728290402112375,0.56174384647476
"RBM25",5.41069949560811,0.148633573457653,18.3535056360824,0.0487972314336255,0.263176192462801
"RBM26",3.74576444223876,0.304327934965882,25.9741841104317,0.0788643812450448,0.66193853427896
"RBM27",3.43369209442489,0.556927044803004,14.3019116661142,0.126469970950664,0.869628702544848
"RBM28",4.70071141794868,0.442180614426855,17.7447938002532,0.103152572778974,0.744889445139758
"RBM3",6.16590639793034,0.0573714885692907,15.4409123223896,0.0362423260566069,0.0538172715894869
"RBM33",5.02304103475653,0.40291488128305,18.2109801234519,0.0950374402125606,0.689612015018773
"RBM38",0.594047062440824,0.23567322746995,46.4155746220943,0.0737127202922736,0.912320956751495
"RBM39",6.50200088707427,0.0917345233500297,14.5420541972756,0.0402304061986103,0.10172437769434
"RBM4",4.15335472194331,0.398479634347459,21.1265630286809,0.0956563009008358,0.73279098873592
"RBM41",1.53567811993383,0.303675949662901,36.1013148451573,0.0832416156420214,0.840356000556251
"RBM42",4.38945788224434,0.211892971363044,24.3439015556402,0.0610516012798926,0.476846057571965
"RBM48",4.18677123720066,0.552125882411067,13.0082945345788,0.124578712104022,0.838617716590182
"RBM4B",8.37184070183812,0.606392665591654,3.54180443041229,0.131443648321612,0.756779307467668
"RBM5",3.11455207133397,0.191744287328099,30.4764570726386,0.0595726424993367,0.548115700180781
"RBM6",4.23676798774206,0.229300291160567,24.9522380751292,0.0643291975766093,0.517243776943402
"RBM7",4.59749593697766,0.577358656321797,10.8281326059858,0.129022170249536,0.840356000556251
"RBM8A",5.11373756009798,0.0994576064534849,19.1462457024248,0.0420762092766208,0.188290919204561
"RBMS1",0.657866628672385,0.0471991625787615,49.2573311270774,0.039882955630298,0.629258795716868
"RBMX",4.94456205379002,0.113325330396346,19.9943176060051,0.0441510932714139,0.227367542761786
"RBMX2",3.0355912306816,0.263692966935679,30.1145982815425,0.0727124444289863,0.665901821721596
"RBMXL1",1.77564996017916,0.389262671982178,29.6983832479982,0.098114653920471,0.86893338895842
"RBPJ",2.39019788718646,0.120164344865216,33.2439726195047,0.0482239563130502,0.46836323181755
"RBX1",6.23527888774153,0.110807546699733,15.3765828844407,0.0428321175976854,0.148449450702267
"RC3H1",4.81439580507114,0.275897883647367,22.9316957670745,0.0722444669040408,0.56250869141983
"RC3H2",1.8578499687807,0.176215152940734,39.0426978000101,0.0596337349679831,0.674315116117369
"RCAN1",0.229894413104358,0.0760073290667282,60.4628441166387,0.0470378370583838,0.895146711166736
"RCAN3",1.44820002674093,0.222590285263801,40.9815268149938,0.0690671882571866,0.790362953692115
"RCBTB1",4.24052408946217,0.519803005430298,14.8456168158824,0.118454106280684,0.819009873452927
"RCC1",2.02626990654956,0.227018414495636,37.2513412766843,0.0685662629918579,0.730635516617995
"RCC2",1.63793381525104,0.127310782722793,41.3194895046251,0.051663158031497,0.62905020164094
"RCCD1",0.972232155675656,0.237767129898117,43.4661828917811,0.072988096173792,0.861771659018217
"RCE1",4.21236445005912,0.413116253012261,20.5638236634687,0.0985199891757673,0.746905854540398
"RCHY1",7.96821469092969,0.544573774558719,6.57005019853824,0.119237632473924,0.714156584619663
"RCL1",1.59377284421007,0.328637473282896,34.3987757618571,0.087637804084777,0.851828674732304
"RCN1",1.14906409181884,0.0485810494826346,39.8995826967022,0.0384594987799839,0.45522180503407
"RCN2",3.65247868403179,0.17451061623,28.3467219092505,0.0560493579294621,0.481365595883744
"RCOR1",2.23377247301107,0.364818687182644,29.5933366166091,0.0929093223374571,0.826380197469059
"RCOR3",2.83727985604969,0.201761996830691,32.5374689307881,0.0621297076401476,0.60248922263941
"RCSD1",0.0894171809929935,0.0223550058678953,65.9311938805136,0.0382854556430795,0.903281880127938
"RDH10",0.134558048446053,0.0743799547301876,62.7809456106259,0.0472189752772545,0.936448338200528
"RDH11",2.72001916584201,0.231471290154131,32.4296971305214,0.0675016511673129,0.651717424558476
"RDH13",2.27280287058081,0.383028440746067,28.4167518848339,0.0961758681695902,0.835697399527187
"RDH14",7.37432856253246,0.490726401554548,9.44330738472571,0.108970191616165,0.679669030732861
"RDX",0.660250576806149,0.0558723655493114,50.1916127672332,0.0414771347518138,0.663190098734529
"RECQL",1.35831741101558,0.12843271820762,42.9752511580011,0.0522047225791601,0.660895563899319
"REEP3",2.23155183261027,0.1423414187513,36.538176632998,0.0529434411237271,0.569114170490891
"REEP4",0.704368564262089,0.111049481343949,51.3169030683137,0.0513232360600521,0.785009039076624
"REEP5",2.9486757041947,0.0480239451274003,24.0315509666811,0.0358446386801392,0.166666666666667
"REL",1.26180220192956,0.0709809809615145,42.3099866799684,0.0424586022882773,0.54352663051036
"RELA",6.28862309494243,0.334765069823651,16.5813317716381,0.0806278626020639,0.552148518982061
"RELB",0.380560847532166,0.068285810821476,57.2732973054044,0.0449914308759121,0.820539563343068
"REPIN1",2.78767662974214,0.173506352713673,34.2069891411872,0.0578157845162784,0.583715755805868
"REPS1",3.3261061218407,0.427297180132837,22.3558363324922,0.102444206860327,0.801279376999027
"RER1",4.05122221521991,0.0910240641356853,22.1416014052738,0.041350821466482,0.219858156028369
"RERE",3.26793394452121,0.166865154906774,29.5259762975113,0.0549960239326628,0.487553886802948
"REST",3.13056510857272,0.188459929983672,30.9288823848325,0.0592241178418223,0.550827423167849
"RETSAT",2.27820011164975,0.269196481472619,34.0808705885136,0.0754665693124606,0.745793352802114
"REV1",2.30661471720152,0.265377206093779,33.7874839783776,0.0745448638771327,0.733903490474204
"REV3L",0.915196732402671,0.127741001399914,48.3321388357032,0.0535665932337871,0.759073842302879
"REXO1",4.71021952160697,0.577161654814789,10.7772314170766,0.129013483297334,0.839034904742039
"REXO2",1.71161007152649,0.0714316228789835,36.1815813525505,0.0412579524490664,0.430538172715895
"REXO4",5.53342196707589,0.519360789587781,12.3089605548884,0.116964484289525,0.773744958976498
"RFC1",4.70929669782111,0.23378055251106,23.0217301369175,0.0644416487530862,0.492003893756084
"RFC2",1.20183613206053,0.185096696790419,44.2305866896741,0.0629984188922863,0.784591850924767
"RFC3",0.476013651810221,0.170236379512167,51.8484652896071,0.0626231561926501,0.899527186761229
"RFC4",0.713867259767635,0.16289153779531,49.7355217663146,0.0605432322373195,0.847378667779168
"RFC5",1.3396704123021,0.342011913084127,34.7392236498539,0.0906057953390254,0.880475594493116
"RFFL",2.08292095873449,0.375722270231094,29.4389887432402,0.0951104056901123,0.841746627729106
"RFK",3.33772746351394,0.297595874310954,27.8440909795247,0.0783555770831181,0.683284661382283
"RFT1",7.07089884255653,0.695905620677131,1.07473343932637,0.150806876753606,0.852245862884161
"RFTN1",0.237243263365587,0.0451979058208091,60.5821560309597,0.041502290779178,0.841816159087749
"RFWD3",1.00415650433943,0.320999411133239,37.8010182172074,0.0876302402163005,0.900431094423585
"RFX1",1.64557969056986,0.290960667124575,36.2913080480047,0.0807377930484693,0.822277847309136
"RFX5",1.89582399286985,0.207019586750003,38.588497809661,0.0652408757525265,0.72013628146294
"RFXANK",5.61812322828997,0.322654925639737,19.5168352013496,0.0797620659040388,0.582255597274371
"RGCC",0.0884342309211825,0.00404257094184041,62.2737394047991,0.0346185376025043,0.798637185370602
"RGL2",2.36868338580951,0.095965729502744,34.1187173031439,0.0447704231774222,0.440967876512307
"RGP1",4.59353205862823,0.421372522017574,18.8915550300237,0.0993208680380546,0.731191767487137
"RGS1",0.0334019579600773,0.00419309015465855,68.5244516159475,0.0353907679956664,0.920456125712696
"RGS10",0.839161297749909,0.0252527483088556,41.2480819349673,0.0352366433636612,0.435266305103602
"RGS14",1.82030212276263,0.295005897946696,35.1757679715245,0.0810724736643605,0.809066889167014
"RGS19",0.608349052405843,0.0689997190521604,52.3784755930784,0.0441302393741902,0.728897232651926
"RGS2",0.0558795357004669,0.0109698471698084,67.3897211364662,0.0364557732405814,0.910791266861354
"RGS3",0.410881934139025,0.0551211591944669,55.9929780890569,0.0424228683494011,0.772145737727715
"RHBDD1",4.66471059063246,0.630359833511316,7.56868045610534,0.139198996281976,0.867264636350994
"RHBDD2",3.64009327831526,0.167847157367599,28.1196424371325,0.0548267265385628,0.465373383395912
"RHBDD3",3.33311341772439,0.414361915394637,23.0478668817797,0.100051888851047,0.792309831734112
"RHBDF2",0.789381207888724,0.176228838925012,48.2936684458578,0.0626371345472349,0.843971631205674
"RHEB",3.34019548032845,0.102651887760229,26.2407315533427,0.0438588176292948,0.311917674871367
"RHNO1",2.36108822549172,0.275514364199595,33.4248204361218,0.0764424260545768,0.744819913781115
"RHOA",5.41342385915546,0.030336510766528,16.1683604149451,0.0331181800425869,0.0106382978723404
"RHOB",0.713134413184553,0.00454303675285227,31.0309783974255,0.0309783979562447,0.196982339034905
"RHOBTB3",0.567385060308945,0.0330601270509702,50.14877116711,0.0377751690713684,0.619802530941455
"RHOC",1.74320846344569,0.0591686473934068,34.6685369321612,0.0391502301507799,0.37929356139619
"RHOF",0.172602092728963,0.0485028547716593,62.7734928204714,0.0424743525611585,0.889862327909887
"RHOG",0.773738550851292,0.0415687800133051,45.1027261448651,0.0382537178514711,0.539563343067724
"RHOQ",0.86080048033505,0.1423823662215,48.8697555904142,0.056419986852767,0.795160617438465
"RHOT1",2.58046118687784,0.250832059695486,32.963856153653,0.0714201323745845,0.694548741482409
"RHOT2",3.12498397298089,0.186524388065269,31.1096819398193,0.0589652454097613,0.550757891809206
"RIC1",2.11991224758631,0.260970401259473,35.0147802894643,0.0741924414105586,0.748366013071895
"RIC8A",5.09061004529827,0.30405439197204,20.6522719316526,0.0764276351053218,0.569809484077319
"RICTOR",0.812679288225835,0.0851138837557856,49.6124969894342,0.046338780072038,0.70623000973439
"RIF1",2.62434066067501,0.185122187841,33.2692065617784,0.0593056554770431,0.585871227923794
"RILPL2",0.849963552174522,0.0953383285562746,49.0671893481017,0.0479772165987082,0.714504241412877
"RIN3",0.148961357999297,0.0523879764325267,63.354841514471,0.0432784258743606,0.908010012515645
"RING1",5.0169923203776,0.285221664857075,21.2738824892081,0.0731386775615933,0.54908913920178
"RINT1",3.21799355427642,0.570127021599312,13.7843593876251,0.129117248672984,0.882005284383257
"RIOK1",3.9415966401074,0.413590923924233,21.1006113718984,0.0988261734681178,0.756918370184953
"RIOK3",2.87158207119448,0.219933764609685,31.5646229167804,0.0650069750908011,0.616325963009317
"RIPK1",3.61814933753153,0.44675094089114,20.2347475041565,0.105412302893989,0.795647336948964
"RIPK2",1.24639117891924,0.204553043548609,43.2224176481321,0.0663876380368644,0.800027812543457
"RIT1",1.92308900322973,0.29552951592042,34.4259632455916,0.0808109708642944,0.796412181894034
"RITA1",3.72502693946069,0.34664478932248,25.1689663479421,0.0870863203962443,0.718467528855514
"RLF",2.17719950723384,0.294849166957777,33.1350010776816,0.0800959978073371,0.772145737727715
"RLIM",2.47462311086619,0.236412569413866,33.8914250920405,0.0690203015319161,0.686344041162564
"RMDN1",3.48293942028408,0.279869265267731,28.2791200170129,0.0751989089693515,0.661521346127103
"RMDN3",2.81487839962872,0.250762007842798,31.6110074458491,0.0708507551779096,0.670351828674732
"RMND1",0.799424505063523,0.0596122371854056,48.9160337408621,0.0419084356671254,0.646363509942984
"RMND5A",2.70790129505828,0.342967422593415,28.9753550870495,0.0880847218539599,0.77909887359199
"RMND5B",2.88323863265523,0.2528976696905,32.2182346748896,0.0716773339169412,0.685440133500209
"RNASEH1",5.31790681207136,0.426639641862009,16.82041085623,0.0993816121102248,0.704074537616465
"RNASEH2B",2.45986123646562,0.189773216956439,34.6059209305795,0.0606211388069122,0.618133778334029
"RNASEH2C",2.41750080799191,0.0915939416457572,31.6671053844734,0.0433955055397071,0.387011542205535
"RNASEK",2.46669687287393,0.218791414076948,34.0714828754353,0.0657341835713228,0.659018217215964
"RNASET2",0.82599900147771,0.0287862864447135,41.4510447426062,0.0357515822488253,0.445696008900014
"RND3",0.389753426463368,0.0596346383275234,56.8645029674319,0.0433795614878359,0.797037964121819
"RNF10",6.36717689461217,0.237881016167628,17.1830318632242,0.0631120102922536,0.401752190237797
"RNF103",2.12293172184353,0.242884595722207,35.9725327859113,0.0711038375949097,0.73480739813656
"RNF11",4.6291686341006,0.183481550393817,23.4891765311384,0.0560099058949062,0.413224864413851
"RNF111",3.34823808837262,0.390874049199368,23.8487093849956,0.0954001385317814,0.767765262133222
"RNF113A",4.29481572133707,0.41405209581658,19.9516436962384,0.098296264382459,0.737658183840912
"RNF114",5.07731519200349,0.239777838534763,22.0111116767176,0.0652347963790714,0.485676540119594
"RNF115",3.24893159773938,0.151809269048552,28.9284177071829,0.0522546535457718,0.449659296342651
"RNF121",4.5218451409487,0.532984343435073,13.5435481992862,0.120648633451253,0.817202058128216
"RNF126",3.54012146699989,0.328009520064538,26.7527859501119,0.0840955273819261,0.715408149075233
"RNF13",2.18414329030079,0.131314490393627,35.7306834300534,0.0507576633578846,0.533931303017661
"RNF130",0.99010799412769,0.0463931911391026,42.545636349839,0.0385988641029056,0.500834376303713
"RNF138",2.85875499621744,0.350047023321586,27.7274037419623,0.0888719549456048,0.768669169795578
"RNF139",2.18342952958271,0.207869647365247,36.987570968819,0.064879791303094,0.692949520233625
"RNF14",4.57687127759874,0.328966409491698,22.7277044866799,0.0824038707815492,0.647128354888055
"RNF141",2.54691328735526,0.227183964867118,33.9941848264662,0.067362235955971,0.672507300792658
"RNF144B",0.41339916024257,0.0551193084624279,56.1655060179705,0.0424629213911303,0.775483242942567
"RNF145",0.419134941123943,0.0497876193757076,55.5644625133852,0.0414292373412569,0.754206647197886
"RNF146",2.39473473940021,0.231074600556785,34.0702383296864,0.0680123842221113,0.680086218884717
"RNF149",2.9198163191886,0.141067376974127,30.5374249905664,0.0509298700904783,0.45848977889028
"RNF166",0.401469076316574,0.131544307282734,54.9157801769592,0.0560788168287607,0.888958420247532
"RNF167",3.73539307809053,0.12039957307205,25.3156519822007,0.0463515914482032,0.329578639966625
"RNF168",2.05489520634947,0.270444993051758,34.972800975202,0.0760395646592965,0.763732443331943
"RNF169",4.23495793595262,0.634232445760772,8.04537879620791,0.140416551114732,0.882352941176471
"RNF170",0.766312425945306,0.067290558051255,49.376301148628,0.0432437067797059,0.66903073286052
"RNF181",4.49807951419344,0.0967715626476521,20.9956329085442,0.0419978552379197,0.212626894729523
"RNF185",6.59001675418706,0.622440498339863,5.29009150826316,0.136090200792902,0.812891113892365
"RNF187",1.80737612936478,0.146554616732033,40.305010138139,0.0547788071959626,0.645181476846058
"RNF19A",1.41817141817985,0.0991465460256059,42.0717677516107,0.047004062477301,0.591294673897928
"RNF19B",0.644179775345181,0.170525587272958,50.0092308505564,0.0620881687981034,0.865804477819497
"RNF2",2.56206432685358,0.294658788265359,31.3993263381637,0.0793194272229363,0.740995689055764
"RNF20",3.36227258987909,0.376388930397913,24.6355135916773,0.092808749668079,0.757822277847309
"RNF214",9.35232518940775,0.660509880026262,0.204759224541846,0.142103114350076,0.780419969406202
"RNF216",3.47587714357589,0.25239372725184,27.9723635462773,0.069662202029684,0.608886107634543
"RNF219",2.79997139086166,0.455718676824762,22.0492443090092,0.108368722018171,0.842372409956891
"RNF220",3.93232652781204,0.390060310319426,22.3631436585051,0.0945795813534334,0.74064803226255
"RNF24",0.638234843255788,0.110066250546394,52.2635156778909,0.0513812010292125,0.801001251564456
"RNF26",4.29135134831361,0.50619363930558,15.5058151501575,0.115822323566299,0.808719232373801
"RNF34",4.69066309743552,0.423671354713664,18.488660307704,0.099583711178665,0.727923793630928
"RNF38",3.21776300281581,0.415353787921902,23.1448201987022,0.100252117667351,0.795577805590321
"RNF4",6.81394860579205,0.387763431005596,13.906531094454,0.0898202392739411,0.592754832429426
"RNF40",3.38520869573114,0.239173592962595,29.2560922657396,0.0678086320852226,0.6093032957864
"RNF41",0.705531379979441,0.0537722854489864,48.9826135830932,0.0409068635020988,0.636350994298429
"RNF44",2.56197287168175,0.24385416561201,33.8811113189751,0.0705462339098882,0.699346405228758
"RNF5",5.2428044039218,0.209938341208978,21.2703834239223,0.05976167592612,0.421985815602837
"RNF6",3.35881465789016,0.353377457420778,25.6581443364948,0.0885516040151417,0.737797246558198
"RNF7",8.50808432793474,0.13674904049076,10.9995854228076,0.0457899984964061,0.132943957724934
"RNF8",2.70544864292484,0.37618185789426,26.9958242877111,0.0939544015894122,0.799054373522459
"RNFT1",2.05645753905812,0.235543969812766,36.3680311348673,0.069802814136883,0.729175358086497
"RNGTT",1.77587938543655,0.426630056239904,27.0947272408841,0.104790452384403,0.884438881935753
"RNH1",2.6917194598947,0.0686436215177867,26.8019379735688,0.0389926428173482,0.255041023501599
"RNMT",3.6797418373341,0.220498566573317,27.1680832565214,0.0634856952308769,0.53998053121958
"RNPC3",1.48179386445733,0.21420518211076,40.6909734134689,0.0672873124029414,0.770407453761647
"RNPEP",2.98445382680141,0.149888847684554,31.6290048011699,0.0528515395659665,0.494993742177722
"RNPEPL1",2.02988676760018,0.236436971488609,36.4656054726425,0.070006808046877,0.732443331942706
"RNPS1",4.08952971155991,0.102782023429828,22.9527598341353,0.043234320082445,0.25657071339174
"ROCK1",2.9490717060389,0.117552088219254,28.8042700284421,0.0466540994160896,0.384021693783897
"ROCK2",0.903741524525046,0.106013267140097,48.3894694384708,0.0496835639630854,0.721109720483938
"ROGDI",1.99625881208454,0.155193840765015,38.8787074323116,0.0558998343044562,0.634682241691003
"ROMO1",3.89547929829825,0.0371583675402771,19.3886180384184,0.0339552650398764,0.0679321373939647
"RORA",0.900372518414444,0.134188525107032,48.2195311847555,0.0546950569412354,0.768391044361007
"RP2",0.994971541907112,0.279705066417683,40.5918615486391,0.0802921048811881,0.881031845362258
"RP9",3.6512544151952,0.335831584008532,25.3612733297601,0.0848656595231559,0.703657349464609
"RPA1",2.12124628799196,0.199149060237422,36.932218708144,0.0631511763862764,0.676401056876651
"RPA2",2.09971208612615,0.196180750686677,36.7278874859328,0.0624803409369154,0.667292448894451
"RPA3",1.48774503234427,0.0656014770830336,38.9354862824715,0.0409537969121872,0.470727298011403
"RPAIN",4.28101405050186,0.188232541526667,24.7811961392633,0.0571565907583544,0.443192879988875
"RPAP1",3.00857830146369,0.520230693329061,17.5060012185951,0.12007206975559,0.867125573633709
"RPAP2",2.18741301730894,0.254943594204065,34.9530962950945,0.0730042585106974,0.737032401613128
"RPAP3",3.64552427408816,0.424507412212091,21.5111048052328,0.101383694991888,0.7818801279377
"RPE",4.44702760378372,0.455890798106359,17.7167984021389,0.106064562326582,0.76644416631901
"RPF1",6.10958223668871,0.520373322487419,11.0997228502343,0.116498512762164,0.754345709915172
"RPF2",1.68807975718186,0.174865109524883,40.4197615476455,0.0598343270438155,0.696982339034905
"RPGR",1.04517098942229,0.317930766122591,37.7923797834389,0.0869805146372232,0.895077179808093
"RPIA",3.99727849642308,0.360720958845884,23.128080708293,0.0888378534911064,0.705812821582534
"RPL10",9.29948191374914,0.00535924234993447,15.7719839112441,0.0320371344816188,0.000139062717285496
"RPL10A",5.74602306472851,0.01329982910127,17.1765987019284,0.0317139074681239,0.00194687804199694
"RPL11",8.4001722904896,0.00951485043976405,15.8929769838277,0.0321224280292006,0
"RPL12",4.79607797125548,0.00536385912134136,18.4075299675681,0.0307841116734025,6.95313586427479e-05
"RPL13",3.33239608362279,0.00317107715761433,19.4863961030369,0.0301999112030872,0.000139062717285496
"RPL13A",3.96322677095882,0.013978502678994,18.3060833627266,0.031302227054936,0.00500625782227785
"RPL14",4.36486693955134,0.00671384105905976,18.5347635168397,0.030775044167651,0.000208594075928244
"RPL15",8.39375773768722,0.0129438041807906,15.5980214841317,0.0324065070364148,0.000556250869141983
"RPL17",4.62691803067201,0.0549588008509053,19.0590333711424,0.0362433055308149,0.101793909052983
"RPL18",5.1718780459516,0.0073563821882861,18.0068987746282,0.0310531953259682,0.000347656793213739
"RPL18A",4.3622476949812,0.00589955074949413,18.623794658936,0.0307096649439282,0.000347656793213739
"RPL19",2.22401335051403,0.00195653929409006,20.2515174209787,0.0297920976879487,0
"RPL21",6.94794643047783,0.0193252830738816,15.8917564184935,0.0325390382255873,0.00187734668335419
"RPL22",7.91457453298722,0.0201974651416663,15.2125691645359,0.0328706830901809,0.00118203309692671
"RPL22L1",1.50414696740176,0.0337306664264245,31.448420201234,0.0349344508136364,0.268112918926436
"RPL23",7.06448415561602,0.0586782814613285,14.4913580094373,0.0365358009430235,0.0474899179529968
"RPL23A",5.88561786456109,0.0109256392078804,17.2712542266029,0.0315479076592928,0.000903907662355722
"RPL24",6.7587384138379,0.0154290328728257,16.3075217763187,0.0321526852893826,0.000556250869141983
"RPL26",5.17016098288251,0.0204710295773173,17.0864078895823,0.0321976382806845,0.00716172994020303
"RPL26L1",4.74311994655446,0.178875650828486,23.8310449142274,0.0555050098975881,0.412181894034209
"RPL27",9.22990157197298,0.0350693809591342,13.2337003843198,0.0345055456795196,0.0047976637463496
"RPL27A",3.38491570971812,0.0296395564261653,19.8124499656935,0.0330031523996845,0.0566680572938395
"RPL28",6.12759091252574,0.00535958010857821,17.6274475503123,0.0311540740076989,6.95313586427479e-05
"RPL29",6.30655907920995,0.00733286401550164,17.3269739676114,0.0313631189360563,0
"RPL3",3.68251025506812,0.00558572015807475,19.0529690444992,0.0304950222184581,0.000347656793213739
"RPL30",5.18634521259294,0.00478551860223594,18.2427815834973,0.0308472041367524,0.000208594075928244
"RPL31",7.47889060750164,0.0325616337798999,14.6812886236797,0.0338651011399522,0.00876095118898623
"RPL32",6.849136187291,0.00639840984425476,17.1001145450909,0.031438200232725,0
"RPL34",7.65176178613439,0.00852690316859747,16.428737037163,0.0318349836404626,6.95313586427479e-05
"RPL35",8.95720746236656,0.0225789741016056,14.3421136297145,0.0333439581231468,0.000417188151856487
"RPL35A",6.86607487840635,0.00954123860965258,16.8044253375035,0.0317021087477396,0.000347656793213739
"RPL36",5.9421233392532,0.00834556534135951,17.448899771755,0.0313454899807339,0.000139062717285496
"RPL36A",3.65208752909206,0.0338859661531829,20.3931911691138,0.0337143233427717,0.0783618411903769
"RPL36AL",5.4560016965362,0.0308900052159782,16.171896745767,0.0331957545957807,0.0121679877624809
"RPL37",8.33563345002563,0.0101925210632481,15.8656149968077,0.0321594731057787,0
"RPL37A",7.12598270949969,0.0129299092495236,16.3288087368265,0.0320503815774194,0.000417188151856487
"RPL38",6.1288048209311,0.0263690374241892,15.9509978610097,0.0329491225501871,0.00695313586427479
"RPL39",6.13792657481417,0.00609727844105052,17.5607430033964,0.0312191499197463,0.000278125434570991
"RPL39L",1.09211946672128,0.113831494891144,46.9354127127393,0.0507631504195784,0.708455013210958
"RPL4",6.19683604330003,0.025087163490682,16.0144348747699,0.0328581853676947,0.0065359477124183
"RPL41",4.1280528518731,0.00191796425353465,19.1387983778984,0.0303189360811351,6.95313586427479e-05
"RPL5",4.34470578435602,0.00978246548348069,18.3216633455869,0.0310333267161284,0.00166875260742595
"RPL6",4.86711452756808,0.00893548265053506,18.0265138654328,0.031095717463419,0.000278125434570991
"RPL7",4.07571289984591,0.0147575507793232,18.3807809050854,0.0314407262132544,0.00910860798219997
"RPL7A",5.89957765040273,0.00686017374687287,17.6148341291603,0.031212379097878,6.95313586427479e-05
"RPL7L1",7.74974545445573,0.255470664589582,13.8617071884251,0.0651920767019649,0.379084967320261
"RPL8",3.6882250150804,0.0033987938842554,19.2548308979014,0.0303173374871826,0.000139062717285496
"RPL9",8.87380370340604,0.0205622468224572,14.6170695765238,0.0331661397640917,0.00104297037964122
"RPLP0",3.21481981326725,0.00362915092887043,19.5209896128921,0.0302062006508368,0.000347656793213739
"RPLP1",5.43488724089196,0.00250769525339612,18.3086083356456,0.0307293970645643,0
"RPLP2",5.37450023456301,0.0117347611909945,17.4713012756006,0.0314671550183184,0.000556250869141983
"RPN1",3.96077767822368,0.0845420261822278,21.897784501698,0.040369487456862,0.202753441802253
"RPN2",3.25791288246888,0.0711309912645484,25.2924845258894,0.0392322392511968,0.235989431233486
"RPP21",7.16530436175139,0.399956859518301,13.1650655238772,0.0920745584529799,0.6001946878042
"RPP25",0.934002784420903,0.224046266393573,44.6026420073432,0.0706971172061508,0.858990404672507
"RPP25L",9.57703748738384,0.502965668541528,5.59051816010204,0.109818603221599,0.634473647615074
"RPP30",7.25185678554057,0.553658048337681,7.49042788347988,0.121807393829894,0.743985537477402
"RPP38",5.7887029472557,0.47894141892218,13.7006997557923,0.108936062314663,0.733833959115561
"RPRD1A",4.69970029057032,0.341656548452096,21.5508633963391,0.0842838064546141,0.647476011681268
"RPRD1B",5.91734048441997,0.531843899828901,10.8589479250439,0.118861873239572,0.768251981643721
"RPRD2",3.31278750948997,0.264929169973394,28.8328803132046,0.0724408325543741,0.645529133639271
"RPS10",1.36825852841955,0.0403934667016357,36.8983073880323,0.0368257306026024,0.384091225142539
"RPS11",6.31282573336499,0.0358536334667695,15.3918282087681,0.0338995159681217,0.0156445556946183
"RPS12",3.65926296794247,0.00309748702392491,19.305286990432,0.0302854918205154,0.000208594075928244
"RPS13",8.34231151967672,0.0111306260802033,15.7981244866782,0.0322440001836258,0.000486719510499235
"RPS14",5.19156046852048,0.0057751124407208,18.1391338332109,0.0309281878748112,0.000139062717285496
"RPS15",5.56151312846845,0.00611487651795454,17.8854882406587,0.0310579008612494,6.95313586427479e-05
"RPS15A",4.97281232749955,0.00711105641555315,18.1363061704488,0.0309756855916728,0.000139062717285496
"RPS16",4.78955243768905,0.0126794487193569,17.7890986805321,0.0313952312828797,0.00187734668335419
"RPS17",1.15418564817561,0.0168097317786115,32.1013390383407,0.0327920784883846,0.2454456960089
"RPS18",5.69736636500239,0.00500957958420158,17.9137955490592,0.0310060351676548,6.95313586427479e-05
"RPS19",4.67846148247392,0.00596800059257785,18.4171258653364,0.030800390811858,6.95313586427479e-05
"RPS19BP1",10.4339285033006,0.258297524430836,6.71967067614894,0.0630638115739148,0.272493394520929
"RPS2",2.51000994363523,0.00438211311022745,19.9795357082532,0.0300904483528207,0.00264219162842442
"RPS20",4.03514151356117,0.0494253654968586,20.2322508172596,0.0356168263766488,0.107912668613545
"RPS21",4.9717668217364,0.0088304863857932,18.0015354375091,0.0311215307247962,0.000764844945070227
"RPS23",6.46342846050295,0.00750647265879012,17.2220740272137,0.0314216395641228,6.95313586427479e-05
"RPS24",8.13402233090679,0.00884447159043323,16.1127178869564,0.031993999597641,0
"RPS25",5.32618745786714,0.0115866082926645,17.5250156056199,0.0314440096733829,0.000764844945070227
"RPS26",1.68335936541539,0.00261014698393277,20.6736413332618,0.0297197489246222,0.00326797385620915
"RPS27",5.54626401320953,0.00493863495544566,18.0056302529213,0.0309575101158642,0
"RPS27A",8.07140240305455,0.0105024994588813,15.9936834960841,0.0321120468375608,6.95313586427479e-05
"RPS27L",2.13420492539593,0.0235929057744081,22.6085058956121,0.0323656285828342,0.0855235711305799
"RPS28",5.58499102219351,0.00586111497908151,17.8965220791818,0.0310438487686616,6.95313586427479e-05
"RPS29",4.08635433823826,0.016647678955135,18.2508503560231,0.0316112304233344,0.0102906410791267
"RPS3",3.91684662276378,0.00471333312793037,18.9907878218607,0.0304875076103886,0.000139062717285496
"RPS3A",6.15862326344067,0.00742426701271127,17.4157726810838,0.0313317813215977,0.000208594075928244
"RPS4X",5.28937310731946,0.0045486991815834,18.2092261389264,0.030857390408796,0.000278125434570991
"RPS5",4.14688464115095,0.00849165546599975,18.5568384810198,0.0308718150037626,0.00152968989014045
"RPS6",6.81087579623569,0.00928100389355892,16.8431732725458,0.0316614105928962,0
"RPS6KA3",0.391767578464877,0.0748568583468297,56.8880206597785,0.0460806321342785,0.825059101654846
"RPS6KA4",1.63607895181031,0.224488601186173,39.3599235693892,0.0687944521489691,0.764080100125156
"RPS6KA5",1.17722667212565,0.168086908616176,45.0556321739175,0.0600685017419776,0.76999026560979
"RPS6KB1",0.484476864819329,0.0527121439504803,54.2017288001596,0.0416888106781278,0.733625365039633
"RPS6KB2",2.56316029423858,0.174678162647443,34.9745450087081,0.0581739793991632,0.59894312334863
"RPS7",6.48583227133846,0.0121142463634608,16.7988050513004,0.0318101054468139,0.000764844945070227
"RPS8",6.91488681941792,0.00548901706469632,17.1496819736902,0.0313827080165704,0
"RPS9",4.7307720740285,0.0101800676240975,18.0502313174165,0.0311720159674966,0.00152968989014045
"RPSA",3.5138559183837,0.0106304102384082,18.9742519790708,0.0309168293186395,0.00646641635377555
"RPUSD1",2.31692028659672,0.281657888574267,33.8079486881141,0.0778983326207217,0.762272284800445
"RPUSD3",6.66600895234139,0.421187905330149,13.8251013482683,0.0967738467720006,0.644764288694201
"RPUSD4",6.82024133212934,0.658081557006083,3.41014359693283,0.143371615930206,0.835002085940759
"RRAGA",2.60746198092348,0.124504134457474,31.83566870702,0.0485630828898688,0.451119454874148
"RRAGC",2.1251059518006,0.293898005339046,33.5943376949402,0.0801364412426341,0.778820748157419
"RRAS2",0.627255376838886,0.202966227594383,48.2863191993843,0.067850802244776,0.890349047420387
"RRBP1",0.960563700893956,0.0228553330233404,35.8781277459531,0.0340640659355438,0.328048950076484
"RREB1",2.60208026714159,0.283134589874844,31.8955472594562,0.0772938159076354,0.730496453900709
"RRM1",0.822154928898487,0.104899369318685,49.7414010606153,0.0498330262393795,0.744472256987902
"RRM2B",2.5503229249425,0.308955313267366,31.106568825997,0.0821084552441976,0.759977749965234
"RRN3",3.63115349952435,0.37083643151794,24.0649991901218,0.0914010432242461,0.738770685579196
"RRNAD1",2.76266468864511,0.288088630821674,31.2907837188602,0.0780823780959825,0.728340981782784
"RRP1",1.16927952233926,0.143865973541115,45.8761530800688,0.0558627821114746,0.742455847587262
"RRP12",0.936151981439136,0.172832686472726,47.1129067047842,0.0616143368928586,0.816228619107217
"RRP15",2.57133713106657,0.23978281515536,33.8047364121034,0.0697162980484304,0.690933110832986
"RRP1B",4.02106572306659,0.346747075916741,23.9449380292224,0.0864867494186949,0.697260464469476
"RRP36",3.04516047782602,0.458887729828477,21.4581968409536,0.108828995281305,0.837088026700042
"RRP7A",2.50647329119023,0.184547160302289,34.2025466520772,0.0595333829656883,0.601654846335697
"RRP8",4.77778045649306,0.495084046396483,15.0287044184676,0.113117852209476,0.782505910165485
"RRP9",2.73019380278238,0.371323481063562,27.4020146013055,0.0931998714306871,0.798289528577388
"RRS1",1.21479523648395,0.177595100910898,44.794575293443,0.0618106836230253,0.782019190654985
"RSAD1",4.18717783021857,0.379344396349051,21.8875418316144,0.092084476131164,0.714851898206091
"RSBN1",3.46225128851054,0.319633307503036,26.5213399161443,0.0821149018836325,0.696912807676262
"RSBN1L",3.46909456492912,0.180456371886553,28.9468772637859,0.0571859427906832,0.501877346683354
"RSF1",6.03709757064045,0.204942723790916,18.079009072001,0.057832852992635,0.360033375052148
"RSL1D1",3.23444531217166,0.0724236858388331,26.3679692605168,0.0396935242369596,0.258448060075094
"RSL24D1",5.73975933100828,0.127033572471761,17.9676771198699,0.0457554843405114,0.220623000973439
"RSPH3",2.17546648444344,0.277167184107675,34.3081751041959,0.0771403123357563,0.763384786538729
"RSPRY1",5.18646042319448,0.40255398253604,17.7652619758907,0.0947363642079008,0.681407314698929
"RSRC1",5.43045097692335,0.342842462691581,18.7176117027449,0.0830908672226636,0.600820470031984
"RSRC2",5.09618570854742,0.187938390458202,20.8744302122586,0.0558077604348078,0.375886524822695
"RSRP1",2.30766559005421,0.0595320045040094,27.5081360273806,0.0377728667065786,0.24822695035461
"RSU1",0.964186346698868,0.0561289591135192,43.843965968474,0.0403218138113532,0.543596161869003
"RTCA",6.6836499659295,0.438191686983992,13.3108298976525,0.100082494178555,0.662981504658601
"RTCB",3.45274657179325,0.246461701733109,28.4506874624865,0.0687903756747726,0.607356417744403
"RTF1",6.49919690017522,0.209868726802746,16.5956249603499,0.05817891938929,0.34438881935753
"RTN3",2.75795753635064,0.0897065244543392,30.2735835373297,0.0429271458838321,0.35982478097622
"RTN4",3.08818742428998,0.0461544361041462,21.8313977517882,0.0351668005300923,0.122792379363093
"RTP4",0.278556454099731,0.100856264160063,58.4246957002994,0.0511940507284371,0.900778751216799
"RUFY1",4.28028615505796,0.366319107231051,22.1230001055544,0.089534388946999,0.697677652621332
"RUFY3",1.32817136235253,0.1765359893435,43.1358027010239,0.0609955600224227,0.749408983451537
"RUNDC1",1.90118818571542,0.246423570690473,37.1334472528155,0.0722431977342473,0.761716033931303
"RUNX1",1.00659497448954,0.0391150910821412,40.4021162495278,0.0371203371563793,0.446182728410513
"RUSC1",2.15382258870206,0.116293649604651,36.2322994841036,0.0484710279650684,0.51620080656376
"RUVBL1",2.19888093175331,0.21306492473981,36.5187443261501,0.0656498124864489,0.693366708385482
"RUVBL2",3.33724996095687,0.186027015096655,30.4817038156694,0.0587576038372897,0.539354748991795
"RWDD1",2.9411423094718,0.0613692341109676,24.4908735318606,0.0375882646229058,0.200041718815186
"RWDD2B",2.87130915362143,0.519397479565845,17.8804350838719,0.120105802667673,0.8724794882492
"RWDD4",6.19781353538583,0.34470014359687,17.0257115027704,0.0828694523948,0.576067306355166
"RXRA",1.88458221296781,0.160072467978821,39.1397076066836,0.0567765828055462,0.647684605757196
"RXRB",6.71943082929273,0.512133448173033,10.0174227013354,0.113976031675159,0.722778473091364
"RYBP",2.22973572751506,0.184900164882468,36.3695015045203,0.0603517855974689,0.641357252120706
"RYK",2.47403669798982,0.271188400820471,32.9181363659145,0.0753625555931709,0.728410513141427
"S100A10",0.626332982640908,0.00304133530924696,32.7927850521896,0.0310028372846898,0.227437074120428
"S100A11",1.77301701849,0.00481213653281526,21.6026899866408,0.0301071983494925,0.0264219162842442
"S100A13",1.15003490503377,0.0100908114939573,29.3541739308008,0.03157465989766,0.179529968015575
"S100A16",0.995333867504912,0.0135165849315736,33.3594923736105,0.0325129601314017,0.261994159365874
"S100A4",0.163985790172191,0.00137068519429608,50.7966073582331,0.0328178530296383,0.570504797663746
"S100A6",0.673714249620198,0.00136024947261442,27.0595587469134,0.0300805207008841,0.113336114587679
"S100PBP",5.11409668520968,0.437059606550365,16.6424395862716,0.101390664333404,0.717563621193158
"SAAL1",1.48261008558836,0.342077179111797,34.0434518277471,0.0902766767371412,0.868029481296064
"SACM1L",4.95243504883893,0.480141558084178,15.1804587950491,0.109869577365186,0.761229314420804
"SAE1",2.9021536167586,0.256102831358341,31.2638328325187,0.071774367600597,0.673480739813656
"SAFB",5.32896895287599,0.305887288452336,19.84166212601,0.0764385092374175,0.559171186204978
"SAFB2",4.65171745994035,0.318310287590184,22.228563278153,0.0799542537619776,0.620567375886525
"SAMD1",1.89081501992303,0.229039254532181,38.072271993048,0.0692674929558705,0.748922263941037
"SAMD4B",1.59785162855752,0.148961203382506,41.174340640576,0.0553614279908153,0.664789319983312
"SAMD8",1.90236756111175,0.316055949392438,33.4712941931577,0.0845662839127147,0.813934084272007
"SAMD9",0.419949532523034,0.0694823960373138,56.2508095454473,0.0449918836797065,0.803226255041024
"SAMD9L",0.300090215516422,0.0446673624966323,58.6335896989061,0.0410776809532881,0.803504380475594
"SAMHD1",0.264888210092433,0.0200769166376707,56.6942764733814,0.0365938576126156,0.720692532332082
"SAMM50",5.57016203977232,0.418555505218639,16.3473718127144,0.0974029881767799,0.683006535947712
"SAMSN1",0.0355091998104604,0.0138901320167704,69.0689696477049,0.0371943714631501,0.948685857321652
"SAP18",7.46878021063016,0.0933681776864638,12.5298153902078,0.0402138953482584,0.0765540258656654
"SAP30BP",2.40138493867364,0.151970883263555,34.2453021520273,0.0537997207834033,0.544221944096788
"SAP30L",2.35450446732518,0.431076700144084,25.093304406099,0.1047243843169,0.856000556250869
"SAR1A",3.4895020686565,0.187184073778334,28.3447620536335,0.0580695056178108,0.502642191628424
"SAR1B",4.52242052644988,0.221496124550856,23.8601293748978,0.0625780211772975,0.485259351967737
"SARAF",2.20109073557288,0.0229690099912994,22.8771156030426,0.0323791923210946,0.090182172159644
"SARNP",1.14350289515662,0.263389919541762,40.759908603095,0.0770495850852801,0.85627868168544
"SARS",3.26108367819275,0.132162236989597,28.5534679976159,0.0490100837381724,0.407731887081074
"SARS2",2.88996133528249,0.524660092198674,17.5548863819891,0.121119862671883,0.87526074259491
"SART1",3.39460681854598,0.364200811185903,25.2520688529761,0.0906319449629226,0.748644138506466
"SART3",4.13458860921936,0.436435754509072,19.4254187133631,0.10278861983224,0.764775413711584
"SASS6",1.07779601210122,0.316527006962757,37.803288109575,0.0867078763990952,0.892921707690168
"SAT1",0.763740765832459,0.00583842339853788,27.9761628477084,0.0307203709924935,0.140731469892922
"SAT2",3.2544064363751,0.118277479042698,26.7102884388492,0.0462228170838256,0.348282575441524
"SATB1",0.421189199032943,0.0891446316448853,56.2059545622166,0.0485153917700201,0.837852871645112
"SAV1",1.47451940778296,0.182887282413231,41.8370322719464,0.0617647679654774,0.736823807537199
"SAYSD1",3.9287244607872,0.316693492474716,25.3500022858547,0.0811299392049471,0.672020581282158
"SBDS",2.93989028287607,0.100337307843389,28.3818626368888,0.0439741395589618,0.344875538868029
"SBF1",2.26033559216681,0.339911715067494,30.6989475707697,0.0882105701683184,0.804477819496593
"SBF2",1.00491598918603,0.181760062642973,45.916477536177,0.0629051914083313,0.809692671394799
"SBNO1",3.88712707064749,0.255890271982826,26.5311127567946,0.0698408277778505,0.590182172159644
"SBNO2",1.34231042635976,0.213086010449733,42.0533862360114,0.0676062391973981,0.793422333472396
"SC5D",0.850922504681819,0.148164594391901,48.6740715508428,0.0574270288003262,0.801696565150883
"SCAF1",6.27791810380145,0.418404427993752,14.7256541992408,0.0966042401261897,0.655402586566541
"SCAF11",4.8013472252025,0.151763572274361,21.2023559820771,0.050090300556417,0.316715338617717
"SCAF4",1.80799591596026,0.192386090710028,39.3301675736795,0.0627276386815218,0.707968293700459
"SCAF8",4.62215139178404,0.467145766790955,16.6656659421808,0.107897154994524,0.766235572243082
"SCAMP1",3.83739812770691,0.284170114323649,25.9936449495568,0.0749328659259724,0.628424419413155
"SCAMP2",2.84466458417843,0.137026548510325,30.5924038633354,0.0502499469984538,0.451814768460576
"SCAMP3",2.67126124091436,0.113860357160682,31.7191383765437,0.0469201269269658,0.430190515922681
"SCAMP4",5.12564651600278,0.290431998419617,22.0105585669048,0.0747095500863866,0.571547768043388
"SCAND1",6.25342827214748,0.101936831364626,16.2687614946396,0.0420188345824823,0.149353358364622
"SCAP",4.42027994243436,0.355483550260625,22.1196247440024,0.0873487145626444,0.679947156167432
"SCAPER",1.98533510839995,0.342970575755107,31.6602730963613,0.0892954275036436,0.826727854262272
"SCARB1",0.484474339021529,0.0758026398926397,55.1833292884253,0.0459026056148382,0.794465303852037
"SCARB2",2.4538106599035,0.0847208410520315,30.9559473269532,0.0422163373956285,0.361284939507718
"SCCPDH",0.823932219110644,0.0321585254057292,42.7786015943644,0.0364679191932069,0.477610902517035
"SCFD1",3.06114792415621,0.27475836123697,29.4386270899745,0.0745173300559499,0.6725768321513
"SCLT1",1.01233041169908,0.260501575525384,41.7525750066686,0.0768704642660479,0.869420108468919
"SCML1",0.422028585440577,0.127466304297264,54.8948933404665,0.0553041847773275,0.881379502155472
"SCNM1",6.63100252459178,0.319965954304192,15.6143186564156,0.0773135566944944,0.511820330969267
"SCO1",2.28500747667813,0.268932751036441,33.772040433319,0.0752363603228948,0.739674593241552
"SCOC",4.38248461566415,0.165575332569358,24.7314426185269,0.053500589296758,0.403281880127938
"SCP2",4.97275325957139,0.107541013039708,18.8250931035735,0.042952910138997,0.19559171186205
"SCPEP1",0.533167716052563,0.0378419211386568,51.1070704367826,0.0386750205800591,0.646919760812126
"SCRIB",1.61418852285945,0.151904814529352,42.0879813595544,0.0562645511504284,0.687317480183563
"SCRN2",2.81206676015401,0.201338503167275,32.2274657601458,0.0618790312995205,0.595883743568349
"SCRN3",4.71837844480392,0.469034427360163,16.2801014250408,0.108072298021464,0.762550410235016
"SCYL1",3.54869857679214,0.211211728116466,28.4071746569427,0.0623582462390683,0.546029759421499
"SCYL2",4.14809040218004,0.386681550488442,21.8236967940508,0.0936036819474398,0.725768321513002
"SCYL3",2.10122844910982,0.291215834096647,34.052042657528,0.0798373669949301,0.782575441524127
"SDAD1",4.99389065021106,0.311676915015874,21.3188605296804,0.0782983464562972,0.594214990960923
"SDC1",0.235952181875418,0.00489482871035366,50.3619097326755,0.0333269749483784,0.569183701849534
"SDC4",1.0155041354365,0.0577416299029764,45.173716067809,0.0409169077978889,0.572451675705743
"SDCBP",0.909422423420383,0.0278047482984617,38.6734104113091,0.0351719904212473,0.390905298289529
"SDCCAG8",2.68763889768276,0.166780916907534,32.9621944317553,0.056016559794751,0.548115700180781
"SDE2",2.58422808387152,0.364057907021771,28.0605100521471,0.0919375967501693,0.797802809066889
"SDF2",5.05358991149722,0.196739718524895,21.8225256840493,0.0576928585504579,0.408218606591573
"SDF2L1",1.02816812937689,0.049329756037532,42.1217011124694,0.0389669516303074,0.498400778751217
"SDF4",4.11900334482282,0.105603692493382,22.5374743954098,0.0434967223333259,0.254137115839243
"SDHA",2.76978352785306,0.17231011129903,32.1938646163334,0.0566979159232685,0.544013350020859
"SDHAF1",16.4321209172304,0.737925097982295,7.97591038187998,0.156926052256476,0.74342928660826
"SDHAF2",6.12311826842161,0.660516331972286,4.0249197721206,0.144203905468679,0.850507578918092
"SDHAF3",2.78909496472693,0.303238194524555,30.441608090508,0.0806985572092776,0.738701154220553
"SDHB",3.28656486744332,0.135882220648402,28.7580604971551,0.0496859596005224,0.418370184953414
"SDHC",2.52139856726821,0.0491536450930662,26.8457046775411,0.0364244888442504,0.218258934779586
"SDHD",2.08643726452659,0.164483407959472,37.0787047216471,0.0568739076627033,0.617855652899458
"SDR39U1",5.49540086607723,0.248345321554703,20.2663427629516,0.0660852491526753,0.47065776665276
"SEC11A",5.35870195509692,0.0872858222904861,17.1404578314068,0.0399577261130481,0.131414267834793
"SEC11C",0.679108152797297,0.0265318186924032,43.68632146058,0.0357303358046345,0.483521068001669
"SEC13",3.05003777272598,0.0959218262721417,27.5471862497661,0.0431467269721417,0.321999721874565
"SEC14L1",0.935432601019821,0.0670663230729624,45.9479125167502,0.0425034658013572,0.603879849812265
"SEC16A",2.45857812790424,0.15932711713689,35.2016307504929,0.0554977847419477,0.575511055486024
"SEC22B",3.0888052391953,0.170089949373097,30.2101546911586,0.0556977215985475,0.504936726463635
"SEC22C",8.58133262602858,0.413265597301727,9.21279620115241,0.0927053759794241,0.555833680990127
"SEC23A",0.638953678293118,0.0581472233752594,50.5889633944852,0.0419199153180511,0.674871366986511
"SEC23B",1.98027474907933,0.191713082071415,38.2568197055533,0.0622585076656995,0.687456542900848
"SEC23IP",4.99987014794547,0.398643594971649,18.748141312466,0.0945212329020453,0.692115143929912
"SEC24A",1.42028844607682,0.244178522335498,39.9051330167611,0.0728445596611523,0.807815324711445
"SEC24B",3.76589086629722,0.409042095278268,21.6765087735591,0.0981140570541739,0.759491030454735
"SEC24C",4.40267240972017,0.3418012152794,22.5765731019441,0.0847955639466981,0.665345570852454
"SEC24D",0.799853036160323,0.0595008008644518,47.6531131568242,0.0415965318372683,0.621888471700737
"SEC31A",1.5607247361766,0.0418220162633451,31.9491810371103,0.0360941434773156,0.293422333472396
"SEC61A1",3.78675291903984,0.135262904450919,25.941372235212,0.0488451218223866,0.36816854401335
"SEC61B",4.15353974419233,0.0373306144498395,18.0003733554328,0.0337617397953261,0.0447086636072869
"SEC61G",2.53309230462622,0.0223079112834737,21.4086024677372,0.0321748175041795,0.0643165067445418
"SEC62",4.51631062513204,0.0672853726521231,17.8889461828272,0.0373091838842826,0.101307189542484
"SEC63",1.49357728243471,0.0642539054189626,36.9168861942067,0.0402546299337763,0.429703796412182
"SECISBP2",4.92916844370733,0.221457255600124,22.6665200856866,0.0622468540750222,0.465512446113197
"SECISBP2L",2.71596517316513,0.17565076469955,32.180032104009,0.057224511359792,0.549367264636351
"SEH1L",3.52744032883563,0.408619255954872,22.6417848398951,0.0985901233970543,0.775761368377138
"SEL1L",2.0282893710756,0.107900780548604,35.5173741286808,0.0468018579463571,0.486719510499235
"SEL1L3",0.0680438630868991,0.0327660409045113,66.8845497351872,0.0402991820771938,0.940550688360451
"SEMA4A",0.741401443656814,0.166137262462591,49.294321521018,0.0610256505479868,0.844875538868029
"SEMA4B",1.3077835111042,0.194022081773711,43.4104249242143,0.0644639190160532,0.785287164511195
"SENP2",3.99693952299963,0.43379575835296,20.0004474785751,0.102552479599364,0.770546516478932
"SENP5",4.7505175329819,0.477522072102928,15.9796851380206,0.109817880376375,0.770963704630788
"SENP6",3.80220221929463,0.200705964835122,26.7626963279526,0.0598806003597251,0.498748435544431
"SENP7",1.90185464698757,0.323951695945392,32.9795907996285,0.0859503175092893,0.818384091225143
"SEPHS1",3.54860303990441,0.431114254652169,21.4016302738298,0.102723084449466,0.790710610485329
"SEPSECS",1.90577650035212,0.533156663953366,19.1045945191645,0.123901107789653,0.917466277291058
"SEPT1",0.256040557254548,0.0435331409823247,59.9929183533347,0.041110872926018,0.827492699207342
"SEPT10",1.28105036104262,0.127541796750547,44.0387498641692,0.0523573507147815,0.679043248505076
"SEPT11",0.355831368544929,0.0119998512575565,48.7237524402336,0.0342202629007619,0.551522736754276
"SEPT2",4.05516572231831,0.0785721654638808,19.84007443955,0.039024816120234,0.154151022110972
"SEPT6",0.417058700206057,0.0347543626839331,53.7516273820592,0.0385846047628307,0.691628424419413
"SEPT7",1.61861621897064,0.037861243652528,29.7429070523603,0.0351662770716332,0.244194131553331
"SEPT9",2.02236222438271,0.057828347544637,32.1686858074878,0.0385357299325592,0.331386455291336
"SERBP1",7.49328725450116,0.117414531509981,12.9259673693885,0.043446849377119,0.125990821860659
"SERF2",6.43558072199602,0.00970453752740299,17.0546510661374,0.0315988105159365,0.000625782227784731
"SERGEF",1.71208658371846,0.210837168936035,39.5503817449067,0.0662806257626894,0.744055068836045
"SERINC1",2.68260666840635,0.0891381824945107,28.2055588597212,0.0421613952178275,0.319148936170213
"SERINC2",0.423726359390842,0.00583809371042547,42.1081015753274,0.0324852332159358,0.411903768599638
"SERINC3",4.56900517186187,0.145756728278104,21.730442992467,0.0492536904223469,0.314212209706578
"SERINC5",1.18481479886196,0.174292564973958,44.6523240881181,0.0610872022574713,0.773397302183285
"SERP1",2.79705457368774,0.0212079894798419,20.846641318144,0.0320637586797177,0.0543039910999861
"SERPINB1",1.53188074775941,0.0681660669221768,37.7944523052164,0.041073151051648,0.453970240578501
"SERPINB6",3.29174205640725,0.124660055241797,28.3715642404447,0.0478131012877584,0.391113892365457
"SERPINB9",0.14371911876469,0.0528739820740126,63.4869800141735,0.0433901963179873,0.911417049089139
"SERPINE2",0.0708684425733933,0.00750583819675486,65.4964896646289,0.0356081969005129,0.867681824502851
"SERPINF1",0.109338431801365,0.00165506262746656,57.1497351130486,0.0336072270387395,0.694479210123766
"SERPING1",0.163694346276131,0.00232324717861516,52.6926424329801,0.0331947345722,0.609233764427757
"SERPINH1",0.247152233200451,0.00470812826346729,49.2254212797939,0.0331589313391917,0.546794604366569
"SERTAD1",0.835974153030807,0.044895666896105,44.9331591291643,0.0387642211131343,0.542900848282575
"SERTAD2",0.975259151818583,0.138428818185099,47.619738851151,0.0553299461025603,0.764914476428869
"SERTAD3",2.48099744201636,0.154312263068421,34.9199505926789,0.0545382188269249,0.561465721040189
"SESN1",0.728678983852691,0.145014467611261,50.1949673963174,0.0572855860630093,0.824433319427062
"SESN2",0.793336573272172,0.258629867273469,43.350341984229,0.0771494316510798,0.895424836601307
"SESN3",0.182290939789769,0.00627710020965421,55.6348969656863,0.0341901112247812,0.674036990682798
"SESTD1",1.16696448927792,0.124245096188248,45.2869300308496,0.0521110522725805,0.696217494089834
"SET",5.1048092740919,0.0913322949438554,19.4807013885843,0.0411218288681846,0.179877624808789
"SETD1A",3.97270183487426,0.593038749050664,11.0466273189789,0.132752716982829,0.869767765262133
"SETD1B",2.36175538222453,0.330790722827945,30.9031788624004,0.0864622380450816,0.792935613961897
"SETD2",3.46042563417807,0.232771603995681,28.4963332993193,0.0662578126173262,0.584619663468224
"SETD3",8.47342894229769,0.532181430138492,6.11186529789645,0.116227085779453,0.687387011542205
"SETD4",2.47414345061075,0.373077816535779,28.300206830783,0.0940277248831729,0.817132526769573
"SETD5",3.69559969813374,0.186783976348016,27.4033956416883,0.0577171632172229,0.485676540119594
"SETD7",1.86056750846991,0.154458153693811,39.0292232817209,0.0557129732553452,0.635516617994716
"SETD9",3.23017101608143,0.420920305159121,23.1704493252194,0.101564975930695,0.805242664441663
"SETDB1",4.61163090003788,0.413592419697974,19.1600206359469,0.0978186648938345,0.723265192601863
"SETDB2",1.55304534295775,0.384022995632669,30.8979988256011,0.0976069698015861,0.881727158948686
"SETX",2.20490061812185,0.154659031316401,35.5877956412296,0.0546424705498193,0.573077457933528
"SF1",8.37248733376515,0.162816249074237,11.1983672035608,0.049441842993985,0.179877624808789
"SF3A1",4.38573091618564,0.244686187985244,23.9045566643671,0.0666482245520065,0.525239883187318
"SF3A2",6.37181909270297,0.242446768856894,17.0894185373699,0.063849559845104,0.407801418439716
"SF3A3",5.30691269282663,0.331032841389668,19.3979720704679,0.0810890039450999,0.593032957863997
"SF3B1",3.46386829284917,0.0869426842944898,23.0311097892999,0.0407477771406302,0.224099568905576
"SF3B2",5.0879679541872,0.1124380626253,19.1006857447029,0.0437840289015519,0.210401891252955
"SF3B3",3.05069153069443,0.246090856784565,30.3752373555299,0.0694577178184459,0.640453344458351
"SF3B4",1.9490265279515,0.0766263877457077,34.3303870008611,0.0416766317758089,0.40661938534279
"SF3B5",7.33071915227661,0.17525581848765,14.0617441612408,0.0520110833015419,0.245028507857044
"SF3B6",6.46252477325013,0.0970793664513729,15.0635596008477,0.0410690641179408,0.120428313169239
"SFI1",2.08824755582535,0.353288936386296,30.8807096898822,0.0911308286884198,0.830134890835767
"SFMBT1",1.45015572676116,0.318591357479923,35.7015066891295,0.0861530400632902,0.858364622444723
"SFPQ",3.60096949578391,0.0872044188017823,24.0724291655366,0.0411906940866534,0.245306633291615
"SFR1",2.35089164125854,0.556825215275536,16.3896929923706,0.127634312707005,0.907453761646503
"SFSWAP",5.16750547445096,0.36272194029765,19.4791635809827,0.0875441603633157,0.64650257266027
"SFT2D1",3.49487188233756,0.147381989894763,27.84013377102,0.0512814440169627,0.423098317341121
"SFT2D2",2.08754869989169,0.151599442857376,36.7495776948958,0.05448898441532,0.588791544986789
"SFXN1",1.63822749497337,0.134571380208456,40.7304437865092,0.0527010561702318,0.630927548324294
"SFXN3",1.17898859295236,0.122144667065945,44.9400466758674,0.0516324814341852,0.685926853010708
"SFXN4",3.73599382127178,0.371997447711406,24.2028757416029,0.0918562719658631,0.743359755249618
"SFXN5",0.815733839933608,0.154436792625419,48.9158192277243,0.0586809836985664,0.817271589486859
"SGCB",0.594117417437167,0.0667237723897611,52.2615779773894,0.0437025768142369,0.72243081629815
"SGF29",4.74259402694857,0.443132950567695,17.6787607615238,0.103350154260072,0.745306633291615
"SGK1",0.0559893365989453,0.00557362631940563,66.3989347744578,0.0353798246014944,0.881657627590043
"SGMS1",1.89839425842256,0.242557548445683,37.0452361458846,0.0714153724948536,0.753372270894173
"SGPL1",2.37648233069885,0.228886740183681,35.0156176350309,0.0680761089779461,0.693714365178696
"SGSH",2.14746588363055,0.335919946439435,31.3515789977037,0.0876845700338634,0.809414545960228
"SGSM3",2.17321867023458,0.315325515692261,32.4574888101074,0.0839977353127615,0.794673897927966
"SGTA",9.42917768747547,0.53793200007961,4.47672193731592,0.116664543927184,0.668683076067306
"SH2B1",5.97660901933517,0.434862879484893,14.6663300967573,0.0999255519830372,0.680364344319288
"SH2B3",0.14339646892902,0.0397384899078422,63.7440472725703,0.0410593839337942,0.892643582255597
"SH3BGRL",1.12090184424897,0.0124530241615365,29.4989964791149,0.0318492858942534,0.186552635238493
"SH3BGRL3",1.33707905058799,0.00854660729006798,22.6075780379365,0.0304612127885867,0.0481852315394243
"SH3BP2",1.07142302670316,0.132958471359381,46.5675859355058,0.054035910709389,0.735641774440273
"SH3BP5",0.467194830569735,0.0370182764105339,52.6895628275812,0.0387915129658174,0.675566680572938
"SH3BP5L",4.2730684226171,0.538302082323712,13.80195732299,0.12200985884386,0.830343484911695
"SH3GL1",1.80285507441256,0.183505180344769,39.2079780181671,0.0610036703399574,0.69002920317063
"SH3GLB1",3.78948152390387,0.141614881479582,25.1643505375008,0.049504703850902,0.365039632874426
"SH3KBP1",0.306688767205426,0.0384685947293876,57.846479687382,0.0398703989324956,0.777012932832708
"SH3PXD2A",0.274662315479478,0.0216156742973477,56.5272030607463,0.0368238436395287,0.720344875538868
"SHARPIN",1.93401173600482,0.0774042422522868,35.9613017609103,0.0422313193941158,0.438951467111667
"SHC1",1.57335538168137,0.0821741450918112,38.3524692299529,0.0433491627001451,0.490613266583229
"SHISA4",0.942433377397665,0.115439861813585,47.813765744633,0.0512002855811245,0.727298011403143
"SHISA5",3.82054489679177,0.105636769702497,23.6121386177013,0.0436886571225501,0.271867612293144
"SHKBP1",2.29776297771999,0.20782068011214,35.381106787936,0.0641789030596238,0.6634682241691
"SHMT1",0.895409826994468,0.1948713861671,46.4803002072466,0.0656425781109263,0.842998192184675
"SHMT2",2.44953874245267,0.163871875631845,35.4430660994293,0.0563812932379112,0.588026700041719
"SHOC2",1.13802811223936,0.0730560736197819,43.3431388003078,0.0429526483445768,0.566263384786539
"SHPRH",2.09283988887932,0.302074465579361,33.325198863914,0.0816604316220138,0.787790293422333
"SHQ1",4.50056225248031,0.561896817518412,11.840090516443,0.126094070908091,0.833541927409262
"SHTN1",2.06255628390288,0.178075649399354,38.5725655487321,0.059950273514691,0.669726046446948
"SIAH1",0.764021623431728,0.129447397776242,50.1319448904211,0.0543665703769756,0.795647336948964
"SIAH2",0.48861296885318,0.0245771733407499,50.6858724730695,0.0365032017350464,0.613961896815464
"SIDT2",1.23652350666912,0.200913784238741,43.1046676031042,0.0656034485850392,0.791405924071756
"SIGIRR",2.86927962367149,0.0999240230416117,28.989394704696,0.044065623740982,0.355027117229871
"SIGMAR1",5.35964069214739,0.350545413273284,19.0680594035338,0.0848673530136936,0.619593936865526
"SIK2",1.22514352535071,0.251682439431838,40.8078246501438,0.0746989308135053,0.837088026700042
"SIK3",1.0684186691692,0.238245107814783,42.6066179673088,0.0727279562567251,0.846822416910026
"SIKE1",5.56970044904482,0.430570367620841,15.7135477902581,0.0995260438917252,0.691280767626199
"SIL1",1.96302932972401,0.144897067502109,38.3014777120861,0.0538418883834634,0.605340008343763
"SIN3A",2.57885035890249,0.2302783173219,33.3396700976134,0.0676353884426189,0.665901821721596
"SIN3B",2.40949813840065,0.331001802015125,30.5389178722757,0.0863022201814543,0.786747323042692
"SIPA1",2.55885900472277,0.193972578327859,34.5437330583163,0.0614408735607722,0.624808788763732
"SIPA1L1",1.07197169041846,0.162151284295117,45.9011565949594,0.0591921470391501,0.774996523432068
"SIRPA",0.139373974886023,0.0387706408973616,63.914524294964,0.0409140153223728,0.894173272145738
"SIRT1",2.13342468599075,0.412847952058392,26.9279682875302,0.101747295393249,0.858573216520651
"SIRT2",4.40700445098299,0.365988654667371,21.2917597469594,0.0889447481921009,0.682519816437213
"SIRT3",1.77417241505604,0.245685288263991,37.7677051803386,0.072323009172579,0.771798080934501
"SIRT5",4.75580947677643,0.585719979309147,10.2018230077601,0.13061611742671,0.842511472674176
"SIRT6",8.62929305113878,0.635734132039155,2.07018527132752,0.137388183807641,0.775830899735781
"SIRT7",2.80696996200909,0.276346699964397,31.2064174886948,0.0756808717577256,0.706855791962175
"SIVA1",4.68669970126704,0.0966763890213447,19.6754550915937,0.0416450482827203,0.189472952301488
"SKA2",0.781791095503199,0.0711422761895868,49.3425700960016,0.0438858097267043,0.675497149214296
"SKAP2",0.497205599416437,0.0677163267355662,54.5999367041176,0.0443522744678584,0.768669169795578
"SKI",0.886257100984776,0.0728980688735195,47.0362744100529,0.0436763040134838,0.635099429842859
"SKIL",0.823009623246647,0.0507066158738513,45.8177999728056,0.0398250756985851,0.570574329022389
"SKIV2L",4.47846281542088,0.40911437296135,19.6029012509098,0.097068445169016,0.723612849395077
"SKP1",3.12276978407559,0.0283214369660627,20.5477315855995,0.0329022092965187,0.0654290084828257
"SKP2",0.994857535746522,0.27848791764972,40.813948818207,0.080161134230853,0.883048254762898
"SLAIN2",3.17085814159303,0.241732412467733,29.9074585652655,0.0684689492709164,0.624808788763732
"SLBP",1.36451085507872,0.102092109140087,42.7259594473419,0.047647330816683,0.608747044917258
"SLC10A3",2.45308726739767,0.267396911714724,33.0831338089103,0.0746742836930999,0.724864413850647
"SLC11A2",2.18726936212438,0.286504165519119,33.93461128386,0.0788602669049829,0.772562925879572
"SLC12A6",0.675584506211016,0.234813910872311,45.7458340223615,0.0732657025429786,0.898484216381588
"SLC12A7",1.18990855577144,0.109010724871648,45.4447642808807,0.0495270051808926,0.671951049923516
"SLC12A9",2.53815255398097,0.355841164519885,28.9956824448079,0.0907615334789931,0.80086218884717
"SLC15A4",0.662086097680382,0.197970260448634,48.2072368166964,0.0668283033384145,0.880197469058545
"SLC16A1",0.244473296078982,0.105170226240759,58.7769250835421,0.0520886990874185,0.915102211097205
"SLC16A3",0.278527211589838,0.0244908883023001,57.2137117468034,0.0374066822666853,0.738979279655124
"SLC16A7",0.138704485128731,0.101053780936441,60.9517812168731,0.0518342052314846,0.949033514114866
"SLC17A5",1.16251577034905,0.212485223740438,43.312187338248,0.0679305905611304,0.815324711444862
"SLC18B1",0.219570947258529,0.102500280850912,59.3974716896821,0.0517368712800819,0.922124878320122
"SLC1A4",0.573225899975301,0.0789597071778272,53.7144211242818,0.0461607100230795,0.772423863162286
"SLC1A5",1.53784973219653,0.0976185796641323,41.3595977820694,0.0466343109811186,0.575719649561952
"SLC20A1",0.937498908823366,0.0837761546142726,47.3293521796236,0.0455916321096126,0.660826032540676
"SLC20A2",1.15091666031521,0.126409355541472,46.123929627917,0.0527723431463107,0.715894868585732
"SLC22A18",1.18434713203726,0.120278116232819,45.8477384934989,0.0516188177027608,0.699833124739257
"SLC23A2",1.06271365877334,0.248898118063733,42.0054219850268,0.0746158190924627,0.854123209567515
"SLC25A1",1.88839446232771,0.171003748485059,39.2928778681949,0.0588171913692677,0.669934640522876
"SLC25A11",4.15266172820303,0.230802070755774,25.4220932232326,0.0647893144628664,0.528021137533027
"SLC25A13",2.64979596220981,0.359910773600175,28.0750754906175,0.0910920239099021,0.791197329995828
"SLC25A14",4.25036690402851,0.533193088931046,14.0216599486775,0.120943572210874,0.826032540675845
"SLC25A16",3.15207978135675,0.385526716813497,25.1789442992664,0.0950653561183407,0.782505910165485
"SLC25A17",4.70044889480422,0.530094803352502,13.3739816687202,0.119921961203331,0.809553608677514
"SLC25A19",0.708437811990857,0.228516742951125,46.0308443548371,0.0721238417430109,0.892921707690168
"SLC25A22",2.07106624290268,0.32357441126882,32.5413966829032,0.0857360155493534,0.810040328188013
"SLC25A24",2.71300564050732,0.203420916698728,33.5931334745287,0.0628449557826359,0.624391600611876
"SLC25A25",1.15760558385245,0.195434804230588,44.3259492440016,0.0650192933959053,0.80440828813795
"SLC25A26",74.0498366743993,0.928434925278709,9.38619432815352,0.23496898147726,0.746419135029899
"SLC25A3",5.56785125803052,0.0547239811927651,16.2831259216173,0.0358990389207176,0.058753998053122
"SLC25A30",1.00533416825652,0.420045250923126,30.3547848757165,0.105142683142449,0.932276456681964
"SLC25A33",1.19811278942237,0.268768252968382,40.3608590050465,0.0780153288380616,0.85829509108608
"SLC25A36",5.09548703232021,0.255207945304755,21.2793457910462,0.0676069443473868,0.498748435544431
"SLC25A37",0.801739752016084,0.080254690995318,49.1138015149903,0.0453682219457003,0.687804199694062
"SLC25A38",5.59325491215613,0.436343024070543,15.8978240282882,0.101000377337408,0.703865943540537
"SLC25A39",3.86962415258539,0.0969381338690778,25.6150832654792,0.0431887809609933,0.294048115700181
"SLC25A4",1.6820625101799,0.11884800518682,41.0250327413991,0.0501574143270488,0.608538450841329
"SLC25A40",2.14583263946148,0.348670496034206,30.7585118723037,0.0900721165270552,0.820191906549854
"SLC25A43",1.2517408181071,0.182901775991875,43.7343450269594,0.0624014895880351,0.771589486858573
"SLC25A44",5.44345793198776,0.591574322707889,8.75037473239539,0.131108954997321,0.825823946599917
"SLC25A46",5.02029266115079,0.404828586777669,17.9916489619722,0.0952740924051064,0.688847170073703
"SLC25A5",1.64831588510343,0.0158629508203099,26.0656626126773,0.0319244151973648,0.132179112779864
"SLC25A51",2.48123000454244,0.398713009003011,26.5407705938027,0.0984944210709782,0.828257544152413
"SLC25A53",0.962982417870829,0.273399585315801,41.2497057142843,0.079288516221713,0.882283409817828
"SLC25A6",3.95503376653446,0.0249855119793302,18.6434695797518,0.0325026631889036,0.0318453622583785
"SLC26A11",1.68790382755965,0.308935229199801,35.0739323055024,0.0838676825061294,0.830760673063552
"SLC26A2",0.469901631139588,0.0973087135248738,55.0837505617765,0.0497381738739414,0.831247392574051
"SLC27A3",1.13873240970148,0.137584287220682,45.6487748725991,0.0546027436737704,0.726811291892644
"SLC27A5",0.767660547952945,0.113645178929348,51.0136206593061,0.0517586127900823,0.784174662772911
"SLC29A1",1.09241429203916,0.0576284934598312,43.4000132079543,0.0405459918274508,0.538728966764011
"SLC2A11",1.24510351953832,0.241047798607866,41.3602325995216,0.0728163522117114,0.82895285773884
"SLC2A13",0.774394449287999,0.290105311227239,41.2327670561777,0.0827225592289401,0.910443610068141
"SLC2A3",0.132016008289792,0.0143124060376046,62.4607378769354,0.0364011688725061,0.821373939646781
"SLC2A4RG",2.01219083997838,0.147302490215111,38.7030577832559,0.0544583008099553,0.617438464747601
"SLC2A8",2.98324007717461,0.390321987713932,25.3615745296064,0.0961280661621381,0.793561396189682
"SLC30A1",1.10112429440018,0.235782571241784,42.6154623129445,0.0722560818262092,0.842789598108747
"SLC30A5",8.67910964313832,0.437657631391757,8.29755628057529,0.0971666016421128,0.578570435266305
"SLC30A6",12.0335714294119,0.740901697414192,5.11662117437945,0.15854327005105,0.803365317758309
"SLC30A7",3.16967038447438,0.305091664139201,28.3327287234517,0.0800548368049454,0.704422194409679
"SLC30A9",6.75923904263896,0.385862070736486,14.4647017187124,0.0898286331534981,0.599360311500487
"SLC31A1",2.42899751544027,0.298117191550921,32.2577933459449,0.0804620434746987,0.762272284800445
"SLC33A1",1.25889047211391,0.253825061787755,40.6819053979233,0.0751092607496317,0.838548185231539
"SLC35A1",1.63420298925053,0.435919089279183,26.9998977536503,0.106794357028888,0.898206090947017
"SLC35A2",3.56416576360997,0.392173288966254,23.456202731474,0.0955789895409797,0.763176192462801
"SLC35A3",1.89592935875129,0.23108087180452,37.8801669871862,0.0695754193286204,0.748922263941037
"SLC35A4",6.90529998256548,0.438100623695958,12.5387213463588,0.0995674240090113,0.649701015157836
"SLC35A5",2.06508710758107,0.332640734841359,31.7748922536076,0.0871814744949701,0.811430955360868
"SLC35B1",0.317947966805683,0.0127553831378791,50.2794922619001,0.0345291346748336,0.582881379502155
"SLC35B2",4.29044210233861,0.255425705336164,25.1485728009142,0.0692819427595137,0.565846196634682
"SLC35B3",2.94425923697121,0.299546579048049,29.2389257400556,0.0792979469250992,0.710888610763454
"SLC35B4",1.38630152213938,0.359312265190453,33.2441957859694,0.0935108339953713,0.882561535252399
"SLC35C1",1.1717810621481,0.254011108265871,41.0130598285045,0.0752463696773096,0.844806007509387
"SLC35C2",7.14754103050912,0.42928267641883,12.216349648554,0.0975531228954347,0.630440828813795
"SLC35D1",1.15868543192894,0.334276240364574,36.0348619891763,0.0895777071179113,0.890835766930886
"SLC35E1",3.62924012267911,0.347021792220445,25.3807097747117,0.0872329018248304,0.722708941732721
"SLC35E2B",2.21355816942361,0.151413756728485,36.6382972433861,0.0545179806036668,0.58705326102072
"SLC35E3",1.10339148912531,0.129448957423739,46.2451839593898,0.0533164845102408,0.723404255319149
"SLC35F5",1.84285970545061,0.15881980309027,39.1394702217329,0.0565164309961828,0.6452510082047
"SLC35F6",1.35261070294302,0.157133313220522,43.6923509021385,0.0576223650017766,0.725629258795717
"SLC36A4",0.668065698507396,0.252270712428526,44.6092378421811,0.0763580763262692,0.907592824363788
"SLC37A1",1.09747700015371,0.16457196603223,46.2434493222353,0.0598167455618648,0.785843415380337
"SLC37A3",1.26708608334109,0.221985193563824,41.9781874400677,0.0692767327838839,0.807328605200946
"SLC37A4",5.61260348942028,0.616371527083436,7.31018508208874,0.136025064053277,0.839452092893895
"SLC38A10",1.63618291191815,0.0921958830424486,38.5525726631107,0.0450000913259318,0.513141426783479
"SLC38A2",1.24140380578444,0.050898257084964,39.3166095521779,0.0387277026125789,0.449033514114866
"SLC38A6",1.03977501479756,0.208722818018661,44.4497112471835,0.0676079493721573,0.829648171325268
"SLC38A7",1.3064446003459,0.386380425612894,31.7398538233456,0.0985555097609727,0.900848282575441
"SLC38A9",2.8257362493233,0.532089046127444,17.089478155208,0.122468098195297,0.879154498678904
"SLC39A1",2.24945693382598,0.0797111435194768,31.9638109053115,0.0416595639124998,0.369628702544848
"SLC39A10",0.97828551920903,0.136020873086497,47.3285157853,0.0547830764333411,0.755110554860242
"SLC39A11",0.912687141840176,0.15182896725724,48.2325753977545,0.0580111212114534,0.8000973439021
"SLC39A13",0.693460741969292,0.0599917522411988,49.6843170488807,0.0420591816765534,0.66117368933389
"SLC39A14",0.520511041424638,0.127294694716597,53.3835936390688,0.0548516304534824,0.852663051036017
"SLC39A3",2.50214122857624,0.382077215707661,27.5642624074337,0.0955236943861908,0.818940342094285
"SLC39A6",0.379298347289977,0.00295295489908274,37.8947855112538,0.0315299989028593,0.324085662633848
"SLC39A7",2.54788243623411,0.120118290107231,32.439260240883,0.0480497815027756,0.454178834654429
"SLC39A8",0.268770108652929,0.0708350780618209,59.7635499740851,0.0459495572989829,0.872549019607843
"SLC39A9",3.48584814399138,0.278308228094912,27.8792418389001,0.0746440873929503,0.65157836184119
"SLC3A2",1.5909748622702,0.0539534293009,35.3069778278146,0.0384790841491682,0.380614657210402
"SLC41A2",0.183167569242715,0.103457090231564,59.968653491539,0.0520542367529388,0.934640522875817
"SLC41A3",4.65666217129739,0.408106956413652,19.3250868948689,0.0967745627278616,0.717285495758587
"SLC43A3",0.225506951865049,0.0579911824869414,61.0232662512337,0.0438664736924088,0.873452927270199
"SLC44A1",0.84255693752769,0.0401224573272182,44.0977257724114,0.0378889453245937,0.518008621888472
"SLC44A2",1.71845043488202,0.101460032939497,38.4209885375446,0.0464822009626514,0.528021137533027
"SLC4A1AP",4.34803381791029,0.436252300417854,18.5761624838666,0.102204864822001,0.749617577527465
"SLC4A2",3.30589529692742,0.256960187910976,29.3450969302014,0.0711874281884775,0.641218189403421
"SLC4A7",0.779111942646285,0.0570512251626434,48.6674741727329,0.0414217882136076,0.636768182450285
"SLC50A1",1.45619656128468,0.0626436463878485,39.5485785361737,0.0406463797540003,0.476776526213322
"SLC52A2",2.17534912023225,0.114416149429029,36.6878936383374,0.0483427280645831,0.521554721179252
"SLC5A3",0.193510800949839,0.0233069411414958,60.5436561322897,0.0376808269851049,0.800931720205813
"SLC5A6",0.989496401672104,0.154879263447048,47.5844462950269,0.0584101367932127,0.793561396189682
"SLC7A5",0.409908577769399,0.107670117024949,56.0162071491843,0.0518864431354995,0.86740369906828
"SLC7A6",0.644387503649587,0.120863424257174,51.9079960175258,0.0532636424160377,0.813586427478793
"SLC7A6OS",2.03194924838802,0.363726423581893,30.260147996504,0.0929620106237979,0.836392713113614
"SLC8B1",1.39384892523744,0.290152117811395,37.6888947838702,0.0811817482507066,0.846127103323599
"SLC9A3R1",0.558947267058669,0.00592080506797645,38.3815278056031,0.0320700847812013,0.34084272006675
"SLC9A6",0.335041674488222,0.188272365663502,52.0147261363791,0.0662222164758223,0.934014740648032
"SLCO3A1",0.267087423076664,0.0845267222092041,59.3256113407657,0.0483630330232996,0.888749826171603
"SLF1",1.10314671141614,0.287495913196523,39.558924192762,0.0814649567533648,0.875538868029481
"SLF2",2.57418322284704,0.306634296062855,30.8438263661438,0.0814703245321038,0.751286330134891
"SLFN5",0.436212533561818,0.0385519909514111,53.8448646393614,0.0392334787968928,0.700528438325685
"SLIRP",5.79676457942605,0.0866880034760411,17.9943539259258,0.0404110976126412,0.150118203309693
"SLK",3.04663849694778,0.283609221862019,29.5375969269254,0.0763367465905418,0.689472952301488
"SLMAP",3.18361635817023,0.238958309172665,30.2634328570753,0.0681515595795662,0.626616604088444
"SLTM",4.47332198711093,0.153739513028467,23.5210411759966,0.0511668002040888,0.360728688638576
"SLU7",5.78120440513571,0.354553673101449,17.7688709091722,0.0850800177547306,0.604227506605479
"SLX4IP",1.96982009144832,0.418927551450864,27.0869652836439,0.103147227246961,0.871506049228202
"SMAD2",4.16528610607131,0.254770768610194,24.8612105083035,0.068884244847171,0.55896259212905
"SMAD3",1.27368954283757,0.2376810035,41.2857136212643,0.0721126344452521,0.821791127798637
"SMAD4",3.02900211242742,0.353803376565982,26.7889067403198,0.0891658735153407,0.758308997357808
"SMAD5",3.24142838994479,0.188731959703749,29.5098807028651,0.0586897957964591,0.525587539980531
"SMAP1",3.51897129281783,0.198037321118194,28.2608801936091,0.0599311924627768,0.52023362536504
"SMAP2",0.898665510094693,0.136124774433252,48.5178660687902,0.0551590507915677,0.777499652343207
"SMARCA2",2.85680947273872,0.153683717736943,31.2455452574044,0.0532191821606005,0.493811709080795
"SMARCA4",3.98772285672791,0.17613639454913,27.6933849468995,0.056284772412219,0.474064803226255
"SMARCA5",3.71532913455307,0.175995835861712,26.9126108265582,0.0556891989158802,0.457794465303852
"SMARCAD1",3.06932266206953,0.378179308850312,25.5335444964824,0.0936229943701817,0.776526213322208
"SMARCAL1",2.97200432452797,0.50958347116525,18.2121753883565,0.118079279650477,0.862327909887359
"SMARCB1",2.18709767764602,0.104466936253217,33.8886622618451,0.0458558674399273,0.450771798080934
"SMARCC1",5.04104836372414,0.236468878996812,23.4027586008645,0.0654072718903099,0.505145320539563
"SMARCC2",1.36601644850981,0.05286306670663,37.4593270975058,0.0386729708295397,0.4180225281602
"SMARCD1",4.08711156607298,0.33297541985602,24.1057361514924,0.0837715831537547,0.677304964539007
"SMARCD2",1.54662473016982,0.142394169266926,42.726265573624,0.0547441162661521,0.682102628285357
"SMARCE1",4.62729423279219,0.174719414189168,22.7858731036636,0.0542536458160839,0.384995132804895
"SMC1A",1.76723197958502,0.107049072472915,38.692083187909,0.047501869575729,0.543596161869003
"SMC2",0.557424263436691,0.0976287656142102,53.8702036470164,0.0495251155904626,0.808997357808372
"SMC3",2.53980048712553,0.179184315369824,33.9095981981629,0.0584742609520096,0.586914198303435
"SMC4",0.547371283040234,0.045921111947399,51.931922274682,0.0401431180082505,0.677791684049506
"SMC5",2.29576621466284,0.233169236443337,34.7577347432952,0.0686950519324108,0.696078431372549
"SMC6",1.02649480135331,0.134589579867386,46.8136308567447,0.0543795914489931,0.743012098456404
"SMCHD1",1.67438974685698,0.139638944217427,40.169900323022,0.0534014506061141,0.629606452510082
"SMCO4",0.259207665005342,0.0241683206019812,57.9670429385123,0.0374613965726695,0.752885551383674
"SMDT1",2.92448694890208,0.0652333915198524,25.7450838724741,0.0384018051520427,0.23077457933528
"SMG1",3.45576618476748,0.157497857774736,28.100370317115,0.0529824007279704,0.445626477541371
"SMG5",2.9818294484872,0.244933320839536,31.2128311383224,0.069645323252134,0.65359477124183
"SMG6",1.23498907799356,0.18385206611123,43.6522646035159,0.0625319308161632,0.771659018217216
"SMG7",3.95395338617844,0.303621886824056,25.5523001055465,0.0786278681340897,0.653733833959116
"SMG9",2.77337832945127,0.403268181007227,25.2428567773755,0.0987775895378677,0.81275205117508
"SMIM10L1",4.73285524305016,0.293697198228619,22.8500994946324,0.0755580602307548,0.590738423028786
"SMIM12",6.17312521104786,0.356145215988142,16.5919852582459,0.0848479494409655,0.58705326102072
"SMIM13",0.766206711436937,0.356939670834797,36.2670257492667,0.0945187547326378,0.933319427061605
"SMIM14",2.03121875335608,0.0408684412323207,31.0328006448473,0.0360544516892054,0.278264497288277
"SMIM15",10.6154642935223,0.357901989705918,6.03995603684862,0.0805572258744494,0.420178000278125
"SMIM19",1.38340850194406,0.0384188060264491,34.929830854047,0.036164924586839,0.342720066750104
"SMIM20",3.40378546798654,0.244228747351128,29.0615842106913,0.0686709946721769,0.614518147684606
"SMIM3",0.269561231105879,0.0304366502357788,58.4541812034245,0.0385953400648863,0.773884021693784
"SMIM4",3.40086786721313,0.193943309671725,29.6255589287501,0.0597850962101941,0.537685996384369
"SMIM7",4.26319911817127,0.290293687128109,24.5280521554346,0.0755747688995118,0.613683771380893
"SMIM8",5.19054118695641,0.617805429984533,7.49039906220628,0.136254810399472,0.845431789737171
"SMNDC1",4.98229877904583,0.366041409699041,19.7976185339972,0.0883244251963597,0.657210401891253
"SMOX",0.309293081123822,0.179532532140672,52.9383416388008,0.0647968609010159,0.936031150048672
"SMPD1",0.949979078589561,0.128292521850001,47.6529631005997,0.0534619227099193,0.747323042692254
"SMS",1.59833827666178,0.0406407020642205,35.1910660717575,0.0366502101175393,0.353706021415658
"SMU1",4.33333614225267,0.300840112857191,23.3848321610961,0.0769703098645177,0.611041579752468
"SMUG1",3.2424262972018,0.309355325614806,28.2610159049667,0.0809546649801918,0.710540953970241
"SMURF1",1.63986122991052,0.369660045247736,31.5188436470774,0.094856695529637,0.868863857599777
"SMURF2",1.41687739569845,0.237947312783797,40.3570630433116,0.0718119366424445,0.805381727158949
"SMYD2",1.65132968180705,0.180273085198408,40.957457067987,0.061044437884751,0.716451119454874
"SMYD3",0.527754241287433,0.0416113086204806,51.5487705346753,0.039355558225273,0.662355722430816
"SMYD4",2.19701673359185,0.425059879944265,25.8696807866268,0.103804687687205,0.859894312334863
"SNAP23",3.64022715502942,0.181451029959027,27.0985866233168,0.0566282281489858,0.470379641218189
"SNAP29",6.34567265972029,0.371687162351582,16.0914201164315,0.0878137044076117,0.604018912529551
"SNAP47",2.48015758422103,0.216052002534297,34.2660916607712,0.0653288942631538,0.65790571547768
"SNAPC1",1.85595474287601,0.384066535949441,29.7087412175905,0.0970027417287693,0.860450563204005
"SNAPC2",4.28158215101048,0.319405654934396,23.6824343097317,0.0808550362734025,0.647476011681268
"SNAPC3",2.81254157229105,0.307199579646792,29.771931129368,0.0811083855950618,0.733277708246419
"SNAPC5",7.95467850810241,0.493490227505032,8.33375314754001,0.109015623529566,0.665345570852454
"SNAPIN",4.4788130686074,0.185982704112033,24.5117356345008,0.0568026490015449,0.43547489917953
"SND1",4.24890603443499,0.187245070429034,25.4666079898208,0.0572984524897413,0.453900709219858
"SNF8",3.14882778018503,0.194475891725792,31.3275340648367,0.0604937132653421,0.56883604505632
"SNHG12",1.41301660755361,0.104370033159327,42.1465739747972,0.0478831064656695,0.602141565846197
"SNHG15",1.49323394057647,0.106176529818312,42.1401068001948,0.0482475778265563,0.60575719649562
"SNHG19",0.761113532369347,0.135330941380824,50.4658723339679,0.0555824179473442,0.812473925740509
"SNHG7",1.13952633794787,0.0428124604927519,40.6920103537503,0.0377973083024903,0.459671811987206
"SNHG8",0.942896251144765,0.0151818681825537,36.0542312888162,0.03311302742646,0.316784869976359
"SNHG9",0.775405731232596,0.0391985268067276,45.9030986866614,0.0380608196381501,0.550618829091921
"SNN",0.997629648672705,0.270037369928285,41.3191195107703,0.078641655074258,0.877833402864692
"SNRK",0.669684958410827,0.0937944061031807,51.6732448590634,0.0483021644279107,0.760603532193019
"SNRNP200",2.30695796566092,0.095328470624222,32.8025826982904,0.0442186329742943,0.41447642886942
"SNRNP25",1.55702613569305,0.074567297037657,39.6648449011781,0.0425393974966003,0.501599221248783
"SNRNP27",6.37651324800499,0.370107205638218,15.401725032989,0.0869708791416899,0.589347795855931
"SNRNP35",5.5776335934216,0.458482271155916,14.5787043769174,0.104835649545997,0.716312056737589
"SNRNP40",3.73592594660305,0.220142661941892,27.4177469375239,0.0636005528333237,0.544221944096788
"SNRNP48",4.79785857488148,0.548264276234084,12.1416669300986,0.12324894369235,0.816923932693645
"SNRNP70",6.76878541520615,0.180446046722998,15.9000467647602,0.0533387162726597,0.283270755110555
"SNRPA",3.60178691868978,0.159936697306106,28.2464968322979,0.0535531137682131,0.453553052426644
"SNRPA1",2.74513881192903,0.170346041649119,33.0811562006184,0.0567304202857469,0.556946182728411
"SNRPB",3.05903910623354,0.0714924165087816,26.3170656825552,0.0394509505864498,0.254276178556529
"SNRPB2",4.88296887927671,0.173407656240493,21.7283357544994,0.0537354920866907,0.364900570157141
"SNRPC",5.57925970074167,0.148443546201492,19.9319554143418,0.049568434420312,0.293074676679182
"SNRPD1",3.42535249505741,0.0818791256116413,25.1478415690167,0.0407051558144738,0.254345709915172
"SNRPD2",6.63464714490526,0.0548342756945368,14.8640144442828,0.0360038636963908,0.0432485050757892
"SNRPD3",4.05000041666789,0.0978904341777498,22.9619288905485,0.0425438307976935,0.247601168126825
"SNRPE",2.94004045387385,0.0503833362362483,26.0146828025281,0.0366092189949129,0.208594075928244
"SNRPF",3.1761705023831,0.0734113785049012,25.9117692698526,0.0396582741219949,0.251147267417605
"SNRPG",6.09461380261876,0.0832664850034112,16.1444580237848,0.0395173175674589,0.112501738283966
"SNRPN",1.90615394043276,0.134085529361781,38.1812513904396,0.0519011604183075,0.583437630371297
"SNTB2",0.503536173125453,0.07846975825984,54.5579160887267,0.0462303072487827,0.787373105270477
"SNU13",6.89501043073475,0.131863545776642,14.5785942338281,0.0457280472522716,0.176261994159366
"SNUPN",4.53311659590919,0.43208056709107,18.4943513534214,0.101349550772331,0.741551939924906
"SNW1",6.04682838099336,0.284308379149166,17.8565723230761,0.0715991834203994,0.490335141148658
"SNX1",3.94391979599304,0.196172025552494,26.1761843376586,0.0589203878391448,0.480809345014602
"SNX10",0.531313561493639,0.0661986056172708,54.1588891732231,0.0440147157623516,0.757613683771381
"SNX11",1.84372749279626,0.353403401130327,31.6367601534686,0.0914640021370034,0.843763037129746
"SNX12",22.66648916939,0.751128621048458,12.2260304080958,0.158634234833821,0.682311222361285
"SNX13",2.67600740784943,0.250402873658926,32.4007827103291,0.0711036309257145,0.683771380892783
"SNX14",2.94051888188707,0.268636115170272,30.4281967665572,0.0737897292638188,0.679808093450146
"SNX16",4.91068835182407,0.708197540872687,2.43333965563946,0.154224944807742,0.899527186761229
"SNX17",8.84599925761135,0.270990465137703,9.6792355633183,0.0660117767267755,0.336323181754972
"SNX18",1.04080688628619,0.169965015796889,45.8745754507229,0.0606398237641783,0.78820748157419
"SNX19",2.72398574888008,0.306439150498847,30.0647530341565,0.081059548217841,0.73710193297177
"SNX2",1.62572901571205,0.103819090404819,39.1134899352559,0.0470048985479774,0.544847726324572
"SNX27",3.53658382683473,0.271677714534923,28.0893351399129,0.0735119626489764,0.644277569183702
"SNX3",1.87377736646178,0.0314928242834092,26.1160158241624,0.0338048146033343,0.165067445417883
"SNX4",6.81266532865202,0.46759867728018,11.592468379604,0.105239400287911,0.679947156167432
"SNX5",3.49099313533563,0.176862851384768,28.9992830935824,0.0566170309073614,0.496662494785148
"SNX6",3.40413259613687,0.124133453353395,26.4532740322334,0.0470988013967458,0.355096648588513
"SNX8",1.32170904113806,0.188694470944002,43.0618386035684,0.0632829103326861,0.769434014740648
"SNX9",0.960301012742996,0.055861746916826,43.997694545423,0.0403133606858461,0.546029759421499
"SOAT1",0.432223091017977,0.109470241103828,55.3918734561513,0.0520531184484837,0.858781810596579
"SOCS1",0.135729051681201,0.0267143491750552,63.7818866353842,0.0387479529472823,0.86969823390349
"SOCS3",0.272333643087032,0.0179902817899251,55.9411016966746,0.0361481413420406,0.702266722291754
"SOCS4",2.63491271600426,0.371115151157857,27.517103812681,0.0931501226823493,0.799888749826172
"SOCS6",0.756900717473379,0.113889564215902,50.8108177768363,0.0517272385028389,0.780698094840773
"SOD1",1.86520839881576,0.0164384966120387,22.4339652178846,0.0314593872129733,0.0657071339173967
"SON",5.10804039158193,0.0686981583531441,15.9573895212728,0.0371965561989336,0.0734946460853845
"SORBS3",1.04696802180975,0.0467879334286712,40.6415562025088,0.0382902785017906,0.465373383395912
"SORL1",0.559471826895069,0.0638929083394814,53.6421522839901,0.0435215942317524,0.743637880684189
"SOS1",1.83527981275785,0.277915877918172,35.7441284287035,0.07783661804446,0.79022389097483
"SOS2",2.59593326195739,0.369308419256111,27.8106883762056,0.0929307791011957,0.802113753302739
"SOX4",1.10467188397916,0.012117081114666,30.1557116995878,0.031905565443417,0.198442497566402
"SP1",3.49836330697746,0.296212836191669,27.2242323492073,0.0778192168872885,0.670143234598804
"SP100",1.86581316602317,0.0819547094073768,34.4853974464505,0.0424363430304004,0.418717841746628
"SP110",0.772927446704956,0.0956367907723752,50.3628407638766,0.0483401773544362,0.739396467806981
"SP140L",0.756954269122799,0.208902801981491,46.7582563455784,0.0684738097129915,0.872409956890558
"SP2",3.24419637390453,0.452391764655078,21.0382560474051,0.107099433476914,0.819009873452927
"SP3",3.62477071885836,0.222819345265119,27.5915176675489,0.06408400962922,0.551522736754276
"SPAG16",0.301119511957218,0.0167700970981911,53.9853164907122,0.0356793028374297,0.662216659713531
"SPAG7",4.79737525100829,0.230432924492775,21.9120895938489,0.0632985682488966,0.466485885134196
"SPAG9",1.25111931032892,0.0834006509133694,42.4174292533873,0.0444283585207179,0.568210262828536
"SPAST",3.07068881945224,0.481689250062973,19.7409062232351,0.112779487384453,0.843902099847031
"SPATA13",1.34395423899523,0.217580505152897,41.9377477929058,0.0684469577479297,0.799123904881101
"SPATA2",4.40778740682889,0.618854031222351,8.79028900080613,0.137349353563655,0.870741204283132
"SPATA20",3.11391244981236,0.184661597802512,30.9366029090134,0.0585492975195825,0.544221944096788
"SPATA2L",2.5378142823667,0.562476410284027,15.6553754334921,0.128499981547995,0.903420942845223
"SPATA33",3.17239456217294,0.36098427172984,26.235349194164,0.0904571444341343,0.760603532193019
"SPATA5L1",5.16593009222839,0.723619037264818,1.19867391251503,0.157123271874094,0.901474064803226
"SPATC1L",0.778057826858,0.132528836614983,50.3626532263207,0.0550360692203794,0.805590321234877
"SPATS2",2.75258335838269,0.191779571264503,33.1860846180246,0.0605656834095841,0.59664858851342
"SPATS2L",0.358094141842726,0.0158465005587226,50.9811003799964,0.0351254887379432,0.602558753998053
"SPCS1",4.14249873527166,0.0458081812743057,18.9607092405597,0.0349308974363857,0.0783618411903769
"SPCS2",2.76176866063996,0.0649857116056522,25.8379646332924,0.038300885779216,0.230635516617995
"SPCS3",1.5402756407743,0.0721670779633832,37.5040639830703,0.0415926217667974,0.455847587261855
"SPDL1",0.615238512974262,0.240782091146593,45.863223199971,0.0745288417816674,0.91093032957864
"SPEN",2.6558851931969,0.21971816702776,33.0822369847625,0.0655659800304224,0.643095536086775
"SPG11",3.49273226917262,0.277223034776469,27.621095156344,0.074276478847135,0.645042414128772
"SPG21",8.73611603522858,0.308050482743817,10.9970777452303,0.0734543061153555,0.419343623974412
"SPG7",3.27923058754082,0.225364467833205,29.3653958656124,0.0652036442553835,0.586983729662078
"SPHK1",0.166149916223319,0.0120365512812727,59.7413209128711,0.0356601455158339,0.764497288277013
"SPHK2",2.62857421375363,0.46006994923678,22.4399844609874,0.109596125106186,0.856487275761368
"SPIDR",2.38952183153307,0.176367269641528,35.1409547260433,0.0583996208014633,0.604157975246836
"SPIN1",2.83868497568672,0.178996799193278,32.0222595994788,0.0578355423492495,0.552982895285774
"SPIN2B",2.10386769860139,0.404396015067947,27.4724807588879,0.100188264148493,0.8542622722848
"SPNS1",4.00728488582749,0.275932055222388,25.9845765334192,0.0734634813397959,0.614865804477819
"SPON2",0.182355489833667,0.00433750416900753,53.7206236971624,0.0336421219026824,0.633152551800862
"SPOP",0.651036726063126,0.0301670707697825,45.1158215802174,0.0364857891839042,0.517730496453901
"SPOPL",1.42425727665046,0.153722641679255,43.3326047354531,0.0569175226906648,0.713113614240022
"SPPL2A",2.5155847488608,0.165217236349805,33.5368684999112,0.055854265212343,0.555138367403699
"SPPL2B",2.06158952411924,0.288612331219904,34.1903428581778,0.0793395751135146,0.780559032123488
"SPPL3",2.95028534864945,0.3442763695346,27.7088448509096,0.0876927224377201,0.758795716868308
"SPR",1.09077850727293,0.0831728278409806,46.2010595041786,0.045310735179334,0.639062717285496
"SPRED2",1.07421777804429,0.164776893013151,45.9894990848969,0.0597288755994862,0.781323877068558
"SPRTN",2.23861909730719,0.36155254434323,29.5129442458282,0.0921235448410729,0.819427061604784
"SPRY1",0.167980229416648,0.0124699945879991,59.6854556584005,0.0357247018601049,0.764219162842442
"SPRYD3",3.11641275543399,0.284847058617432,29.1170363080119,0.0763869474717424,0.684119037685996
"SPRYD4",1.81155351678469,0.300633749748614,35.1821955852815,0.0822696511901537,0.818801279376999
"SPRYD7",3.24602781245138,0.338724887320685,26.6665776824291,0.0860333366179155,0.731191767487137
"SPSB1",0.195877484385193,0.0362252296469358,61.7049055160356,0.0401051055664012,0.847031010985955
"SPSB3",3.29321753686741,0.113156180577616,27.6067254647019,0.0458156825324482,0.356139618968155
"SPTAN1",1.53279020373512,0.0458171840508491,33.0843181920356,0.0368414503269094,0.322416910026422
"SPTBN1",0.58232941714255,0.0193898888971847,42.9732474131963,0.0345446152382648,0.455569461827284
"SPTLC1",2.40581863369338,0.218730324497639,34.3007077259215,0.0657861310235209,0.662911973299958
"SPTLC2",2.47262124236456,0.166471477751516,34.744001694672,0.0565544997525943,0.579682937004589
"SPTSSA",3.58851668849812,0.136772229478717,27.8637656217397,0.0496944407758448,0.405298289528577
"SPTY2D1",2.86914024826675,0.258429348801297,30.995488586435,0.0720454085686575,0.672437769434015
"SQLE",0.953891214289075,0.0731772174285307,47.2638833077994,0.0438373929096783,0.640383813099708
"SQSTM1",2.37613701654793,0.025790121009024,22.3247774596389,0.032656457206818,0.0867751355861494
"SRA1",4.44146140191081,0.181320902281801,24.5193100130623,0.0560061766508436,0.427270198859686
"SRBD1",1.94221888055952,0.383941164439256,29.3595359289995,0.0967898366014791,0.853984146850229
"SRD5A1",1.89619111014802,0.36405288750901,30.9349352681061,0.0934010288056533,0.849047420386594
"SRD5A3",1.00441057123456,0.0912910205463063,47.5422864656219,0.0469750539387297,0.67890418578779
"SREBF1",0.713461947539392,0.027958825626204,45.124459293504,0.03621332162679,0.514253928521763
"SREBF2",1.69792987315179,0.192873312985383,40.0447028336861,0.0630507100483198,0.721735502711723
"SREK1",4.05935892946208,0.198287678422356,25.408906877603,0.0589922907983709,0.471005423445974
"SREK1IP1",7.14596557630268,0.35997120762357,13.7700844524126,0.084273641324872,0.54630788485607
"SRF",0.859679469803781,0.138877262578361,48.8398610851314,0.0557514176352644,0.788346544291475
"SRFBP1",6.94196016237744,0.551587114303431,7.87937294538354,0.121454097254701,0.747531636768182
"SRGAP2",0.566826413951889,0.118606088685576,53.023761193026,0.0531376576532828,0.830482547628981
"SRGN",0.0665829678219508,0.00213258579937643,63.2807821093953,0.0344089091566645,0.814629397858434
"SRI",1.5120568273331,0.027748704801034,28.9457801078146,0.0337280252844843,0.208802670004172
"SRM",0.832781974198872,0.0895045099504678,49.594701073341,0.0471056478350275,0.713947990543735
"SRP14",5.82343803810862,0.0253207155543201,16.1604608923473,0.032760762770622,0.00570157140870533
"SRP19",1.35094800408591,0.152543529682354,43.8669713617625,0.056846234466328,0.720762063690724
"SRP54",3.69957430005287,0.223279315717051,27.6501462835849,0.0642611739413071,0.553747740230844
"SRP68",2.79359697493907,0.233222962714679,32.1212249176672,0.0677343592364087,0.649353358364622
"SRP72",4.82483824314677,0.184887647402159,23.1854892222586,0.0562408523998407,0.411277986371854
"SRP9",2.87724401101951,0.0256064425465175,21.2718121079754,0.0326506385302102,0.0715477680433876
"SRPK1",3.54155259184805,0.254130769342524,28.8247357871764,0.0705460159496812,0.627729105826728
"SRPK2",3.66106369473733,0.182095578460919,28.5987920712685,0.0574562987658644,0.499374217772215
"SRPRA",2.90899579023999,0.138556234433404,30.6359055576751,0.0505589798102938,0.455778055903212
"SRPRB",2.56502742499075,0.202041413276517,34.3470015198093,0.0628314644187156,0.635308023918787
"SRRM1",6.17991204744789,0.148885791257533,16.6423051477932,0.0485817674762375,0.238005840634126
"SRRM2",5.21605243165526,0.091220385075423,18.6604310597719,0.0408922401501602,0.165415102211097
"SRRT",3.56870792682342,0.19850954498734,28.4056081257016,0.0601256877432157,0.523988318731748
"SRSF1",4.29031145148091,0.122285500361892,23.1937138283067,0.0462006801970072,0.297594214990961
"SRSF10",5.37314292516972,0.156089386617281,18.9548438814846,0.0501406171875494,0.287025448477263
"SRSF11",6.1970892174514,0.118517404030473,14.8773413957064,0.0436342272896102,0.152551800862189
"SRSF2",4.14465653789992,0.0703421880505476,20.4562208481492,0.0382370738580946,0.151508830482548
"SRSF3",4.55928891138566,0.0804055293286794,19.3612709127148,0.0393808675468608,0.153108051731331
"SRSF4",4.74215572064277,0.175693052111078,21.6438720745103,0.0539569884329366,0.366430260047281
"SRSF5",4.18499945557587,0.0649408477978985,19.5801944164937,0.0373478111911187,0.125573633708803
"SRSF6",3.30038283277489,0.170751588498475,29.9030446810679,0.0558412257476969,0.501599221248783
"SRSF7",3.26622400792973,0.0615052643240838,22.8238823254877,0.0373407231872372,0.171742455847587
"SRSF8",3.39568905524738,0.213837326375226,29.2975255682596,0.0631615594419311,0.566263384786539
"SRSF9",2.31725632797135,0.0937800300287348,34.689512988268,0.0445805427499056,0.447434292866083
"SS18",4.23599744918937,0.262876638359827,24.592717920878,0.0703066163765459,0.568210262828536
"SS18L2",10.953274773622,0.414539481820165,4.90833306463801,0.09112268874145,0.489848421638159
"SSB",3.62404750840269,0.117680909458277,25.926407654506,0.0461026113907494,0.33528021137533
"SSBP1",3.66967649765558,0.0785803789202661,23.4299456144905,0.0398971275810457,0.2181198720623
"SSBP2",1.3694148478287,0.137529358088838,43.3609729167312,0.0539570281903077,0.684536225837853
"SSBP3",1.29333412826643,0.18150830417833,43.3828356525702,0.0620180002671552,0.762689472952301
"SSBP4",2.72505159906307,0.227806009100159,33.1643647787396,0.0672007602105529,0.658948685857322
"SSH1",0.521754553754392,0.10559670922324,54.0431260751549,0.0510019082605766,0.826449728827701
"SSH2",2.11628829756144,0.211640501345876,36.6701319447171,0.0653787035712043,0.693366708385482
"SSNA1",7.76873187646498,0.195798885192996,14.2008682346138,0.0555362841392183,0.28542622722848
"SSPN",0.185121888270316,0.0120367862864289,58.6022211323486,0.0355139307425835,0.742455847587262
"SSR1",4.17425757441341,0.128602450869997,23.0759057479855,0.0469956891794903,0.305798915310805
"SSR2",5.02314000890821,0.050217355924386,16.9953286022538,0.0353285498794399,0.0584063412599082
"SSR3",3.0794204191912,0.0569527885573103,23.6324060895886,0.0368947952438458,0.176887776387151
"SSR4",1.4036998438204,0.00869434862715181,22.5262143111785,0.0304903304866605,0.0476289806702823
"SSRP1",5.26653278429221,0.226103028244998,21.8233256552522,0.0628605348356056,0.459880406063134
"SSSCA1",2.93533741225147,0.174560057107513,32.6577654878337,0.0574307549621799,0.557502433597552
"SSU72",3.28020322945424,0.0976645512351203,26.8800197337217,0.0433267534024533,0.314420803782506
"ST13",5.83882540112399,0.0922101400837649,16.5513778799641,0.0406393810335677,0.133639271311361
"ST3GAL1",1.40667925364746,0.118755477284364,43.5664558622776,0.0507743915046713,0.654985398414685
"ST3GAL2",0.380927648462252,0.111485564086496,56.1310876599349,0.0526143897696696,0.876303712974552
"ST6GAL1",0.184581283601457,0.0471675605375691,62.3705105310731,0.0421631549863305,0.879710749548046
"ST6GALNAC4",0.632202254351076,0.0802388257980524,52.4867677868609,0.0461141182395075,0.751494924210819
"ST7",1.71469232068692,0.385197373213332,30.19663248909,0.0974998044494091,0.871088861076345
"ST7L",2.85141537290665,0.385747708330425,25.9408901408423,0.0954268824894373,0.796203587818106
"STAG1",2.59134484230987,0.248812406149912,32.502051082225,0.0707727685757913,0.682589347795856
"STAG2",3.11530336665992,0.166848036423484,30.0912500199105,0.0551210392625723,0.497149214295647
"STAM",2.89374293619542,0.3743019219991,26.3544302845257,0.0932238045514044,0.784591850924767
"STAM2",3.21611274730622,0.381131327677197,24.788435716052,0.0938413101903287,0.768251981643721
"STAMBP",6.82077538123356,0.404196781638758,13.8080867778324,0.0932219453162679,0.617507996106244
"STAP2",1.47863805115723,0.152735256949196,43.4198164892408,0.0568213152111459,0.713252676957308
"STARD10",0.671832737282689,0.0159052667197482,42.8608162944383,0.0341098565659997,0.447573355583368
"STARD3",0.627310706081521,0.0354569897438019,47.6637165232257,0.0377242338750971,0.576623557224308
"STARD3NL",3.37560451453433,0.23532633949373,29.0518839907439,0.0669654584397221,0.598873591989987
"STARD4",0.117713342488182,0.0785359666475571,62.9138870385176,0.0480232107826296,0.946391322486441
"STARD7",4.42863867503457,0.201095282360671,24.8019062673466,0.0594572264765313,0.466764010568767
"STAT1",0.535073262093906,0.0179163501718664,44.8968666991929,0.0346139851214703,0.489709358920873
"STAT2",0.577064924984749,0.0392089498402732,49.669466250676,0.0386466567073335,0.62195800305938
"STAT3",2.65401751711856,0.0594575324076583,25.6400689337613,0.0374867995549527,0.215686274509804
"STAT5B",1.33065759196379,0.205842945704661,42.120246495961,0.0661944914065981,0.781949659296343
"STAT6",3.30447257877199,0.203650948893318,29.6718244391503,0.0614454931947448,0.554999304686414
"STAU1",7.84069304034012,0.242711650604949,13.1004052353765,0.0626065376664205,0.344806007509387
"STAU2",3.20007234207872,0.388313102127707,24.8749984042125,0.0954968366838876,0.781741065220414
"STIM1",1.73530787183253,0.261662531186527,37.0877923175953,0.0751631308205771,0.786747323042692
"STIM2",1.61389672683977,0.25867098611659,38.0914546562145,0.075003491965132,0.799819218467529
"STIP1",3.03206898000669,0.156326256355995,31.6729106623199,0.0539746360774138,0.507509386733417
"STK10",0.472920307424004,0.117704743884235,54.4592404960537,0.0533468253772285,0.855861493533584
"STK11",2.43870567463397,0.31854962570048,31.1983044661021,0.0841011296682107,0.777708246419135
"STK11IP",2.9672534244929,0.538017114828913,16.4613263655662,0.123462878123793,0.877555277430121
"STK16",6.56095003865282,0.343528615973827,16.4785720818091,0.0825320671991569,0.565568071200111
"STK17A",0.322423263864595,0.0374194262955075,57.2295187166806,0.0395908765909857,0.763245723821444
"STK17B",0.389740812056716,0.0407400375276583,55.4321018515849,0.0398599919248946,0.734946460853845
"STK19",3.60084640383405,0.295019927038709,27.0848616839379,0.0775804553616782,0.665901821721596
"STK24",3.56799284020777,0.314411229688254,26.5278028941737,0.0811349604381157,0.68849951328049
"STK25",7.20206556713914,0.353399340480693,13.3942570011298,0.0827109981111532,0.529203170629954
"STK3",3.11035918340764,0.30158144107935,28.5812608125663,0.0794414233334485,0.702822973160896
"STK32C",3.01897063339007,0.500085077181791,18.9418752316247,0.116475402065971,0.859755249617578
"STK38",1.32585432447905,0.151271424204464,43.532319223296,0.0564587655549091,0.712070643860381
"STK38L",0.830039611338317,0.131927143019965,49.4007702752032,0.0546322832293474,0.786469197608121
"STK4",1.56711451860816,0.136600688276143,41.1987465642662,0.0531653675269141,0.643026004728132
"STK40",3.19227749091333,0.425665627695447,22.8155706251442,0.10232971257366,0.806702822973161
"STMN1",0.352153444962154,0.00824441357149232,46.1647267241972,0.0333199934796297,0.494715616743151
"STOM",0.367353693290398,0.0125769654329812,49.1147381877703,0.0343699647182601,0.560283687943262
"STOML2",5.84019754902066,0.191744526802208,19.7354644825729,0.0563985040991874,0.366291197329996
"STRADB",2.82718776504891,0.388307305663761,26.1223294651128,0.0961226582460273,0.803712974551523
"STRAP",6.48019696964126,0.185026537949364,16.9272827921142,0.0543656893496168,0.307815324711445
"STRBP",1.76136229585498,0.199260731466157,40.075106271386,0.0643436375682279,0.733764427756918
"STRIP1",2.72422597403004,0.442701356729956,23.0611827205032,0.10608885856207,0.838965373383396
"STRN",3.15660729802379,0.469061435644166,20.3987879542515,0.110415682801045,0.834932554582117
"STRN3",2.59702217891139,0.369155555039209,27.8094083412313,0.0928967487921086,0.801835627868169
"STRN4",1.97907103020316,0.245928494558947,36.580734173121,0.0719118593379402,0.750869141983034
"STT3A",2.42441422432661,0.179553359035074,34.699985756349,0.0587985777027822,0.60172437769434
"STT3B",3.45878129909766,0.226115397879346,29.1643454105197,0.0653877596469893,0.585384508413294
"STUB1",2.68332201885989,0.0963000447837975,32.5684983829157,0.0445577498149307,0.414545960228063
"STX10",8.76555413053797,0.363257284936042,9.76248488628235,0.0831086951206703,0.48658044778195
"STX12",2.98092847650453,0.208350693825604,30.6892405118227,0.0625282377797138,0.580447781949659
"STX16",2.71320373567879,0.223679230904773,33.1218548388372,0.0663842676558007,0.650952579613406
"STX17",3.82894945828015,0.340941372921599,24.4777806377204,0.0854725479729529,0.696704213600334
"STX18",5.76529128559613,0.490147651160048,12.8733566053061,0.110754998097897,0.737240995689056
"STX2",0.438432952479813,0.16296204082304,52.613930417297,0.0614390346976471,0.90105687665137
"STX3",1.53906482612927,0.252726548786164,39.1414483619099,0.0742963096932704,0.808788763732443
"STX4",2.33113555842711,0.185548766999003,35.2762947008622,0.0600564082812523,0.622583785287165
"STX5",4.70464300110827,0.306213965271549,22.360178191198,0.0776725335648285,0.602836879432624
"STX6",2.96610523780679,0.314928167509384,29.072972112969,0.0824034868996537,0.734042553191489
"STX7",1.30252870319261,0.0994085506523627,42.7632361059946,0.0471637267012325,0.604227506605479
"STX8",2.3006505083729,0.193306726606989,35.1821742880332,0.0613964745651401,0.634334584897789
"STXBP2",1.54458229513016,0.183045209539184,41.554898854005,0.0617339358933518,0.732095675149492
"STXBP3",4.48967252547145,0.470228992297099,16.8442966988237,0.108665679048844,0.77430120984564
"STYX",3.24491562751148,0.394172330921813,24.2638175119276,0.0963726130489878,0.780559032123488
"STYXL1",3.45793101341454,0.274137726297387,28.6666536278559,0.0742789225523186,0.658740091781393
"SUB1",1.64610635867442,0.0122356174347485,22.5699093503082,0.0309559737095322,0.057919621749409
"SUCLA2",2.21900466381675,0.218504425965834,35.6852767886728,0.0662847222035032,0.687456542900848
"SUCLG1",6.01523681851046,0.256621481598495,18.4575491364922,0.0668935414101664,0.454526491447643
"SUCLG2",3.88799361838817,0.235585953884121,26.8547292897883,0.0662344189492188,0.561257126964261
"SUCO",2.70640847850528,0.160063641967125,33.4335954112018,0.0550847758522453,0.545125851759143
"SUDS3",4.27152555156389,0.219109246675041,26.0920166473105,0.0631513638540664,0.520720344875539
"SUGP2",2.90380399166028,0.24748907714134,31.5221105984191,0.0702438615747265,0.663398692810457
"SUGT1",4.21990569699694,0.221612624883265,25.3425629123349,0.0631536628974171,0.511055486024197
"SULF2",0.413556829974632,0.0183893450349535,50.2153856330633,0.0354315144624286,0.592824363788068
"SUMF1",3.22667133606459,0.231973243697244,30.1688817775297,0.066819844362869,0.612988457794465
"SUMF2",3.42412260623263,0.140425978315108,27.8610907197953,0.0501427419443271,0.410652204144069
"SUMO1",12.6392392984347,0.213501186097809,3.34819619119601,0.0553173690624805,0.155750243359755
"SUMO2",4.56036619030256,0.0220656131030405,17.3278662777055,0.0321653938442797,0.00806563760255875
"SUMO3",2.16489573922938,0.0585186966604345,30.5026338640213,0.0383053450856011,0.30211375330274
"SUN1",2.73166686504947,0.183285844614263,32.8608249188273,0.058882364150837,0.575580586844667
"SUN2",0.904269856665774,0.122681256439999,48.5223294403459,0.0527019516832846,0.753580864970101
"SUPT16H",3.17618696804443,0.170617541543001,30.2643281262282,0.0558806629883521,0.507370324016131
"SUPT20H",4.66942268104313,0.303255794493705,22.4494854737465,0.0771166857461817,0.599360311500487
"SUPT3H",0.97203848646471,0.276391587174566,40.9739667557991,0.0797802403354711,0.882352941176471
"SUPT4H1",4.39158316184587,0.137684512813858,23.3188210845438,0.0485811327983898,0.328048950076484
"SUPT5H",4.01631198109416,0.229828039774024,25.856747388536,0.064739736787417,0.53365317758309
"SUPT6H",2.24489849163016,0.139102146809542,35.772459987025,0.0521138184123451,0.549019607843137
"SUPT7L",6.2520924627424,0.466028912536734,12.4951371679929,0.105237856966277,0.692601863440412
"SUPV3L1",3.38735156489799,0.46780506232648,19.8118005727192,0.109796070993983,0.822486441385065
"SURF1",7.42870987272077,0.305965256759131,15.3797397252428,0.0751167199460203,0.487762480878876
"SURF2",6.36086836350119,0.37699003489815,16.4402686727651,0.089211000497485,0.618829091920456
"SURF4",2.81244932340232,0.107363047141041,29.7842650632597,0.0453794393564673,0.383048254762898
"SURF6",3.62711561156335,0.361327302949629,24.4671815479911,0.0896339701136013,0.730148797107495
"SUSD6",2.46170284631457,0.202229649308757,34.5823002495043,0.062890382537893,0.639549436795995
"SUZ12",1.98553108357308,0.170670609993463,38.3277578937243,0.0584262610084417,0.651717424558476
"SVBP",3.57588224279328,0.215538331041436,27.9730489829162,0.0629314519344926,0.545682102628285
"SVIL",0.381348879566645,0.021495297730602,52.069642180026,0.0361736935115648,0.634334584897789
"SVIP",1.27742797988436,0.0890865511358096,43.6229728165175,0.0457075005495627,0.60172437769434
"SWAP70",0.753111597141543,0.0749278804901906,49.8946097667588,0.044634343917305,0.69281045751634
"SWI5",3.3236515170719,0.181462240880554,29.3790402127629,0.0574418080943882,0.510846891948269
"SWSAP1",3.1835432181831,0.546310582236094,15.5578033217975,0.124841079876606,0.874843554443054
"SYAP1",1.53142203974363,0.054570278326422,35.697288033406,0.0386160650117808,0.388749826171603
"SYF2",5.06651260516632,0.172375648701246,20.7196657497087,0.0532315836641869,0.345779446530385
"SYMPK",3.07850344927114,0.271313519377482,29.7805194748474,0.0740562219468943,0.672994020303157
"SYNCRIP",4.60336512840243,0.181746425049651,23.1893110236226,0.0555628609865254,0.404533444583507
"SYNE1",0.282456212481617,0.0349642342505817,58.2813140559989,0.0393374271430261,0.778890279516062
"SYNE2",0.771427773582178,0.0429857402126087,46.374207343974,0.0387236820253853,0.566680572938395
"SYNGR1",1.1266861257242,0.197313921326781,44.2928144361735,0.0653445306263376,0.806980948407732
"SYNGR2",1.40629282272986,0.0209047117703753,32.8890044088076,0.0335615477722967,0.27075511055486
"SYNRG",2.23921077671499,0.179167361959974,35.7351223734808,0.0590361277861763,0.619454874148241
"SYPL1",1.2768831344899,0.0419392208932548,37.290432503927,0.0370580027551012,0.393756083993881
"SYS1",4.20214642361764,0.459991591436816,18.273021209662,0.107300718248529,0.782784035600056
"SYVN1",2.45429245508748,0.248342566439483,33.6243105985906,0.0711868630091534,0.701988596857183
"SZRD1",5.37878684683639,0.217063316260713,19.796161641868,0.0602802887975853,0.40814907523293
"SZT2",1.75030207339429,0.32391872835984,33.7987163630864,0.0863476015205479,0.833055207898762
"TAB1",5.42503489427719,0.685336274990135,3.33127600749974,0.149480967591382,0.878320122375191
"TAB2",1.90658558087136,0.247340953579486,37.0317275960403,0.0723769758036504,0.761437908496732
"TAB3",2.23781391595697,0.411147332892718,26.7541145439499,0.101309061736286,0.852663051036017
"TACC1",0.350797091215506,0.0161832154649841,51.4922569667601,0.0352483809745932,0.613057989153108
"TACC3",0.112172873447465,0.0374086270860135,65.0173890974102,0.0408481227516685,0.91294673897928
"TACO1",3.00228529943284,0.278713650468745,30.5498838931929,0.0759356628717987,0.699485467946044
"TADA3",6.79585110562962,0.206016031125427,15.4290912867781,0.0571363462711922,0.318592685301071
"TAF1",2.51266571989852,0.295676814041076,31.7255008618815,0.0796919075749707,0.748574607147824
"TAF10",0.942436271365628,0.133495333705797,48.3444793376196,0.054651908108476,0.769712140175219
"TAF11",6.64640217021294,0.345826688043701,15.4696516437669,0.0823099894445185,0.551731330830204
"TAF12",7.16357109497098,0.36260957422904,13.4134827155931,0.084543944896401,0.544361006814073
"TAF13",3.54330527070274,0.586368404971633,12.1476711491701,0.131849330043107,0.878945904602976
"TAF15",2.33873651465694,0.0905053527532857,32.706950944443,0.0434993237135327,0.404116256431651
"TAF1B",3.00211238353167,0.46469609403914,20.985576174739,0.109755694796428,0.838200528438326
"TAF1C",1.09024508899148,0.219527589412268,43.5356401756755,0.0693912646579574,0.831595049367265
"TAF1D",3.09675132173933,0.127167987353405,29.9010916287143,0.0486273681622542,0.422889723265193
"TAF2",3.13669054948587,0.308933630881485,28.7208614100293,0.0810752351034922,0.717911277986372
"TAF3",2.42212575805602,0.299872569427231,31.8102266714892,0.0805364563314849,0.757057432902239
"TAF5L",3.5638047589088,0.614021704484993,10.3131570027994,0.13708040171308,0.890974829648171
"TAF6",5.73150247833382,0.381302253949897,17.0705977827099,0.0900784995149342,0.635516617994716
"TAF7",2.40257053761847,0.0865173014656324,32.1329278147289,0.0427892591913942,0.386455291336393
"TAF8",4.56159934622556,0.54191681549492,12.936004926403,0.122280124875965,0.820817688777639
"TAF9",5.74792824796938,0.240808802680988,19.7078377617242,0.0646173980251143,0.449033514114866
"TAF9B",2.48549687424671,0.286406909137507,32.184398963135,0.0780360543496875,0.741065220414407
"TAGLN2",1.63779030130264,0.0112787170052458,23.2366594513362,0.0309624124519955,0.0688360450563204
"TALDO1",2.91966569363524,0.0746196246768082,27.0992303457314,0.0400022306950203,0.273605896259213
"TANC2",0.398577744937398,0.0278939993782007,53.5698546220837,0.0374395313908343,0.67535808649701
"TANGO2",2.47673554090155,0.410584433524803,25.8204281371338,0.100648287299642,0.835071617299402
"TANK",2.46780064031171,0.192773144442854,34.2348103743591,0.0609970972102601,0.616534557085245
"TAOK1",1.68420567449514,0.0905622767647362,38.1874079529461,0.0446743333600554,0.50354609929078
"TAOK2",1.66525853848288,0.210763819827709,39.7192705947231,0.0663056802022032,0.746905854540398
"TAOK3",1.68042836713876,0.116315609166033,39.7382045182865,0.0492934380136576,0.579613405645946
"TAP1",0.509412397314092,0.0315774893039982,50.3215940000625,0.0375307726695601,0.620011125017383
"TAP2",0.364400050405279,0.12301819713899,55.897939022199,0.0547278308221449,0.892365456821026
"TAPBP",2.62163143818684,0.058826010549341,26.6070251644577,0.0376359872457617,0.232582394659992
"TAPBPL",1.17505428795704,0.173682139461935,44.623008855433,0.0609487370520827,0.771728549575859
"TARBP2",6.59597159079588,0.503358408228665,11.2595428565049,0.113021195475493,0.730426922542066
"TARDBP",2.43468547263899,0.229265015421017,34.5437766711059,0.0679518758058908,0.685857321652065
"TARS",2.33011007685119,0.214880016782448,34.8482067636516,0.0652697650106079,0.666040884438882
"TARS2",1.57960242680374,0.237579363916691,39.4379488845809,0.0714034030877908,0.788137950215547
"TARSL2",1.34867386183983,0.251706948271062,40.0771776502755,0.074420540711224,0.82387706855792
"TASP1",4.56484348453682,0.454296860927513,17.3859655490698,0.105504267861717,0.75810040328188
"TATDN1",3.00935388478879,0.148157372719609,32.4224257741041,0.0529092077294973,0.506883604505632
"TATDN2",4.99126556832202,0.695244026442682,3.18442029959047,0.151663720738578,0.892156862745098
"TATDN3",3.386647931687,0.430465351358568,21.9440792458401,0.102885004186989,0.799193436239744
"TAX1BP1",3.00996189520376,0.0772343724125122,26.4629316741205,0.0402231282798981,0.267139479905437
"TAX1BP3",0.875308702537946,0.0946557889541198,48.3966619654111,0.0476850455511208,0.700597969684328
"TAZ",3.21900050732636,0.340357284043079,26.6756109238378,0.0863630342162417,0.734042553191489
"TBC1D1",0.470066354428856,0.0858247609956822,55.2513687123297,0.0476967560197237,0.813795021554721
"TBC1D10A",2.98343176100441,0.397806802157068,24.7963140259198,0.0973733412907913,0.795855931024892
"TBC1D10B",3.17683257799163,0.422923367534088,23.0110930281238,0.101844973694144,0.80565985259352
"TBC1D12",1.3950675224269,0.223454885117034,41.1632923565981,0.0692818413198897,0.795091086079822
"TBC1D14",3.2308919553316,0.289037708074592,28.8739995172242,0.0771832757173668,0.687178417466277
"TBC1D15",3.51447717682383,0.420636293046017,21.9724872434103,0.100763059343713,0.783618411903769
"TBC1D17",3.91405677816811,0.326336636952208,24.7093335705991,0.0826627363836678,0.67660965095258
"TBC1D20",2.99211230454332,0.289414251373066,29.5182122357144,0.0774494481937497,0.698859685718259
"TBC1D22A",2.68599680572792,0.401835334866621,25.5810511477818,0.0986385785962209,0.816367681824503
"TBC1D23",6.48576312445462,0.54418408896649,8.97188805807146,0.120408659418067,0.754901960784314
"TBC1D25",46.879836715258,0.94858191879224,7.87886769324484,0.230895267603364,0.874078709497984
"TBC1D2B",0.609517062262343,0.102636981826903,52.699466498753,0.0501345983624606,0.795855931024892
"TBC1D4",0.504472025702308,0.104520028545101,54.4391298607718,0.0509075112231289,0.832012237519121
"TBC1D5",3.68788482313494,0.259455756806438,26.9714263186252,0.0706071554369924,0.603532193019052
"TBC1D7",3.61871412978682,0.33582825789963,25.6815152268429,0.0850622636609675,0.709358920873314
"TBC1D9B",3.69427598365118,0.211124487668636,27.7421031564607,0.0621206871813438,0.534348491169517
"TBCA",8.33734177611688,0.0967727145914581,12.4556157135889,0.0410717532502764,0.08906967042136
"TBCB",5.36645055441661,0.122327571737466,18.40741885898,0.0450453677656623,0.217424558475873
"TBCC",4.84167270131821,0.426514984769149,17.8273804204326,0.0997946598750422,0.721040189125296
"TBCD",1.12946486317094,0.0983271340689264,45.2922900033699,0.0476075272257379,0.649422889723265
"TBK1",2.7077417624462,0.341281455025178,28.710654840543,0.0875307907796653,0.771450424141288
"TBL1X",1.00633279629863,0.163787415232475,46.8851430651551,0.0598427291639845,0.796203587818106
"TBL1XR1",2.17081570838566,0.0804952290294207,33.6091103128686,0.0421878979148999,0.401682658879154
"TBL2",2.5387223848855,0.303140092460867,31.4633433250737,0.0811071181581015,0.75657071339174
"TBL3",1.76419688786901,0.212047878271209,39.2214611191248,0.0664021796849299,0.740230844110694
"TBP",5.85051441245734,0.51857954275611,11.4395275267129,0.116184561921527,0.757405089695453
"TBPL1",6.10194626756483,0.516710842505357,10.9388832923039,0.115454084233151,0.745793352802114
"TBRG1",4.1151617787514,0.198858630473714,24.7861584889416,0.0588221539740394,0.460853845084133
"TBRG4",2.52085971756715,0.253573321417868,33.4729825768135,0.0721967730022561,0.708455013210958
"TCAF1",2.79929033479951,0.199937015104787,33.030318473553,0.0620063805492484,0.608260325406758
"TCAIM",2.58905507853976,0.364928723429174,28.3557315137706,0.0923550755303762,0.804616882213879
"TCEA1",2.62775303691487,0.0363560318191577,23.815405680047,0.0342627453357811,0.137672090112641
"TCEA2",3.30672601582748,0.292437458219812,28.61669703584,0.0777770318513371,0.68849951328049
"TCEAL1",0.878688700853269,0.0621437384847753,46.4116537606217,0.041788368153769,0.603393130301766
"TCEAL3",1.25975819093149,0.0408604003964161,37.2649071820658,0.0368938665775652,0.391113892365457
"TCEAL4",1.20876588894691,0.0201161519470172,30.239098586159,0.0329001057987447,0.216312056737589
"TCEAL8",1.95843279830738,0.0885359026067031,34.9210836379504,0.0436017066602191,0.439716312056738
"TCERG1",4.16436420020716,0.268696792307439,25.4624579795857,0.071880434683311,0.593658740091781
"TCF12",1.69206200029184,0.109885628064172,38.6295407606952,0.0478795159389036,0.54707272980114
"TCF20",2.10609929998475,0.450323096581142,24.5378445164508,0.108601971811504,0.877902934223335
"TCF25",4.21446564582283,0.114459299192641,22.023391642806,0.0446024928238166,0.261229314420804
"TCF3",2.20476431342325,0.234352341713609,35.689813105085,0.069342034527236,0.715060492282019
"TCF4",0.190933553476178,0.00368886960680719,52.5301208191384,0.0333978366191283,0.6088165762759
"TCF7L2",0.366206413545663,0.0466371410908801,56.6876707502437,0.0410808583134244,0.769851202892505
"TCHP",3.66829452243051,0.483571492572929,18.1556819661725,0.112310455836472,0.818870810735642
"TCIRG1",1.20212513372294,0.0822270572338845,43.1577980301231,0.0444074859207719,0.579891531080517
"TCOF1",2.22262019072657,0.244557140938085,35.3205247915806,0.0711696109218543,0.725976915588931
"TCP1",4.83113630598425,0.182743856545178,22.4845993634314,0.0555559198196181,0.39472952301488
"TCTA",1.6819680298797,0.140347972192152,40.2517299014945,0.0535622388275965,0.632457238214435
"TCTN1",2.68230774122087,0.218110909590368,33.640685506389,0.0655757602279318,0.650743985537477
"TCTN3",2.28624335806827,0.215638571285523,35.3296616878537,0.0656182605110717,0.67612293144208
"TDG",5.1249780371279,0.308561696224624,21.3905020763832,0.0778426457802352,0.590738423028786
"TDP2",6.38556396652916,0.505622854342196,10.8846411808224,0.113008681488905,0.727437074120428
"TDRD3",0.826396027904057,0.163562195922118,48.264400918764,0.0601875931000563,0.821165345570852
"TECPR1",1.03354386438898,0.241867237531059,42.672642651086,0.0734805642446187,0.8542622722848
"TECR",2.10872554008143,0.044579285420908,29.9031181640544,0.0363219587205433,0.264288694201085
"TEFM",2.80280351902342,0.382688041972643,26.2277651735464,0.0949157405555412,0.796203587818106
"TELO2",1.76201210520864,0.211296718275274,39.3669524963755,0.066326176927918,0.741621471283549
"TERF1",3.12684332477678,0.247093505759546,30.1629861981874,0.0695974085565874,0.638575997774997
"TERF2",2.46870074753494,0.52943907870365,18.0942997412214,0.122472276231011,0.892921707690168
"TERF2IP",2.50109625687019,0.13673454233894,33.0394721401699,0.0508811357927823,0.494993742177722
"TES",1.18908035638536,0.0887990981340435,44.5716741999041,0.0458604304220688,0.618759560561813
"TESK1",1.95567944837748,0.335421058437612,32.3872882317788,0.0881086099534194,0.827145042414129
"TET2",1.84685617550697,0.300079809220779,34.7112438827577,0.0818855000701799,0.809275483242943
"TEX2",2.29195051627425,0.317488347990592,31.9308556742748,0.0842246748288207,0.78897232651926
"TEX261",2.3934370966251,0.299444161296006,32.1692851507413,0.0806499457702362,0.762828535669587
"TEX264",6.86837621762043,0.237771667128642,16.4701110078173,0.0630549086577855,0.391461549158671
"TEX30",1.13666794365175,0.226400451255947,42.9048553405515,0.0705162573487583,0.831942706160478
"TFAM",6.74912555840187,0.321237309206988,16.3610248685818,0.0781899702047943,0.527603949381171
"TFB1M",3.51690936130367,0.470244391455062,19.374332553091,0.110099996622445,0.818731748018356
"TFB2M",1.5906828027848,0.196472268856663,40.8296224144123,0.0640050010480747,0.742316784869976
"TFCP2",5.16219231116789,0.559870955827692,10.8586090612355,0.125123387089263,0.81275205117508
"TFDP1",2.04474105790634,0.232080258541974,36.7135421755992,0.0692941330259473,0.729523014879711
"TFDP2",3.70633184749564,0.239038224744784,27.5950626035407,0.0671323664321117,0.57996106243916
"TFE3",2.85098973102512,0.314737036733975,29.0566321363231,0.0822457654718994,0.733138645529134
"TFG",4.22376246250311,0.158189185391711,24.4772438644223,0.0520979791478501,0.384577944653039
"TFIP11",4.94539933988942,0.578097088815506,10.1160701188606,0.128742097194636,0.828813795021555
"TFPI",0.0723535075872245,0.00957033723453207,65.8273380525066,0.0360108490996397,0.877902934223335
"TFPT",1.52264613630191,0.134610636922535,42.3526619085423,0.0532048180636093,0.661034626616604
"TFRC",0.712414040110714,0.106460644952152,51.8121844740187,0.0506534103220712,0.786260603532193
"TGDS",2.99540472296173,0.555334043642353,15.2049540529176,0.126608508950878,0.883395911556112
"TGFBI",0.101245011158019,0.00708054451749581,62.6935996841515,0.0351900181672004,0.812473925740509
"TGFBR1",0.371504150097173,0.059844380007134,57.2320728767898,0.043482803068466,0.80440828813795
"TGFBR2",0.21102083169079,0.0100441092564723,55.8126646088666,0.0348239436656012,0.684675288555138
"TGFBRAP1",1.52044012725042,0.293569064473137,36.8249999891909,0.0815049029577443,0.836323181754971
"TGIF1",1.52775339964426,0.0790706724751255,39.8378842398886,0.0432527986914297,0.512932832707551
"TGIF2",1.2679870507878,0.281342177474303,39.1216895843665,0.0800380229796737,0.857182589347796
"TGOLN2",4.22054244260923,0.120112770288737,21.9471772477401,0.0453739587445328,0.26999026560979
"TGS1",4.60183255825531,0.337995107407206,22.1686698330184,0.0838869666950922,0.652204144068975
"THADA",1.61365774735229,0.257081046458139,38.0635381100872,0.074659581077253,0.79655124461132
"THAP1",2.16154785722273,0.219857601955724,36.143236745277,0.0667264941660361,0.698094840773189
"THAP11",4.60533323263297,0.568335905629924,11.2944185541835,0.127235364179829,0.834167709637046
"THAP2",1.40799010368183,0.332778797199958,34.9431791155994,0.0887446868332869,0.868585732165207
"THAP3",7.91968496709138,0.639181012289824,2.74172526154106,0.138508189905726,0.793283270755111
"THAP4",11.3957861401781,0.507530392601333,2.39866810447403,0.109105178352029,0.589278264497288
"THAP5",4.98018818749566,0.510104871027589,13.8096842361734,0.11572732948984,0.785217633152552
"THAP6",4.54657778896731,0.487060178426828,15.8964202597061,0.111820085909702,0.784800445000695
"THAP7",8.16186906479646,0.4197498224206,10.2172475880095,0.0946025829761588,0.582533722708942
"THAP9-AS1",1.80873355549842,0.306865926065186,34.678054092765,0.0832822027494783,0.820191906549854
"THBS1",0.3015419686902,0.00526750598416122,45.2514469878379,0.0327500476091594,0.470935892087331
"THEM4",1.97852232349191,0.182244308638138,38.3338942123403,0.0605346321231478,0.672229175358086
"THEM6",1.24386396784302,0.110965564942461,45.6394355516721,0.0499749639756925,0.679460436656932
"THG1L",1.97335451249911,0.295936460920711,34.5407624161017,0.081018022047585,0.79933249895703
"THOC1",2.60370509950999,0.372715571390616,27.5094764933781,0.0934723928382274,0.802391878737311
"THOC2",3.19750231380447,0.145464911872067,29.2450866244762,0.0513270566669988,0.443957724933945
"THOC3",3.73203445583355,0.277762316303074,27.3039870608046,0.0743983732737774,0.641009595327493
"THOC5",3.70215818333383,0.529309797097737,15.3906967133682,0.120865910216355,0.844110693922959
"THOC6",2.62399619784702,0.216514396207586,33.7062326273653,0.0652574063113786,0.648936170212766
"THOC7",13.2644643282741,0.376812867952295,1.23618646928539,0.0822518879722996,0.37727715199555
"THOP1",2.27321015484705,0.312043791923277,32.4016490034333,0.0833537732572385,0.788277012932833
"THRAP3",5.62235859793686,0.149342504158429,18.3935359349508,0.049057645502087,0.266722291753581
"THUMPD1",2.52802458925822,0.181846949164866,34.3363406107884,0.0591308197523834,0.599499374217772
"THUMPD2",1.32990709619645,0.210339482184871,42.0225906439719,0.0670340600711054,0.787998887498262
"THUMPD3",6.59667975642696,0.483910558233345,11.6996065686067,0.108898413603855,0.707412042831317
"THUMPD3-AS1",2.3959686590688,0.135967468505862,34.3726325472192,0.0511816576078261,0.518008621888472
"THYN1",4.99573334458488,0.291841057395136,20.9958646836174,0.0742085106448363,0.555138367403699
"TIA1",3.15113990428401,0.181746893078835,29.9464921622528,0.0576145256405588,0.520928938951467
"TIAL1",12.9816293500186,0.443596640720157,0.176167550218608,0.0943807901726552,0.459185092476707
"TICAM1",4.86337916870224,0.514866661787619,13.8078306165218,0.11677553642519,0.792796551244611
"TIFA",0.763290842510352,0.150622393658359,49.7576945595424,0.0582256131354057,0.826241134751773
"TIMM10",4.14541295171675,0.178989783613461,26.4506518397764,0.0563056460318467,0.457029620358782
"TIMM10B",2.38729920941055,0.419829803701761,25.6408937957153,0.102568400665959,0.84717007370324
"TIMM13",4.29787605939327,0.0850260740600343,22.9657480418558,0.0409691111871296,0.226533166458073
"TIMM17A",3.34553388999019,0.128975013657933,29.2405470812565,0.0488407461232091,0.415449867890419
"TIMM17B",5.4640487757266,0.172862485555922,21.6926648765567,0.0540522751724843,0.367056042275066
"TIMM21",7.44849481916417,0.539859874118561,7.60925887710103,0.118757020424905,0.724655819774718
"TIMM22",3.52608717739606,0.33625460710705,25.6116262248477,0.085018339283871,0.708594075928244
"TIMM23",5.79024753802002,0.320565223513885,18.950774017876,0.0790938160795528,0.569253233208177
"TIMM44",8.4442175596025,0.612615696541687,3.32342519758735,0.132818673611223,0.762411347517731
"TIMM50",5.9755103139244,0.379058611994962,16.9116699937793,0.089688763459524,0.629606452510082
"TIMM8A",1.40464803557648,0.249709234250656,40.0197346544205,0.0740301421246169,0.819496592963426
"TIMM8B",4.55378827098374,0.117540586054386,22.0281777193499,0.0452539984703418,0.269503546099291
"TIMM9",13.3118525276265,0.503485046355115,0.0753610619332719,0.107347479270755,0.546864135725212
"TIMMDC1",7.29493661825317,0.312929313100899,14.6718315060003,0.0758349507566431,0.48609372827145
"TIMP1",0.483145624858237,0.00224703881700047,31.5314386140488,0.0306735381914558,0.199972187456543
"TIMP2",0.191163798875718,0.00243949072550966,50.2763705527904,0.0329271730468282,0.562578222778473
"TINF2",8.15889602751641,0.389954244332059,10.2344634317077,0.0883801774693932,0.535530524266444
"TIPARP",0.74263851175233,0.124766728585321,50.733768362378,0.053685812710341,0.798637185370602
"TIPIN",1.82235737617296,0.449831058395182,25.4273730875307,0.10898414648682,0.893060770407454
"TIPRL",4.79278053324829,0.260444359761658,22.7123011438506,0.0691837935144637,0.532262550410235
"TJAP1",14.2378140674115,0.773531562390098,7.5115034339259,0.165614434809967,0.804199694062022
"TJP1",1.02800307642051,0.0660559089322335,44.4827094570175,0.0420563115806375,0.574537616465026
"TK1",0.109985092815169,0.0257298099833399,65.0698484929539,0.0387641997191829,0.892782644972883
"TKFC",3.01991985054404,0.305345152238674,29.5911623286534,0.0807958058435622,0.727367542761786
"TKT",1.80736055534894,0.0470825723873179,33.5544742237956,0.0372851687613507,0.336114587679043
"TLE1",0.538234174586594,0.122321008154245,53.6192603233068,0.054006001374535,0.848352106800167
"TLE3",1.20651108609004,0.0935866633175503,44.7087542508142,0.0467058350661578,0.630162703379224
"TLE4",0.249534079564101,0.0983444235327237,59.0171260830358,0.0508609631377506,0.907523293005145
"TLK1",3.51099229673854,0.252979400537955,28.369311429838,0.0700342022531068,0.617299402030316
"TLK2",0.230513925946619,0.0273922665272146,59.6925894636598,0.038262387833704,0.792101237658184
"TLN1",1.03669441825557,0.0327360044902484,37.0096186256133,0.0356035237082827,0.369141983034348
"TM2D1",3.31296039811045,0.151359275416442,28.4047069690121,0.0520130243351747,0.439507717980809
"TM2D2",3.32751216264041,0.231266756329174,29.4257839767101,0.0663711575383079,0.598525935196774
"TM2D3",5.43268887706115,0.29943518085769,18.8798719645703,0.074630339196845,0.531497705465165
"TM7SF2",0.577372363486368,0.0478291366320348,52.5664944094543,0.0406117788465016,0.693714365178696
"TM7SF3",1.89357136630624,0.196734906253882,38.738712630306,0.0633504274172279,0.704908913920178
"TM9SF2",2.24931673170477,0.0698763245961768,30.6088330837369,0.039914102170231,0.325823946599917
"TM9SF3",3.69713207972165,0.178936505428669,27.6878281011323,0.0565247058502971,0.477193714365179
"TM9SF4",3.99448869989108,0.336144324605772,24.2065022960589,0.0844209235578537,0.684188569044639
"TMA16",4.73480947410234,0.382231064306622,20.4808581512451,0.0921008141286273,0.695522180503407
"TMA7",5.77365106624105,0.0256872378457296,16.294536169369,0.0328104573532577,0.00834376303712975
"TMBIM1",1.43549437419261,0.0965342390638096,41.0760511681178,0.0462894937088118,0.567723543318036
"TMBIM4",1.43878643685034,0.138753453729881,42.8665047834674,0.0540524804523067,0.677722152690864
"TMBIM6",2.07544378807107,0.0132366838999687,21.3275722576213,0.031026367156348,0.0406063134473648
"TMC6",0.931751450108789,0.105762960053172,48.4639441192593,0.0496882813442166,0.722222222222222
"TMCC1",2.90515636270229,0.364602900014082,27.0294653392225,0.0915936021807772,0.780559032123488
"TMCO1",3.79434566530469,0.0826118954867932,23.1850682469782,0.040421706017035,0.221944096787651
"TMCO3",2.41916221323137,0.131548172224771,34.923042936613,0.0506832902018908,0.520581282158253
"TMCO6",2.02448245950637,0.439251004295914,25.4996593018875,0.106696373107503,0.876790432485051
"TMED1",4.40111145754991,0.343758000822943,22.1899697656013,0.0849213085724318,0.661660408844389
"TMED10",3.64871412195695,0.053119993946003,20.8377266120798,0.0360111793605864,0.122375191211236
"TMED2",3.87220203846695,0.0585499274625595,20.1777194749826,0.0365903773394028,0.122097065776665
"TMED3",2.715632655512,0.0652193918961299,28.5400136969189,0.0390254372598756,0.2818801279377
"TMED4",2.71860323994399,0.0817669755311238,29.1684062695519,0.0414481309237196,0.324155193992491
"TMED5",2.89094200275016,0.210398817960338,31.9240957877113,0.0634477305041939,0.606452510082047
"TMED7",2.32534546653525,0.19581713308062,35.5705225368434,0.0620632620872142,0.646085384508413
"TMED8",1.41083039370763,0.246065748681523,40.0595493611426,0.0733069377703939,0.813934084272007
"TMED9",2.61625121024583,0.0683551935952752,28.0197050230693,0.0392400460748823,0.276943401474065
"TMEM101",1.05615980240502,0.104711845439131,46.5657514982982,0.0490235255830809,0.684814351272424
"TMEM106B",1.94993102191449,0.0975278396577022,36.2269970401679,0.0453573706137388,0.480809345014602
"TMEM106C",1.05885784350978,0.038046891347152,40.2566024224465,0.0369773983354548,0.44180225281602
"TMEM107",1.11998342101621,0.115170155711014,45.8869302787333,0.0506776192511123,0.691072173550271
"TMEM109",1.45848593008541,0.0834414602724663,39.8375645174477,0.0438743900966154,0.520442219440968
"TMEM11",8.644728176291,0.463616949084797,7.56952796273628,0.102130543971587,0.60652204144069
"TMEM115",12.4159525597478,0.524445869280507,0.0577718123887934,0.111190715623981,0.57439855374774
"TMEM116",1.50489982468974,0.291018610343385,37.1283958544605,0.0811310039407411,0.837505214851898
"TMEM120A",3.72129171996159,0.232415176609327,27.7245994133002,0.0659905195410467,0.570991517174246
"TMEM120B",2.08980352823867,0.414933513500286,27.0178067889814,0.102266899985636,0.863649005701571
"TMEM123",3.04978413973334,0.10074396817675,28.5236504205636,0.0441534931359561,0.349116951745237
"TMEM126A",13.3802758071219,0.578472171836138,1.74967998338654,0.122589717143021,0.625643165067445
"TMEM126B",5.55047548289478,0.347606548017253,18.2918304700203,0.0838504836973697,0.601446252259769
"TMEM127",4.17915422264349,0.344329680572623,23.0309086078282,0.085454550150265,0.677165901821722
"TMEM128",7.64596690383124,0.52070077658146,8.30052775218849,0.115063213890868,0.706855791962175
"TMEM129",11.90474278271,0.735855668011793,4.71077172577155,0.157634459289649,0.803156723682381
"TMEM131",3.64710401075145,0.341663241444133,25.031824409854,0.0858578822045393,0.70748157418996
"TMEM134",2.23976530642187,0.0810495335950677,33.6932236545702,0.0423404877407914,0.404811570018078
"TMEM135",1.36671835600026,0.243961070293791,40.520799484914,0.0730822801683096,0.818731748018356
"TMEM138",4.26746445359479,0.364865173507099,22.235809929111,0.0892967967864765,0.697260464469476
"TMEM140",0.189409606650224,0.0649264105312901,61.8141673837096,0.0452772247311771,0.90105687665137
"TMEM141",2.73407790909581,0.0613531253394903,29.1746206454993,0.0386924559996127,0.286955917118621
"TMEM147",5.68136985976282,0.153745129329075,19.10294513278,0.0500632254739413,0.287859824780976
"TMEM14A",2.75622229862139,0.0795218396112669,28.8804479979238,0.0410776469825315,0.314907523293005
"TMEM14B",3.80733963984402,0.0784040445131163,23.431339027555,0.0399549991121555,0.219023779724656
"TMEM14C",4.96962073212829,0.0726445786874371,17.8330438565069,0.0381679047088352,0.114309553608678
"TMEM150A",4.00125334389265,0.345514568856323,24.0540691168993,0.0862875126159813,0.69712140175219
"TMEM160",7.13964452777565,0.241520514716376,15.7311717031289,0.0634651409165742,0.385968571825894
"TMEM161A",4.19133215940818,0.432223937569862,19.6811335708873,0.10209406815905,0.762480878876373
"TMEM161B",3.24102793079626,0.577275748534339,13.2900477653163,0.130457367532528,0.884786538728967
"TMEM161B-AS1",2.59833658531361,0.399732704994903,26.0892536995533,0.0984800925950133,0.821930190515923
"TMEM165",4.5290304948724,0.164543337454405,23.6628094528183,0.0529623632640749,0.382700597969684
"TMEM167A",3.76467526347596,0.134138139036696,25.4747639436324,0.048475333951457,0.357321652065081
"TMEM167B",7.69448083691608,0.523775872483372,7.94875301448651,0.115474776514163,0.705604227506605
"TMEM168",2.87480365343785,0.38552973676845,25.8050731800492,0.0952942362838861,0.793422333472396
"TMEM170A",2.49591082222655,0.354535025985529,28.8407528954507,0.0903203075492375,0.79578639966625
"TMEM175",3.32209290876894,0.260738517956851,28.6423347056134,0.0715212368141219,0.634890835766931
"TMEM179B",3.94904051974108,0.0917862671201526,23.1541792276859,0.0417212410379722,0.239326936448338
"TMEM18",4.22165875957229,0.229888268781964,26.0945943343985,0.0650512906261698,0.539076623557224
"TMEM181",1.02963513705446,0.0826911187905642,46.3714406643723,0.0452263837804742,0.641079126686135
"TMEM183A",4.89779011666246,0.179872660872546,24.0224498257106,0.0558759705632682,0.418370184953414
"TMEM184B",2.03110470188774,0.180007239729388,37.7399973592791,0.0599043527972515,0.657418995967181
"TMEM184C",4.06081423090092,0.483100379197303,17.2124090252897,0.111673509925152,0.801487971074955
"TMEM185A",1.25022928925601,0.159263165351363,44.5666550017714,0.0582754288582518,0.7454456960089
"TMEM185B",2.78392101302969,0.455082211180128,22.3420517451558,0.108459839238888,0.846544291475455
"TMEM186",2.29487253229805,0.423243345689949,25.838238736835,0.103444185969919,0.856348213044083
"TMEM187",2.48461494650379,0.366399600093151,28.4923460342403,0.0926854483137696,0.809414545960228
"TMEM189",1.70253384991218,0.270129157709783,36.9602004291326,0.0768097323864849,0.798915310805173
"TMEM19",1.71296255547205,0.312735623826227,34.6684077219919,0.0844514412314507,0.829856765401196
"TMEM192",3.30106896040834,0.367223197305963,25.6563997829193,0.0915107649920927,0.760812126268947
"TMEM199",2.08237216823315,0.200618606677919,37.4296824351495,0.063631163776094,0.688082325128633
"TMEM203",4.86796593517073,0.528011972751404,13.3608402167526,0.119543161595032,0.805937978028091
"TMEM205",1.90659300424834,0.0501741796705989,32.7845962398755,0.0375838331849198,0.327979418717842
"TMEM206",1.71363401535293,0.451421889309371,25.6472519188644,0.109455669581087,0.899666249478515
"TMEM208",4.5054567609522,0.191374261573818,24.0004054002085,0.0574719312127244,0.435613961896815
"TMEM209",2.14452977945473,0.35565222302236,30.4161353549623,0.0913760725741196,0.825754415241274
"TMEM214",2.73464365533915,0.253516806094571,31.7841678902311,0.0714156398805392,0.678000278125435
"TMEM216",6.22291921415045,0.471308633515835,13.1360176358702,0.107016680418572,0.712140175219024
"TMEM218",5.95419488101269,0.459263544423778,13.8831622330464,0.104709850326809,0.705743290223891
"TMEM219",6.80706475907586,0.0873790402375448,15.1189880953953,0.0400550255132511,0.107425949103045
"TMEM222",15.1273298505526,0.639068851306408,5.54156577186433,0.13404432120419,0.649214295647337
"TMEM223",4.70843910864657,0.329737853746391,22.1437946020119,0.0822643972596054,0.638297872340426
"TMEM230",4.85944562494505,0.0985236887517594,18.6168823733714,0.0416211139993517,0.17459324155194
"TMEM234",4.18700814655611,0.472812656142368,17.4340259393919,0.109544868500456,0.788763732443332
"TMEM237",1.42300100194143,0.289292639865446,37.5358557621155,0.0809317681117311,0.841885690446391
"TMEM242",4.18568601969417,0.444707704546975,18.7594910652003,0.104160993614764,0.766513697677653
"TMEM243",1.7361865227848,0.139649110848568,39.6722051964549,0.0532680895878649,0.620567375886525
"TMEM245",2.13784895394353,0.21674904458745,36.3465002110244,0.0662118270648886,0.69635655680712
"TMEM248",2.37087760829177,0.140896863040866,34.7110327021929,0.0521053392315044,0.533027395355305
"TMEM251",2.42967020610864,0.323093586804098,31.1501214820733,0.0850341140717408,0.784522319566124
"TMEM254",2.1818289632835,0.169119248358727,37.6402198436497,0.0580223185580256,0.637046307884856
"TMEM256",3.32824380243524,0.0740652917189972,25.4361421286316,0.0396981597605687,0.24468085106383
"TMEM258",6.27726842459799,0.0578131268763546,14.9860250150607,0.0362106870360065,0.0472813238770686
"TMEM259",3.42184501177313,0.222564190982514,29.6471283094398,0.0649595142088264,0.587957168683076
"TMEM260",3.67362292253597,0.516997019358196,16.1351722384494,0.118527065568046,0.837366152134613
"TMEM263",1.74620267761191,0.136553119165673,39.8744443950918,0.0528180761794666,0.618898623279099
"TMEM30A",1.81147322401174,0.0961955651893633,36.5328149326136,0.0451420667264468,0.483242942567098
"TMEM33",3.174835867756,0.243671345990278,30.3110770998594,0.0690678622046034,0.635586149353358
"TMEM38B",0.334884052588762,0.159764833190608,54.07711931645,0.0612737274223766,0.92282019190655
"TMEM39A",1.89273660280641,0.264084347411962,36.0402098623097,0.0752060640852033,0.77200667501043
"TMEM39B",4.24679084950401,0.541483004477911,13.4661005082431,0.122437840090023,0.829578639966625
"TMEM41A",7.99839712872008,0.544374317891441,6.71044672409196,0.119361512203214,0.716242525378946
"TMEM41B",2.04118539306322,0.247909975417089,36.2268810339255,0.0721717108241764,0.747948824920039
"TMEM42",5.36540382042431,0.530307328336567,11.9658069934183,0.119133825819561,0.785148101793909
"TMEM43",1.0588566997231,0.087105312275195,45.2182758213663,0.0456570365071543,0.627242386316229
"TMEM45A",0.210001244588085,0.0228223646652804,59.9004240999888,0.0375099728312175,0.787651230705048
"TMEM50A",5.04675742890977,0.0935676290688397,17.3839747445345,0.0406628451217336,0.144416631900987
"TMEM50B",3.94036898603493,0.188584458101187,25.9601769274858,0.0575223587591264,0.4635655680712
"TMEM59",2.57365767854548,0.0279492934009435,21.8876332000599,0.0328926829020984,0.0845501321095814
"TMEM60",4.51279671517658,0.340559211484749,21.8587013337299,0.0841152346883598,0.650674454178835
"TMEM62",2.90453477350625,0.418883812155357,24.1413543647771,0.101596852326663,0.819009873452927
"TMEM63A",1.63076831556136,0.180198681558685,41.065506531321,0.0610594724488374,0.718258934779586
"TMEM63B",2.63910480786953,0.277603380953065,32.0307131610747,0.0762826528338938,0.723612849395077
"TMEM64",0.228060647070385,0.107366912596318,58.9167233723728,0.0525370479085015,0.921638158809623
"TMEM68",3.20127248569425,0.355319476916238,26.4228480273389,0.0893874422167878,0.7545543039911
"TMEM69",7.90433829805274,0.486129850683755,9.13640755369906,0.108064683721906,0.667640105687665
"TMEM70",2.10173423482542,0.168578523910041,37.2813012442486,0.0577012302980653,0.628980670282297
"TMEM80",2.60778598055451,0.301340485125432,31.0396637280854,0.0805212714563121,0.745932415519399
"TMEM87A",2.60110230823448,0.107815583222247,31.7931463512402,0.0459741944782495,0.420178000278125
"TMEM87B",2.31127922883881,0.146960224405126,35.1234701946767,0.0532336363691926,0.551244611319705
"TMEM8A",1.73433764851433,0.306515188784518,35.0481984372731,0.0833733170273833,0.826241134751773
"TMEM9",2.18066197955655,0.0870419935241269,34.8115996718028,0.043506988991351,0.436517869559171
"TMEM97",0.514085897504707,0.0901496918169029,54.9828532365841,0.0484462614934278,0.816645807259074
"TMEM99",2.57617064838473,0.157870867283811,35.0900170071068,0.0552979304848916,0.571478236684745
"TMEM9B",4.36922568006541,0.18472889142683,23.9287610507728,0.0562306041699902,0.421916284244194
"TMF1",3.73981343214457,0.203623947772343,26.9009652281499,0.0604073847553371,0.506049228201919
"TMLHE",1.19429094774059,0.270359786371686,39.9804905564979,0.0781284714610733,0.853984146850229
"TMOD3",3.46133619976886,0.161358591101528,27.8805750189164,0.0535191406073813,0.448407731887081
"TMPO",0.616996840832773,0.0588301582415094,51.5389121296352,0.0422309116539375,0.694270616047838
"TMSB10",2.15415386502576,0.0018305882939981,20.3594414388615,0.0297707429761067,0.00104297037964122
"TMSB4X",1.15172354168184,0.00151249380060998,24.5047151848037,0.0299530197952862,0.0692532332081769
"TMTC4",1.52898777236845,0.297559588718918,36.5770107815408,0.0822160422451858,0.838617716590182
"TMUB1",6.92969069417971,0.318027639700881,15.911287943233,0.0773949529383652,0.515018773466834
"TMUB2",3.49550698124517,0.270000572328464,27.5649780570893,0.0728292982975836,0.631692393269364
"TMX1",3.51539385634854,0.209507894479422,28.4220936321669,0.0620339391386674,0.543178973717146
"TMX2",4.01835590135243,0.275947824671272,26.2141278863606,0.0736185557963613,0.619107217355027
"TMX3",2.15680554969537,0.31130791571011,32.4230494722589,0.0830996083769879,0.787164511194549
"TMX4",1.18602491642222,0.0970711435032617,43.9568211634033,0.0470424915244409,0.622027534418022
"TNFAIP1",1.38398172957855,0.148404996893697,43.3462333266203,0.0559177473510774,0.703726880823251
"TNFAIP3",0.112347260464533,0.0145737426292204,63.8429903677293,0.0366297335754101,0.848630232234738
"TNFAIP8",0.244359519832835,0.0585151162115625,60.5443940240843,0.0438726325852822,0.865248226950355
"TNFAIP8L1",0.291462867097229,0.0722226605481658,59.1983916915876,0.0460859616863578,0.864274787929356
"TNFRSF10B",1.13767454572418,0.194940868446202,44.1905969541038,0.0648401035763863,0.800931720205813
"TNFRSF12A",0.301567881361,0.0111952245900629,51.7518029321775,0.0344977283649454,0.608468919482687
"TNFRSF14",1.77829359024663,0.106143217991554,38.7602041443639,0.0473868527229214,0.543318036434432
"TNFRSF1A",1.48591215738768,0.0464337974078857,33.9808624510005,0.0370904707907456,0.340356000556251
"TNFRSF21",0.145573131838299,0.0385246097003568,63.6631979636917,0.0408286732419114,0.888888888888889
"TNFSF10",0.422561525618102,0.00873214947996839,43.666063456059,0.0330858182087481,0.447642886942011
"TNFSF13B",0.0770085913245522,0.0116231483197086,65.8730617638449,0.0363781190144851,0.882561535252399
"TNIK",0.440445223596095,0.131339985543502,54.4636121150772,0.0559209066256483,0.880127937699903
"TNIP1",2.70481381684629,0.151819090572666,32.568790825558,0.0533348165992404,0.514323459880406
"TNIP2",3.21029664404087,0.295202523375241,28.8857521287905,0.078424128845645,0.697816715338618
"TNK2",1.16639352565643,0.177524396899289,44.9773587325602,0.061829990141787,0.785148101793909
"TNKS",1.68239586121418,0.18850906110005,39.8490080386877,0.0621208996093569,0.710332359894312
"TNKS1BP1",1.71678774143496,0.0962441755764807,38.7298667533568,0.0457512555271081,0.524405506883605
"TNKS2",3.62690441825258,0.263444456905153,27.2880618121087,0.0715075197225301,0.615908774857461
"TNPO1",3.91835165836603,0.231341200152319,26.2708149895135,0.0651603572426083,0.543387567793075
"TNPO2",3.0632916474485,0.376914610133349,25.840359845868,0.0935713291512458,0.779933249895703
"TNPO3",4.6194374648272,0.422122426585425,18.8167783755526,0.0994495792598895,0.731122236128494
"TNRC18",1.65904098332304,0.125848995313426,40.5104966002707,0.0511435279527526,0.611250173828397
"TNRC6A",3.32976742232316,0.282982553073623,28.4847021366808,0.0758103166054327,0.670073703240161
"TNRC6B",2.24003525983792,0.12143202270124,34.5585108939665,0.0487755566575978,0.49443749130858
"TNRC6C",1.43041480535254,0.154850024476435,42.7268518691505,0.056887424090788,0.703726880823251
"TNS3",0.7252061329494,0.0665620546736246,49.7370843380848,0.0431764730133191,0.674384647476012
"TOB1",0.974081300624336,0.0358070885633223,41.6879856322383,0.0368846176572275,0.464539007092199
"TOB2",2.14558591138589,0.186041137231035,36.8563359121874,0.0607091204787397,0.65206508135169
"TOE1",1.31078990892721,0.36743228576616,33.0811109570336,0.0951764403004585,0.893269364483382
"TOLLIP",4.99392691503428,0.327004060483533,20.9362949047781,0.0811021779609575,0.612918926435823
"TOM1",1.7199087572283,0.192349205243835,39.4645688519124,0.0627022740045096,0.710054234459741
"TOM1L2",1.95211884369514,0.194521309185143,38.0436192039119,0.0626590159893641,0.688290919204561
"TOMM20",3.92835658724757,0.0510280741604536,21.0829662183533,0.035969926712483,0.125851759143374
"TOMM22",8.17117098552091,0.256358163252615,13.2511002321385,0.0652800835075381,0.371923237380058
"TOMM34",2.95363263680282,0.382676948899538,25.9132037188245,0.0948116358209061,0.790710610485329
"TOMM40L",2.15960040624584,0.519612149662421,19.5132371153202,0.121099732924802,0.902308441106939
"TOMM5",4.48699006946986,0.099879871184802,21.3461301171592,0.0425278379605864,0.224655819774718
"TOMM7",7.38944771263508,0.042941713769287,14.1941699188626,0.0348233389533603,0.0173133083020442
"TOP1",4.02437384361069,0.120570832072404,24.5757226672254,0.0462958541589754,0.318245028507857
"TOP1MT",2.97992039514506,0.388053446267451,25.8848256361536,0.0960233258934091,0.799193436239744
"TOP2B",2.97945645172155,0.17614236130661,31.4484843332221,0.0571964795103896,0.538033653177583
"TOP3A",1.51628375564941,0.390791799705853,30.5895217759154,0.0989056302293153,0.887498261716034
"TOPBP1",2.05487350185742,0.250338185882985,36.0913999133584,0.0725968635543373,0.749687108886108
"TOPORS",4.11005710951841,0.379819147339125,21.8436338107804,0.0920840434630105,0.714712835488805
"TOR1A",7.14386982260904,0.496973356446811,9.66719399526347,0.110437663916189,0.693158114309554
"TOR1AIP1",2.52657190910051,0.168719430857444,33.5924099845579,0.0564915089078692,0.562439160061188
"TOR1AIP2",3.92021426498165,0.258180994118242,26.4538986543432,0.0702584455034078,0.592824363788068
"TOR1B",2.90593741345794,0.416279114405674,24.01738848168,0.100893926736172,0.812473925740509
"TOR2A",4.16573415012364,0.421628559595878,20.3492443620125,0.10022275162343,0.756987901543596
"TOR3A",1.59764643927349,0.13290882393755,41.3706595100747,0.0526131661662411,0.639827562230566
"TOX4",5.19307077891846,0.235567689234918,21.4828187594727,0.0642759131593165,0.469475733555834
"TP53",2.17039102660494,0.2408266781523,35.6230160497021,0.0705484544035614,0.724933945209289
"TP53BP1",2.20894898143176,0.182061538743752,35.9907561245071,0.0596461691266805,0.629189264358226
"TP53BP2",1.71664990475801,0.313926830296526,34.632965484981,0.0846904279644027,0.831247392574051
"TP53I13",2.5651702049872,0.123544210072403,32.4565886250851,0.0486058738953259,0.46078431372549
"TP53I3",0.668229664985761,0.0605318378627952,50.2627538156537,0.0422604956060198,0.673133083020442
"TP53INP1",1.13975398289494,0.0936218799766349,45.9620200304365,0.0470247780903882,0.653733833959116
"TP53INP2",0.823123697353193,0.193619570195846,47.090319218819,0.0655988257260429,0.852037268808232
"TP53RK",6.67387738755504,0.453207112774703,12.6102561799611,0.102801321540661,0.674662772910583
"TP53TG1",3.16904364450848,0.150130201961295,31.2446649661085,0.0528781206210588,0.48936170212766
"TPCN1",1.42595955219204,0.177537597330603,42.6726532608754,0.0610752290931846,0.742873035739118
"TPCN2",1.01693465346108,0.341151838330441,36.2385290359206,0.0911300037718783,0.90613266583229
"TPD52",0.837637950443806,0.0347552185689735,45.3622112828673,0.0373423304600341,0.532401613127521
"TPD52L2",5.22247618418036,0.261965228532978,21.1138370410225,0.0688481533404101,0.507787512167988
"TPGS2",3.63617399741272,0.183240833784422,27.9601846211055,0.057331493923232,0.489431233486302
"TPI1",2.97271798200268,0.0225385657295369,20.1100232562058,0.0321335163535613,0.0446391322486441
"TPK1",0.447903157812475,0.270681441218082,44.7921657748244,0.0802264485094557,0.942497566402448
"TPM1",0.70176124157619,0.00565396985507912,29.8911889326741,0.0309389807027743,0.176887776387151
"TPM3",2.33641679640585,0.0271358690231238,23.7403812713668,0.0330648165927299,0.115978306216103
"TPM4",0.771447585974019,0.00632641358114697,28.8808466674373,0.0309045174414743,0.159296342650535
"TPMT",1.02541368950559,0.146463018558559,46.775299357422,0.056549690510652,0.763454317897372
"TPP1",1.18928695924507,0.0776579899253503,42.8963606407763,0.0436000690800823,0.566471978862467
"TPP2",2.40240971156439,0.263348565142141,33.3380504992153,0.0739617529276261,0.72243081629815
"TPR",3.14205998825359,0.0867604956255285,26.1116161742874,0.0414831070338269,0.279029342233347
"TPRA1",8.51954227874316,0.514600183893152,6.65502944426271,0.112698167275306,0.669656515088305
"TPRG1L",2.03138923039969,0.335555263642307,31.9756519941067,0.0879261137477808,0.819983312473926
"TPRKB",8.27523814073765,0.377920808317409,11.5640325856599,0.0871020287626595,0.539841468502295
"TPST2",0.516451316100051,0.0508206553883337,53.0263203742511,0.0411482760655223,0.707690168265888
"TPT1",5.5313848372979,0.00554848049342049,17.9732811544096,0.0310065900184725,0.000347656793213739
"TRA2A",3.06318694202813,0.16651617408457,30.086657446199,0.05502218752371,0.496175775274649
"TRA2B",6.19888802169041,0.213797757900433,17.2939812945027,0.058985256209498,0.361910721735503
"TRABD",3.87077711531894,0.226010113206147,27.0652992947359,0.0645851946349488,0.548532888332638
"TRADD",1.88243287973589,0.200777515217936,38.3536163135326,0.0639228734275935,0.704769851202892
"TRAF2",6.18134918056281,0.610660640761243,6.61393514624358,0.134230970607993,0.817897371714643
"TRAF3",1.99085009822243,0.378912782959399,29.5202875355742,0.0958094521872764,0.848491169517452
"TRAF3IP2",0.896326548663968,0.198155866498852,46.2175808337038,0.0661803211782481,0.843832568488388
"TRAF4",0.960710857533455,0.0672851286024571,47.6590941267637,0.0429837954014744,0.637254901960784
"TRAF5",1.10646895761858,0.135096874008548,46.2656558242496,0.0543472050121347,0.733903490474204
"TRAF7",4.96093425281818,0.229004802895161,23.9482778544561,0.0643104028369487,0.501946878041997
"TRAFD1",1.71753105714744,0.210542304131659,39.4203577014584,0.0661642180140968,0.74113475177305
"TRAK1",2.2178680628474,0.242655814134211,35.2700457792233,0.0707607204627574,0.721735502711723
"TRAK2",0.875785954604604,0.102135060579437,48.8145371505858,0.0491092752726903,0.722083159504937
"TRAM1",3.21643812861504,0.0865900877175939,24.8031322095677,0.0411025484827091,0.254693366708385
"TRAP1",1.58090901329649,0.103790895782101,41.493584589291,0.0477198191759527,0.589695452649145
"TRAPPC1",5.83679697188673,0.116756306535427,15.9568538841423,0.0436136290499644,0.16624947851481
"TRAPPC12",4.41300307023906,0.439422353226593,18.5559115276908,0.102971255932706,0.754484772632457
"TRAPPC13",3.95207893672347,0.5111475764328,15.8946053002765,0.117104628059077,0.823598943123349
"TRAPPC2",12.7862980056325,0.763155589818661,6.15246370127525,0.163690979798273,0.815741899596718
"TRAPPC2L",6.07199347829993,0.259648311955801,18.2905686485897,0.0673796612166764,0.456890557641496
"TRAPPC3",8.70035679467532,0.290606900440432,10.885187573303,0.0701696966942129,0.388888888888889
"TRAPPC4",2.98056511195613,0.199431601707803,31.5161531874095,0.0613299205793999,0.580169656515088
"TRAPPC6A",3.73001006099807,0.171628256693264,28.9937915376421,0.0559205404611476,0.488735919899875
"TRAPPC6B",6.00727746400782,0.474781448286134,12.840286430948,0.107355423750615,0.712348769294952
"TRAPPC8",2.87812497712178,0.3593248429294,26.9946625551963,0.0903814761570027,0.771033235989431
"TRAPPC9",1.87799322865627,0.233184627792305,37.9823541052311,0.0700303301871675,0.754415241273815
"TRIAP1",4.66010829467757,0.321498662825344,22.386815669755,0.0807154385374551,0.628772076206369
"TRIB1",0.350033082279511,0.0275538823690672,55.7173012873397,0.0377148928317441,0.716033931303018
"TRIB2",0.310854880922747,0.0447746607393324,58.2500054655608,0.0410290301741113,0.796342650535391
"TRIB3",0.619733127551801,0.100717868634211,52.9465378551865,0.0498708672199236,0.797177026839104
"TRIM11",3.23476163752497,0.34599703603567,26.764960502021,0.08765072914336,0.745167570574329
"TRIM13",2.99644890363537,0.312386661251612,28.5567041450121,0.0815551368241577,0.720414406897511
"TRIM22",0.272812212061101,0.0218476364653294,56.7565647678565,0.0368967215700596,0.72521207064386
"TRIM23",2.42060341028741,0.429728415242364,24.7748776112743,0.104201427054873,0.848073981365596
"TRIM24",1.88057816017491,0.279444142070709,35.8518954148425,0.0782645149338008,0.794952023362536
"TRIM25",1.68693968839219,0.192873279707109,40.2515434079386,0.0631366376517581,0.725559727437074
"TRIM26",4.43391678825988,0.401576208220088,20.3840529279903,0.0959941745766412,0.725073007926575
"TRIM27",7.02003985600414,0.349199000073124,14.9027867915065,0.0828698904790664,0.548393825615353
"TRIM28",2.22029069698887,0.0986065410163251,34.879915143922,0.0453023772383224,0.459115561118064
"TRIM33",3.33087149424306,0.329820842045724,26.9422210008263,0.0844171399862577,0.721387845918509
"TRIM37",1.42690385298486,0.170863399853572,42.7190362670557,0.0598399099071228,0.731956612432207
"TRIM38",1.52459789387244,0.188922773846819,41.0734973534571,0.0626128204390352,0.733347239605062
"TRIM4",3.34399678741093,0.283919721336102,28.5661863904441,0.0760616195891477,0.673202614379085
"TRIM41",3.44680477398822,0.42801045956521,22.0511771484472,0.102463257750181,0.797107495480462
"TRIM44",0.875678014539506,0.0349065803418743,41.9373110089518,0.0367355524269079,0.466903073286052
"TRIM5",0.823334718328849,0.22042555752364,45.5176258591005,0.0703000535917331,0.869489639827562
"TRIM52",1.65912228352479,0.39156033439919,29.984536451814,0.0987553669934279,0.877902934223335
"TRIM56",2.34035795302614,0.139356371737877,35.100487089015,0.0519752755663691,0.537407870949798
"TRIM69",0.958633109609063,0.128837180671186,47.6324681685375,0.0535617073935791,0.747948824920039
"TRIM8",2.31784735245731,0.172957809291649,35.7170478423592,0.0579874266740484,0.608538450841329
"TRIO",0.624534989570345,0.0424911138960739,49.5918279955903,0.0391833403453627,0.626825198164372
"TRIOBP",0.961745034292544,0.103257163606995,47.5691739477546,0.0489995690705595,0.700806563760256
"TRIP10",0.891739840716876,0.12675152605923,48.4822385743751,0.0534163585743168,0.760047281323877
"TRIP11",2.36053831215634,0.145118359151073,34.9536758964294,0.0528967453979816,0.545056320400501
"TRIP12",2.60488678565316,0.145750952377426,32.8584062881433,0.0523670072553192,0.50834376303713
"TRIP4",3.95454195748017,0.543543130499447,13.9738223667898,0.123213148751487,0.841955221805034
"TRIP6",1.12475139128989,0.0622672236278097,43.6398434809402,0.0413382004356288,0.552078987623418
"TRIQK",1.1204558380517,0.0992185603841104,46.0969921168549,0.0479946714431316,0.666319009873453
"TRIT1",2.29916948156993,0.438426636399403,24.7441965532571,0.106117690024902,0.861910721735503
"TRMT1",2.22082333918952,0.21858204047949,36.059687318213,0.0664928043889598,0.694548741482409
"TRMT10A",1.74810071409649,0.322252337051693,34.1626682822925,0.0862250199149336,0.836879432624113
"TRMT10B",1.96610368425234,0.292608235667738,34.5755615059285,0.0803286058494737,0.794256709776109
"TRMT10C",3.94189616566926,0.289875992600052,25.969420287042,0.0761373173599141,0.638019746905855
"TRMT11",2.41949231490386,0.447349910846684,23.6854619397402,0.107446526180121,0.857738840216938
"TRMT112",5.24196535296666,0.0575925702327943,16.584088881332,0.0361574726546506,0.0663329161451815
"TRMT13",3.08283465918554,0.477249032816871,20.0793785102823,0.112027638978832,0.842650535391462
"TRMT1L",2.77438562870242,0.380221978597923,26.5739808635561,0.0946021372632214,0.798289528577388
"TRMT2A",9.96541595370957,0.638891260890763,0.442421394417657,0.137307307036557,0.751633986928105
"TRMT6",2.62556638464071,0.406257525485348,25.7197418684395,0.0997082856183571,0.82617160339313
"TRMT61A",15.0548233024247,0.767713639937265,7.59672287003691,0.164456539260746,0.792727019885969
"TRMT61B",4.04401833512149,0.449508941961009,19.0337212425375,0.105387238924846,0.77909887359199
"TRMU",2.83152889403202,0.424560597690678,23.8484164965608,0.102602479962341,0.823112223612849
"TRNAU1AP",2.48471343205973,0.218391047365347,33.7937089561921,0.0655317793367153,0.653247114448616
"TRNT1",4.08396217160075,0.370331267318468,22.5459756571814,0.0905440682639798,0.711514392991239
"TRPC4AP",5.84772157562897,0.363647579809012,17.0240994997214,0.0864448263928003,0.606104853288833
"TRPM7",2.27293994550819,0.229310829024401,34.7865619179972,0.0679424436596905,0.689820609094702
"TRPT1",4.64151293067346,0.186866877744578,24.5464279262581,0.057091309262762,0.438603810318454
"TRPV2",0.124235777572183,0.0648496015513265,63.5664202389137,0.0456060471481929,0.934431928799889
"TRRAP",3.29525415547252,0.385927340545443,24.457879696275,0.0947251468402094,0.770407453761647
"TRUB2",3.50256373100991,0.292907415912531,27.7459059101003,0.0774916797045434,0.674036990682798
"TSC2",4.01164018420128,0.261551363319542,25.7863029961181,0.0705805158528482,0.586775135586149
"TSC22D1",0.938985165315529,0.0153273130957021,33.9279519064833,0.0327902452749843,0.275900431094424
"TSC22D2",1.90619087603136,0.22729258196061,37.3795188192857,0.0685750144845354,0.733069114170491
"TSC22D3",0.962379505680172,0.024131090991275,36.5123169966745,0.0343389438060921,0.342720066750104
"TSC22D4",5.15248506141142,0.277047293187368,21.6987862825874,0.0719696420380618,0.54352663051036
"TSEN15",5.00613437991271,0.315172959097206,21.6456301436131,0.0792296784317851,0.605965790571548
"TSEN34",3.73088557464554,0.147799356155224,27.8902232744313,0.051544084719436,0.426296759838687
"TSEN54",2.09001466976067,0.232294233895182,36.5424677539871,0.0692873919053626,0.726880823251286
"TSG101",2.4131355178359,0.129425472160722,34.0768704259263,0.0500192099687381,0.500834376303713
"TSN",6.84421561769278,0.350914838955748,14.71685435222,0.0829265664638903,0.547350855235711
"TSNAX",2.43026940882027,0.291293275707175,32.5369290656265,0.0792159312915973,0.755736337088027
"TSPAN14",1.95619040559251,0.165741264648096,38.2443679480936,0.0574782380255869,0.641287720762064
"TSPAN17",2.2221222269494,0.284762675314292,33.9483188874509,0.0785390898188308,0.769920734251147
"TSPAN3",1.66797588227749,0.0696904092471628,36.4614814690678,0.041047551119179,0.432345988040606
"TSPAN31",4.26689143718184,0.339502503100218,22.8170633325671,0.0843698657093374,0.66548463356974
"TSPAN4",0.412392778493029,0.0192070418324614,50.0585573515232,0.0355281807156051,0.591294673897928
"TSPO",2.92363917696297,0.0400716655559615,23.2387586354412,0.0347099431979962,0.136559588374357
"TSPYL1",2.02888897467779,0.118243496647823,36.6807510589762,0.048841883282706,0.527395355305243
"TSPYL2",0.805006997349259,0.0960305646377751,49.7056502620345,0.0482450200572821,0.727715199554999
"TSR1",2.6698411279522,0.296244868271556,30.9582835419779,0.0794676364962657,0.735919899874844
"TSR2",4.31111428666457,0.257134614235572,24.7277777247479,0.0693705413987187,0.561187595605618
"TSR3",3.77259463228384,0.45714295759857,19.7283987642097,0.107544376059185,0.803712974551523
"TSSC4",15.1284380333438,0.565950546032784,4.65889788616874,0.117742684441287,0.560839938812404
"TSTA3",1.82262305048836,0.0621103588024833,35.9284238545805,0.0399295349515019,0.409400639688499
"TSTD1",0.737837805309898,0.00680285608026846,37.1041644728461,0.0321072404813636,0.319357530246141
"TTBK2",1.22396351891553,0.284198393749917,38.8869140411216,0.0804656940960196,0.857669308858295
"TTC1",7.46608596404372,0.367123079315871,13.1329685704652,0.0854893048566334,0.547628980670282
"TTC14",2.35821765127807,0.129810184549981,34.0547035992581,0.0500303098516043,0.50076484494507
"TTC17",4.28965019219416,0.245627475694907,24.3740046831277,0.0670113549977338,0.534974273397302
"TTC19",3.66986925312196,0.282698473407146,27.102819511824,0.0751925171015773,0.645529133639271
"TTC27",2.92830531068694,0.57427227530419,14.0367945535316,0.13019854386478,0.89347795855931
"TTC3",2.35174400435624,0.0314213491029808,24.7648862324694,0.0337617225480486,0.143790849673203
"TTC31",5.10496822398633,0.576775952375419,9.95227864374153,0.128366537373226,0.823738005840634
"TTC33",1.4937057571967,0.436780155853959,27.3175286639934,0.10713342877455,0.90536782088722
"TTC37",3.81747457243185,0.268722414852322,26.2472080826687,0.0720635305358192,0.606661104157975
"TTC38",1.03849954160986,0.258308235789857,41.6732073031675,0.0763871668621883,0.864205256570713
"TTC39C",0.841541411056899,0.109149948202929,49.8095796975729,0.0506300208279518,0.753511333611459
"TTC5",2.89672668907327,0.424079700640937,23.5760243160106,0.102324105105797,0.817480183562787
"TTC9C",7.21437620816089,0.517023600343135,9.16655176248462,0.114702832791454,0.715894868585732
"TTF1",3.46882175561004,0.402451844261843,23.0911327232166,0.097506447863263,0.77353636490057
"TTF2",0.567149716184627,0.148209852821139,52.0503055166059,0.0584404952850214,0.864691976081213
"TTL",1.16471841193192,0.283032498134437,39.4079222554451,0.0804705875366263,0.865178695591712
"TTLL12",0.405720839288837,0.0644661975189716,56.9107575409415,0.0442524267672687,0.806772354331804
"TTLL5",1.96848634024091,0.310300621884899,33.6697447094715,0.0835201966180812,0.807884856070088
"TTPAL",1.9042826781142,0.448991881461187,25.238099672613,0.10869601955707,0.888263106661104
"TTYH3",0.655565537847622,0.0743770694813815,51.7910131010117,0.0449424074628734,0.727645668196357
"TUBA1A",0.775732334821244,0.0104615266176774,33.4482468287887,0.0320412311278796,0.255805868446669
"TUBA1B",0.771240532424814,0.00555998202504462,27.7094414330155,0.0306564541270909,0.135099429842859
"TUBA1C",1.05052709744912,0.0323425718482357,37.9762670563346,0.035743740382955,0.38715060492282
"TUBA4A",0.314663874790212,0.0506310474531005,58.7340787556195,0.042147543862282,0.816367681824503
"TUBB",1.85333642010311,0.0125084107628852,21.8478806357537,0.0309497472238214,0.0467946043665693
"TUBB2A",0.642715602276187,0.0561682794430617,50.793921467644,0.0416459591654722,0.675219023779725
"TUBB4B",1.13821360384411,0.0195734500500975,32.1039288586582,0.0331150007977785,0.250591016548463
"TUBD1",0.527326542915503,0.125278014113659,53.7169336138948,0.0545888547965958,0.855444305381727
"TUBE1",2.28516169879006,0.361970810718603,29.3020217538858,0.0921062733489552,0.816367681824503
"TUBG1",1.16059422190866,0.112317311784593,45.6701595758682,0.0501456910633156,0.682033096926714
"TUBGCP2",7.30175200650532,0.374607547917541,13.0268939557603,0.086795141487955,0.557363370880267
"TUBGCP3",1.83188542774101,0.351778468531801,31.8381175780207,0.0912330782034278,0.844666944792101
"TUBGCP4",2.62982198250203,0.44502356050487,23.3110647538723,0.106766354165742,0.847239605061883
"TUBGCP6",1.64370825265837,0.334304601988394,33.7197549971551,0.0884775055105211,0.849116951745237
"TUFM",4.08363998956375,0.0754382259087511,22.1294959598035,0.0393393449384989,0.191628424419413
"TULP4",1.0481311622665,0.08048893308878,46.0005575443709,0.0447784427463445,0.630093172020581
"TUSC2",5.83988056480854,0.224223315791257,20.6260585676242,0.0623157865559965,0.437978028090669
"TVP23B",2.01794869222937,0.180955715820211,37.5310323188239,0.059972233964558,0.655124461131971
"TWF1",3.20571274109764,0.153009090408742,30.1308621417586,0.0529170656486922,0.47392574050897
"TWF2",1.79073433388052,0.0939538444551799,37.0666355972489,0.0449436405439114,0.489153108051731
"TWISTNB",1.55202065136195,0.189742694550585,40.9868784639821,0.0627547574190072,0.733277708246419
"TWSG1",0.458444674474785,0.0531085377444486,54.5433248040145,0.0418063874653385,0.740787094979836
"TXLNA",2.53927205360884,0.18683308963226,33.9704922789488,0.0598635492876445,0.601515783618412
"TXLNG",4.11573534007474,0.446825461498003,19.3605604001666,0.105115862327393,0.780559032123488
"TXN",3.05781143701115,0.023905744380953,20.8877028975019,0.0324703584050958,0.0629258795716868
"TXN2",11.1467474835071,0.369518748294122,5.07347288297354,0.0824278269523347,0.423654568210263
"TXNDC11",0.923610479749705,0.110332152053518,48.0928992006474,0.0503686202778712,0.723334723960506
"TXNDC12",5.61693547540529,0.279566991060876,19.4155416259981,0.0713731260704788,0.508552357113058
"TXNDC15",1.53597618136698,0.10890631065554,40.1192911835812,0.0480811289863315,0.572590738423029
"TXNDC17",4.84569369595555,0.0938841079422059,20.1853646932005,0.0415447569996914,0.195313586427479
"TXNDC9",4.31979621736146,0.302507409124677,23.5934077860518,0.0774275564680867,0.617577527464887
"TXNIP",0.792667771595855,0.0103566607119633,32.8222393755695,0.0319448823922854,0.243637880684189
"TXNL1",5.36997893533842,0.171868105867357,20.5560189976626,0.0532906891208186,0.343902099847031
"TXNL4A",3.33198729922382,0.164499181951821,30.9539752719424,0.0552762599267017,0.510290641079127
"TXNL4B",4.12519967403478,0.70799511468176,3.20461163749655,0.154535596986809,0.914615491586706
"TXNRD1",1.89659027938074,0.217345321913595,38.168341681241,0.0670282625227847,0.730357391183424
"TXNRD2",1.87065017610675,0.294653670659847,34.8734689147726,0.0808563982287871,0.803017660965095
"TYK2",3.00470968181816,0.318099718494609,28.4514083102461,0.0826862400433464,0.728201919065499
"TYMP",0.712098323853089,0.0169819657464445,38.5027648760244,0.0335914531770027,0.365526352384926
"TYMS",0.048094231801279,0.00924080571636173,67.9031034755163,0.0362137193469828,0.917605340008344
"TYSND1",5.06473580377028,0.528879268683723,12.9425575021277,0.119507495043205,0.799958281184814
"TYW1",4.23867311122535,0.513166609230844,15.2787487223426,0.117252810687092,0.815950493672646
"TYW3",4.1403078814514,0.306832218034178,24.3491496858401,0.0786386396404256,0.637950215547212
"TYW5",4.28983213066252,0.646351367442512,7.0944814963052,0.142587429724456,0.884856070087609
"U2AF1L4",2.20783111265194,0.322863195594026,31.9425048731488,0.0853089463482556,0.798150465860103
"U2AF2",3.63434188343724,0.181268998846685,28.1174971924039,0.0570692011153189,0.48887498261716
"U2SURP",6.51015763999388,0.218864269312373,16.3763113359457,0.0595459975149968,0.355791962174941
"UAP1",1.67131195538757,0.107312217447762,40.3452238840315,0.0480038093917182,0.574815741899597
"UBA1",3.75746069814806,0.127913553646174,25.480625967117,0.0475387915162293,0.346266166040884
"UBA2",3.53879331907819,0.19245449946622,28.2487824973107,0.0589708674907395,0.510360172437769
"UBA3",5.95567311310298,0.382299648864421,16.2852860821301,0.0898571110465703,0.623765818384091
"UBA5",3.57405108496901,0.338582413845318,25.5545879455191,0.0855132242669351,0.711583924349882
"UBA52",7.16482205616373,0.0284841567382843,15.027716437533,0.0333826099215551,0.00458906967042136
"UBA6",2.87527808534268,0.300354740280523,29.8178903364074,0.079775413792175,0.722639410374079
"UBA6-AS1",4.18866102795009,0.57418312009504,11.8119168825346,0.128912310170925,0.852871645111945
"UBA7",0.960992124758506,0.153326582056521,47.2509068701703,0.0579577736805737,0.784383256848839
"UBAC1",2.72511838419577,0.334451441162338,29.2746671726942,0.0864680862011098,0.770198859685718
"UBAC2",8.96445701411085,0.41277438971193,8.27137360171248,0.0921010927539656,0.539702405785009
"UBALD1",5.34236866067463,0.383203599214575,18.7435437471071,0.0914741780050034,0.667431511611737
"UBALD2",0.664177212460275,0.120187026625537,51.8355839982567,0.0531329836951244,0.811083298567654
"UBAP1",4.89147874175759,0.397208770872005,18.6912988120688,0.0940655447685251,0.688569044639132
"UBAP2",2.46831884476323,0.268735697750263,33.08400105164,0.0749594273247747,0.7272284800445
"UBAP2L",5.37131260093578,0.247482771950762,20.680170294654,0.06607607982243,0.476081212626895
"UBB",2.58000378821077,0.0176449636377813,20.0841630113993,0.0314593502683481,0.0306633291614518
"UBC",2.41414027632808,0.0114355360871541,19.9063827392261,0.030735712062645,0.0136281462939786
"UBE2A",3.74890644054943,0.14214610957067,26.1978201710732,0.0499764953168191,0.384925601446252
"UBE2B",118.402387157186,0.78927019226202,44.168008528939,0.170304732147242,0.255875399805312
"UBE2D1",3.03592922202996,0.245499923089316,30.176639354693,0.0692195792017818,0.635725212070644
"UBE2D2",11.6977570088633,0.187521108806098,5.16840051245906,0.0519266111508847,0.138854123209568
"UBE2D3",9.36444203164482,0.130207500947604,9.00696083379793,0.0445118981303399,0.0931024892226394
"UBE2D4",3.84685356998812,0.359636537199459,23.9734657751714,0.0891009284388395,0.71888471700737
"UBE2E1",7.36188012358954,0.339679181781244,13.8872093582526,0.0804969028729827,0.516131275205117
"UBE2E2",0.619967707468858,0.0561187027273264,51.419733433481,0.041759077030467,0.687039354748992
"UBE2E3",0.680415757822798,0.0404071610285784,47.9194166379702,0.038570087306314,0.591086079822
"UBE2F",1.77698460703055,0.264120505383625,36.9234999742958,0.0756149464496363,0.788068418856904
"UBE2G1",3.7900024147438,0.265527669074581,26.624575865078,0.0716526622666001,0.607982199972187
"UBE2G2",2.00015874451781,0.11127392477907,36.8258857121269,0.0477482442822634,0.517382839660687
"UBE2H",3.03521746225172,0.154732914928394,31.7785007689655,0.0537558113079109,0.506675010429704
"UBE2I",7.73468579651349,0.143741414763155,12.8978669085419,0.0471464957701178,0.172994020303157
"UBE2J1",0.838546099982316,0.0430312399807832,43.6713311026726,0.0382276572865121,0.515157836184119
"UBE2J2",7.00505778201391,0.362687996236581,14.3928299403206,0.0851906895539239,0.561257126964261
"UBE2K",5.8858298918055,0.230283913622582,19.5368828125396,0.0627872682443567,0.428799888749826
"UBE2L3",6.16307607684195,0.206071149532166,17.6849865459869,0.0578999157809613,0.355583368099013
"UBE2L6",0.911203340516824,0.0308043895503927,40.6726294108338,0.0359470841379783,0.435127242386316
"UBE2M",1.2553160896854,0.16293733737597,44.717977116621,0.0590296255634622,0.754832429425671
"UBE2N",3.63521982852554,0.121286562462139,26.3165976995039,0.0467846290490383,0.349116951745237
"UBE2O",1.30373317457116,0.266810749911684,39.6150053239973,0.077273188578235,0.841329439577249
"UBE2Q1",4.03505576818297,0.368502382280287,22.9029405724137,0.0903768835632016,0.714782366847448
"UBE2Q2",1.9443461098237,0.162755030986045,38.3036107367399,0.0569595162485351,0.637046307884856
"UBE2R2",4.75754142773221,0.287769342904186,22.9242266061811,0.0744733738475554,0.582186065915728
"UBE2S",0.410638997708989,0.0575949643894861,56.3799949384727,0.0429350550143058,0.784105131414268
"UBE2V2",4.83964791790835,0.186559097352036,23.0944311317434,0.0564824631899766,0.412599082186066
"UBE2W",2.4058654339694,0.339928667619013,30.2288788317407,0.0880227920263584,0.796203587818106
"UBE2Z",1.82829379606819,0.13602397179479,39.1340391887652,0.0525203830337065,0.604436100681407
"UBE3A",4.06076304930051,0.138150862338541,24.5331332613745,0.0489135475734578,0.349047420386594
"UBE3B",4.27080287966314,0.456780822651699,18.2394373636406,0.106581243499233,0.777012932832708
"UBE3C",4.67903058454723,0.392537318127151,20.136857800511,0.0940224156988219,0.70623000973439
"UBE4A",4.77270594117739,0.358295242451036,20.3749735140445,0.0869468785991169,0.654220553469615
"UBE4B",2.3993624308018,0.291573192673555,32.3103641183831,0.0791025929859387,0.751981643721318
"UBFD1",2.11788771495008,0.287121498700444,34.2877083052153,0.0791416005304472,0.779933249895703
"UBIAD1",5.58345233188242,0.485337133663908,13.7320971578026,0.110283108146805,0.744472256987902
"UBL3",1.80684593544561,0.119595289553748,38.1547026962268,0.0493950526160124,0.556320400500626
"UBL4A",2.83894482051815,0.236600069740659,32.0508571583021,0.0683814607670795,0.654081490752329
"UBL5",9.80981119079804,0.0688639620414169,10.7444344864835,0.0378024170002454,0.0237797246558198
"UBL7",6.87270069591409,0.355340511980774,14.5675641322427,0.0837266755137497,0.552009456264775
"UBL7-AS1",1.7736718950524,0.408291868537932,28.4653114573947,0.101574611126932,0.878528716451119
"UBLCP1",2.99164700624756,0.287312657386213,29.6384244395843,0.0770982374712779,0.697469058545404
"UBN1",3.68477869549754,0.267255095386289,28.0813434088947,0.0727730319439875,0.637115839243499
"UBN2",1.67929685448313,0.245983943136674,38.4226317841579,0.0726528470068888,0.784174662772911
"UBP1",2.759825552898,0.277852601285329,31.4150722455973,0.0760692184136843,0.713113614240022
"UBQLN1",7.02793840484659,0.348257180163626,14.4010833951653,0.0823078016917202,0.538033653177583
"UBQLN2",3.50586180872245,0.299851702013343,26.7342771361591,0.0782431580645281,0.667431511611737
"UBQLN4",2.84016815120425,0.283337600881745,31.1215353537396,0.0770768583859501,0.71735502711723
"UBR1",2.37605766304622,0.304464879168955,31.6921821279007,0.0813805910943699,0.762619941593659
"UBR2",3.83913274779847,0.333070411855194,24.371313997813,0.083756749122558,0.681615908774857
"UBR3",2.68542046996349,0.346236881018015,28.5053053304351,0.0884395758353039,0.776039493811709
"UBR4",2.83322122642543,0.175418016026537,31.7650571579249,0.0570944166151958,0.541857877902934
"UBR5",2.67899964806776,0.14281042910273,33.1146157033351,0.0520428086699955,0.50834376303713
"UBR7",2.60776182947158,0.328458928175206,29.837274948061,0.0854586483691708,0.770059796968433
"UBTD2",1.97764545341788,0.313643176610342,33.4448804957293,0.0841007688079921,0.809484077318871
"UBTF",3.23832090653556,0.173764613792225,29.8683050874438,0.0562857992634896,0.505910165484634
"UBXN1",6.05331284408542,0.126003271709198,17.3663996565641,0.0455625654306916,0.21026282853567
"UBXN11",1.73963486233099,0.184591061476539,40.2085645826417,0.0616003755784192,0.710401891252955
"UBXN2A",3.19219946239432,0.284497915529659,28.5882627053623,0.0760546161308028,0.674106522041441
"UBXN2B",2.71725087007695,0.33060614997763,29.468499906107,0.0857682119178693,0.76720901126408
"UBXN4",5.8208122302696,0.111828292252972,16.8564829151221,0.0432926715456203,0.173967459324155
"UBXN6",4.32825450370533,0.324358175000694,23.4112289774992,0.0817196373111523,0.651022110972048
"UBXN7",2.82575831939939,0.292961020691137,30.2447648133737,0.0784808312361392,0.717702683910444
"UBXN8",1.3111131854385,0.284215348545863,38.4882341569263,0.0803143895400145,0.850507578918092
"UCHL3",2.90061791984912,0.236806653568237,32.1731388973249,0.0685429704021117,0.656932276456682
"UCHL5",2.93331630966344,0.241993711288067,31.7440904729974,0.0693324349854028,0.658114309553609
"UCK1",8.24387372001076,0.633941975011431,2.69619449659329,0.137361023036636,0.784174662772911
"UCK2",2.59642285401547,0.259968423059053,32.9290648763424,0.0732256898858506,0.709706577666528
"UCKL1",6.19292422701641,0.401190896521053,15.6061494035551,0.0935365496115064,0.64295647336949
"UCP2",0.647538312522982,0.0193485096923134,44.1635789152676,0.0347770164946568,0.479071061048533
"UEVLD",1.5071852641889,0.213781740019982,40.7743987105389,0.0672694651387235,0.771311361424002
"UFC1",3.03994326155683,0.0485632082686823,23.5334714713765,0.0358362071888878,0.159087748574607
"UFL1",2.16450291979463,0.179377075480185,36.5682970840498,0.0593825065864035,0.635029898484216
"UFM1",4.030728721964,0.137347785157806,24.6887693246367,0.0488338081578687,0.350298984842164
"UFSP2",2.87221114953875,0.232598384983062,31.3108744201445,0.0672469340314169,0.633639271311361
"UGCG",0.821763282146344,0.0555673002835848,47.4388449254221,0.0409413078603647,0.610693922959255
"UGDH",1.01630264051136,0.0400106333420664,42.3050284691475,0.0376388972899746,0.48456403838131
"UGGT1",2.02585979041794,0.232304956561308,36.6172940705517,0.0692695947230958,0.728062856348213
"UGP2",2.69174811882156,0.149629189432975,31.8185099059577,0.052656188353995,0.496314837991934
"UHMK1",2.04889616793707,0.0830181170397585,35.1280342006503,0.0429071782191845,0.434223334723961
"UHRF2",2.065104940642,0.340629297819832,31.489597395805,0.0887356313993433,0.819774718397998
"UIMC1",3.63063323468765,0.455957478677053,19.6681243832914,0.107082305961882,0.800653594771242
"ULK3",2.6832320656265,0.276476279223965,31.8444663118529,0.0759813047204806,0.718397997496871
"UMAD1",3.46373132553021,0.370239624268033,24.5813053036737,0.0915094168060952,0.746766791823112
"UMPS",3.1470406081175,0.375664192345537,25.5556426706118,0.0931538122592743,0.772841051314143
"UNC119",2.97033391368131,0.21820563985069,31.9373669973616,0.064965512755998,0.620636907245168
"UNC13D",0.245378035457839,0.0705303485137291,60.3464308597615,0.0460131772451437,0.883117786121541
"UNC45A",3.3610293510633,0.256855514803035,28.5654227762721,0.0707606197079757,0.626964260881658
"UNC50",3.67857562926561,0.24190062340404,27.4465423299396,0.0675586344782103,0.582047003198442
"UNG",1.01093234821318,0.15437985504646,47.0491952054791,0.0581250420623587,0.78264497288277
"UNK",1.87167399605902,0.261199919649705,36.4597322896607,0.0748373974505836,0.774718397997497
"UPF1",2.2964749997869,0.258032499171872,34.4307436400257,0.0734280865453076,0.733069114170491
"UPF2",3.76367289957453,0.259776361805255,26.688987127092,0.0705666318709976,0.599221248783201
"UPF3A",5.25825288829801,0.214591676351796,21.3001961688332,0.0605800485388466,0.430607704074538
"UPF3B",2.06873504821716,0.221469467249678,36.6099723983825,0.0671921078881982,0.709219858156028
"UPP1",0.258442811914592,0.0554735307480129,60.170263574952,0.0432579315919552,0.852593519677375
"UPRT",6.47768785416839,0.754104387034016,1.68199797775841,0.162841365511539,0.895007648449451
"UQCC1",3.19986292885178,0.470282757253227,20.2861803732559,0.110646442813813,0.834932554582117
"UQCC2",3.42259701259731,0.0802827691675508,26.6594510057039,0.0409454435771317,0.27986371853706
"UQCC3",2.64326218113375,0.115511940095202,33.6185043077165,0.0478166749131367,0.468710888610763
"UQCR10",7.11187375105023,0.0630704499678716,14.2429446711272,0.0369892933168638,0.0511750799610624
"UQCR11",8.74551771453901,0.0717903963420371,12.0805830418197,0.038094711641763,0.0427617855652899
"UQCRB",7.30183839663503,0.0520215306280121,14.0424424003588,0.0357520852520615,0.0297594214990961
"UQCRC1",3.37425877925772,0.0863996363043107,25.8158286242577,0.0414873968425656,0.274718397997497
"UQCRC2",4.04112340396052,0.140085952188335,25.658514383805,0.0496493887926114,0.373244333194271
"UQCRFS1",6.79894768059424,0.173011163433038,16.1239797572353,0.0523320036219261,0.27478792935614
"UQCRH",8.15912700911296,0.080884973686351,12.850713146559,0.039160773159796,0.0670282297316089
"UQCRQ",3.828062437261,0.0243174483931034,18.9899794695406,0.0324526679753414,0.0358086497010152
"URGCP",3.97098789860462,0.392103335810485,22.0776567618113,0.0948401807509622,0.738979279655124
"URI1",4.92470651639109,0.401354653886581,19.1717506487218,0.0953951194167596,0.70393547489918
"URM1",12.3632786387373,0.460646805501844,1.57227322227946,0.0987969710843335,0.506744541788346
"UROD",2.33521135631644,0.147125976047044,34.8409800894887,0.0531688128831491,0.546377416214713
"UROS",5.18819385158807,0.258967734664162,22.067698287784,0.0688471167017475,0.519816437213183
"USB1",2.38164135025859,0.338869879721507,30.1500586679076,0.0877133828310481,0.792935613961897
"USE1",6.90517677729215,0.409689799699892,13.4933026552211,0.0942056099262337,0.620984564038381
"USF2",2.5796151786415,0.144484371855861,34.085625614205,0.0526245439837057,0.528925045195383
"USF3",1.9160177253053,0.330239961417522,32.7583409863209,0.0871874690030297,0.825059101654846
"USO1",3.88600814564896,0.197095902103182,26.4456453103648,0.0591663468826886,0.487067167292449
"USP1",2.11344517757974,0.130167743484445,36.5159417016535,0.0508011023643971,0.546238353497427
"USP10",6.27231985471969,0.427017075341771,14.3014494431646,0.098124912796781,0.661799471561674
"USP11",1.63611359720955,0.134888174924151,40.3732774317205,0.0526221167103429,0.62473925740509
"USP12",1.85678036818531,0.371044500368691,30.5563753558081,0.0946674218136901,0.853914615491587
"USP14",1.45059681172738,0.0826948191483998,40.0796899855912,0.0438205288882196,0.523640661938534
"USP15",3.31265440268945,0.255283511259454,28.707760650197,0.0704987856047199,0.626686135447087
"USP16",4.53125876538663,0.211018521606882,23.3180406509314,0.060474673544758,0.457307745793353
"USP19",3.13560993741753,0.382893960016377,25.1262932714637,0.0944206145285702,0.777151995549993
"USP22",2.14868042553914,0.0674797438146598,31.5647171397882,0.0397757690969361,0.338756779307468
"USP24",2.42584434159308,0.337902749659319,30.1476834164192,0.0875431124917585,0.791336392713114
"USP25",1.60985595042016,0.33967608310149,33.5881593187212,0.0895475719556944,0.855791962174941
"USP28",1.6343477585364,0.349890421362673,32.824051657986,0.0913206768937121,0.859198998748436
"USP32",1.21492303863401,0.177294203860223,44.3199745636971,0.0615469114576407,0.772562925879572
"USP33",3.20980882945059,0.247424103786308,29.3873996284445,0.0692938788937275,0.625225976915589
"USP34",3.45559651513458,0.184406392150812,28.2310846663313,0.0575138226313147,0.495480461688221
"USP36",2.83984401568423,0.287547212153595,30.4018212673466,0.0774857469540409,0.711375330273953
"USP38",3.90051436184734,0.449114431767462,19.4594844644516,0.105540543469991,0.785912946738979
"USP39",7.63924396638674,0.497421352075536,9.15623962555986,0.110460503884378,0.685370602141566
"USP4",5.75383160800412,0.381648009049361,16.6626635216157,0.0898464483133436,0.628911138923655
"USP42",2.81537870302806,0.383416126806957,26.2789927974986,0.0951307565351412,0.798359059936031
"USP46",3.73170187722083,0.371024697364354,23.9099164181298,0.0914160246377966,0.736476150743986
"USP47",1.78346378333649,0.122793322513997,38.5084402559008,0.0500272927877502,0.568627450980392
"USP48",3.06358176428662,0.217130398155308,30.412329837625,0.0640564814455347,0.591016548463357
"USP5",3.19241487399994,0.304498800787808,28.449494886938,0.0800301979583532,0.705604227506605
"USP53",0.738105293951603,0.125635781189362,50.6860697755123,0.0538262274846182,0.799262967598387
"USP6NL",1.46019254726131,0.379518635893914,31.636814247957,0.0970346816035589,0.887498261716034
"USP7",2.22268233921635,0.186984693864974,36.3796001296235,0.0607306338116635,0.645181476846058
"USP8",4.78366126830812,0.257413082823964,22.0405218828587,0.0682122110315511,0.514879710749548
"USP9X",4.05776724447483,0.210277916688036,25.7777130455443,0.0612521256691086,0.498609372827145
"UTP14A",2.2670149154842,0.313980825224523,32.2373026384597,0.0836533568850589,0.788555138367404
"UTP15",4.81953349719035,0.672896057205274,4.77849537369648,0.147398676548682,0.885273258239466
"UTP18",2.99950223533493,0.270690698910974,30.1948951586177,0.0741110928486453,0.679251842581004
"UTP20",1.54238171483699,0.297263702541464,36.5389199242204,0.0821415217957866,0.837435683493255
"UTP23",2.93834695828176,0.218359333405163,32.2766516450689,0.0651422852617714,0.6270337922403
"UTP3",3.66909122504611,0.393654844911029,22.9073253443628,0.0955699065471614,0.755944931163955
"UTP4",3.59580906622322,0.512673309159154,16.6209662395074,0.117866165940816,0.838965373383396
"UTP6",2.67220064307581,0.312453151258122,30.0715065550191,0.0822760154783751,0.747323042692254
"UTRN",0.568358757447241,0.0367596872019294,49.3415019055807,0.038196101862251,0.611041579752468
"UVRAG",2.2191439520821,0.202175104551129,35.8893611009441,0.0633015304388241,0.66270337922403
"UVSSA",1.02946233077387,0.1756462734569,46.1448099947993,0.0618386673882822,0.803295786399666
"UXS1",1.39307222293749,0.225901093949038,40.9011958030688,0.0696367508274619,0.794465303852037
"UXT",10.1595883360062,0.214659757052118,8.44974753912487,0.056906870706261,0.230148797107495
"VAC14",1.85841496313813,0.315305580392957,33.845524751757,0.0846087984786964,0.819427061604784
"VAMP2",1.86749008192449,0.0983307324179217,36.5572570228145,0.0455220881004295,0.487971074954805
"VAMP3",4.50736466355699,0.223270261760927,23.4003864257335,0.0626287589142441,0.479835905993603
"VAMP4",4.35822401708743,0.37152079882039,21.543235782063,0.0902784765400338,0.696078431372549
"VAMP5",0.256422058945561,0.0101658178759784,53.3508104073356,0.0345338451767013,0.637324433319427
"VAMP7",3.82251077104229,0.349371537575115,23.9853072922287,0.0868931586316973,0.70191906549854
"VAMP8",1.3479944151379,0.0215611116141463,35.3066353239234,0.034033259596371,0.318036434431929
"VAPA",4.80474138199535,0.089146189459847,18.7501251660756,0.0404251536337255,0.159713530802392
"VAPB",6.15791326435222,0.398792247612514,15.897608802459,0.0932310102354108,0.644138506466416
"VARS",2.40529971991776,0.280901120550035,32.9112927768031,0.0772765271399263,0.744750382422472
"VASP",1.96445554177295,0.10858337349459,36.9149574966498,0.047321120831336,0.513975803087192
"VAT1",1.15890161821598,0.035652920908596,36.5818278681459,0.0359873679434347,0.36740369906828
"VBP1",2.57882259484401,0.142620312012336,33.3800965803655,0.0520367675107731,0.512376581838409
"VCL",0.608149928215634,0.0287618055031855,46.112708031008,0.0364278740288581,0.534070365734946
"VCP",3.96481848809324,0.0866216145874546,21.6571435461608,0.0405661360929728,0.202058128215825
"VCPIP1",1.35883259230393,0.185311649375863,42.7973762352925,0.0625478982571985,0.758656654151022
"VCPKMT",2.96490197744369,0.523885686675398,17.3218902172333,0.120764675625137,0.869837296620776
"VDAC1",3.64565274835001,0.0694903192347329,23.4146013955376,0.0387109735666748,0.201015157836184
"VDAC2",9.15132483319726,0.158786475000062,10.6989292349088,0.0491052339524248,0.170073703240161
"VDAC3",1.1316213200948,0.0294792902164116,35.1850087959062,0.0348929975885608,0.328674732304269
"VEGFA",0.41901609815729,0.0628653047483662,56.3646652208091,0.0438557733408668,0.793422333472396
"VEGFB",0.722551234516572,0.0867053990048125,50.9040000218713,0.0468899303336072,0.733347239605062
"VEZF1",3.38034255178534,0.17096209474057,29.2179652467007,0.0556335331024526,0.489709358920873
"VEZT",3.15223341625484,0.181835848684603,30.8445586235848,0.0580464651379092,0.537755527743012
"VGLL4",1.65887308048318,0.0593376401669166,34.5419486088362,0.0390866067447287,0.37651230705048
"VHL",3.01339924847353,0.268834300266959,30.1383072668362,0.0737212874943948,0.675079961062439
"VIM",0.326543336774909,0.00104634016037874,40.5285544605112,0.0315978430548712,0.371227923793631
"VIPAS39",7.00394323469403,0.70056910308004,0.800723265441789,0.151674101302554,0.854818523153942
"VKORC1",1.36320741891175,0.115984590058271,43.0498506315445,0.0500871733580258,0.639966624947852
"VKORC1L1",4.02547980884439,0.424052811775539,20.5329587706619,0.100801845599935,0.764080100125156
"VMA21",1.7127484338854,0.131700186557507,40.2890852182568,0.052108312084633,0.617855652899458
"VMP1",1.04752935916835,0.0149063411620383,30.7511368105535,0.0322918170391075,0.214712835488805
"VOPP1",0.873416041497472,0.0644767367699137,46.8969760818537,0.0422719107792559,0.616951745237102
"VPS11",6.03258734912994,0.611747154935079,6.58525230116788,0.13435637132811,0.819287998887498
"VPS13C",1.91495548134137,0.115089342634247,36.6076617692609,0.0482187307380595,0.519607843137255
"VPS13D",2.03206008030859,0.207133223090211,37.1006674608251,0.0646578137184375,0.693158114309554
"VPS16",2.09526978801423,0.297793288629372,33.4661536402478,0.0808471419683387,0.783062161034627
"VPS18",4.32798870708286,0.577314570834264,11.247176095352,0.129229078981257,0.847865387289668
"VPS25",2.40080393905583,0.110017938811814,33.5255234918739,0.0467475815615582,0.455430399109999
"VPS26A",7.66177248772446,0.430939883396705,10.7287816875064,0.0970383437940512,0.608121262689473
"VPS26B",5.16368337989281,0.367226095183981,19.6685462714071,0.0886353549463455,0.657279933249896
"VPS28",4.29239760728105,0.0552832689319672,18.908755411031,0.0360746620234718,0.0963009317202058
"VPS29",5.02565949976819,0.166631054175964,20.7395319449682,0.052315690648803,0.335836462244472
"VPS33A",5.59409133634683,0.754626521544875,1.04013158367206,0.16320770479816,0.909470171047142
"VPS35",2.83669521417125,0.115329342737119,30.4224868601655,0.0468113454264901,0.409609233764428
"VPS36",3.37014176165303,0.194983727430591,28.7536785476427,0.0595184993968092,0.523223473786678
"VPS37A",2.36073938284703,0.202560139328531,34.9192541554616,0.063026926271203,0.645946321791128
"VPS37B",1.73031017545557,0.192162617573481,40.0561894475249,0.062951073543084,0.720831595049367
"VPS37C",3.28114205743585,0.282877271273837,29.143182348128,0.0761563054861141,0.681754971492143
"VPS39",2.95280240702897,0.308042656843383,28.9029197365379,0.08084139193825,0.719232373800584
"VPS41",2.29184943862646,0.221053474251394,35.0856042101976,0.0665297974238259,0.681059657905715
"VPS45",2.54483452908687,0.279020657713029,31.9286513877139,0.0764213432677277,0.723890974829648
"VPS4A",5.93145516890414,0.476623133079169,13.4289785195757,0.108266322783279,0.725490196078431
"VPS4B",5.28866198110932,0.282246034986646,20.82442077216,0.0725104971680475,0.537060214156585
"VPS50",1.37114153260011,0.277264381519635,38.6098168539445,0.0789632289560539,0.840912251425393
"VPS51",5.55771161404383,0.249137880904203,20.3406855109442,0.0663211385165915,0.473647615074399
"VPS53",2.19234284264737,0.244588479473273,35.3155552795111,0.0711449320445889,0.725837852871645
"VPS54",2.12291624346726,0.41435366887579,26.8853640078391,0.102054869675179,0.86031150048672
"VPS72",4.7223062811633,0.227705365354048,23.4713819526498,0.0636221875725307,0.489848421638159
"VPS8",3.44370465493662,0.41690954280149,22.3826654984998,0.100186687560664,0.784730913642053
"VRK1",0.744186482163979,0.201938602687459,47.3730237377118,0.0673313086185156,0.87171464330413
"VRK2",1.08412010258913,0.177484467915929,45.211978941975,0.0618448578709831,0.789180920595188
"VRK3",5.14612929162755,0.464161001199887,15.8659435215581,0.106936592952595,0.747670699485468
"VTA1",5.45026986068142,0.4194009999016,16.5443444807635,0.0976520555739437,0.687665136976777
"VTI1A",4.1617301497105,0.523151952048016,14.8070635514664,0.119169542409528,0.823738005840634
"VTI1B",12.8697382195591,0.337921778464678,2.49364984783319,0.0757005190703423,0.337574746210541
"WAC",5.41103884983034,0.244651873844951,20.6239525238329,0.0655681299720342,0.470449172576832
"WAC-AS1",3.8506521351698,0.281288388005162,26.5585532588747,0.0747325428086759,0.63384786538729
"WAPL",5.0397625859848,0.267023616425958,21.8956804135947,0.0701150237146005,0.529689890140453
"WARS",0.461843897880165,0.0330421491461215,51.6105902873524,0.0379549683656139,0.647336948963983
"WARS2",2.59618715263971,0.374757440643782,27.5899433889166,0.0939834744079972,0.807259073842303
"WASF2",3.77483912220264,0.0790000823809007,21.348820984725,0.039382876270278,0.180712001112502
"WASL",2.2928676747445,0.100574202535271,33.8518436318841,0.0453282827742437,0.443749130858017
"WBP11",10.0486904189715,0.421480117942454,6.60469252495583,0.0933385973456407,0.527256292587957
"WBP1L",1.88032694176841,0.157317385996064,38.6497610347383,0.0560814684827634,0.633569739952719
"WBP2",3.17064059845272,0.138722236594975,29.6445618895382,0.0503939047251024,0.439229592546238
"WBP4",3.55655815587161,0.352112125026081,24.9438205060819,0.087937482647108,0.723195661243221
"WDFY1",1.48773363872091,0.153974591116349,41.7584560870199,0.0563935427534556,0.684188569044639
"WDFY2",1.53638713326246,0.256010818765105,38.7039496849599,0.0747259843727803,0.806355166179947
"WDR1",2.3693816748477,0.0651317481408308,28.4114349878948,0.0387690636889059,0.27631761924628
"WDR11",3.96851935522184,0.368336274242555,22.7394220338145,0.0901563287161228,0.711444861632596
"WDR12",5.98420935004972,0.568607059929596,9.11441908884915,0.126157503113996,0.795716868307607
"WDR13",5.33036012088576,0.277642870869978,20.1491263026946,0.0712464742147308,0.517313308302044
"WDR18",4.60141156452238,0.330132950242829,22.3717929574001,0.0824128406247337,0.642747879293561
"WDR20",7.32389723026607,0.571983651085517,6.48548062303739,0.125287731451921,0.755041023501599
"WDR26",3.84736350584393,0.259130734901943,27.0132768229588,0.0707077957658667,0.604366569322765
"WDR3",1.90319186366701,0.345694519002488,32.0049443915415,0.0900634278200559,0.837505214851898
"WDR33",11.6825456890294,0.465529509360532,1.97372406279228,0.0996873914985599,0.519468780419969
"WDR34",1.44938842072301,0.0760952772913624,40.6068275992397,0.0429442857103673,0.521624252537895
"WDR36",2.64408711841725,0.351572258838727,28.3970209081245,0.0894876486603655,0.782992629675984
"WDR37",6.73647720126039,0.622589667774601,4.99839045453736,0.13591230472073,0.80795438742873
"WDR4",1.31857787966808,0.416352471897744,29.5636089602687,0.103923917339424,0.911764705882353
"WDR41",2.35528173448998,0.269386945450698,33.249668557663,0.0750844386632728,0.731052704769851
"WDR43",3.35552909476797,0.333986136234583,26.6555391170026,0.0851196372831271,0.723265192601863
"WDR45",4.30202955015381,0.241765878602454,24.4441149980512,0.0663550502628443,0.529689890140453
"WDR45B",2.91521713954409,0.175379282423635,32.111296739071,0.0573107304837633,0.548671951049924
"WDR46",4.22687889542791,0.327669223090328,23.4318705068427,0.0823236231507691,0.656654151022111
"WDR48",4.63145105527836,0.453677569056209,17.2430743679203,0.105292757480862,0.754623835349743
"WDR5",3.66042021699141,0.404222403728668,22.732148910464,0.0977916734069624,0.770268391044361
"WDR54",1.68607951904396,0.187538055583686,40.385307133343,0.0621861574420939,0.718676122931442
"WDR55",9.26058256816993,0.624862227143803,1.89735425622375,0.134911953653433,0.755944931163955
"WDR59",0.50557250772094,0.0921627261570536,54.7087483623666,0.0487254699847937,0.814977054651648
"WDR6",2.88402709849988,0.133550769414211,31.4974123118486,0.0500747102559379,0.46280072312613
"WDR60",2.39878311035561,0.260139745709458,33.7898361957646,0.0735767284975189,0.72521207064386
"WDR61",4.63066142578481,0.235916897139759,23.4371282355418,0.0649941970835046,0.502850785704353
"WDR70",15.3123654695065,0.751682703813433,7.63774139478023,0.160270094819746,0.769781671533862
"WDR73",4.63772387481681,0.465801108718067,16.8478985579212,0.107762431869309,0.767278542622723
"WDR74",1.46360463654639,0.112212648489418,42.172521505178,0.0492422597480636,0.617090807954387
"WDR75",1.998841842078,0.26377156242759,35.6199903821028,0.0749988885770644,0.764010568766514
"WDR77",2.85019842519969,0.317982876305212,29.4418721532372,0.0831865832058101,0.745654290084828
"WDR82",3.80203296325023,0.250864840775332,26.7817163219521,0.068964764724493,0.585801696565151
"WDR83",6.84134441206728,0.62050222493991,5.15005112588915,0.135633270386769,0.80718954248366
"WDSUB1",3.71780801197932,0.516425877641713,16.1888040593275,0.118478144472677,0.837366152134613
"WDTC1",3.13332722897024,0.327820061788597,27.7136656347851,0.0843480690831398,0.73153942428035
"WDYHV1",2.17382509281894,0.242253568994553,36.0375044682327,0.0710616109771233,0.735085523571131
"WEE1",0.780809213569161,0.138416119170766,50.1245677433631,0.0560590370994298,0.811570018078153
"WHAMM",1.77545832811731,0.330981459219745,33.4398022245274,0.0876798496483488,0.838548185231539
"WIPF1",0.262307466620906,0.0202430093944655,56.8799027722577,0.0366478201089833,0.724586288416076
"WIPF2",1.88749029841996,0.129961912412421,38.5050552613068,0.0513093354220225,0.582047003198442
"WIPI1",0.892071554028509,0.0826552416812005,48.0818922950401,0.0455713953825183,0.672924488944514
"WIPI2",6.52577907256892,0.342393946247961,16.8053359618472,0.0825176529804282,0.569392295925462
"WIZ",3.04054212877361,0.379421175155232,25.8647112636797,0.0941273311927588,0.784522319566124
"WNK1",2.28508117367579,0.0859397114673174,32.1805201209349,0.0426389250879285,0.385412320956751
"WRAP73",2.90104249027192,0.335982276360495,28.2933032858778,0.0862751288129573,0.75531914893617
"WRB",3.06068302630646,0.183515025443337,31.4310059480949,0.0585354809514296,0.55110554860242
"WRNIP1",3.77627820772337,0.430968516635677,20.9441975009808,0.102508389883745,0.782505910165485
"WSB1",1.72768185931553,0.0351854810276535,27.8170854221232,0.0345057845235399,0.203240161312752
"WSB2",1.48611726924162,0.17711092832603,42.077485869054,0.0607908230844666,0.731191767487137
"WTAP",4.11552704442842,0.275105592575418,25.1218664301177,0.0728622695291353,0.59817827840356
"WWOX",0.48138837181291,0.148157176076001,53.0348023914618,0.058715958931978,0.882978723404255
"WWP1",1.10452896531605,0.0476485350207875,42.3881335248455,0.0388340203513043,0.500973439020998
"WWP2",2.40580280341949,0.377120014686384,28.0684122465542,0.0946974298141334,0.819635655680712
"WWTR1",0.272884649381034,0.0191644938884431,56.0191101197776,0.036347987157187,0.705951884299819
"XAB2",1.3302850364296,0.0595974359189253,40.1550823676447,0.0402515729434787,0.481852315394243
"XAF1",0.291652688344912,0.0225059367002809,56.2760136344488,0.0369415793787554,0.717215964399944
"XBP1",0.675999855923922,0.00238327136076273,28.592738712282,0.0303929295316625,0.145111945487415
"XIAP",1.84207050008668,0.10773443262965,37.7170817724773,0.0473533432482603,0.526839104436101
"XKR8",5.49294961073548,0.67934874256743,3.54189530606531,0.148171274470314,0.872549019607843
"XPA",4.19601471510263,0.333722922010415,23.2251700465757,0.0833992659311311,0.662981504658601
"XPC",2.22495024975724,0.219363164304888,35.6595401028037,0.0664412419100564,0.68849951328049
"XPNPEP1",2.41150693836249,0.296810942891516,31.9604772450352,0.0799827699406545,0.7545543039911
"XPNPEP3",7.32027569875788,0.616514871738027,4.82869827358791,0.134629285249583,0.795021554721179
"XPO1",2.68370470697749,0.122634559104366,31.9283988982187,0.048361224596401,0.450006953135864
"XPO4",8.14385277409502,0.603267283765492,3.92482121510005,0.130910309456664,0.758726185509665
"XPO5",3.43648422066728,0.456018253559391,20.3991896960114,0.107568178381107,0.813655958837436
"XPO6",4.40475081877387,0.445018505597446,18.6233524453944,0.104310637824817,0.764775413711584
"XPO7",1.89886623405046,0.276223624966721,35.5235812378407,0.0774128358604984,0.78340981782784
"XPOT",1.70780482690149,0.19406249640213,39.9754443696192,0.0632536019178822,0.722569879015436
"XPR1",1.25125922036243,0.244810848186922,41.108918106772,0.0734635159110912,0.830830204422194
"XRCC1",3.50515313623259,0.331967279305916,26.0706291647198,0.084419604427555,0.709637046307885
"XRCC5",4.15179780957692,0.0912990641674087,22.2142344118536,0.0414708810530112,0.222569879015436
"XRCC6",2.8899861082705,0.0895187619253394,27.9855221985376,0.0422814073284459,0.317341120845501
"XRN1",1.6035548645275,0.164292227891641,40.674216710611,0.0579256827480037,0.682658879154499
"XRN2",3.77617788355902,0.134395496011937,26.5661215085357,0.0489516323340394,0.378181059657906
"XRRA1",2.2423651389648,0.390885165864734,27.8557005877945,0.0975070306624015,0.838687247948825
"XXYLT1",1.01134727761944,0.220771451551416,43.9895775702529,0.0697938990277346,0.842024753163677
"YAF2",3.97970176580326,0.3437296579084,24.1683594735834,0.0859737863059915,0.696147962731192
"YAP1",1.13245326437058,0.129417321510622,45.8154385773448,0.0531850877383427,0.71533861771659
"YARS",3.05407237733976,0.278522538131832,29.7111948923072,0.0754288863126929,0.683979974968711
"YARS2",6.4090110883004,0.613302159555732,6.20996929207122,0.134638977442653,0.81476846057572
"YBEY",1.97629817170171,0.195182440521765,38.4007371108932,0.0629733537401215,0.696217494089834
"YBX1",3.19124029424401,0.0234986350032109,19.3884659712132,0.0321810027347786,0.0350438047559449
"YBX3",1.01556895977381,0.0556040505541286,44.3354835374807,0.0403942559433429,0.552426644416632
"YDJC",3.33527474663734,0.27276634918098,29.1830469047554,0.0742128232749666,0.665415102211097
"YEATS2",1.35004661795794,0.233226444025768,40.864972687241,0.0710559085986701,0.80642469753859
"YEATS4",0.576297615044936,0.0460767245890356,51.4572917676423,0.0400947345903537,0.669100264219163
"YES1",1.66093793452586,0.191005391295422,40.243124764575,0.0627538650478646,0.722013628146294
"YIF1A",3.2035149533129,0.0920779058095659,27.3328894207013,0.0426380261781532,0.312195800305938
"YIF1B",4.18479849836707,0.233018526014414,25.7680132050395,0.0654089629234777,0.538311778612154
"YIPF1",3.40476195670346,0.307053368225723,27.7816773328425,0.0803096805698701,0.69837296620776
"YIPF2",5.21946770442092,0.262195540050663,21.3160391471494,0.0690115745066106,0.511820330969267
"YIPF3",118.507027941801,0.784149127211508,43.1182528797628,0.171348257249222,0.265123070504798
"YIPF4",5.61358184577775,0.264215646455791,18.9831469965517,0.0682678934032552,0.474899179529968
"YIPF5",2.55264475877546,0.17145383740685,33.7691554426451,0.0570653956371685,0.570713391739675
"YIPF6",5.04812278723971,0.29499869518178,21.7323665959664,0.0753468906949901,0.573911834237241
"YKT6",1.43310880880209,0.110702026143912,42.4718295593435,0.0490608246877381,0.619872062300097
"YLPM1",2.32846127555763,0.17996431008234,35.4541128520906,0.0591297726758232,0.616047837574746
"YME1L1",5.53282790176348,0.220835287853106,20.2312654200043,0.0612770110820633,0.423376442775692
"YPEL2",0.935454174830456,0.100767728898798,47.9506059360212,0.0486611629479892,0.70344875538868
"YPEL3",1.62324777394313,0.117746493687538,40.8095422022097,0.0498489685943556,0.602141565846197
"YPEL5",4.28612801448901,0.196496791373987,24.1291104438577,0.0582267547444605,0.445626477541371
"YTHDC1",7.4608565677635,0.257062152500148,14.6095350654245,0.0657175746401311,0.393547489917953
"YTHDC2",4.10263053295967,0.394087688418695,21.3223391489189,0.0947954291118688,0.728966764010569
"YTHDF1",2.93802594130702,0.348682851742453,27.7692647380979,0.0886796700112842,0.767278542622723
"YTHDF2",6.35587460270949,0.230903936064214,17.5478793929262,0.062118129518836,0.396467806980948
"YTHDF3",3.69998448059363,0.280764972682793,26.8462666787807,0.0746766694851829,0.637672090112641
"YWHAB",6.17389361204895,0.0596332450252073,15.300078752788,0.0364640886850848,0.0553469614796273
"YWHAE",2.45230977036662,0.0275320122264078,23.1410954038715,0.033043655828364,0.106452510082047
"YWHAG",3.20489425341719,0.153424837218159,29.9534975594322,0.0529103639167565,0.471353080239188
"YWHAH",0.571468665826778,0.0239745221832595,46.2285690352944,0.0357233069214817,0.527117229870672
"YWHAQ",3.08379408109251,0.0461575439943364,22.1156279993997,0.0352331134581333,0.128146293978584
"YWHAZ",3.27456980379281,0.027321538415689,19.6444715026782,0.0326716578030637,0.047976637463496
"YY1",5.80099421943607,0.206899974254891,19.4464826185706,0.0587065892052251,0.386802948129606
"YY1AP1",3.18874347555767,0.199564623451167,30.3781649672098,0.0609706353785706,0.560353219301905
"ZADH2",2.39581871801169,0.371310141163539,28.5425213543091,0.0937382298699241,0.818453622583785
"ZBED1",1.12371875623141,0.100190416282857,45.383483826726,0.047944836960462,0.654498678904186
"ZBED5",3.77124382567089,0.343589569604338,24.1853197623069,0.0857682724065653,0.695730774579335
"ZBTB1",2.67131093412548,0.288558919058463,30.9000706162193,0.0778493131251499,0.721735502711723
"ZBTB10",1.04332602977428,0.174182614339322,46.0873068360895,0.0615441758409833,0.799680155750243
"ZBTB11",2.01630896737754,0.321767351991095,32.7607573028892,0.0854389918294581,0.810874704491726
"ZBTB17",4.775943301253,0.503081123643806,14.4754242928455,0.114502872117778,0.785634821304408
"ZBTB2",1.57572585063428,0.357119679342837,32.6824460122883,0.0927930379091663,0.868794326241135
"ZBTB20",0.540775561624314,0.0212180739020049,45.3684755743637,0.0351613535567983,0.505075789180921
"ZBTB25",2.27708760066184,0.341819519806798,30.4818816489154,0.0884918376418621,0.803782505910166
"ZBTB33",1.57767217641176,0.291449261674067,36.6160092361075,0.0809770972457762,0.82895285773884
"ZBTB38",1.96716301367011,0.103275005997385,35.5964491053571,0.0460602491744002,0.479418717841747
"ZBTB4",1.90125231914938,0.194604485694558,38.0398188219955,0.0626267267541714,0.688151856487276
"ZBTB41",2.09955613232958,0.252794829769377,35.6471636762065,0.0728833270466406,0.745862884160757
"ZBTB43",2.49921267735018,0.31864155828928,30.7329133093583,0.0838655893294593,0.769503546099291
"ZBTB44",2.21605923718877,0.201518983554678,36.3515851461564,0.0634002632815877,0.670143234598804
"ZBTB7A",2.59315185760873,0.182458318035324,34.5675121359573,0.0594013965112919,0.605200945626478
"ZBTB7B",1.72223976390813,0.135802856283013,41.0027023663702,0.0530880538755178,0.638715060492282
"ZBTB8OS",7.2569930238105,0.40130684416215,12.5882309504486,0.091955471460603,0.592476706994855
"ZC3H12A",0.631232552314596,0.0892519921684581,52.6128893824064,0.0477301119426123,0.770198859685718
"ZC3H13",3.03699111432221,0.157657388839915,30.4557540754012,0.0536864166960535,0.487206230009734
"ZC3H14",4.93553703030545,0.349985775381254,20.2700179854567,0.0852767473423868,0.638993185926853
"ZC3H15",11.3607437902954,0.285721497971085,5.43041220553646,0.0674978104452955,0.299123904881101
"ZC3H18",3.35127223471622,0.414676742045473,22.7845066263876,0.0999234926734182,0.788137950215547
"ZC3H3",3.34393510606525,0.369066744944269,25.4353151655306,0.0917886733710596,0.759977749965234
"ZC3H6",1.81639737765454,0.182238444914522,39.294426570035,0.0608195577779055,0.689472952301488
"ZC3H7A",2.94353080919479,0.310175686518122,29.2474687279765,0.0815045306237294,0.729105826727854
"ZC3H7B",3.05010120263758,0.327172193631906,27.9262748127923,0.0842809816621723,0.734112084550132
"ZC3H8",4.01391602863289,0.3903763324579,22.3036342184662,0.094676625920517,0.740230844110694
"ZC3HAV1",2.08285878403516,0.136370769638374,36.7402059220306,0.051892455105437,0.561396189681546
"ZC3HC1",9.98754626288793,0.79280663388164,5.80766581753548,0.170519648523691,0.87171464330413
"ZCCHC10",7.53933935950843,0.503593841769147,8.84712544723685,0.111506450444572,0.689612015018773
"ZCCHC17",4.06666097791916,0.238845873039451,26.2957935567952,0.0666723074969586,0.55743290223891
"ZCCHC2",1.91860559402062,0.40279080510737,28.35128305453,0.100337097108312,0.867334167709637
"ZCCHC3",3.18992738021289,0.60965427829799,11.1132528018392,0.136502195702811,0.898623279098874
"ZCCHC7",4.78782829905512,0.347639342913221,21.1386114863646,0.0853015115514087,0.650257266026978
"ZCCHC8",3.06504060612823,0.400848729806177,24.424690171929,0.0978425585421159,0.794326241134752
"ZCCHC9",4.06746616311089,0.415526572079583,20.48806706221,0.0988689001662197,0.749339452092894
"ZCRB1",7.80800220827762,0.257285481484014,14.5152197602781,0.0659619388323678,0.394034209428452
"ZDHHC12",2.7675404271705,0.165072780910797,33.5704653594528,0.0560517429748681,0.556876651369768
"ZDHHC13",0.998564673686248,0.219302631023731,44.2625506788521,0.0696182964144645,0.844527882074816
"ZDHHC16",3.59075860294492,0.318538844707285,26.6621287635951,0.0821004852697826,0.697955778055903
"ZDHHC17",1.54994400983605,0.275295915252994,37.4394765986527,0.0780258209709103,0.81629815046586
"ZDHHC18",2.49816773347618,0.5115553229635,19.278868743467,0.119163176588551,0.884717007370324
"ZDHHC2",0.703838974978321,0.266764802051924,43.335201681876,0.0788004043880328,0.909052982895286
"ZDHHC20",1.72755667816521,0.218042979036715,38.9163743928661,0.0673846517370377,0.744889445139758
"ZDHHC21",2.18638258576749,0.287944337043697,33.5959923275394,0.0789497988334231,0.768808232512863
"ZDHHC24",6.98704037272931,0.402019050222893,13.8525593700625,0.0929357627318278,0.615143929912391
"ZDHHC3",5.90472357683981,0.344750263144025,17.8143757733587,0.0832169935026765,0.589278264497288
"ZDHHC4",5.84276952334182,0.363468957586875,17.4686136492926,0.0867457214705372,0.613683771380893
"ZDHHC5",3.85667211187585,0.411187197963209,21.5971612723038,0.0986158669728883,0.761716033931303
"ZDHHC6",4.95532773921692,0.380119097107045,19.2218145364676,0.0908498365689448,0.670073703240161
"ZDHHC7",1.8519307440264,0.229632160278292,37.8591356439358,0.0692361978382434,0.745862884160757
"ZDHHC9",2.39414135922599,0.223934795424327,35.131195395099,0.0671983280089389,0.687317480183563
"ZEB1",0.182536371860489,0.016500421969283,59.9793957379929,0.0364445816686355,0.777430120984564
"ZEB2",0.149216526843218,0.0133182535857033,61.2017165105472,0.036066759333712,0.795160617438465
"ZFAND1",3.4033191733118,0.195445286709655,30.2126619416724,0.0603371820017885,0.551175079961062
"ZFAND2A",2.77415799584546,0.340011121855269,28.660801629617,0.0872830074320417,0.768530107078292
"ZFAND2B",10.9679240888654,0.541517280747783,1.82670531434909,0.115946931879484,0.630093172020581
"ZFAND3",3.11300930959225,0.226063537378605,30.7505744825102,0.0659289108340975,0.612988457794465
"ZFAND5",2.78087560164379,0.103916725620665,29.3525899676405,0.0447054863380468,0.368446669447921
"ZFAND6",5.92582560867235,0.232555545767536,18.4660325744755,0.0626000405687064,0.413502989848422
"ZFAS1",2.86712835564761,0.025604770805671,21.6095234950007,0.0327143059085678,0.0778751216798776
"ZFC3H1",2.96083592708047,0.298597537016994,29.545988028354,0.0793162259816526,0.714921429564734
"ZFHX3",0.927142933739971,0.0751496411002537,46.8850566888495,0.04403880924979,0.636559588374357
"ZFP14",3.86787626530655,0.511423187066401,16.0933213527642,0.117290057292485,0.827562230565985
"ZFP36",0.455529835767486,0.00313489836581099,35.2017535825675,0.03124248923961,0.2727715199555
"ZFP36L1",1.22123898619604,0.00615319475644,23.2578516752997,0.0302713217050583,0.0548602419691281
"ZFP36L2",0.600197860967016,0.00654762631076769,34.6692597756816,0.03165550846927,0.270337922403004
"ZFP62",3.4954642499449,0.430072214485518,21.9214035807748,0.102875034481307,0.798219997218746
"ZFP64",5.84375021920654,0.596248819509586,7.85224379343033,0.131646321984055,0.817202058128216
"ZFP91",2.66503561937779,0.33939937770094,29.2116475085741,0.0874368207210356,0.777291058267279
"ZFPL1",6.9336135435891,0.370434385968232,14.3906254899862,0.0867132805306658,0.573564177444027
"ZFR",4.42515108385872,0.228687008109482,24.0390704787402,0.0638702311762318,0.500417188151857
"ZFX",2.08321592343791,0.194532970979515,36.8347546328294,0.0622098987838482,0.666319009873453
"ZFYVE16",2.11575284082855,0.227452352024001,35.881651634432,0.0680161217608259,0.706299541093033
"ZFYVE19",2.14041611305663,0.24981739018611,35.4408602578526,0.0722080667602351,0.737032401613128
"ZFYVE21",3.59868403721621,0.180554085450319,27.876724449058,0.0568077432931648,0.482964817132527
"ZFYVE27",4.45254959671005,0.483871948581573,16.2649718389387,0.111323188907538,0.786121540814907
"ZHX1",2.69968182126495,0.222547785773109,33.1484337245876,0.0661722982913421,0.649422889723265
"ZHX2",2.12992495729172,0.371871169878765,29.5517195659606,0.0943674856578691,0.837366152134613
"ZKSCAN1",2.71422587302498,0.0792783191451349,29.8815094578186,0.0413078772427177,0.333055207898762
"ZMAT2",6.56080626916746,0.282176325569976,16.7062891503873,0.0708660347866072,0.468432763176192
"ZMAT3",0.366915011028339,0.0356090909668766,55.4687002487779,0.0389995290601424,0.726115978306216
"ZMAT5",8.04230742029815,0.548402507457999,6.25784501560358,0.119890996062017,0.714712835488805
"ZMIZ1",1.68127299462325,0.0900640934444297,38.6604298609534,0.0447347725560892,0.511611736893339
"ZMIZ2",1.93095590328018,0.149574014930619,38.6326771309751,0.0547569508450266,0.619732999582812
"ZMPSTE24",2.1805311669575,0.14409857448693,36.1460221538641,0.0530459645084526,0.564594632179113
"ZMYM2",3.6339520212362,0.21498425744566,27.9344492937399,0.0628601042437824,0.54429147545543
"ZMYM4",2.33989635549553,0.240500355147467,34.4374254078513,0.0699919579855874,0.703031567236824
"ZMYM5",3.82370690154244,0.396678944920756,22.1102524757824,0.0957482644248704,0.746905854540398
"ZMYND11",4.00702405785143,0.25412251872732,25.679301121495,0.0691097061720848,0.57210401891253
"ZMYND8",1.5851756178734,0.111898014512472,41.5825209431783,0.0490968852087318,0.60603532193019
"ZNF106",2.49517884106369,0.117935024280536,32.3715261184217,0.0476465350641219,0.448616325963009
"ZNF12",2.55759162716504,0.318424282214836,30.4487364366853,0.0836834806319652,0.764080100125156
"ZNF121",2.44522405382543,0.365742372759612,28.6944814199929,0.0926515854913716,0.811917674871367
"ZNF131",3.79866571522712,0.339321654641851,24.7170466593368,0.0852754390644037,0.698233903490474
"ZNF136",5.35815974788892,0.669818287876224,4.33158799462998,0.146455204933661,0.871645111945487
"ZNF138",2.59850786614947,0.371179922642556,27.9214342892339,0.0934346484124625,0.807259073842303
"ZNF140",3.25065272875141,0.469154798562942,20.1469684586674,0.110296640647016,0.830621610346266
"ZNF143",1.24090432837798,0.303159637854087,37.7151989828419,0.0838658520682512,0.868655263523849
"ZNF146",7.32779583025337,0.37584408445073,13.3253117974105,0.0873092094317979,0.564664163537756
"ZNF148",4.54729746940855,0.249780283746788,23.4353182821677,0.0674416842426657,0.526143790849673
"ZNF160",3.94280161037923,0.464761669864871,18.4464772331323,0.108344792478779,0.793491864831039
"ZNF189",3.24759137818048,0.550531041585389,15.0039054121647,0.125403082454036,0.871853706021416
"ZNF195",3.77754554076283,0.434332090044861,20.4580907881216,0.102869080369263,0.779376999026561
"ZNF197",6.58836682768378,0.730640623159249,0.362556625264638,0.158112303601939,0.8815880962314
"ZNF200",2.77534659370495,0.571284566554822,14.5960504650489,0.129880160197085,0.898692810457516
"ZNF207",4.35629864050291,0.126705322986967,22.031396947325,0.0464354048273627,0.284383256848839
"ZNF212",4.1889722721507,0.695155960542377,4.03120134730721,0.152064870459742,0.908635794743429
"ZNF217",1.46818679132856,0.129900737400013,42.4861740289558,0.0523819842922443,0.654846335697399
"ZNF22",1.85076057851641,0.121945293702408,38.4540491138145,0.0499226969637386,0.566471978862467
"ZNF224",3.39761308994271,0.406852661965211,22.9141506207619,0.0982923028782795,0.77756918370185
"ZNF226",3.6518138052579,0.366308367246654,24.2774052958283,0.0905943325435478,0.735085523571131
"ZNF227",4.36582111070493,0.660402123638992,6.12639922158886,0.145278401513795,0.890001390627173
"ZNF24",2.78567008352561,0.105828483711447,30.5442744249338,0.0453885156163002,0.394381866221666
"ZNF26",2.05689169772714,0.455629361395062,24.3461345468812,0.109667864709457,0.883256848838826
"ZNF260",3.05878785605228,0.324447554520041,28.1327217504911,0.0838551643290213,0.733277708246419
"ZNF263",3.82260283927838,0.436474921830573,20.567728728602,0.103499271234156,0.784869976359338
"ZNF264",2.18209104052794,0.309536924766498,32.6571768826784,0.0828995379864517,0.788485607008761
"ZNF267",0.835757620499142,0.205014054792406,46.2940515862645,0.067539246333873,0.857113057989153
"ZNF274",1.9114286405781,0.308103363574668,34.2370792909425,0.083362351952162,0.814420803782506
"ZNF276",1.42992517999571,0.330015012618478,35.0390437487269,0.0882162582136902,0.865665415102211
"ZNF277",3.40298310712399,0.369795758940205,25.1035164569202,0.0917522376211023,0.75531914893617
"ZNF280D",3.25357255095174,0.257007446214506,29.0478006837884,0.070976932751021,0.635655680712001
"ZNF281",2.18154119059598,0.188370288051878,36.5236239409727,0.0610145881424746,0.650118203309693
"ZNF292",2.55613382598715,0.15117650612393,33.2634945939246,0.0533922273122802,0.52530941454596
"ZNF3",3.52654214582937,0.379824161794571,24.0901638714805,0.0932981784051095,0.753998053121958
"ZNF302",3.63686102212352,0.219824447217642,27.6550629545256,0.0635864807326667,0.54755944931164
"ZNF316",1.30164300149272,0.271965896668404,39.3749854897134,0.0782219126092332,0.845779446530385
"ZNF317",8.81444411248712,0.781861522035427,4.64458649782136,0.168263884146785,0.879015435961619
"ZNF32",4.99657173620407,0.247520223351498,21.8534099986456,0.0664709513780231,0.495619524405507
"ZNF322",5.97212092274581,0.367343939116383,16.8566777276441,0.0871886810009239,0.609511889862328
"ZNF324",4.45117059842377,0.681764011068414,4.592276952405,0.149289974319599,0.896745932415519
"ZNF326",3.09802156301119,0.270820113041434,29.8762659269357,0.0740337204925268,0.673967459324155
"ZNF330",6.36909278057952,0.423592283626267,14.1421112553225,0.0973178444963731,0.653664302600473
"ZNF331",0.779614050736349,0.139051670382696,49.6695149927767,0.0560111662812705,0.804060631344736
"ZNF335",3.39679241639899,0.437249594325541,21.590882958258,0.10416853814546,0.804060631344736
"ZNF33A",3.26795832747589,0.262359955945536,29.4240915345565,0.0722504315586213,0.651786955917119
"ZNF33B",2.15217280828653,0.301869017158711,33.4052819449924,0.0817250643072535,0.789041857877903
"ZNF385A",0.774504971853488,0.0591443706951558,49.7715800902836,0.0420104486686789,0.661799471561674
"ZNF394",5.97479816491226,0.565885626721872,9.11425613480083,0.125470702012488,0.791475455430399
"ZNF395",1.4991351892281,0.224721646993572,40.5233686917027,0.0693083184364627,0.785704352663051
"ZNF397",2.43504654484509,0.268781215781382,33.1079433002208,0.0749519197578032,0.727645668196357
"ZNF408",2.83113501408093,0.524390849577802,17.5966555802926,0.121040363308429,0.875608399388124
"ZNF414",3.00269868364019,0.448702557633859,22.2026299959737,0.107023919295285,0.833611458767904
"ZNF428",5.50733489326462,0.131090334865584,18.0833051591544,0.0462262586546223,0.228062856348213
"ZNF429",1.85621667954852,0.2977807452019,34.8070162496947,0.0814651902656283,0.807120011125017
"ZNF431",2.17344539243197,0.250560683527803,35.0569526505074,0.07217202915717,0.731330830204422
"ZNF44",2.14886991069146,0.397206857286891,27.7938973732656,0.0988224122110207,0.848073981365596
"ZNF444",4.07551418053381,0.35336528973624,23.5875777562749,0.0876789223440586,0.701988596857183
"ZNF445",1.85357841590787,0.321212625829737,33.4177909375947,0.0856018275608276,0.821652065081352
"ZNF451",2.64440271821129,0.249766569610295,32.4438520877895,0.0709747203782039,0.683354192740926
"ZNF480",5.35218638393049,0.562418556683743,10.4102289710717,0.125450775889431,0.808858295091086
"ZNF493",1.55272899286713,0.204467511738933,40.5331661874476,0.0653723625460593,0.750660547907106
"ZNF511",2.7086707317357,0.260696387533018,32.7162938850211,0.073350316389286,0.707412042831317
"ZNF512",1.23946900093661,0.229062960840317,41.790384002674,0.0705852412302815,0.816089556389932
"ZNF518A",1.90489139738882,0.297079086690024,34.7984363200459,0.0813574818981886,0.805868446669448
"ZNF524",5.10910158473737,0.314409782282886,21.7057462360428,0.0792075920789432,0.606104853288833
"ZNF544",1.21015535003204,0.214109985556555,43.1707779105626,0.0682338021973257,0.815672368238075
"ZNF557",0.269808115735728,0.0840994046851266,59.2853245087525,0.0482753525708421,0.887220136281463
"ZNF561",6.59723468861825,0.588949053020325,7.02411038542028,0.129506261459046,0.790919204561257
"ZNF562",7.9294501655555,0.647237543410415,2.63805085617243,0.140479590030912,0.80364344319288
"ZNF567",4.6482400117966,0.644422009345898,6.78313812030804,0.142001470355975,0.87574746210541
"ZNF576",8.09470835495923,0.617259452870281,3.81375218537952,0.13427752551517,0.778055903212349
"ZNF580",2.92624951707638,0.131215078139113,31.8876636036352,0.049883127327188,0.466207759699625
"ZNF581",3.13562524317389,0.246770534890958,30.955991537036,0.0699919548926671,0.652621332220832
"ZNF592",4.17252143224651,0.456956782370923,18.238102418852,0.106532701521004,0.777221526908636
"ZNF593",3.46374719896397,0.125542483169997,28.8666626145247,0.0482564609377545,0.403142817410652
"ZNF598",2.80851587449585,0.430067178206695,23.8529629777098,0.103869971412749,0.832290362953692
"ZNF605",2.31055320454099,0.376309105595606,28.6031204272249,0.0948293551169686,0.827840356000556
"ZNF609",1.80459421678655,0.24852289346537,37.4298290264266,0.072739624097653,0.770546516478932
"ZNF621",1.76313397724349,0.286775770657529,35.7988000401675,0.0796600008435274,0.806285634821304
"ZNF622",0.515458998822538,0.0487671494818717,52.9438604223089,0.0407912490296087,0.702336253650396
"ZNF627",5.10735478291517,0.584356434182469,9.61736454808033,0.129931901348472,0.829856765401196
"ZNF638",3.25897203774103,0.145872365527071,28.5326688757191,0.0511492317419201,0.431789737171464
"ZNF639",2.38701185842532,0.40000902288947,26.9343910538026,0.099015385504172,0.837435683493255
"ZNF644",4.26114315054709,0.25660075459837,24.5144753244951,0.069102018719742,0.55618133778334
"ZNF652",0.393382916595251,0.0208241705603044,51.0504729777306,0.0359158072072175,0.613405645946322
"ZNF654",1.66251162406902,0.370567520867281,31.3532072767105,0.0949630620829798,0.86740369906828
"ZNF655",7.55526120319859,0.487507272135967,9.51342951817814,0.108449979223676,0.675983868724795
"ZNF664",2.2782670660813,0.141838032525455,36.4423559212055,0.052859583557282,0.566680572938395
"ZNF668",0.614765649657003,0.0922147345223189,52.6757583734809,0.0482587497270876,0.776665276039494
"ZNF669",3.205078460935,0.625152580442178,10.05673940718,0.139438606493516,0.904881101376721
"ZNF672",4.51952033328392,0.42149729833227,19.2969484607172,0.0996250633503526,0.738492560144625
"ZNF680",1.41018299561773,0.193692025962881,42.4233157609235,0.064041040558443,0.766583229036295
"ZNF687",5.65725269169421,0.569066691953916,9.59870760709578,0.12651342616366,0.805034070365735
"ZNF688",5.66188107947457,0.550094877190174,10.7462822963324,0.123001069445824,0.795091086079822
"ZNF689",0.342246903798469,0.061938331606707,58.0710379268103,0.0440164803800198,0.824224725351133
"ZNF692",2.30628203563059,0.255482655639275,34.7956933091431,0.0731339443117354,0.735433180364344
"ZNF7",2.99287868810309,0.296471509691793,29.9984935109044,0.0791992836769931,0.719649561952441
"ZNF706",4.15945510996823,0.0609508433807757,19.567612896443,0.0368543724760045,0.117786121540815
"ZNF720",5.73011869618599,0.499896899510291,12.6472074231067,0.112807652894006,0.748783201223752
"ZNF721",4.26578139342524,0.303576115907843,24.2420735540435,0.0780245111853316,0.630927548324294
"ZNF738",2.06380984279947,0.420624812740974,26.6770199084201,0.103300441185738,0.866986510916423
"ZNF75A",2.00758191207812,0.216259018123064,37.5116806226945,0.0665883872812894,0.716659713530802
"ZNF76",7.76734546278943,0.550405394509894,6.72824734125463,0.120642237929378,0.725837852871645
"ZNF770",3.23041992481885,0.28235310172493,28.6639420574774,0.075706878614037,0.671951049923516
"ZNF780A",4.4760402348221,0.649614272271893,6.64283700497556,0.143082387096514,0.881796690307329
"ZNF790",2.17759980568606,0.562849296488032,16.3108167920155,0.128953577629475,0.916075650118203
"ZNF791",3.74877517717365,0.336995158604718,24.6816348737164,0.0847159792867457,0.69357530246141
"ZNF800",2.70245222878561,0.193484524940214,33.1204640033732,0.0607983881793821,0.59817827840356
"ZNF821",2.00409086534593,0.379819844670516,29.4738131337716,0.095993924770891,0.84918648310388
"ZNF83",2.20655367036847,0.187762266474198,36.3325845493596,0.0608369321201414,0.645598664997914
"ZNF830",2.38378161718266,0.277871983885606,32.8832487356613,0.0766183012632464,0.738979279655124
"ZNF84",3.06550750202445,0.292100183336696,29.2631996114562,0.0779010636440743,0.698998748435544
"ZNF91",1.52080368778329,0.0902487625212115,40.7817754416401,0.0452636340012132,0.551244611319705
"ZNFX1",1.38449953967083,0.114839886251746,42.6428883113283,0.0497747155827967,0.63030176609651
"ZNHIT1",14.0438634229829,0.23014525264786,1.37313327956684,0.0575330531715295,0.157558058684467
"ZNHIT2",2.30049018325882,0.280760141984582,33.8600102232424,0.0777288482721754,0.76164650257266
"ZNHIT3",7.59917838883349,0.35353757039377,13.0002982499581,0.082762603960724,0.52377972465582
"ZNHIT6",2.51861065487331,0.378066061259721,27.5540358652295,0.0946261395578347,0.812056737588652
"ZNRD1",9.23879529194982,0.398842830029029,7.73128239342908,0.0889807376699805,0.509178139340843
"ZPR1",7.99324904593008,0.55045421432047,6.49323498964925,0.12059276997052,0.721874565429009
"ZRANB1",2.73907247332049,0.397872501845063,25.74798372157,0.0979162842202393,0.812821582533723
"ZRANB2",3.86028859283329,0.146125637405605,24.4743738019836,0.0499625754924807,0.360728688638576
"ZRSR2",6.37985119002883,0.536644796845797,9.69106334357418,0.119229221693158,0.755527743012098
"ZSCAN16-AS1",2.15581192492915,0.186833106862581,36.5742531442133,0.0607335974635441,0.648240856626338
"ZSWIM7",2.84764817590648,0.191423706457839,32.4421520066191,0.0602295752617109,0.582672785426227
"ZSWIM8",2.23584062365273,0.258090932991329,34.5750760919955,0.0734661895029866,0.735641774440273
"ZW10",2.05973072897465,0.521257331697866,19.6463407616583,0.121552489023882,0.907453761646503
"ZWILCH",0.6384678102292,0.219371144159495,47.1557347834268,0.0707088132044718,0.897858434153803
"ZWINT",0.113866995343953,0.0259787505688992,64.9058997145066,0.0387848801562207,0.890070921985816
"ZYG11B",2.06580092820769,0.273606190451099,34.6192548546921,0.0764894348817415,0.762689472952301
"ZYX",0.701496521010421,0.0188853539380362,40.9218191188874,0.0342244030268385,0.415867056042275
"ZZEF1",1.32469827268294,0.175439227328641,43.0953875490627,0.0607671390139049,0.746697260464469
