"genes","r_est","p_est","r_rmse","p_rmse","zero_prop"
"A2M",0.0211734180258061,0.00312922445731184,40.6518052394685,0.00483831792046301,0.946353730092205
"AAAS",3.78358680161688,0.425738026146896,15.4258858434956,0.0277123797985326,0.813285834031853
"AACS",1.11493674627419,0.350572096283298,22.2449716668889,0.0212957081918969,0.917539815590947
"AAGAB",5.83751339009006,0.416397118786316,12.9065379438949,0.027662545407619,0.718880972338642
"AAK1",0.964656795638491,0.048773058213353,26.4118307568406,0.00937037352437965,0.564124056999162
"AAMDC",1.6060947074893,0.297849261885036,22.990294864442,0.0182026399606694,0.8581307627829
"AAMP",13.4405680213895,0.391834463660747,4.33076539857787,0.0274262195124309,0.434094719195306
"AAR2",4.23974732096201,0.41354078105462,14.9195381704978,0.0270007470432599,0.779337803855826
"AARS",1.28379355756716,0.160487968690694,27.2263040292948,0.010409659951048,0.774727577535624
"AASDH",1.82103014061081,0.464134623989837,16.6401660103624,0.0298042398911696,0.915444258172674
"AASDHPPT",5.41535842543376,0.270340369706275,14.2487774315099,0.0202710533197002,0.551655490360436
"AATF",4.88455578571078,0.255452289669076,15.6538238648297,0.0193443572446112,0.570725062866723
"ABCB7",5.85262935145466,0.482005073684628,11.5128121246381,0.0319163182380307,0.768755238893546
"ABCB8",3.394469310955,0.437986378236119,15.5635242658074,0.0284188815277425,0.836756077116513
"ABCC1",1.29584733588245,0.187503059713929,26.6707014201413,0.0116122487023155,0.800398155909472
"ABCC5",1.17227638151002,0.348125317580164,22.2237047325906,0.02116710911569,0.912929589270746
"ABCD3",1.38173650453028,0.322776649172634,22.7307978700519,0.0196025046190206,0.888935456831517
"ABCD4",2.73705419337929,0.285475470601177,20.222278844473,0.0186557618962651,0.753248113998324
"ABCE1",1.66939107660307,0.127602418487055,25.1509128251314,0.0110041293504638,0.657376362112322
"ABCF1",3.24124918829239,0.169288079493503,19.3645149461001,0.0154138243007856,0.548407376362112
"ABCF3",2.34775975800756,0.250861671152771,21.8396293414376,0.0164995444654238,0.75
"ABCG1",0.413669412982211,0.0434138351835638,32.8556051600429,0.00349267011087886,0.760687342833194
"ABHD10",1.97216271902062,0.347200226515127,20.5979506796808,0.0216786746931854,0.859283319362951
"ABHD11",1.33175381618061,0.479450217858675,16.6324461275629,0.0308046301713311,0.941010058675608
"ABHD12",2.05392339649003,0.175580777063715,23.9254703496623,0.0129185571139009,0.696563285834032
"ABHD13",4.12437426974312,0.366127139830293,15.9318346596987,0.0240116009112429,0.741617770326907
"ABHD14B",3.89574805128395,0.248198518501958,18.2966394663376,0.018103627731454,0.638097233864208
"ABHD17A",1.10196917898824,0.141321343869061,28.2029377207664,0.00919042691416787,0.774518021793797
"ABHD17B",1.37975299367859,0.329652820622428,22.4435109381473,0.0200638530909549,0.890716680637049
"ABHD18",2.58326378537036,0.357549715497986,18.996049005086,0.022724939173322,0.824601844090528
"ABHD2",1.01228466549428,0.169977165434674,28.394788274105,0.00996387571599461,0.82638306789606
"ABHD3",1.38682575292276,0.106800280033064,26.1329130492879,0.00993959939736054,0.653709136630344
"ABHD4",1.63122113609584,0.386426458540768,19.8195820599656,0.0241295385610657,0.89616512992456
"ABHD5",0.542627186755813,0.047577784443395,31.3659797005376,0.00490955279301613,0.719928751047779
"ABHD8",1.00001118804417,0.351493044002444,22.5048491431653,0.0212763182898866,0.927284157585918
"ABI1",2.36445324222851,0.077094177698177,18.9198234283129,0.0153799230662945,0.38128667225482
"ABI2",1.87822114373111,0.223111618499725,24.0990390061849,0.0143900050159302,0.776404023470243
"ABI3",0.422509355628419,0.0446631952298161,32.9525345442315,0.00342587467866649,0.765926236378877
"ABL1",0.453771585450487,0.185924536824753,30.7309693005178,0.00910807092627439,0.925398155909472
"ABL2",0.108593687746355,0.0159791369118904,37.7755467319057,0.00165230136420209,0.87384744341995
"ABLIM1",0.487516320178215,0.0306661093314315,30.4452514670385,0.00565682506197568,0.661357921207041
"ABR",1.28232199965424,0.247701486058375,25.3895047481935,0.0147344595409888,0.855092204526404
"ABRACL",1.45552951370518,0.0302650219329472,19.5266226214069,0.0158676959008776,0.314124056999162
"ABT1",5.62825199344809,0.260659802456367,14.0537896101659,0.0201004546246061,0.53174769488684
"ABTB1",1.5625259945022,0.17439139942891,25.5814526397637,0.0118232182207732,0.745808885163453
"ACAA1",2.56200808905643,0.130777668284258,21.2523847471263,0.0137313850382919,0.543273260687343
"ACAA2",1.8485830142519,0.203854188952205,24.6994034741138,0.0134016686295993,0.764773679798826
"ACACA",2.52137015649004,0.489884112419965,14.8697362936361,0.0318908520948444,0.89616512992456
"ACAD8",5.19718671854048,0.579655628341636,9.63497905847082,0.0390349900328672,0.851215423302598
"ACAD9",3.23106940642051,0.508224625074373,13.5066331520398,0.0333987817226986,0.877829002514669
"ACADM",3.46698633875812,0.280033587887722,18.9750517402598,0.0190260233966179,0.706412405699916
"ACADS",2.5300189383597,0.483924253549704,15.0940221953718,0.0314618752347756,0.894069572506287
"ACADVL",3.60275516107597,0.103206170120244,16.4034947565501,0.0169960408035641,0.352891869237217
"ACAP2",4.07096166689376,0.153335859199963,16.2660905840195,0.0169810659516648,0.431370494551551
"ACAT1",1.09552711892688,0.157386802944751,28.4466110722551,0.00955317915636295,0.807837384744342
"ACAT2",1.26051034854401,0.119397567236161,27.6956288913589,0.00906669441139062,0.723176865046102
"ACBD3",3.11942096613163,0.378756585493945,17.606894427923,0.0243697692403696,0.812447611064543
"ACBD5",1.96625463151368,0.289793854509115,22.2862679902869,0.0180915478176341,0.823554065381391
"ACBD6",4.52002863402289,0.337030691709972,16.1869887536151,0.022618992401711,0.705783738474434
"ACD",2.37278125339228,0.167734182448469,22.4127243368233,0.0135882037516132,0.637887678122381
"ACER3",0.552403396486101,0.104734639498781,32.4445189881671,0.00509850888783542,0.849015088013412
"ACIN1",3.928937502796,0.158717872164466,16.9176693351465,0.0166630935328634,0.459136630343671
"ACLY",2.98790484413746,0.24537716002023,20.2807022596794,0.0170361626295605,0.693839061190277
"ACO1",0.206748381300358,0.129441567401463,34.3536312942164,0.00442723236783363,0.949811399832355
"ACO2",5.70124399287929,0.282375722885066,13.9016281135185,0.0208567364226626,0.558989941324392
"ACOT13",2.02072234232413,0.261229916290878,22.9588836059529,0.0165225303452249,0.800188600167645
"ACOT7",0.414562814911573,0.0447223875842539,33.1805102987043,0.00322110199943951,0.773365465213747
"ACOT8",3.22770707314103,0.356800951551042,17.9941154736495,0.0230524957784321,0.791387259010897
"ACOT9",0.732316237692044,0.0461585181302646,28.9008689930743,0.00714138770621234,0.63872590108969
"ACOX1",1.89688794963942,0.285399984383164,22.5140953306432,0.0177678607785633,0.823973176865046
"ACOX3",0.480426072912049,0.0995966636395702,32.8783781563116,0.00459495244999002,0.854463537300922
"ACP1",5.77696383536018,0.156146435737972,12.6430108971342,0.0190909158149017,0.333298407376362
"ACP2",1.31241007031291,0.252335703425257,25.1367345885782,0.015060938535501,0.854463537300922
"ACP5",0.204298935199564,0.00794449102966972,32.3674894011599,0.00372579474873643,0.683885163453479
"ACP6",0.303693989980131,0.129432182746111,33.6208945312788,0.00496643794925053,0.926445934618609
"ACSF3",1.46215240647072,0.243530939827439,24.8768704944362,0.014793365167497,0.832564962279966
"ACSL1",0.542611141575926,0.07655091478594,32.3253305226023,0.00450315937537051,0.799036043587594
"ACSL3",0.719886348570041,0.0638067391731006,30.1331616814165,0.00617518843040561,0.707984073763621
"ACSL4",0.871219285490209,0.0707234719605372,29.01350783624,0.00721305851138644,0.684094719195306
"ACSL5",1.21713852220488,0.155683381634953,27.6068768242778,0.0100187693524373,0.778918692372171
"ACSS1",0.709617840588453,0.12264889293404,30.8013666841841,0.00681983077839941,0.826068734283319
"ACTB",0.155056589472406,1e-06,11.9103517156113,0.0248252957142741,0.000209555741827326
"ACTG1",1.45651012407345,0.00226544724433815,11.7228110582815,0.0245629027336137,0.0126781223805532
"ACTL6A",2.24779027036006,0.205693689371205,23.1436943816772,0.0142894957262652,0.719823973176865
"ACTN1",0.179467044815245,0.0130356740923137,35.2327419472913,0.000866228527165329,0.7860435875943
"ACTN4",2.24309164548003,0.0645942685283353,18.8265468283944,0.0156582857464513,0.356454316848282
"ACTR10",6.0568935106334,0.344844284366442,13.1473222069822,0.0236853550049322,0.625943000838223
"ACTR1A",6.69321177997559,0.308717584381964,12.2686105682666,0.022372302446448,0.549140821458508
"ACTR1B",1.85724758871328,0.185390289740927,24.5215389510141,0.0128299199814738,0.730406538139145
"ACTR2",4.72008008837138,0.105162608841584,13.1423817472595,0.0191323561841826,0.262468566638726
"ACTR3",4.32898713121336,0.0562859341928838,11.6556489675174,0.0214756285909026,0.133382229673093
"ACTR6",4.97831672730891,0.400574997938229,13.9999074792745,0.026375777291272,0.731663872590109
"ACTR8",3.59075490507784,0.458161123790275,14.575084203027,0.0298221088076694,0.83581307627829
"ACVR1",0.483763221634325,0.178226649179034,30.8717157728902,0.00870626660990296,0.917539815590947
"ACYP1",0.815926848089523,0.123210826138323,30.3419751668678,0.00720304825430265,0.812447611064543
"ACYP2",2.76469497427245,0.331911010058245,19.3187271662403,0.0212622410412207,0.795578373847443
"ADA",0.539374688073049,0.0666979762822732,32.3312044566108,0.00432175803980221,0.78290025146689
"ADAM10",2.01151303075379,0.145263240363014,23.5762620017919,0.0123728305459441,0.637468566638726
"ADAM15",0.701774940343395,0.132957709164015,30.9219563475185,0.00706218779691018,0.846500419111484
"ADAM17",1.69030194665687,0.214608569950182,24.8175820551208,0.0136723255455835,0.785414920368818
"ADAM9",0.386408863478434,0.0870634857227341,34.0657578311779,0.00330930923808956,0.87185666387259
"ADAR",2.79886012620543,0.10002192652541,18.1880491087873,0.0156883029056476,0.398994132439229
"ADAT1",1.11860941198538,0.364410875914955,21.7155439561365,0.0222794875729633,0.922464375523889
"ADCK2",1.45888062359091,0.430521422977712,18.4725782878489,0.0272201071985246,0.922464375523889
"ADCK5",2.31819522880462,0.565945793464685,12.1305734986098,0.0375696737221185,0.926865046102263
"ADD1",5.09889413062762,0.326680014286854,14.9667666810321,0.0223753421474559,0.654337803855826
"ADD3",1.11672632982868,0.0746508963416194,27.1366156167887,0.00882221376718791,0.631496227996647
"ADGRE5",0.533955758327618,0.0204174774852133,27.6767550426718,0.00834956409524943,0.554170159262364
"ADGRG1",0.113451636314378,0.00930930842125624,36.6782267791017,0.000646952134579472,0.826802179379715
"ADH5",3.57802471457909,0.184771430986724,18.6921447524256,0.0161072725607252,0.552808046940486
"ADI1",2.18524117584874,0.0856715547191347,21.1771391406149,0.0136235569626448,0.465528080469405
"ADIPOR1",7.07922723711595,0.198107039380755,10.6362665408735,0.0202189710399992,0.342623637887678
"ADIPOR2",3.46204046714026,0.302138965027799,18.4386149633419,0.020122909610842,0.723491198658843
"ADK",1.99232974190283,0.106134130210897,23.0681093738628,0.0122385671655007,0.557942162615256
"ADM",0.0328146089847915,0.00647242648260889,40.2256856020093,0.00432603389294016,0.937971500419111
"ADNP",2.87600279624956,0.388637311739193,17.6535878833601,0.0248872190459334,0.829316848281643
"ADNP2",0.531230134973253,0.230608493963753,28.6820567650822,0.0122682435391912,0.931789606035205
"ADO",0.725045952594813,0.288420662157536,25.7207485109105,0.0165630743482395,0.929798826487846
"ADPGK",5.15768856311153,0.271983120569403,14.9352829405014,0.0201248872987446,0.57407795473596
"ADPRHL2",5.80718020639299,0.394386289726438,13.0887285553782,0.0262827566290692,0.69394383906119
"ADPRM",1.73283779067404,0.477910434601785,16.1810656543635,0.0307893368547169,0.922673931265717
"ADRM1",4.72266912360355,0.0863641062824316,11.9769943566185,0.0202644385496313,0.196353730092205
"ADSL",2.68368361901935,0.134501156844711,21.0859051518342,0.0139100766005165,0.544425817267393
"ADSS",1.95997752167127,0.0746544674114571,21.1164380603907,0.0136963229909654,0.444153394803018
"AEBP2",2.87766893207101,0.410053561444046,17.0254631218791,0.0263164185404971,0.841994970662196
"AEN",1.08563385923392,0.181397335161929,27.9433987783294,0.010667087233305,0.83036462699078
"AES",1.55530439351583,0.059348818641331,22.5656186490498,0.0126482751285228,0.462070410729254
"AFF1",1.46090707993527,0.15690072291483,26.3323842017799,0.0108749844796734,0.741198658843252
"AFF4",2.27198149649106,0.112052673232995,21.6770820160591,0.0132582287295556,0.525146689019279
"AFG3L2",2.19580168507157,0.218724334360009,22.9714151075023,0.0147827310456126,0.734911986588432
"AFMID",0.485822336889072,0.177297484035338,30.902254230393,0.00865076915081933,0.917015926236379
"AFTPH",2.8017063551516,0.129871029250199,19.8468343827314,0.0146065318218007,0.499161777032691
"AGA",1.78927334262944,0.271584214023124,23.240292043895,0.0168301523912464,0.825125733445096
"AGAP3",0.434873707970906,0.19453333069568,30.5018489764357,0.00961328974271653,0.931894383906119
"AGBL5",1.18706487062856,0.460524137066479,17.6345629271908,0.0293475911062036,0.943734283319363
"AGFG1",2.38589187103483,0.321782513893523,20.4860528954813,0.0203772681572565,0.816429170159262
"AGGF1",2.84726562880968,0.198276861558285,21.0478043259134,0.0151643418343008,0.644488683989941
"AGK",1.41253660551945,0.262436805604062,24.5907077948923,0.0157967949437569,0.853101424979044
"AGL",0.955966801484489,0.224671628320397,27.229966932269,0.0127751742160773,0.876571668063705
"AGO1",1.61486006279429,0.384765413466872,19.9714479058316,0.0240125197377272,0.898260687342833
"AGO2",1.72605287155981,0.155552381355805,25.0822158925365,0.0116436034106053,0.700335289186924
"AGO3",2.95463754677443,0.253407464951861,20.2703297528616,0.0173385433236738,0.705783738474434
"AGPAT1",3.76925952053122,0.410476907512593,15.8215613967581,0.0266903555591711,0.803122380553227
"AGPAT2",0.82361461131659,0.0804098562001535,29.6278293712141,0.00681328332610217,0.719719195305951
"AGPAT3",1.84663833242379,0.340748138781046,21.0684798448121,0.0211671812801343,0.864207879295893
"AGPAT5",0.645851961475775,0.0781679235462937,31.3035777067252,0.00539085780050064,0.7691743503772
"AGPS",0.902767863897143,0.117583226631412,29.5903403182952,0.00759033379583884,0.779652137468567
"AGRN",0.172543402506739,0.105413127116098,35.539979163195,0.00266558531650271,0.948868398994132
"AGTPBP1",1.92645953514774,0.354951138102274,20.4104807335723,0.0221583208999274,0.865465213746857
"AGTRAP",0.485601659815737,0.0882138351378564,33.0842775371151,0.00414618400794284,0.842414082145851
"AHCTF1",2.05579898060761,0.208198357476057,23.5457858347459,0.0141106770642796,0.736169321039396
"AHCY",1.95676100881299,0.0976815081974338,23.5282068570641,0.0118949224008454,0.558256496227997
"AHCYL1",1.95845016115667,0.24449806915631,23.385434455732,0.0155829522808883,0.787615255658005
"AHDC1",0.620288921994932,0.230069027819575,28.3378748359612,0.0124237958830034,0.920054484492875
"AHI1",0.505364622999937,0.0172338907067238,27.0803447660486,0.00895847182534323,0.529128248113998
"AHNAK",0.959284893100985,0.0204781246506044,21.659887297026,0.0141531195710181,0.362007544006706
"AHR",0.646206740391378,0.0263974198883377,27.3468709184668,0.00862565127577199,0.554379715004191
"AHSA1",1.36803372854976,0.0197617032423959,17.0692017168476,0.0184988354460003,0.21594719195306
"AIDA",3.91962576282834,0.321619042502737,17.4153140963825,0.0214495121077709,0.720871751886002
"AIFM1",2.17537143984928,0.282818249504114,22.0137934610357,0.0179009635461238,0.804170159262364
"AIFM2",0.538969078550725,0.271631225169982,26.9927714341204,0.0151246261239053,0.943524727577536
"AIG1",0.379789164037317,0.126892832517297,33.2235490057285,0.00518075539831647,0.909681475272422
"AIMP1",4.04183241690759,0.221568242284784,17.5877863287207,0.0175175500709611,0.576802179379715
"AIMP2",2.46882955913021,0.245037674992716,21.9255117269308,0.016311804178128,0.743398994132439
"AIP",3.65874758082185,0.124989265548202,16.7277542574791,0.0166324402015748,0.398575020955574
"AK2",3.64282773545286,0.15828367318404,18.2991360082472,0.015932352909848,0.499476110645432
"AK3",1.70370783609883,0.110294122382018,24.8124882454848,0.0110070747887396,0.618608549874267
"AK6",2.27802066312932,0.132629437367781,22.1722387069391,0.0130990793967827,0.57407795473596
"AKAP1",0.960678435572645,0.312113105042888,24.1453898402087,0.0184760041079222,0.917225481978206
"AKAP10",4.30523120888869,0.446892651687594,14.0171749998231,0.0292188021565069,0.799979044425817
"AKAP11",0.825300577793701,0.127601311430987,30.012733146703,0.00753903846837733,0.80919949706622
"AKAP13",1.70448862583897,0.0322554691481559,17.2513252933403,0.017830925743636,0.246751886001676
"AKAP17A",2.58532341745181,0.189587380443772,21.7752870235103,0.0145060065726981,0.652975691533948
"AKAP8",3.48179878461865,0.355719124408808,17.5469138348153,0.0231207482516372,0.775775356244761
"AKAP8L",3.57098577679495,0.339079460619316,17.5305885650424,0.0221859793842671,0.750838222967309
"AKAP9",1.80042401015913,0.0622624472623408,20.7426764726347,0.0141140478556911,0.410519698239732
"AKIP1",1.37914341286969,0.155375837703825,26.9307679504582,0.0104709720298607,0.757334450963956
"AKIRIN1",3.33925414473543,0.120488960569944,17.2879412574677,0.0162394829539792,0.407166806370495
"AKIRIN2",2.07126224665581,0.0533395129882744,18.2194183758335,0.0163703248138736,0.316953059513831
"AKNA",0.69612974826515,0.0247522184782691,25.6228779201464,0.010273381890596,0.496018440905281
"AKR1A1",2.70471685020322,0.116543290371309,20.4110982962094,0.0142159898672887,0.49455155071249
"AKR1B1",1.41391858098436,0.084971515455271,25.7748877836475,0.0100282522794289,0.606349538977368
"AKR7A2",2.67286458923902,0.178348690429115,22.0356412610688,0.0141707923078224,0.643231349538977
"AKT1",5.21946017546461,0.622348489899115,8.47764003418216,0.0424778766937494,0.875209555741827
"AKT1S1",1.38983061533184,0.2073791709915,26.0628823119715,0.0127166821875218,0.812761944677284
"AKT2",6.79145885316916,0.412981676068351,11.4567446948832,0.0275834462713555,0.669949706621961
"AKT3",0.951657414564751,0.187471178406863,28.2924408160081,0.0106582423813971,0.851005867560771
"AKTIP",0.347383141668934,0.0444143947749061,33.9362766195181,0.00250715994171343,0.797150041911148
"ALAD",1.32481045653966,0.326962863130833,22.7143779763303,0.0198339951242837,0.89501257334451
"ALAS1",0.857289218966411,0.0982513068082999,29.8411243793896,0.00696690189649874,0.755972338642079
"ALCAM",0.202119417244974,0.0167271342854488,35.0295895504768,0.00110639913519821,0.785729253981559
"ALDH16A1",2.11294588807291,0.297063212170505,21.7963258105304,0.0186608181640992,0.819362950544845
"ALDH18A1",1.78306392572901,0.265967393676812,23.3813414142934,0.0165053780488296,0.820829840737636
"ALDH2",0.149387648872879,0.0107835251872205,35.823600553456,0.000244151101713427,0.801445934618609
"ALDH3A2",0.236522573299748,0.0408337965896763,35.8525604272142,0.000667911159361434,0.852996647108131
"ALDH6A1",0.750000388463533,0.36544494489365,22.4362670785016,0.0221030528117783,0.947611064543168
"ALDH7A1",0.120155875532222,0.0671235285565153,37.4313221593155,0.00012948771355796,0.947296730930428
"ALDH9A1",3.36500159521821,0.239275212778099,19.126159063593,0.01730015804186,0.649727577535624
"ALDOA",3.64782934944268,0.0201630333433821,10.3334983391895,0.0243183915198029,0.0237845766974015
"ALG1",1.83693847364039,0.326832178243371,21.5230455341561,0.0202559947259677,0.85697820620285
"ALG12",3.29046552127567,0.459634008129266,14.9846880263563,0.0298834707821661,0.851424979044426
"ALG13",2.30196940873962,0.173632946187723,22.5529950120188,0.0136176835164273,0.651508801341157
"ALG14",0.764198883527815,0.265007808212816,26.5676540744714,0.0150014064014538,0.919425817267393
"ALG2",0.781164477235376,0.0464832523204051,28.0861164106134,0.00786737723637855,0.61326487845767
"ALG3",3.57040750869581,0.258663432542747,18.9816342885765,0.0181784468258355,0.674455155071249
"ALG5",2.19320672919111,0.178595498655973,23.4010695412168,0.0133149089606816,0.685247275775356
"ALG6",1.69750863012252,0.380038126563255,20.007356914825,0.0237292734300305,0.8918692372171
"ALG8",1.93596556598528,0.343910700899086,20.8214850849377,0.021439445841409,0.861169321039396
"ALKBH1",5.47053060440857,0.691065395381724,6.25172000870931,0.048135605369859,0.900984911986588
"ALKBH2",0.99054444433841,0.280519819623981,25.2618047262731,0.0163665313440853,0.902661357921207
"ALKBH3",2.50505035526862,0.461285017092711,15.9062596612223,0.0297983286802603,0.885373009220453
"ALKBH4",3.2509554454289,0.444715172744737,15.4594537439368,0.0288163015235465,0.844195305951383
"ALKBH5",1.67158664242716,0.211881188918002,24.8283967063114,0.0135438228466013,0.781538139145013
"ALKBH7",4.60636079675148,0.177589482757751,16.3065797880602,0.0173637898456825,0.471814752724225
"ALOX12-AS1",1.58664624221294,0.363226126364719,20.7763982334638,0.0224982443958272,0.890297569153395
"ALOX5AP",0.369585304240538,0.00438269063818393,24.9560672324681,0.0113034340076766,0.43650461022632
"AMD1",1.89722227682033,0.0698676225264967,21.253403762622,0.013634891386055,0.440067057837385
"AMDHD2",0.662404943580983,0.161180525816437,30.4412724977995,0.00833080163105638,0.876676445934619
"AMFR",2.18465201714152,0.437936451904461,17.1080557527859,0.0280092774333411,0.88872590108969
"AMMECR1",1.70360759036791,0.409728944854702,18.8787488580478,0.0258171947034979,0.902347024308466
"AMPD2",0.715045479801781,0.187923784210297,29.4131443816132,0.0100027573210892,0.886944677284158
"AMZ2",2.39981252193487,0.130745897827864,21.9108556025769,0.0132877399549382,0.563181056160939
"ANAPC1",0.52235114464753,0.075335816925574,32.4179880398271,0.00439354017719999,0.799979044425817
"ANAPC10",32.5412192430462,0.892796018052245,8.27406598299282,0.0797189700113718,0.845138306789606
"ANAPC11",2.91869382411324,0.0621554272985958,16.2952682887096,0.0177563782885374,0.277032690695725
"ANAPC13",4.38286208426241,0.330670174661183,16.2379567094824,0.0221939445620049,0.698554065381391
"ANAPC15",1.01909382809687,0.088750487480426,29.0236127836436,0.00749384402227869,0.714585079631182
"ANAPC16",3.33533725316383,0.0650812022274147,13.9007195671357,0.0194742309652104,0.210289186923722
"ANAPC2",2.04689719063307,0.279808942931033,22.2110961870957,0.0176195509753288,0.805951383067896
"ANAPC4",2.3983784778871,0.401017773658314,18.0583195653949,0.0255100278116975,0.861588432523051
"ANAPC5",4.18439600955796,0.16674901081875,16.4767481804905,0.0170112837096799,0.459136630343671
"ANAPC7",4.13391414851818,0.514312747452036,12.4059584915405,0.0339838079766927,0.848595976529757
"ANGEL2",3.93053773633261,0.443797280641548,14.6334610962069,0.0289395008966648,0.815276613579212
"ANK3",0.139078714563212,0.0689336275400734,37.1020739652724,0.000211052869978204,0.93964794635373
"ANKFY1",2.14244698791244,0.350942771704619,20.0603316377898,0.0220323586528098,0.848176865046102
"ANKH",0.846244714501522,0.0981135447933237,29.901425559221,0.00691469232675925,0.757648784576697
"ANKHD1",1.12010244994907,0.33460995270537,22.8526211187588,0.0201839698340641,0.911672254819782
"ANKIB1",2.87914286822944,0.376988325686623,17.8809532449906,0.024117781390967,0.819048616932104
"ANKLE2",2.08918251891277,0.11156352359966,22.6186810664808,0.0125905589783338,0.553122380553227
"ANKRA2",3.96944645085397,0.490531281626635,13.1941590057831,0.0321920086714979,0.839270746018441
"ANKRD10",1.18935111942798,0.0352888664692907,22.4170947530105,0.0131094472159288,0.413872590108969
"ANKRD11",2.04798651889063,0.103712517427299,22.593312766342,0.0125627867782944,0.539291701592624
"ANKRD12",1.69858205516644,0.0284043497785033,16.3380286935911,0.0187926874903109,0.210708298407376
"ANKRD13A",1.65202067883183,0.226601807157919,24.7402704893715,0.0141815635584947,0.801760268231349
"ANKRD13C",2.38043924582757,0.271798415277206,21.531431073718,0.0175549375428573,0.772527242246438
"ANKRD13D",1.51943725584497,0.224233031079033,25.1504343536952,0.0138520984670749,0.810875943000838
"ANKRD17",3.22927856860699,0.232899937733771,19.6701858405543,0.016871639712967,0.656328583403185
"ANKRD26",0.660750033941153,0.138694009201235,30.9770155065921,0.00719239839948443,0.857502095557418
"ANKRD27",3.28313662506313,0.449981785013683,15.2314040497154,0.0291835684114275,0.844928751047779
"ANKRD28",0.43951392722356,0.039776333607911,32.5474567711741,0.00375051845657658,0.744656328583403
"ANKRD37",0.343363332497285,0.0324851089709758,33.2837079501156,0.00296741879557168,0.755972338642079
"ANKRD39",1.1415988746706,0.169004206368865,27.9371350318309,0.010245160467717,0.810456831517184
"ANKRD40",2.75520477112557,0.56890785409754,11.7183532791428,0.0378881654862538,0.915444258172674
"ANKRD44",1.34228401223206,0.0850738186475754,25.7581670256734,0.0100037759285462,0.6058256496228
"ANKRD46",2.22453240562465,0.429573482530607,17.3563819059754,0.0274303957692283,0.88359178541492
"ANKRD49",1.47935463076632,0.155646575996574,26.0994446433734,0.0109707861618535,0.73197820620285
"ANKRD52",2.33876441393985,0.400463775096658,18.1679121041026,0.0254455444835645,0.864312657166806
"ANKRD54",3.15524536968135,0.351531321381213,18.2614671984933,0.0226923157611256,0.791806370494552
"ANKS3",3.79947203719138,0.665324168885311,7.57021705485727,0.0456485014556744,0.920787929589271
"ANKZF1",1.55845355965907,0.255402073086591,24.2590596576667,0.0156113548956954,0.831831517183571
"ANO6",1.52677948006045,0.14569310115061,26.1382420883096,0.0107266739688077,0.717204526404023
"ANP32A",3.03302361733937,0.0936297312156794,17.8272294770669,0.0160687522202082,0.378248113998324
"ANP32B",2.04203837907295,0.0253537887433911,14.6152446192844,0.0204633935483071,0.153185247275775
"ANP32E",0.770463607568824,0.0367295261466164,27.6389684082939,0.0083075549496296,0.582145850796312
"ANTXR2",0.499420202639113,0.0417611008292695,31.7775536893844,0.00448548130149139,0.723281642917016
"ANXA1",0.260208231873746,0.00239557715308454,26.7335621538995,0.00952322904917368,0.490360435875943
"ANXA11",2.77233954292556,0.059178561868967,15.8685657424723,0.0181412425542815,0.257648784576697
"ANXA2",0.958199001377762,0.00792207537085601,17.0896175162665,0.0190403779277839,0.19163872590109
"ANXA2R",0.396391368810165,0.111155187739528,33.4370017453001,0.00449853945596578,0.89103101424979
"ANXA4",1.01655658613934,0.112045360666707,29.0275765558098,0.00790396154769762,0.752933780385583
"ANXA5",1.31142775395397,0.0112187590087121,15.2767606381069,0.0206057132235202,0.142288348700754
"ANXA6",1.14854742292659,0.030462650939101,22.0284821534975,0.0135656151539723,0.392707460184409
"ANXA7",4.09074010846108,0.134721621631227,15.7335968239159,0.0172479373506453,0.385687342833194
"AP1AR",1.90557549153544,0.330727743877481,21.2276752721079,0.0205610319271409,0.853730092204526
"AP1B1",2.98476991037797,0.323441019494432,19.2380444952707,0.0209210534570591,0.779861693210394
"AP1G1",6.15909146244319,0.453404856085186,11.7588988226081,0.0300418674794959,0.735540653813915
"AP1G2",2.98154698250271,0.229431694105786,20.2676915341945,0.0164491227247804,0.669111483654652
"AP1M1",3.05274468192775,0.179143363201258,20.156631869612,0.0151620201388671,0.587699077954736
"AP1S1",2.13691353795928,0.223618830719012,23.4600149198501,0.0147865765547854,0.757334450963956
"AP1S2",0.968614727745039,0.0460855258948017,26.2476151757395,0.0095328995969243,0.554274937133277
"AP2A1",5.17458231999367,0.388298402828906,14.2069927439756,0.0257620038999143,0.719509639564124
"AP2A2",2.31952767895988,0.36951340077869,19.169617489708,0.023353225011541,0.848491198658843
"AP2B1",3.19914159554709,0.196307577755037,19.6219389960759,0.0158123308033272,0.598491198658843
"AP2M1",6.05107380550859,0.126533231327962,10.9895337272368,0.0201418640920554,0.239312657166806
"AP2S1",4.85206256549196,0.0969474744259171,12.6868306562993,0.0195895099427394,0.236064543168483
"AP3B1",4.19353198560642,0.29156678827187,17.1206660901907,0.020167022610481,0.667644593461861
"AP3D1",4.12621955924067,0.368171910262216,16.0869788363205,0.0241588895129287,0.748952221290863
"AP3M1",6.03589333803804,0.453625933347236,11.7576794920657,0.0299839221746444,0.736483654652137
"AP3M2",0.783036049867978,0.135621682772226,30.2304498654906,0.0076208767874037,0.829002514668902
"AP3S1",2.82798529793743,0.113458162839334,19.0975351910952,0.0150449039367608,0.449392288348701
"AP3S2",6.49849717927883,0.789695079832813,3.08345518987495,0.0569446740523628,0.928017602682313
"AP4B1",1.36953500627192,0.248334931985204,25.0589886295921,0.0149172683114498,0.845766974015088
"AP4M1",2.32999443768077,0.440899894793403,16.7866520426283,0.0282642417258427,0.882753562447611
"AP5M1",4.48802759153248,0.387694110272851,15.1011970786095,0.0254644086775384,0.746961441743504
"AP5S1",1.08970121906359,0.272685750958627,25.2834951117074,0.015978798426107,0.890926236378877
"AP5Z1",2.65406142093833,0.284377197157659,20.4148971921506,0.0185215727504888,0.757544006705784
"APAF1",1.20210214676469,0.207281014241632,26.8547057238382,0.0122811080158233,0.837279966471081
"APBA3",1.80134439325217,0.161758155095393,24.4715690101415,0.0121442839547303,0.691429170159262
"APBB1IP",0.854740144540771,0.0214101603211914,22.7910965212684,0.0130432030927791,0.399518021793797
"APBB3",0.365095809083752,0.162066778900663,32.0780571402484,0.00727201519314974,0.929903604358759
"APC",1.58889330930998,0.20818696640619,25.2597210362647,0.0131846682229438,0.789082145850796
"APEH",3.98602348842531,0.338854389563651,16.9533887565502,0.0224193436106772,0.732292539815591
"APEX1",2.66232160398014,0.0759514478033492,18.4505186653058,0.0158169851377047,0.366198658843252
"APEX2",4.43136225785293,0.449235235559517,13.8504726160419,0.0294221877482985,0.79777870913663
"APH1A",117.988656056813,0.784205904258025,6.99497162432419,0.0682449653661914,0.301550712489522
"APH1B",1.54299313610462,0.346221402184533,21.5031062161984,0.0213104972677608,0.88673512154233
"API5",4.90968751571982,0.239732770647264,15.457922641226,0.0189291455029863,0.541596814752724
"APIP",10.2693474204331,0.512947081913922,7.62535965081904,0.0347238332869255,0.678122380553227
"APLP2",1.03685789694857,0.0469608282463365,25.3054149998282,0.0103560298299803,0.525880134115675
"APMAP",1.60668288814948,0.0629432587229751,22.1361178805023,0.0129545003098817,0.454840737636211
"APOBEC3C",0.812801102239515,0.0708571241112051,29.7493928460854,0.00660353887228581,0.70766974015088
"APOBEC3G",0.46409974335043,0.0183746301129189,28.5159326961274,0.00754533044431531,0.577535624476111
"APOE",0.0333580115176309,0.00153970775697446,39.2841801604146,0.00345207621008264,0.898889354568315
"APOL2",0.809015635080698,0.153655403269475,29.7794257648843,0.00850718608668075,0.843776194467728
"APOL3",0.55134446109411,0.0917957815754139,32.4164053254317,0.00477446983634888,0.827011735121542
"APOL6",0.713940307189531,0.0740368621967905,30.5963312834263,0.00591859190212911,0.739836546521375
"APOO",1.80872873330622,0.336363443045795,21.3860840823132,0.0208522671414577,0.867246437552389
"APOOL",1.68840483403155,0.505345692656981,15.1487390785429,0.0328420564840458,0.932627829002515
"APOPT1",4.32607903205833,0.443072174150159,14.3116341849895,0.0290394990543088,0.802808046940486
"APP",0.246434821849336,0.00801616341052059,31.4189313514563,0.00469763945514044,0.653185247275775
"APPBP2",3.086655029727,0.293068026887283,19.3819302265433,0.0193548265601829,0.738788767812238
"APPL1",2.37089046941762,0.140672510338759,22.5827482040008,0.0130234976549775,0.599853310980721
"APPL2",0.829219959064317,0.298863080005599,24.991201876406,0.0174178111018292,0.923197820620285
"APRT",3.7063723792122,0.06045706406805,13.0749114685978,0.0202645983050391,0.179484492875105
"APTR",0.689986985563512,0.281389489407684,26.1016178519468,0.0160285130994355,0.930741827326069
"APTX",3.41247644056375,0.331002599963859,18.1581550874691,0.0216391082058498,0.757858340318525
"AQP3",0.201055565613166,0.0119380177548324,33.8879912870883,0.00220458191448385,0.740360435875943
"AQR",2.69176245662571,0.305505685348525,20.0341177989512,0.0196841086581269,0.777766135792121
"ARAF",31.2939985715392,0.773804931742808,3.66519217796789,0.0610861662779207,0.682837384744342
"ARAP1",2.05842243547251,0.321534445558842,21.0582350880712,0.0201047691853887,0.834346186085499
"ARAP2",0.867620423832534,0.0592420450518265,28.1805005059514,0.00782243021054806,0.638202011735122
"ARCN1",3.68040289770393,0.22880772831475,18.4712029742744,0.0173000854287491,0.614103101424979
"ARF1",10.0560456348795,0.0882401269666063,5.14532674746666,0.0242341200573327,0.0360435875943001
"ARF3",6.09097581512366,0.39172048531275,12.9233644087244,0.0262522807404214,0.684513830678961
"ARF4",2.21860243390449,0.0451495830919213,16.5000947064868,0.0180385849303334,0.249371332774518
"ARF5",9.07700295212303,0.139411133016166,7.10114946179854,0.0220839700016016,0.162091366303437
"ARF6",3.12198929926007,0.0775775711602382,16.4698071626857,0.0172815417003889,0.309828164291702
"ARFGAP1",3.75593477921766,0.475516339646508,13.9292366709951,0.0311036154236523,0.840632858340319
"ARFGAP2",4.37862709227123,0.282348255668566,16.4136000669759,0.0199388761251384,0.633172673931266
"ARFGAP3",1.23513383018315,0.0592176754446516,24.6065870591492,0.0108953875639594,0.525356244761106
"ARFGEF1",3.19138792411902,0.313232175657506,18.7669210048888,0.0205036951017172,0.750314333612741
"ARFGEF2",2.47624248337468,0.418574669968167,17.3392573311047,0.0267452783255538,0.865674769488684
"ARFIP1",3.00673268940114,0.391165495678341,17.3736556178484,0.0251105984161954,0.824182732606873
"ARFIP2",5.26788463014074,0.430250673632768,13.1483165387094,0.0283307130977853,0.747380553227158
"ARFRP1",3.38934457164448,0.320561391047089,18.2661691992127,0.0210423574877663,0.745808885163453
"ARGLU1",3.93710504363214,0.0922109089402431,13.8330243978458,0.0188430476433511,0.257753562447611
"ARHGAP1",1.70427912264152,0.21294883191388,24.7208025904342,0.0136471057411977,0.779861693210394
"ARHGAP12",0.690346555683296,0.178753444357977,29.773180922565,0.0094144952587527,0.883696563285834
"ARHGAP15",1.26702009356836,0.0662842267678823,25.3558685708854,0.0102706717495161,0.561295054484493
"ARHGAP18",0.366749081190112,0.0804609922546959,34.2495941896761,0.00297712987515227,0.866932103939648
"ARHGAP21",0.686134797668708,0.161645383987982,30.311573056821,0.00843525786257025,0.873323554065381
"ARHGAP27",1.22189977486417,0.24261880719367,25.7066889793534,0.0143435285588549,0.857082984073764
"ARHGAP35",1.14586334976192,0.339233007441849,22.6597353805274,0.0205262207953471,0.912720033528919
"ARHGAP4",1.52000655187637,0.110365154656868,25.6926005990186,0.0103438823021747,0.645955574182733
"ARHGAP5",0.574693208483958,0.0748849620593395,32.1321760573583,0.00464439146933279,0.790129924559933
"ARHGDIA",4.56189443022481,0.0767844579487068,11.9355841908792,0.0205615571558781,0.178122380553227
"ARHGDIB",1.02052086038267,0.00462962685192678,15.6863235071513,0.0205897777009162,0.140716680637049
"ARHGEF1",1.50459304304845,0.0689202723266381,23.3439224992058,0.0119143891671944,0.502829002514669
"ARHGEF12",0.378087238727485,0.112549308229275,33.5635024938405,0.00444566908760551,0.89731768650461
"ARHGEF2",1.55577063930466,0.107289287256671,25.4171298143379,0.0105074743417713,0.632334450963956
"ARHGEF7",1.47355082785515,0.139479574670916,26.0758860428762,0.0105823149125516,0.705259849119866
"ARHGEF9",0.667368955242559,0.20157701078506,29.1619617101234,0.0107065893362737,0.900775356244761
"ARID1A",2.41890287369745,0.181414761720683,22.428327362431,0.0139334919546595,0.659995808885163
"ARID1B",1.79647702255528,0.236129067623713,23.944124863041,0.0149404741263268,0.792015926236379
"ARID2",1.81779560788164,0.154213262081874,24.5299648661269,0.0119471454992936,0.681160938809723
"ARID3A",0.351134046569759,0.104769788206271,33.9791793844967,0.00387966342915619,0.897946353730092
"ARID4A",1.53228491099784,0.106249707898287,25.2555009287754,0.0105894651980157,0.625523889354568
"ARID4B",2.64855711339238,0.0575150845577523,15.6119736122308,0.0183722547002806,0.245913663034367
"ARID5A",0.815176333424189,0.035725906166416,26.1244690323775,0.00968787583457506,0.531852472757754
"ARID5B",0.719737734915877,0.0139569023512185,22.2756865017828,0.0137317110002542,0.36871332774518
"ARIH1",2.5828329060738,0.221098460609098,21.6165366016005,0.0155334581494498,0.697191953059514
"ARIH2",7.27201654452145,0.248061553284523,10.792698529044,0.0209145447617766,0.420683151718357
"ARL1",3.97044977423053,0.273313867434603,17.6354545431252,0.0192055410467433,0.656119027661358
"ARL13B",0.826605457891144,0.138761477100325,29.9871681477716,0.0078962584796174,0.82638306789606
"ARL14EP",2.00890846253516,0.144570713365076,23.5513395772952,0.0123723452561952,0.63558256496228
"ARL16",6.63072541180487,0.415725426721456,11.6859772740519,0.0277317147084806,0.680637049455155
"ARL2",0.679463029639004,0.171171996557008,30.0911808525847,0.00893052792533715,0.881601005867561
"ARL2BP",3.41625722972415,0.164475067391817,18.6337906235898,0.0157458243034617,0.518964794635373
"ARL3",0.975721138478272,0.0742717343923775,28.5908342280226,0.0076295882541307,0.676760268231349
"ARL4A",0.439334372892501,0.0367141423465141,32.0426614266024,0.00418384821191352,0.723176865046102
"ARL4C",0.626709855208108,0.0222121909233755,26.8913224731632,0.00910299133406526,0.532271584241408
"ARL5A",5.62514920022918,0.204048414606801,13.8867683511222,0.0188932393484324,0.442686504610226
"ARL5B",0.409260349272602,0.0464781958201072,33.3103842878729,0.00312462761450779,0.780490360435876
"ARL6IP1",1.39006257981204,0.0578484985399784,23.3393437235106,0.0119903339395218,0.483340318524728
"ARL6IP4",4.41971624897108,0.0899335752647052,13.5777147821482,0.0191421406313037,0.249056999161777
"ARL6IP5",1.57567051182062,0.014664379923288,14.4873451209655,0.0211479994895196,0.125628667225482
"ARL6IP6",3.07054838235501,0.156383460368696,19.915605451979,0.0149095292461941,0.544425817267393
"ARL8A",2.70352488781938,0.368630828450809,18.5873624938805,0.0235116010922717,0.828269069572506
"ARL8B",1.61416052624409,0.0554253424604803,21.477336959542,0.0136010545632893,0.421102263202012
"ARMC1",3.19115180429627,0.266179708283158,19.7636577231787,0.0181236852685943,0.709555741827326
"ARMC10",4.51893096366874,0.292787603339567,16.5010491442456,0.0204558286726151,0.650775356244761
"ARMC6",2.2028647324832,0.347090238754481,20.2110933741875,0.0218298185669741,0.846605196982397
"ARMC7",1.48838211201517,0.336938205189073,21.9325905125547,0.0206426647746831,0.885896898575021
"ARMC8",5.28177253941317,0.357256127853693,14.188046412983,0.0240023317667628,0.675083822296731
"ARMCX3",1.30505644111768,0.0851502760537118,25.9493364054436,0.00984655262804326,0.611902766135792
"ARMT1",3.54115655112327,0.396125873692721,16.3962134543006,0.0256482993972623,0.800398155909472
"ARNT",2.69055910404943,0.419520453065551,16.9811738898873,0.0268867183364576,0.855406538139145
"ARNTL",1.12037129967817,0.110920456487588,28.1049941861695,0.00855088565160141,0.722129086336966
"ARPC1A",2.92253543277827,0.124555779332627,19.6703267153757,0.0147427455046395,0.485435875943001
"ARPC1B",2.10131378665753,0.0337420153636399,16.481846221132,0.0184714623429494,0.227891869237217
"ARPC2",5.6109465056746,0.0288273507155957,8.85112455121419,0.0247653535220141,0.0122590108968986
"ARPC3",6.61408024310289,0.0436055674759942,8.02360835817179,0.0245105181482017,0.0212699077954736
"ARPC4",3.71752512362292,0.313917065463573,17.8277082125358,0.0209121496941726,0.722233864207879
"ARPC5",4.23510135994475,0.054912269812409,11.5617973418215,0.0215966578860301,0.127409891031014
"ARPC5L",3.71017052393462,0.102255112280436,15.8837010630157,0.0173504849124694,0.335917854149204
"ARPP19",3.95964876283792,0.116816305423394,15.2505006901968,0.0175957977239408,0.341575859178541
"ARRB2",1.19156089778801,0.045218154949991,24.4581301741462,0.0111575324462212,0.496437552388935
"ARRDC1",2.85925499105669,0.244949686103224,20.4746477107571,0.0168937005482227,0.699182732606873
"ARRDC1-AS1",3.77985820064618,0.631242861989116,8.86825094415015,0.0429618714125101,0.911253143336127
"ARRDC2",0.524423221144997,0.0408027384449446,30.9227407705187,0.0052528833835923,0.694153394803018
"ARRDC3",0.437217729111142,0.0704818940729385,33.4036883147349,0.00345978644366865,0.823449287510478
"ARSA",1.08989014421199,0.119535652038862,28.2950383810655,0.00858299305714907,0.742141659681475
"ARSG",0.586326109954601,0.207649176262561,29.3411929357601,0.0108692051036657,0.916072925398156
"ARSK",3.28239206684789,0.61149139897386,9.77936439350272,0.0412754648033413,0.914710813076278
"ARV1",1.39191055429347,0.312333231468266,23.0412188904358,0.0189204544283169,0.88243922883487
"ASAH1",0.608037461338745,0.0375777130377272,29.4775466464838,0.00658367764859973,0.642288348700754
"ASAP1",0.417283255711491,0.0628517748867006,33.7454992721469,0.00301821953492456,0.821772841575859
"ASB1",1.7508914603894,0.252732099406858,23.7576907940393,0.0157349335211664,0.812028499580889
"ASB6",13.9164556288683,0.746147762752132,3.8231871842818,0.0547920071848692,0.816429170159262
"ASB8",3.37039169460192,0.302452425195902,18.6680123548104,0.0200659505013448,0.730930427493713
"ASCC1",3.23130519323962,0.343943401501585,18.0930368610418,0.0222694186272786,0.775565800502934
"ASCC2",30.7506618745655,0.78159961038184,3.92649600680525,0.0620754538867272,0.698134953897737
"ASCC3",2.82656296842538,0.272100316472399,20.4957054170239,0.0180372679338805,0.740989103101425
"ASF1A",1.15179604353045,0.060293197484782,25.8256041216055,0.00987070965685136,0.565695725062867
"ASH1L",2.99019098076894,0.127568304456852,18.9168753835452,0.0151898127852138,0.467414082145851
"ASH2L",2.08324275897042,0.376919228352524,19.4009006672652,0.0237235459676056,0.867351215423303
"ASL",1.77070447357011,0.272763737329737,23.2832369057137,0.0168716677801568,0.828269069572506
"ASMTL",1.32989112367786,0.122841884411561,26.9394111340132,0.00964454899813463,0.705155071248952
"ASNA1",8.15871357234549,0.291603476943017,10.3525115638747,0.022446036204912,0.470347862531433
"ASNS",0.847132996046504,0.193618667880842,28.6496516597462,0.0106911918049217,0.871961441743504
"ASNSD1",6.30975331199592,0.363359564507907,12.6649063036731,0.0247152349050514,0.637468566638726
"ASPH",0.180327225487633,0.0312732094672909,36.6882726152698,0.000306699499147176,0.864103101424979
"ASPSCR1",6.59733411901792,0.563810214981037,9.27002866185094,0.0380716424970257,0.809513830678961
"ASXL1",1.41933136265322,0.149560367745182,26.5691709658176,0.010524269073705,0.736797988264878
"ASXL2",1.38906747917669,0.118485361049435,26.3173532604856,0.0099868007626784,0.678646269907795
"ATAD1",4.71043054024421,0.308107963514063,15.8333637242053,0.021277150515604,0.653394803017603
"ATAD2",0.257008033002033,0.0372346348607638,35.5293170853899,0.000913284582785071,0.836546521374686
"ATAD2B",1.08081329967708,0.159348782335848,28.2135894205827,0.00972756542735265,0.803751047778709
"ATAD3A",1.4673765093258,0.294858322838167,23.5180528948018,0.0178576892205964,0.869970662196144
"ATAD3B",2.19264898025787,0.360329391650254,19.7551168608395,0.0226817567965865,0.852787091366303
"ATAT1",2.41982398684598,0.522425091506687,13.7276013326071,0.034275801805333,0.910310142497904
"ATE1",3.04046402147117,0.360592105074885,18.0635651360197,0.0231690411478195,0.79976948868399
"ATF1",3.39696769260692,0.214864896795905,19.3706764792143,0.0164872473363039,0.619656328583403
"ATF2",4.75120671382733,0.275604369642957,15.8256714451711,0.0199456208331021,0.605616093880972
"ATF3",0.0989855405043404,0.00474719858624517,36.1337488033121,0.000145045572511368,0.801236378876781
"ATF4",2.30741959781075,0.0617681122551524,19.3091905862504,0.0153684582079932,0.367141659681475
"ATF5",0.239866124288878,0.0135636502919255,33.0700144658621,0.00303640231184326,0.716575859178541
"ATF6",1.44200538327316,0.174152281783448,26.2602983305436,0.0114238462003894,0.766450125733445
"ATF6B",5.62274133486868,0.324908346364714,13.8899926038893,0.0225436077246956,0.61986588432523
"ATF7IP",1.32433188566389,0.083919053352279,25.691186813432,0.0100391764156699,0.601739312657167
"ATF7IP2",0.634035110043884,0.0894952594105831,31.592432158055,0.00538293198106178,0.797045264040235
"ATG10",2.52523661394239,0.531150542255535,13.3422510445617,0.0349746704903428,0.910729253981559
"ATG101",3.5780612088066,0.198351563509932,18.7572416121651,0.0163593503439081,0.575859178541492
"ATG12",11.3369475931824,0.380747893845525,6.23076536486375,0.0266417717032905,0.473491198658843
"ATG13",6.09960926207214,0.456408459560559,11.734106916523,0.0302154823848442,0.739207879295893
"ATG14",1.50948511425397,0.316292383636964,22.5502005381413,0.0192946222736783,0.873218776194468
"ATG16L1",0.9696763074288,0.174894752190047,28.4754516909514,0.0100804900748231,0.836756077116513
"ATG16L2",1.03232800132283,0.256745213515129,25.923890574297,0.0148912961067507,0.886106454316848
"ATG2A",0.845273156248778,0.155054094911707,29.4474016129138,0.00876155363418801,0.835603520536463
"ATG3",2.53106766981719,0.100571640822957,20.3938691106042,0.014185435521614,0.467204526404023
"ATG4A",2.50117685350277,0.441766113075004,16.5169618254227,0.0283784030354731,0.875104777870914
"ATG4B",3.49530162088852,0.223067070070276,18.7703616882115,0.0169460359675344,0.614312657166806
"ATG4C",1.67495622061219,0.397748409769258,19.3866331290691,0.0249567124162367,0.899832355406538
"ATG4D",5.60439348119481,0.442366060999803,12.47426686419,0.0291740738466903,0.743398994132439
"ATG5",9.57542768225936,0.359709029907399,8.52783206841845,0.025475382055653,0.510896898575021
"ATG7",2.34913639237295,0.425946069988238,17.2854543423932,0.0272150040905515,0.875523889354568
"ATIC",1.77965727295497,0.157394636280816,25.1025184991923,0.0117138768594669,0.703897736797988
"ATL2",0.89520011819814,0.175813445989257,28.8499924663968,0.009884294989721,0.849958088851634
"ATL3",4.16220320814717,0.307294406246444,17.1151623504894,0.0208800630504591,0.690590947191953
"ATM",1.01849513111069,0.0860052285698733,28.1974799669262,0.00805912052518078,0.683885163453479
"ATMIN",1.92625595420687,0.41004661580377,18.5082414738162,0.0259356770198704,0.890611902766136
"ATN1",0.751422482027167,0.197253353469442,28.9790312545463,0.0106441336940659,0.888097233864208
"ATOX1",1.84903044324412,0.0564240569868311,20.939012368669,0.0140820832246082,0.406957250628667
"ATP10D",0.41439955964849,0.109957037289252,33.2839709505832,0.0045769248092611,0.884220452640402
"ATP11A",1.32933345996688,0.487858676553525,16.2732477051693,0.0314339462398162,0.94279128248114
"ATP11B",2.72441904344822,0.280705446605893,20.3888044700692,0.0183926057945578,0.751047778709137
"ATP11C",0.644040460760033,0.215665521324885,28.7741114492871,0.0115361054368183,0.910938809723386
"ATP13A1",2.50552484766669,0.273445458550937,21.1498861524535,0.0177822154805928,0.763306789606035
"ATP13A2",0.667212361194954,0.251081552871757,27.3482495482019,0.0139216520483665,0.922150041911148
"ATP13A3",0.4422267241061,0.0417622452158836,32.4467370386158,0.00385762183997076,0.744761106454317
"ATP1A1",1.06498644928376,0.0255627198663004,21.4724130835144,0.0141904137211823,0.365674769488684
"ATP1B1",0.214856881054627,0.0245386576998787,35.5507443450858,0.000688202218860991,0.815905280804694
"ATP1B3",1.16922541153935,0.019972394565217,18.6082752477512,0.0170495322266308,0.264249790444258
"ATP2A2",1.52146418526543,0.125304435455685,26.1966901152613,0.0102580309227227,0.686085498742666
"ATP2B1",0.74259158277077,0.0351318970647558,27.5713667824915,0.00836877870869053,0.577116512992456
"ATP2B4",0.908383385442414,0.0464547925207579,26.9344819707299,0.00891587346735798,0.576697401508801
"ATP2C1",1.96845239091075,0.174596220837493,24.088102252913,0.0127650280858652,0.700020955574183
"ATP6AP1",2.69945576142166,0.132587182993105,20.2267602869014,0.0143661902749148,0.514983235540654
"ATP6AP2",3.67345018301302,0.114860644693158,15.8232311803996,0.01721476670577,0.354568315171836
"ATP6V0A1",0.2452013602197,0.102453691550363,34.9760908506016,0.00301587098261741,0.926026823134954
"ATP6V0A2",1.56951595939453,0.21944573818587,25.1128248293531,0.013690981644949,0.802179379715004
"ATP6V0B",4.46527460451759,0.064061099484724,11.0873265033776,0.0215720392399624,0.130134115674769
"ATP6V0D1",3.50758559005287,0.106512110436584,16.2438912386595,0.0170212094983029,0.352996647108131
"ATP6V0E1",5.24662839827754,0.0546302768440678,9.08559179344474,0.0233486294371968,0.0595138306789606
"ATP6V0E2",0.964451674745189,0.113241717986241,29.3854365232998,0.00766219078587661,0.766135792120704
"ATP6V1A",1.30783527993963,0.0865099928048395,26.1229104145706,0.00972920568095885,0.619656328583403
"ATP6V1B2",1.13523470453743,0.0695151139542409,26.3939442966265,0.00939250151464179,0.599329421626153
"ATP6V1C1",1.1298394597981,0.111024718024978,28.0994088578882,0.00856257182904153,0.722129086336966
"ATP6V1D",4.70540730407717,0.233132207344316,16.2830655963039,0.0184838365704395,0.555846605196982
"ATP6V1E1",4.63947533436024,0.245578297557468,15.9567880089532,0.0188613106454844,0.564962279966471
"ATP6V1F",3.92916697058241,0.0717534157056576,12.8507571150511,0.0200523919728959,0.193315171835708
"ATP6V1G1",4.34549998054905,0.0444235198879833,9.91762484854679,0.0232776972956251,0.0597233864207879
"ATP6V1H",2.1210625496731,0.167037167653105,23.4337019396749,0.0129592190586421,0.667958927074602
"ATP7A",0.49883334785401,0.184763574827657,30.5141536247753,0.00918872535731691,0.916701592623638
"ATP9B",1.8857327209342,0.31978601588486,21.5352367418774,0.0198509639218264,0.846605196982397
"ATPAF1",1.40313572355244,0.228567599736393,25.6535898739135,0.0138092350999013,0.833193629505448
"ATPAF2",1.73521023416029,0.339712478846522,21.3324666321024,0.021016758367452,0.871018440905281
"ATR",2.09078254354806,0.36522887291447,19.7054065889593,0.0229379717824205,0.859073763621123
"ATRAID",2.66623843500057,0.115060496751662,20.4287938799314,0.0141881967815764,0.49256077116513
"ATRN",0.995638052172104,0.330629010502944,23.3297547757576,0.0197983684191671,0.920578373847443
"ATRX",3.04962596373266,0.0888903537606235,16.9722652033808,0.0167024347457447,0.343985750209556
"ATXN1",1.39094750280247,0.0892307439736359,25.6678261592629,0.0101115529774504,0.610016764459346
"ATXN10",3.47422947944859,0.16247776652489,18.5617049298213,0.0157818079283189,0.51372590108969
"ATXN1L",16.9835445586757,0.866260023395085,3.46389711199735,0.0689643948698506,0.892812238055323
"ATXN2",1.83363007657824,0.191988916603212,24.4827796038672,0.0130466890914936,0.739626990779547
"ATXN2L",5.71008773366344,0.250780536694997,14.18274209772,0.0198436769772309,0.520955574182733
"ATXN3",2.98738729113117,0.274478003688729,19.8644701503341,0.01834490952662,0.725481978206203
"ATXN7L1",0.956596949270155,0.213155873631042,27.6035767008976,0.0120865187060135,0.870075440067058
"ATXN7L3B",2.01870527433032,0.207559072459999,23.6631470438109,0.0140218621347136,0.738788767812238
"AUH",1.40625933524312,0.249161369559975,25.0384485216206,0.0149932825149042,0.846290863369656
"AUP1",10.6639166236093,0.197712731802468,5.12750865885956,0.0223689547437648,0.198344509639564
"AURKAIP1",4.75865729933477,0.101488904200534,12.7027092537875,0.0194632327072255,0.243398994132439
"AVL9",5.24819345391102,0.536151524205392,10.798140273596,0.0357408758785234,0.82523051131601
"AVPI1",0.179458149705592,0.0560654188415091,36.8305515386755,0.000104731413174602,0.909786253143336
"AZI2",2.55132454521571,0.230125684796353,21.7452513116132,0.0158084876461308,0.715004191114837
"AZIN1",2.52437008586677,0.0981547407979031,19.9025373601164,0.0145126131670006,0.447925398155909
"B2M",7.04496147607185,0.00198424595024143,9.48400300170756,0.0255419124588085,0.00104777870913663
"B3GALNT2",0.814856242640515,0.220135666651675,27.9689143343232,0.0121868862151036,0.892602682313495
"B3GAT3",3.41934195656642,0.255151295134891,19.2193945165271,0.0179031483139194,0.676445934618609
"B3GNT2",1.11150648553156,0.0648999739496801,26.3051000484712,0.00945434029328733,0.588642078792959
"B4GALT1",1.15140609749251,0.0598918431806457,25.6693828975373,0.00999834938555831,0.560037720033529
"B4GALT3",4.12495511640149,0.246438221546349,17.2506723607078,0.0183703140604765,0.604463537300922
"B4GALT4",1.26464885677884,0.255551665569908,25.2172858474717,0.0151748500829631,0.862007544006706
"B4GALT5",0.738714442993619,0.20565824988986,28.7339800204866,0.0111304691532024,0.893755238893546
"B4GALT7",1.05608772562489,0.267395936280441,25.4946012479091,0.0156046886416772,0.889354568315172
"B4GAT1",0.770865845004857,0.36204610648728,22.544712264985,0.0218695463734423,0.945620284995809
"B9D2",1.10187964003007,0.242272603926208,26.2179308124583,0.0140931919054271,0.872485331098072
"BABAM1",5.33701633232904,0.490445451695269,11.9978322207691,0.032501432643047,0.79662615255658
"BACE2",0.0565300294750401,0.0143893257141482,39.5274174285563,0.00344563660467874,0.928331936295055
"BACH1",1.15293240770989,0.0672241462098057,26.1447525599006,0.00959702169966416,0.587594300083822
"BAD",4.20210028754254,0.26306914991174,17.452269327622,0.0189677174509499,0.635163453478625
"BAG1",2.25325178900727,0.0948831997666472,21.14987634797,0.0136097253852926,0.480301760268231
"BAG3",0.209545936681091,0.00443143520688917,30.2476169553161,0.00589504626991378,0.608549874266555
"BAG4",4.27007603515527,0.447160656086735,14.1536381058141,0.0292623199572476,0.804379715004191
"BAG5",3.46840019183611,0.32250484915988,18.1165553509103,0.0212018862345081,0.744027661357921
"BAG6",6.86322413607833,0.289610419338235,12.0745094605401,0.0217652854540518,0.516450125733445
"BAIAP2",0.225491190056814,0.031882593130235,35.7094540523123,0.000643722443869635,0.833403185247276
"BAK1",1.51501777892292,0.0955258445024043,25.5272055853222,0.0103117326784426,0.616303436714166
"BANF1",4.818843846836,0.0825722854709372,12.1615511044171,0.0202705021728952,0.196353730092205
"BANP",1.50684624404471,0.0931916652395348,24.8175174749178,0.0107841551641886,0.59010896898575
"BAP1",1.12605455167901,0.219757811467569,26.7394988004433,0.0128328775448462,0.853415758591785
"BARD1",0.68394023761877,0.1317270330967,31.094433055428,0.00690413879903994,0.849958088851634
"BATF",0.323627703375727,0.00424744262780707,26.0153277521501,0.0102251814451113,0.470557418273261
"BAX",2.01388109923171,0.0560813983592662,19.2482669186821,0.0154713170880038,0.35383487007544
"BAZ1A",1.66514127928668,0.0431340172026896,19.9915012665371,0.0151161039151105,0.352891869237217
"BAZ1B",2.45691194034242,0.105549962271101,20.8934490553586,0.0138233040038172,0.490674769488684
"BAZ2A",2.98648361946707,0.17623909976135,20.1361016977488,0.0150782889826044,0.582460184409053
"BAZ2B",0.409287604460245,0.0573458177274518,33.645216877835,0.00299686470411834,0.809409052808047
"BBC3",0.259364658291323,0.0655342767043178,35.6246428239961,0.00141796420446398,0.886525565800503
"BBIP1",3.83752227745953,0.386715747271399,16.2169813172119,0.0251766062271597,0.780385582564962
"BBS2",1.38764724742005,0.433457321938943,18.4451556499328,0.0274035795187037,0.926445934618609
"BBS4",1.07504375659521,0.404819597621266,20.1339298389642,0.0251729902830579,0.935980720871752
"BBS7",2.05281979085742,0.349968533750592,20.3656814649707,0.0219149244605614,0.856139983235541
"BBX",1.50898727203779,0.0929354951117876,24.9608925599325,0.0106848308669878,0.594195305951383
"BCAM",0.03435364645938,0.00382310423135635,39.8614319327656,0.00400500035431627,0.92162615255658
"BCAP29",2.35866802366843,0.195872012384808,22.7606212932234,0.0141766261218378,0.69279128248114
"BCAP31",118.559211477313,0.771804674253259,5.44406371000824,0.0658486393817482,0.282795473595977
"BCAS2",1.68161747380487,0.081533196378687,22.7170762820757,0.0123623780041534,0.505029337803856
"BCAS3",0.209706960245014,0.0326435350493662,35.9872266753229,0.000387107880723866,0.843671416596815
"BCAS4",0.294979118984132,0.0678862022545386,35.1161293493834,0.00191863141363298,0.874056999161777
"BCAT1",0.352507321646785,0.0284934495342322,33.0940908578266,0.00312272293526837,0.743084660519698
"BCAT2",1.84344015864594,0.316883062803527,21.9269091629448,0.0196224457591729,0.854044425817267
"BCCIP",4.60020253219754,0.214502910229169,16.3604249448468,0.0179557031746413,0.529966471081308
"BCDIN3D",3.45653778664754,0.606005643164461,9.89118899511047,0.0408794898448691,0.9087384744342
"BCKDK",7.69425248311216,0.467546525718615,9.9546992950049,0.031200306282158,0.696877619446773
"BCL10",1.63446429506558,0.124133501336178,25.1616575940391,0.0109235342421195,0.652032690695725
"BCL2L1",0.349005635025732,0.0298665352171139,32.9351023086493,0.00327595596012339,0.740255658005029
"BCL2L11",0.538808843341747,0.0404272495879905,30.7952293191777,0.00537309343912571,0.689438390611903
"BCL2L12",1.09795525000638,0.133391174492293,28.7832266543845,0.00863423594091402,0.779861693210394
"BCL2L13",0.71278450167117,0.0746555063604281,30.6923048334106,0.00585190745318249,0.743922883487008
"BCL3",0.762313871917298,0.0614855745942978,29.646297516407,0.00657738626718949,0.688600167644593
"BCL7A",0.185960890907888,0.0600357033203077,36.6865783393385,0.00033628426098628,0.911672254819782
"BCL7B",4.15008989936188,0.196725762391393,17.1597374015077,0.0171411634127786,0.526089689857502
"BCL7C",1.78663879389106,0.259417352995698,23.6481639059759,0.0161195575095539,0.818839061190277
"BCL9L",0.687387638068996,0.155617632647593,30.417835591145,0.00814477684557832,0.867036881810562
"BCLAF1",3.16603989233177,0.104200427230826,17.2876337582361,0.0163188636747072,0.379715004191115
"BCOR",0.911885506724597,0.189785880412816,28.4394748148289,0.0106626649555536,0.859283319362951
"BCR",0.665609399212037,0.293097609007671,25.6899786516962,0.0168175983209822,0.936295054484493
"BCS1L",3.69544248644979,0.572307565873484,10.9515754603656,0.0383151947573954,0.890402347024308
"BDH2",0.880653003170207,0.151145300074839,29.4041125392396,0.00867490888932428,0.827954735959765
"BDP1",2.20353820879834,0.106330694493682,21.7336560203553,0.0131848125649157,0.517288348700754
"BECN1",7.7270655183964,0.329718081120215,10.6142672058371,0.0236220998085701,0.530699916177703
"BEST1",0.503670033026607,0.102350172167185,32.6517135828502,0.00484965768999743,0.851739312657167
"BET1",1.41829495413763,0.131689457003701,26.4409228191939,0.0101734221288552,0.704002514668902
"BET1L",1.87302994481051,0.186478857857748,24.2499485287602,0.012986321263849,0.723805532271584
"BEX4",0.743420663048357,0.0980600774479623,30.745954885166,0.00625138675435868,0.784262363788768
"BFAR",8.66053565535028,0.393271203886716,9.54390309432899,0.0269132238262739,0.584765297569153
"BHLHE40",0.640022064734068,0.0144507663990336,24.1643449227948,0.011874590175269,0.430322715842414
"BICD2",1.76264362943792,0.243038502460021,23.9880826975952,0.0152223943621414,0.80406538139145
"BID",0.295896004779165,0.00891640446736519,29.8458992369737,0.00628380231084358,0.603625314333613
"BIN1",1.33730924016999,0.0784162520322608,25.7826542562942,0.00996551890532336,0.595452640402347
"BIN3",4.14342763125796,0.528485247277212,11.9455758181354,0.0350202970115948,0.85498742665549
"BIRC2",1.24506868815718,0.0604306615557344,24.5535299388115,0.0109319158572372,0.525775356244761
"BIRC3",0.528935579709711,0.00446989015808222,20.0721997960272,0.0162376163675607,0.27860435875943
"BIRC6",3.09444047853235,0.16855645441893,19.5022714145382,0.0152698445727713,0.551236378876781
"BISPR",1.14218071016417,0.337766601515263,22.6834613996681,0.0204214114469463,0.911253143336127
"BLCAP",2.67355869482825,0.214735837935758,21.3336577839538,0.0154596517978694,0.678751047778709
"BLMH",3.07459006069219,0.299384937737739,19.5429112722192,0.0196562690918378,0.752933780385583
"BLOC1S1",1.94335496970828,0.13658616847806,24.3396336164728,0.0117739847067249,0.647003352891869
"BLOC1S2",4.83435087677973,0.166986452859638,14.8382884661294,0.0179206773881273,0.41219614417435
"BLOC1S6",2.83529383898978,0.175851840129845,20.9548403449952,0.0146523310644857,0.606559094719195
"BLVRA",0.775090146254409,0.105123500132738,30.5993009383927,0.00653493669848396,0.79117770326907
"BLVRB",0.546766347240331,0.0797314201712968,32.5483662038903,0.00439854611852306,0.811399832355407
"BLZF1",2.89182117794231,0.387316423180803,17.6389243303499,0.0248034050823527,0.826906957250629
"BMI1",1.00770069426726,0.16811485989038,28.4527576158914,0.00986332762263099,0.82523051131601
"BMP2K",0.358921980318389,0.0891291487470771,34.1992418101823,0.00324643577100893,0.879505448449287
"BMPR2",0.462130933363086,0.113792555316624,32.8514166078254,0.00502950691550633,0.876676445934619
"BMS1",4.83206990682798,0.376511944804828,14.7107164751832,0.0249146425793531,0.718671416596815
"BNIP1",8.74070454457286,0.787077890763876,3.33160663597208,0.0575259471732275,0.904547359597653
"BNIP2",6.08421877014517,0.250912316695063,12.9667584742544,0.0201891018154071,0.486169321039396
"BNIP3",0.541074180064443,0.0533689234486783,31.7474601726733,0.00463094649125948,0.741932103939648
"BNIP3L",1.00479522055266,0.0337296152323681,23.2061934448428,0.0123932428361686,0.435456831517184
"BOD1",1.51300546623869,0.19337850528415,25.7977770599339,0.0123502566989454,0.782481139983236
"BOD1L1",1.86525036623212,0.147059278768535,24.337888613033,0.0119220361358124,0.663767812238055
"BOLA1",1.25176332806221,0.328050332224845,22.8265104142032,0.0198448413191334,0.900356244761106
"BOLA2B",2.38287755576145,0.421718937254126,17.3802253057951,0.0269312957626884,0.871961441743504
"BOLA3",1.50252877516376,0.101861274204662,26.1093695618652,0.00996597195202499,0.64501257334451
"BORCS5",1.57179450483368,0.150397067890421,25.952237498616,0.0109707729592576,0.718985750209556
"BORCS6",2.07172682393756,0.27281359603262,22.3441898679876,0.0172536290471752,0.799245599329422
"BORCS7",1.9438742421179,0.275487913935365,22.6818601265574,0.017244511960713,0.813809723386421
"BPGM",0.371094419918926,0.0499163558886253,33.9102862351927,0.00262512232158454,0.805532271584241
"BPNT1",5.41206378888927,0.672800430201107,6.81876057562985,0.0465865479194687,0.893545683151718
"BPTF",2.41624718409991,0.0959465963315841,20.2562885138493,0.0142568871366089,0.454840737636211
"BRAF",2.02651355929442,0.237171257776176,23.061788063434,0.0153862375777915,0.766450125733445
"BRAP",14.3299461752582,0.721717096248992,3.91014632082899,0.0523924058264334,0.78918692372171
"BRAT1",3.2842911271125,0.406085824446274,16.5331276105827,0.026203846845198,0.819886839899413
"BRCA1",0.237567154176946,0.0879953422843983,35.5537570615453,0.00210333420810509,0.920997485331098
"BRCC3",2.48326569317307,0.364487533328008,19.1312527666529,0.023126121894867,0.839165968147527
"BRD2",3.12160401708891,0.0499600690086983,13.1926907347053,0.0205503189020093,0.160624476110645
"BRD3",1.32493001621261,0.162445966811097,26.9778037427162,0.010623715289217,0.770117351215423
"BRD4",4.15922553944326,0.179108146410394,16.911434874764,0.0169587162029647,0.49140821458508
"BRD7",1.9842614457739,0.203850874321941,23.8795264005894,0.0137888492515468,0.739626990779547
"BRD8",1.73419948983684,0.162421049625426,25.0289365193144,0.0118500172456291,0.70966051969824
"BRD9",1.22076073513664,0.140940185973263,27.4949038446905,0.00965925328334973,0.751781223805532
"BRF1",2.62408895205332,0.503934274971749,14.212323165668,0.0329357108812852,0.896479463537301
"BRI3",0.899940483854312,0.179691113232359,28.6961839145611,0.0101160006436255,0.851320201173512
"BRI3BP",0.696768734988047,0.1833696477679,29.667082313818,0.00967121265091837,0.887678122380553
"BRIX1",1.88253179069753,0.156643899123061,24.4885627662634,0.0120642590259413,0.683780385582565
"BRK1",10.7293659895163,0.133386569859616,5.30191978755631,0.023037126104419,0.111797988264878
"BRMS1",5.40002569034104,0.276770888853045,14.6531277275298,0.0204486276366727,0.572715842414082
"BROX",3.67663792603775,0.346835364176982,17.2391159381719,0.0226914207772273,0.753248113998324
"BRWD1",3.77831018725466,0.196930031306045,17.9436403712856,0.0167024814799858,0.549455155071249
"BRWD3",1.22229074835858,0.23333386223368,25.9926993537925,0.0137979152959831,0.851424979044426
"BSDC1",3.88944752754214,0.263722146549465,17.6756207874173,0.0187725967426358,0.643126571668064
"BSG",4.58617214615148,0.0758793268182887,11.6258933935699,0.0207941774814973,0.16733025984912
"BST2",1.4000379042681,0.0188691112166689,17.0068358725599,0.0185982841464851,0.212594300083822
"BTAF1",2.00019997973043,0.192756622393059,23.8412299478911,0.0134349718844936,0.721081307627829
"BTBD1",5.96702651856825,0.426362721635609,12.527209537062,0.028296216897931,0.721290863369656
"BTBD10",2.99361247682558,0.377507522855878,17.7922046287673,0.0242221975455692,0.81663872590109
"BTBD7",1.70360500067567,0.304579735728928,22.5058255627618,0.018725908195125,0.853415758591785
"BTD",1.45343142971754,0.39041595670905,20.0330793714185,0.0243236093144791,0.909367141659681
"BTF3",10.2927964265896,0.0355070592477552,6.65068874641468,0.0254685471864554,0.00178122380553227
"BTF3L4",6.65427806801489,0.285514421406083,12.6085305038658,0.0215132317130515,0.525880134115675
"BTG1",1.14881971120647,0.00331061120902002,12.4520319204564,0.0238378033768412,0.0348910310142498
"BTG2",0.522498141455051,0.0134247375681147,25.1611656018281,0.0109012798468329,0.460184409052808
"BTG3",0.887150735763638,0.028939539056544,24.6291746206326,0.011173328789646,0.472233864207879
"BTN2A1",4.09023255775456,0.359414646793089,16.105035693103,0.0236064225532347,0.737112321877619
"BTN3A1",0.732934886134475,0.101988043991642,30.7016388710861,0.00636225746008502,0.789291701592624
"BTN3A2",1.03539338896943,0.0481796081001256,25.2138725693162,0.0104197634396068,0.525041911148366
"BTN3A3",0.721356997158412,0.0781358263016279,30.4284018002174,0.00610984776335327,0.741303436714166
"BUB3",2.43429718761288,0.0522480203961731,16.1629027070113,0.0180910238172403,0.252619446772842
"BUD13",3.43085522990507,0.400343170599239,16.5544548403655,0.025899523711967,0.81150461022632
"BUD31",118.157359834405,0.777660829760418,7.14739680934106,0.0685564095236492,0.304379715004191
"BYSL",0.874060609480967,0.220106248833671,27.7716807490892,0.0123009395058028,0.886316010058676
"BZW1",3.32544553195356,0.0487592187694732,12.6464688668462,0.0210275251211062,0.143126571668064
"BZW2",1.8452122995454,0.134288604318742,24.7091942579216,0.0114719101028108,0.654652137468567
"C11orf1",1.68873549421767,0.257945319496853,23.9946403726895,0.0158982552608803,0.827326068734283
"C11orf24",0.753868910814306,0.128099394509941,30.6525290947121,0.0071098744774083,0.830155071248952
"C11orf49",2.36430410161886,0.395134702407472,18.3167107676251,0.025096144028305,0.860750209555742
"C11orf54",1.90445456618049,0.296100908783843,22.240619054619,0.018406155369944,0.831936295054485
"C11orf58",11.7627572605458,0.157718974303731,3.59709741329605,0.0232389110459714,0.104882648784577
"C11orf68",1.73342692820974,0.57231828705244,12.3109065796385,0.037957791668146,0.946248952221291
"C11orf71",1.81864531952595,0.517999973112456,14.4943543861862,0.0338241742775083,0.930846605196982
"C12orf10",7.1651698974107,0.386337122279498,11.6260023093017,0.0262567422364296,0.637259010896899
"C12orf29",1.24951803496497,0.180706748233876,27.0881021879736,0.0111430170895101,0.802598491198659
"C12orf4",3.42862460268239,0.605612553107643,9.92363548371416,0.0408458711443824,0.909367141659681
"C12orf43",2.06163541355766,0.344641632537896,20.5137689085536,0.0215737654033015,0.852577535624476
"C12orf45",0.252479905671993,0.0175737299403113,33.4245826474629,0.00270301474257347,0.735016764459346
"C12orf49",1.8153454219162,0.349767463894867,20.8082692456206,0.0217401383923357,0.870075440067058
"C12orf57",1.32034635637011,0.020965983860256,17.8290457490793,0.0177419798993887,0.242141659681475
"C12orf65",2.1849821102638,0.174404873223281,23.3603672491083,0.0132153325963266,0.677388935456832
"C12orf73",2.4739071951656,0.396812996086112,18.1465288707095,0.0252699946062091,0.857606873428332
"C12orf75",0.453201653775836,0.0110164114617029,26.8153530003416,0.00931351231281946,0.509325230511316
"C12orf76",1.658532436525,0.299541369118965,22.7575372445577,0.0183672943320168,0.853520536462699
"C14orf119",4.09420667813322,0.155720038687825,16.3927176286999,0.0169433567161918,0.439019279128248
"C15orf39",0.391177538956694,0.0701266384140471,34.0144202644148,0.00293080697086096,0.842414082145851
"C15orf40",2.52951634362081,0.271459736666365,21.2496496002717,0.0176877572044494,0.763202011735122
"C15orf61",1.59727905297362,0.150601323329299,25.5319919645238,0.011210874886048,0.706307627829002
"C16orf58",2.196930496766,0.444396038255586,16.8616836250802,0.0284764989401504,0.890821458507963
"C16orf70",11.061772835746,0.748882272164874,3.99990254977369,0.0544564150169968,0.85268231349539
"C16orf72",1.87520857416864,0.204937118888868,24.262981088068,0.0136166658382654,0.75314333612741
"C16orf87",1.25499092103682,0.0828728616417565,26.6600532854259,0.00929160469408219,0.63044844928751
"C16orf91",9.62000457695824,0.602806530917681,6.74916144063473,0.0413886472533437,0.767917015926236
"C17orf49",1.81330712222096,0.0775137834189832,22.6907506727838,0.0124607337758626,0.497904442581727
"C17orf58",0.419614196339333,0.200679197457048,30.3613049862217,0.00996930610885204,0.937238055322716
"C17orf75",1.25718112818282,0.336729820666098,22.5346774059453,0.0204431796292624,0.904652137468567
"C18orf21",7.80803761834599,0.544552060038783,8.67256883058439,0.0366355893404371,0.760268231349539
"C18orf32",3.11970707241564,0.230787335840522,19.9715543580161,0.0166573207790063,0.66219614417435
"C19orf12",1.89803535649086,0.231045486287365,23.7956258732213,0.0148307475577156,0.779442581726739
"C19orf24",2.73320470771236,0.107339377342551,19.5667692694179,0.0147508039154161,0.453478625314334
"C19orf25",4.1131286094842,0.244922134900077,17.3529006643202,0.0182954242245448,0.605196982397318
"C19orf48",0.61659227784571,0.0635502689710617,31.6087236482972,0.00491178250555165,0.754610226320201
"C19orf53",8.51176720308216,0.129531449794799,6.83629159137976,0.0222786861156871,0.136316010058676
"C19orf66",1.86955168548335,0.114206500070747,23.5518582937413,0.0119189943695774,0.586022632020117
"C1D",17.768344043196,0.479363096530291,1.66789304026246,0.0322800468981726,0.457460184409053
"C1GALT1",2.07187201719902,0.197553944703644,23.5485129080937,0.0137511797665089,0.719614417435038
"C1GALT1C1",1.98935748030697,0.293968732189472,22.0531250227777,0.0183684232223566,0.822820620284996
"C1QBP",2.34712044936496,0.0465536972857632,16.7225605815978,0.0178250100612572,0.259744341994971
"C1RL",0.394604828944031,0.222660990643986,29.5475419967834,0.0114242837851258,0.946563285834032
"C1orf122",0.895485368424284,0.116890952875897,29.7526663306152,0.00746428825187279,0.783633696563286
"C1orf131",3.05395694705837,0.272409760775099,19.9753088631783,0.0182798465429343,0.725481978206203
"C1orf159",12.8851234263776,0.874051033468681,2.29651935159104,0.0679330767588854,0.922883487007544
"C1orf174",4.67954005657384,0.329610124663389,15.8081409854258,0.0223060285831305,0.683780385582565
"C1orf21",0.257686383983503,0.0427945915828955,35.5600337134866,0.000980046872847681,0.846814752724225
"C1orf216",0.979861450708212,0.213730929654069,27.5047943932298,0.0121676749539254,0.867875104777871
"C1orf35",2.62935207897449,0.202742849190553,21.9079002387269,0.0148639072552483,0.677493713327745
"C1orf43",15.3500951881213,0.231552054200638,1.53990488537782,0.0237576367787152,0.164396479463537
"C1orf52",3.69348488158289,0.214612737888019,18.3412933029902,0.016941870859575,0.588537300922045
"C20orf194",0.495020624123961,0.182187137014022,30.6513931003076,0.00900218612348796,0.916911148365465
"C20orf27",0.86086252918006,0.0930162850185473,30.1856948629736,0.0066268718667425,0.758277451802179
"C21orf91",1.79098141303703,0.158416006425621,24.6653583375268,0.011961656330901,0.692057837384744
"C22orf39",4.37455047374557,0.300749780196447,16.7180318307818,0.0207145227211178,0.669006705783738
"C2orf49",6.6710016973571,0.514418176917331,10.057621964289,0.03428444360024,0.766554903604359
"C2orf68",2.51036649248324,0.426305257641663,17.0449601466554,0.0272987210815098,0.868084660519698
"C2orf69",1.99215408616081,0.298419649660022,22.0223361372945,0.018626449461164,0.828583403185247
"C2orf76",2.69392649924284,0.534095197008398,13.0946427058196,0.0352351697115526,0.906433361274099
"C3orf14",0.476632286193351,0.102253798467805,33.101912695709,0.00451198013374057,0.865884325230511
"C3orf38",4.07673097799866,0.274082876039001,17.2189764286288,0.0193482780597811,0.644907795473596
"C4orf3",4.55925955374792,0.0895184095282966,12.219767798929,0.0200063620386263,0.207879295892707
"C4orf33",1.49158361147698,0.392969814425757,19.9097106827956,0.0245308811510812,0.909262363788768
"C4orf46",0.883798624063979,0.198946622148746,28.4495868986568,0.0110438479401787,0.874056999161777
"C4orf48",1.98820500026037,0.0514604378606412,18.9254139524809,0.0158395476498424,0.335498742665549
"C5orf15",2.71868449238046,0.186103519075413,21.3161243861539,0.0146725381811969,0.63359178541492
"C5orf24",2.55250322004631,0.199476908821907,21.9530135531179,0.0147003983185429,0.673826487845767
"C5orf30",0.449180608878906,0.11561323195957,32.9665228996648,0.00500302419851734,0.883277451802179
"C5orf51",2.87366446228978,0.284637388133965,20.0834016379962,0.0187241814306345,0.747485331098072
"C6orf106",3.10812951250155,0.357006209984072,18.0588549801293,0.0229874024581238,0.794111483654652
"C6orf120",2.0073783738515,0.382113391857618,19.3699239209522,0.0240373578299333,0.874476110645432
"C6orf136",3.75627796211806,0.390800982151101,16.2379922419447,0.0253998063982588,0.78719614417435
"C6orf203",4.75184673308229,0.54300483426297,11.0380964497516,0.0362062812823906,0.844719195305951
"C6orf226",3.37877154436354,0.476471156011531,14.3667232021638,0.0311073938280544,0.856873428331936
"C6orf47",6.29589100821047,0.53779497118292,9.86178958442882,0.0359462088792925,0.794216261525566
"C6orf48",1.27720174778795,0.0525662731105023,23.9585329365348,0.0115105454508071,0.493503772003353
"C6orf62",2.31877951216127,0.12833517120432,21.9035191745033,0.0132307354619929,0.558885163453479
"C6orf89",2.11806084825024,0.179588169617724,23.5032256208457,0.0132513884206216,0.689962279966471
"C7orf26",4.16820287798808,0.450854582402588,14.1545265210072,0.029480630219253,0.810142497904443
"C7orf50",1.59397067973938,0.15438382271647,26.0137883461203,0.0110571813039478,0.727263202011735
"C8orf33",1.58094528730147,0.220000846182092,25.0439946586156,0.0137455619176113,0.80092204526404
"C8orf59",118.138078118552,0.780453708443845,6.91035095391485,0.0681412151350187,0.300817267393127
"C8orf76",58.2862570675764,0.887508875658771,14.8904600200767,0.0884963745220322,0.730930427493713
"C9orf16",2.2318381969781,0.0380494531897116,15.943236653859,0.0187666853396458,0.21940486169321
"C9orf3",0.13774595572493,0.0260169634735337,37.4847715130984,0.00117977210738518,0.881181894383906
"C9orf64",2.10992172319471,0.428638553197898,17.5986392150674,0.0273335800819785,0.889983235540654
"C9orf72",0.35531314577687,0.120400509969094,33.5362375460406,0.00472152892668214,0.909157585917854
"C9orf78",2.84749687573899,0.0866290995484873,17.4959369531471,0.0163390349031588,0.355406538139145
"C9orf85",3.18405285965016,0.455383192869125,15.2551111048285,0.0295585570887347,0.85383487007544
"CAAP1",2.20650686426399,0.264855361365528,22.218637284008,0.0169748481942592,0.783005029337804
"CAB39",3.01290897110773,0.267259717430108,20.0706882363046,0.0180057651979104,0.720662196144174
"CABIN1",2.01069605231499,0.308656572694833,21.6876270575772,0.0192639776498299,0.833927074601844
"CACUL1",2.59917835199744,0.210735148033641,21.7598010383769,0.0151478183805923,0.685456831517184
"CACYBP",1.46054441788999,0.00938963554471394,13.4199391781004,0.0224675990185572,0.0805741827326069
"CADM1",0.176825797733806,0.0270611532642355,36.5727858772458,0.000271086625805494,0.853310980720872
"CALCOCO1",1.26627722925267,0.157804977369432,27.0866778458972,0.0103847135380141,0.766135792120704
"CALCOCO2",3.16539274434945,0.138415709431124,18.6074845229636,0.015447439728961,0.476005867560771
"CALD1",0.0384023699170538,0.00128612498005496,38.7151618206887,0.00286575256724239,0.879819782062028
"CALM1",2.95536278863917,0.0165829367925743,11.0236961848059,0.024033526136372,0.0321668063704946
"CALM2",3.52335066485977,0.0250723467525247,10.5312434458078,0.0238868964835072,0.0374056999161777
"CALM3",1.18238188569604,0.0215291352138028,19.5735981369135,0.0160946079347161,0.298197820620285
"CALR",2.15856427089958,0.0172992860096132,12.6020393584621,0.0226836269630818,0.0756496227996647
"CALU",0.598638078972059,0.034918651097409,29.3304100469957,0.00671883097510399,0.632963118189438
"CAMK1",0.27621478722665,0.0792032329903568,35.2592834111967,0.00209181727952357,0.897212908633697
"CAMK1D",0.790630958951113,0.129274320897944,30.2895888360018,0.00739426923850362,0.820620284995809
"CAMK2D",0.41890755015819,0.0726058475987484,33.7656702220404,0.00320425554780904,0.838537300922045
"CAMK2G",0.900606945037268,0.20330458674941,28.1815914181312,0.0113635846843352,0.872590108968986
"CAMKK2",1.01941266690231,0.29832861727084,24.5331945967489,0.0175944577454614,0.907690695725063
"CAMKMT",2.66830149482572,0.5211682375541,13.5503862161845,0.0342347597788496,0.901508801341157
"CAMLG",9.19139050105566,0.26277180010577,8.55211897037974,0.0221544521025172,0.380658005029338
"CAMSAP1",1.21767403902807,0.416837160364344,19.4173966392042,0.0261228876802597,0.931684828164292
"CAMSAP2",0.201889894999305,0.069763804949762,36.3178593968277,0.000922883606648162,0.915758591785415
"CAMTA1",7.63159636933557,0.289614054261228,11.3146792673629,0.0221465732346426,0.494656328583403
"CAND1",3.50328631864832,0.176012503506796,18.5269243632343,0.0159866298188722,0.53405280804694
"CANT1",3.85069573992221,0.321895655991713,17.3210863908031,0.0214176841929032,0.718776194467728
"CANX",3.70606763550205,0.0687587179564543,14.0599998647314,0.0192873640482033,0.224015088013412
"CAP1",4.19503359146445,0.0579344301883476,11.5041950460849,0.0215141002894058,0.13044844928751
"CAPG",0.56222924328414,0.0163485035940695,26.4256013461265,0.00962534791132084,0.506601005867561
"CAPN1",2.74506890451582,0.209610046723609,21.3731486729738,0.0153276394584847,0.671940486169321
"CAPN10",2.94254994656673,0.654213294484877,8.31933025509738,0.0446019878095442,0.935456831517184
"CAPN15",1.38177415169667,0.379802760021493,20.5939315855897,0.0235346019518976,0.910624476110645
"CAPN2",1.53187460621643,0.0504711139676028,22.5736054113273,0.0127709472097363,0.446982397317687
"CAPN7",4.85851664679547,0.359137483458081,14.7666589081579,0.0239209359245554,0.695620284995809
"CAPNS1",3.27725708766828,0.254744707737423,19.9155799083922,0.0176712105654902,0.696668063704945
"CAPRIN1",4.88941598443203,0.169312437373523,14.9230879297529,0.0179217757375669,0.41848281642917
"CAPRIN2",0.483043167914095,0.255911025151893,27.8131596494978,0.0139312197388199,0.944572506286672
"CAPZA1",5.67670921319299,0.13500602244602,11.6897959419693,0.0196195847259098,0.271584241408215
"CAPZA2",117.691696857736,0.790005856116668,8.30403527780571,0.0703365024075562,0.317896060352054
"CAPZB",4.02308403638523,0.0504312659287264,11.8005127928833,0.0216059787286416,0.125419111483655
"CARD16",0.391127119079214,0.00791986681156844,25.7548546674046,0.0104136979841592,0.468985750209556
"CARD19",1.26262131250504,0.09225793650281,27.0419115728395,0.00909353478571664,0.658109807208717
"CARD8",1.69383671519661,0.164257249550074,25.2736667846338,0.0117559549835566,0.720138306789606
"CARHSP1",1.00482362609637,0.0411632152801092,25.4741672581682,0.0102664124196932,0.52116512992456
"CARM1",1.99876108516696,0.49532916772527,15.2662965989627,0.0321847316729143,0.919216261525566
"CARNMT1",2.14829746852033,0.436272580082522,17.251869157103,0.0278870807427531,0.890716680637049
"CARS",1.1382715076499,0.0817405294931366,27.1148000168269,0.00888683248553271,0.642707460184409
"CARS2",2.04741348806334,0.452197063372448,16.8229688292819,0.0290065531391918,0.901927912824811
"CASC3",3.39923872811676,0.230253318390686,19.2866496019963,0.0169804962940865,0.640716680637049
"CASC4",3.25129001172602,0.336763816609829,18.2581654645823,0.0218645535792675,0.769803017602682
"CASD1",1.62154977717341,0.518300977827219,14.6669682747239,0.0337992234159136,0.937866722548198
"CASK",0.635310550072724,0.274370006681007,26.5654810221866,0.0154609456176292,0.934304274937133
"CASP1",0.547119718667825,0.0363186032234822,30.1408676693381,0.00595846900427874,0.661357921207041
"CASP2",1.47495035177189,0.218655999579902,25.5692228127758,0.0134376384638233,0.815067057837385
"CASP3",1.03002814271314,0.0653151679081494,27.3533995936234,0.00858265726714488,0.622485331098072
"CASP4",2.40081395692264,0.0984362860252642,19.9833582327311,0.0144122795590742,0.450440067057837
"CASP6",1.11026928621012,0.201830388375572,27.2893277126645,0.0118071464203762,0.842309304274937
"CASP7",1.42778036459363,0.13954956591048,26.5140820733154,0.0103105814210769,0.718985750209556
"CASP8",1.4005776600526,0.128734932899941,26.4805637046764,0.0100792538846044,0.700440067057837
"CAST",2.06220359665829,0.0494965075247121,18.1470566915932,0.0165366318106023,0.307942162615256
"CAT",0.97728042453194,0.0688799233857549,28.0378135086194,0.00802548376873549,0.650146689019279
"CAV1",0.0548370967708038,0.0015568440664181,37.4247377139789,0.00152182171196361,0.838013411567477
"CAV2",0.0724720127859491,0.0227264634001008,39.1668613011798,0.00290212318097699,0.930427493713328
"CBFA2T2",1.05587993696698,0.229688772495498,26.6732420237238,0.0132815048698789,0.867036881810562
"CBFB",2.28965729300384,0.213719220346746,22.9033641568753,0.014682178608338,0.724958088851634
"CBL",1.93732566005962,0.211587973855619,24.0668185240147,0.0139792348146018,0.75743922883487
"CBLB",0.837815524630853,0.0296911094200966,24.8594395868209,0.0109327271451182,0.480720871751886
"CBLL1",12.1508376188256,0.595156088696262,5.47976419121574,0.0408495045629248,0.707984073763621
"CBR1",1.33351630295931,0.124549056203048,27.0685099237355,0.0096021252727625,0.71196563285834
"CBR4",1.86949739081823,0.38771222936459,19.4242905769914,0.0243523434987491,0.885058675607712
"CBWD1",2.40377776847752,0.276778834707818,21.6335423839007,0.0178052115545768,0.783005029337804
"CBWD2",2.9946960104496,0.180158416852294,20.285269384403,0.0150994902707814,0.593147527242246
"CBWD5",1.37651612888029,0.227335341336284,25.6448890180724,0.0137334534023434,0.831098072087175
"CBX1",1.87630233577934,0.135110807468044,24.4895560252302,0.0116267902412249,0.649203688181056
"CBX3",2.77801814909119,0.0539430883752696,16.0747259657301,0.0181499260763161,0.25513411567477
"CBX4",0.454087297500051,0.156153437071901,31.7626998497922,0.00725747455048965,0.910414920368818
"CBX5",1.83304647247667,0.145517760025307,25.0121568713965,0.0115166856709696,0.682103939647946
"CBX6",1.40370108864966,0.184572558658491,26.3871828260717,0.011702479860044,0.786881810561609
"CBY1",1.23272809168955,0.429782237779979,18.8472404373727,0.0270772284488352,0.933885163453479
"CC2D1A",2.89771808110004,0.381635419366517,17.8152265904404,0.0244399209712901,0.823763621123219
"CCAR1",2.98417884025604,0.119900700756875,19.1774704110729,0.0150445237556994,0.462908633696563
"CCAR2",3.31286479352819,0.292954825271276,18.8564652131942,0.0195435577138304,0.72254819782062
"CCDC106",0.496166805938597,0.239029330847835,28.4836890585992,0.0127720863062946,0.938914501257334
"CCDC107",1.74817945550857,0.0910914534922261,23.4541696182819,0.0118405387750791,0.544425817267393
"CCDC112",0.199274452159774,0.0795364219406438,36.0944276960899,0.00139060480261696,0.924559932942163
"CCDC115",4.16680071131004,0.274450919741596,17.0510181088851,0.0194356970811813,0.640402347024308
"CCDC117",1.54246397216866,0.149225555857308,26.0804175726587,0.0108549318292224,0.721081307627829
"CCDC12",5.77932350076887,0.22862423181869,13.1644969803577,0.019527262882161,0.458717518860017
"CCDC124",5.74302976320718,0.211266962515723,13.9069611200517,0.0190478876194131,0.454316848281643
"CCDC126",2.68416285773483,0.354256428428623,18.8830155271158,0.0225752122199595,0.816010058675608
"CCDC127",2.14523077999584,0.265996271902989,22.3158516072676,0.0169691060638847,0.787824811399832
"CCDC130",5.22131868438947,0.354389745063135,14.2904849950646,0.0238220069917065,0.674140821458508
"CCDC137",1.99025032237558,0.173413197978203,24.1358968951105,0.0127253584686572,0.699601844090528
"CCDC14",1.63066202380668,0.288205427024582,23.2219506106939,0.0176305444207932,0.850377200335289
"CCDC159",2.82507848746496,0.613579055885189,9.93306164749789,0.0413496383224712,0.926236378876781
"CCDC167",0.833262807071747,0.0498866936300102,28.5345764443575,0.00750444431239045,0.63359178541492
"CCDC174",3.53360560986178,0.263609871603608,18.5459776443562,0.0184211183638106,0.669111483654652
"CCDC186",1.05363552880997,0.0858289162655115,27.8774568563192,0.00831156368289047,0.673512154233026
"CCDC22",6.44368472991056,0.630554805078647,7.5738727735492,0.0432258540010413,0.850272422464376
"CCDC25",2.31489591628087,0.222878151255756,22.8348391657957,0.0150647242247968,0.737007544006706
"CCDC28A",4.86567357178014,0.293851782691343,15.6180491319204,0.0207490133254911,0.62615255658005
"CCDC28B",0.34076453924612,0.0799266845323319,34.5224672811144,0.00273274814213881,0.874790444258173
"CCDC34",0.33762612760066,0.0605918457964074,34.8284506760997,0.0020190420376254,0.852787091366303
"CCDC43",2.59208161201574,0.320166756414079,20.0438665905634,0.0204411510451045,0.800188600167645
"CCDC47",4.17184891582242,0.191812940953483,17.022958097536,0.0171106837171381,0.514459346186085
"CCDC50",0.418491938018028,0.0163389590803693,29.1952915645727,0.00689386155053887,0.595871751886002
"CCDC51",1.93904754661665,0.488305776031789,15.6065201596402,0.0316456290614691,0.919425817267393
"CCDC57",2.95701679233286,0.327435433402458,19.1766506665102,0.021132887999964,0.78405280804694
"CCDC58",2.52505312036396,0.401748848144166,17.8847833448841,0.0256236396329409,0.856873428331936
"CCDC59",5.39030118521521,0.252143818307669,14.579922216977,0.019663884010633,0.534471919530595
"CCDC6",1.56640689415948,0.146099529830939,25.9515902378765,0.010862079395816,0.712070410729254
"CCDC66",1.15434737525812,0.16789563100699,27.6458628710347,0.0103552488868477,0.799664710813076
"CCDC69",0.961054237473031,0.0826404371956276,28.7697684220963,0.00756648286070034,0.696353730092205
"CCDC82",2.87166726684901,0.239863859410625,20.7109280203338,0.0166510262676169,0.698449287510478
"CCDC84",4.5407910958668,0.507597157808988,12.1766011842549,0.0335373002567158,0.830155071248952
"CCDC85B",1.60949650108951,0.0587091983935662,22.5164572375615,0.0127151089788451,0.45966051969824
"CCDC86",0.795849280124636,0.158846067314328,29.862796099947,0.00864522950386436,0.854673093042749
"CCDC88A",0.193346654276191,0.0189303377426334,35.6233826987236,0.000542932506004692,0.808780385582565
"CCDC88B",1.26066065648167,0.243525808310779,25.5094031738899,0.0144723785234632,0.852367979882649
"CCDC88C",0.856355652997885,0.104986432754196,29.9859835914964,0.00700497863539176,0.771584241408215
"CCDC9",0.647309762431963,0.334551863446159,23.9927704465354,0.0197678826455128,0.948239731768651
"CCDC90B",3.66450125770199,0.188708239214108,18.1984294083368,0.016400785784713,0.544216261525566
"CCDC91",2.04913094713478,0.188704203353438,23.7043019771063,0.0133924926907675,0.710498742665549
"CCDC92",1.60271498164591,0.508933276686402,15.0768753680288,0.0330867982557834,0.936399832355407
"CCDC93",2.13556587874781,0.2399378794285,22.7930627398902,0.0156519158150776,0.762363788767812
"CCDC97",1.60007502761602,0.207397185342283,25.1255843009262,0.0132086301120943,0.7837384744342
"CCHCR1",1.44175071922913,0.468937227845733,16.95916298114,0.030058150240956,0.934409052808047
"CCL4",0.0606354181819162,0.00158167244504501,36.7771398757757,0.000851284755952954,0.816848281642917
"CCL5",0.125060146486648,0.00100776188136422,32.0033194331393,0.00409670786594764,0.659681475272422
"CCM2",0.983998710046525,0.0582054189443335,27.0509634336459,0.00880486146475241,0.60069153394803
"CCNB1IP1",0.865187175489581,0.0910942864764423,29.9215766601041,0.00678450883350722,0.746751886001676
"CCNC",3.21579306732242,0.22781282188053,20.0150334702916,0.0166051001324584,0.658843252305113
"CCND1",0.0873864019995388,0.0148114260541238,38.4461464541418,0.00234682336276296,0.893755238893546
"CCND2",0.451842648689175,0.0177842779823312,28.6976120365939,0.00737251544354193,0.582355406538139
"CCND3",0.956105565684087,0.0506168879413184,27.1918179395265,0.00869766626217889,0.592204526404023
"CCNDBP1",2.0897776544846,0.0733096319382484,19.6126451436643,0.0148622395517628,0.395222129086337
"CCNG1",2.81826693267078,0.168498272159184,21.026953305891,0.014467854638938,0.597129086336966
"CCNG2",0.707521540580852,0.100675152572819,31.1170810597911,0.00602585367538311,0.800293378038558
"CCNH",1.41692498215972,0.0942721413754732,25.389776911196,0.0103466581386964,0.609702430846605
"CCNI",8.74146455457488,0.0524421370913566,6.64942517950426,0.0248377109428114,0.0138306789606035
"CCNK",5.34603625158769,0.278462480353151,14.525547228495,0.020487848703644,0.571563285834032
"CCNL1",2.79150624903664,0.0713076325001202,16.1392579593645,0.0175983474774275,0.286986588432523
"CCNL2",3.30706138804819,0.222065183701587,19.2830255859802,0.0166694957686821,0.62814333612741
"CCNT1",2.80804668115586,0.242723791682782,20.7964011828953,0.016701205439348,0.705469404861693
"CCNT2",2.05556697417356,0.216038377323301,23.3267006290182,0.0144733133846502,0.741722548197821
"CCNY",2.03468580794577,0.438335857967939,17.3146122630175,0.0279900142331511,0.896269907795474
"CCP110",1.18905304478221,0.208241014058146,26.8388526339859,0.0123192673118449,0.838327745180218
"CCPG1",0.987971243362145,0.0799863165926428,28.1513709873457,0.00801738877356722,0.672359597652976
"CCS",3.83610181341859,0.27818892458757,17.5975958009988,0.0193276025619613,0.662510477787091
"CCSER2",1.49117328726371,0.0646306255234905,23.0499520552429,0.0121781419685496,0.486169321039396
"CCT2",3.01955997821491,0.0579441116679358,14.8931000535208,0.0189482682212718,0.226739312657167
"CCT3",3.14863925620426,0.0469008906304213,13.2115791772903,0.0206638412105099,0.156119027661358
"CCT4",2.86318401263843,0.0484224049633613,14.5038291640394,0.0195763864817174,0.196982397317686
"CCT5",3.30983041941198,0.0752953791599539,15.4796718382109,0.0180569166088232,0.276404023470243
"CCT6A",3.41011544022697,0.0583819106619251,13.6550389315571,0.0198931150708912,0.191743503772003
"CCT7",3.81978590038187,0.0927287371274353,14.5418153074488,0.0183671942072169,0.279652137468567
"CCT8",5.39458786914812,0.101661290338629,11.4742257739803,0.0202584631472327,0.210393964794635
"CCZ1",2.63737828782855,0.590893796576638,10.938294951591,0.0395570615067052,0.924979044425817
"CD151",0.673451683112103,0.0333883125727863,28.3192794273762,0.00767720103143353,0.597967309304275
"CD164",7.56593383890064,0.150286148940475,8.80116380653414,0.0210424450460988,0.219509639564124
"CD276",0.0770421194397679,0.0250911056866404,39.0496416072404,0.00273301473540706,0.930532271584241
"CD2AP",0.652893167050796,0.0699251200093384,31.1312010489408,0.00540368691259275,0.75
"CD2BP2",4.01195180924996,0.190405582973551,17.0603497182603,0.0169972450862534,0.513202011735122
"CD320",0.909899341725259,0.0777790189094013,29.2179564396087,0.00714519634305561,0.702430846605197
"CD37",0.950488400108255,0.0107606018623702,17.640323083739,0.0183649888749783,0.214585079631182
"CD3D",0.424821775561644,0.00472271567401914,24.6765079668362,0.0115888593397756,0.428331936295055
"CD40",0.145991076628266,0.00894736361222926,35.3738686621499,0.000678686253545155,0.783633696563286
"CD44",1.40789039918028,0.0120060689650958,14.8627069368977,0.0209507593338826,0.13128667225482
"CD46",2.47404922228073,0.129076403056174,20.817543832544,0.0139189523429958,0.526927912824811
"CD47",2.10420304228658,0.0591946159514376,18.9357631136312,0.0156633771213124,0.349853310980721
"CD48",0.516122887891805,0.0145062137423887,26.5970673929259,0.00947928309234985,0.508696563285834
"CD52",0.630930365205357,0.00473320293968334,19.7043340278433,0.0166015641702619,0.267917015926236
"CD53",1.48484448323812,0.0289032014323669,18.636093282925,0.0167120541296294,0.283424140821459
"CD55",0.714245246171427,0.0183095184386924,23.8587290916059,0.0120844744110334,0.427703269069573
"CD58",1.1968874390402,0.040179845453486,22.9083937228763,0.0125750951773935,0.438181056160939
"CD59",0.739797823346039,0.0178754472115858,23.6512995667189,0.0123001139242884,0.420368818105616
"CD63",0.612935104557904,0.00950992392839462,22.0176002109065,0.0141160595270559,0.351634534786253
"CD68",0.111112911279067,0.00695955856412182,36.3449244210311,0.000334620466142056,0.811923721709975
"CD69",0.264231142047477,0.00955503180278888,30.8372473672339,0.00527528473321297,0.636944677284158
"CD74",1.13267904176477,0.00102892181858385,14.1723973772672,0.0222874126352014,0.086127409891031
"CD81",0.465344398854575,0.0733220330694233,33.1881489594253,0.00370945551822657,0.821248952221291
"CD82",0.838744715753908,0.0166635324443909,22.0730632942544,0.0138612295674129,0.367770326906957
"CD83",0.211074696472941,0.00200975497299688,29.1307184615751,0.00706761284488647,0.56779128248114
"CD9",0.127630266828128,0.00547345641629621,35.1043009309892,0.000922412100762576,0.768860016764459
"CD99",1.72480088552152,0.0145313851314645,13.8076274870182,0.0217770444488806,0.10498742665549
"CD99L2",0.923560161625929,0.32213283014775,23.8399376431452,0.0191370165793744,0.923407376362112
"CDADC1",1.4429325525649,0.385890213536906,20.2330882771561,0.0239980407800027,0.908633696563286
"CDC123",3.48839869451287,0.13411769997706,17.8213346706459,0.0159746844286128,0.446039396479464
"CDC16",3.15230920941661,0.38257615598363,17.3159730839861,0.0246091395246371,0.809409052808047
"CDC23",2.36860168998817,0.386230820578823,18.6440771746589,0.0245031580267788,0.857292539815591
"CDC25B",0.424868036235656,0.0287293645612664,31.6956605545456,0.0044670888011187,0.698344509639564
"CDC26",6.86830175112743,0.211094367622742,11.217867444549,0.0201166591071581,0.37814333612741
"CDC27",3.0161881594503,0.234186972273615,20.625820430533,0.0165511497354401,0.687028499580889
"CDC34",17.2390456850698,0.870717624614573,3.52943700393876,0.0696300586838408,0.895431684828164
"CDC37",5.8517561821928,0.0645762064794822,8.63229192205293,0.0232003291383073,0.067476948868399
"CDC37L1",1.80141037349606,0.189005716593372,24.4979123280817,0.0129189959682395,0.735435875943001
"CDC40",2.65602408283468,0.186175887826709,21.3401111692973,0.0146279863581215,0.63443000838223
"CDC42",7.32231730280013,0.0913927626669188,7.84532310337379,0.0227045871043373,0.0988055322715842
"CDC42EP1",0.0761290783438791,0.0260889483773264,39.0664445347578,0.00272685880051209,0.932732606873428
"CDC42EP3",0.498706404512453,0.018898345747314,27.8375226827169,0.00820322976571915,0.556580050293378
"CDC42EP4",0.109228274633384,0.0393220744356354,38.23139088768,0.00160792605898039,0.927493713327745
"CDC42SE1",2.70397154188407,0.0876839913393655,17.9981377996603,0.0159444873425078,0.372066219614417
"CDC42SE2",1.81547834564062,0.0355171147858018,17.2217866347176,0.0177420325904766,0.252409891031014
"CDC5L",4.74083653826398,0.258541202101836,16.1266195173636,0.0192999750950967,0.589165968147527
"CDC73",3.85708696783162,0.197403354569299,17.8259047784849,0.0167911234714554,0.546730930427494
"CDCA4",0.910200493637903,0.0882947231858304,29.4742831672842,0.00709189304713057,0.727996647108131
"CDCA7L",0.328103323852832,0.100292838921816,34.3452146448982,0.00345759721735041,0.902347024308466
"CDIP1",1.64101045011661,0.201463924493029,25.1127034022771,0.0130116675336365,0.773994132439229
"CDIPT",2.82900719061149,0.147143476607953,20.2654683899618,0.0145193548733296,0.539920368818106
"CDK10",6.76957354224881,0.535026853431893,9.65812005941164,0.0358509866091456,0.78174769488684
"CDK11A",2.09034917774193,0.189056262842292,23.2711245740087,0.0136013499734624,0.697820620284996
"CDK11B",3.0877789310904,0.252955647108662,19.8817541653971,0.0174815860903047,0.693315171835708
"CDK12",3.19426284487261,0.220308897604704,19.7046384724032,0.0164335364372977,0.638097233864208
"CDK13",2.52747394413431,0.280159415673333,20.9876433778698,0.0181517225610752,0.768545683151718
"CDK16",1.10788282814999,0.0766250600177392,26.9437733087759,0.00897180057637945,0.628667225481978
"CDK17",1.14993951480067,0.0742043228511549,26.4708205945733,0.009345489617324,0.609702430846605
"CDK19",2.08832421279674,0.395284863001574,18.8164920537879,0.0249874603971803,0.877095557418273
"CDK2",0.581718386860746,0.0990524183457085,32.2610204074748,0.00509250253433905,0.833927074601844
"CDK2AP2",1.72096256828451,0.0303984095804331,17.4593160030521,0.0177229293924607,0.250209555741827
"CDK4",1.42362290734643,0.0775497995416748,25.6191859383306,0.01012867461524,0.589061190276614
"CDK5",3.74478484766561,0.43108187456617,15.2675627849213,0.0280415911591181,0.816533948030176
"CDK5RAP1",3.86302659607884,0.446941532868286,14.5559110171742,0.0291121652322914,0.817896060352054
"CDK5RAP2",1.06370302407624,0.203536254371614,27.4578725139198,0.011781506814076,0.850272422464376
"CDK5RAP3",4.03904289785527,0.246790686297861,17.465503475325,0.0182928147137517,0.611378876781224
"CDK6",0.774395700688121,0.0279594399347317,25.9408145952916,0.0099513836880269,0.512259010896899
"CDK7",1.58005556036596,0.225001395211642,24.9161566691005,0.0140037614166966,0.804798826487846
"CDK8",3.20438055299053,0.41837920974281,16.3011383311296,0.0269964093249184,0.831202849958089
"CDK9",2.79318478994197,0.30719842255816,19.7112486183726,0.0198653733050225,0.770431684828164
"CDKN1A",0.384768889384052,0.00516572352442875,24.8877754824653,0.0113535667028601,0.435771165129925
"CDKN1B",1.45941605659524,0.0375194351530985,19.9944154586191,0.0152295167820641,0.341890192791282
"CDKN2A",0.322682640173084,0.036262981264933,34.1885550413634,0.00216286809798746,0.791596814752724
"CDKN2AIP",2.2390650932901,0.182432415598251,22.9007742979919,0.0136560693824223,0.676026823134954
"CDKN2AIPNL",2.17181453284776,0.270278686036279,22.4312290153762,0.0171835422148567,0.797673931265717
"CDKN2C",0.24475248434876,0.0367546689978379,35.6320405268737,0.000803442534345958,0.839061190276614
"CDKN2D",0.458809335818697,0.0848618635120848,33.3352898223401,0.00385470774534817,0.844928751047779
"CDS2",3.64676355173694,0.229873246859783,18.3840283086027,0.0173337932568681,0.613160100586756
"CDV3",2.37793128163103,0.135637821830992,21.9848833810242,0.0132840560263375,0.573344509639564
"CDYL",0.385173149620948,0.115478462881268,33.4243023881286,0.00464463443121203,0.897632020117351
"CEBPB",0.503599087958869,0.032099567259039,30.5300217534232,0.0055855817992516,0.666596814752724
"CEBPD",0.159161647437582,0.0207001267041215,36.6402911779335,0.000442031731950232,0.844823973176865
"CEBPG",2.54202993936428,0.142353618696301,21.8357043869146,0.0135263667958242,0.579840737636211
"CEBPZ",2.19386546316535,0.104672342147013,21.4689346244812,0.0133489823150244,0.50628667225482
"CEBPZOS",2.52601051552013,0.290241873269573,20.8654656805597,0.0186820887593511,0.780071248952221
"CELF1",4.48696844820113,0.212151067604355,16.2320599076357,0.01788211559884,0.522527242246438
"CELF2",1.39073186007809,0.0517113517375711,23.0873780756502,0.0122810292529442,0.464794635373009
"CENPB",0.865291944730061,0.313512481543354,24.3556021992298,0.0184737575639604,0.926131601005868
"CENPBD1",1.05608537041675,0.423343401974797,19.4036697561315,0.0265312511384986,0.941953059513831
"CENPC",1.27363557118895,0.110421227865295,26.8827002127452,0.00943262468483805,0.683046940486169
"CENPH",0.533565609601349,0.113788750704581,32.575954346352,0.00526851580223074,0.867875104777871
"CENPK",0.461410939272726,0.0857263443057925,33.484836542219,0.00376630480779692,0.851110645431685
"CENPN",0.411378948523326,0.0665099072656693,34.0306097479645,0.00285466167226189,0.83696563285834
"CENPQ",0.609753814119032,0.196637530040655,29.6751689781456,0.0102115482720187,0.90905280804694
"CENPT",3.20219011396552,0.340616200602477,18.2958710299465,0.0220601535442796,0.776718357082984
"CENPW",0.278746732130721,0.0381114777977208,35.3216449104408,0.0011308078480026,0.831307627829002
"CEP104",2.39611224912877,0.285676169054654,21.209565827766,0.0183122169450338,0.783843252305113
"CEP135",0.899394890120398,0.126494028906876,29.6473256324405,0.00778509455314422,0.795892707460184
"CEP164",2.15655830141613,0.362064600174951,19.779815582357,0.0227753482537059,0.856244761106454
"CEP170",0.679203193410179,0.0731478330420869,31.1070037381551,0.00548577076010544,0.754610226320201
"CEP250",1.30517248594033,0.272322445703833,24.6150218016208,0.0162533411767951,0.869341994970662
"CEP290",0.843924209539206,0.172615030465349,29.1857324320235,0.00955727710738784,0.855406538139145
"CEP295",0.942288514780753,0.217927719198642,27.5440517109919,0.0123261994339807,0.875733445096396
"CEP350",1.74190458268169,0.079576707940635,22.7517470522694,0.0123738058091792,0.503038558256496
"CEP57",2.77693376203799,0.118493585891558,19.9574642093621,0.0145121640886521,0.48396898575021
"CEP57L1",0.744401012018626,0.319725344065565,24.412184972428,0.0187904743235281,0.937866722548198
"CEP63",3.40730136621309,0.368283486793845,17.3426637976778,0.0238422781392127,0.788348700754401
"CEP68",0.573606978948597,0.141478594257524,31.4716305131594,0.00693660714606533,0.877619446772842
"CEP78",0.736462699811821,0.153647345008803,30.2897890599741,0.00817731800324865,0.859807208717519
"CEP85L",1.26799890385904,0.191124962840661,26.7732108320583,0.0116887884059148,0.809304274937133
"CEP89",4.0539118679418,0.598356135667028,9.83358476379554,0.0403869256930578,0.891345347862531
"CEP95",2.40881703467052,0.285626160575108,21.1852544214664,0.0183216187066741,0.783005029337804
"CEPT1",3.02698186645843,0.357853503300452,18.2169327015184,0.0229979875661764,0.800293378038558
"CERK",1.12646539889535,0.118213280343194,28.2431989299579,0.00861150962163547,0.738369656328583
"CERS2",4.75695552860298,0.274678206305131,15.9307679847636,0.0199046815344851,0.607292539815591
"CERS4",0.626333726645437,0.111600714906422,31.5701508950752,0.00594110064528372,0.832460184409053
"CERS5",2.38699979012175,0.241467747211936,21.9269494258808,0.0161041568040171,0.738160100586756
"CERS6",0.257385099187828,0.0544196426032441,35.7057799086207,0.0010848344367394,0.870808885163453
"CES2",1.80592979116207,0.349552486251936,20.8030798908868,0.0217181434254081,0.869656328583403
"CETN2",2.43964370638821,0.429646900933381,17.1144756229205,0.0275290255203826,0.875314333612741
"CETN3",2.17837411928603,0.415147936623061,17.9795602265989,0.0264079098897707,0.881077116512992
"CFAP20",2.42692544945108,0.199294332264946,22.520432428522,0.0144139473517517,0.69080050293378
"CFAP36",1.41826231605427,0.153507334298028,26.7235521112375,0.0105508341318591,0.747904442581727
"CFAP97",1.93612271800904,0.201102662534482,24.0735988437664,0.0135879498279259,0.741303436714166
"CFDP1",3.653302312942,0.205875219076024,18.46199071635,0.0166671168626097,0.578688181056161
"CFL1",4.29255055069317,0.0105516311192577,9.9492062749677,0.025115084778533,0.00146689019279128
"CFL2",0.530258421714969,0.151783654863122,31.4482168716209,0.00731158873336304,0.893440905280805
"CFLAR",1.16834610788621,0.0248993984005732,19.9923991361131,0.0155858133964196,0.317581726739313
"CGGBP1",5.20990780288329,0.204368834808075,14.2543604381255,0.0186185384473186,0.453269069572506
"CGRRF1",2.13860940241927,0.289174897739907,21.7364203253863,0.0182493727982125,0.805637049455155
"CHAF1A",0.271177321602661,0.0538163326408246,35.6099053014133,0.00116408114476028,0.866722548197821
"CHAMP1",1.95906367006408,0.270390263553657,22.886255387771,0.016955475147615,0.812133277451802
"CHCHD1",4.82486927582663,0.247480901393669,16.1419681376613,0.0189887721230345,0.573134953897737
"CHCHD10",1.01244383723559,0.0406194991196596,25.2148385072064,0.0105020394518946,0.511944677284158
"CHCHD2",6.44968417403568,0.0293219641123041,8.28383288503164,0.0250600188442475,0.0039815590947192
"CHCHD3",11.1277969019115,0.433418218313358,7.40417949323626,0.0296860442826746,0.57093461860855
"CHCHD4",3.52973520411757,0.463040062982245,14.6845981303866,0.0302151375666541,0.846081307627829
"CHCHD5",2.78294334776748,0.201358242284176,21.6734842550363,0.0149982099305887,0.668168482816429
"CHCHD6",0.731724874543132,0.254927363627886,26.9972705063976,0.0142853411316318,0.917120704107293
"CHCHD7",1.03211008974799,0.0672413217113999,27.0570012413212,0.0088204642128106,0.616303436714166
"CHD1",2.1751958302922,0.088635849441052,20.815038644125,0.0138459425049138,0.459136630343671
"CHD2",1.47756766694736,0.0587497116698236,22.740971628371,0.0124896869403599,0.466261525565801
"CHD3",1.13747397662949,0.0925135714745595,27.6222580343428,0.00861436527205925,0.676655490360436
"CHD4",2.26948013701064,0.114690203945398,22.0174904623,0.0130579620628466,0.540025146689019
"CHD6",1.86621996094281,0.215886129231245,24.0391683740648,0.0141058999906592,0.763411567476949
"CHD7",0.358330264545988,0.105633414860196,33.8726724677719,0.00398769353460146,0.895955574182733
"CHD8",2.48599141253634,0.229573990981548,21.9095384900272,0.0156995703310039,0.719195305951383
"CHD9",0.516583214159173,0.0513134286995961,32.038508394817,0.00434719464006629,0.747799664710813
"CHEK2",0.97745138409824,0.402061421347322,20.4536201991303,0.0249273803460537,0.941953059513831
"CHERP",2.5071328778047,0.246410070095391,21.6480202143586,0.0164590787174482,0.737112321877619
"CHFR",2.40563396964194,0.280775913683846,21.2013609050971,0.0180682467587862,0.776194467728416
"CHIC2",2.11005522799225,0.083719588588646,20.7120221101705,0.0139383329830848,0.447401508801341
"CHID1",1.35674777231733,0.172176660653576,26.8956163280025,0.0110048451608457,0.783005029337804
"CHKA",0.743221567778817,0.238632838595868,27.5664458881309,0.0132275390868993,0.909262363788768
"CHM",2.03759174985525,0.331451138557072,20.874681246134,0.0207090051642385,0.843776194467728
"CHML",0.175264642905489,0.0670027111085322,36.6797005197964,0.000527463700815176,0.922883487007544
"CHMP1A",5.65860442847628,0.305684939275543,13.9885040162219,0.021725179876684,0.595138306789606
"CHMP1B",0.636532362230614,0.0254257819597737,26.6485136628037,0.00928478602487115,0.530071248952221
"CHMP2A",8.81691000544871,0.278097236802271,9.10297455404823,0.0223432664373802,0.416911148365465
"CHMP2B",2.91598943702117,0.15471991623002,19.976343584008,0.0147841385534775,0.543378038558257
"CHMP3",2.57596399565084,0.279937181343291,20.9827837440773,0.0181755710896487,0.767917015926236
"CHMP4A",1.59399132569021,0.289569158599382,23.189882439272,0.0176848093241388,0.851634534786253
"CHMP5",7.66051563080507,0.246766782924677,10.8545532086661,0.0210486207059314,0.420997485331098
"CHMP6",1.97671700641744,0.348472448416386,20.4917848507843,0.0217629205918018,0.858025984911987
"CHMP7",2.47335074171219,0.237459899770017,21.7251084190576,0.0160483219996343,0.725796311818944
"CHORDC1",0.917391521169553,0.016355549463742,20.3295246820369,0.0155440927845215,0.311399832355407
"CHP1",4.27238969502635,0.428924412902645,14.6367850546146,0.0280491614458473,0.792644593461861
"CHPF",0.409595415448423,0.0565950530675681,33.5438878097529,0.0030697135290893,0.804903604358759
"CHPF2",1.81016705966511,0.233330519109652,23.9042848651307,0.0148365341482578,0.786462699077955
"CHPT1",0.980375312989114,0.184569787960747,28.2492544254959,0.0105786668730825,0.845033528918692
"CHRAC1",3.62319698884032,0.266470650867764,18.7656202418858,0.0185624707589033,0.679694048616932
"CHRNB1",1.47493550445669,0.3383126650478,21.921146831664,0.0207247013041071,0.887678122380553
"CHST11",1.03181638967002,0.0821924053817458,28.0298405772661,0.00815273023062461,0.672254819782062
"CHST12",0.494676495494045,0.0362961869591832,31.0453899954615,0.00511452411287043,0.690381391450126
"CHSY1",0.615104575636635,0.24004459811269,27.9996331689019,0.0130725911928605,0.925188600167645
"CHTOP",4.14675626501953,0.196199836180513,17.285707097941,0.0170896576744211,0.529023470243085
"CHUK",2.20995419410286,0.394815717621133,18.5724073486693,0.0250022447319003,0.868608549874267
"CHURC1",3.41215561296479,0.190458284364286,19.0118540149153,0.0160141257786843,0.571144174350377
"CIAO1",5.94134155394774,0.263845508684241,13.3554367728813,0.0204254448732623,0.516240569991618
"CIAPIN1",3.79680331638428,0.328005584872206,17.5725609570747,0.0217158999872477,0.73512154233026
"CIB1",3.18455197845259,0.0646188773854542,14.954273284112,0.0187087027744936,0.241198658843252
"CIC",2.41571342979814,0.457470425257305,16.1655531769981,0.0295019495586942,0.887992455993294
"CIDEB",0.591107745590259,0.253491708868824,27.5697862412605,0.0139409803645614,0.932942162615256
"CINP",5.98669489623102,0.489583691364777,11.4254785694591,0.0325569666880562,0.775565800502934
"CIR1",2.81446718253288,0.165057879930027,20.4413561097385,0.0146626634795711,0.573868398994132
"CIRBP",3.4958120675099,0.0452687264710547,12.0322029252322,0.021655823138209,0.119341994970662
"CISD1",2.17890403363807,0.187515932244129,23.5694588162474,0.0134947408358591,0.704421626152557
"CISD2",2.93515314781705,0.102087490331318,18.6116320751526,0.0154484390538955,0.416072925398156
"CISD3",0.621229868352978,0.0884272380541266,32.0300551768462,0.00502939706007266,0.80919949706622
"CITED2",0.577281235694472,0.0197001319068293,26.8365844994553,0.00917683657266952,0.525880134115675
"CIZ1",2.91574758188344,0.402969661394432,17.2041592428389,0.0258598654851056,0.836756077116513
"CKAP2",0.656714938050041,0.0632524262773025,31.0398867055173,0.00539598283463008,0.735959765297569
"CKAP4",0.119799900107351,0.036368533819768,38.0458891918969,0.00150153173094485,0.916596814752724
"CKAP5",0.965200536074694,0.126590882426409,29.319358231428,0.00803515730553166,0.785729253981559
"CKB",0.0939903173341755,0.0358574204916094,38.5627862711376,0.00200842393204829,0.932523051131601
"CKLF",0.751665676588127,0.0440645453121523,28.8014040644136,0.00724019930476971,0.632020117351215
"CKS1B",0.50369136261887,0.0262631448781786,30.1429138733833,0.00595861774547153,0.644069572506287
"CKS2",0.793132895378833,0.0161811005365846,22.6075609035626,0.0133571416437577,0.383906119027661
"CLASP1",2.59776456210372,0.325179674338048,19.7880982854715,0.0207436515441364,0.800083822296731
"CLASP2",2.1599278020643,0.239630006812728,22.6956131626459,0.0156801857974235,0.758906119027661
"CLASRP",5.43895940759484,0.386390308823032,13.665632508647,0.0256960640411825,0.700544844928751
"CLCC1",2.30704031244022,0.523468555276992,13.8134358257345,0.0343414185087232,0.915129924559933
"CLCN3",1.92530498280508,0.191199160227718,24.152588818172,0.0132125071345006,0.728206202849958
"CLCN7",1.31919415150718,0.296593166663328,23.726992526318,0.0178212792888558,0.879505448449287
"CLDND1",1.11411592113267,0.0316070158900663,22.0275182973929,0.013527853513094,0.394488683989941
"CLEC16A",3.13865851961124,0.413530846747159,16.4480179642906,0.0266264622394033,0.828897736797988
"CLEC2B",0.490555736559505,0.0102562526897928,25.3075486282313,0.0108272863396929,0.459136630343671
"CLEC2D",0.727985329066954,0.0100146377413944,21.0188739772354,0.0150941334384508,0.32093461860855
"CLIC1",2.71331483995861,0.0190445326951919,12.2756271398181,0.0228189304412468,0.0737636211232188
"CLIC4",0.282453371424483,0.0186845210688742,33.2772138416542,0.00286646179293264,0.732187761944677
"CLINT1",3.15818373187568,0.156219612802874,19.5885105214065,0.0151013254223619,0.534367141659681
"CLIP1",1.87957073793689,0.147573673900448,24.467054472663,0.0118739184739373,0.668587594300084
"CLK1",2.18035248937341,0.0560724003871666,17.6991688291135,0.0167256297768473,0.305951383067896
"CLK2",2.64110717296461,0.435466587262075,16.5447660944055,0.0279808647039789,0.865989103101425
"CLK3",5.79862325625481,0.34704759292508,13.324923143431,0.0236662568223416,0.634744341994971
"CLK4",2.62631538263485,0.183955643159107,21.2272520910536,0.0146013339193519,0.627514668901928
"CLN5",1.82146860534767,0.3096237145408,22.0460040717929,0.0191546373521481,0.846814752724225
"CLN6",1.43413960684048,0.204331163196697,26.1944970657646,0.0125741700235698,0.811923721709975
"CLN8",0.584228262630888,0.0953845457445545,32.0305263706972,0.00516484786836679,0.820620284995809
"CLNS1A",5.52397318746731,0.179104439543989,14.0074189584293,0.0185564520078232,0.408109807208718
"CLOCK",1.27040777110012,0.309486379277022,23.4570097303815,0.018611748670398,0.891135792120704
"CLP1",4.47382240450092,0.55534810600056,10.8605209054962,0.0370842234902129,0.858549874266555
"CLPB",2.84000808867569,0.576765766544107,11.3858443203089,0.0385231912839309,0.91617770326907
"CLPP",4.83612404027136,0.175406977947031,15.1524299885884,0.0178564845745187,0.434618608549874
"CLPTM1",3.97325876614852,0.218547934812531,17.4039055913086,0.0174500117716693,0.566743503772003
"CLPTM1L",1.37313787195041,0.325246490675582,22.6293586375281,0.0197616451541065,0.889668901927913
"CLPX",3.33854290686486,0.351668391024386,17.7245402303541,0.0227876733476931,0.775670578373847
"CLSTN1",2.46222919801628,0.268143342298701,21.3871048744849,0.017459002928828,0.762468566638726
"CLSTN3",0.406322857935151,0.0706525780099208,33.7124792043602,0.0031945785860255,0.833612740989103
"CLTA",7.56629659483818,0.127891146131548,8.94952733476828,0.0213105904713006,0.18964794635373
"CLTB",3.12557914657575,0.0964347754619785,17.4862314266579,0.0162774045767765,0.372799664710813
"CLTC",2.54916387724393,0.113627005044474,20.7024805335506,0.0139742369698395,0.498323554065381
"CLU",0.0900284332156472,0.00996678839779876,37.7579450518969,0.00173688941435773,0.863160100586756
"CLUAP1",0.640368545070676,0.319336272155496,24.6642360458378,0.0186598283552176,0.945410729253982
"CLUH",1.82787533726431,0.45777902476243,16.8826082741657,0.0293408426831966,0.913243922883487
"CMAS",3.09517870287261,0.29796445478197,19.4312256637718,0.0196045744808403,0.747485331098072
"CMC1",0.461160230106005,0.0278917947993942,30.3226808840612,0.00576336389784715,0.652556580050293
"CMC2",3.14391857019869,0.11012907796956,18.2949601097352,0.0156542182174711,0.420368818105616
"CMIP",0.745006790337012,0.0667800907864361,29.9432549910993,0.00636969102131081,0.706936295054485
"CMPK1",5.21375590662133,0.219378072948037,15.1103375822432,0.0186692624170965,0.501047778709137
"CMSS1",0.243747021818569,0.0132458391266346,32.7166644800648,0.00338646720633354,0.70452640402347
"CMTM3",1.39517911581065,0.0750958135116798,25.1189227479519,0.0104890858744258,0.569048616932104
"CMTM6",1.58625875588636,0.0237311484201034,16.4086535672943,0.018931564037529,0.203688181056161
"CMTM7",0.674241257673048,0.0163253378297579,23.8808397445244,0.0121058693804177,0.424664710813076
"CMTR1",1.30948535847288,0.324111874385818,22.7955114168553,0.0196301614906862,0.893231349538977
"CMTR2",2.34020913863568,0.301947703604331,20.9520348184201,0.0191739284121905,0.800817267393127
"CNBP",8.59040562462421,0.0601858229799418,6.36381667173729,0.0246834118202425,0.0162405699916178
"CNDP2",2.07300398175861,0.140296677231185,23.3210867989557,0.0124613493491788,0.621647108130763
"CNIH1",1.27088122161366,0.0215712502479218,17.3962674937093,0.0181116685720875,0.228939647946354
"CNIH4",3.7161587336544,0.186091424999881,18.3432179864866,0.0163288139601508,0.544530595138307
"CNKSR3",0.053186819911667,0.0207495553093256,39.7144419634378,0.00349085241030991,0.944991617770327
"CNN2",1.68155842595584,0.0281436829338716,18.1257157896939,0.0172174161383455,0.267183570829841
"CNOT1",3.35679669258194,0.19328702751448,19.2604512851881,0.0159565258487936,0.582984073763621
"CNOT10",3.32904420801012,0.373779536629977,17.2694671740159,0.0241369222745935,0.794530595138307
"CNOT11",3.81622555406955,0.53157744192703,12.1932308373239,0.0352325560859391,0.868608549874267
"CNOT2",4.54658715635365,0.206890918753078,15.7751332214776,0.0179345737118611,0.501047778709137
"CNOT3",4.59071539794832,0.380638335905195,15.065114259247,0.0250765039179825,0.735540653813915
"CNOT4",5.6992485213489,0.289719189760298,13.7352320395084,0.0211265874053304,0.564857502095557
"CNOT6",4.50737011777446,0.578776824502725,10.1501488323245,0.0389042336965907,0.869970662196144
"CNOT6L",0.997408071999422,0.0520503378779881,25.9773265364809,0.0097266275489299,0.555951383067896
"CNOT7",6.50483178064864,0.204747769871929,11.728401769941,0.0197982968473946,0.382648784576697
"CNOT8",4.90357701026487,0.237497342795779,15.4648309430944,0.0188652609430113,0.538453478625314
"CNP",1.28030027678705,0.12764567612782,27.4079165890268,0.00942902889863612,0.727577535624476
"CNPPD1",2.78253838766253,0.124983845759452,19.6366280151027,0.0147023777883003,0.484702430846605
"CNPY2",3.48966892364699,0.364178343559361,17.1752125198362,0.0236170618375547,0.777242246437552
"CNPY3",1.73802548454986,0.062797704339748,21.1973868753895,0.0137320524162123,0.425502933780386
"CNPY4",0.835110979618122,0.248131147670222,26.9180876510702,0.0140062733209185,0.903813914501257
"CNST",1.68893754143701,0.133870420878038,24.8836534672365,0.01127374300732,0.659262363788768
"CNTLN",0.279016669524226,0.150228686782324,33.0759188759617,0.00613328858959997,0.942581726739313
"CNTRL",1.27849312131507,0.126295329658464,27.3405070392271,0.00943890734409514,0.723281642917016
"COA1",1.82080999817136,0.179574890573864,24.912459379098,0.0124567254260212,0.733235540653814
"COA3",4.8732862022453,0.259026130938038,15.9038724524883,0.0194202140143186,0.583298407376362
"COA4",3.5740731636742,0.189670500479269,18.7697538558079,0.016170290943923,0.562761944677284
"COA5",3.7918640889153,0.36185158343273,16.8061392223903,0.0236352443936679,0.761944677284158
"COA6",3.24305841074357,0.174154186698124,19.6758649776843,0.0153646980194096,0.565486169321039
"COA7",1.41163346462946,0.418355909705148,19.0384506715544,0.0263165253116492,0.921521374685666
"COASY",11.6512215139788,0.579054406108513,6.00813023867394,0.0396454362629832,0.706307627829002
"COBLL1",0.132066392021633,0.0368829191971532,37.7675976281684,0.00122554585625634,0.908424140821459
"COG1",1.74799977062846,0.366410336112038,20.3153510709424,0.022813244513277,0.880553227158424
"COG2",1.61971812517816,0.316080442695072,22.3139247142101,0.0193802268684296,0.865360435875943
"COG3",3.27440678666077,0.384016793641386,17.0287193993899,0.0247470069917194,0.802598491198659
"COG4",2.78275739968693,0.363756107147847,18.5962488864708,0.023243437192931,0.821039396479464
"COG5",5.50637247874828,0.544121195688696,10.3419132718079,0.0363412707773248,0.821353730092205
"COG6",2.23934664208129,0.466644024091759,16.0162436575017,0.0301049879660378,0.898051131601006
"COG7",2.84537571752404,0.497101247932789,14.2256274696089,0.032477012707128,0.88558256496228
"COG8",3.96993883746459,0.571875647810451,10.7169127368648,0.0382859014741793,0.880972338642079
"COIL",3.08744214220009,0.3247485748036,18.8157495288797,0.0210679734828337,0.769069572506287
"COL18A1",0.0530784701558734,0.00734922716750647,39.2039934302476,0.0032592903218224,0.906014249790444
"COL4A3BP",3.51752473417598,0.265707466347971,18.559076344934,0.0184936252462571,0.672673931265717
"COL6A1",0.0211693313111786,0.00103952837550137,40.1507289918752,0.00436344767568204,0.926445934618609
"COLGALT1",1.0116690321684,0.231298304371887,26.8786871967188,0.0132645797279164,0.875943000838223
"COMMD1",10.9825846262267,0.384749693365502,6.96992389455122,0.0268845149231106,0.49884744341995
"COMMD10",3.70063825245041,0.391465360174575,16.3492903080973,0.0254279204982137,0.791596814752724
"COMMD2",6.18120555201018,0.352100790709755,12.9515467886473,0.0240977009779095,0.630238893545683
"COMMD3",1.64908599771117,0.277663368710563,23.4046393870262,0.0170250420263588,0.839794635373009
"COMMD4",2.02500113460543,0.179668223915905,24.3034576477609,0.012855780830686,0.714585079631182
"COMMD5",3.76215081007122,0.269042043215026,18.1261955571421,0.0188423985143345,0.664501257334451
"COMMD6",6.37202121496847,0.0620209026764963,8.01034076610598,0.0236948610057738,0.0489312657166806
"COMMD7",3.74047282927953,0.227453157232373,18.5701189628223,0.0172700152430076,0.614941324392288
"COMMD8",3.49887101222534,0.258222116720589,19.0710054256691,0.0181007799584392,0.676550712489522
"COMMD9",6.51763387077788,0.475455732550568,11.1687824908536,0.0316495681752581,0.746647108130763
"COMT",2.29290205795306,0.10597176231159,22.108795419986,0.012987923588361,0.52860435875943
"COMTD1",1.16697622153763,0.159787320173362,27.9885692119568,0.0099197873459087,0.797359597652976
"COPA",3.98411776812559,0.183166042989992,17.0316893040878,0.0168862693316739,0.501047778709137
"COPB1",3.69984845535105,0.191862170196998,18.0965207932509,0.0165125354825502,0.546102263202012
"COPB2",3.22719975223776,0.158498445259461,18.8920733281738,0.0154759908575013,0.516974015088013
"COPE",5.68749926979262,0.100246475248388,10.5856356271954,0.020824243157315,0.183256496227997
"COPG1",2.3651550462638,0.201878617234296,22.4444016249327,0.0144823907033144,0.692581726739313
"COPRS",0.683130200650751,0.213238085775933,28.7790185989754,0.0114432719325248,0.907166806370495
"COPS2",8.57040274323886,0.283847304083041,9.51666759485051,0.0223909499433699,0.436295054484493
"COPS3",4.17312442797797,0.199895748354276,17.618862692825,0.0170705799314221,0.54463537300922
"COPS4",17.7023992777353,0.699821496032509,3.4628269576268,0.0507302851865251,0.726948868398994
"COPS5",14.7415658179671,0.434753728057398,3.67984222369687,0.0297472432145446,0.465842414082146
"COPS6",7.54761076296328,0.280437525667848,10.7000833289816,0.0218288559247442,0.464480301760268
"COPS7A",3.57394017997322,0.346774608752426,17.5401973313956,0.0226396734996554,0.762259010896899
"COPS7B",10.0831642007084,0.607443679223914,6.52517992717569,0.0418566386857861,0.764040234702431
"COPS8",5.99494095196023,0.270643321388361,13.6944020734905,0.0206317967057177,0.535834031852473
"COPZ1",7.00239281751875,0.218961209488939,10.9282109631336,0.0203158852387801,0.381705783738474
"COQ10B",4.63601728905653,0.255927987704821,15.9191755723371,0.019184501654009,0.579316848281643
"COQ2",1.70306524980795,0.280178423978279,23.2770767354037,0.0172251615296705,0.839585079631182
"COQ4",3.38331509282321,0.242649900526332,19.6148699748086,0.0173268131696336,0.669321039396479
"COQ5",3.23923595515731,0.434073931276911,15.8190885825633,0.0280841169802371,0.839480301760268
"COQ6",5.34316652582933,0.610729518832663,8.7189403097018,0.0415373979319655,0.86556999161777
"COQ7",2.12779573449769,0.431881311516614,17.4407914155432,0.0275669911037319,0.889983235540654
"COQ9",4.10554649334985,0.400627843918712,15.4801109225594,0.0261492648634799,0.777766135792121
"CORO1A",0.926220695761122,0.0080003671310584,17.9156917242677,0.0182295813623434,0.21825230511316
"CORO1B",0.74665069347779,0.0280704494672941,26.1887962193202,0.00971142212399294,0.520326906957251
"CORO1C",0.507836489000643,0.0510601908099065,32.1759525493891,0.00422153170959767,0.751781223805532
"CORO7",2.64106833256162,0.635767692186884,9.17456022888479,0.0430785382624491,0.937238055322716
"COTL1",0.773214418359136,0.00530603151003015,17.9623018138901,0.0183128239625917,0.213537300922045
"COX10",1.42916942679064,0.257692847113429,24.6736287624694,0.0155393078504813,0.848281642917016
"COX11",3.68830508694353,0.363533428744751,17.1187502613832,0.0237057288381801,0.773784576697402
"COX14",4.54636539541124,0.135286429947704,14.2593110404969,0.0181109419971137,0.343880972338642
"COX15",5.12528018261207,0.645643649389026,7.80256765688681,0.044341172876518,0.887992455993294
"COX16",8.11353056551172,0.262020502615044,10.0671079445694,0.0216316933058386,0.420892707460184
"COX17",2.98021992258094,0.0749427400133515,16.500802262371,0.0172894312845594,0.305532271584241
"COX18",1.16971032371362,0.412508184516143,19.6590648691435,0.0257814146090126,0.932732606873428
"COX19",3.08617660160595,0.241207173983348,20.1082450460098,0.0169775930251409,0.68220871751886
"COX20",2.3194023323433,0.109665112947038,21.5664358776491,0.0133437067308261,0.517917015926236
"COX4I1",20.9169534838251,0.0835601752282549,1.11729254956487,0.0260668988229727,0.00293378038558256
"COX5A",3.43619709603694,0.0382956943058113,11.6313959281089,0.0222999897215573,0.0941953059513831
"COX5B",8.24178488159159,0.0844489977035808,6.72571147216293,0.0235572047539509,0.0619237217099749
"COX6A1",7.89348031983965,0.0517411829109386,7.09246394308401,0.0246498869598736,0.0182313495389774
"COX6B1",11.7215297393008,0.0961167630858862,4.32430364298146,0.0243781200861815,0.0370913663034367
"COX6C",5.27330927520192,0.0420542486982653,9.30441591631285,0.0237847308426264,0.0452640402347024
"COX7A2",9.36752372797136,0.0800608574186799,5.72825186564536,0.0242330246914809,0.0349958088851635
"COX7A2L",6.6877632476896,0.136964814262397,10.7940211683322,0.0202271058918633,0.253038558256496
"COX7B",8.65273956303203,0.0972367861820908,6.64507925211672,0.0231976023978712,0.0824601844090528
"COX7C",11.9332702867429,0.061868537651091,4.96243866919757,0.0252345341040036,0.00712489522212909
"COX8A",3.69310966372449,0.0362097855443767,11.3116347152517,0.0226447090393705,0.0828792958927075
"CPD",0.839395358448883,0.111772724121134,30.0201377741217,0.00712583617447586,0.7837384744342
"CPEB2",0.283267819979286,0.124943172134722,33.9207090963095,0.00458534995892923,0.928751047778709
"CPEB4",0.465471625862355,0.0830127517813122,33.1873151863414,0.00392630874043494,0.837175188600168
"CPM",0.115885676680419,0.0150630516929238,37.4048635692453,0.00129667400955774,0.860226320201174
"CPNE1",4.22908554240889,0.232283379859469,17.1480819478447,0.0180181898690903,0.580050293378039
"CPNE2",0.105576538773631,0.0472348174501706,38.1458060533321,0.00132900802406598,0.937761944677284
"CPNE3",0.707254808650303,0.0388838670674855,28.0419133310323,0.00790536223496897,0.598595976529757
"CPNE8",0.179080785064306,0.0951671794073072,35.8333101393064,0.00208920742601691,0.94163872590109
"CPOX",0.574123222791917,0.0952961486136667,32.2429195750837,0.00500319627023199,0.82722129086337
"CPPED1",0.931678239408583,0.176714569303497,28.7861498753572,0.00997885436378523,0.849329421626153
"CPQ",0.497479047624344,0.123427252744841,32.4399332304364,0.00564607041022863,0.879191114836547
"CPSF1",4.20757002237653,0.485988356233598,13.1014409830383,0.0319222548326624,0.828792958927075
"CPSF2",3.61703211247822,0.382506734581683,16.7591219363708,0.0248381314076108,0.790968147527242
"CPSF3",2.17565082568244,0.326052995863365,20.8269721861257,0.0204753281337642,0.833717518860017
"CPSF4",2.73827710369756,0.402977631460421,17.4996977837399,0.0257931147828653,0.846290863369656
"CPSF6",4.76282225925366,0.203374637813525,15.8319957755915,0.0179598768678944,0.497590108968986
"CPSF7",5.97633772846329,0.316476304645279,13.3411984424152,0.0223423917927729,0.591575859178541
"CPT1A",1.42478680387217,0.21816242603053,25.6625169535446,0.013347267196077,0.817267393126572
"CPT2",1.93222259938458,0.49255359193233,15.3964017904975,0.0319401448851069,0.919530595138307
"CPTP",2.89108622851481,0.352362866935247,18.6079829443255,0.0225828350347602,0.804274937133277
"CRADD",0.187996035731991,0.0250655257499123,36.1079534740589,0.000147282586870176,0.834870075440067
"CRAT",0.735362378899146,0.25593024136383,26.9814864168025,0.0143502391943413,0.918168482816429
"CRBN",3.17884300160832,0.212797731063977,19.5518536016651,0.0162480576193821,0.621961441743504
"CRCP",2.53922080015832,0.385033581591248,18.3029337866943,0.0244917785326741,0.844719195305951
"CREB1",2.63511050347005,0.138508642685548,21.0045761927336,0.0139643151515842,0.548302598491199
"CREB3",5.38370841607507,0.329481534697669,14.3374947198667,0.0226462440883969,0.639668901927913
"CREB3L2",0.395730795254888,0.0589294094591328,33.7689851609069,0.00291116976230443,0.816010058675608
"CREB3L4",0.576456336315899,0.309966778127195,25.247302033417,0.0179150082342462,0.94907795473596
"CREB5",0.0568518961175325,0.00618331994075438,38.9113272677237,0.0029795959307948,0.894488683989941
"CREBBP",2.21553359573159,0.170701928076178,23.0140279852715,0.0132936196502287,0.660938809723386
"CREBL2",1.41543821963904,0.163441785546528,26.6072567338466,0.0108999165370728,0.760163453478625
"CREBRF",1.00097992808546,0.0787261317057527,28.0188036495888,0.00811417286795284,0.666072925398156
"CREBZF",1.58518401796452,0.105869697587627,24.9078080183621,0.0108416584710711,0.614103101424979
"CREG1",0.420568167184309,0.0376814619968021,32.5963846116809,0.00367917193035877,0.742665549036044
"CRELD1",1.26638529174084,0.220443890839749,26.1202681688477,0.0131787599605186,0.835184409052808
"CRELD2",0.977428002648117,0.0734730427823338,28.1811528893284,0.00793967083995133,0.662405699916178
"CREM",0.668604507364958,0.00354828278946827,17.064487459151,0.0192982146575513,0.1802179379715
"CRIM1",0.126758656486164,0.0381968997670347,37.881507856161,0.00130332848137779,0.914291701592624
"CRIP1",0.746131869944584,0.0232156295207554,24.9949503117041,0.0109062909139853,0.473281642917016
"CRIP2",0.0980377833084732,0.00954667739165007,37.4522495365363,0.00143053633168654,0.852472757753562
"CRIPT",4.96669733897606,0.313075749268522,15.4548892412158,0.0216613195939213,0.649098910310143
"CRK",1.8782069983749,0.20807332176427,24.3435962490201,0.0137085750318518,0.760477787091366
"CRKL",3.10775058111235,0.270054747328459,19.7233040632417,0.0182450331290343,0.714375523889355
"CRLF3",3.1606824844508,0.228605234734291,19.7687074167809,0.0166604477968495,0.652766135792121
"CRNDE",0.141657753893534,0.0369837812314711,37.6428631992068,0.00110182027950551,0.904547359597653
"CRNKL1",2.83806283782672,0.279329893413308,20.0796874967559,0.0184428880337979,0.739522212908634
"CROT",0.613370480676275,0.245486929906989,27.7890223945119,0.0134385774779265,0.927179379715004
"CRTAP",0.790414190129639,0.0349074835733392,26.7251043040934,0.00915040916509391,0.549664710813076
"CRTC2",5.45846610107109,0.319392389642352,14.1169519307696,0.0222074873136302,0.618818105616094
"CRTC3",1.72093334324654,0.180435829499976,25.1761177629354,0.0123027727350006,0.742770326906957
"CRY1",1.47398908009953,0.147757414845459,26.3859067145958,0.0106110454018192,0.728206202849958
"CRYBG3",0.218345697628519,0.121653235381886,34.5539315814268,0.00399464480694604,0.943629505448449
"CRYL1",0.346771154041202,0.0931275850870949,34.2837380093277,0.00329220404011576,0.88872590108969
"CRYZ",0.782012204180932,0.0963356457307483,30.3486439199718,0.00652187883919427,0.768860016764459
"CRYZL1",8.63752874717422,0.661391640555335,6.09081608617851,0.0461452998181935,0.829107292539816
"CS",5.50450424729734,0.303614802405015,14.9820410593918,0.0215528673055099,0.620808885163453
"CSDE1",9.81409842856971,0.149716171733814,5.85127649354407,0.0224526052441773,0.145746018440905
"CSE1L",2.52409444969037,0.274977244223928,21.3069503393412,0.0178476194778313,0.770222129086337
"CSF1",0.0752166265490602,0.0107851717670621,38.511572543095,0.00248897143258354,0.889145012573345
"CSGALNACT2",1.64376632818345,0.163978097954636,25.5253709188413,0.0115945451711785,0.727472757753562
"CSK",1.35015100245168,0.0763532072600565,25.4371258466871,0.0102280005463036,0.581098072087175
"CSNK1A1",4.79339183713933,0.111865579495178,12.9776622087078,0.019116319825969,0.268755238893546
"CSNK1D",4.10741679595651,0.135540796112693,15.4281542947524,0.0174004782002572,0.377829002514669
"CSNK1E",1.68149862265351,0.176236000409649,25.2205327778456,0.0121235297351917,0.737531433361274
"CSNK1G1",1.89885133182463,0.306001783798172,21.9931076896444,0.0190006468411601,0.839480301760268
"CSNK1G2",1.49346466815874,0.235055736957577,24.9482852227896,0.0143890501512109,0.821563285834032
"CSNK1G3",1.0891258232934,0.0903883424074752,27.7093539241711,0.00850051712176436,0.675817267393127
"CSNK2A1",5.4070754391984,0.358281901347683,14.2522463802422,0.0241440404920989,0.6779128248114
"CSNK2A2",3.95295825052225,0.583782928086816,10.3986743520449,0.0392455894914581,0.888306789606035
"CSNK2B",4.86747058765032,0.39835430931712,14.4494539213003,0.0262642017879439,0.741722548197821
"CSPP1",1.98078506772249,0.33519771693746,20.9471816748416,0.0209054689423931,0.851739312657167
"CSRNP1",0.659943544490532,0.0287744809443742,27.4412026756104,0.00851550359272618,0.561609388097234
"CSRNP2",1.10583415103545,0.299881417946716,24.1959926674981,0.0178010050023468,0.899518021793797
"CSRP1",0.57164928061499,0.0199666972258868,26.6742415526685,0.00932472774150692,0.521060352053646
"CST3",0.0940123722778565,0.00104407365651753,34.1001054410352,0.0019226802012083,0.728310980720872
"CST7",0.32905602736204,0.00275413079074831,24.6390250763577,0.0116625778827112,0.422988264878458
"CSTB",1.60010089718971,0.0177905738697815,14.8782258063944,0.0206177589880565,0.144069572506287
"CSTF1",2.26058922460876,0.236331640323542,22.4879686610689,0.0156636992141336,0.747380553227158
"CSTF3",2.18054203345388,0.389477321207521,18.8338983930865,0.0246288000267098,0.868608549874267
"CTBP1",3.21829899498627,0.310188353045134,18.9023187251113,0.0203552664559482,0.749685666387259
"CTBP2",0.22086977889302,0.0895934431491498,35.6095714651435,0.00209969995581957,0.925398155909472
"CTBS",3.10633156223293,0.298439100575753,19.3369449979662,0.0196429381850439,0.745389773679799
"CTCF",1.49226058550896,0.129772668690799,26.3681738193133,0.0102237813131286,0.698658843252305
"CTDNEP1",3.63152447940899,0.282921156664766,18.4452201625427,0.0193184316716038,0.6947820620285
"CTDP1",1.67582918647994,0.236878735517888,24.26636487054,0.0147985801880035,0.803227158424141
"CTDSP1",2.34002700250048,0.217916304606959,22.6315697544269,0.0149547983411302,0.723176865046102
"CTDSP2",2.36689268919041,0.197838874568599,22.5834384142576,0.014307342891121,0.690486169321039
"CTDSPL2",3.56832355270332,0.387241249196999,16.6314980994111,0.0251017253208281,0.794321039396479
"CTNNA1",0.687434110714979,0.0416400458005886,29.1866776918516,0.00687472249122532,0.640088013411568
"CTNNB1",1.35089666905804,0.0539452140680117,23.3937479722557,0.0119831595047143,0.478206202849958
"CTNNBIP1",0.762335445323564,0.128684504965505,30.5927183067254,0.007170803173967,0.829212070410729
"CTNNBL1",8.90078338436055,0.506516517026506,8.35977562336421,0.0339474573374415,0.697296730930428
"CTNND1",0.245418495900692,0.0525686780846947,35.9308081521879,0.000842019894483598,0.875
"CTNS",0.300522837959994,0.0870322727586351,34.7812114514409,0.00270437336287328,0.894698239731769
"CTPS1",1.56959303307267,0.243367984233899,24.6709680753639,0.0149203105399012,0.825754400670578
"CTR9",2.71253204320892,0.15920880563315,20.9158528983022,0.0143021818786487,0.578897736797988
"CTSA",1.19848812490896,0.0521330807937284,24.3735032319516,0.0111429678767646,0.505658005029338
"CTSB",0.740070929232599,0.00980077848548091,20.1558212614575,0.0159478695558863,0.292644593461861
"CTSC",0.412969317878607,0.0055087031450317,23.2338570463122,0.013010368512932,0.382648784576697
"CTSD",0.877010314949408,0.0214848117587526,22.0362424023781,0.0137527620521755,0.375419111483655
"CTSF",0.166605612927455,0.0703680592474116,36.7136023883812,0.000592201381039395,0.929484492875105
"CTSH",0.360754944136788,0.0102904133698415,29.2464803809369,0.00689047924855861,0.586756077116513
"CTSL",0.0694984610641367,0.00521724800423916,37.9231638120451,0.00198063145055732,0.860540653813915
"CTSO",0.281565548597894,0.132163739322107,33.706443195774,0.00500362903227577,0.933570829840738
"CTSS",0.580509632533187,0.0227369107224648,27.5101953464595,0.00849411521784023,0.553017602682313
"CTTN",0.148736058937084,0.0519115244536997,37.3863022662092,0.000505490888746421,0.920892707460184
"CTTNBP2NL",0.419435246347832,0.0928812575575678,33.6400710231956,0.0038119440849616,0.867770326906957
"CTU2",1.64771333766328,0.293675522706283,23.0035895565817,0.017987359119948,0.852053646269908
"CUEDC2",8.28658850083893,0.412693733242861,10.2840820674165,0.0280436983378923,0.631601005867561
"CUL1",1.77802799493149,0.110343139976714,24.0201225295266,0.0115494911736911,0.594090528080469
"CUL2",2.41502124392602,0.33215443119929,20.042293994499,0.021031671140391,0.818629505448449
"CUL3",4.86205452245704,0.433549302608864,13.7080546985342,0.0284856783049672,0.769698239731769
"CUL4A",4.68590479390957,0.311897932422181,15.804297836106,0.0214382599236883,0.658109807208717
"CUL4B",1.55188841281845,0.317438070949503,22.4816451074453,0.0194041105692867,0.872694886839899
"CUL5",3.25078615227558,0.245979997852983,19.5548800028382,0.0173796672116481,0.67277870913663
"CUL9",0.180634337113132,0.0564807300351238,36.7638498546098,0.000173140025161292,0.908319362950545
"CUTA",2.48522506624058,0.0454557742960689,15.897706747179,0.0185454199958957,0.232816429170159
"CUTC",2.86044915679403,0.344073084013078,18.7781816367827,0.0220525306833699,0.797254819782062
"CUX1",0.970355832634058,0.0988734068379471,29.1404793420425,0.00754033970049134,0.734911986588432
"CWC15",8.73567746684859,0.308759579564622,9.31129066193663,0.023213721159749,0.464899413243923
"CWC22",3.14812880789411,0.272614833480317,19.503969751366,0.0184164982150034,0.711651299245599
"CWC25",4.39625908988574,0.275640141128377,16.7371284688657,0.0196528184248173,0.632648784576697
"CWC27",3.39656869482398,0.338775620153517,18.1123873120747,0.0220771034254572,0.767917015926236
"CWF19L1",7.45561364599629,0.679412549097734,6.02379502201186,0.0474884751738859,0.860331098072087
"CWF19L2",1.00902820029329,0.166473086134243,28.357855043599,0.0098506001191091,0.819677284157586
"CXADR",0.0351375043529582,0.00580823932406042,40.0706132859973,0.00418001118890746,0.931789606035205
"CXCL16",0.167653601293401,0.00747018429247206,33.9549063243227,0.00211166635908207,0.734807208717519
"CXCR4",0.554891250553022,0.00335178587471067,19.1279236818684,0.0172381173095215,0.246018440905281
"CXXC1",4.15452399434279,0.266471725436216,17.2302563141946,0.0190973128440801,0.633801341156748
"CXXC5",0.167693215921415,0.0286362224546942,36.8434862288961,0.00050655153215047,0.864731768650461
"CXorf38",2.86025108728224,0.385685471215649,17.7036034322175,0.0246772824341343,0.826592623637888
"CXorf40A",0.91711531509105,0.154621414329855,29.1130904135963,0.00897762154729765,0.824392288348701
"CXorf40B",1.21479173862926,0.116468491090514,27.4673232353826,0.00912346205557726,0.711232187761945
"CXorf56",6.02529361261796,0.673359454121819,6.60005727305823,0.0467308035997768,0.882229673093043
"CYB561",0.468130568987074,0.139372006118229,32.2137473829671,0.00633976094027135,0.897736797988265
"CYB561A3",0.567398587485161,0.0407970304158545,30.3802229442432,0.00575780313423049,0.676760268231349
"CYB5A",1.0743354302489,0.0712947547149074,27.3730480545793,0.00860542918022779,0.633277451802179
"CYB5B",3.95155040325551,0.19506863122014,17.6317238272721,0.0168577620370421,0.537405699916178
"CYB5D2",0.3359847638594,0.105480187934992,34.0644065266959,0.00383169277956404,0.901823134953898
"CYB5R1",0.244824849794626,0.0323710287678317,35.2602636985137,0.0010794862497571,0.819677284157586
"CYB5R3",2.58164632811102,0.0788246505413147,18.6811307736644,0.0155820507739792,0.377829002514669
"CYB5R4",2.93725686373702,0.221615701372686,20.4749872760205,0.0161029007770295,0.663348700754401
"CYBA",1.69054395878905,0.011139818170666,13.3409985133433,0.0224113971036862,0.0835079631181894
"CYC1",4.12566277915487,0.129489364900888,15.9410271810482,0.0171798343356078,0.383696563285834
"CYCS",2.76461257876403,0.0438442693590183,14.3578730265201,0.0198677469649616,0.183675607711651
"CYFIP1",0.716305726327704,0.167987745880831,29.9967711030373,0.00887441368367575,0.873533109807209
"CYFIP2",1.03066734862291,0.0623226798080229,26.8410461279462,0.0089913659222398,0.601110645431685
"CYHR1",1.95225685889375,0.355928580075415,20.3159392343783,0.0222391122403916,0.863998323554065
"CYLD",1.95958059085637,0.0697423606653942,20.4423984508703,0.0142655135597147,0.414606035205365
"CYP20A1",1.83320197896583,0.152983762213715,24.4272730194418,0.0119809974724737,0.676026823134954
"CYP2R1",0.96979411613663,0.215710000018784,27.4441072580053,0.0122754840622345,0.869132439228835
"CYP4V2",0.726095754294998,0.299153488539426,25.2691599647217,0.0173171617287304,0.932523051131601
"CYSTM1",1.00923038639343,0.0312481152187578,23.3864358794928,0.0122882608910985,0.436923721709975
"CYTH1",1.48575781225358,0.0477146028522294,21.416407608036,0.013767969016062,0.405176026823135
"CYTH2",3.10685523302523,0.26165727193776,19.721972287231,0.0178807414978815,0.701697401508801
"CYTIP",0.994920180050436,0.0102849025969794,18.0996423565247,0.0179445681119573,0.228939647946354
"D2HGDH",1.02978341853864,0.235914374630404,26.6117913151024,0.0135947924590012,0.874895222129086
"DAAM1",0.456029167852521,0.0499287842743962,32.7647173010889,0.00367021555178857,0.768755238893546
"DAB2",0.0676148529921953,0.0178822886135146,39.2336997125558,0.00307558738086111,0.924559932942163
"DAD1",4.26915142966994,0.071759780632057,12.4689709462516,0.0203441846191549,0.183989941324392
"DAG1",1.07073666559711,0.326021783972415,23.3049580456426,0.0195457158838939,0.912510477787091
"DALRD3",2.42611536120748,0.236598273250237,22.0108114536688,0.0159100565256184,0.7331307627829
"DAP",2.88349985102063,0.211343333975976,21.0331764377547,0.0155756438710061,0.664291701592624
"DAP3",17.0718719906482,0.464311861851746,2.77343067458431,0.0318218064477182,0.470347862531433
"DAPK1",0.143938699711435,0.0493933820262604,37.4853934438958,0.000661107316141538,0.919949706621961
"DAPK3",1.37677443535927,0.140407892757041,26.7593408168084,0.0101609383478854,0.727996647108131
"DARS",2.92601383580972,0.120127777531098,19.6384400743503,0.0147582241016376,0.477263202011735
"DARS2",1.83823025593284,0.524042743175458,14.2440055921313,0.0342927692043285,0.932103939647946
"DAXX",4.85407518196295,0.228738362994682,15.788904736398,0.0185515402364968,0.534786253143336
"DAZAP1",3.06662422344893,0.25594849021497,20.4521983585015,0.0174851634438728,0.714794635373009
"DAZAP2",6.95478438937695,0.0739304760867051,7.27040171558672,0.0236417254927873,0.0510268231349539
"DBF4",1.0740121435385,0.0836719369109672,28.0657565390719,0.00816459015017962,0.67592204526404
"DBI",3.13554987483876,0.0371417467428074,12.6272549429657,0.0215641725185093,0.12070410729254
"DBN1",0.21368956466061,0.0612487376646442,36.3190679860712,0.000697860145249904,0.901823134953898
"DBNL",2.70505934656983,0.132420829545295,20.818557210829,0.0140482374512445,0.53290025146689
"DBP",0.393495439503804,0.184319397819743,31.0795313312211,0.00882127355555359,0.933885163453479
"DBR1",1.51961017820209,0.425209806777884,18.5944671919189,0.0268580262205234,0.917854149203688
"DCAF10",6.31122639906825,0.466631506829118,11.375830712568,0.0309516694009599,0.741827326068734
"DCAF11",2.59531263095718,0.200526761303007,21.6743848379689,0.0148559754277189,0.667015926236379
"DCAF12",1.3640180050246,0.130166919933159,26.9878210907316,0.00978728633020772,0.718566638725901
"DCAF13",2.48848810071497,0.180875113972027,22.2704684540693,0.0140264186699994,0.654337803855826
"DCAF15",2.68550622976551,0.50657115828859,14.0955710701508,0.0331627889062989,0.896374685666387
"DCAF16",1.36410478416355,0.306241236917914,23.2706771351602,0.0184973431526804,0.880238893545683
"DCAF5",2.19504704523122,0.264697523931046,22.1447774494474,0.0169721219472052,0.78059513830679
"DCAF6",1.22039240075736,0.112124677785472,27.6366789129295,0.008940160077705,0.709450963956412
"DCAF7",4.68905225270319,0.168701611259042,15.0253903697966,0.0178003237574351,0.420054484492875
"DCAF8",2.205313350519,0.174225756309689,23.0061450920071,0.0133769321334464,0.666282481139983
"DCAKD",2.11428626449031,0.460064588280776,16.4513207686803,0.0296017418036217,0.902032690695725
"DCK",0.849088608380747,0.0430854677866054,27.1830007662567,0.00869723475305886,0.578688181056161
"DCLRE1C",1.35656750170675,0.24069967185301,25.376666529343,0.0144402561765301,0.843671416596815
"DCP1A",5.21420137848643,0.323228594515408,14.7132157921538,0.0222663064387053,0.6418692372171
"DCP2",3.56456031422519,0.190215962789834,18.8360490243381,0.0161527918884914,0.565590947191953
"DCPS",1.36773694767874,0.139760544969593,27.0118555622399,0.00999852753110486,0.734807208717519
"DCTD",5.4590114449171,0.358137836414058,14.3882777451616,0.0241865584857906,0.681370494551551
"DCTN1",2.94642420235796,0.237809141801894,20.5354173879747,0.0166624656761438,0.689962279966471
"DCTN2",7.3653671794682,0.250637997244511,11.4258154435362,0.0209461308800645,0.442476948868399
"DCTN3",3.46362186998371,0.131789852363491,18.2187145099941,0.0157581126551455,0.454316848281643
"DCTN4",5.00222878476677,0.402011012361086,14.1120563068279,0.0265111992927575,0.736693210393965
"DCTN5",5.7010663928924,0.40072669934634,13.2520084302957,0.0266539739499357,0.70766974015088
"DCTN6",4.6859865775836,0.392670168918463,14.6490252920041,0.0258218937498403,0.740255658005029
"DCTPP1",1.19356120435931,0.0761907749180082,27.0531798567696,0.00893302722143103,0.631601005867561
"DCUN1D1",5.08384015780823,0.395840944238298,14.173457444632,0.0261761184456332,0.729463537300922
"DCUN1D4",1.2275884092068,0.340686920952878,22.4003568495046,0.020692578258555,0.90674769488684
"DCUN1D5",3.61005980808985,0.220449750215233,18.9947207800397,0.0168770042853721,0.616932103939648
"DCXR",1.67781611956704,0.0428159569390496,19.7825072856338,0.0153033403431654,0.345766974015088
"DDA1",7.58417388760123,0.325347466421308,11.1925891964945,0.0234302447185827,0.540968147527242
"DDAH2",0.505936409991411,0.0322349639603728,30.8338832839992,0.00530878619810036,0.676655490360436
"DDB1",3.82645751331763,0.207108065634021,17.9711121035644,0.0169379138518982,0.566010058675608
"DDB2",0.819576258890054,0.0851546449004024,30.2678387231445,0.00640223079855439,0.747904442581727
"DDHD1",1.14671144408162,0.115035013651572,27.8503964182781,0.0088095251726015,0.720871751886002
"DDHD2",2.1747054006773,0.390963063000564,18.7654110051286,0.0247230267079317,0.868818105616094
"DDI2",1.15720883674287,0.170198999566076,27.69030523601,0.0104170715573121,0.804694048616932
"DDIT3",0.58478575223982,0.0654332194438085,31.6066710554654,0.00491770193194172,0.757648784576697
"DDIT4",0.485923721188463,0.00561652391438916,22.1835111822222,0.014071806325672,0.349119865884325
"DDOST",4.47284806387436,0.10108262904345,13.4209941252854,0.0190028521614775,0.262887678122381
"DDR1",0.0615396793384246,0.0184718429928086,39.4639329445347,0.00329237250401052,0.933046940486169
"DDRGK1",4.21823939571246,0.209135016527699,17.1337848340506,0.017433133806463,0.544425817267393
"DDT",4.83719808407529,0.159083337396256,14.9776664796284,0.0178391427168264,0.404023470243085
"DDX1",3.57869283268405,0.337350342074692,17.6439423137366,0.0220971614423771,0.751571668063705
"DDX10",0.964439415622271,0.148562957879259,28.9754734777529,0.00888359841924399,0.81035205364627
"DDX11",1.01433461205183,0.216460109698945,27.3316650675951,0.0123862159853462,0.866722548197821
"DDX17",2.74301082183201,0.0554569447351208,14.9219448740138,0.0189819476797264,0.22139564124057
"DDX18",2.94499884190233,0.0981263482913035,17.5067885131249,0.016188022509263,0.375419111483655
"DDX19A",4.31896217278626,0.503343239229921,12.5161299350317,0.0331967972784355,0.835393964794635
"DDX19B",1.2028250696109,0.470505968999392,17.1532655098591,0.0300889934466165,0.944153394803018
"DDX20",3.85959678671092,0.521736618607116,12.4119607346822,0.0344781450699125,0.860959765297569
"DDX21",1.55219001440841,0.0435589747663328,20.7101904830269,0.0144738028209524,0.375838222967309
"DDX23",3.38980230979566,0.264475884949931,19.1578094401626,0.0182725693052951,0.688704945515507
"DDX24",2.16241141697943,0.0411074534927117,15.5380534537711,0.0189780105304417,0.211441743503772
"DDX27",2.70384622041779,0.161536353557239,20.894201726491,0.0143439568171359,0.581936295054485
"DDX28",2.11769971952031,0.48945391311246,15.2968736684288,0.0317492566572626,0.910834031852473
"DDX39A",2.22651989545366,0.0627189590588058,18.8882306187767,0.0156485934357397,0.355092204526404
"DDX39B",7.48395437820477,0.523115085272987,9.24014557137937,0.03500007332741,0.750419111483655
"DDX3X",2.82979479672914,0.0950440698703851,18.4613313958443,0.015578665506576,0.39930846605197
"DDX41",8.28417026546354,0.553958570472598,8.27913966298195,0.037443816456969,0.758277451802179
"DDX42",1.74727728801238,0.242975868200425,24.0002483243243,0.0152049495733646,0.804379715004191
"DDX46",5.00878174479125,0.165747475149954,14.5908803769412,0.0180773710239136,0.403394803017603
"DDX49",7.42233707245762,0.431911120102592,10.7648815761561,0.0289288384343342,0.673512154233026
"DDX5",3.08322609592396,0.0191859071973938,10.5128570614063,0.0243049974856497,0.0220033528918692
"DDX50",2.64745101166656,0.246628584682149,21.2679191689419,0.0166477001700906,0.725796311818944
"DDX52",1.9210430595512,0.203539199255654,24.0958731004538,0.0136568807682087,0.745808885163453
"DDX54",4.11878839386524,0.279490287575192,17.5108498457312,0.0195665270337842,0.661357921207041
"DDX55",1.6389057626326,0.267603715666254,23.7495214892856,0.0164132414316207,0.834870075440067
"DDX56",2.97224317270704,0.236050526709377,20.3596789655835,0.016655580296936,0.681999161777033
"DDX59",2.83176840711015,0.359562338124891,18.5401965791921,0.0229978333141112,0.813076278290025
"DDX6",2.91938746778913,0.103151088545813,17.8678021685271,0.0158950633424593,0.394803017602682
"DDX60",0.283016536057398,0.133320049637762,33.6312104185058,0.0050976538246203,0.933046940486169
"DDX60L",0.287953946996321,0.10684641303999,34.4413865045073,0.00357793959337892,0.916072925398156
"DEAF1",0.524023379805564,0.156313009783774,31.330905618108,0.0075534476940304,0.897003352891869
"DECR1",3.16680863154952,0.178086496085664,20.29228072427,0.0151499303041236,0.590213746856664
"DEDD",5.94837447693891,0.336210550887251,13.4746367501149,0.0232343623211208,0.623323554065381
"DEDD2",1.2793556005207,0.0718281879318499,25.34335492445,0.0102699334745563,0.570305951383068
"DEF8",2.31816705023384,0.274416772196863,21.8076852359345,0.0175983420653174,0.78489103101425
"DEGS1",1.8584552023607,0.0788723906006248,21.9428431162238,0.0130122423065678,0.47684409052808
"DEK",1.71454962819103,0.0312732489180029,17.4153979180072,0.0177267091485807,0.250314333612741
"DENND1A",2.75308112048209,0.553361476052076,12.2962458619423,0.0366917998817216,0.910205364626991
"DENND1B",0.795034701675503,0.104286628866564,30.50996032551,0.00659037220402067,0.786986588432523
"DENND4A",0.897892208770316,0.114116124699454,29.633066914028,0.00747561022055673,0.775356244761106
"DENND4B",1.24556643030491,0.288575072575486,24.1880925310157,0.0172202943339831,0.881496227996647
"DENND4C",1.39127548038638,0.201232973801308,26.0723749955757,0.0124603198635915,0.803436714165968
"DENND5A",0.283186207826552,0.0725330170233522,35.2765654339348,0.00189960999501407,0.886839899413244
"DENR",3.89259496429006,0.167469376172982,17.590463190119,0.0164385843501233,0.493084660519698
"DERA",3.00638788126442,0.323556810135416,19.2567026630025,0.0209429045533617,0.780490360435876
"DERL1",2.36065237284893,0.0920820371044559,19.9014482117797,0.0145027694655544,0.437133277451802
"DERL2",4.3896027001176,0.189361964942542,15.9075850865663,0.0175470974538613,0.477787091366303
"DESI1",1.9171204315329,0.138960357285731,24.3892679151364,0.0117726444790588,0.652347024308466
"DESI2",2.93072333329786,0.190811759568161,20.9545476028982,0.0150506300370627,0.630029337803856
"DEXI",1.11793102899705,0.267445306772475,25.3236171142834,0.0156918001350473,0.884010896898575
"DFFA",1.76546344191855,0.16675335269222,24.8561863114237,0.0120687702327147,0.711232187761945
"DGAT1",2.94563390920117,0.614985015705166,9.82748773800639,0.0414905942458808,0.924036043587594
"DGCR2",2.48218123304022,0.360022218273354,19.0812550265268,0.022821429205123,0.831202849958089
"DGCR6L",5.71798167339169,0.341994343550497,14.1663138221951,0.0234537191004035,0.65161357921207
"DGCR8",1.46647392343721,0.298150209139436,23.3654578204781,0.0180721350230188,0.870389773679799
"DGKD",0.570243817727775,0.147287483954524,31.2885150267266,0.00725657746547548,0.881181894383906
"DGKZ",1.46915266337258,0.163015277196877,26.243956064229,0.0111011496628922,0.748218776194468
"DGUOK",4.98758155671356,0.149747432387299,14.0888088489287,0.0182616144240038,0.363369656328583
"DHCR24",0.129835156222572,0.0694895618279474,37.2202523974996,0.000124652747706955,0.944362950544845
"DHCR7",0.313062725333289,0.0860776593314325,34.6924853789413,0.00275306418972444,0.890297569153395
"DHDDS",6.11845787843147,0.646392942670717,7.30051339329063,0.0444869847215585,0.865989103101425
"DHFR",0.172650523339633,0.0299487763728531,36.9727720207494,0.000600845734037639,0.871123218776194
"DHPS",5.84782522272411,0.328420139886556,13.8843801025019,0.0228377598924509,0.624161777032691
"DHRS1",0.793782697173149,0.215534368414814,28.1764564493271,0.0118665957254714,0.8918692372171
"DHRS12",5.3559332460297,0.771603277873764,3.63957120071488,0.054975857516418,0.93419949706622
"DHRS13",1.44796128075071,0.278726816545508,24.0062569655036,0.0168329447005652,0.860226320201174
"DHRS3",0.137037650359881,0.0831668361100494,36.6896269383287,0.000996632720831392,0.949601844090528
"DHRS4",3.0451309845159,0.300043147137267,19.6028015405811,0.0196663183250846,0.755762782900251
"DHRS4-AS1",0.910563866266597,0.347558773625076,22.8476064832343,0.0209265021510949,0.932103939647946
"DHRS4L2",0.723799109138701,0.203091058240987,28.9820207938035,0.0108977398345365,0.897422464375524
"DHRS7",1.82955501212387,0.0684338320164735,21.011449274474,0.013815485881176,0.429694048616932
"DHRS7B",18.9255672688704,0.86345001458194,4.06035129948784,0.069626892671522,0.88128667225482
"DHRSX",3.15326030777286,0.284575008178222,19.4268911108004,0.0189815112194556,0.727263202011735
"DHTKD1",0.562768085808387,0.205095830290739,29.5293040828485,0.0106477953322634,0.917958927074602
"DHX15",3.67989857882693,0.172383776020588,18.2240671737738,0.0161419090374547,0.519488683989941
"DHX16",3.57695255497249,0.346731585223658,17.4882806642679,0.0226355183212159,0.760687342833194
"DHX29",3.39523264500169,0.224221004127812,19.3849840615182,0.0167610331310716,0.63443000838223
"DHX30",4.2273262319656,0.2658692436445,17.0205843774197,0.0191449159701766,0.626676445934619
"DHX32",0.833355883303778,0.358512012593716,22.5520174334359,0.0216569335351684,0.940171835708298
"DHX33",1.6906496164412,0.380123190894995,20.0411696200159,0.0237342666782898,0.89302179379715
"DHX36",2.86767299657519,0.149877756529516,20.0956213708809,0.0146495851249834,0.53918692372171
"DHX38",3.00590129914324,0.298550434586389,19.4525369233335,0.0195718152699302,0.749266554903604
"DHX40",2.68377819638982,0.397977100310269,17.6509498411186,0.025417355959803,0.843776194467728
"DHX57",1.13961608531613,0.440704434945741,18.5175902461893,0.0278462179728363,0.940905280804694
"DHX8",2.32496856181511,0.26172144430672,21.7855570461826,0.0169883641217825,0.764983235540654
"DHX9",3.25302861371212,0.142781625863147,18.6928682150706,0.0154608785835501,0.485854987426656
"DIAPH1",2.17727663533854,0.117666965215762,22.5531974259604,0.0127062917238235,0.561295054484493
"DIAPH2",1.03104937200447,0.249757197002878,26.1606982692214,0.0144496861218223,0.882544006705784
"DICER1",2.05851527733358,0.227538797932382,23.2542884049752,0.0149509428965443,0.757334450963956
"DIDO1",3.24258115491835,0.288707935930215,19.0757926691746,0.0192731177330924,0.722862531433361
"DIMT1",2.35067428218896,0.25326981857953,21.9518312992467,0.0165852442335888,0.757020117351215
"DIP2A",1.59237233720773,0.188379290646411,25.500862465701,0.0123450044817061,0.765402347024308
"DIP2B",1.02552078295399,0.177227819984146,28.1664811492126,0.0103569923793592,0.830783738474434
"DIS3",2.29774732302445,0.310897840741082,20.8700287406079,0.0196569216558988,0.811923721709975
"DIS3L",1.35966340347467,0.385943649727349,20.4236842056255,0.0239615324537049,0.914815590947192
"DIS3L2",2.82994478688521,0.507617448254349,13.868371564467,0.0332493806404752,0.890297569153395
"DKC1",1.83287453974381,0.149712167428446,24.913115426483,0.0116602406238911,0.685771165129925
"DLAT",6.6125812697947,0.639968457775335,7.36603707048502,0.0441056442364102,0.85498742665549
"DLD",3.0831972122936,0.198882685104019,20.3220675199404,0.0155702138931669,0.623533109807209
"DLEU2",1.08180872931305,0.136812154919257,28.5762734606185,0.0088375305601037,0.778918692372171
"DLG1",1.23280251291353,0.181292197606004,27.1183651920555,0.0111390263843805,0.804484492875105
"DLGAP1-AS1",0.613139796763719,0.117979983056748,31.5772666649511,0.0061127853115564,0.843042749371333
"DLGAP4",1.05355257615717,0.113572204656277,28.6915127599949,0.00817912259422204,0.74486588432523
"DLST",4.46516976269059,0.308625007353143,16.361201362611,0.0211461165610371,0.669949706621961
"DMAP1",4.47090067176795,0.441722264961789,14.0159271788447,0.0289350184903088,0.791806370494552
"DMTF1",2.09425410479001,0.225256558775432,23.0367037418088,0.0149466418866508,0.747170997485331
"DMXL1",1.03843847444248,0.187778492611249,27.8550635129501,0.0109262342335317,0.83780385582565
"DNAAF2",1.72629940768775,0.105521345126215,24.059836854697,0.0114647465024282,0.587279966471081
"DNAJA1",1.47613864806421,0.00842612166823552,12.9264603270895,0.0229956251395574,0.0630762782900251
"DNAJA2",3.74762735944396,0.10340836467874,15.01104861359,0.0178627821009667,0.311295054484493
"DNAJA3",3.83633676973275,0.34583741287607,17.0056440351145,0.0227231666515155,0.744446772841576
"DNAJB1",0.42603366927017,0.00149559594386678,17.1101748795144,0.0193716057440109,0.175712489522213
"DNAJB11",2.01298468432755,0.0784167444956514,21.3272352501046,0.01351933905533,0.457355406538139
"DNAJB12",4.67614622338551,0.382546026159046,14.9687575841234,0.0252336847192429,0.73512154233026
"DNAJB14",3.73005279572778,0.197091790559734,17.7365089954297,0.0167484860253223,0.54348281642917
"DNAJB2",1.66873869570864,0.16597838501338,25.2353005731512,0.0118053434696318,0.721709974853311
"DNAJB4",0.288125388324648,0.012969183215176,31.4279389492757,0.0046794132178151,0.66219614417435
"DNAJB6",2.73297363151816,0.0295825030878192,12.145714937854,0.0223581069071967,0.0886420787929589
"DNAJB9",0.674588754142357,0.0358090171941527,28.0046243761776,0.00794392584834436,0.591994970662196
"DNAJC1",1.70383848912745,0.0714221438157185,22.3092854850146,0.0127536985440578,0.475167644593462
"DNAJC10",1.59138063336026,0.175091208955344,25.6519364015328,0.0118335897171527,0.749056999161777
"DNAJC13",1.3008210746124,0.30092692499371,23.6346920946054,0.0180826189542331,0.883382229673093
"DNAJC14",3.57991109642429,0.51547937453121,12.8406842799547,0.0339542466345772,0.866512992455993
"DNAJC15",2.24040468793241,0.0794385797718917,20.8812456857288,0.0139095418191621,0.446039396479464
"DNAJC16",0.986592770785279,0.29364106022963,24.7473262168632,0.0172460487148037,0.907166806370495
"DNAJC17",11.682913724243,0.759240438488187,3.84831739522657,0.0556486497314304,0.853730092204526
"DNAJC19",4.47179696749247,0.243520730494963,16.7290131820427,0.018569928929839,0.584555741827326
"DNAJC2",3.10575119955023,0.143926549873398,19.5343960914116,0.0149849886188616,0.512992455993294
"DNAJC21",1.76273518642781,0.241526153283887,24.0582058069913,0.015133703998608,0.803855825649623
"DNAJC24",1.71389723888793,0.376525186935753,20.0831554613906,0.0234927646747516,0.888830678960604
"DNAJC25",0.752524326318128,0.376814063642221,21.9281680423526,0.0229386270283958,0.949497066219614
"DNAJC3",1.13827785758453,0.0584088674365343,25.6842040156088,0.00998864235059763,0.557942162615256
"DNAJC30",14.313658983044,0.799405571614307,3.42783836581293,0.0604531298147328,0.857397317686505
"DNAJC4",1.90934215359686,0.129773535444676,24.1721991002131,0.0117417155300642,0.630762782900251
"DNAJC5",1.43597229053382,0.259212108050734,24.5520777402011,0.015651095699683,0.846919530595138
"DNAJC7",4.73568946048619,0.168747317499142,15.1209783038082,0.0177827234740712,0.423093042749371
"DNAJC8",117.938255314617,0.787498718007982,6.90665827038966,0.068066893882359,0.299874266554904
"DNAJC9",0.726329963412513,0.0403575157706196,28.5280663868553,0.00747738939398426,0.616827326068734
"DNAL1",0.769292235718151,0.320102630835337,24.3172123746439,0.0188431379281951,0.935456831517184
"DNAL4",1.92155927218487,0.437192021543702,17.5702619679348,0.0278829638562755,0.902766135792121
"DNASE1L1",1.00356708632189,0.398767312450437,20.5358848612259,0.0246972197898323,0.939333612740989
"DNASE2",1.72065588541874,0.19230078402045,24.9456424088266,0.0127967999717954,0.754400670578374
"DNM1L",4.54102400729992,0.339901648712015,15.9615017052671,0.0227729939946661,0.70337384744342
"DNM2",2.75585320927487,0.219826839752528,21.1724324319357,0.0157300417673048,0.681684828164292
"DNMT1",0.97592001579831,0.0559332487138795,27.4644545811281,0.00846546589129716,0.610016764459346
"DNMT3A",0.891919480514205,0.271755490757701,25.8503473746448,0.0156547988982395,0.907481139983236
"DNPEP",3.71754237474949,0.245644610521889,18.3492975135311,0.0178965461706617,0.636001676445935
"DNPH1",0.865213435818605,0.0303204817332165,25.1562276056476,0.0106606182677114,0.491512992455993
"DNTTIP1",5.32098618495232,0.3575393754704,14.5383161947586,0.0240885653132041,0.685247275775356
"DNTTIP2",2.48109947976387,0.0979149208906277,19.6811397369481,0.0146418023327165,0.440486169321039
"DOHH",2.70759721881744,0.312846132528079,20.0504961524411,0.0201027758395119,0.789082145850796
"DOK1",1.87327216748584,0.231355596983113,23.7639689467651,0.0148351172027976,0.779023470243085
"DOT1L",0.80192864237913,0.198218302980963,28.7409980594407,0.0108268741468323,0.882124895222129
"DPAGT1",2.45771728143321,0.343732688665228,19.7453969304293,0.0217822172590848,0.826802179379715
"DPF2",10.4139626226559,0.412232474180678,7.30815105356004,0.0281065038540645,0.544111483654652
"DPH2",1.74497067070472,0.217762257628007,24.5635264465362,0.0139255027374791,0.782481139983236
"DPH3",7.37205749616329,0.341008128136826,11.4134012284263,0.0240198601608573,0.569048616932104
"DPH5",2.39557184446973,0.386930131487241,18.6362464024874,0.0245722463953576,0.857921207041073
"DPH6",0.911794602686821,0.316296288625952,24.1288502506707,0.0187154960434398,0.923302598491199
"DPH7",6.03711134505504,0.524447413924089,10.3665791921363,0.0349335063936912,0.79233025984912
"DPM1",5.14122625582863,0.378807391217433,14.5234420664889,0.0252164888654522,0.715318524727578
"DPM2",2.98648159895157,0.225181502539695,20.7804378062275,0.0161703335204507,0.6779128248114
"DPM3",2.55548046890741,0.204192958139415,22.0742535593819,0.014805711860449,0.684828164291702
"DPP3",2.43671178020789,0.274468185661288,21.6237479859452,0.017713728196627,0.779128248113998
"DPP7",117.691690025915,0.790374464262389,8.57414368089739,0.0707739848016445,0.321248952221291
"DPP8",3.22009715506081,0.361119950197742,17.7544731568123,0.0232985836046641,0.790758591785415
"DPP9",6.21107062977285,0.463501429290524,11.6106366292897,0.0307560350284915,0.744656328583403
"DPY19L1",1.87801358337603,0.571844266283103,12.2304069833064,0.0379516512624977,0.941953059513831
"DPY30",4.29090414743845,0.224960739828331,17.2398818237205,0.0178292086344098,0.571668063704945
"DPYD",0.68194457789448,0.106596521452213,31.1855857452175,0.0061059213636054,0.812133277451802
"DPYSL2",0.58540428791234,0.0794642956916279,32.1609959310238,0.00471675913493637,0.79861693210394
"DR1",4.53502455029197,0.142239748484885,14.8158711416804,0.0178086824305327,0.371647108130763
"DRAM1",0.318816674186677,0.0605166951713504,34.8877771032564,0.00195392269769671,0.854568315171836
"DRAM2",2.35452925439642,0.224466659629971,22.5400940725406,0.0152387079945011,0.730511316010059
"DRAP1",3.75151219355205,0.0854389586108606,14.850274905764,0.0183178999098106,0.27661357921207
"DRG1",6.61844453910095,0.349852629535569,12.5893823761421,0.024184797770196,0.615779547359598
"DRG2",6.94888068368944,0.477761684087084,10.5514280712701,0.0317970531750436,0.730406538139145
"DSE",0.311078759748271,0.0218279322582652,33.0780084910019,0.00308386928765263,0.731139983235541
"DSN1",0.53264754463058,0.111022834764806,32.5617886874077,0.00519056939121067,0.862950544844929
"DST",0.0643135985748106,0.00469790175659757,38.1101643164525,0.00218132003138385,0.865779547359598
"DSTN",0.758962195211302,0.0171243795352572,23.0511419515891,0.0128977815771596,0.399727577535624
"DSTYK",0.515646240619873,0.167029709495991,31.0398069592597,0.00814975328893597,0.904966471081308
"DTD1",1.91088004859125,0.219236522075305,24.2059953319832,0.0142198427787255,0.773575020955574
"DTNBP1",2.41440987426909,0.347819306788788,19.6294413915583,0.022007909028005,0.829631181894384
"DTWD1",1.92627875114915,0.24611546393508,23.3279523519377,0.0156479420788671,0.788453478625314
"DTX3L",0.981425604701835,0.147124014705239,28.8920802690954,0.00889543941752845,0.805427493713328
"DTYMK",0.5938234388603,0.0533709367805166,31.5001532625583,0.00487328177416789,0.734073763621123
"DUS1L",3.15885236262293,0.607006883717099,10.0550262267502,0.0409316581361644,0.917435037720034
"DUS3L",3.98840430316242,0.397250319447852,15.7228594047467,0.0258923806390341,0.780490360435876
"DUS4L",1.11605322370591,0.431928337846771,18.9446603188872,0.0271912524556273,0.940695725062867
"DUSP1",0.309446542369441,0.00364055244200433,25.2999698416554,0.0109613753989856,0.446039396479464
"DUSP10",0.519404548407924,0.0362937007666853,30.6768795993432,0.0054606076222566,0.678541492036882
"DUSP11",3.39614781369535,0.183959519649659,18.677272668601,0.0160039722553025,0.55092204526404
"DUSP12",5.48385489780228,0.418795882256888,13.1191087417267,0.0276674565199955,0.729777870913663
"DUSP14",0.442271723423599,0.0535887293223311,33.0894892035328,0.00343068139096059,0.785310142497904
"DUSP16",0.556194534284495,0.0409091953168417,30.4987150844789,0.00564686165578859,0.680741827326069
"DUSP18",1.3784659876819,0.269066930074785,24.4832406099825,0.016153334863398,0.86012154233026
"DUSP2",0.380768449130384,0.00311398940304571,22.9490680733663,0.0133745248694911,0.368818105616094
"DUSP22",0.885556587177372,0.135190718567542,29.603575773129,0.0080520205218353,0.808570829840738
"DUSP23",1.20647698144643,0.158747624821268,27.6683853142274,0.0100764442861274,0.785729253981559
"DUSP3",0.524958068970352,0.0825744205982731,32.7533211251013,0.00428865317973691,0.822611064543168
"DUSP4",0.468882658610409,0.00393964846408295,21.77557404569,0.0145420809181861,0.33266974015088
"DUSP6",0.052169051332803,0.00781701027988795,39.3274390850955,0.00337639399958105,0.910834031852473
"DUT",0.75379762720381,0.01604628288238,22.6000118327863,0.0133601435151159,0.383172673931266
"DVL2",3.29354625836472,0.438776713295947,15.5531543445246,0.0284083645279767,0.838222967309304
"DVL3",3.23891219708961,0.497299731694396,13.8008703640743,0.0325686929423321,0.870913663034367
"DXO",8.60521993006365,0.707864731899237,5.05321039513726,0.050129667211942,0.857816429170159
"DYM",9.0036347179553,0.525389465055792,8.1397200575302,0.0353512117457568,0.714375523889355
"DYNC1H1",2.88808129662282,0.104860076772146,18.5440079869089,0.0154512277027788,0.418378038558257
"DYNC1I2",1.7945202258268,0.154393920354968,24.7041539714711,0.0118491982469667,0.686818943839061
"DYNC1LI1",3.74306451714039,0.260946164819755,18.1842687862687,0.0185016969044331,0.654128248113998
"DYNC1LI2",2.64089580965268,0.213500465212565,21.5493576975053,0.0153316867664019,0.68336127409891
"DYNC2LI1",0.233751199017978,0.138396332159698,33.812072128432,0.0051567835252908,0.946982397317687
"DYNLL1",2.77090501072055,0.017498986888611,11.242441998961,0.0238122829232524,0.038872590108969
"DYNLL2",2.00879586856727,0.369252365249271,19.7785871148062,0.0231640130134059,0.86756077116513
"DYNLRB1",4.61004421807623,0.088689225361125,12.2746483672628,0.0200023754999209,0.208507963118189
"DYNLT1",2.44232636920053,0.0832308334499344,19.4352914889902,0.0149476538926957,0.408109807208718
"DYNLT3",0.936896844455782,0.0834337258033975,28.7457833750706,0.00757861735922037,0.696877619446773
"DYRK1A",2.83219481040847,0.389801499861027,17.6633312491777,0.0249397221427094,0.83151718357083
"DYRK1B",0.640377374912211,0.191177474038016,29.6065634972246,0.0100068300085078,0.898260687342833
"DYRK2",0.793682376054735,0.206620761761981,28.4522368891692,0.0113295654519268,0.886420787929589
"DYRK4",3.33418313829576,0.438454820236498,15.5821330999548,0.0284196996262002,0.838327745180218
"DZIP3",0.523619484422652,0.247734528819991,28.0128132804343,0.0134308372094524,0.937866722548198
"E2F3",1.49072315657428,0.258292757100732,24.5078913720932,0.0156546918679696,0.843985750209556
"E2F4",5.2155429104178,0.33701487012702,14.858301853574,0.0229575324407325,0.665653813914501
"E2F6",1.81596020458127,0.285592051313019,22.8033072084198,0.0176793323953301,0.833193629505448
"E4F1",3.8896847663413,0.418486729069973,15.2178843300337,0.0271971306750945,0.79662615255658
"EAF1",1.43602362830413,0.221246921226518,25.5611007429044,0.0135261317529973,0.81894383906119
"EAPP",3.06700295480071,0.142671307309621,19.0605076247932,0.0151948071148808,0.496437552388935
"EBAG9",1.88696239909548,0.210319308412112,24.1806886625422,0.0138565724225757,0.759010896898575
"EBNA1BP2",1.31926679635156,0.108231546650618,27.1860498691511,0.0092298093979541,0.689019279128248
"EBP",1.18072900449831,0.108134591344126,28.0788340724548,0.00855628563222274,0.716785414920369
"EBPL",1.18578996026442,0.111727592238312,28.1253280554632,0.00859516278402688,0.724119865884325
"ECD",4.73171690647643,0.46810577354103,12.9777140730571,0.0307539609767056,0.797464375523889
"ECH1",2.1877390847656,0.178038960699237,23.1963131491964,0.013382848292289,0.678122380553227
"ECHDC1",4.31487184984209,0.217283517722542,16.9636793690947,0.017716039735682,0.551865046102263
"ECHDC2",1.47297920441734,0.250270175017118,24.7224364777504,0.0151775962983498,0.838222967309304
"ECHS1",2.89038312158221,0.186470478496653,21.3836115317102,0.0147575128972655,0.636211232187762
"ECI1",1.97185318952586,0.505317148245683,14.8682629986437,0.0329119480688843,0.922254819782062
"ECI2",1.33353767105517,0.141303856486826,27.0260431641944,0.0100061480173761,0.737740989103101
"ECSIT",7.42607060568492,0.524483123361314,9.55748043593511,0.0352621771371472,0.761001676445935
"EDC3",4.1435023797213,0.550755868082072,11.2868401977621,0.0367090612444994,0.866827326068734
"EDEM1",0.645527479112608,0.0674049291617504,31.2299809120221,0.00528642652978429,0.748952221290863
"EDEM2",2.29968525098756,0.280765029161265,21.6174005243325,0.0179364505246467,0.788872590108969
"EDEM3",3.41995630292132,0.24630626042491,19.0617955247263,0.017597632342768,0.658424140821459
"EDF1",8.56760054648153,0.0714464903266984,6.38077334584858,0.0242197118393499,0.0341575859178542
"EEA1",0.77627889624084,0.0933283858399776,30.6104692270703,0.00627184089296078,0.772212908633697
"EED",1.92221921596354,0.127587329001119,23.8907933341062,0.0118808704458217,0.618503772003353
"EEF1A1",8.32660866013011,0.00254444367863924,8.98446419291143,0.0257040658812026,0
"EEF1B2",3.62397602674268,0.0116334972924038,10.35134868246,0.0248167359615796,0.00901089689857502
"EEF1D",9.92240023740116,0.0394531521225832,6.61097226125847,0.0253473995217745,0.00324811399832355
"EEF1E1",1.56207287521772,0.407705736625301,19.2112484207667,0.0256142841481035,0.909995808885163
"EEF2",5.63045519833706,0.0186044775447538,9.09165056408395,0.0251366085907134,0.00251466890192791
"EEF2KMT",1.1311281323408,0.344648249670929,22.4688101990142,0.0208926182658057,0.915234702430847
"EEFSEC",3.88980462357262,0.44322880707341,14.6301362872011,0.0288678406570336,0.81464794635373
"EEPD1",0.271313144441032,0.132497258411197,33.7751502579384,0.00496622262649132,0.936295054484493
"EFCAB14",3.62058589206284,0.242259917032256,18.2817130432392,0.0177365450883756,0.628981559094719
"EFCAB2",1.12707441742502,0.359367616614905,21.9072802301095,0.0219273337833763,0.920578373847443
"EFHC1",0.34055444861135,0.13199468461979,33.2870646127906,0.00530406957912649,0.919949706621961
"EFHD2",1.59359850799004,0.0960558114510383,25.28396093847,0.0105231093011629,0.609702430846605
"EFNA1",0.0268713801102704,0.00249130764463814,40.1469634937524,0.0043281911575815,0.928751047778709
"EFNA4",0.816327253375281,0.311188182002739,24.5481434514242,0.0182619732047318,0.928646269907795
"EFR3A",2.07160732173378,0.18122700789276,23.5104318494639,0.0132645173765759,0.69279128248114
"EFTUD2",5.17010344613196,0.417283962896965,13.6751736215491,0.0275272195538708,0.744761106454317
"EGLN1",1.23649026761243,0.179664985325708,27.2020143537953,0.011044236820064,0.804484492875105
"EGLN2",2.25487031981855,0.425408393777172,17.4365462127161,0.0271417829777651,0.879715004191115
"EGLN3",0.0704858986320678,0.0144332543968544,39.0147208768415,0.0029274947116117,0.911672254819782
"EGR1",0.0533784005632201,0.00282567055298059,38.2613195989425,0.00236785564258159,0.86756077116513
"EHBP1",1.10920499523621,0.332429088549357,23.0064795434478,0.0200225124362807,0.91303436714166
"EHBP1L1",1.39176134658526,0.362472121412438,21.2571108788544,0.0223248569087688,0.904442581726739
"EHD1",1.23187359776057,0.0810437456216539,26.539495752093,0.00935867396430815,0.623533109807209
"EHD4",0.884413839090881,0.0926280696360079,29.6958323759177,0.00698531470475555,0.742141659681475
"EHMT1",1.33315545472199,0.0929056942877955,25.9366134644304,0.00991310204349197,0.624476110645432
"EHMT2",1.59201513863695,0.227363664697351,24.9105595530089,0.0141198828371991,0.808256496227997
"EI24",2.17409837907258,0.153699779320339,23.4463693762661,0.0126925325230392,0.647108130762783
"EID1",2.43019822667883,0.049878931282441,16.3445081064891,0.0180263077833348,0.254191114836546
"EIF1",6.49841730536969,0.0109873917858469,9.14149062620185,0.0253943391935194,0
"EIF1AD",3.42135459660526,0.38414482533452,16.8732727557988,0.0248322056585445,0.797569153394803
"EIF1AX",4.26719664346596,0.11986896491823,15.06320926289,0.0177539299227357,0.342204526404023
"EIF1B",4.68618869182009,0.0995004188458059,12.5748883781,0.0195672645923861,0.235854987426655
"EIF2A",5.38949762137144,0.231762179884923,15.1006105402645,0.0190380024789915,0.519383906119028
"EIF2AK1",4.77596041151458,0.246915831990468,16.0946493362831,0.0189524490268067,0.57093461860855
"EIF2AK2",1.04221866380168,0.0754334876336393,27.8133640041734,0.00827007417553749,0.654128248113998
"EIF2AK3",0.588738411454396,0.0967181108113507,32.0080523530185,0.00521705906310332,0.8220871751886
"EIF2AK4",0.60040140574652,0.0963814637188323,32.0156036633991,0.00521195365533145,0.821772841575859
"EIF2B1",3.20237635613143,0.289343647387334,19.4644964878716,0.0192421182864558,0.735331098072087
"EIF2B2",2.9513871913518,0.283980583916216,20.0213904889328,0.0187522715762574,0.744446772841576
"EIF2B3",2.18204708038318,0.370963925986312,19.4490850217529,0.0233811132531848,0.859492875104778
"EIF2B4",3.55550205568701,0.327307293631001,17.7010409703521,0.0215189249400455,0.738683989941324
"EIF2B5",4.32509346007642,0.393689858742643,15.1273914948893,0.0257537885326835,0.756915339480302
"EIF2D",3.21086993424017,0.367387000305771,17.8715902998762,0.0237099429570174,0.803227158424141
"EIF2S1",4.66321958498704,0.198067398556478,15.9262116400849,0.0177956074490788,0.492141659681475
"EIF2S2",3.57331373542861,0.0818556271938377,15.2621842553675,0.0180952542247603,0.282271584241408
"EIF2S3",4.42463183761724,0.139540420864249,15.8112641593975,0.0173138171307946,0.396898575020956
"EIF3A",3.75388234697181,0.0806083602194832,14.9855437538246,0.0183428404319651,0.272736797988265
"EIF3B",2.52640675228724,0.302591115245687,20.6058987647844,0.0193696401180961,0.790863369656329
"EIF3D",6.72652971800078,0.155243806266456,10.815813056852,0.020063211108818,0.281957250628667
"EIF3E",3.5661330146916,0.0447367439397174,12.5207663511492,0.0213011062130103,0.134220452640402
"EIF3F",9.82439185936692,0.0890965752915634,5.97096826447168,0.0238182988643514,0.0593042749371333
"EIF3G",16.1585998022522,0.210195405201875,0.534842519745029,0.0239224556977082,0.114207879295893
"EIF3H",6.79494734073531,0.0807871679346802,9.12377995475679,0.0223165832575417,0.115989103101425
"EIF3I",14.3276307112641,0.241531857056591,3.04392885583281,0.0235865933974464,0.213537300922045
"EIF3J",2.05624489400101,0.0765100200367193,20.5927235158522,0.014088151112172,0.431265716680637
"EIF3K",12.5004362971949,0.11437462132192,3.79049177429839,0.0241203173065985,0.0538558256496228
"EIF3L",4.01977857597887,0.0471487589141906,12.2875159775268,0.0213807798340999,0.134849119865884
"EIF3M",10.3364159405143,0.181766242119942,6.21660433604975,0.0221502297302542,0.204840737636211
"EIF4A1",2.54326603958251,0.0875879253665998,19.5901370770005,0.0148213687510213,0.420683151718357
"EIF4A2",2.23341092127969,0.0250522037892928,13.2276209201184,0.0216941024411894,0.110226320201174
"EIF4A3",1.36721447550277,0.0416075207582006,21.5365829996988,0.0137725748547217,0.397736797988265
"EIF4B",5.92045634571552,0.0961913625767229,10.3859533213749,0.0210699467767826,0.172254819782062
"EIF4E",3.53206291288733,0.112855438370033,16.7663621562978,0.01665521480013,0.379505448449288
"EIF4E2",8.38404101427164,0.28847807780648,9.74597371125241,0.0224420404903376,0.44907795473596
"EIF4E3",0.601582082752157,0.26070082283402,27.2238579462336,0.0144608901113792,0.933466051969824
"EIF4EBP1",1.22926302269324,0.0814410996574507,27.0122160796499,0.00901057762595512,0.639145012573345
"EIF4EBP2",3.1698094260238,0.226353554351409,19.9548876264232,0.016543591517933,0.654861693210394
"EIF4ENIF1",0.890933482151476,0.243249361227665,26.8594614181193,0.0137998458442743,0.894279128248114
"EIF4G1",2.85207891820934,0.124815875380161,19.6561961620204,0.0147209058984588,0.485226320201174
"EIF4G2",5.47633921836653,0.0474935137142503,8.78271799511502,0.0238814361434331,0.0403394803017603
"EIF4G3",2.72935529807079,0.415218996498642,17.1275956723177,0.0266212502593825,0.853206202849958
"EIF4H",7.43664814529452,0.147299013145418,9.58069067260272,0.0207631546102381,0.237007544006706
"EIF5",3.2958114566784,0.0437801230708272,12.0787185047437,0.0216896503693841,0.116512992455993
"EIF5A",2.8107261849808,0.0318328129419045,12.7780689225826,0.0217062724878467,0.11326487845767
"EIF5B",3.12044851220229,0.101007082179814,17.5437584769192,0.0161834316509584,0.382124895222129
"EIF6",5.03540512605507,0.131018729660745,13.2227373708149,0.0187867015870937,0.308046940486169
"ELAC1",3.12325054848119,0.604785729185555,10.1398028035169,0.040738942934362,0.917120704107293
"ELAC2",2.62441955587415,0.281134090241508,20.7784307618749,0.0182955151309093,0.763516345347863
"ELAVL1",7.50025868559455,0.271532669872475,10.9917565529216,0.0215522225238635,0.460079631181894
"ELF1",3.2674105973067,0.0721945082079434,14.7816763211392,0.0186189987285555,0.249266554903604
"ELF2",4.03893525474085,0.235132754601279,17.5860011237078,0.0178999483408943,0.597338642078793
"ELK3",0.982022120408734,0.0837827261928124,28.7189698601516,0.0076297563393698,0.696668063704945
"ELK4",2.04964147721782,0.305125091481421,21.5778494764894,0.0190935927008103,0.82523051131601
"ELL",1.89499161553875,0.249508324937214,23.3716608281337,0.0157737637949123,0.795054484492875
"ELL2",0.522467699129779,0.0406844130035076,31.2183601046071,0.00498908133416254,0.703478625314334
"ELMO1",1.68829043036477,0.112839464744207,24.8473594781796,0.0110024185497705,0.62384744341995
"ELMOD2",2.66181449649098,0.51341826538233,13.8276633669646,0.0336479982422968,0.898575020955574
"ELMOD3",3.13015473620516,0.417845066559073,16.3671647780138,0.0269212161494811,0.832774518021794
"ELMSAN1",0.82782530096663,0.118094478546341,30.1393839893542,0.00719938965379271,0.79777870913663
"ELOF1",6.94546834030132,0.295303196674094,11.8501777618683,0.0220007596424709,0.518126571668064
"ELOVL1",2.23612346065098,0.092276320675471,21.0054798011776,0.0137139089751482,0.47139564124057
"ELOVL5",2.49461613868665,0.0612932268510161,17.234446166317,0.0169994198125634,0.302284157585918
"ELP2",2.46842549862905,0.238918980792772,21.7200753925322,0.0161050322274478,0.727891869237217
"ELP3",5.74757878422959,0.632866424425233,7.84060374968438,0.0433349097152812,0.866722548197821
"ELP4",6.80991592808178,0.734442833611882,4.73058589888786,0.0521621371249066,0.900251466890193
"ELP5",4.09433138492182,0.210600404158875,17.4912640978422,0.0173003435977372,0.55720871751886
"ELP6",3.31382982574211,0.355969200556934,17.8425767592038,0.023046771661985,0.785414920368818
"EMC1",2.56108842374955,0.386763792098223,18.1951132172685,0.0246143483774386,0.843985750209556
"EMC10",4.28833880836648,0.191068169206152,16.3207602390019,0.0173870361634848,0.49256077116513
"EMC2",2.28586159641677,0.313446951256971,20.8177313196551,0.0197991178822104,0.814228834870075
"EMC3",7.31563852769175,0.270876023570305,10.9116994864447,0.021453082700215,0.456831517183571
"EMC4",8.80749361355418,0.244555746270898,8.80189088453896,0.0216585608709015,0.361588432523051
"EMC6",4.68341226422283,0.174500406332441,15.4336313371766,0.0176838470558087,0.441219614417435
"EMC7",5.05714267653216,0.177302995897566,14.1023465615488,0.0183297175996922,0.406957250628667
"EMC8",10.5604179365464,0.426329744126538,7.87634444840407,0.0291809594214464,0.576487845766974
"EMC9",1.4792266433999,0.18359800173099,26.2704751162066,0.0117718186418856,0.781642917015926
"EMD",3.4457762491729,0.0508366417296996,12.4022852183196,0.0211284254356881,0.140088013411567
"EML2",0.684397444997069,0.0636198489742405,30.3610144530989,0.00596757569986262,0.714899413243923
"EML3",3.81381717123458,0.443191416143528,14.8014719581468,0.0288692187241429,0.819886839899413
"EML4",1.1669435334339,0.0264888863911105,20.2209187004143,0.0153227418257395,0.327745180217938
"EMP2",0.0634507622251104,0.0059344839567098,38.5364651598982,0.00259820584005738,0.881810561609388
"EMP3",1.45487739212004,0.0119817379908242,15.4404996302693,0.020402807277945,0.150251466890193
"EMSY",3.04754476854095,0.38681563801795,17.3398419540748,0.0248302958976507,0.816743503772003
"ENAH",0.0795918502523648,0.023569384037296,38.9823256867994,0.00270073515778987,0.925817267393127
"ENC1",0.10234699174847,0.0213305902125209,38.2406146938246,0.00201625395467848,0.897946353730092
"ENDOD1",0.560188716268399,0.162394085711865,30.9500080923464,0.00803494697921974,0.894698239731769
"ENDOV",2.29681116571393,0.416816082266423,17.7262549432184,0.0265679100945897,0.875419111483655
"ENG",0.105617957199687,0.0185395993770236,38.0233816508214,0.0018541747109241,0.886211232187762
"ENO1",2.23530154087455,0.0150538700481792,12.1634145349637,0.0232034496642808,0.0583612740989103
"ENOPH1",3.37186225736519,0.255403660987984,19.4271816726168,0.0178462351804518,0.683046940486169
"ENOSF1",0.905661175356046,0.116997865652146,29.6239545901889,0.0075564918012963,0.77975691533948
"ENOX2",0.871261943869655,0.297272654565286,24.94609049782,0.0173558739857137,0.919216261525566
"ENSA",4.8199975363995,0.109605502778611,13.1773410815611,0.0190532078595903,0.271269907795474
"ENTPD1",0.466277186745049,0.0200920193455151,29.0952495975341,0.00697281636800014,0.599329421626153
"ENTPD4",3.0271162002794,0.343747894212706,18.433947836775,0.0221332945437509,0.7860435875943
"ENTPD6",2.07947045539838,0.362051591194242,19.898975549275,0.0227261414148261,0.86012154233026
"ENY2",9.4444066135263,0.178599643481012,7.09470672235401,0.0217558551850456,0.221186085498743
"EOGT",0.857591960074723,0.273412249209426,25.9174221321345,0.0157125511849488,0.91219614417435
"EP300",2.46072326693753,0.196701165194441,22.0735880699339,0.0145173029598395,0.673197820620285
"EP400",1.78966790205454,0.22615167029905,24.1724373063185,0.0144325149789069,0.783528918692372
"EPAS1",0.120834852841241,0.00949880090401593,36.4403591218518,0.000401846173472081,0.819362950544845
"EPB41",0.87485574630893,0.0581952726775198,27.973033422183,0.00799498204465657,0.629819782062028
"EPB41L2",0.420851572879363,0.139228071760325,32.5581406588587,0.00609280120619872,0.908424140821459
"EPB41L4A-AS1",1.28096064631868,0.083744769042753,26.2542052451383,0.00960630897736654,0.619132439228835
"EPC1",2.86624372497881,0.0700312230878912,15.6799509433214,0.0179764937586202,0.270955574182733
"EPC2",1.86585447355588,0.419896297491159,18.2512193457056,0.0266106853952586,0.897841575859179
"EPG5",1.03844545760076,0.271316893544977,25.3941322778582,0.015836563229429,0.892393126571668
"EPHX1",0.127705008955721,0.0599717222076379,37.5051589547256,0.000400502849200041,0.937971500419111
"EPHX2",0.200125492298306,0.0980790147534688,35.5221110052207,0.00243519817892274,0.936399832355407
"EPM2AIP1",1.50310812745855,0.208687844415958,25.5511727262384,0.0130388589715518,0.798931265716681
"EPN1",8.9548030000843,0.356255838367399,9.21434592543402,0.0251594107617564,0.526089689857502
"EPOR",0.582384421504018,0.273914230102779,26.7391875292622,0.0153540640937985,0.939124056999162
"EPRS",2.03044015536868,0.10551330327558,22.9129966735539,0.0123538271174069,0.552179379715004
"EPS15",1.6587573726955,0.0992754296064226,24.1738293904122,0.0113235538362815,0.58036462699078
"EPS15L1",2.02383197014426,0.215447913014733,23.4417477009855,0.0143921512401568,0.744341994970662
"EPS8",0.0578351691186126,0.0238101362397722,39.5589122315984,0.00326495554901639,0.944991617770327
"EPS8L2",0.696983204853048,0.198123778227668,29.1740291068619,0.0105608590251676,0.895641240569992
"EPSTI1",0.484253986579667,0.0354750989050214,31.0764723564763,0.00507899467339236,0.689962279966471
"ERAL1",4.14484564151243,0.318540908555097,17.1053752498238,0.0214324537136086,0.706726739312657
"ERAP1",2.28545146087022,0.343264335894911,19.9914035238581,0.0216341265505036,0.834136630343671
"ERAP2",0.675371565191411,0.106830383734625,31.2496744973446,0.00606367780396002,0.814543168482816
"ERCC1",2.44877643452047,0.203304363625088,22.6056488469382,0.014526727764687,0.699601844090528
"ERCC3",5.20496077543877,0.429238497705321,13.2125606634751,0.028240482329026,0.748113998323554
"ERCC4",1.34552631464112,0.290991130617058,23.8953175143868,0.0174835877137952,0.875943000838223
"ERF",0.690602017319573,0.179189799881887,29.8117904742365,0.00941587968135692,0.88558256496228
"ERGIC1",0.531174535356814,0.0709588174848323,32.5592197953391,0.00420708023414592,0.797254819782062
"ERGIC2",3.65060432713769,0.197145873641225,18.4050782851284,0.0164881262186462,0.56349538977368
"ERGIC3",3.67979697772232,0.0861229301652089,15.102762670799,0.0181247130232099,0.285100586756077
"ERH",4.56308500162072,0.0660839371027674,11.252453836583,0.0213860318762942,0.139354568315172
"ERI1",1.66424107392156,0.25340101346878,24.1775932832827,0.015608739884254,0.825963956412406
"ERI3",2.85190083543179,0.314376597247576,19.8636561507386,0.0202988752461348,0.785310142497904
"ERICH1",0.762143553316693,0.0653451135583413,29.5582958620816,0.00667585756025157,0.692267393126572
"ERLEC1",1.29883413798827,0.0706282339872799,25.0186608303653,0.0105310792134704,0.558046940486169
"ERLIN1",2.08214076977011,0.432042004347484,17.4874688058616,0.0275588203339654,0.8918692372171
"ERLIN2",2.54374511365324,0.582772229631235,11.3410062304573,0.0389270656507029,0.92592204526404
"ERN1",0.408911601053457,0.0365015422616465,32.4966531100374,0.00375392055177937,0.73742665549036
"ERO1A",1.40585998950969,0.16818688899526,26.7494716777128,0.0109753300979755,0.772108130762783
"ERO1B",0.998647106991028,0.147028198474008,28.6925407063915,0.00901429704977495,0.799036043587594
"ERP29",4.46683979569067,0.0840031805833377,12.470173572661,0.0199914536342697,0.205783738474434
"ERP44",4.40435196538263,0.183910393944312,15.7963647956356,0.0175250177353634,0.466051969823973
"ERRFI1",0.0833687324161427,0.0197683315168668,38.7773823389583,0.00258045364015547,0.912824811399832
"ERVK3-1",4.68372638995789,0.460030357068661,13.2430036093935,0.0301950927786041,0.794111483654652
"ESCO1",1.94048438232455,0.202936881417665,23.9071976852944,0.0137162291119512,0.739103101424979
"ESD",3.77702418622418,0.199850832561797,18.6735473642324,0.0165284460329263,0.575754400670578
"ESF1",1.04776247265143,0.0872853181542464,28.1489047797234,0.00812578248134059,0.684513830678961
"ESRRA",24.8689496999014,0.922439589976364,6.49490346209434,0.0805957972316994,0.913872590108969
"ESYT1",1.20086078440264,0.122366401371851,27.8499133091438,0.00899420131067918,0.732816429170159
"ESYT2",1.13243496618051,0.171825223023936,27.7445296388857,0.0104312907412507,0.808989941324392
"ETAA1",1.08299355564929,0.3590019272358,22.0160201444321,0.0218707256505606,0.923512154233026
"ETF1",3.85812536954247,0.148687940576657,17.6135976332904,0.0162672929551632,0.464061190276614
"ETFA",5.36483895492099,0.233095638972092,15.3891077549432,0.0190038182536737,0.52975691533948
"ETFB",2.04037272784912,0.176058074651403,24.2226490799248,0.0127945040259937,0.706412405699916
"ETFDH",2.84066295965617,0.412319197390983,17.0290350809737,0.0264597907097175,0.845557418273261
"ETHE1",1.7733761890451,0.10016514888439,24.3862404975229,0.0112440886336645,0.588746856663873
"ETNK1",3.20524317886645,0.163985741464163,19.1206824772321,0.0154270081523546,0.532585917854149
"ETS1",0.773002036103927,0.0288062103801423,25.8887571917928,0.00998498497652697,0.512049455155071
"ETS2",0.217912786144115,0.0181141397777165,34.7601820484046,0.00138859519700102,0.779337803855826
"ETV6",0.525856117980269,0.0558168173637657,32.1913708254841,0.00427392021473162,0.760268231349539
"EVA1B",0.503649899171548,0.268050152598974,27.2509505618932,0.014818452760607,0.946039396479464
"EVI5",0.407119237318773,0.136062736558492,32.7050764373208,0.00587057213811853,0.908005029337804
"EVL",0.59922998832157,0.0177521283113157,25.8428749655441,0.0101695329766936,0.490360435875943
"EWSR1",5.62409767774648,0.112657666575281,11.3323724084709,0.0201360618930001,0.225167644593462
"EXD2",0.783353787762326,0.38639382160763,21.4494586192291,0.0236630338116932,0.949392288348701
"EXOC1",2.20162590050748,0.273117035939049,21.9844113591052,0.0174210918599681,0.788558256496228
"EXOC2",1.89007496492815,0.306950952416777,21.8695551926264,0.01905927955858,0.837279966471081
"EXOC3",1.76601783155615,0.285473159012733,22.8660173501544,0.0176263302805157,0.835079631181894
"EXOC4",6.40299654954377,0.488290515078162,10.7678428917805,0.0323905342727887,0.753352891869237
"EXOC5",3.60983368651959,0.276815973710506,18.4816091704742,0.0190299270534809,0.686818943839061
"EXOC6",1.08288726624382,0.293641071079938,24.5008370541801,0.0173563997067333,0.89930846605197
"EXOC7",5.16422603385649,0.442846514810904,12.9984603746527,0.0291180139723441,0.761001676445935
"EXOG",2.87506513263828,0.433273027436836,16.314831307099,0.0279087035943247,0.854777870913663
"EXOSC1",8.46997088258585,0.425947841975293,9.40999860000135,0.0286480220744171,0.624580888516345
"EXOSC10",3.67480420050376,0.302585119305383,17.9305820682487,0.0203090293261629,0.708717518860017
"EXOSC2",1.66481490259746,0.347487728610506,21.241294995561,0.0214845316909103,0.880238893545683
"EXOSC3",3.18488767746901,0.229160142952949,20.0890089259495,0.0166127530862886,0.663139145012573
"EXOSC4",2.58999079931142,0.249079825776071,21.3914859429516,0.0166852571037178,0.733340318524728
"EXOSC5",1.68042737694885,0.191756528050338,25.3179013959611,0.012601636524072,0.764983235540654
"EXOSC6",1.77969153468189,0.416130166817828,18.5357563111224,0.0263094741042371,0.901194467728416
"EXOSC7",3.39209161211492,0.337363734964833,18.0596548097011,0.0219888878648266,0.764354568315172
"EXOSC8",1.80631093327985,0.158866830143254,25.0570667280042,0.011790866413855,0.704840737636211
"EXOSC9",1.41010728031777,0.199257723413071,26.1542112106951,0.0123636415881342,0.802808046940486
"EXT1",0.223002757145727,0.115267653460204,34.7592347776522,0.00361516343623662,0.939857502095557
"EXT2",1.36566725818985,0.254572044298003,24.928812656675,0.0152683729753294,0.851424979044426
"EXTL2",0.404911125999198,0.215964355957171,29.7924985333402,0.0109804610383884,0.943629505448449
"EYA3",3.75906395866454,0.43141158935231,15.1911217738861,0.0280539853615605,0.814752724224644
"EZH1",2.15532973952989,0.383691384003308,18.9670998435037,0.024208510707204,0.864207879295893
"EZH2",0.586597174817868,0.0510791690159942,31.4017894635669,0.00493212717446186,0.727053646269908
"EZR",1.23424452768251,0.00900483135804469,14.6157490320512,0.0213675370630717,0.116198658843252
"F11R",0.239790581203623,0.146813853668743,33.4391605456638,0.00574366405122721,0.948658843252305
"FAAP100",3.00240025687891,0.619268642096152,9.65704805494121,0.0418539631349191,0.924559932942163
"FAAP20",5.09130115467911,0.24696794285313,15.8120670141965,0.0191715402213263,0.56265716680637
"FABP5",0.327798153905913,0.00320550544269604,24.3415886454563,0.0119500902413527,0.414082145850796
"FADD",2.42396419136837,0.222605019134418,22.2632979242322,0.0152950388475002,0.719195305951383
"FADS1",0.162488824695526,0.0689967114600834,36.8191442796382,0.000462187900898331,0.930637049455155
"FADS2",0.218038868940482,0.110922518510191,34.9498138179562,0.00331799905226185,0.938914501257334
"FADS3",0.382112790127438,0.101089330068269,33.7559496803548,0.00394305171201288,0.884849119865884
"FAF1",2.00506028296176,0.445295477788337,17.1459224569123,0.0284953535893151,0.90161357921207
"FAF2",3.65374901051884,0.366884844644734,17.004057632494,0.0238803070886805,0.77546102263202
"FAH",0.604869519002947,0.191797343269604,29.883238997435,0.00988802632426063,0.90790025146689
"FAHD1",3.26414865675719,0.556078578360673,11.8224617212009,0.0369987844275667,0.896269907795474
"FAHD2A",3.12843942220891,0.49969902500964,13.9329575447047,0.0327661871276221,0.878772003352892
"FAIM",0.647632116375065,0.217523172400928,28.7177801907777,0.011654880669331,0.912091366303437
"FAM102A",0.377603786802059,0.0361169108503848,33.0047017713036,0.00327157599673479,0.75314333612741
"FAM102B",0.465003726284393,0.176250710110331,31.0141218339123,0.00853181205175704,0.918901927912825
"FAM104A",2.38612152426353,0.125498636787899,21.7906098429289,0.0133066884110167,0.55092204526404
"FAM104B",1.9039800515198,0.371662584943663,19.9387214195737,0.0232714203916504,0.876362112321878
"FAM107B",1.08868006045962,0.0412273488974364,24.4128689979397,0.0112177453811738,0.487636211232188
"FAM110A",0.620022746101725,0.0668578960183532,31.2954234348144,0.00521026294661578,0.750104777870914
"FAM111A",0.453126880801919,0.0579404633277282,33.2612314615056,0.00335875544336722,0.798093042749371
"FAM114A1",0.105212286068793,0.0543478955300046,38.0080700813293,0.00101015832361322,0.944991617770327
"FAM114A2",1.77232378282002,0.378553282730316,19.9178908332018,0.02366701729667,0.886630343671417
"FAM118A",0.857821916310765,0.0465399777853757,27.1281915815445,0.00872630389213023,0.582879295892707
"FAM118B",5.41491260161291,0.598356056679046,8.982448363404,0.0405294840319224,0.856035205364627
"FAM120A",3.28055422223296,0.281947528039939,19.4185307699624,0.0189433394402565,0.722757753562448
"FAM120AOS",6.96686438838582,0.438919358403206,11.0462131822809,0.0292350104841504,0.692581726739313
"FAM120B",1.51513249056075,0.289763931258698,23.3688755982314,0.0176120567579512,0.857606873428332
"FAM122A",3.9550079728806,0.436469921074289,14.7593079693562,0.0284373795395633,0.808466051969824
"FAM122B",5.76365940317291,0.578640196375808,9.43812126034133,0.0391161518034482,0.839794635373009
"FAM126A",0.890446288000115,0.141494449520207,29.6582035034797,0.00822060560663428,0.820410729253982
"FAM126B",1.8290909341477,0.222508813039605,24.115946197008,0.0143242224257534,0.776089689857502
"FAM129A",0.932182294354438,0.0281262197888937,23.9601709629111,0.0118146402264556,0.449497066219614
"FAM129B",0.214702891047862,0.102317339775271,35.274609141699,0.00277461659957565,0.93535205364627
"FAM131A",0.803404955503821,0.264753529092964,26.375353086606,0.0150603816870787,0.91303436714166
"FAM133B",3.90399901022051,0.171083454065346,17.404403926953,0.0165576563925803,0.493189438390612
"FAM135A",0.413036926141614,0.144432809724693,32.4094553574567,0.00638019946709115,0.912091366303437
"FAM136A",2.46250837587547,0.136837357103424,21.9139780936486,0.013378795769657,0.573239731768651
"FAM13B",2.94235602598189,0.182799926150597,20.297914243346,0.0151200265759268,0.597652975691534
"FAM160A2",3.64142402013277,0.507435040405522,13.0051238124202,0.0333570379015244,0.859597652975692
"FAM160B1",1.03924248528056,0.145507497511672,28.5334092493199,0.00908441524817011,0.791596814752724
"FAM162A",2.04682204732559,0.103996162318302,22.8574558582071,0.0123927607462038,0.547988264878458
"FAM168B",3.60423704463575,0.411037274123376,15.9344418975568,0.026645158168286,0.808046940486169
"FAM172A",2.73702082514274,0.43934413545082,16.2747137828596,0.0282799577909506,0.863160100586756
"FAM173A",1.52289608181265,0.16403987462556,26.0633868144939,0.0112559145589403,0.744237217099749
"FAM174A",1.76510841320823,0.288403452912414,22.7841489254377,0.0178008984090868,0.837070410729254
"FAM177A1",1.24689944807121,0.0285460474021579,19.482998725357,0.0159330694840307,0.308256496227997
"FAM189B",5.25739868984122,0.644181920118691,7.81543038192463,0.0442606397987943,0.885163453478625
"FAM192A",4.66154526746421,0.303169147925267,16.2020058429291,0.021016283608303,0.656957250628667
"FAM193A",2.13639574391174,0.387083265647242,18.9339775502338,0.0244358441507025,0.868294216261526
"FAM199X",3.72636278987169,0.421097961783955,15.4774433490983,0.027345045130011,0.808570829840738
"FAM200B",1.31631780545282,0.191911014482855,26.7326465332632,0.0117725773832483,0.80919949706622
"FAM204A",6.64812909962741,0.33827646059487,12.4733580448379,0.0236277976189035,0.59639564124057
"FAM207A",2.30979530626397,0.220568971680342,22.7407294220409,0.0150004666974585,0.730616093880972
"FAM210A",3.30497377048785,0.315711978063315,18.6625413540912,0.0207174973229357,0.750523889354568
"FAM210B",0.226884041859527,0.0522312064143129,36.0975796042967,0.000676681700791673,0.879819782062028
"FAM214A",0.88830815404816,0.133852595497194,29.5353283072147,0.00805427432275944,0.804274937133277
"FAM214B",0.32733049971825,0.157031283014021,32.5044369378171,0.00678925740210287,0.93535205364627
"FAM217B",1.04640351619571,0.199202086093051,27.6399649036051,0.0115057332085351,0.849119865884325
"FAM219B",2.67622647173373,0.384499950068448,18.0840839491218,0.0245206218271848,0.836860854987427
"FAM222B",1.83357101051582,0.313681274173896,21.8498030406905,0.0194219322408649,0.847024308466052
"FAM32A",4.01926320857388,0.139065885377887,16.4093865480266,0.016880894552664,0.412824811399832
"FAM3A",4.70617305298553,0.472754710511748,12.9363145736882,0.0310897227309575,0.802808046940486
"FAM3C",1.06200581717657,0.0984729587437976,28.4620363575703,0.00806168631368672,0.712908633696563
"FAM45A",1.07058246723523,0.159077164728195,28.4296255620368,0.00960078543331501,0.810037720033529
"FAM49B",3.38267592769912,0.0837172022980819,15.9234994404138,0.017575400753135,0.304694048616932
"FAM50A",2.26173097449235,0.132655893661509,22.001964032153,0.0131850106074726,0.568839061190277
"FAM50B",0.60443838510809,0.146384822299489,31.1827427423775,0.00730917744941612,0.876362112321878
"FAM53C",1.40342058527205,0.193934295165073,26.289536677074,0.0120953596215382,0.79861693210394
"FAM76A",1.35394374544664,0.353879439444541,21.6323126430697,0.021700375625641,0.902975691533948
"FAM76B",1.49378775352747,0.219092413117418,25.421090971787,0.0135192872252132,0.811190276613579
"FAM89B",0.832382860623834,0.320740428077153,24.1074405783008,0.0189519258512471,0.929798826487846
"FAM8A1",0.778162750630004,0.308227600751293,24.7572326864662,0.0180140580301311,0.930637049455155
"FAM91A1",4.00371920692337,0.415235687396853,15.1943455425688,0.027034067364374,0.790758591785415
"FAM98A",2.48882523237702,0.318846899527784,20.2744585071886,0.020283536587574,0.805427493713328
"FAM98B",2.21437679087184,0.429343588571556,17.412992823849,0.0274190973653988,0.884953897736798
"FAM98C",1.25544226487168,0.223335784451435,26.1402661094205,0.013298088883886,0.840318524727578
"FANCF",1.95181736829166,0.354564366288503,20.3093206129294,0.0221455055696242,0.861797988264878
"FANCL",0.849832690074932,0.246332291409539,26.9319893807249,0.0139150896428406,0.901404023470243
"FAR1",2.98610717566845,0.288262926563017,19.807719155733,0.0190091359317128,0.744446772841576
"FARP1",0.15232817669099,0.0770855501095919,36.7242606581274,0.000781234441244907,0.94080050293378
"FARP2",0.703288081854135,0.186741536250888,29.4824465664481,0.00990950209146722,0.887259010896899
"FARS2",1.7324976428065,0.278985460711039,23.2957794860181,0.0171788739159183,0.838222967309304
"FARSA",4.20310698670065,0.245174470008049,17.2852131725269,0.0183679255822077,0.603520536462699
"FARSB",0.846675885730792,0.176547964341936,29.1642457728333,0.00972964722535644,0.860959765297569
"FAS",0.596852342291927,0.0249559880907909,27.6963413795445,0.0082976273054285,0.562971500419111
"FASN",0.587686754430293,0.130849292635591,31.6120124931722,0.00648588530976536,0.864941324392288
"FASTK",5.95640116787443,0.401591588672751,12.8465389138033,0.0267616829640225,0.696458507963118
"FASTKD1",6.3826149480417,0.549420339845363,9.56857445954315,0.0368436696577634,0.800712489522213
"FASTKD2",2.2757183278104,0.349078415830482,19.8762528675861,0.0219994635051725,0.839375523889355
"FASTKD3",1.88083431137543,0.464229065042029,16.5671428488506,0.0298308688532741,0.91303436714166
"FASTKD5",4.81633159651577,0.551231036591857,10.7491235018233,0.0368331685967941,0.847233864207879
"FAU",18.2323322456213,0.028498968005278,4.39773748841842,0.0264753539244649,0.000104777870913663
"FBL",3.89855859721852,0.0953147273127006,15.4110329891534,0.0177970775512529,0.310980720871752
"FBRS",2.36016050332487,0.182784533705062,22.4328314962518,0.0139311004061612,0.662300922045264
"FBRSL1",1.14159023230647,0.330616311002856,22.9698544900947,0.0199256570697003,0.90905280804694
"FBXL12",4.72314212294745,0.502559729597685,12.1628509149819,0.0332121310862705,0.821668063704945
"FBXL15",4.09829807455745,0.37077675380507,15.9856270619307,0.0242876254636776,0.749895222129086
"FBXL17",0.77646359174232,0.368391411535722,22.2369542480979,0.0223357651640006,0.94593461860855
"FBXL20",1.58096238711873,0.240014771355744,24.5481731048156,0.0147990238331901,0.816848281642917
"FBXL3",2.77367852616786,0.257254511090768,20.8123925636732,0.0172779560704814,0.728101424979044
"FBXL4",2.21965489632532,0.472747739566203,15.8063400996853,0.0305427580397517,0.900880134115675
"FBXL5",3.64579795163043,0.298842637450916,18.1925472911333,0.0200942036105639,0.710917854149204
"FBXO11",1.61914380333164,0.228221378758678,24.8069232216813,0.0142095741020787,0.806370494551551
"FBXO21",2.14813922435121,0.237086108508834,22.7375971670672,0.0155525770098617,0.75628667225482
"FBXO22",3.48935649629415,0.366766409005768,17.293582407446,0.0237953355955243,0.784367141659681
"FBXO25",2.29104870831174,0.390580261599475,18.5696635398907,0.024750240984753,0.861902766135792
"FBXO28",2.97651764439255,0.344699912660459,18.5227860095136,0.0221603876856818,0.790234702430847
"FBXO3",1.83038617113328,0.234731269379777,23.7858366062202,0.0149456669547207,0.784995808885163
"FBXO30",0.374534788822753,0.0967898732375476,33.9426067648117,0.00367216646445385,0.883801341156748
"FBXO32",0.285982895609495,0.0384520365664308,34.7953159996547,0.00161636209319899,0.814857502095557
"FBXO33",1.49387638780774,0.294171243006414,23.3882645663083,0.0178524656766835,0.864941324392288
"FBXO34",1.39602589700342,0.161729183909694,26.5661788956872,0.0108542992932967,0.756181894383906
"FBXO38",2.32902252149673,0.353220822853781,19.5656850392586,0.0222938879607264,0.836127409891031
"FBXO4",1.25215104043772,0.408476919444727,19.7338822271174,0.0255340918276572,0.928436714165968
"FBXO44",2.38938479653455,0.457726417608484,16.0943721772385,0.0294814886558993,0.886525565800503
"FBXO45",0.966249876329467,0.343735517663036,22.8783637819695,0.0206981082669575,0.926969823973177
"FBXO6",0.585726824970442,0.150470159758052,31.1940338986943,0.00744443756262315,0.883277451802179
"FBXO7",5.66897978540779,0.187472040660151,12.9576874772347,0.0190035263661928,0.390402347024308
"FBXO8",4.44880924604224,0.544731501037995,11.2405167429351,0.0363019601034099,0.85498742665549
"FBXO9",4.49846768050281,0.3452004360717,15.8596150591011,0.0230291016407415,0.708193629505448
"FBXW11",2.98941982707455,0.235359567675903,20.1393839416654,0.0166943804329319,0.674350377200335
"FBXW2",5.14545512800612,0.339970248866126,14.7363570904671,0.0230571374818485,0.666596814752724
"FBXW4",2.40634846058261,0.636251081434543,9.25244055502508,0.0430638997204378,0.942476948868399
"FBXW5",3.14173411346612,0.144957531614589,19.3057326171959,0.0151220883390525,0.507753562447611
"FBXW7",1.6041342597674,0.225577768132944,24.8645654403536,0.0140630001879783,0.80406538139145
"FCER1G",0.0502728924272798,0.00194345154556219,38.0605778966239,0.00217490396030401,0.859492875104778
"FCF1",5.43063106273427,0.562379134256458,10.0103888183117,0.0377694829022917,0.836860854987427
"FCGRT",0.263235527563521,0.0240276976699814,34.4689818724601,0.00174244647760132,0.779966471081308
"FCHO2",0.502324719013211,0.235522958707064,28.5969546599233,0.0125444015214763,0.936923721709975
"FCHSD2",0.219988513210813,0.0237196096187028,35.2093584031923,0.00100717441257659,0.803436714165968
"FDFT1",2.83911074262563,0.121006848791775,19.3481745707423,0.0148874315409882,0.469509639564124
"FDPS",2.50689073940857,0.131741419904436,21.6001847107419,0.0135212349659074,0.555427493713328
"FDX1",4.04766757245292,0.16487389804797,17.0460391319144,0.0167058193318806,0.472967309304275
"FDXR",0.293086214661269,0.120927792928449,34.0127627097245,0.00438068629240551,0.925188600167645
"FECH",1.87504419208285,0.510012243016707,14.7871314897078,0.0332458814330892,0.927388935456832
"FEM1A",4.7895371843159,0.539194766931036,11.1194059030129,0.0359273650046909,0.841575859178541
"FEM1B",1.01816522008418,0.128074054489382,28.8622636597541,0.00838876453924189,0.773784576697402
"FEM1C",1.19455158830915,0.260262453326068,25.3162315515165,0.015352638537233,0.872485331098072
"FEN1",0.299356863228664,0.0302109167461307,34.3132823806757,0.00196812467192649,0.785414920368818
"FER",0.334453000615596,0.170715213559462,31.9417782660468,0.00771109499630088,0.939438390611903
"FERMT3",1.03498230643179,0.0616408345272876,27.1530326095524,0.00874333026026915,0.609911986588432
"FES",0.247454012109058,0.0749205526660119,35.6246118617775,0.00166072031840865,0.901927912824811
"FEZ2",0.984269908584562,0.133553262627306,29.010666786269,0.00842418823665941,0.787300922045264
"FGD5-AS1",3.34757015024134,0.239132837340657,19.5140657631304,0.0171986304812946,0.6610435875943
"FGFR1",0.195331834908702,0.0437467047572313,36.6169441616213,1.16699723691077e-05,0.882544006705784
"FGFR1OP",2.01986793834793,0.2433809113524,23.259645652963,0.0156069740470648,0.781957250628667
"FGFR1OP2",3.6193530740371,0.112724706856406,15.7878054147511,0.0172430739588861,0.349748533109807
"FGGY",1.56952274986851,0.515196881041886,14.8687698737693,0.0335616215353605,0.93964794635373
"FH",1.74583749822781,0.20229666613715,24.9935942866534,0.0131625488924355,0.771479463537301
"FHL3",0.647894444864627,0.102717756263274,31.5540313832046,0.00572972148299702,0.817476948868399
"FIBP",3.67049805577033,0.165421563073476,18.8833074955059,0.0157755800368398,0.528394803017603
"FIP1L1",3.61761365739337,0.191460176142948,18.1687306506962,0.0164376260943976,0.547569153394803
"FIS1",4.13269273660897,0.123957687443037,15.5939357769635,0.0173963472111134,0.364312657166806
"FKBP11",0.184092770877735,0.0132989543722538,34.6436003691671,0.00145219337492002,0.767288348700754
"FKBP14",0.216280470459155,0.0785859908606343,35.9405185556808,0.00149519107760571,0.918063704945515
"FKBP15",1.60634255399872,0.272431969266115,23.7065862138064,0.0166557819553772,0.841051969823973
"FKBP1A",3.15437918682507,0.0317665286657785,11.8370807566412,0.0224751728642592,0.0866512992455993
"FKBP2",1.23038157730929,0.0382767192762986,22.0079120839955,0.0134083753830319,0.406223805532272
"FKBP3",2.41723480561475,0.157265167327665,22.7027963525082,0.0132657082123488,0.63013411567477
"FKBP4",0.614944781406219,0.0065136037174405,19.7467522686567,0.016479240406567,0.272422464375524
"FKBP5",0.676130393281318,0.0575768387994581,30.4294168873831,0.00585538889692972,0.706936295054485
"FKBP7",0.263416017589951,0.113458224692194,34.4900389776979,0.00376155363465941,0.928331936295055
"FKBP8",3.1837061562286,0.0807845729120767,16.7244399985425,0.0170534633722687,0.323449287510478
"FKBP9",0.075919798677457,0.0385250712338462,38.9147300074643,0.00227643440855291,0.948344509639564
"FLAD1",3.71851868212268,0.292800217796314,18.0199923061462,0.0198635717636571,0.696772841575859
"FLCN",0.384693580239275,0.213929073713618,29.9439661678882,0.0107975124515443,0.945201173512154
"FLII",4.74600048774644,0.292124156079664,16.0281200366994,0.0205874524376242,0.635687342833194
"FLNA",1.59904676183897,0.0236461267893256,16.9865250329911,0.0184134875265238,0.222129086336966
"FLNB",0.3835353826046,0.0619819389071602,34.0225573944531,0.00274890748500876,0.829212070410729
"FLOT1",0.901860393000815,0.0581641503048888,28.5201405327225,0.00756048737072501,0.64731768650461
"FLOT2",2.10201979172869,0.166691029357254,23.7492236636316,0.0127947547887071,0.677074601844091
"FLYWCH1",0.964967031804615,0.337552853341879,23.1227349677719,0.0202591399994181,0.924979044425817
"FLYWCH2",3.11777630951018,0.359047941533844,18.164723718904,0.0231338502878096,0.800083822296731
"FMNL2",0.241808335361115,0.131102834723052,34.0430216471008,0.00471899388074377,0.942581726739313
"FMR1",2.1143706226041,0.363274269113337,19.7398474655234,0.0228236608481484,0.857082984073764
"FN1",0.0537665872388363,0.00264809038058413,40.2410315586577,0.00440024026351879,0.932103939647946
"FN3KRP",1.41595696469549,0.192086291632953,26.2619441938749,0.0120443142751077,0.794844928751048
"FNBP1",1.60444816913541,0.0366148200079059,19.1381510432974,0.016024117690966,0.313914501257334
"FNBP1L",0.207375231053149,0.0700026934756278,36.2405357278464,0.000996606498105665,0.913663034367142
"FNBP4",4.35188895145299,0.157764875999084,15.4762107604198,0.0174443495329356,0.415444258172674
"FNDC3A",1.02340255848305,0.102585342992327,28.617393112176,0.0079981751768991,0.72453897736798
"FNDC3B",0.29995136346386,0.0282300452137341,33.9607718743657,0.00227908417174866,0.770641240569992
"FNIP1",1.69555490999882,0.167495364556317,25.2118384338366,0.0118770385166952,0.72338642078793
"FNIP2",0.154029122912157,0.058704015749519,37.1670225350232,0.000130100898509095,0.924979044425817
"FNTA",6.3869940266998,0.304270371392598,12.6335105678274,0.0220488964739842,0.553541492036882
"FOPNL",6.17159639682225,0.441334224104489,12.1138736190336,0.0293174492562181,0.729044425817267
"FOS",0.136011637615833,0.00156076865668806,31.4157435255983,0.00470077085303717,0.641450125733445
"FOSB",0.162692500433503,0.0120961261380503,35.3853878042783,0.000697904420098976,0.789396479463537
"FOSL2",0.528184615422712,0.0383427224323695,30.8668599269222,0.00529812512704566,0.688181056160939
"FOXJ2",2.22957612400974,0.471007082173571,15.8588558600565,0.0304179924817574,0.899832355406538
"FOXJ3",3.0064943467042,0.306479588675396,19.1833982835452,0.0200014304035665,0.75314333612741
"FOXK2",3.03965495332569,0.525466485135655,13.0694411793855,0.0346346412002671,0.890926236378877
"FOXN2",0.89934134150445,0.0903180594222081,29.4021866660175,0.00716804603123672,0.729044425817267
"FOXN3",1.54977228678868,0.130595000924388,25.8296208681443,0.0105888055347756,0.683256496227997
"FOXO1",0.926256448024387,0.186713762267469,28.4038655773576,0.0105581935774242,0.853310980720872
"FOXO3",0.596001942623515,0.112054501203539,31.8876682070669,0.00572014246103773,0.84325230511316
"FOXP1",0.94308258244468,0.0300080976214512,23.6800544545601,0.0120312529039809,0.443839061190277
"FOXRED1",2.86652386325798,0.459492695856125,15.6030329646785,0.0297962432416821,0.871647108130763
"FPGS",3.8181786348755,0.320844876342962,17.6092727436307,0.0213433431565755,0.72569153394803
"FRA10AC1",1.44058054912876,0.275035358221933,24.1190145260761,0.0166000765154987,0.858025984911987
"FRG1",4.2317881468431,0.201374031889441,16.8035099501281,0.0173788177885552,0.522736797988265
"FRMD4B",0.277987945309273,0.0367036254125233,34.928184850484,0.00146602402433538,0.816219614417435
"FRMD8",3.30288175345261,0.349725764941439,17.9037456888168,0.0226575730610808,0.778185247275775
"FRS2",1.32370837794237,0.306687237419263,23.3787247149548,0.0184838303084266,0.884325230511316
"FRYL",2.86955143730335,0.19546097068521,20.6479792096011,0.015243304731775,0.628038558256496
"FSCN1",0.0808575269343025,0.00390515116929052,36.8283816810906,0.000871328778920002,0.822506286672255
"FSTL3",0.077813319341466,0.032457607989403,38.9712475929672,0.00248321011544789,0.940171835708298
"FTH1",2.11321058362912,0.00116739278144257,11.1764995639939,0.0250274284115648,0.000209555741827326
"FTL",1.50929561259461,0.00189963362174621,11.4043305059813,0.0248876547539568,0.00230511316010059
"FTO",1.60150757903972,0.368160849785115,20.5990375581067,0.0228495127126564,0.892288348700754
"FTSJ1",4.12591385667818,0.284917579053168,17.3622003733245,0.0198159838476573,0.665025146689019
"FTSJ3",3.20717571560435,0.274172090072202,19.3904222315269,0.0185403245249014,0.710498742665549
"FTX",1.08580495663558,0.300236046516804,24.2377996615288,0.0178025075530391,0.901404023470243
"FUBP1",2.62452417705491,0.148184510952817,21.1296952525382,0.0139999398701711,0.567686504610226
"FUBP3",4.13421105318919,0.501965140364172,12.7430877163624,0.0330691103654071,0.841156747694887
"FUCA1",0.386914231779793,0.115152194362982,33.3880567466049,0.00465875965737337,0.895955574182733
"FUCA2",0.527657384694166,0.0819088417300221,32.6890442969435,0.00432448161922445,0.819467728415759
"FUNDC1",13.7741538352878,0.816030229506361,3.19053553288501,0.0620182196370859,0.874580888516345
"FUNDC2",4.11329293057751,0.15675976109838,16.6674819966263,0.0168371937340839,0.448973176865046
"FUOM",0.832582248908158,0.134724216074659,30.1211023146901,0.00769424489347764,0.82407795473596
"FURIN",0.553452433244702,0.0410724220711959,30.695154972325,0.00547180436892473,0.68734283319363
"FUS",3.02083072194806,0.0499995663200689,13.9061894746085,0.0199916727438822,0.18220871751886
"FUT8",1.24701822481557,0.169861862478914,27.3694967741007,0.0106235087069423,0.794111483654652
"FUZ",0.526607655964413,0.197644163784209,29.9611734958594,0.0100723420613213,0.919740150880134
"FXN",0.966525350267442,0.189719300254779,28.2807526377023,0.010770410125927,0.854149203688181
"FXR1",4.73588527235498,0.147984515185892,14.4394831313371,0.0180289161649006,0.370180217937972
"FXR2",5.54009854949755,0.717037351078408,5.39813964654222,0.050323941979467,0.910310142497904
"FXYD5",1.99351984343844,0.0104281058071147,12.6043266558475,0.0231061068618008,0.0616093880972339
"FYN",0.564748570523401,0.0102677391134381,23.749543105696,0.0123791819179048,0.408948030176027
"FYTTD1",1.35400020815454,0.0448661169428665,21.8961844952263,0.0133896158787724,0.414815590947192
"FZR1",2.68919164969194,0.466572851332131,15.4613344408169,0.0302168139345027,0.878876781223806
"G2E3",1.60302051931412,0.221984882436593,24.9823454833573,0.0138677054215805,0.802074601844091
"G3BP1",3.34805410946792,0.0691851038732629,14.2501038261523,0.0190943991051858,0.228206202849958
"G3BP2",2.27404756531412,0.0615740876318262,17.9088670874006,0.0164343363346691,0.322611064543168
"G6PC3",1.16579512728075,0.215963908720448,26.8199224071137,0.0126589232498358,0.849853310980721
"G6PD",2.24209772399897,0.181049595403637,22.9620412865105,0.0135954317804433,0.675712489522213
"GAA",0.633132465676488,0.1844887561815,29.9393140858038,0.00954697184698874,0.898051131601006
"GABARAP",4.41380919034545,0.0343173300605191,9.67690319097781,0.0239718239301652,0.0355196982397318
"GABARAPL1",0.579115453232608,0.0199329885931603,26.7105576117456,0.00929349887935383,0.522212908633697
"GABARAPL2",4.70792727633899,0.0675803133762506,10.1846004083895,0.0220539921030903,0.110331098072087
"GABPA",2.87629495400393,0.399218717166561,17.3616154458785,0.0255904614805397,0.836127409891031
"GABPB1",2.53774914301021,0.150440474012893,21.4329431396703,0.0138342242699311,0.580469404861693
"GABPB1-AS1",1.51703503298777,0.131945730871344,26.0426854352969,0.0104712863250473,0.692057837384744
"GABPB2",1.0544579173982,0.360198282892756,22.027944352849,0.021936058685534,0.925817267393127
"GADD45A",0.352291816181756,0.0214236722886861,31.8702312274186,0.00425986309797576,0.691324392288349
"GADD45B",0.302622677201572,0.00394443987782316,25.6600170047792,0.0105865446967766,0.458298407376362
"GADD45GIP1",4.30680023217092,0.121649467019426,14.8622148088048,0.0178537056600599,0.339165968147527
"GAK",1.9306287680581,0.168117303881653,24.026557223177,0.0125955196910222,0.687866722548198
"GALC",0.717030652203135,0.163306649316647,30.0639915197965,0.00865256563190199,0.868189438390612
"GALE",1.53605902787274,0.426808931093166,18.5546701649235,0.0269920301442614,0.918901927912825
"GALK1",1.15698452620122,0.223152925903123,26.6658270793311,0.0130436680910838,0.856349538977368
"GALK2",2.31123992636053,0.342339875979394,20.0100253209775,0.0215944774078007,0.833193629505448
"GALM",0.442047418013317,0.0196477494295008,29.8094998272184,0.00628280151947429,0.621647108130763
"GALNS",1.22942880333985,0.330888983452071,22.74985061464,0.0200200569615226,0.90245180217938
"GALNT1",1.76222322592163,0.267032109716277,23.4751945504841,0.016527778189442,0.825335289186924
"GALNT11",0.665921743703425,0.0788610838262564,31.0566608302638,0.00560473287481141,0.762468566638726
"GALNT2",0.455523201627132,0.0254317862876366,30.0526907866047,0.00602261011595673,0.639564124056999
"GALNT7",0.553688398983967,0.188736034481953,30.1149521597502,0.00959976567016058,0.910414920368818
"GALT",0.785553979164658,0.205755316531356,28.5022531988344,0.0112623782341368,0.886630343671417
"GAMT",0.91815154477221,0.274877249067051,25.720570847083,0.0158873069685224,0.908214585079631
"GANAB",6.34623650547751,0.430603776857408,12.0224395155811,0.0286481779331777,0.711232187761945
"GANC",1.04479897289532,0.262812993834466,25.6802351449518,0.0152958518341817,0.887992455993294
"GAPDH",3.04193890529499,0.00258309696392322,10.7935510679363,0.0251001432418809,0.000628667225481978
"GAPVD1",3.73855067908122,0.322103410886529,17.4968872167914,0.021356594410069,0.72453897736798
"GAR1",2.08614304993464,0.206740825304634,23.6289857319731,0.0140502979746943,0.736378876781224
"GARS",1.84959681855486,0.090999243291066,23.2591644835362,0.0120214294369241,0.538453478625314
"GART",2.76497169015359,0.224651666361173,21.176638245218,0.0159018313902746,0.689228834870075
"GAS6",0.133999297163392,0.0303346565163996,37.6601069610852,0.00126480900073393,0.894069572506287
"GATAD1",1.50359217841069,0.431529804911314,18.3715970571338,0.0273124389976828,0.920683151718357
"GATAD2A",3.34316466727073,0.348140283576471,17.9241516568758,0.0225901775806687,0.776299245599329
"GATAD2B",3.44985701633022,0.262119272224983,18.8445540692691,0.0182625193884745,0.675817267393127
"GATB",5.18990502463431,0.738805121999053,4.78731974013856,0.0521431657644892,0.925398155909472
"GATC",0.948420698025519,0.186618819823548,28.2983745907051,0.0106173287741687,0.849853310980721
"GBA",2.1962935199862,0.301902894642856,21.3856072241208,0.0190323091164866,0.814124056999162
"GBA2",5.15955248532887,0.659022385454885,7.30644554456843,0.0453849226038752,0.891554903604359
"GBE1",0.600037528669189,0.108573772407045,31.837905680545,0.00565677475821311,0.836022632020117
"GBF1",2.69431943168015,0.264104252017077,20.7708817641292,0.0175352276038289,0.73742665549036
"GBP1",0.186149992118119,0.0116639859330931,34.4141336078471,0.00167336875256058,0.757020117351215
"GBP2",0.764754988604072,0.025354804093035,25.2488898657528,0.0106329351015928,0.485331098072087
"GBP3",0.495639034139391,0.0954678699773752,32.823505574292,0.00453236189047573,0.845976529756915
"GBP4",0.441379156370221,0.0328926739607434,31.5269505910455,0.00463951226769412,0.700020955574183
"GCA",0.362911368104088,0.0683738060366839,34.353108157951,0.00259855658448482,0.850377200335289
"GCC1",3.02710863615973,0.464984998938839,15.0440426811926,0.0301661708268172,0.86242665549036
"GCC2",1.65933455887539,0.0644539057741923,21.5601404163946,0.0133988243723519,0.439438390611903
"GCDH",1.61839014285475,0.213435568364391,24.9380312327452,0.0135312174808554,0.787405699916178
"GCFC2",1.72304158437472,0.355067343211882,20.8241676868122,0.0220333992577984,0.878876781223806
"GCHFR",0.568823588291229,0.0620199373960026,31.7849941979532,0.00471689089445727,0.757648784576697
"GCLC",0.399630397857684,0.163791888928968,31.8157837171127,0.0075145462387107,0.924350377200335
"GCLM",0.564774545133159,0.0518087375790373,31.3125546053233,0.00500071653854166,0.725377200335289
"GCN1",2.11003459200301,0.332118609984398,20.6709686223483,0.0208058438029215,0.838432523051132
"GCSH",0.568237784355883,0.104615366163011,32.3683125417774,0.00515967112988496,0.84639564124057
"GDAP2",2.68021283919189,0.385510591523604,18.0124065157202,0.0245838048803603,0.836232187761945
"GDE1",1.10560497309404,0.0647917893217929,26.6933783847083,0.00914399119187533,0.600796311818944
"GDI1",4.86556466029133,0.206760705884228,14.9986796044718,0.0182974943739441,0.478310980720872
"GDI2",4.06071584593128,0.0679689738479832,12.9698814455289,0.0201083406232443,0.191533948030176
"GEMIN5",0.962112308942239,0.321510994161959,23.7519240654397,0.0191312705300013,0.91963537300922
"GEMIN6",2.8932184916756,0.364021784383102,18.3957553083027,0.0233202870985128,0.815067057837385
"GEMIN7",3.05873043996602,0.28868454076515,19.5621122408785,0.019103090742483,0.737636211232188
"GEMIN8",3.60235850146742,0.508291951635098,13.1408625506956,0.0334719879270309,0.864836546521375
"GFER",3.86558165894309,0.320445072330898,17.4791269352954,0.0213524404961166,0.721186085498743
"GFM1",6.27337876158707,0.504122974213937,10.6429910978724,0.0335186084594818,0.771584241408215
"GFM2",1.17499309204051,0.207282550366529,26.8284036181377,0.0122697820311948,0.836546521374686
"GFOD1",0.252939990522394,0.103155475223114,34.8682817271743,0.00312276026346869,0.923721709974853
"GFOD2",5.76740413728823,0.58930815357379,9.09453286000274,0.0399099576297315,0.844300083822297
"GFPT1",1.4854562296149,0.165641099216693,26.112264448717,0.0112544791286599,0.748323554065381
"GGA1",2.89511120286383,0.306498362508158,19.6340469289713,0.0199029153368606,0.766764459346186
"GGA2",0.671571396823618,0.0323488293233881,27.4622426884288,0.0084625189276501,0.568524727577536
"GGA3",3.37575730197041,0.440362928657126,15.3076753361176,0.0285136851148623,0.832984073763621
"GGCT",1.22487635893544,0.0931671478326383,27.6240269345082,0.00867235775271771,0.6779128248114
"GGCX",3.80620485224115,0.447077707242637,14.7788449243931,0.0291582056938674,0.824706621961442
"GGH",0.398123546260967,0.0571122199453782,34.0161215013479,0.00267353394032886,0.82093461860855
"GGNBP2",3.59268990861826,0.156689110109319,17.9630982887895,0.0160444330744298,0.486693210393965
"GGPS1",2.78845761891634,0.32370512520458,19.5062861343872,0.0207958321701604,0.788872590108969
"GHDC",1.3439242126136,0.448066038626908,17.9084249070542,0.0284629051364363,0.932418273260687
"GHITM",10.6408143333838,0.174674887130278,5.04912253507763,0.0225127907563113,0.163453478625314
"GID4",2.20984420425033,0.426629097306352,17.4781836650832,0.0272160231654721,0.882963118189438
"GID8",8.74357816377299,0.28769776452447,9.10093564659573,0.0225648967177485,0.430113160100587
"GIGYF1",1.5877521194735,0.44158462956292,17.8091735364544,0.0280666889354348,0.918378038558257
"GIGYF2",2.73711558487988,0.23186646328287,21.0047682580813,0.0161900551835786,0.695201173512154
"GIMAP2",0.557246092984808,0.0957975878067164,32.2631148191228,0.00498880364595068,0.828688181056161
"GIMAP4",0.295247687461075,0.0102091339926241,30.3489367799011,0.00576949755225928,0.622275775356245
"GIMAP7",0.339508746923856,0.00943583648635284,28.8320148489104,0.0073043335890535,0.571668063704945
"GINM1",1.77478568130425,0.149199468263409,24.9197132894014,0.0116089723520582,0.685142497904443
"GIPC1",0.479137119940718,0.142227526175815,32.0789289453399,0.00653769732625545,0.898051131601006
"GIT1",1.23462992740081,0.377936696759876,20.9491593743433,0.0233166261629975,0.919216261525566
"GIT2",2.63192139955358,0.197747190287445,21.4544048894857,0.0148757352201842,0.656014249790444
"GK",0.310126924214276,0.00643400629844584,28.1013999184767,0.00807159269089205,0.542435037720034
"GK5",0.44642863599464,0.200126861383173,30.2229396263284,0.0100206245063852,0.931999161777033
"GLA",0.409279486712603,0.0176958324098973,29.5075576500582,0.00657422558933626,0.608340318524728
"GLB1",1.41726941902341,0.131588830248128,26.5100761290834,0.01013055235545,0.705993294216262
"GLCCI1",0.695235975203983,0.100301222533643,31.1297233698123,0.00599942787075459,0.800083822296731
"GLCE",0.989383749390441,0.378775475674053,21.3917089881249,0.0232302654751564,0.935037720033529
"GLE1",2.582887945519,0.368894129523762,18.7403633287473,0.0234585496522242,0.833717518860017
"GLG1",2.7139165410473,0.13660812566374,20.1841203942679,0.014419027474107,0.520222129086337
"GLIPR1",0.878390462046484,0.0200482258945124,22.4980688495401,0.0133629572234419,0.387782900251467
"GLIPR2",0.419291843771463,0.0381804784412872,32.6352306022217,0.00364709106945838,0.744761106454317
"GLMN",2.98632288065128,0.371525815791822,17.8906001449594,0.0238274970269288,0.810875943000838
"GLMP",0.898955477318478,0.15466508994655,29.3152641316539,0.00885870485238677,0.830783738474434
"GLO1",1.92653422174429,0.0955377946621015,23.1717629427195,0.0121158609835853,0.54348281642917
"GLOD4",2.94671714975943,0.189370502471898,20.4493439757998,0.0152109555637846,0.612531433361274
"GLRX",0.514607292844558,0.0202472411288941,28.3800496784378,0.00767432466546376,0.576592623637888
"GLRX2",2.57089678312105,0.207539240581335,22.1004779514098,0.0149146159513166,0.69080050293378
"GLRX3",5.99456898285234,0.260254311603582,14.1907726517042,0.0202636878598817,0.534995808885163
"GLRX5",2.07057542374125,0.314575577024948,21.3689818578667,0.0196802274741962,0.833088851634535
"GLS",1.78438793282324,0.0922967686469675,23.052561053939,0.0121328800373762,0.533948030176027
"GLT8D1",2.18383877218329,0.250318563296232,22.5676795852167,0.0162014968294861,0.771374685666387
"GLTP",2.85590249509774,0.211727798606592,20.8173800117761,0.0156373219087367,0.658424140821459
"GLUD1",1.6747798322874,0.0556252400349911,21.0172676444339,0.0139847384020119,0.407166806370495
"GLUL",0.296744060391327,0.0119108449858429,30.965444445214,0.00514593567064837,0.645326906957251
"GLYCTK",10.3247757544095,0.811923219605045,2.92724750307063,0.0604801271961778,0.903709136630344
"GLYR1",5.43502956239706,0.355584713139609,13.92597797214,0.0239700337945981,0.664815590947192
"GM2A",0.401169972409616,0.0627450158054081,33.8426232209298,0.00292471801124772,0.824706621961442
"GMCL1",1.53388551944522,0.164125684172018,26.0999839612304,0.0112483760926952,0.745494551550713
"GMDS",1.52460792006534,0.172450739543224,26.0650316741418,0.0115156981853993,0.757648784576697
"GMEB1",2.13478411106966,0.308708673995506,21.4264164159329,0.0193767350594419,0.825754400670578
"GMFB",2.51179967287069,0.234502479014389,21.8613386175828,0.0159220846237619,0.725272422464376
"GMFG",1.00980954066115,0.0197390843907134,21.1836249257561,0.0146326110766186,0.345662196144174
"GMNN",0.348006052029496,0.0405462443647446,34.1791585870288,0.00224090467236778,0.798512154233026
"GMPPA",2.79856736006531,0.407188270326701,17.2690276519992,0.0260999875090694,0.845347862531433
"GMPPB",0.801554393853843,0.146191255538828,29.9835811101821,0.0081268968337057,0.838222967309304
"GMPR2",5.0493750358239,0.395212687285965,14.1653726672797,0.0261122191883359,0.728520536462699
"GMPS",2.85150996564378,0.258317753585716,20.8312498551125,0.017373863902676,0.730092204526404
"GNA12",0.640925784696579,0.112672865984825,31.5087195376224,0.00602318685229027,0.832250628667225
"GNA13",1.13192505217733,0.0655011615231392,26.498566745099,0.00931050531782481,0.595871751886002
"GNAI2",2.44249548880261,0.0924602083190532,20.6382380952602,0.014037842430505,0.461022632020117
"GNAI3",7.31506499986899,0.248919525887962,11.4698949896475,0.0208811679109687,0.441219614417435
"GNAQ",0.413045073189377,0.120471805284561,33.1145702426569,0.00504393195533337,0.895850796311819
"GNAS",2.96780025866527,0.0525680693016073,14.1218777839375,0.019722384309596,0.193000838222967
"GNB1",4.48862027003386,0.236535599630616,16.7935909442161,0.0183580991916011,0.575963956412406
"GNB1L",2.10649890147044,0.376566978318038,19.3691470091133,0.0237120622473025,0.865779547359598
"GNB2",3.64369371466606,0.0751330673060248,14.8830312128757,0.0185293791183822,0.259744341994971
"GNB5",1.10102986268836,0.128911677101106,28.2238032256641,0.00885077212628872,0.75513411567477
"GNG12",0.081111195562139,0.0272078540642467,38.9547286780226,0.00259107139302386,0.930951383067896
"GNG2",0.713365839823061,0.0116156950272148,21.8991011520656,0.0141748446426102,0.352263202011735
"GNG5",3.26479919260451,0.026274115642054,11.2383715492271,0.0232563978860428,0.0591994970662196
"GNL1",2.86046494202571,0.169572822029373,20.6905001224594,0.0146556868267644,0.588642078792959
"GNL2",2.93573625396414,0.222014906381474,20.7029020000823,0.0160514645577737,0.670787929589271
"GNL3",1.61519202174598,0.0901119601871285,24.3920882581903,0.0111250554079764,0.571877619446773
"GNL3L",2.89960886734062,0.497374739498868,14.1674537073154,0.0325120624758912,0.883906119027661
"GNPAT",7.30034968440187,0.42483564154326,10.8773310950775,0.0284407619816264,0.667749371332775
"GNPDA1",0.887405532240407,0.138992339407131,29.6391793778732,0.00814962389688837,0.81580050293378
"GNPDA2",1.77008925700322,0.381305005218789,19.7863411321252,0.0238513814585745,0.886839899413244
"GNPNAT1",1.3554253580645,0.322270389904403,22.8753412391027,0.0195423082991232,0.892602682313495
"GNPTAB",0.844643337102671,0.0967972258225237,29.8240762450909,0.00694274297292585,0.753038558256496
"GNPTG",5.37178350908615,0.286886430302396,14.4752389870448,0.0208122528262592,0.582355406538139
"GNS",0.559240875201302,0.0858313649464046,32.3122813601115,0.00471771455289793,0.813914501257334
"GOLGA1",3.246634108758,0.612354214791596,9.7587423975122,0.0413314364679157,0.915653813914501
"GOLGA2",1.85840357100216,0.207454468504335,24.2742219251264,0.0136951340512131,0.75743922883487
"GOLGA3",1.9708023787857,0.302505257242153,21.9115871882734,0.0188561219540621,0.83151718357083
"GOLGA4",1.94485117625853,0.0649550556280107,20.2683273452007,0.014474135372881,0.400880134115675
"GOLGA5",2.85937865800923,0.355069515720289,18.5209885701976,0.0227261795666153,0.805846605196982
"GOLGA7",5.44372947961896,0.190612346110599,13.4299775604698,0.0187962245996677,0.408528918692372
"GOLGB1",1.95551015289631,0.0854251024369421,21.9540114198262,0.0129936190440346,0.488579212070411
"GOLIM4",0.478614103644507,0.0866224338704164,33.103551873807,0.00408682646891431,0.840423302598491
"GOLPH3",5.5137540467861,0.18672324754591,13.5695994613751,0.01874942643721,0.406852472757754
"GOLPH3L",2.03861277557011,0.308150723982844,21.600338816236,0.0192607724284977,0.830469404861693
"GOLT1B",4.4933549862347,0.235860424423656,16.7139666576829,0.0183572842678198,0.572611064543168
"GON4L",2.98258285047065,0.229934261232789,20.1647427227646,0.0164934811116016,0.666806370494552
"GOPC",2.84970877599196,0.194644299352464,20.8707673333543,0.0151311300096125,0.633487007544007
"GORAB",1.54713897178775,0.328260834516742,22.1042595023674,0.0201114801716221,0.877724224643755
"GORASP2",3.67994156426102,0.151690807171688,17.2037557329178,0.0163943019003136,0.455993294216262
"GOSR1",6.13172516465301,0.41720543473469,12.250474098955,0.027701237451173,0.700440067057837
"GOSR2",3.7628948988601,0.649893426003126,8.15499413183595,0.0444091595703376,0.916701592623638
"GOT1",1.36083748986138,0.182821157139254,26.5873227773663,0.0115215030642051,0.79033948030176
"GOT2",2.4322798079515,0.197762870813118,22.5302470290703,0.0143662489420915,0.688704945515507
"GPAA1",2.58766526314917,0.165130584834781,22.0470138551835,0.0138228155645296,0.622694886839899
"GPALPP1",3.83658162807732,0.524320398078685,12.3732785820783,0.0346774054211518,0.863579212070411
"GPANK1",1.91923684452987,0.223325294062676,23.9698631904269,0.0144675168578039,0.772736797988265
"GPAT4",2.21264201531118,0.184865793762649,23.0807031768231,0.0136338289234355,0.68535205364627
"GPATCH1",1.27764290070279,0.378455610619892,20.846634361962,0.0233789682871175,0.916701592623638
"GPATCH11",1.33007727928748,0.207557235098495,26.2412302069406,0.0126145973319742,0.818629505448449
"GPATCH2",1.65171446601207,0.256629321640894,24.008626173955,0.0157998670989549,0.825859178541492
"GPATCH2L",2.37846834506999,0.252338863593456,21.9034495068569,0.016573062283823,0.754086336965633
"GPATCH3",3.8992270253984,0.480403799157819,13.6001057043286,0.0314694161307685,0.837175188600168
"GPATCH4",1.03189226933921,0.137901269646825,28.8545813671019,0.00867297372887436,0.789396479463537
"GPATCH8",2.81086669434578,0.188863856219112,20.9201756349544,0.0149447448046959,0.625943000838223
"GPBP1",2.15611874059742,0.0327253059691171,14.75797004777,0.0199932005137602,0.171835708298407
"GPBP1L1",6.0651100139959,0.310885623403566,13.2131716920118,0.0221520209481831,0.579840737636211
"GPCPD1",0.625865550744132,0.0613410286356714,30.8890669089632,0.00547918632954411,0.727891869237217
"GPD2",0.44297651806282,0.213748469328436,29.7156171020733,0.0109227000956847,0.93765716680637
"GPI",2.3829149182789,0.0693028038115357,18.994313850755,0.0154724863854997,0.370494551550712
"GPKOW",3.40667919631986,0.48636479405123,13.9106101506939,0.0317794307140896,0.857606873428332
"GPN1",2.99087976956775,0.27360269283324,19.9837836670987,0.0182908668020723,0.72768231349539
"GPN2",10.7472900817703,0.72535178291371,4.49572546560781,0.0522541389231325,0.84209974853311
"GPN3",2.63203275172555,0.30671154996246,20.3825964566887,0.0196882555113207,0.790025146689019
"GPNMB",0.0565554585150507,0.00987673490677234,39.3182574337739,0.00332617236719118,0.913977367979883
"GPR107",2.64630827223524,0.371678856682795,18.5760997842949,0.0236758697950756,0.83266974015088
"GPR108",4.79880459958548,0.31558718520595,15.4494935263085,0.0216770258067156,0.652975691533948
"GPR137",2.63100470057334,0.218176938497935,21.6918612206613,0.0154403967775513,0.694886839899413
"GPR137B",0.67445893977353,0.0314363398435912,27.7154165931353,0.00824245948577641,0.575125733445096
"GPR155",0.291976488228819,0.0514139670310361,35.0667618987144,0.00159673195909986,0.84524308466052
"GPR180",1.62457400519743,0.301563904628203,22.8614694724447,0.0184519945367803,0.859807208717519
"GPR89A",2.20357360253657,0.422300805682544,17.627469794749,0.0269056151617228,0.881077116512992
"GPRIN3",0.68898356399048,0.0442745844676456,29.4021505657925,0.00668505156902337,0.651508801341157
"GPS1",6.71268564696167,0.34532938756146,12.6833258585083,0.0240272577009256,0.611902766135792
"GPS2",2.21155699390415,0.230983640463791,22.5457617428857,0.0153955457556078,0.740989103101425
"GPSM2",0.266207798894873,0.133568302377175,33.7901852417333,0.00499640355984024,0.93849538977368
"GPSM3",1.6924367632669,0.0365616993503268,18.9978565139078,0.0161614560500055,0.309932942162615
"GPX4",2.10301419822635,0.0164133891884464,12.6134094653134,0.022730382829918,0.0738683989941324
"GPX7",0.83052756826088,0.147976978960389,29.8967596750901,0.00825900401187439,0.838327745180218
"GRAMD1A",0.550500032444245,0.0262472279494478,28.4812259976567,0.00753116144730084,0.590423302598491
"GRB2",3.35780927493329,0.0610530316661819,13.9889535145984,0.0195489504708923,0.206307627829003
"GRHPR",2.06160172213352,0.142671586053035,23.5131819623087,0.0123906463454799,0.631391450125733
"GRINA",0.734798632693253,0.026173911477384,25.9229229930745,0.00998310385030966,0.508382229673093
"GRIPAP1",2.54230240533846,0.248184087688926,21.3811122157814,0.0166168964210077,0.731768650461023
"GRN",0.451782319475168,0.0136632747473963,27.8678474054958,0.0082338121470976,0.548197820620285
"GRPEL1",3.52184426339843,0.187181450046555,18.8338653338333,0.0160713188856711,0.560771165129925
"GRPEL2",0.777148943932951,0.185938931508464,29.1808432560047,0.010066555874153,0.876466890192791
"GRSF1",0.888891849794352,0.0174199418360388,20.1565727031325,0.015664332579919,0.307523051131601
"GRWD1",2.37947954296425,0.226607142415729,22.2717015446578,0.0154141671488355,0.72569153394803
"GSDMD",2.098315621125,0.168267344938364,23.6914805842937,0.0128578590260161,0.677808046940486
"GSE1",0.436692345272281,0.183058240976042,30.9253086738812,0.00886815428006702,0.926969823973177
"GSK3A",4.7232374807971,0.641721697105961,8.05437490918182,0.043927464410516,0.893650461022632
"GSK3B",1.53809329394119,0.113483763659002,25.6556666900959,0.0104164792394167,0.649937133277452
"GSKIP",6.572671162519,0.476130572976541,10.8586871597656,0.031595336300977,0.738788767812238
"GSN",0.143931942603958,0.00710107544575304,34.9315939304708,0.00111310927010922,0.76603101424979
"GSPT1",1.79011472695973,0.0585408654290363,20.6315453686489,0.0142676807180192,0.400565800502934
"GSPT2",0.93969663246856,0.338258758276468,23.1421694205525,0.020287957152278,0.926760268231349
"GSS",3.35416857571191,0.322292266568642,18.6178467708982,0.0211137659279858,0.758696563285834
"GSTK1",2.44867977093654,0.0526122495751731,16.9692577296868,0.0174469370777412,0.278709136630344
"GSTM3",0.251378971972979,0.0699955861544043,35.7031243465532,0.00146489057886699,0.896374685666387
"GSTM4",0.623922185092184,0.204296379903229,29.3081210843682,0.0107458398106665,0.909681475272422
"GSTO1",1.51963389112508,0.058248037426191,23.0891120210496,0.0122332121081962,0.476634534786253
"GSTP1",0.772708101270468,0.008367196244282,19.5628952978826,0.0165921734966092,0.271060352053646
"GSTZ1",1.09463650346537,0.266960923207646,25.522016418407,0.0156055942247806,0.889354568315172
"GTF2A1",1.41342288918266,0.192462223191852,26.1981008902532,0.0120825872122433,0.79348281642917
"GTF2A2",118.138641194401,0.778904504257781,6.59498270771811,0.0676470319769215,0.297150041911148
"GTF2B",4.05243820641043,0.150113044897427,16.142012772318,0.0170218009401276,0.422464375523889
"GTF2E2",7.03851324093855,0.330480212301101,11.7883253193373,0.0234177444455251,0.565590947191953
"GTF2F1",6.84599992450174,0.285256381424455,12.011569576983,0.0216139423461547,0.508487007544007
"GTF2F2",5.13730628696782,0.332508529547163,15.075581610243,0.0226954629496813,0.665653813914501
"GTF2H1",7.38111336435518,0.459367604875725,10.4669668369841,0.0306617880590421,0.701697401508801
"GTF2H2",0.747867686506771,0.265114367626132,26.5494605688589,0.0149979146640172,0.919111483654652
"GTF2H3",2.82373418557476,0.382797475327326,17.9941237826204,0.0244939777126516,0.830993294216262
"GTF2H5",2.45483999817668,0.159996870661177,22.5154426598358,0.0134292707873174,0.628772003352892
"GTF2I",1.69923110934547,0.0893826380181393,23.7897948137766,0.011585021897616,0.551969823973177
"GTF3A",2.09800894486395,0.0446916443680261,17.3705644699136,0.0173258102658204,0.275251466890193
"GTF3C1",1.00444158465357,0.105351340915157,28.703118871711,0.0079772276729069,0.731768650461023
"GTF3C2",4.43597196692062,0.450262529908746,13.8534038089146,0.0295047106398951,0.799245599329422
"GTF3C3",1.81275864502112,0.334557982351992,21.2998636915797,0.0207369702774384,0.862007544006706
"GTF3C5",3.94528619148659,0.340066516676102,17.0584529282552,0.0224672234968482,0.737217099748533
"GTF3C6",3.5911802006445,0.104189244026609,16.2943949468391,0.0170451448123472,0.351110645431685
"GTPBP1",1.08269403072869,0.161927933927174,28.1081731873815,0.00986965861693523,0.804589270746018
"GTPBP2",0.882740096160459,0.407796395967979,20.3393829681363,0.0252977221234769,0.947715842414082
"GTPBP3",1.46706244541529,0.391564513692628,20.0359413516124,0.0244224366231786,0.9110435875943
"GTPBP4",1.95622414702524,0.138120094220703,24.0186275128479,0.0119829824904369,0.639564124056999
"GTPBP6",2.14483656764599,0.381079870905053,19.0924769235826,0.0240294433666478,0.864103101424979
"GTPBP8",1.52910898706546,0.177184691717084,25.8895814094578,0.0117520253414795,0.759744341994971
"GUCD1",4.92938634327663,0.445286403976278,13.422330835822,0.0292953719386162,0.77745180217938
"GUF1",2.06267760833517,0.396074260811542,18.8148516654753,0.0250271772853789,0.878352891869237
"GUK1",5.14557806098094,0.054374655935936,9.46497326931518,0.0231005395068592,0.0697820620284996
"GUSB",2.46244937303638,0.165256019057797,22.3104544092889,0.0136342807874229,0.630867560771165
"GXYLT1",1.68951584901875,0.282643401067901,23.1643695636396,0.0173684708581493,0.840004191114837
"GYG1",0.890407820645128,0.0454560483288121,26.6956768967973,0.00911967466708127,0.567267393126572
"GYPC",1.08061533983852,0.0290577462903779,22.8059223665115,0.0128836972277342,0.414815590947192
"GZF1",0.368286309593994,0.150985702330191,32.4402897951888,0.00659672368927702,0.92361693210394
"H1F0",0.089923529823413,0.0208760877417264,38.6113988234418,0.00239247440773754,0.909262363788768
"H1FX",0.511636391547765,0.06853704857811,32.7504313413776,0.00399732732065089,0.799350377200335
"H2AFJ",1.07531375550236,0.0707198506995527,27.5780909745818,0.00844501727625876,0.638830678960604
"H2AFV",1.86825347540434,0.0209885793462222,14.4292501113633,0.0208522143910204,0.137887678122381
"H2AFX",0.608710916907851,0.0207043979614093,26.6322407359275,0.00936559957448842,0.52116512992456
"H2AFY",2.36784574102767,0.0632001780269918,19.0674829916275,0.0155372738715517,0.362321877619447
"H2AFZ",1.25254838612491,0.00619484665322219,13.0177127825255,0.023080123212872,0.0596186085498743
"H3F3A",5.27309058101529,0.0138464264745927,9.43917271772989,0.0251833792323036,0.00146689019279128
"H3F3B",4.4292544037234,0.00936277891736127,9.9433562320374,0.0251683683077753,0.000628667225481978
"H6PD",0.298699040150578,0.165052170765057,32.3529250256974,0.0072081210566011,0.943419949706622
"HABP4",0.855246695254301,0.301132753623097,24.8355982709935,0.0176042825445778,0.921835708298407
"HACD2",4.04057901614731,0.40464400327807,15.3609280582815,0.0263555329198047,0.780385582564962
"HACD3",1.15224222957687,0.0978183576397843,27.8122347343579,0.00855661422102703,0.691429170159262
"HACL1",2.10396459305901,0.346283163337327,20.2917974885048,0.0217058699556453,0.848281642917016
"HADH",0.87739843102951,0.113730178392517,30.0456436470368,0.00718386067293981,0.787720033528919
"HADHA",7.13386040219451,0.19117280945476,11.176828619391,0.0200639478402226,0.348072087175189
"HADHB",6.60160342892984,0.279803149144314,12.6696978078855,0.0212959551782417,0.519488683989941
"HAGH",2.88916910149732,0.204111930357027,20.6008721428977,0.0155030275699937,0.640088013411568
"HARS",7.89774605307343,0.394396328761078,10.4362715327061,0.0268138844530709,0.612950544844929
"HARS2",4.97383285417336,0.44132426342143,13.2345461096969,0.0289676995699232,0.766554903604359
"HAT1",2.3173269384674,0.189959973868219,22.9229344814301,0.0139103031724146,0.68849538977368
"HAUS1",1.87988762834995,0.196896454778404,24.6311148140451,0.01319241463747,0.751781223805532
"HAUS2",1.95447594393229,0.248126182324623,23.4825588922867,0.0157265819789875,0.796102263202012
"HAUS3",1.23301138036255,0.168286142297365,27.2633943362621,0.0106097253103924,0.788348700754401
"HAUS4",1.72837191424436,0.185351414543782,25.5359102877269,0.0123208045502445,0.761525565800503
"HAUS5",1.55896778996515,0.459968092288883,17.1878590796756,0.0294316435541357,0.927179379715004
"HAUS6",1.30278408661497,0.242246528658923,25.5653085027647,0.0144257943712284,0.851948868398994
"HAUS8",0.717938755911967,0.185431968994605,29.5876454871,0.00981628630743128,0.888411567476949
"HAX1",5.23413240945287,0.177974545842812,14.3923834741279,0.0183039592101888,0.417015926236379
"HBP1",1.5947464734636,0.0730216823672391,23.2525793038378,0.0119877727761457,0.507229673093043
"HBS1L",3.70006728328425,0.231921294163078,18.7007232399601,0.0173540267773636,0.625628667225482
"HCCS",4.13636997516328,0.402857641824657,15.4305061527054,0.0263117049383764,0.779337803855826
"HCFC1",2.06503493668248,0.251765087504046,22.979613681598,0.0160926395461302,0.786253143336127
"HCFC1R1",2.07114162438311,0.108487794071573,23.0824018129941,0.0122779845927877,0.562447611064543
"HCG18",1.34401681758292,0.171228986386283,26.6890750407898,0.0110596917468141,0.775146689019279
"HCLS1",2.04172042444804,0.039187399455466,17.0952646973941,0.0177386534980821,0.256496227996647
"HCST",0.816770063404547,0.0150915112455226,21.7336147221713,0.0142332931140794,0.35383487007544
"HDAC1",2.32184325136478,0.106864652853309,21.4852065620101,0.0133935197781393,0.510792120704107
"HDAC10",3.5122967956014,0.440783377049154,15.2175670960407,0.028611127292607,0.830155071248952
"HDAC2",1.98108363534306,0.0855135360035468,22.1034888850607,0.0128984980978169,0.493503772003353
"HDAC3",5.23174115301185,0.309289327765568,15.1137361529186,0.0216432891452527,0.633277451802179
"HDAC4",0.873894047603858,0.197406693182483,28.3467910747282,0.0110070301621987,0.868503772003353
"HDAC5",0.73513765178887,0.109758105852782,30.7478464629565,0.00651962553918724,0.803436714165968
"HDAC6",3.41095806619722,0.576521579471544,10.9607477882121,0.0385708117375001,0.898889354568315
"HDAC7",0.95732757282854,0.118118457063513,29.2529784923678,0.00785620516833384,0.769907795473596
"HDAC8",3.84552255968214,0.423712708603938,15.2943946306455,0.0275683599267508,0.806370494551551
"HDDC2",2.05950776725382,0.156273478219439,23.9380774009308,0.0124359598492201,0.666282481139983
"HDDC3",1.33181456901867,0.252849978718076,25.1753206763883,0.0150941913985721,0.856349538977368
"HDGF",3.29009676619763,0.250941008584682,19.8375845899045,0.0175405023153217,0.688600167644593
"HDHD2",6.04978917895619,0.613285116222316,8.32967425240828,0.0418684560568011,0.852053646269908
"HDHD3",2.79756450465972,0.387407462961919,17.7363987482285,0.0247582853715677,0.83036462699078
"HDLBP",1.54710514851083,0.0449767399989973,21.1832537625015,0.014040492371566,0.393336127409891
"HEATR1",1.19052808291605,0.199409812865199,26.9343698386688,0.0119026504806339,0.827430846605197
"HEATR5A",0.533962849460276,0.251476465485168,27.8250058420524,0.0137084742354582,0.937866722548198
"HEATR5B",1.96917149291018,0.380352759567825,19.4036422212327,0.023885279940866,0.873113998323554
"HEBP1",0.445989978791214,0.0947809212541597,33.4379135791425,0.00403296897255682,0.86441743503772
"HEBP2",1.4505231449155,0.200406357598907,26.0741597132191,0.0124704163958012,0.802074601844091
"HECA",2.03938431379621,0.260471818741594,22.7297943229295,0.0165434226126168,0.792120704107293
"HECTD1",4.14365048325577,0.204855551370686,17.102154052272,0.0173131757306576,0.536881810561609
"HECTD4",1.68985954134329,0.331403206492937,21.6404893891936,0.0204351897299255,0.867979882648785
"HELB",0.824636799374214,0.14369807771975,29.803997624416,0.00816059021736911,0.828583403185247
"HELLS",0.439057684656178,0.0783995561845292,33.6674707281237,0.00342940568893046,0.844928751047779
"HELQ",2.01726768054935,0.32457510930425,21.0831737953228,0.0202603807889036,0.839794635373009
"HELZ",3.75467009489772,0.252934871684456,18.23045059476,0.0182006054717806,0.643440905280805
"HELZ2",0.364936846399331,0.120784291790256,33.4144486433998,0.00482208638927782,0.905909471919531
"HERC1",1.4961789406209,0.136239146981456,25.8699935213099,0.0106430337328197,0.693629505448449
"HERC2",1.57301421886778,0.184999695813491,25.547253734152,0.0121942328939103,0.761525565800503
"HERC3",2.08755396668544,0.530969319703604,13.6902349217836,0.0348478476784275,0.924036043587594
"HERC4",1.73400367466754,0.147410010854796,24.874010206944,0.0115682970469455,0.680846605196982
"HERPUD1",0.704570310580498,0.00513173422924622,16.1775632760644,0.0200948360690275,0.154652137468567
"HERPUD2",1.35283575815484,0.087387711105347,25.5386729326286,0.0101757172547318,0.602787091366303
"HEXA",1.04559976258934,0.213049179639068,27.2174361880374,0.0122896827720752,0.857816429170159
"HEXB",1.2829662935348,0.0901367525484255,26.7867988439844,0.00926604658219449,0.646584241408215
"HEXIM1",1.19458192293694,0.122323093929276,27.7383949214881,0.00905767712691169,0.729253981559095
"HEXIM2",1.74980558649526,0.478213478553649,16.163352603489,0.0308218411087432,0.922464375523889
"HGS",3.54247411332723,0.215891665311178,18.837804972271,0.0167514204032138,0.605301760268231
"HGSNAT",0.698372416855268,0.0725532602439325,30.572413074029,0.00590762069493408,0.736588432523051
"HIBADH",2.54791434206805,0.306371475854445,20.4174238417725,0.0196067891566287,0.790863369656329
"HIBCH",0.928667759541586,0.093301712118946,29.0869547547256,0.00745873708533023,0.724015088013412
"HIF1A",1.58821232069452,0.0429462144222569,19.8221749083151,0.0152474085504098,0.346709974853311
"HIF1AN",3.68684250079082,0.344561420279423,17.1401445063549,0.0225583125225269,0.747066219614417
"HIGD1A",0.915844065710327,0.242484560784839,26.8325318781457,0.0137863420598595,0.892183570829841
"HIGD2A",7.89770406159786,0.108377890482709,7.91804576250084,0.0222302109331482,0.131496227996647
"HILPDA",0.113804563740718,0.0249669601992553,38.0060378479331,0.0017128630188657,0.896374685666387
"HINFP",4.40814286173156,0.506844189193111,12.284549997587,0.0334429020128542,0.833088851634535
"HINT1",6.90321116317374,0.0283965872842719,8.18179442229926,0.0251282449754,0.00377200335289187
"HINT2",1.11917309305272,0.0944242853456632,28.3859979811724,0.00809007783990004,0.703897736797988
"HINT3",1.9972268400347,0.344355468644893,20.5991268174314,0.0215089356807747,0.85498742665549
"HIP1",0.314737761095762,0.133897867818359,33.4179495263288,0.00527783420204313,0.927179379715004
"HIP1R",0.394317499526349,0.102404687376388,33.6231238256381,0.00408705260342691,0.882753562447611
"HIPK1",2.04171214804403,0.23306446419351,23.2658667123186,0.0151667648726185,0.766240569991618
"HIPK2",0.489399875190192,0.0629444938217485,32.8312304805313,0.00382045409653908,0.792644593461861
"HIPK3",1.7986496777248,0.212753895136958,24.3403973906822,0.0138348351794199,0.767812238055323
"HIRIP3",0.630739549557013,0.106103440795892,31.8727926380352,0.00558778938248201,0.833088851634535
"HIST1H1C",0.306259329907277,0.0197083818144995,32.5771198093525,0.00355673206018948,0.711232187761945
"HIST1H2AC",0.443132601433786,0.0217749789988851,29.5376725720289,0.00652602608964944,0.616512992455993
"HIST1H4C",0.342749498304565,0.00263828770753674,21.8279286135915,0.0145229494497173,0.331098072087175
"HIVEP2",0.960872688961846,0.147278024973604,29.0044192827564,0.00882363319938028,0.80919949706622
"HKR1",2.71027862633261,0.520293059909081,13.4824796426703,0.0341478435261527,0.898051131601006
"HLA-A",2.82090830933883,0.00223994101990038,11.0860664056078,0.0248959481383177,0.00691533948030176
"HLA-B",3.91205148706889,0.00224485093932631,10.5947362975059,0.0251326524162424,0.00303855825649623
"HLA-C",2.35898195820676,0.00230019906744975,11.1232249052196,0.0249502430209115,0.00324811399832355
"HLA-DMA",0.354622494766194,0.00634794520849222,26.884924821919,0.00930955521580495,0.502829002514669
"HLA-DMB",0.207306972790183,0.0168081472688243,34.9639680801718,0.0011743175769381,0.7837384744342
"HLA-DPA1",0.36474240578209,0.00129885834548317,20.0685193048236,0.0163713852821049,0.271374685666387
"HLA-DPB1",0.306511153861583,0.00112526882194659,21.2566523264766,0.0151620435345569,0.309409052808047
"HLA-DQA1",0.202870047188589,0.00117964377735601,27.8344797599368,0.00840685006605063,0.523889354568315
"HLA-DQB1",0.223044111925549,0.00128115297015863,26.066822152767,0.0102215361572985,0.466366303436714
"HLA-DRA",0.218900251688935,0.000719381471254926,24.0641651486611,0.0122898506196278,0.399832355406538
"HLA-DRB1",0.559084364018227,0.00103526817051635,20.0230385404439,0.0164425684812894,0.270955574182733
"HLA-DRB5",0.328560051813853,0.00116413347303436,22.4266625802393,0.0139689217272922,0.347862531433361
"HLA-E",2.68645258473284,0.011479837874216,10.8282407731764,0.0245647412604273,0.0140402347024308
"HLA-F",1.87474238316334,0.0455727537216963,18.2587997701433,0.0165306751038647,0.303436714165968
"HLTF",0.821674405548093,0.168800283115957,29.436534917006,0.00926643291696633,0.857187761944677
"HM13",2.14523871349811,0.0551278798306372,17.8310946852883,0.0166419660850518,0.308256496227997
"HMBOX1",2.29957501972903,0.329982693393255,20.301949479802,0.0208138762510003,0.823554065381391
"HMBS",0.975263366321274,0.290497381908677,25.0126059703961,0.017004609007228,0.910414920368818
"HMCES",1.46683736682742,0.162237122585651,26.3892307159621,0.0110055243136371,0.751466890192791
"HMG20A",2.5821012306297,0.402106491698612,17.6784403166924,0.0256518004717848,0.851110645431685
"HMG20B",2.27910076284777,0.157589725411491,22.7194702210201,0.0131840162005562,0.631077116512992
"HMGA1",1.05705110970475,0.0277895786596633,23.306267616903,0.0124541849201737,0.428541492036882
"HMGB1",1.87156701453247,0.00781078863186405,11.5687814859862,0.0242609697493618,0.0224224643755239
"HMGB2",0.398972585753954,0.00534572176294754,23.9753214232543,0.0122684553026224,0.406433361274099
"HMGB3",0.348421829188757,0.0402822881972014,34.2058123161046,0.00221393578941503,0.798931265716681
"HMGCL",3.19402829581428,0.570095842476885,11.3304936226671,0.0380348334227715,0.902347024308466
"HMGCR",1.15012699065988,0.203998878397606,27.0452657496764,0.0120257904651675,0.838118189438391
"HMGCS1",0.554364125642639,0.0648062548127713,32.0003105186534,0.00457023303238591,0.7691743503772
"HMGN1",3.72550427573113,0.0310923776254047,10.7446598623314,0.0233604949619648,0.056580050293378
"HMGN2",1.06061176140825,0.0060778424591404,13.9531703891874,0.0222018230756455,0.087699077954736
"HMGN3",1.74800345864657,0.0554687977728851,20.9708694265908,0.0140460385869673,0.405804694048617
"HMGXB3",2.97804494862611,0.340739547157803,18.6465478265125,0.0219261059580313,0.78803436714166
"HMGXB4",2.73305821050657,0.26856155969983,20.8828837456329,0.0177488597308775,0.747380553227158
"HMOX1",0.109145656783782,0.00224660663430137,33.9555467793247,0.00207837626671355,0.72569153394803
"HMOX2",2.82396128906427,0.144126293181016,20.4413822640813,0.0143994704232372,0.540444258172674
"HNRNPA0",6.82902098937837,0.0825590361783017,8.28105364289229,0.0227372573729551,0.0939857502095557
"HNRNPA1",4.51878177461044,0.014965577581978,9.73446953939941,0.0249947610028699,0.0048197820620285
"HNRNPA2B1",5.17019770106299,0.0202548623808997,9.239376423812,0.0249935193954677,0.00523889354568315
"HNRNPA3",4.83153509747451,0.0533154657571452,10.1148871121213,0.0226994174486151,0.0851844090528081
"HNRNPAB",1.5206979144474,0.0578684572809373,23.1457400413357,0.0121931597902196,0.477787091366303
"HNRNPC",6.24413818909898,0.0461421892328667,8.35137347290527,0.0241931474518722,0.0319572506286672
"HNRNPD",2.78630817100813,0.140168511318994,20.7919107527584,0.0141648781766334,0.544740150880134
"HNRNPDL",3.24561009470772,0.0348385191788326,11.7386361871932,0.0223943748237324,0.0897946353730092
"HNRNPF",3.43675969050256,0.0374131027275552,11.4390408367185,0.0224971501810508,0.0866512992455993
"HNRNPH1",3.22847062381281,0.101790119078288,17.2650749221268,0.016379687718439,0.375314333612741
"HNRNPH2",1.87605005842262,0.256965727880733,23.3005774229476,0.0161356566701469,0.804379715004191
"HNRNPH3",3.03639656460992,0.0661532975730444,15.3797899113956,0.0183319609576918,0.256077116512992
"HNRNPK",8.70526103729205,0.0697468266503923,6.15290311258977,0.0244080586032734,0.0259849119865884
"HNRNPL",7.5686860355272,0.312877146846179,11.3559092601012,0.0229405650401184,0.528290025146689
"HNRNPLL",0.996307269224611,0.0299103562687154,23.54625880595,0.0121702378072258,0.43964794635373
"HNRNPM",6.01901038889861,0.111937564194749,10.4091646087585,0.0206895057546997,0.198763621123219
"HNRNPR",4.30189482493736,0.0933895825965655,13.5240033206415,0.0190737348853632,0.252409891031014
"HNRNPU",2.80448574356223,0.0374256895994014,13.1220922315625,0.0211521090626644,0.133906119027661
"HNRNPUL1",1.69001723748195,0.0333532288524003,17.9330427243916,0.0171933134696329,0.270326906957251
"HNRNPUL2",1.73397004024437,0.380978440161587,19.9138614668036,0.0238153116920202,0.890297569153395
"HOMER1",0.240557187931133,0.0983608044869695,35.1511664101601,0.0027457328888468,0.924979044425817
"HOMEZ",1.03636318703859,0.382009429653859,21.150330574759,0.0234909923752775,0.932418273260687
"HOOK2",0.748533813979524,0.15897761148569,30.0079440802174,0.00853754457718366,0.859492875104778
"HOOK3",2.8676496855448,0.165990985142214,20.5976139017067,0.0146374357995555,0.580155071248952
"HOTAIRM1",0.382280460011494,0.0958365433279192,33.8894995017817,0.00368784062753915,0.880553227158424
"HP1BP3",4.06247209267139,0.118323657937509,15.2996895246036,0.0175826550786447,0.345976529756915
"HPCAL1",1.20566504507407,0.0971937675466243,27.2078234169004,0.00899774352762411,0.671416596814753
"HPRT1",1.57016080110643,0.0640570349884284,22.9944939280828,0.0122573908681936,0.483759430008382
"HPS1",5.60928585183217,0.284998033710747,14.7050557899504,0.0208629528923382,0.585917854149204
"HPS3",1.68465322284717,0.220243263029083,24.6946041488718,0.0139436915631698,0.790444258172674
"HPS4",1.19423983175835,0.255106047450411,25.4322585397932,0.0150455522266225,0.868084660519698
"HPS5",0.94429091249065,0.191643826471726,28.2385583335451,0.0108532772131822,0.855930427493713
"HRAS",0.986887068983678,0.209731534340761,27.6167948670182,0.0119443394571299,0.865046102263202
"HS1BP3",1.72451112219459,0.464663700580372,16.7343031772149,0.0298121378739331,0.91963537300922
"HS2ST1",1.64272771797227,0.316952400175403,22.2912768058704,0.0194540356195982,0.865884325230511
"HSBP1",4.79580226578301,0.104299958001036,13.1194104414145,0.0191775011288981,0.260792120704107
"HSBP1L1",0.304415849725646,0.0874309250003662,34.8134887939123,0.00269521596033651,0.896374685666387
"HSCB",3.02331005665922,0.402302910012712,17.076391640682,0.0258616419589599,0.83151718357083
"HSD17B10",5.11707948636614,0.206369899224817,15.4966283336101,0.0182745621163822,0.492665549036044
"HSD17B11",1.27229104646841,0.134902575189031,27.2699102553987,0.00967067402218819,0.735016764459346
"HSD17B12",2.00277475028129,0.172945142653735,24.3655800944931,0.0126189043135004,0.705888516345348
"HSD17B4",1.0402179922969,0.174484823271638,28.2027706454125,0.0102459539359379,0.827535624476111
"HSD17B7",1.59636346913519,0.171860055822341,25.4575551879744,0.0118246811779284,0.737950544844929
"HSD17B8",0.605180075367544,0.150154376020233,31.1577974778831,0.00746788816219757,0.881601005867561
"HSDL1",1.40539122500197,0.322026254865345,22.6138432937999,0.0195772099567377,0.884220452640402
"HSDL2",0.563949977807171,0.0844536016024819,32.2879798566419,0.00470898450483157,0.810875943000838
"HSF1",19.2952862962603,0.504824594784393,1.13937313514678,0.0339879823283755,0.466680637049455
"HSP90AA1",1.22228091364552,0.00148653898475263,11.5514244688304,0.024834988306865,0.00314333612740989
"HSP90AB1",1.44128038207723,0.00285344285265274,11.6548893831752,0.024592247921175,0.0114207879295893
"HSP90B1",0.867220354880346,0.00647920208922042,15.4567460465067,0.0207217410159168,0.135268231349539
"HSPA13",1.80673589582405,0.192087198296506,24.5658707982549,0.0129988667238141,0.742351215423303
"HSPA1A",0.473235100545996,0.00103618861950709,18.064716104038,0.0184255994663145,0.206412405699916
"HSPA1B",0.246502463901274,0.00124958362833028,24.5549397496941,0.0117758276358122,0.417015926236379
"HSPA4",1.50065138171215,0.0429254307316454,20.8396852514449,0.0143676410528323,0.378562447611065
"HSPA5",0.925716346766487,0.00924920100215933,16.3886725481003,0.01965538067889,0.171102263202012
"HSPA8",2.46178820390007,0.0038034479291527,10.9595979801947,0.0249831359727778,0.00188600167644593
"HSPA9",4.10589511673646,0.101014031569445,13.922037301484,0.0186343789988323,0.275984911986588
"HSPB1",0.476285102116006,0.00156329164937641,17.5454822946031,0.0189246728177736,0.190486169321039
"HSPB11",2.53991117183095,0.122079490048189,21.3452234293968,0.0136150626898749,0.531957250628667
"HSPBAP1",2.35514937634202,0.450061320186932,16.4201267488155,0.0289237399177507,0.885163453478625
"HSPBP1",2.95532139074753,0.261209674675493,20.6109953147273,0.017610692152474,0.72768231349539
"HSPD1",1.0154214373369,0.00398711257978625,13.1261546597836,0.0231521762068407,0.056580050293378
"HSPE1",1.04083322455643,0.00447072652461871,13.2940899845926,0.0229516472952554,0.0631810561609388
"HSPH1",0.628685153644136,0.00349955129687419,16.9236244985175,0.0194431242898082,0.175188600167645
"HTATIP2",0.6145587500347,0.0144941690240059,23.9662707755924,0.0120583602076527,0.423826487845767
"HTATSF1",3.1039567709045,0.18235003714636,20.3151989538813,0.0151940263030019,0.59754819782062
"HTRA1",0.070815256113931,0.0326584180067416,39.1254933295357,0.00262722865776199,0.945515507124895
"HTRA2",2.96909571986172,0.226655499339194,20.3922320643428,0.0163136779292787,0.668587594300084
"HTT",2.2445197815949,0.334824693443009,20.3670261750172,0.0210749749615669,0.832879295892707
"HUS1",2.66764168678055,0.336331521532881,19.4405326435109,0.0214624702976023,0.80605616093881
"HUWE1",3.01373150688861,0.172050348248755,20.1839691495482,0.0149971291944851,0.577326068734283
"HYI",0.840415797681461,0.180165534525964,29.0942179196394,0.00990764964178605,0.864522212908634
"HYOU1",1.08953769291244,0.0821984625343255,27.5138032138688,0.00856785665659567,0.656014249790444
"HYPK",1.22585940164883,0.26057514216059,25.1655880722302,0.0154273381490843,0.868294216261526
"IAH1",3.82523732094166,0.186175208340427,18.1847724826046,0.016442636372922,0.540025146689019
"IARS",1.98028964073631,0.157384929702338,24.1910152800051,0.0122884819398396,0.675817267393127
"IARS2",3.37731303422234,0.259558186116298,19.4216030043232,0.0180190488192448,0.689124056999162
"IBTK",2.39793649239308,0.240299907581295,22.1202663290275,0.0160163961284629,0.742141659681475
"ICA1",0.119932105254213,0.0316731957340605,37.9885804331633,0.00155399084728675,0.906957250628667
"ICAM1",0.144055342778031,0.00677305112197143,34.7211113951709,0.00132436272974538,0.75859178541492
"ICAM2",0.575365688402277,0.0583738719067505,31.4649286578124,0.00494158165869318,0.741303436714166
"ICAM3",1.39227335766811,0.0427005420911652,21.8895703805668,0.0134530634331878,0.4110435875943
"ICE1",2.68260003683809,0.237832518961734,21.2847747464717,0.0163115115076672,0.71280385582565
"ICE2",2.5161899578099,0.31743105942839,20.2820013606564,0.020220411194009,0.803436714165968
"ICK",0.761796831476598,0.271192113444525,26.2785923577129,0.0154292097563076,0.920159262363789
"ICMT",1.3854029729043,0.163884545477877,26.881958944024,0.0107589100641943,0.769383906119028
"ID2",0.385955129814845,0.00595802371994021,25.4354526750863,0.0107820270557364,0.455050293378039
"ID3",0.14191734454697,0.00352718649953521,32.9885752492241,0.00308183732587408,0.696353730092205
"IDE",1.412865594469,0.33155379746254,22.3039792153619,0.0202194394219855,0.889249790444258
"IDH1",0.629712403187639,0.090925002910839,31.6471425272817,0.0053709067512332,0.801131601005868
"IDH2",0.750829648174815,0.0363288419769167,28.1182393970611,0.00787383702549248,0.596814752724225
"IDH3A",1.38131242755226,0.128439263141311,26.7918516034865,0.00987728953285581,0.70966051969824
"IDH3B",18.9869295144024,0.578904733808125,2.4114336794897,0.0397930724496722,0.573763621123219
"IDH3G",9.57655017669152,0.403605681626508,8.76696105013146,0.0277162851835798,0.574497066219614
"IDI1",1.35209434623741,0.0743551022133226,24.923983771637,0.0106171504274876,0.56150461022632
"IDS",1.71206028538201,0.0399039628177955,18.1803746733674,0.0167533242054996,0.289920368818106
"IER2",0.678426203660809,0.0144179171542272,23.1119073014226,0.0129013784647761,0.396374685666387
"IER3",0.0949896393621997,0.00172018086258052,34.4644000164393,0.00154833950307109,0.74140821458508
"IER3IP1",5.42865901571942,0.351043059184579,14.2554152321736,0.0237634423400156,0.667749371332775
"IER5",0.421434236672616,0.0329357916690406,31.9472639194433,0.00424348319094821,0.713642078792959
"IFFO1",1.16492121727185,0.281222470818509,24.6671234268599,0.0166470095294946,0.885058675607712
"IFI16",1.6787160345575,0.0407706080132562,19.3512744767206,0.0157265859317678,0.328478625314334
"IFI27",0.0208823164663068,0.00117318818410723,40.2909532999272,0.00450588914146956,0.931265716680637
"IFI27L1",0.744008453650104,0.147033353234422,30.4238287875551,0.00786740630486379,0.853415758591785
"IFI27L2",1.74810854363743,0.0806316184947178,23.4040309745264,0.0118982206102435,0.525356244761106
"IFI35",0.811260547097759,0.0737940278996427,29.6878008471307,0.00668137341618085,0.710603520536463
"IFI44",0.257240525036732,0.0681217258305651,35.6194654590852,0.0014872370978519,0.890611902766136
"IFI6",0.28737272045109,0.00775259313426299,29.1737018412016,0.00696647007698945,0.579631181894384
"IFITM1",0.640709264385866,0.00387763429957752,18.3904398498615,0.0179549587663524,0.223700754400671
"IFITM2",1.02918740533692,0.00766060204052303,15.6988883906638,0.02040828171065,0.146793797150042
"IFITM3",0.312113361424508,0.00193172756148252,23.1252861205346,0.0132255940311213,0.371961441743504
"IFNAR1",2.93885805482679,0.186451827295395,20.5382741888306,0.0151058082771605,0.610645431684828
"IFNAR2",1.6291462874476,0.0834646988755659,23.7912108697062,0.0115581719618722,0.541911148365465
"IFNGR1",0.652008477606624,0.0401305374922981,29.2243215867879,0.0068260399362387,0.638621123218776
"IFNGR2",0.325797333156854,0.0151131172518115,31.6228241924886,0.00449845173719792,0.672359597652976
"IFRD1",0.831029722135663,0.0419108310113697,26.9573925720926,0.00889443786380257,0.569362950544845
"IFRD2",1.75001671413648,0.164325871949133,25.1007572892629,0.0118772274980771,0.714899413243923
"IFT20",3.08550530240184,0.190684200159444,20.3387102824694,0.0153619300214465,0.61127409891031
"IFT22",1.13860467874489,0.271405108599794,25.2127591755595,0.0159572756222397,0.886630343671417
"IFT27",2.78306965617309,0.322672083886191,19.6293178842993,0.0207308530317553,0.790968147527242
"IFT43",1.7742259539503,0.284980224055518,22.9096468025153,0.0175992001659401,0.835603520536463
"IFT52",2.89970275110304,0.322316583015169,19.3800715323992,0.0207954602393595,0.782690695725063
"IFT57",1.52179827485312,0.167351360416373,26.1303915853091,0.011323078343712,0.751571668063705
"IFT74",1.32912757369666,0.387908537311258,20.3970036339063,0.0240844248827312,0.917120704107293
"IGBP1",8.81838476102913,0.272751887955334,9.07587756999532,0.0222126956382476,0.408738474434199
"IGF2R",0.435008936659849,0.0711403309925959,33.4646539005189,0.0034232498220471,0.826487845766974
"IGFBP4",0.103835956712623,0.00426633968685882,35.626913677221,0.000371205900561319,0.783843252305113
"IGFBP7",0.0535417964604482,0.00118131640983323,37.1564298185423,0.00124986725491345,0.828583403185247
"IGHMBP2",4.50259928987685,0.642398973205768,8.09615802388114,0.0439229285694832,0.897841575859179
"IGSF8",1.02016877339336,0.174556004820803,28.2351801131483,0.010218232771882,0.828688181056161
"IK",3.05823474971506,0.105169330494771,17.587534069719,0.016091508821322,0.390088013411567
"IKBIP",1.34866460336211,0.130272704601978,27.177295190808,0.00966847110933905,0.724643755238894
"IKBKB",3.17369589480295,0.287964354390427,19.2069292002184,0.0191791942590822,0.725796311818944
"IKBKG",5.64770107739768,0.392869135714794,13.2149151312893,0.0261217966128148,0.696039396479464
"IKZF5",4.45299678616113,0.543003811668272,11.2378440558613,0.0361435148790378,0.852577535624476
"IL10RB",1.74625483536894,0.209214161748107,24.6598264565777,0.0135493809267091,0.772108130762783
"IL13RA1",0.175623125403651,0.0321874502447929,36.860942123821,0.000454058747232547,0.871227996647108
"IL15",0.0645887186399336,0.0188715705456993,39.3182407588476,0.00313938714269903,0.928960603520536
"IL17RA",1.6569531537395,0.173171916689449,25.2414983498572,0.0120037072956163,0.733340318524728
"IL1RAP",0.296270373688202,0.16917834204425,32.2173581866738,0.00746786977189882,0.945725062866723
"IL27RA",1.04317467552261,0.0752393908893927,27.642034627672,0.00840002051241012,0.648365465213747
"IL32",0.386702478497225,0.00139531456387991,22.2791785696738,0.014119021780272,0.343880972338642
"IL4R",0.923923492471144,0.0640377555479997,27.9553323872278,0.0080445863481455,0.639249790444258
"IL6R",0.364263769470039,0.0605767567700807,34.2779281401005,0.00249580440088,0.835079631181894
"IL6ST",0.588267653804755,0.0364808917879362,29.6382407592549,0.0064318462522318,0.645536462699078
"ILF2",4.75782903163495,0.0837177335075406,12.1335206684015,0.0202475027756159,0.196982397317686
"ILF3",117.571304713318,0.788716629178147,9.60949034443254,0.072486164591462,0.335184409052808
"ILK",3.32694940215093,0.117348689199151,17.5253642698297,0.0161201488495729,0.409262363788768
"ILKAP",6.22372531676221,0.307599033401999,13.2389818075356,0.0221056591075528,0.575649622799665
"ILVBL",0.978918053336848,0.188135221611312,28.2776112593737,0.0107141296934215,0.851529756915339
"IMMP1L",1.99856105364577,0.307682874686887,21.8165293159512,0.019188519496246,0.836336965632858
"IMMP2L",0.879207079448978,0.314278751410492,24.2703707780552,0.0185431089987626,0.924664710813076
"IMMT",4.81371010131159,0.243781160668265,16.0254849547816,0.0188910796209541,0.564228834870075
"IMP3",3.2667436651023,0.110594317187428,17.2241526626722,0.0163242933520557,0.38872590108969
"IMP4",3.49635638153772,0.182747009308179,19.0613392593844,0.0158908505623769,0.560666387259011
"IMPA1",4.86988896711701,0.475414975359091,12.5713855166362,0.0312540146134531,0.795264040234702
"IMPACT",1.19433806527807,0.323461887127474,23.1852835859653,0.019478664780308,0.904442581726739
"IMPAD1",2.04043718930297,0.378055864723281,19.4650031948929,0.0237805597137711,0.871123218776194
"IMPDH1",1.24806809759352,0.168751342675134,27.5655818393732,0.0104926205638916,0.798407376362112
"IMPDH2",1.67095622454734,0.051951384956828,21.9375585210595,0.0133093510667756,0.430008382229673
"INAFM1",0.211472205140121,0.0825017361317054,35.9013301035016,0.00164282331657867,0.923197820620285
"INF2",1.0671006250802,0.182490812358476,28.0186754682752,0.0106629859355262,0.834450963956412
"ING1",1.21559569333751,0.214735137857452,26.5304404030701,0.0127407440660685,0.8389564124057
"ING2",0.890474312864763,0.190029883723921,28.5781120489566,0.0105973430185742,0.863998323554065
"ING3",1.51470308654166,0.186363193146084,25.8502864545692,0.0120736074953468,0.773051131601006
"ING4",2.42537524995645,0.236406502023369,21.8668473126111,0.0159380522749687,0.728520536462699
"ING5",1.74319672854386,0.318463690303075,21.9799108160454,0.0196413837478411,0.858445096395641
"INIP",3.27630322563363,0.273684513792781,19.4705897492893,0.0185538176237389,0.71196563285834
"INO80",2.02184435832322,0.301119025944618,21.8191439993381,0.0188220027193532,0.826487845766974
"INO80C",3.43738551433559,0.345992924092419,17.7520877987005,0.0225139296470703,0.767812238055323
"INO80D",2.40227298643047,0.295368485905713,20.9419379385068,0.0188587185202015,0.790444258172674
"INO80E",4.18353325736612,0.216791056073549,17.3233572501864,0.017540894040421,0.561714165968147
"INPP1",0.933157124913294,0.148447987555276,29.2557785136875,0.00870385811586907,0.81894383906119
"INPP4A",0.495725464684175,0.0768524041854432,32.8417710395054,0.00407554202890677,0.816010058675608
"INPP5F",0.433640388339155,0.0405742769379648,32.450855754364,0.00383918895358192,0.742875104777871
"INPP5K",3.63558282197537,0.277308081098091,18.1153589871614,0.0191086785659284,0.676760268231349
"INPPL1",1.81696099915189,0.488665523956673,15.6753398278316,0.0316198662218603,0.922883487007544
"INSIG1",0.366310578377781,0.00764469768525479,26.899360245747,0.0092709228675956,0.505658005029338
"INSIG2",1.67947464844893,0.200054981167628,25.0394933162008,0.013013188555626,0.769488683989941
"INTS1",1.49026669424772,0.321909120342703,22.4575906293842,0.0196430449547492,0.878981559094719
"INTS10",4.2936884749192,0.264471632015705,17.1055099187597,0.0191212048613451,0.62699077954736
"INTS12",8.88916226879834,0.613144869447993,6.83054273578289,0.0420830908502182,0.788243922883487
"INTS3",3.18436728118979,0.381031523100318,17.3589655355922,0.0245331896866032,0.808256496227997
"INTS4",8.88377061552448,0.726904416912266,4.62170581532347,0.0519209397743808,0.866198658843252
"INTS5",1.69298586590038,0.409851943507829,18.8845863306151,0.0258199850608506,0.902766135792121
"INTS6",1.29866688243504,0.159485048055928,27.1160024775116,0.0104441584277836,0.769698239731769
"INTS7",3.27833423287129,0.51548111956133,13.2221090971241,0.033947932620764,0.879505448449287
"INTS8",2.07354466834711,0.282665339579959,22.04463716422,0.0178135945802997,0.8052179379715
"IP6K1",5.09897713093562,0.351713780644008,14.5021602602259,0.0236271235432029,0.676760268231349
"IP6K2",2.33525977040598,0.128687809521353,21.9450070745063,0.0132185028285787,0.560771165129925
"IPMK",0.786176845985399,0.178337957248014,29.3220195481977,0.00968284582217461,0.868818105616094
"IPO11",0.7490848839342,0.258368153568485,26.8048124143403,0.0145452101696429,0.916492036881811
"IPO13",2.97973659985795,0.461827326879677,15.2335635162941,0.0299395598210547,0.863683989941324
"IPO5",1.62645168375378,0.117774913850568,25.5954137203472,0.0105634539934995,0.655176026823135
"IPO7",3.09173990072038,0.166553128497603,20.0737075544051,0.0149931666459419,0.565381391450126
"IPO8",3.77469121902756,0.546402296657529,11.6850772531637,0.0363065943415953,0.875
"IPO9",2.70067216683921,0.342161083451791,19.2779645795469,0.0218414810043422,0.809723386420788
"IQCB1",3.39132105433249,0.383873517138947,16.8484917692079,0.024789197467929,0.79662615255658
"IQCE",0.804357467014227,0.347453953637669,23.0925478671824,0.0208351549617609,0.939857502095557
"IQCG",0.176435822297972,0.0452075305806436,36.9310211579074,0.000249436596458319,0.895117351215423
"IQGAP1",3.11634134715479,0.0752709718416112,15.9747930489374,0.0176771701792725,0.290549036043588
"IQGAP2",0.684267108422545,0.0341860002952048,28.0122604822842,0.00795368758425181,0.589480301760268
"IQSEC1",0.882945087377606,0.313380494531329,24.2883561690635,0.0184847959242303,0.923826487845767
"IRAK1",1.1273781125792,0.242576459446848,26.1123294730495,0.0141579170050407,0.869656328583403
"IRAK4",3.7829605074623,0.314389964643118,17.5689860528658,0.0209825627554859,0.715213746856664
"IREB2",3.34211536606731,0.294906872968134,18.7926165754558,0.019663118213881,0.723491198658843
"IRF1",0.985484491364053,0.0237796805876194,21.5472729249779,0.0141596962354607,0.36441743503772
"IRF2",1.49471986140634,0.0705991868056976,23.8247439337625,0.0115302327504705,0.520850796311819
"IRF2BP2",1.01202474249252,0.0570469108998724,26.620830320208,0.00917348226473997,0.585079631181894
"IRF2BPL",0.397807267752587,0.101491796818112,33.617141105923,0.00406574269252936,0.881077116512992
"IRF3",2.68965475590538,0.187967366863085,21.2264979102346,0.0147356156979739,0.633801341156748
"IRF7",0.375784193289675,0.00794569866426192,25.5277482855913,0.010634919277582,0.461546521374686
"IRS2",0.319370913589262,0.0660381671097382,34.8486951056167,0.00211040223168176,0.86242665549036
"ISCA1",2.37663593671372,0.116939980509508,21.0877572859674,0.0136723263641575,0.515192791282481
"ISCA2",3.25239498618899,0.317786547843802,18.670148581624,0.020794355913601,0.753981559094719
"ISCU",2.56492449767678,0.0349619505405968,13.2121584698879,0.0211973536051716,0.130343671416597
"ISG15",0.472144826396181,0.00901831807244275,24.1998484861924,0.0119500454229079,0.420787929589271
"ISG20",0.779105258197925,0.010358482160763,19.8473145622221,0.0162299051357199,0.283948030176027
"ISG20L2",3.50835929661643,0.247281060153937,19.0017917401967,0.0177000054660291,0.658005029337804
"ISOC1",1.11024481774548,0.0956258495649043,27.7424950536971,0.00855088212730803,0.685561609388097
"ISOC2",1.09273397012498,0.130273743116855,28.7965035071626,0.00853841910689683,0.775251466890193
"IST1",8.89630986759737,0.32614007076159,8.82536437341968,0.0238453321535721,0.475062866722548
"ISY1",2.03541545903442,0.381277551175822,19.3563152195814,0.0239959574654574,0.872694886839899
"ISYNA1",0.188715242230938,0.0446871121750309,36.7567325624062,9.71255990009912e-05,0.888621123218776
"ITCH",2.01314813060983,0.172605828588631,23.644121897073,0.0129359945716657,0.683256496227997
"ITFG1",3.48711291391218,0.240867033689714,18.9360894201403,0.0174712815852405,0.646374685666387
"ITFG2",2.13480235593241,0.275931006985539,22.0311238174879,0.0175085266139286,0.794425817267393
"ITGA1",0.106386246695879,0.019730584119348,38.0298181821477,0.00183890047960832,0.888411567476949
"ITGA6",0.069935211371292,0.0236245378553883,39.2176533822851,0.00293263243962294,0.933570829840738
"ITGAE",1.27643157426741,0.0427698594874249,22.6892194219881,0.0127356817294714,0.436085498742666
"ITGAV",0.369022043413841,0.0461690327997186,33.8900436947909,0.00258663549933161,0.79861693210394
"ITGB1",1.15400238429346,0.0186368144238408,18.8101536999651,0.0169144092544689,0.268231349538977
"ITGB1BP1",2.52509731455562,0.10035254154629,20.5480574547043,0.0140854602686889,0.471605196982397
"ITGB2",0.674798620408351,0.0183086850138538,25.1018920913502,0.0108894226313964,0.467728415758592
"ITGB3BP",1.09611758758975,0.188210567688001,27.8677514782415,0.010983428048691,0.838746856663873
"ITM2A",0.434790322723337,0.00715810330424103,25.1391764583115,0.0110594930849738,0.447820620284996
"ITM2B",2.22448729398306,0.0181059972666095,12.2760754612155,0.0229239922841188,0.0673721709974853
"ITM2C",0.23889061300476,0.00697033823610013,30.8494572918589,0.00527372843324973,0.632753562447611
"ITPA",5.265186957453,0.273221108291848,15.3370270427655,0.0201932059198053,0.587384744341995
"ITPK1",1.46362408225383,0.290208434280258,23.6159737874819,0.0175662324270642,0.865884325230511
"ITPR1",0.370230372705684,0.0248310836447103,31.7955071108858,0.0043398358805751,0.6947820620285
"ITPR2",1.04251695846266,0.137469763559541,28.5918952962783,0.00881898705197881,0.780490360435876
"ITPRIPL2",0.225069472115196,0.0990491371552474,35.2667841681442,0.00267358544206238,0.929798826487846
"ITSN1",0.340005359589811,0.202779613198446,30.6317349000471,0.00989948944548308,0.949182732606873
"ITSN2",2.08936259012239,0.0766824266221173,20.3249414450058,0.0142910030810613,0.423302598491199
"IVD",0.67136264482519,0.145278408387827,30.7443102787192,0.00756790131502716,0.860750209555742
"IVNS1ABP",0.938662843555235,0.04291061219846,25.8494266253735,0.00989395007932852,0.535938809723386
"IWS1",2.72146938535967,0.208989175700882,21.2582968938891,0.0153301261599339,0.667539815590947
"JADE1",0.910878636813896,0.153711595513174,29.2301414251411,0.00887948152935895,0.826592623637888
"JADE2",1.01605807183134,0.148440269402965,28.5834415849234,0.00913068428910063,0.797883487007544
"JAG1",0.0968690011118244,0.0212657552595801,38.427366170149,0.00220176689049112,0.903918692372171
"JAGN1",5.79428510549348,0.28858343024882,14.0344509086852,0.0211267164342547,0.571668063704945
"JAK1",2.05264502541979,0.022222293950666,13.2290539371724,0.0218550395782474,0.103520536462699
"JARID2",0.989861521432871,0.0867145565815127,28.5420130825351,0.00779862307655165,0.69593461860855
"JAZF1",0.922640593724641,0.0978169982437555,29.3257262668602,0.00736179780460328,0.738998323554065
"JKAMP",6.7311589434631,0.408711670483188,11.5463720864351,0.0273099743802941,0.666911148365465
"JMJD1C",2.00604681129666,0.0710184960709729,20.48629243664,0.0142274510234996,0.418378038558257
"JMJD4",1.63891117338406,0.424339980340841,18.4461010665035,0.0268426469165675,0.911462699077955
"JMJD6",2.00939118776813,0.0899618401943927,21.7923004788927,0.0131019494145726,0.491303436714166
"JMJD8",2.03052415801422,0.417871553753026,18.1258594522605,0.026544386370504,0.890192791282481
"JMY",0.653677656718822,0.110427625649524,31.3624216060364,0.00606739137617646,0.823973176865046
"JOSD1",1.55983724176176,0.101194969822672,25.0018508309564,0.0107300558997486,0.609283319362951
"JOSD2",2.93217528967195,0.20648484634609,21.0645632993566,0.015446825191928,0.657690695725063
"JPX",2.41527217153667,0.255601981934177,21.6980373183476,0.0167872416303657,0.752829002514669
"JTB",4.95294594613607,0.0742928520813202,10.3865299561817,0.021675485041177,0.129610226320201
"JUN",0.411840149227304,0.00276052456508951,21.150443738101,0.0152132434438293,0.309723386420788
"JUNB",0.651595646717601,0.00486413160510624,17.6549862276983,0.0186399671213299,0.201697401508801
"JUND",0.966279212408392,0.0493899322159022,26.1069076669735,0.00962438969298737,0.555427493713328
"KANSL1",3.42204784905445,0.227890249270206,18.8800889877777,0.0170198585439118,0.625
"KANSL1-AS1",0.951748259188919,0.23735626738232,26.8734989585957,0.0135311029978571,0.885373009220453
"KANSL2",4.76712942545655,0.41395537465433,14.0247793963964,0.0271396811657772,0.75199077954736
"KANSL3",2.45786550638297,0.427500619675837,17.0463666809417,0.0273552550109365,0.870180217937972
"KARS",7.36888876963593,0.446961944531366,10.7280850535416,0.0298939238169041,0.692581726739313
"KAT2A",2.80779264699158,0.483591703792186,14.7586172049129,0.031488328335488,0.882020117351215
"KAT5",4.44623431456112,0.405247409568487,14.7226876435193,0.0265154563252513,0.761106454316848
"KAT6A",1.96168000390975,0.162271685403241,23.8657659945917,0.0125467855474092,0.67361693210394
"KAT6B",1.04021465333982,0.108543246524139,28.4499219837053,0.00822835174426041,0.729044425817267
"KAT7",4.79470760001162,0.430996116480479,13.692918640394,0.0282545014843275,0.766135792120704
"KAT8",4.07312339677478,0.377642139032932,16.0176489482301,0.0247085198238102,0.760687342833194
"KATNA1",3.09581147688433,0.348686827104318,18.3407049332557,0.0224791651894925,0.790234702430847
"KATNAL1",1.58147310835356,0.341705297825051,21.6489087125279,0.0210354286035094,0.884115674769489
"KATNB1",1.50891925431118,0.296729262059396,23.3278065033839,0.0180239399655313,0.866932103939648
"KATNBL1",5.73350968833659,0.326620292066373,14.1236862729016,0.0227021138188285,0.628667225481978
"KBTBD2",2.39770026326058,0.326797820489138,20.2811958524048,0.0206914290099192,0.81779128248114
"KBTBD3",1.96794205326121,0.454906004985818,16.7586865791011,0.0291579877606793,0.904547359597653
"KBTBD4",2.82402608889369,0.292632107046545,19.9820782462332,0.0191007435784441,0.756601005867561
"KBTBD7",0.627853768815442,0.22257293669303,28.595807556034,0.0119443327038649,0.916282481139983
"KCMF1",4.80324723538055,0.473411755303208,12.9384532633524,0.0312040067796814,0.803122380553227
"KCNAB2",1.0206460670792,0.0684070981081839,27.8095077525375,0.00822609134633586,0.642183570829841
"KCNQ1OT1",0.152149101685023,0.0438885397990159,37.3806813120825,0.000698439878040052,0.907481139983236
"KCTD10",4.76777985821938,0.514145344077294,11.8525025581415,0.0340814971546549,0.82837384744342
"KCTD13",6.0799291278809,0.524658976241712,10.3949039156047,0.0349916528240619,0.793063704945515
"KCTD18",2.96337289968131,0.484069554571768,14.5494962879105,0.0315504368962253,0.875628667225482
"KCTD20",2.15100050745221,0.130066329483671,22.9548487648364,0.0125687956626119,0.593880972338642
"KCTD5",1.70616046887042,0.214347301035289,24.7389716157637,0.0136992761583308,0.782585917854149
"KCTD6",2.76210636625517,0.447906548914927,16.0164948880608,0.0289082061940897,0.867770326906957
"KCTD9",0.892465118772812,0.217004174186282,27.7876441165616,0.0121564353720002,0.881915339480302
"KDELC2",0.331737995489683,0.159941743965468,32.3839431966571,0.00698736577881565,0.936190276613579
"KDELR1",2.1649173251203,0.0577691261649795,18.7198721267251,0.0158796909875542,0.34094719195306
"KDELR2",2.11347442640503,0.0502338558086694,17.4958163383078,0.0170482047648594,0.288977367979883
"KDM1A",1.51753976505725,0.320009434870329,22.4838911433228,0.0195411030912157,0.876781223805532
"KDM2A",2.47743101707616,0.161574130223844,21.8157226002256,0.0137972721384177,0.609911986588432
"KDM2B",0.880261922160812,0.060217170947238,27.9901329918941,0.00798582341856761,0.633801341156748
"KDM3A",1.43615412948296,0.214580385739293,25.6228598824532,0.013212649375205,0.810456831517184
"KDM3B",2.78420382916722,0.460832355679204,15.548912168125,0.0298321986990805,0.872590108968986
"KDM4B",0.367509984049058,0.0610586783426835,34.1192964093624,0.00263922119788298,0.830783738474434
"KDM4C",2.17999567055419,0.304006327203189,21.2592361615229,0.0191495487913042,0.813600167644593
"KDM5A",3.07837345943006,0.125947392803184,18.7172454605338,0.0153349413432862,0.458927074601844
"KDM5B",0.789092693071264,0.051521945846905,28.5890222874372,0.00743516698611656,0.637992455993294
"KDM5C",2.1763331837762,0.269740546643773,22.121685259665,0.0172109926196127,0.787615255658005
"KDM6B",0.561480951902461,0.0308753787434548,29.3964530206147,0.0066573242590626,0.628038558256496
"KDM7A",1.05505284576835,0.133680006001997,28.6468961034008,0.00869143223100029,0.776089689857502
"KDSR",1.5741986771033,0.0947694529816679,25.0594105443012,0.0106590210549709,0.600481978206203
"KEAP1",2.73784680205519,0.157442304272162,21.2305069598485,0.0141420465752933,0.585708298407376
"KHDRBS1",6.08176053964965,0.151013421370932,12.176430405884,0.0193872568806598,0.312761944677284
"KHNYN",2.37467776982534,0.408439479093086,17.8236600618025,0.0260037747151858,0.865674769488684
"KHSRP",2.83756836483595,0.317501716233542,19.7220213232794,0.0204701520985493,0.785834031852473
"KIAA0040",0.310294223459485,0.0450064564082366,34.6792654048071,0.0018352172205592,0.8220871751886
"KIAA0100",2.53054016273721,0.283245239620098,20.8808228826209,0.0183227018578481,0.77001257334451
"KIAA0232",1.81188950906468,0.272455121228209,23.0761963547669,0.0169211862468504,0.821458507963118
"KIAA0319L",0.307397296608862,0.0141749856926363,31.1946840472459,0.00491173930063304,0.65674769488684
"KIAA0355",0.898120903593941,0.229311057166545,27.2861308662771,0.0129454118090682,0.885687342833194
"KIAA0930",0.322208289077642,0.121239177460349,33.7700480116226,0.00457375763252375,0.917958927074602
"KIAA1109",1.38212035399842,0.141147142333509,26.5794682329607,0.0102819584345224,0.723595976529757
"KIAA1143",4.68413811053506,0.399551578881322,14.5934572078307,0.0262581254351192,0.748323554065381
"KIAA1191",2.66157025991125,0.190282584015681,21.1826432278998,0.0147934305028256,0.636106454316848
"KIAA1586",2.50575473214024,0.373350746669046,18.6904602830077,0.0237017528597029,0.839165968147527
"KIAA2013",1.375835953898,0.409490556873182,19.4134082609648,0.0256512590307252,0.919740150880134
"KIAA2026",1.71613151775231,0.277754284946969,23.2019045042705,0.0171131262947716,0.833612740989103
"KIDINS220",2.09139902647132,0.265601197821791,22.4847334818217,0.0168801138805002,0.792435037720034
"KIF13B",0.99696418044311,0.20127242144834,27.687022404961,0.0115397798164065,0.853939647946354
"KIF16B",0.290853865747958,0.166349043494587,32.3702565396082,0.00725276663167385,0.946039396479464
"KIF1B",0.572905518099088,0.120580199951665,31.9641435377585,0.00591406355741071,0.859492875104778
"KIF1C",1.40328690728401,0.410065428526822,19.3730562459209,0.025710533625724,0.919216261525566
"KIF20B",0.462030026511265,0.0544299872858228,32.9702309520787,0.00355692878874191,0.78290025146689
"KIF21A",0.633242197789064,0.0874977523636074,31.6759688439757,0.00527870328537048,0.796416596814753
"KIF22",0.564941746470677,0.0414113544180969,30.8846055347535,0.00531183140657783,0.694048616932104
"KIF2A",1.40940677269507,0.0657430232942467,23.9590172925838,0.0114264750015377,0.516554903604359
"KIF3B",1.04045105876317,0.169811932713199,28.2289041628297,0.0100586548812484,0.82093461860855
"KIF5B",4.547499662205,0.112819361619082,13.7626499112371,0.0186185611017655,0.292749371332775
"KIF9",1.0299304945755,0.27371819355057,25.4033101166937,0.0159684992067946,0.896374685666387
"KIFAP3",2.17363393961052,0.275354993376868,22.0189559738529,0.017509199171496,0.793063704945515
"KIFC3",0.16902271677452,0.0885746576679438,36.1643190871606,0.00160703824401129,0.941533948030176
"KIN",2.98114748384471,0.321825080230518,19.0569327302204,0.0208273081832849,0.772212908633697
"KIZ",1.15391884891965,0.263841827859645,25.2959167442097,0.0155229583177125,0.877514668901928
"KLC1",3.02630771843874,0.323855368425801,18.928159910509,0.0209746366849213,0.771269907795474
"KLC2",2.58364414436158,0.410398932259066,17.450099070976,0.0262244662587785,0.856454316848282
"KLC4",1.30257123969178,0.475714045993363,16.8037795765761,0.0305080125287793,0.94080050293378
"KLF10",0.274246574286798,0.0184537658369144,33.23514719324,0.00290165275819131,0.730406538139145
"KLF13",1.11038566461256,0.131115022727995,28.2807250640583,0.00887822839134543,0.760477787091366
"KLF2",0.155299425495789,0.0234909099471315,36.9054629536227,0.000658273696596531,0.8581307627829
"KLF3",0.420682598887484,0.0479440318965127,33.2077377723542,0.00323978230199323,0.779652137468567
"KLF4",0.0843154780645646,0.0124631520344193,38.3804153760487,0.00232398537205675,0.887678122380553
"KLF6",1.08740344700757,0.0111588184980999,16.5117679694844,0.0194341073685312,0.180008382229673
"KLF7",0.181446128784526,0.0506059297337697,36.8528181890756,4.99378491511243e-05,0.901508801341157
"KLF9",0.276246421632537,0.0850421553969654,35.1282440259297,0.00236367701303712,0.902556580050293
"KLHDC10",1.60408173944286,0.399524495347258,19.4582698433053,0.0250513124196512,0.904966471081308
"KLHDC2",2.83193250828384,0.209881189282788,20.7307229032702,0.0155935899283095,0.652975691533948
"KLHDC3",3.88342401182496,0.213985119078626,18.1691036183331,0.0170792257597613,0.582460184409053
"KLHDC4",1.53554392737994,0.266672432533251,24.0145916689363,0.0162340948829422,0.841785414920369
"KLHL12",3.63858894243691,0.463530059654092,14.4253951108712,0.0302331497627642,0.838746856663873
"KLHL18",2.88866390896155,0.372398802142354,18.0909682981084,0.0238410868802539,0.818419949706622
"KLHL2",0.705768588249885,0.180687548292629,29.6083116928437,0.00958704457709988,0.881601005867561
"KLHL20",2.00841111557684,0.335929666261745,20.7615907550138,0.0209721581343878,0.847233864207879
"KLHL21",0.580680063176573,0.0948260302373584,32.1120915028367,0.00509013610529897,0.822296730930428
"KLHL22",1.00635766422672,0.288632510183489,24.8921362906146,0.0169314049307647,0.903813914501257
"KLHL24",1.1691060571333,0.0974249649562317,27.2438179314023,0.00895406574607308,0.672883487007544
"KLHL28",1.64056659283694,0.151331990685926,25.260336101042,0.0113967095859003,0.69907795473596
"KLHL36",1.31431991298162,0.270184721136992,24.5504784536405,0.0161522618006549,0.864103101424979
"KLHL42",0.894062308504263,0.175812063058293,28.897353338407,0.00986129725091742,0.851424979044426
"KLHL5",0.990815028666968,0.202141900574994,27.846759290167,0.011511981495685,0.860226320201174
"KLHL7",2.73152989154682,0.336509932843981,19.3694639774661,0.0215176353403819,0.803960603520536
"KLHL8",1.10156918843052,0.362920931440364,21.7976494116309,0.0221611735240323,0.92277870913663
"KLHL9",1.37876355689996,0.258581544696824,24.7614499093098,0.0155278815421531,0.852472757753562
"KMT2A",1.74946473419879,0.0788096048438829,22.6820736775608,0.0124325260295839,0.499580888516345
"KMT2B",1.91552872956188,0.363007120642475,20.1141035861556,0.0226854544103273,0.86871332774518
"KMT2C",2.49927598402384,0.151296968908309,21.7249587763912,0.0136823185122154,0.590737636211232
"KMT2D",2.27418984153624,0.363983723921019,19.3849672660225,0.0229609282879505,0.846919530595138
"KMT2E",2.86846168209412,0.0479040960959594,13.6620679942858,0.0202590259553719,0.169740150880134
"KMT2E-AS1",1.30547628544918,0.405149287568939,19.7120541756767,0.0253059478879893,0.922569153394803
"KMT5A",1.22702314941462,0.341184083906993,22.45665330832,0.0207268824567461,0.909157585917854
"KMT5B",2.04550182481319,0.274821381254971,22.3305947295536,0.017339900067486,0.801969823973177
"KMT5C",1.50544071047985,0.388642162630732,20.0367276279625,0.0242291588389966,0.906538139145013
"KNOP1",1.17352194860659,0.239634563250555,26.0393695830486,0.0140625896128842,0.862740989103101
"KNSTRN",0.299172918898791,0.099246185540976,34.6313197353064,0.00319612589912402,0.909786253143336
"KPNA1",3.74859082926369,0.228094897510667,17.9999756303348,0.0174321030502407,0.599015088013412
"KPNA2",0.96911524107156,0.0345657141742002,24.5850698946696,0.0111354388877461,0.481035205364627
"KPNA3",4.86939415005624,0.304995463189611,15.7732789433584,0.0212322234499238,0.646793797150042
"KPNA4",4.40618030009022,0.27132081189221,16.8273847396634,0.0194810073535233,0.628876781223806
"KPNA6",4.57183144433774,0.326637561842496,15.8327861961655,0.0220877199726989,0.680532271584241
"KPNB1",4.39182947224247,0.0995032493996817,14.1377637124535,0.018598452867392,0.281642917015926
"KRAS",2.29850245005623,0.0834253273884638,20.2236340622083,0.0143493408185851,0.432418273260687
"KRBOX4",5.42804837385274,0.613748650011776,8.50831846066592,0.0417305519309766,0.863055322715842
"KRCC1",2.16898768331874,0.117497549324486,22.5221629205618,0.0127197439733573,0.560037720033529
"KRI1",1.70694361938522,0.260072496409629,23.75259346115,0.0160713167962648,0.823239731768651
"KRIT1",3.48564120487187,0.321573221150858,17.977981340469,0.0211623272338499,0.738579212070411
"KRR1",3.75302822301658,0.202289303903543,18.1334434480543,0.0167406872260747,0.563390611902766
"KRT10",3.36103037389416,0.0695423226588766,14.4879975598621,0.0189171261577053,0.23627409891031
"KRT18",0.0453197025022332,0.0148405869685035,39.9537903912787,0.00386591522127067,0.943000838222967
"KRT8",0.0266939202550637,0.00579062079972846,40.5388957287256,0.00466311092838345,0.9470871751886
"KRTCAP2",4.85575837072852,0.0829296700226403,11.4135376788383,0.0207295298889964,0.174455155071249
"KTI12",2.41733236787014,0.378329918016783,18.6769789122969,0.0239817100654133,0.846500419111484
"KTN1",1.6500724693508,0.0296955337024796,16.6420215938277,0.018465876217389,0.222338642078793
"KXD1",4.61697643431402,0.188298066773371,16.5827717913147,0.0174143773892709,0.496542330259849
"L3HYPDH",0.809778087937703,0.345255473516846,23.1479890357066,0.0206807370782106,0.938181056160939
"L3MBTL2",2.38948956996758,0.37660555503754,18.7979445813951,0.0238557065472621,0.847652975691534
"LACTB",0.645831717783609,0.0932750180998872,31.6082100077987,0.00546303529961958,0.803751047778709
"LACTB2",1.31071492300739,0.272660651608248,24.5359079468956,0.0162911033484405,0.867455993294216
"LAGE3",2.35355659971863,0.0984366224079788,21.0333685432627,0.0137112693198969,0.482921207041073
"LAMC1",0.0756744405321489,0.0267378729406258,39.0784965086724,0.00272357765479181,0.93419949706622
"LAMP1",1.75529115670666,0.0756508369030748,22.0953793363688,0.0128905887202345,0.475796311818944
"LAMP2",1.55200747774904,0.120808378896183,25.7886583182827,0.0104464874381001,0.666072925398156
"LAMTOR1",117.686969929004,0.787219328636774,9.12851998178037,0.0717079116069319,0.329002514668902
"LAMTOR2",6.75934731929704,0.231917501635644,12.1659721489847,0.0202000273778725,0.435875943000838
"LAMTOR3",2.95179192765395,0.147053776690432,20.1050232386712,0.0146575093702039,0.535100586756077
"LAMTOR4",117.903213720128,0.781798195688752,8.77857495152161,0.0711756505331863,0.325020955574183
"LAMTOR5",7.93506620834904,0.162051946319264,8.13702497340337,0.0212261451048945,0.219823973176865
"LANCL1",3.1463622832794,0.449673223310324,15.4219674192816,0.0291275229232497,0.850796311818944
"LAP3",0.86332894294692,0.0300911467220781,24.9542148687737,0.0108476385072758,0.484597652975692
"LAPTM4A",1.23768948569017,0.0195941008396597,17.7044026497016,0.0179111155622325,0.235016764459346
"LAPTM4B",0.247410449249435,0.0952265803973806,35.1827081068989,0.00262269537672274,0.920892707460184
"LAPTM5",1.12171857331966,0.00683595874961543,16.0307863004144,0.0201253268098366,0.156852472757754
"LARP1",2.36224951847434,0.222276745586533,22.4578482254146,0.0151843706611244,0.724643755238894
"LARP1B",1.37923293255548,0.362543806593373,21.2830454512541,0.0223218680959814,0.905385582564962
"LARP4",1.8350260317877,0.1133242494229,24.047828345044,0.0115861344553179,0.599958088851634
"LARP4B",5.57562837806133,0.527468719586426,10.7932124770184,0.0351624786589531,0.811190276613579
"LARP7",2.36601125553068,0.163990384465846,22.7308042306002,0.0133597105978645,0.641659681475272
"LARS",2.04519792311323,0.151500369142548,23.7401484144088,0.0124254325691305,0.652556580050293
"LAS1L",3.01181359543382,0.435056488955683,16.1321531159454,0.0280924214225265,0.851215423302598
"LASP1",3.19899470672209,0.127734826219669,18.5350804985426,0.0154822428496424,0.456621961441743
"LATS1",3.46942458898986,0.382294397586044,16.7107164533383,0.0247150389249948,0.790025146689019
"LATS2",0.279471799910419,0.115363910610108,34.2981901953279,0.00397368805197304,0.925293378038558
"LBR",1.38993598693414,0.0760240340020077,25.1827080390991,0.0104377474920249,0.572611064543168
"LCMT1",8.94983113314833,0.465272863123033,8.82851697028164,0.0312180508246032,0.657481139983236
"LCOR",3.40938392179709,0.39662392711659,16.4750221909263,0.0256079115962446,0.80406538139145
"LCORL",1.15373492198822,0.251022773142689,25.717652473713,0.0147261761785022,0.870599329421626
"LCP1",1.14819992274738,0.0120951275690935,17.8031659980321,0.0181512974505176,0.223910310142498
"LCP2",0.597472180428309,0.0331372140896391,29.1362624329889,0.00690158659218816,0.623637887678122
"LDAH",1.59557103332974,0.337590607056537,21.7344673789202,0.0207700060924504,0.88044844928751
"LDHA",1.66909465265746,0.00727581267846675,12.3674764844379,0.0235723111504734,0.0449497066219614
"LDHB",2.5268141485414,0.0249712732138636,13.1283784399588,0.0217685544013536,0.109597652975692
"LDLRAD4",0.669563761310185,0.025196990203705,26.3515832768896,0.00957739014277327,0.520222129086337
"LDLRAP1",0.762063358819978,0.27458985397368,26.1552431806091,0.0156592793933389,0.92162615255658
"LEMD2",2.49137488331969,0.453214205208594,16.1719803472543,0.0292026761147513,0.881601005867561
"LEMD3",2.88384094913633,0.303920041421822,19.598836385417,0.0197588291665616,0.761944677284158
"LENG1",3.5127315526052,0.433854736970013,15.335397463944,0.0281145917066189,0.823763621123219
"LENG8",2.03464751228355,0.17664032772705,23.6853972045906,0.0130391476341771,0.690905280804694
"LEO1",3.60899642200376,0.361164895181494,17.0824620875537,0.0234994164876562,0.769698239731769
"LEPROT",0.660027921563105,0.0666162809464654,30.9460471911775,0.0055130823783132,0.738579212070411
"LEPROTL1",0.721652221502592,0.0118931049620916,21.280866329287,0.0147673992746036,0.332774518021794
"LETM1",2.97180733056018,0.32638164076843,19.0377452133148,0.0210813743222515,0.778394803017603
"LETMD1",3.62471360183365,0.282328937538022,18.5391245582685,0.0192781354259594,0.696668063704945
"LGALS1",0.578009617345602,0.00210673595623335,18.8512430384705,0.0175771822847186,0.234911986588433
"LGALS3",0.76986339585606,0.00833168086967472,19.5591081045196,0.0165972038838405,0.270850796311819
"LGALS3BP",0.116424524583195,0.0201105267764365,37.8075317156111,0.00160947226438922,0.881810561609388
"LGALS8",1.11976796577717,0.0750050957190873,27.0318269100208,0.00890497941728145,0.628772003352892
"LGALS9",0.392197534913799,0.0447348839698413,33.5023839947948,0.00292357510978129,0.7837384744342
"LGMN",0.225218318015594,0.0114669620063121,33.0626875671168,0.0030358106436982,0.712699077954736
"LHPP",1.82426548044714,0.360718553965738,20.4948163344979,0.0224843058731497,0.87699077954736
"LIAS",4.59621221807966,0.664209569354041,7.40784238740512,0.0457699745460728,0.906642917015926
"LIG1",0.426399811927731,0.0853007724230244,33.7691317610516,0.00351513833714887,0.859492875104778
"LIMA1",0.578935158969487,0.0314154944081967,29.4243760908766,0.00663784250624436,0.629924559932942
"LIMD1",0.936438258304924,0.220688087745093,27.4407127726098,0.0124921130627511,0.876886001676446
"LIMD2",1.16922762329404,0.0153900873830276,17.9637095785909,0.0178498291106856,0.235226320201174
"LIMK1",0.40630962948886,0.184601757528125,31.012570638344,0.008876443703517,0.93220871751886
"LIMK2",1.01922262000372,0.250166705536438,26.2489473290086,0.0144403092938584,0.885896898575021
"LIMS1",0.979029937602466,0.033223176223839,24.4770050082436,0.0112594954326457,0.475272422464376
"LIN7C",3.17160849989954,0.386730833385177,17.1701106146945,0.0248836193875431,0.811085498742666
"LINC00665",0.254084701538982,0.0943243769526069,35.1335860686625,0.00263409085849128,0.917854149203688
"LINC00667",2.92165835047158,0.348210198400159,18.6337695823116,0.0223449142434574,0.798826487845767
"LINC00909",1.22547606185771,0.249611751227588,25.5142309023022,0.0147582992108239,0.862007544006706
"LINC01006",0.709480716955944,0.263692062517532,26.7608649555658,0.0148351807766867,0.923512154233026
"LINC01089",0.937237534039237,0.192026675339872,28.2014554243308,0.0108797178129235,0.855406538139145
"LINC01184",1.56538926528299,0.342195759581898,21.6923418024621,0.0210567987552824,0.886211232187762
"LINS1",2.97275630649068,0.360072418511507,18.1508990555846,0.0230960379165004,0.801865046102263
"LIPA",0.518135588411562,0.094575199515098,32.5861617753095,0.00469659196797999,0.83696563285834
"LITAF",0.98162523168357,0.00981872200029986,17.3971025688856,0.0186467222407876,0.205259849119866
"LIX1L",2.16634531498018,0.231772290480498,22.8887167397852,0.0153029461706492,0.752619446772842
"LLGL2",0.468619609560971,0.230384220452469,28.9174733788007,0.0121268277278632,0.938914501257334
"LLPH",8.49805278240604,0.60506463454861,7.21804464915637,0.0414317111910753,0.791701592623638
"LMAN1",1.27432263827605,0.047133254874995,23.086032983472,0.0123174695883177,0.456307627829003
"LMAN2",4.48217530547122,0.103472778965887,13.1490613197884,0.0191131077479857,0.25859178541492
"LMAN2L",1.30536305896385,0.295783199659588,23.8008935414494,0.0177524418385924,0.880553227158424
"LMBR1",2.5329617081243,0.255194389773432,21.2823665941611,0.0169332279176804,0.739522212908634
"LMBR1L",1.93314179689272,0.192977833684975,24.0165992884813,0.0133292790843177,0.726844090528081
"LMBRD1",1.72062560989724,0.0953712716418741,23.4263349583863,0.0118478881215723,0.550607711651299
"LMBRD2",1.78123407210636,0.409210257097087,18.7778965630124,0.0258153220840187,0.898155909471919
"LMCD1",0.154864183250584,0.0210126095670675,36.7240802386281,0.000521469054288876,0.848072087175189
"LMF2",2.63457921952546,0.179710093909346,21.671906898228,0.0143286662112132,0.634325230511316
"LMNA",0.403849571609842,0.00406828781013283,23.6303419029392,0.012657896307178,0.392917015926236
"LMNB2",0.962213433133281,0.227962252844862,27.1869049314605,0.0129597602487051,0.880343671416597
"LMO4",0.326506740092295,0.0172556386887337,31.9345884795702,0.00418959469490825,0.686190276613579
"LMO7",0.121273423309424,0.0538181506818758,37.7464324721461,0.000786961082640772,0.935666387259011
"LNPEP",1.73651778104237,0.123105544259839,24.417153980018,0.0114115854531013,0.627305113160101
"LONP1",1.46762660183575,0.33222973325331,22.2017800185689,0.0203092670195044,0.886944677284158
"LONP2",2.65279761598063,0.243760632997726,21.1796546321013,0.0165529329638302,0.718776194467728
"LPAR6",0.16736732359782,0.045483983502755,37.078900310733,0.000381067655956677,0.900356244761106
"LPCAT1",0.695308017546844,0.0872391619990004,30.9800171252285,0.00582993130195995,0.773889354568315
"LPCAT3",4.37276650153587,0.392488192283263,15.1397681603342,0.0257084760304716,0.755343671416597
"LPCAT4",0.916418549502775,0.12779727735703,29.590488037692,0.00786816787331617,0.796207041072925
"LPGAT1",1.17979675214866,0.193011186494095,27.1890685646906,0.0115274741793219,0.82523051131601
"LPIN1",0.771590025933269,0.0760634194926188,30.0248126421563,0.0064232976001642,0.725062866722548
"LPIN2",1.16387264764058,0.115487912825832,27.7998590952053,0.0088614803053173,0.720033528918692
"LPP",0.690287725328621,0.0806318875232952,31.0002811854341,0.00569334850645369,0.763621123218776
"LPXN",1.08192114383165,0.0144252036785289,18.2376728745239,0.0176281411250021,0.241617770326907
"LRBA",1.62418870586955,0.13646642297765,25.367300757393,0.0110098046037694,0.678436714165968
"LRCH1",1.31688954293859,0.183671224533204,26.6844405439496,0.0114785141310299,0.794740150880134
"LRCH3",1.99019272076298,0.237884003487639,23.2660576036741,0.0153382644387247,0.773784576697402
"LRIF1",0.692980033816779,0.0452454012290249,29.2624211230968,0.00680849872333137,0.648679798826488
"LRP1",0.0689489524592072,0.0236685673034071,39.2604628256629,0.00297341595157327,0.935037720033529
"LRP10",2.67608871273533,0.116757598231751,19.9811928034825,0.0144561293035709,0.481559094719195
"LRPAP1",2.67162273930881,0.104762409868174,19.0915942726297,0.0150358335127506,0.434304274937133
"LRPPRC",2.69469608326452,0.213317544238074,21.3376301783936,0.0154255830717299,0.676655490360436
"LRR1",0.765321683261927,0.117290115389303,30.8487149417456,0.0066770905574613,0.818839061190277
"LRRC14",1.63393064167171,0.372290426962207,20.3836189638317,0.0231538470458498,0.8918692372171
"LRRC23",2.39009156407324,0.438921815770959,16.8560394091461,0.0281664676585648,0.881496227996647
"LRRC28",0.690564747244627,0.15491901299234,30.4201515670526,0.00811932428722854,0.865989103101425
"LRRC40",2.87840373242803,0.494836526039856,14.3060512425206,0.0323331050324177,0.88443000838223
"LRRC41",3.14958352073221,0.23373768165474,19.8178069522009,0.0168153688968234,0.662091366303437
"LRRC42",1.47786991585755,0.215744954114432,25.6836398247461,0.0132741505111426,0.814019279128248
"LRRC45",0.543760713708478,0.22096825834368,29.0354146856964,0.0116374158269396,0.927598491198659
"LRRC47",3.59277738751463,0.284880847180291,18.2460070795631,0.019400564822255,0.691953059513831
"LRRC57",3.04425033161719,0.464281614627339,15.109344394973,0.0301428100998536,0.863160100586756
"LRRC58",1.82764158803394,0.166341805218267,24.9738078407892,0.012043433525155,0.714165968147527
"LRRC59",2.70823271365657,0.102251766698655,20.0000455247505,0.0144959770355501,0.458403185247276
"LRRC8B",0.561480291502643,0.192756226463578,29.9622660246258,0.00986356495411196,0.911986588432523
"LRRC8C",0.793779369636207,0.159863569632622,29.7736248811294,0.00872827408733955,0.853520536462699
"LRRC8D",0.63308352955038,0.0988088728559633,31.5338686123321,0.0056360629431603,0.810456831517184
"LRRCC1",0.381742833487941,0.122556546231178,33.3184196739179,0.00496203834622087,0.905699916177703
"LRRFIP1",2.72242589346935,0.0379630199758925,14.3258635194125,0.0201384502969649,0.172045264040235
"LRRFIP2",1.71964764118066,0.0593064950907674,21.9554699956131,0.0131877412546073,0.443419949706622
"LRWD1",2.83602270998501,0.336633998818587,19.030189851446,0.0215908067246861,0.793797150041911
"LSG1",2.67588386805138,0.261528274036549,20.9534575265132,0.0173747841778124,0.738998323554065
"LSM1",5.69398598846658,0.200784726814175,13.6533966448289,0.0189415932393864,0.43105616093881
"LSM10",3.39199471810213,0.140504538578676,18.1229932919697,0.0157939115292328,0.465213746856664
"LSM12",9.12281191008569,0.390758286989406,9.34393605196675,0.0269640483198061,0.574706621961442
"LSM14A",118.069879292563,0.784486520836165,6.57483873504774,0.0675527727120588,0.295892707460184
"LSM2",1.96834865847575,0.0668340930080582,21.0908076717498,0.0138242230637259,0.430113160100587
"LSM3",3.23611285825216,0.101665521036901,17.845981508293,0.0160264867504459,0.39302179379715
"LSM4",1.64845488811013,0.0524500268983528,21.7621668921192,0.0134359830788452,0.425188600167645
"LSM5",3.02442098129658,0.0951047449887681,18.0780940245557,0.0158863110468662,0.388411567476949
"LSM6",3.71196997612948,0.15782286998359,17.909038068108,0.0161310267635942,0.487112321877619
"LSM7",3.15384528210824,0.0666456745208807,15.4664717299727,0.0182732279850935,0.260373009220453
"LSM8",7.67118073595925,0.200203358227223,9.75547651682487,0.0206364568058741,0.3220871751886
"LSP1",0.918501602449127,0.00690280619075947,17.4329605872611,0.0187560088302068,0.200544844928751
"LSR",0.303839577149832,0.0787334935031848,34.9433042274715,0.00234577195565057,0.886316010058676
"LTA4H",2.03121264500875,0.131561923453811,23.7525083035373,0.0120733731029732,0.620808885163453
"LTB",0.280020353373263,0.00415487138786323,27.3306201793243,0.00888313971764499,0.513097233864208
"LTBP3",1.27256117461952,0.197286155019555,26.7039346607318,0.0119671264363875,0.816848281642917
"LTBR",0.206515865885142,0.0506249834295857,36.530599387168,0.000249839579813824,0.891135792120704
"LTN1",1.94020912659676,0.24885137193608,23.2490252704561,0.0158041211737712,0.790234702430847
"LTV1",1.90425678469869,0.236282628942268,23.5807395429003,0.015123117473095,0.781014249790444
"LUC7L",4.79436904355715,0.186993819120204,15.3964211587922,0.0178679057957656,0.45966051969824
"LUC7L2",5.74429678034614,0.201602201401003,13.4789181768412,0.0190192650486985,0.427284157585918
"LUC7L3",3.92555155892859,0.104780389894434,15.1616724933245,0.0177970257013254,0.319048616932104
"LUZP1",0.998442294728384,0.0873445565754135,28.634421932394,0.00774426177839301,0.699916177703269
"LY6E",0.774162299177324,0.0107947745440226,20.4609205257324,0.0156139589111373,0.304589270746018
"LY96",0.46671337067878,0.0738775791102765,33.1922395960142,0.0037188188472237,0.822296730930428
"LYAR",0.888960343274588,0.0573604395056647,28.2127966722884,0.00780462039332137,0.636106454316848
"LYN",0.210160124504732,0.03787107564126,36.2967818450101,0.00019352608643701,0.86242665549036
"LYPLA1",6.3779297257592,0.257143968223182,13.1587546149054,0.0204730499001943,0.500838222967309
"LYPLA2",5.30830748661956,0.229984581372637,14.4844757336666,0.0190767015085849,0.498742665549036
"LYPLAL1",0.834705177890131,0.182403965650647,28.949087745439,0.0100631095002957,0.863579212070411
"LYRM1",2.12170969852305,0.306382543711877,21.5350406291331,0.0192237502587254,0.825544844928751
"LYRM2",2.56500651842145,0.21282364060321,21.929461662591,0.015141491552789,0.693839061190277
"LYRM4",1.68781054846912,0.134257070465029,25.7378634304293,0.0107975211525546,0.686399832355407
"LYRM7",1.25956310031566,0.285741449213597,24.3056583883114,0.0170458472733582,0.880658005029338
"LYSMD2",0.793502004547396,0.0412502400778618,27.3361239891366,0.00855150816182741,0.580259849119866
"LYSMD3",2.26184587817273,0.295954718182661,21.2773937787197,0.0187575362391466,0.801760268231349
"LYST",0.805432202539703,0.0287387173139173,24.9680788971784,0.0108406423624509,0.482397317686505
"LYZ",0.0491494370363979,0.000681055868308276,38.5828830637402,0.00272948515595736,0.874476110645432
"LZIC",4.64042486860891,0.4059069725688,14.6728640378967,0.026674175905961,0.759639564124057
"LZTFL1",0.705991881564608,0.202038979515556,28.9792724624494,0.0108332982845485,0.895746018440905
"LZTR1",4.92989122712909,0.699788489803635,6.06685586496358,0.0487229830223083,0.912929589270746
"M6PR",2.98523733816245,0.083154216635164,16.7626045374504,0.0169326089031183,0.327535624476111
"MACF1",1.27580369158391,0.08287886323171,26.3268273869429,0.00954657373482763,0.619970662196144
"MAD2L1",0.267904570773273,0.0387504484939527,35.4476007581486,0.00101942463905633,0.836441743503772
"MAD2L1BP",5.53168234041672,0.425400299914777,13.0894014020639,0.028138609438747,0.737740989103101
"MAD2L2",1.391533260939,0.102661981225391,26.8269887538241,0.00943233654458712,0.668692372170998
"MADD",1.48212870391096,0.211286411264907,25.4682517187968,0.0131602579871812,0.800502933780386
"MAEA",3.76868128802101,0.223566428103011,18.3002809301064,0.0172391256760844,0.601005867560771
"MAF",0.373770213885564,0.0176503037117452,30.6102746606975,0.00549346531062065,0.643964794635373
"MAF1",6.05466046057482,0.184370246731695,12.1896503835465,0.0193627389309706,0.364207879295893
"MAFB",0.0581642918340582,0.0122069446924844,39.3884432138913,0.0033505532784741,0.920159262363789
"MAFF",0.176375672039313,0.0238219662197933,36.433584241755,0.000187907664007947,0.843357082984074
"MAFG",0.567016189982072,0.127817296847394,31.8528062527051,0.00621854437643345,0.867665549036044
"MAFK",0.654475283767,0.257995895676278,27.1479482316101,0.0143629388465111,0.926760268231349
"MAGED1",0.390092202423269,0.0727956748167101,34.0341335830009,0.00297460594699265,0.847443419949707
"MAGED2",0.863847028091673,0.059907384967615,28.2570973421545,0.0077590914910107,0.641764459346186
"MAGEF1",0.695929185487327,0.150258508799508,30.5848371060814,0.00785880494623809,0.863683989941324
"MAGEH1",0.178583724788337,0.0115837733394864,34.5248142574069,0.00155860420537794,0.760477787091366
"MAGOH",6.05682418201434,0.127303933351712,10.5980312465924,0.0203114760192834,0.228939647946354
"MAGOHB",1.8648298596911,0.205865600498234,24.4422152018554,0.0135807761235735,0.760058675607712
"MAGT1",2.18929818090488,0.211877090762523,22.9965988024431,0.0145176066723253,0.725062866722548
"MAK16",1.37917647925842,0.344123536426335,21.9510771967928,0.0210465796648481,0.897736797988265
"MALAT1",3.25658566618757,0.00112698310525133,10.7869946363984,0.0251577385317616,0.000104777870913663
"MALSU1",4.1923507773249,0.298301662678035,17.1339787996828,0.0204715248389829,0.6779128248114
"MALT1",0.431150158050447,0.025486824505457,30.8055113467686,0.00530350521796286,0.663977367979883
"MAML1",2.46278042199901,0.409120622090296,17.6885207941544,0.0260912423332051,0.862217099748533
"MAML2",0.445801228464833,0.0709042232543869,33.3458238269863,0.00352072168598903,0.822296730930428
"MAN1A2",2.63510910456986,0.206063576434485,21.611999528372,0.0150697947865802,0.673721709974853
"MAN1B1",3.76601305345053,0.442172171624876,14.8300857789921,0.0287679669537333,0.819572506286672
"MAN2A1",1.28861805787617,0.128614477664149,27.1931464938829,0.00958336254822701,0.722443419949707
"MAN2C1",2.50343769371853,0.430581170217278,16.8994701397947,0.0275924258616855,0.870075440067058
"MANBA",0.650931334004945,0.08012532463322,31.3268087865509,0.00541031335124571,0.773155909471919
"MANBAL",1.86111070736519,0.305510476052515,22.1679521978841,0.0189294854293299,0.844090528080469
"MANEA",0.995223229787753,0.20398544116223,27.67472698999,0.011664928404085,0.857816429170159
"MANF",1.0476655339396,0.0351512379166725,23.5590191839007,0.0120619078731546,0.449497066219614
"MAP1LC3A",0.739596870196124,0.053432505299094,29.158844807447,0.00693133033076973,0.659367141659681
"MAP1LC3B",3.93717385859249,0.0515322096465794,11.0344028069729,0.0221266882633169,0.102891869237217
"MAP1S",1.7699931382475,0.188627247944234,24.6567823469444,0.0128209233319651,0.739731768650461
"MAP2K1",1.79532964048955,0.0981293555024416,23.6551070209149,0.0117339073573749,0.562552388935457
"MAP2K2",1.55480224865417,0.275697629600455,23.7370916616237,0.0167900494269198,0.847129086336966
"MAP2K3",1.2149990022699,0.0311412037643662,21.2865118185551,0.014226983141433,0.370494551550712
"MAP2K4",1.50376599614744,0.316605848687293,22.5969732916835,0.0193074223422587,0.875104777870914
"MAP2K5",4.12768046915074,0.582002910638112,10.2854397366048,0.0390943995914291,0.88128667225482
"MAP2K6",0.196022087164655,0.111247221432024,35.116835073836,0.00319780397465999,0.9447820620285
"MAP2K7",3.60130325287798,0.363007057594575,16.9670741095754,0.0235961964294353,0.769069572506287
"MAP3K1",0.762677628582144,0.090674395300603,30.4178920339812,0.0063503812007577,0.76173512154233
"MAP3K11",2.60318931365802,0.2426398882801,21.4055570827,0.0164223180173604,0.723910310142498
"MAP3K13",0.800661647704551,0.102232909657904,30.4437754522148,0.00659313249405687,0.781538139145013
"MAP3K2",2.13028575785964,0.144572699373425,23.2453036088774,0.0126021406809499,0.626257334450964
"MAP3K3",1.29424468280522,0.366087760965657,21.2761228512538,0.0225121246917652,0.910938809723386
"MAP3K7",9.71379227091821,0.581590996059838,6.93431851882691,0.0396490213623553,0.746647108130763
"MAP3K8",0.628707270696026,0.0264820935945841,27.5844290798304,0.00839682348849921,0.562133277451802
"MAP4",2.17520162940336,0.116215748701288,22.5217985079258,0.0127153611867302,0.557942162615256
"MAP4K2",1.25466428135556,0.220882931016861,26.2170883780656,0.0131583529780527,0.838851634534786
"MAP4K3",0.668813639122397,0.282941957422006,26.1029478887251,0.0161079888245614,0.933256496227997
"MAP4K4",0.884976677791791,0.0688167291970537,28.8826993165827,0.00730947742432605,0.676760268231349
"MAP4K5",1.79297663371787,0.169269106342666,24.7639760843785,0.0121989015589255,0.712384744341995
"MAP7D1",1.83554439050309,0.106170344877342,23.9107966575622,0.0116206480756852,0.583927074601844
"MAP7D3",0.615058902277584,0.167431382568393,30.5126514383843,0.00851303788157599,0.888935456831517
"MAPK1",2.78325518176767,0.245864890086794,20.9330535245454,0.0167804352240692,0.714375523889355
"MAPK14",2.34167033314708,0.392287720787641,18.4546556881916,0.0248937631364924,0.860750209555742
"MAPK1IP1L",118.062366076376,0.78296142635472,7.10776939334668,0.0684380971033478,0.303017602682313
"MAPK3",1.49407758554713,0.515853579412728,14.923640973472,0.0335972213610878,0.94279128248114
"MAPK6",1.64658645009089,0.177304236479983,25.6216855374545,0.0119564601574682,0.751571668063705
"MAPK7",6.12401157709808,0.709412622542884,5.56708077157113,0.0498428459480881,0.898889354568315
"MAPK8",2.81976044311163,0.267305524163988,20.4099951157062,0.0178246941843394,0.731244761106454
"MAPK8IP3",2.64117922971209,0.298015848111248,20.2719208498328,0.0192285719372201,0.773784576697402
"MAPK9",1.33332457181526,0.469041507131939,17.0661841817357,0.0300245160023089,0.93849538977368
"MAPKAP1",8.49126299439805,0.563459131949656,8.07182821163063,0.0382418182718398,0.763097233864208
"MAPKAPK2",0.658185723463566,0.0568842057719539,30.3294359338141,0.00592268895270624,0.702535624476111
"MAPKAPK3",1.90469937751347,0.252162143018329,23.5373970710395,0.0158709677165017,0.80406538139145
"MAPKAPK5",5.28108928444484,0.433242972382283,13.0751872812779,0.0285266686069183,0.749371332774518
"MAPKAPK5-AS1",2.10563395360482,0.216851418808015,23.1665384597292,0.0145893102999096,0.738055322715842
"MAPRE1",5.99282583445954,0.190779497466855,12.9018142729737,0.019169160045782,0.394593461860855
"MAPRE2",1.29464857211618,0.0685851839087339,24.8373409159386,0.0106771602334304,0.548826487845767
"MARCH5",4.23607980589066,0.231619375804708,17.2071063144545,0.0179902350529063,0.580783738474434
"MARCH6",3.62288269490104,0.242774510802845,18.4077749576975,0.0177293729127907,0.633487007544007
"MARCH7",2.39490229024386,0.159256443816548,22.0586119791006,0.0135953989144492,0.613579212070411
"MARCH9",0.362901587742026,0.17059639817651,31.7624455293553,0.00781922431813518,0.933570829840738
"MARCKS",0.153135434755723,0.00997183349994484,35.4355731428707,0.00062775998578761,0.787405699916178
"MARCKSL1",0.319337532964229,0.00581356303603087,26.9356747561448,0.00925870533246437,0.503352891869237
"MARK2",1.8166445019712,0.283886768481922,22.7844141494054,0.0175876476284453,0.830050293378039
"MARK3",4.28400366484002,0.309449112696503,16.5466567308512,0.0210701069011512,0.676969823973177
"MARK4",1.77553196174841,0.492601766358514,15.5517935353836,0.0318983225443291,0.925293378038558
"MARS",2.22733747075661,0.123032564416657,22.1551235910554,0.0130016191339159,0.557837384744342
"MAST3",0.495224122756783,0.240876978226752,28.3866319918265,0.0129053652398479,0.938809723386421
"MAST4",0.444765229083039,0.039917311985177,32.3839771439636,0.00390079221102461,0.739626990779547
"MAT2A",1.0636721006791,0.0342216702606025,22.7909423557231,0.0127688293910458,0.423302598491199
"MAT2B",1.87296829331293,0.0341935524904707,16.3103434870154,0.018583518545167,0.221500419111484
"MAU2",2.96351089535275,0.383727775791587,17.5843924430692,0.0245963720756228,0.8197820620285
"MAVS",4.21943841280535,0.46471236524086,13.7001058070348,0.0304382905200531,0.816219614417435
"MAX",6.36709604147744,0.183654114059304,11.100601471175,0.0197956851011381,0.332250628667225
"MAZ",2.06246482433989,0.123184885411645,23.3005964632035,0.012249807102855,0.59325230511316
"MBD1",7.36279279493567,0.459067310526653,10.2223003117894,0.0305279388587352,0.6947820620285
"MBD2",1.82010964198343,0.182303284255519,24.9156598823664,0.0125416112296256,0.737636211232188
"MBD3",0.979346311142723,0.333866090649779,23.2409084225075,0.0200113768490337,0.922883487007544
"MBD4",2.46015225201747,0.171011678562127,22.1934448324645,0.0138081072794201,0.636420787929589
"MBD5",3.23986037075448,0.484302286765783,14.1820752602286,0.031605393218356,0.863579212070411
"MBD6",5.00365465098836,0.520037288680608,11.4490007610929,0.0345287303408703,0.823449287510478
"MBIP",1.28100460632671,0.173216225474111,27.0324473539717,0.0109223329160871,0.788977367979883
"MBNL1",2.31501243759612,0.0382458287891247,14.8386434540305,0.0196870683093429,0.185456831517184
"MBNL2",0.637433339528554,0.0382386814849849,29.4138175327635,0.00665424471503506,0.641450125733445
"MBOAT7",0.84474271819669,0.0838015907521922,29.6874782097685,0.0068278094180964,0.727263202011735
"MBP",1.04264132064331,0.0253483175816937,21.75882031318,0.0139294388969997,0.374371332774518
"MBTD1",0.812994790309833,0.281876952542627,25.7079180371328,0.0162284401253705,0.919006705783738
"MBTPS1",2.23640098926732,0.21769831536598,22.6965542963936,0.0148567509753458,0.724958088851634
"MCAT",2.674763651689,0.449599451874712,16.1064222239764,0.029013153314446,0.873323554065381
"MCCC1",2.67243374282985,0.464160716121437,15.562177585029,0.0300377991337218,0.878457669740151
"MCCC2",1.6048035131037,0.204840976869994,25.2224801104993,0.0130761007685193,0.782690695725063
"MCEE",0.929112339030097,0.2462053967868,26.6523301592165,0.0140472646992553,0.892393126571668
"MCFD2",2.23051046121677,0.207498953481652,23.1575198207589,0.0143362202599081,0.723072087175189
"MCL1",1.81968167094577,0.0208279441397515,14.2025730091733,0.0210675028471657,0.129924559932942
"MCM3",0.593377722530239,0.0548274164535993,31.430567262163,0.00494543309583526,0.734283319362951
"MCM3AP",2.36376437858006,0.253829819938788,21.8507403351269,0.0166404961863254,0.754819782062028
"MCM5",0.592739189320232,0.036937086611219,30.1627777831399,0.00596286127307535,0.663243922883487
"MCM6",0.708633016026164,0.061185668149394,30.3399208457249,0.00597767285295046,0.710184409052808
"MCM7",0.52118652260165,0.0319030068497799,30.5097344768244,0.00561375460565645,0.665653813914501
"MCMBP",2.91359427746093,0.309338527595795,19.6357520946502,0.0200701832734248,0.770955574182733
"MCOLN1",1.43855722228855,0.280469562599169,23.951610908554,0.0169334965840082,0.86127409891031
"MCRS1",3.8572642386711,0.285177864392376,18.0154430764576,0.0196041158858651,0.685037720033529
"MCTS1",5.44001542053048,0.304775086119089,15.0367290494919,0.0215656651065157,0.624161777032691
"MCUR1",2.57613020585942,0.159009437563636,22.3311053578252,0.0135659340466071,0.621647108130763
"MDC1",1.29107694641159,0.299653160193995,23.7642224523204,0.0179825849033823,0.885373009220453
"MDFIC",0.971991735975948,0.11299831800692,29.1382445851892,0.00782242581102625,0.757963118189438
"MDH1",5.1916935590616,0.124874862375782,12.5632401203095,0.0192203657822521,0.279233025984912
"MDH2",4.38881056739868,0.0998159455119626,14.4901439805964,0.01838543546278,0.292854149203688
"MDK",0.0660138929650348,0.0105906764020484,38.9514047311283,0.00293872165218613,0.903185247275775
"MDM1",1.08682650049019,0.288592019372785,24.7149144004997,0.0170198209397024,0.898051131601006
"MDM2",1.01086637422218,0.0904430431605303,28.6705979811158,0.00776602204716654,0.706202849958089
"MDM4",2.02080109632328,0.229692977470507,23.3463401160977,0.0149873610384093,0.763516345347863
"MDN1",1.01737254926623,0.164323282911263,28.428014321592,0.00974510906954646,0.818419949706622
"ME2",1.98097026826227,0.186519931343155,24.0005445444947,0.0131609873511372,0.716156747694887
"MEA1",5.26264520406472,0.171535464042958,13.8646838065697,0.0184643081101369,0.391554903604359
"MEAF6",117.916712587394,0.785654874172155,7.71081835817984,0.0693991877396024,0.310561609388097
"MECP2",2.6492766434184,0.13138343013779,20.3828405529104,0.0142521257847537,0.517707460184409
"MECR",2.03315817497411,0.5181114870684,14.335382770877,0.0339048477914792,0.924664710813076
"MED1",3.48716605546064,0.35516652498779,17.4153610355468,0.0230784129448146,0.77116512992456
"MED10",6.82167100091488,0.202178126218154,10.7515285099056,0.0201261546091065,0.351320201173512
"MED11",2.39470212044365,0.318830261631362,20.4794301526441,0.0202081796948339,0.811818943839061
"MED12",1.62828246458085,0.324653757659779,22.0061634731475,0.0199436722384435,0.869027661357921
"MED13",1.59650811787638,0.141338030893561,25.6510797448368,0.0109352854569476,0.695096395641241
"MED13L",1.6390155435007,0.215814573746757,24.938359440878,0.0136448193319117,0.791072925398156
"MED14",3.52426329800353,0.560075426432487,11.4501913296581,0.0373242581834143,0.889145012573345
"MED15",3.68027094877884,0.210505260930736,18.2190332469941,0.0168660115456302,0.578583403185247
"MED16",4.10024113024812,0.443579167368323,14.3867502616982,0.0289548329271049,0.806999161777033
"MED17",3.20339389007905,0.280018982801582,19.1853971345102,0.0188280084358218,0.713222967309304
"MED19",4.33862570147447,0.33204070599925,16.3940497501581,0.0222456116412157,0.705155071248952
"MED21",4.41570468617067,0.334033384258343,16.1714617587225,0.0223899163919093,0.70138306789606
"MED23",1.19725135716849,0.204464904389556,26.7107124284233,0.0122080140864109,0.828478625314334
"MED24",2.29574382259231,0.348273701683816,19.9130353552967,0.0219633963751162,0.839165968147527
"MED25",1.90341321631207,0.199751959688758,24.1552822629309,0.013487669235058,0.741722548197821
"MED27",97.1754321224966,0.932688703714304,34.169992156077,0.118491991384098,0.739836546521375
"MED28",10.1129601985734,0.366979302817658,7.73637896682549,0.0258718166869138,0.498113998323554
"MED29",2.43894587194159,0.230951719997643,21.9374832449668,0.0157135851122873,0.722233864207879
"MED30",5.267129423825,0.279671216574365,15.1161687015719,0.0204473715548725,0.590423302598491
"MED31",4.35683450074314,0.307652211181971,16.4951103104538,0.0210309266567945,0.672673931265717
"MED4",4.69892846497233,0.242028871593779,15.8094163395678,0.0188171030053052,0.555322715842414
"MED6",3.92513508575326,0.461799737530789,14.115770691808,0.0301692977478116,0.825754400670578
"MED7",8.38904225902559,0.675495031498631,5.8886854707528,0.047335751961641,0.843042749371333
"MED8",5.91833380571038,0.337329424427171,13.6982732597881,0.0232921809608861,0.63128667225482
"MED9",35.996805657127,0.921537251996285,10.7346036661291,0.0865684503081122,0.875104777870914
"MEF2A",1.18340162758311,0.134480277625711,27.8892312643999,0.00924279623015537,0.753667225481978
"MEF2C",0.140005859387623,0.0117469469488808,36.1945367899,0.000122765473551438,0.815171835708298
"MEF2D",1.41911444455023,0.117394667814707,26.1154602532442,0.0101133157069415,0.670578373847443
"MEGF9",1.1517471645406,0.292627247607377,24.3567555921295,0.0173681371117784,0.893126571668064
"MEMO1",4.94092873012549,0.417685926899483,14.1681747812641,0.0275464545272841,0.760268231349539
"MEN1",1.81680829054994,0.389151341438496,19.4525726639116,0.0244237112711267,0.888306789606035
"MEPCE",2.28313485317736,0.418575893527276,17.6679492184271,0.0266814667748658,0.876362112321878
"METAP1",3.70648197757647,0.320857435314209,17.8958907178366,0.021271567339555,0.734388097233864
"METAP2",5.25575729188125,0.197514919135134,14.6030056574396,0.0184470156652931,0.453164291701593
"METRNL",0.399701763289693,0.066015329825919,33.8012424892977,0.00302191491170773,0.828792958927075
"METTL1",0.636589290958939,0.241855937590309,27.8559062469787,0.0132337709658295,0.923512154233026
"METTL14",1.75037422474918,0.266749161606712,23.3553446741317,0.0165261252000717,0.821353730092205
"METTL15",2.57415120680822,0.386441373015717,18.2429132647405,0.024608143729584,0.844823973176865
"METTL16",4.19549230348766,0.526929032654622,11.9529866632375,0.0349155222387269,0.85268231349539
"METTL17",7.50154139231439,0.419958581969931,10.727142080624,0.0281963665656243,0.656328583403185
"METTL18",1.37289485275198,0.350343896691792,21.6825629596169,0.0214680302582694,0.899098910310143
"METTL21A",0.733523511053118,0.0764176765897685,30.5274610720324,0.00601735498571331,0.741617770326907
"METTL22",3.3046611893055,0.551680236275978,11.9644394833735,0.0366810061396513,0.893860016764459
"METTL23",3.13169256488472,0.242514943572075,19.7545939003885,0.0171330347374602,0.67361693210394
"METTL2A",7.79693726545996,0.728058296818602,4.76611261278959,0.0518152283153788,0.882753562447611
"METTL2B",1.85080734690404,0.324452379501693,21.5637435132479,0.0201148608814926,0.854568315171836
"METTL3",3.09561307312408,0.350799933431586,18.2127887560497,0.0226013892766515,0.789606035205365
"METTL4",2.20405264409042,0.333617325203609,20.5106699899641,0.0209699819134467,0.835498742665549
"METTL5",4.0358755929989,0.234819211582187,17.9252463240357,0.0178153687432607,0.606873428331936
"METTL6",4.16929423009189,0.603803929324881,9.60038551993678,0.0408423435935311,0.891135792120704
"METTL7A",0.117698926160365,0.0311864342251343,38.0295942117951,0.00160443974997729,0.907481139983236
"METTL8",0.517727861868026,0.0511835001946758,31.7486585362358,0.00459426650127674,0.73826487845767
"METTL9",6.63012687058228,0.19209291987949,11.6518161115106,0.0197646693036471,0.361797988264878
"MEX3C",1.54539982273767,0.305355521360138,22.8478305880247,0.0186214823347177,0.865465213746857
"MFAP1",4.00986255107317,0.259471966618083,17.6480149871549,0.0186896893432914,0.635792120704107
"MFF",8.25881823615433,0.274238153507661,10.453266467149,0.0219878100426669,0.448973176865046
"MFGE8",0.0937796771190576,0.0148167738846252,38.1535447695442,0.00205365564423503,0.884220452640402
"MFHAS1",0.353300670508968,0.0300560063672991,33.0542913780047,0.00316916164203984,0.744446772841576
"MFN1",1.36956729746371,0.287534137517878,23.8883109666205,0.0172983208737023,0.870389773679799
"MFN2",3.02307684956217,0.390040156000944,17.3673545527326,0.0250420623666779,0.822296730930428
"MFNG",1.23892192647552,0.116408486146114,27.5469341378469,0.00908749079870097,0.713642078792959
"MFSD1",1.02361257779795,0.0971648597425489,28.6309267269448,0.00789995623697749,0.716051969823973
"MFSD10",2.1458741772937,0.0827387208904854,20.7600464066305,0.0139273202237898,0.447401508801341
"MFSD11",3.2247913461776,0.276461983181422,19.2861129146872,0.0186682518980618,0.71081307627829
"MFSD12",0.48235375845366,0.111890043975545,32.7176938983824,0.0050737240203878,0.869341994970662
"MFSD14B",4.75822295471854,0.563213117090136,10.4418583722313,0.0377359163570905,0.855196982397318
"MFSD3",0.635605647523084,0.292500696594415,25.80538961181,0.0167373399138136,0.939019279128248
"MFSD5",4.66058476614609,0.336970505510796,15.5761696208354,0.0226644558484547,0.687761944677284
"MFSD8",2.68962644634132,0.472730227373489,15.1959882006057,0.0306426093288974,0.880029337803856
"MGA",1.33911108647558,0.189325025250819,26.5047943489728,0.0117827820135431,0.798093042749371
"MGAT1",1.75722409369384,0.0544250585837462,20.0304190838447,0.0148245008379796,0.374266554903604
"MGAT2",2.22290468622962,0.160594898627727,23.0015646004191,0.0130772172450494,0.644488683989941
"MGAT4A",0.511544821422077,0.0307304173127653,30.2323159176866,0.00586513700991178,0.654652137468567
"MGAT4B",1.25775878860135,0.360169278814076,21.5808401698528,0.0220722249877306,0.911357921207041
"MGAT5",0.683855428161238,0.205538078574495,28.9317758646249,0.011003088342318,0.899832355406538
"MGLL",0.100241970491146,0.0129252121744253,37.8139448210333,0.00174302640074457,0.869970662196144
"MGME1",0.883799076880133,0.170557976728571,29.1887875737351,0.00950527396308022,0.852158424140821
"MGMT",2.90272451654233,0.252580871886682,20.8767488230301,0.0171517492528822,0.722652975691534
"MGRN1",4.24036375992257,0.331850309379495,16.337645037987,0.0221697091745583,0.703583403185247
"MGST1",0.0731580845437043,0.0129027792514895,38.8714906388473,0.00281222710916895,0.904442581726739
"MGST2",0.353980500851589,0.0637224193631829,34.452003113724,0.00240927322032714,0.845871751886002
"MGST3",1.19777936607219,0.0475261140836276,24.3459826089586,0.0112234547237568,0.49685666387259
"MIA3",2.13114636823349,0.147935545006509,22.8823941983848,0.0128457024681566,0.620494551550713
"MIB1",1.83795007579447,0.303688593915925,22.1471910275457,0.0188053986736972,0.840842414082146
"MIB2",1.79766835152832,0.234593552234164,23.9809655816029,0.0148624478224111,0.790758591785415
"MICA",1.01140505219948,0.22773299831261,26.9430813786586,0.013064384316514,0.872380553227158
"MICAL3",0.489681583480109,0.155696225887661,31.5675702622619,0.00737281335036227,0.903499580888516
"MICU1",3.16713123401237,0.38221929521877,17.4022487911168,0.0246084391288487,0.811295054484493
"MICU2",3.61604130191553,0.297774715175007,18.1287606959988,0.0200264058099755,0.707564962279966
"MID1IP1",0.515657887663303,0.0562808076480673,32.3927672068085,0.00410403635384619,0.767497904442582
"MIDN",0.83288551438069,0.113838036699815,30.1128902664167,0.00711105145155504,0.790025146689019
"MIEF1",1.93895287576571,0.288017616197389,22.418508980269,0.0179563878747584,0.824916177703269
"MIEN1",4.78800774601806,0.19282520531544,15.5046026475597,0.0179045165903761,0.471814752724225
"MIER1",3.61151264820226,0.1798968151938,18.0514567453032,0.0162821727568613,0.525984911986588
"MIF",2.62853134490558,0.0124103876279916,10.8899165311255,0.0244604176383818,0.0170787929589271
"MIF4GD",2.09608918018956,0.206828956532711,23.6836799238409,0.014041521577674,0.738160100586756
"MIIP",2.16906093564426,0.175910522206689,23.3680708734669,0.0132414560378467,0.680008382229673
"MINK1",1.05047587732659,0.165607070476764,28.2759681381021,0.00989092080541573,0.815695725062867
"MINPP1",1.30051557455969,0.201921245034835,26.4312488992423,0.0122845377141077,0.815695725062867
"MIOS",2.2632594664776,0.380022521349433,18.9416096865258,0.0240220834873673,0.857502095557418
"MIR22HG",0.222484286811633,0.0323064555727497,35.8201269449152,0.000545524162489666,0.837699077954736
"MIR4435-2HG",0.514974993774973,0.0151795317364242,27.1803391345352,0.00890086678352045,0.528813914501257
"MIS12",2.00286366667789,0.261942127355432,22.8402962411215,0.0165675413188174,0.79777870913663
"MIS18A",1.06342104053197,0.186899075825649,28.0003876086788,0.0108473028600526,0.840842414082146
"MIS18BP1",1.50862981681113,0.0721188377014183,24.149518265124,0.0112807878780702,0.5337384744342
"MITD1",2.61382906989833,0.199733677873174,21.5179703700352,0.0148988691156021,0.6610435875943
"MKKS",3.67009069269099,0.258841652281285,18.7327784947146,0.0182885294644612,0.667225481978206
"MKLN1",3.0595051402993,0.21422101638298,20.0435322896813,0.0160716944160539,0.638935456831517
"MKNK1",2.57085023452556,0.384601976277713,18.3453176294412,0.0244903506695097,0.845138306789606
"MKNK2",1.07858026772471,0.10140957722298,28.0657463795316,0.00838934383816008,0.705259849119866
"MKRN1",7.33959121830331,0.259034490906205,10.7767843526979,0.0211806940875742,0.436085498742666
"MLEC",1.89016397040886,0.0864709216941889,22.697377111412,0.0124398843055342,0.513411567476949
"MLF1",0.171999392709538,0.0595080175966163,36.9019704734972,0.00012990720223921,0.917749371332775
"MLF2",118.280345757094,0.776858573730941,6.34725757783526,0.0672617888753233,0.294006705783738
"MLH1",4.63409864363549,0.480043746372395,12.9550587749112,0.0316398393817691,0.813704945515507
"MLH3",0.502776821017919,0.235509008052432,28.587456880808,0.012546892729721,0.936609388097234
"MLLT1",1.49699432620116,0.455567353514342,17.3913348137282,0.029068597175184,0.927179379715004
"MLLT10",3.36939163968314,0.329293247324672,18.2601538962449,0.0215146748141896,0.758487007544007
"MLLT3",0.504743202211964,0.0469999314393279,31.7467296306554,0.0045522822593083,0.731139983235541
"MLLT6",1.76703417534,0.274640041388889,23.1490370624712,0.0169916415020404,0.827116512992456
"MLST8",2.74275510231263,0.301365045895503,20.3852141899205,0.0194727078193585,0.78174769488684
"MLX",14.4989184775631,0.517787553660068,4.47193146672372,0.035107271749653,0.58151718357083
"MLXIP",1.8540291796552,0.333149214717443,21.2320769619021,0.0206772952776355,0.857711651299246
"MLYCD",1.13455885098826,0.464971736753165,17.4770605537301,0.0296522813327927,0.946039396479464
"MMAB",0.910002187720936,0.315766671220769,24.1692901798949,0.0186756460805668,0.923721709974853
"MMADHC",6.27297909177953,0.152388106636564,11.5264632770198,0.0196881130763289,0.296521374685666
"MMD",0.273235677190708,0.0567654679765174,35.4910054650074,0.00133128250904349,0.867770326906957
"MMGT1",3.09261727224929,0.289559249990966,19.4427016983453,0.0191801303173535,0.735331098072087
"MMP14",0.0500729682113292,0.00661243234279338,39.3057848520991,0.00337741354142278,0.908109807208717
"MMS22L",0.471321198329042,0.185891388410463,30.6871589184895,0.00914114527721677,0.923931265716681
"MNAT1",2.19911165525812,0.296225315050523,21.5211134884985,0.0187035886862095,0.809618608549874
"MNT",0.99358543655352,0.355406076731385,22.3134347705304,0.0215490754388171,0.927493713327745
"MOAP1",1.86799851897364,0.285496088115852,22.5090463764914,0.0177520383518208,0.82407795473596
"MOB1A",4.3296901299634,0.0849603944371773,12.8764061592958,0.019689874583912,0.218880972338642
"MOB1B",0.428550003586935,0.0673274352279777,33.4946400416953,0.00331723464876602,0.821144174350377
"MOB2",3.75382208741286,0.187536422707826,17.6580662113963,0.0166167009314626,0.526299245599329
"MOB3A",1.69794730370658,0.0976069703387621,24.1387866873732,0.0113600332374496,0.576592623637888
"MOB3B",0.134776850759739,0.0732255880791372,37.043760599124,0.000389170934307459,0.9447820620285
"MOB4",3.5333629977524,0.264244907489517,18.581207574369,0.0184411971336131,0.671102263202012
"MOCS2",2.92229631620531,0.311275139227384,19.5998400047064,0.0201841706521824,0.772736797988265
"MOGS",2.40474401376095,0.376722246230186,18.7877966814285,0.0238737995463316,0.847443419949707
"MON1B",3.92650717386348,0.388312789062974,15.9872845272491,0.0253012450129318,0.775670578373847
"MON2",2.9848827348827,0.293798829148177,19.4948486166211,0.0193126148385429,0.743503772003353
"MORF4L1",7.10214754448415,0.0879967160222806,7.71799499114533,0.0228736418211945,0.088013411567477
"MORF4L2",2.13780693680849,0.0701846570919671,19.9412723357363,0.0146864477251867,0.40046102263202
"MORN2",0.774509393349132,0.234086552786591,27.6842420417989,0.0129724329457329,0.905699916177703
"MOSPD1",1.29249676856176,0.261020142440547,24.9848137013185,0.015543220130113,0.86326487845767
"MOSPD2",1.29267025602479,0.304004322038998,23.5795952258812,0.018272911893506,0.886420787929589
"MOSPD3",1.89170520938286,0.279625523731224,22.8413587312555,0.0174028620114525,0.825020955574183
"MOV10",1.62465494242909,0.408820417774956,19.0325729319334,0.0257158210702518,0.906014249790444
"MPC1",2.71502582722234,0.171910498049332,21.3171048203769,0.0143519373731126,0.61127409891031
"MPC2",2.74016036767397,0.0958249556959773,19.3008094392209,0.0149978376790156,0.426236378876781
"MPDU1",2.82771633328279,0.206966028974775,21.3754842528062,0.0152961761268764,0.667854149203688
"MPG",3.90934059502295,0.178703585047226,17.8663239327893,0.016480437840361,0.518964794635373
"MPHOSPH10",2.32886753908012,0.190398138490755,22.6453164097612,0.0140372199738735,0.680741827326069
"MPHOSPH6",2.33029996869104,0.237095721384167,22.4328869543477,0.0157580992708286,0.746751886001676
"MPHOSPH8",2.43858030315405,0.0808437472605578,18.4132139225052,0.0156954223111966,0.372170997485331
"MPHOSPH9",1.42661340936067,0.264393028029147,24.566285098894,0.0159186386092853,0.855301760268231
"MPI",1.74201033590897,0.417765233377166,18.521065832445,0.0264080766167535,0.903394803017603
"MPLKIP",3.68474287114308,0.211212604466443,18.5166675171579,0.0167995620530171,0.588537300922045
"MPP1",0.183280022006549,0.0469916399935078,36.8397520574456,0.000122641902406267,0.895117351215423
"MPP5",1.0597961014383,0.376691230622645,21.3518267724039,0.0231234768582855,0.930322715842414
"MPPE1",3.89326469686468,0.393281276839515,15.9327971550635,0.0256016640359029,0.781328583403185
"MPRIP",0.708623101091201,0.0775476542666568,30.7357807081381,0.00585776375592158,0.750104777870914
"MPST",1.63854278011208,0.166351660603353,25.8449456079913,0.0115079651029026,0.741093880972339
"MPV17",4.1432203057789,0.298428150037698,17.4629851938237,0.0204320263844316,0.687761944677284
"MPV17L2",1.83111679003036,0.347560417702554,20.9187373733286,0.0216069272307508,0.869970662196144
"MPZL1",0.386630471182055,0.0591002022554328,34.0212044057309,0.00269734961760739,0.824392288348701
"MR1",1.49017982021789,0.343497764701532,21.6873953634316,0.0210866134188997,0.888411567476949
"MRFAP1",5.81397781254083,0.13888076278739,11.3425249982162,0.0197612537853273,0.26802179379715
"MRFAP1L1",2.54202010511949,0.0960883161751392,19.3833966379003,0.0148725024412643,0.428436714165968
"MRGBP",1.67225967988827,0.458828557898287,17.0925724161501,0.0293851357208424,0.921940486169321
"MRI1",2.3621617888816,0.461493010423579,16.0544893769801,0.0297659389030919,0.890926236378877
"MRPL1",1.01373790833118,0.118356638951803,28.807109445825,0.00818306074602169,0.75628667225482
"MRPL10",1.42215368606783,0.0898138923481478,25.7113666715077,0.0101000815895269,0.61242665549036
"MRPL11",2.06238886892308,0.108220774269386,23.3462957923661,0.0121060464085012,0.570201173512154
"MRPL13",3.81301121658301,0.190872783845278,18.4460055946124,0.0164324540415665,0.555113160100587
"MRPL14",7.57848692246765,0.234412566917101,10.8675228022155,0.0207821699124885,0.403499580888516
"MRPL15",2.39324726011158,0.177321371736284,22.8465636629783,0.0136394809983319,0.666282481139983
"MRPL16",2.63039052030707,0.158719712007938,21.6378602289201,0.0139145142981005,0.600062866722548
"MRPL17",2.96024172308215,0.190222641109089,20.6724765685261,0.015156802931649,0.620599329421626
"MRPL18",1.176182125058,0.024329642792809,19.9049648243769,0.0156870412931213,0.313809723386421
"MRPL19",4.29071407513494,0.323191299301905,16.6145620803093,0.0217582063487539,0.698868398994132
"MRPL2",5.45020325642064,0.400174841540221,13.565826260907,0.0265413334246694,0.716785414920369
"MRPL20",3.72968668322846,0.100925252017593,15.5858655866644,0.0175546776600994,0.324706621961442
"MRPL21",6.67420269528507,0.295721643122764,12.5182612041632,0.0218806776334102,0.537824811399832
"MRPL22",6.93960282718538,0.306297083855866,12.2441968722025,0.0224078221726069,0.544740150880134
"MRPL23",1.4107501761036,0.218261147280153,25.8592724133662,0.0132762288396676,0.823449287510478
"MRPL24",1.87474649763812,0.171035199316187,24.7491935521703,0.0123092419134972,0.714689857502096
"MRPL27",2.52210802785367,0.142723108741014,22.2304255457878,0.0133170982475913,0.592518860016764
"MRPL28",6.87715028835789,0.316564176113402,12.3923887366829,0.0227908022359197,0.563390611902766
"MRPL3",2.79059851605369,0.15601772936133,21.3372774499633,0.0140980013836204,0.586756077116513
"MRPL30",5.55966788799979,0.766325533615967,3.818621514277,0.0545867109263733,0.929903604358759
"MRPL32",4.88586051949328,0.206191918507205,15.5573683734318,0.0181449136077522,0.493922883487008
"MRPL33",4.83331526257474,0.153574998216404,14.0631339970637,0.0182124184183601,0.368084660519698
"MRPL34",3.54637760275751,0.115366026301367,16.7330956805055,0.0166568281669579,0.382648784576697
"MRPL35",2.12464729412173,0.242118291225386,23.0993530300938,0.0156646801772294,0.774937133277452
"MRPL36",2.97949171300947,0.135172661300399,19.5487427481121,0.0148666959995818,0.499056999161777
"MRPL37",2.3346318565733,0.144909227809187,23.0137381025163,0.0128434607723239,0.61986588432523
"MRPL39",3.24002566776225,0.360913679341843,17.851654426189,0.0233090352423275,0.793168482816429
"MRPL4",2.61832708042553,0.107187005110389,20.2110680891225,0.0143099885292572,0.472757753562448
"MRPL40",2.14575747666785,0.167343385577187,23.7018375614535,0.0128598371488268,0.676655490360436
"MRPL41",3.58425734101321,0.0989061676626987,15.8856966464546,0.0173668037480953,0.329840737636211
"MRPL42",4.61568296396762,0.255711047814419,16.6589104500561,0.019058140746984,0.600586756077117
"MRPL43",9.14358059432501,0.305221156367103,8.82636240064611,0.0232475685324563,0.446563285834032
"MRPL44",4.61580249625929,0.276736837313961,16.2241595547506,0.0198739834010789,0.619027661357921
"MRPL45",4.19462453491002,0.294811431499038,17.4837713494084,0.0202946393100907,0.682942162615256
"MRPL46",7.25143788714163,0.515982770254798,9.68502900673,0.0345354867094776,0.754715004191115
"MRPL47",8.47291962995375,0.318952509557289,9.9344554924322,0.0235032340524224,0.496227996647108
"MRPL48",4.85884418161859,0.399917875069669,14.6203228054004,0.0264008364207118,0.748742665549036
"MRPL49",3.45730681676423,0.275032135704437,18.9711925552999,0.0187955459665925,0.698868398994132
"MRPL50",6.79952375285856,0.351919036719751,12.0572298050208,0.0243123431390004,0.603310980720872
"MRPL51",4.29343124598486,0.0874313197694142,13.2952910641624,0.0193563624973638,0.235540653813915
"MRPL52",3.61215664234695,0.0950639192319104,15.6170169140072,0.0176046601073028,0.315381391450126
"MRPL53",13.3035984729691,0.85610820055434,2.64970578377636,0.0661708355255313,0.90790025146689
"MRPL54",3.07958513227235,0.132669780688327,19.6178170937818,0.0148637443592679,0.497380553227158
"MRPL55",3.69570140929276,0.226429847849857,18.7419437542797,0.017170581315036,0.618503772003353
"MRPL57",3.23375317938917,0.100621240783167,17.1228392283836,0.0164832017062844,0.369027661357921
"MRPL9",6.21292612161768,0.298881670612776,13.4576134595312,0.0217565088331161,0.569467728415759
"MRPS10",4.37834276758124,0.288867758383417,16.8447882630872,0.0201801442854562,0.655280804694049
"MRPS11",3.53680483219808,0.226252215694176,19.2769932650386,0.0169372693068879,0.634220452640402
"MRPS12",3.98729011416222,0.159243588581584,16.8889032030157,0.0167035299276374,0.459241408214585
"MRPS14",3.6749348690686,0.295075229933773,18.29600458931,0.019924924765851,0.708298407376362
"MRPS15",5.43324636080976,0.210089328536267,14.8567600600693,0.0186552483191686,0.479882648784577
"MRPS16",3.10747719671388,0.164271381835808,20.3199139242174,0.014858379428038,0.569258172673931
"MRPS18A",4.87251065507235,0.319577734943452,15.52582294008,0.021913917737308,0.660729253981559
"MRPS18B",4.53466950779632,0.227936756677755,16.7349577002829,0.0181566483981668,0.561295054484493
"MRPS18C",3.95912918010703,0.158700881526461,17.2399357962965,0.0165374318228575,0.468880972338642
"MRPS2",2.76578034629698,0.185028435406084,21.4270982596054,0.014631145322018,0.635268231349539
"MRPS21",5.39775149365419,0.122999912918744,12.4398278264736,0.0193564313166367,0.273575020955574
"MRPS22",7.67793468118314,0.468315465627452,9.78986558227047,0.0311731003916381,0.693524727577536
"MRPS23",3.83622509017879,0.227900485982433,18.4746027289539,0.0173623817988421,0.612740989103101
"MRPS25",2.7674160977082,0.186204901285336,21.3627444277087,0.0146859421157565,0.635163453478625
"MRPS26",3.00126980887496,0.140316321874001,19.5842872214668,0.0148865584455362,0.508487007544007
"MRPS27",5.31387430893635,0.431446680306316,13.335942448289,0.0285028536116723,0.753981559094719
"MRPS28",3.69208576352824,0.380285093601221,16.7107624787281,0.0247339368875164,0.7860435875943
"MRPS30",5.24030601011284,0.338312804493571,14.5378752304912,0.0230129395895935,0.658319362950545
"MRPS31",1.54412823066104,0.169369796937596,25.8739326968497,0.0115208132081361,0.74685666387259
"MRPS33",2.87515146490918,0.17253197462159,21.2163624993912,0.0144978563784904,0.609283319362951
"MRPS34",2.57418597371145,0.0788630885639032,18.6768739060366,0.0155822716919612,0.377724224643755
"MRPS35",4.8718376194155,0.253646745508492,16.1307731547022,0.0192112187970887,0.581936295054485
"MRPS36",8.51930448349193,0.250783293963485,9.32966493343704,0.0216131715088735,0.384744341994971
"MRPS5",4.5118436814675,0.243228177874448,16.540772648764,0.0186175802461915,0.578583403185247
"MRPS6",1.63140622468083,0.0169317393151367,14.6172915078453,0.0209023926278847,0.13443000838223
"MRPS7",5.52434603268693,0.220478932311855,14.2656215467924,0.0190287308725457,0.478310980720872
"MRPS9",5.38967159830423,0.487609368868864,11.9348174856059,0.032274321525795,0.790758591785415
"MRRF",5.42246375672747,0.404560084528348,13.738766212332,0.026850838099869,0.727787091366303
"MRS2",3.02219211422317,0.371073072007843,17.9159948598787,0.0238258033549638,0.810771165129925
"MRTO4",1.18626646304055,0.12286274378345,28.048503248885,0.00887343063549902,0.739836546521375
"MSANTD3",0.22165565457636,0.0835476548544875,35.7665333774272,0.00178742496831112,0.920578373847443
"MSH2",0.933761940015565,0.202967767792375,28.062073923085,0.0114208442434739,0.868294216261526
"MSH3",1.56417341344091,0.31758651851862,22.4938435884736,0.0194225281544117,0.873218776194468
"MSH6",0.843080334516088,0.140817600122916,29.9224291805883,0.00801264042284882,0.827640402347024
"MSI2",1.09756985402569,0.0888002527695803,27.7061062286064,0.00849108476925633,0.673093042749371
"MSL1",2.5246339954672,0.348349280983627,19.4739320915529,0.0221150143827816,0.825335289186924
"MSL2",1.48965313016398,0.201133801423515,25.6213797227451,0.0126991232593955,0.789291701592624
"MSL3",1.7270419632859,0.102062537042085,24.008024687113,0.0114804129658389,0.579945515507125
"MSMO1",0.739336970447459,0.0957034404422664,30.600098394334,0.00630172223401837,0.775775356244761
"MSN",2.46038570151178,0.0334908839305839,14.1124066611517,0.0205107842433527,0.155280804694049
"MSRA",3.20175504079337,0.376236419016814,17.6311640513759,0.0242608950417408,0.809094719195306
"MSRB1",1.02772050882652,0.176175077067143,28.2611706481987,0.0102743460628061,0.832041072925398
"MSRB2",0.655275772944304,0.297343614271174,25.5850951718503,0.0170997205015827,0.93964794635373
"MSTO1",1.68551689498176,0.433009688373111,18.0414187823299,0.0274878685628124,0.911986588432523
"MT-ATP6",5.09081003478578,0.00582810360616897,9.9662790570749,0.025246891487827,0.00209555741827326
"MT-ATP8",3.18786958264809,0.00690444904177975,10.6643323425404,0.0249117592730177,0.00586756077116513
"MT-CO1",5.07893987320582,0.00312548612705495,10.124110393096,0.0252765865569104,0.00220033528918692
"MT-CO2",5.18358211140812,0.00346275742724729,10.0598356518244,0.0252927250892501,0.00188600167644593
"MT-CO3",3.04998667064423,0.00328086035968403,10.883500438064,0.0249706263149708,0.0048197820620285
"MT-CYB",4.07075884998118,0.0057984676470274,10.3376927990005,0.0251091695084474,0.00293378038558256
"MT-ND1",3.93372824669157,0.0111645245846524,10.1683027488859,0.0249514015769417,0.0056580050293378
"MT-ND2",2.89241134716777,0.0134783387753389,10.8721289234651,0.024365864510394,0.0211651299245599
"MT-ND3",2.8491899853888,0.00522676188653515,10.8963255075814,0.0248720317317159,0.00660100586756077
"MT-ND4",3.26346859719492,0.00857306584405235,10.5509866742942,0.0248941022480377,0.00607711651299246
"MT-ND4L",4.53767128894996,0.00718730642213149,10.109807104113,0.0251388279015564,0.00314333612740989
"MT-ND5",3.78290671497587,0.0138505972672142,10.1670979428345,0.0248147143255745,0.0088013411567477
"MT-ND6",1.51014743064988,0.0238576610073181,17.5299463619576,0.0179069507666661,0.239207879295893
"MT1E",0.237334405315378,0.00204812657201048,27.0768437616892,0.00917409946283719,0.500838222967309
"MT1F",0.339015651868387,0.00821265739327463,28.351436591284,0.00780154138938819,0.553855825649623
"MT1X",0.356657962858156,0.00327679452094242,23.3367703469264,0.01297186607957,0.381601005867561
"MT2A",0.566423059960159,0.00121307129541728,16.9361162773729,0.019557806276286,0.170787929589271
"MTA1",3.29088093305265,0.557305390996882,11.7744874171862,0.0371059968298262,0.896374685666387
"MTA3",1.21990502170833,0.443190395397577,18.3053181452946,0.0280627460038542,0.937761944677284
"MTAP",0.380633994944218,0.172058710169198,31.6227352950815,0.00797134160277634,0.931475272422464
"MTCH1",5.21882251601579,0.116569498577238,12.571595220876,0.0193460721666365,0.266345347862531
"MTCH2",5.64503072946982,0.225389710588907,14.5860364992065,0.0191189376024033,0.495075440067058
"MTDH",3.13595055731112,0.0494691387088553,13.4813246027143,0.0203478491316575,0.168901927912825
"MTERF1",2.08254380374499,0.462657060916628,16.3503167882489,0.0297668674466498,0.903080469404862
"MTERF3",4.35693851272677,0.542762989535992,11.4051237042755,0.0361589804008956,0.857606873428332
"MTERF4",2.13996903191441,0.166456472577366,23.1456331803004,0.0130888385954617,0.658214585079631
"MTF1",2.02815534676269,0.271825141677457,22.5019214527509,0.0171451550283295,0.802598491198659
"MTF2",2.92112290452424,0.196639768138291,20.8305222356434,0.0152401897239728,0.635373009220453
"MTFMT",3.47914534115794,0.523088298608306,12.7581586043427,0.0345378970976552,0.875419111483655
"MTFP1",0.986324837310515,0.118683579220456,29.1371341787154,0.0079631974834863,0.767183570829841
"MTFR1",1.75066303716352,0.484666394159752,15.9407921948545,0.0313160835741753,0.925293378038558
"MTFR1L",2.73527910789877,0.432985329385373,16.5765677694363,0.0278599009479736,0.862740989103101
"MTG1",3.53130447420481,0.283322254366886,18.5240535641985,0.019263929657411,0.697925398155909
"MTG2",4.55612564545281,0.540500702096416,11.2985683420009,0.0360093046203662,0.850062866722548
"MTHFD1",0.931823272848124,0.141956614603966,29.4682614807675,0.00837384008714506,0.815171835708298
"MTHFD1L",1.05442382910027,0.291026451285092,24.7437922587846,0.0171392734871636,0.902766135792121
"MTHFD2",1.04658918237983,0.0251590138483625,22.3414673069636,0.0134008761133336,0.392812238055323
"MTHFD2L",1.49442109340107,0.2754887126804,24.0018985274663,0.0166874004259219,0.85498742665549
"MTHFR",0.216966659650588,0.0806857654441695,35.8368225924001,0.00164046740578504,0.918168482816429
"MTHFS",2.53899669107221,0.190106094557068,21.9071005022494,0.0144416413549861,0.657795473595977
"MTIF2",1.6252515258732,0.316867698472345,22.3705006383572,0.0194310517147863,0.868189438390612
"MTIF3",3.50172475869254,0.20537173809551,19.0292352457837,0.016395996157623,0.594823973176865
"MTMR10",1.35880186884197,0.417538194221088,19.1316343564227,0.0262294623175472,0.923407376362112
"MTMR12",2.2881369950644,0.500714871145457,14.6850642805166,0.0326259838476741,0.908005029337804
"MTMR14",4.093268359944,0.264715344318387,17.2594489928658,0.018990476354846,0.632124895222129
"MTMR2",1.36414369921044,0.254559745799918,24.984786644777,0.0152537528709593,0.853101424979044
"MTMR3",2.02227396278847,0.345874635419513,20.4340402258244,0.0216227101212575,0.852263202011735
"MTMR4",0.797993486998849,0.213993400802083,28.217663270365,0.011778905342952,0.890716680637049
"MTMR6",1.51414418558127,0.129614180561764,25.8309222490182,0.010547890700023,0.681684828164292
"MTMR9",1.12714686060882,0.203115531090444,27.1192329739646,0.0119413826063659,0.839061190276614
"MTO1",2.74985015972682,0.351979323074633,18.8063881324276,0.0224711036018053,0.810142497904443
"MTOR",1.50149296303397,0.275614980928717,23.8881118944976,0.0167189618375876,0.851739312657167
"MTPAP",1.59875413075006,0.493561048604191,15.732595898688,0.031934944348414,0.933256496227997
"MTPN",5.64050935472655,0.166744001339979,12.7888914710597,0.0189772045579767,0.353520536462699
"MTR",1.33728789315176,0.167846833920185,26.716981863439,0.010930881922248,0.770641240569992
"MTRF1L",3.12654035570954,0.31540740865378,19.0261247035732,0.0205710648624371,0.761316010058676
"MTRR",1.88957015257443,0.214051787339381,24.0758768983061,0.0140382307944559,0.761630343671417
"MTSS1",0.338185537515007,0.0249664633429685,32.7371087789501,0.00343345103636235,0.725481978206203
"MTX1",3.91225837140775,0.355118341339224,16.9710987954632,0.0233220658376587,0.756496227996647
"MTX2",3.10807272041171,0.345716724068383,18.4990410325198,0.0223141728448629,0.790444258172674
"MUL1",4.03123599929973,0.39049863969141,15.6237506557105,0.0254479591104479,0.767917015926236
"MUS81",4.1102999315758,0.428024662302953,14.8342803692202,0.0279334611413104,0.797883487007544
"MUTYH",1.99800721731893,0.325991453453602,21.2006943579279,0.0203317354232677,0.845452640402347
"MVB12A",3.62570456239352,0.365819195331533,17.1186012087969,0.0238074625152697,0.777347024308466
"MVD",1.91877117646883,0.20810257022146,23.9304281640642,0.013880716727306,0.747904442581727
"MVK",0.623914173341695,0.315956178727972,24.8491607862438,0.0183994196547375,0.94593461860855
"MVP",2.50388868559348,0.112217109579504,20.3243843439481,0.014183437638818,0.484178541492037
"MX1",0.263109966299245,0.021164769764353,33.8220120226039,0.00234030933852838,0.754086336965633
"MXD1",0.244596458725543,0.0253329759828088,34.8761565817069,0.00135616679635554,0.795368818105616
"MXD4",0.765331567107462,0.142511646338776,30.1471859641853,0.00788167969609182,0.837489522212909
"MXI1",0.419323333233961,0.108267473942012,33.2845694101589,0.00452598696160984,0.881496227996647
"MYADM",0.427870560365522,0.0182695842834696,29.8522762552846,0.00624588307848452,0.620599329421626
"MYBBP1A",0.863607552164767,0.222136931635968,27.6810351521364,0.0124248121065538,0.88673512154233
"MYC",0.117372751334823,0.00619108607582481,35.7404043447148,0.000275092634492054,0.790863369656329
"MYCBP",2.53709364023086,0.411577204473553,17.5527373515809,0.026302017025163,0.861378876781224
"MYCBP2",1.62747924732638,0.0765063572415194,23.2648508755826,0.0119691515661486,0.513621123218776
"MYD88",1.25143871646694,0.0832330463990851,26.3960098394,0.00948475583495752,0.622694886839899
"MYDGF",1.19286575127743,0.0330292640461009,21.2392187421073,0.0142109110755816,0.372170997485331
"MYH9",2.22048620157124,0.0318295689907456,14.5369581447695,0.0202244337547663,0.163767812238055
"MYL12A",2.83200760028881,0.0179131239305956,11.2990850775206,0.0237295047643353,0.0420159262363789
"MYL12B",7.81992086583176,0.05077444989281,7.06437951324444,0.0247154862857702,0.0151927912824811
"MYL6",4.49693658172892,0.00982936751161343,9.90467387162389,0.0251613956348472,0.000943000838222967
"MYL6B",1.56252023883757,0.105634920588929,25.958747588669,0.0101407060601686,0.646584241408215
"MYLIP",0.366235577513774,0.0460382118618118,33.7604563790776,0.00269639363487792,0.794216261525566
"MYNN",3.19864887262315,0.325102276302585,18.5498562589292,0.0211639866289243,0.761420787929589
"MYO19",1.01071728452837,0.212578943891067,27.4980479955196,0.0121401646159273,0.865779547359598
"MYO1B",0.0877357470502208,0.0168287462886755,38.5451803812739,0.00240758379405542,0.900356244761106
"MYO1C",0.571211867322007,0.119295248519066,31.9568341884058,0.00587644020630576,0.857187761944677
"MYO1E",0.280249237530226,0.05413624492882,35.3527449655759,0.00139735881079224,0.85896898575021
"MYO1F",0.616198616689208,0.0563682731245598,31.2247995317446,0.00514674673458158,0.730301760268231
"MYO5A",0.916973229535481,0.122410778697489,29.5311284591551,0.00776002087162623,0.785624476110645
"MYO6",0.225872311326934,0.0867238832591819,35.6246078731859,0.00199946107348049,0.921207041072925
"MYO9A",1.18084447935076,0.253091991002113,25.5778704886059,0.0148923900481347,0.869446772841576
"MYO9B",1.12021690344107,0.121539232134413,28.2344296457245,0.00868514226500756,0.743503772003353
"MYSM1",1.74617335360961,0.297619554954621,22.5645976586095,0.0183407188096181,0.844509639564124
"MZF1",0.986684813678109,0.308836041667039,24.1927672285623,0.0182781821321528,0.913558256496228
"MZT1",2.33961563171324,0.115595952261947,21.7374260624629,0.0132631096407747,0.533005029337804
"MZT2A",2.24680208692271,0.0829389764405356,21.3057476375114,0.0135791055560666,0.465213746856664
"MZT2B",2.21271686640463,0.0855468438494664,21.6866186564942,0.0132814585990668,0.481349538977368
"N4BP2",0.893346937568014,0.176344653276969,28.9106972457971,0.00987606548576021,0.85268231349539
"N4BP2L1",0.695223486581989,0.0526484917535668,29.5760299105001,0.0065533883945364,0.671311818943839
"N4BP2L2",2.70837155874077,0.0675479884297737,16.0962492740832,0.0177157127295101,0.278709136630344
"NAA10",4.1770819197161,0.354796169112396,16.3594699417368,0.0234172755538524,0.73742665549036
"NAA15",1.85374525064526,0.217477717585277,24.2402020847896,0.014096121159454,0.772003352891869
"NAA16",1.01414721049004,0.117820995898936,28.8048406744033,0.00817263026275772,0.755343671416597
"NAA20",5.91340018051597,0.2649999339992,13.8255744099801,0.0204020133370032,0.531433361274099
"NAA25",0.59416237530957,0.0845248064803682,31.9221779854675,0.00500607140053921,0.799350377200335
"NAA30",2.98675913341334,0.33626583113279,18.8730056248518,0.0216708910539225,0.78803436714166
"NAA35",2.81689800542139,0.42903147577602,16.4651106483668,0.0275782489986987,0.853415758591785
"NAA38",1.51391000250697,0.0743102174322227,24.867681973747,0.0107343664199567,0.560142497904443
"NAA40",2.52168874866386,0.504315493728401,14.3131206529622,0.0329467812736728,0.900670578373847
"NAA50",2.7520513031422,0.0668971688108652,16.6264987568125,0.0173527575277965,0.294425817267393
"NAA60",5.49749790392645,0.352628700453961,13.9023229314309,0.0238465108116361,0.659786253143336
"NAAA",0.642870789547538,0.0637588723845467,31.0271118786778,0.00540332212511618,0.736378876781224
"NAB1",0.773660643826889,0.086157009422338,30.253057163334,0.00639933030017667,0.749056999161777
"NAB2",0.490894817519011,0.106242013895932,32.8054298244636,0.00484722977710534,0.862950544844929
"NABP1",0.500138471318212,0.0282334776387645,29.9415005283991,0.00613600608483336,0.640926236378877
"NABP2",1.44306131027889,0.108973532473188,26.5483109909739,0.00973001007356512,0.670368818105616
"NACA",8.47252809021069,0.0197751924204775,8.0436026983976,0.0254798175137062,0.000943000838222967
"NADK",1.14223649104549,0.166233373944443,27.8085457468717,0.0102098947952053,0.802074601844091
"NADSYN1",4.71961839062525,0.406872525039466,14.3670921331014,0.0267160920442949,0.75199077954736
"NAE1",2.55957671067786,0.302299084277783,20.6213157068253,0.0193763761974284,0.790758591785415
"NAF1",0.585377069010671,0.0989957357985399,31.9765440385903,0.00529409370138283,0.824811399832355
"NAGA",0.909912629464077,0.160470352771826,29.2339262530822,0.00911819376168992,0.837489522212909
"NAGK",1.7472743691907,0.126951543203671,24.5318754881678,0.011401452065185,0.637154233025985
"NAGPA",4.20753501925531,0.502141533114006,12.6402776180005,0.0330822724941039,0.838013411567477
"NAIP",0.185676885866741,0.0781482312028738,36.2856545151704,0.00118688370779677,0.928436714165968
"NAMPT",0.835727926956847,0.020091931521398,22.8670800959638,0.0130046765702103,0.399518021793797
"NANS",1.83464191703656,0.107488629966992,23.9353053878756,0.011612700318115,0.586860854987427
"NAP1L1",3.85159366762705,0.0577113668288934,13.2688745652381,0.0202344023319277,0.181894383906119
"NAP1L4",1.09213450649399,0.022631186530274,20.1377468001848,0.0155200711289223,0.317686504610226
"NAPA",3.99047247612044,0.0976881948811875,14.1534124413235,0.0185382353495334,0.276927912824811
"NAPEPLD",2.40104497416795,0.450087045605913,16.4009482597614,0.0289524248176973,0.884325230511316
"NAPG",3.38255504972419,0.327649968097016,18.2038138641953,0.0214297921347386,0.754400670578374
"NAPRT",3.24706921056773,0.347695545118645,18.0190331400843,0.0225028952507176,0.778813914501257
"NARF",2.11332401105848,0.0972049025396748,21.7669251662512,0.0131342305739957,0.502933780385583
"NARS",3.0083062309475,0.169752374753618,20.1759675876209,0.0149578542171973,0.573449287510478
"NARS2",2.02561748413357,0.393003217306294,18.9717579557398,0.0247955271877698,0.878667225481978
"NASP",1.75844616904288,0.0612288456308779,21.6835556948333,0.0133844528319725,0.438285834031852
"NAT10",1.65957485100686,0.294385198924633,22.8708944496153,0.0180528837127991,0.849119865884325
"NAT9",1.61441651298351,0.241569285256259,24.4098016718128,0.0149344280939533,0.814962279966471
"NBAS",0.588176303986757,0.0931737487272589,32.0026639183368,0.00513455365033097,0.816114836546521
"NBEAL1",3.53315079784717,0.0347699763292327,11.4685908965254,0.0226001845732178,0.0838222967309304
"NBN",2.62786989611687,0.246266662364994,21.3692928127787,0.0165971160465777,0.728310980720872
"NBPF1",0.65314884647679,0.14702897183161,30.8614067020788,0.00755200833260466,0.867246437552389
"NBR1",2.6355961130165,0.182653282247664,21.3431605403474,0.0145303609015381,0.628981559094719
"NCAPD3",0.733363663756101,0.126180014549404,30.8604901707042,0.00690745288377718,0.833612740989103
"NCAPH2",0.889137054761393,0.12049894537943,29.8729321208747,0.00747594307059486,0.793273260687343
"NCBP1",3.46232781214674,0.389008980353974,16.6156713225202,0.0251462444353891,0.796940486169321
"NCBP2",5.42169981687923,0.246844357795891,14.4923611732643,0.0195456411310527,0.524098910310143
"NCBP2-AS2",4.10832024042179,0.303778026187434,16.9440114054636,0.0206815945805421,0.680637049455155
"NCBP3",2.56958281597897,0.174587140376985,21.7968315475084,0.0141216715479534,0.630029337803856
"NCK1",2.85026722503108,0.172895569206584,20.365728284622,0.0148480065566608,0.584031852472758
"NCK2",0.825388595613345,0.186830008852012,28.9021840238174,0.0102664006041739,0.869132439228835
"NCKAP1",0.192477572256451,0.0891194524062178,35.9146634353484,0.00183235510763512,0.934409052808047
"NCKAP5L",0.384309926447692,0.181749585100332,31.2527193632428,0.00860959490604598,0.935247275775356
"NCKIPSD",1.05247234752455,0.399756300536536,20.4117709127995,0.0247955020841654,0.936818943839061
"NCL",3.07269298301192,0.0283917823073073,11.4337961108329,0.0229952322929561,0.0672673931265717
"NCLN",2.56703943732789,0.306024413407215,20.4837314616755,0.0195973151631211,0.792225481978206
"NCOA1",1.24169004471595,0.173523727535437,27.2354763211093,0.0108104638844886,0.795787929589271
"NCOA2",0.764717146368503,0.114178182369031,30.5135303413156,0.00680943868060155,0.803227158424141
"NCOA3",1.23319176288744,0.0842677770269065,26.4685840568824,0.00942734344389111,0.626676445934619
"NCOA4",2.49182614839213,0.099139121733583,20.0934082489122,0.0143708077863069,0.45536462699078
"NCOA5",0.472674691122954,0.0528689105070095,32.3340114585836,0.00408389635282557,0.759849119865884
"NCOA6",1.53201226485769,0.313702848560055,22.6670657315219,0.0191419947358502,0.872694886839899
"NCOA7",0.335289628211293,0.0142552063832484,30.2217272068163,0.00587700177079097,0.625314333612741
"NCOR1",118.042850981401,0.784897094695388,6.77310679254175,0.0678725039638286,0.298407376362112
"NCOR2",0.981947748373854,0.167100145693565,28.682440061187,0.00969423874582603,0.830783738474434
"NCSTN",2.42715942511864,0.259252322305923,21.5656731656824,0.016987042226773,0.754400670578374
"NDC1",1.10075038954246,0.221584971533975,26.9493593363344,0.0128310370241308,0.862740989103101
"NDEL1",1.5952852751439,0.114971552579056,25.2096895902396,0.0107477020800021,0.638516345347863
"NDFIP1",3.77388886930874,0.0854538549358969,13.9757191151402,0.0188870959013182,0.249895222129086
"NDFIP2",0.43639342955091,0.0434877251097738,32.7824874030131,0.00357250143797024,0.758487007544007
"NDRG1",0.5173746257443,0.0380028059933008,30.8433603365258,0.00531236259431528,0.686818943839061
"NDRG2",0.106447971410008,0.0465674026563716,38.1732857023839,0.00137056469298506,0.937552388935457
"NDRG3",3.20228298309834,0.39132656670229,17.0411948712311,0.0252009546463243,0.813809723386421
"NDUFA1",6.57055631592632,0.0901623923207141,8.74237772598212,0.0222141009043643,0.117979882648785
"NDUFA10",9.22770932240669,0.365840922876277,9.46097084640884,0.0257927464937886,0.544949706621961
"NDUFA11",2.70663038740777,0.158668337656349,21.1847902153185,0.0141659701731,0.586232187761945
"NDUFA12",3.88765606666216,0.0854126936132159,14.1328169370396,0.018806762936824,0.255343671416597
"NDUFA13",2.89764556488168,0.123670137610747,19.2248625373736,0.01498033597624,0.47024308466052
"NDUFA2",6.80180610582798,0.149166914403588,10.3852459779602,0.0202904992240386,0.260373009220453
"NDUFA3",2.82310167454381,0.074268219746243,16.5298049794241,0.0172518768654515,0.304379715004191
"NDUFA4",6.08027921860384,0.0502192438898615,8.70372458300169,0.0237729110878952,0.047883487007544
"NDUFA5",21.6598739611098,0.486653090396124,1.00291224064526,0.0323742973415834,0.390402347024308
"NDUFA6",4.6821976729784,0.0826535952602678,11.8775058540602,0.0204295848415002,0.186923721709975
"NDUFA7",1.58704357548023,0.475516219751073,16.4949123690008,0.0305858580675892,0.929379715004191
"NDUFA8",7.46526080164987,0.312356266712488,11.3926040337412,0.0228700228440359,0.528709136630344
"NDUFA9",2.83445094786263,0.428955212125593,16.5317797243078,0.0276023125669921,0.855092204526404
"NDUFAB1",4.70011932107077,0.0914984602944301,12.3966174866749,0.0198675772416886,0.217414082145851
"NDUFAF1",3.08336388428402,0.451034005890633,15.5023537893917,0.029219815639612,0.855406538139145
"NDUFAF2",2.97259434896386,0.294303928078464,19.8529918094054,0.0193005574812195,0.754819782062028
"NDUFAF3",3.33602902279204,0.126592952401223,18.3005326810007,0.0156639131013853,0.448030176026823
"NDUFAF4",1.68315522177494,0.124920004233713,25.0717636509188,0.0110171519884104,0.650565800502934
"NDUFAF5",5.54345819555265,0.602053189493962,8.85125886373848,0.0408698528124623,0.856139983235541
"NDUFAF6",2.45028794943107,0.357253615099728,19.4021581688565,0.0226389743277395,0.836651299245599
"NDUFAF7",4.18719240375657,0.5105785515784,12.410169578673,0.033690997223245,0.84325230511316
"NDUFB1",3.01226959194197,0.103893987355823,18.362300202453,0.0156138660516707,0.411672254819782
"NDUFB10",4.90472039186839,0.0901754990738239,12.0282538482872,0.0201529281577215,0.20536462699078
"NDUFB11",8.54262239746583,0.100373092665707,6.58259274469705,0.0231266050675412,0.0846605196982397
"NDUFB2",5.18516525836633,0.0668454238401306,10.1904963417422,0.0220901610443725,0.113055322715842
"NDUFB3",3.99847108297406,0.105583668161032,15.587726651388,0.0175563846855,0.333717518860017
"NDUFB4",9.42836534728328,0.13431248365538,6.02082921651667,0.0226069865404932,0.125628667225482
"NDUFB5",9.73139053475509,0.317054634213589,8.74520746823774,0.023901005756294,0.460079631181894
"NDUFB6",4.40777405166827,0.121803938013569,14.87744993612,0.0178737815101306,0.340318524727578
"NDUFB7",3.13273069570733,0.0909776736337825,17.4800657406085,0.0163598306747122,0.363579212070411
"NDUFB8",1.09786253191092,0.226494281939914,26.6409034069716,0.0131669973666979,0.860959765297569
"NDUFB9",3.44043958987232,0.0660477696315656,14.3478314524007,0.0191346033538564,0.226529756915339
"NDUFC1",3.73823926734692,0.0940844892734977,14.9377567278517,0.018075259003276,0.293587594300084
"NDUFC2",1.29477131988064,0.214015627991813,26.2995817030572,0.0128490814485321,0.830574182732607
"NDUFS1",4.6297997061064,0.391704728234597,14.858528352864,0.0257667785484334,0.745075440067058
"NDUFS2",6.18631716054903,0.269010776107349,13.2491129244512,0.020712806622744,0.520641240569992
"NDUFS3",6.40655605230415,0.22153391269867,12.7667352749418,0.0197559560051362,0.437447611064543
"NDUFS4",6.4919660832872,0.34473114053375,13.298956100933,0.0239496444185775,0.628876781223806
"NDUFS5",2.77167851642778,0.0251475901565269,11.9363645008126,0.0227713594794599,0.0744970662196144
"NDUFS6",4.26956827476887,0.0920650905691094,13.4438911750892,0.0191473041220335,0.247590108968986
"NDUFS7",5.00473245414895,0.149430478893933,14.4054856553177,0.0181328519098416,0.372380553227158
"NDUFS8",3.8599867998767,0.11684679485637,16.9082572115294,0.0166516040920039,0.391659681475272
"NDUFV1",5.25642294418057,0.167581280357142,14.751121999821,0.0181209351192485,0.411672254819782
"NDUFV2",2.96062517130607,0.0390587217398971,13.2490978675318,0.0209730216838146,0.142078792958927
"NDUFV3",3.72261235228494,0.38961180368122,16.3794869510776,0.0253225875848967,0.789710813076278
"NEAT1",0.808074760847066,0.00574407200808633,16.6171794999138,0.0196211064723999,0.170997485331098
"NECAP1",4.26470634536158,0.448818877441944,14.0067943012902,0.0293361210270218,0.802598491198659
"NECAP2",2.86206133141567,0.139811693058519,19.6725620133364,0.0147743043154835,0.510058675607712
"NEDD1",2.46177989328727,0.297837947293803,20.8951553756056,0.0190399662776925,0.792539815590947
"NEDD4L",0.09938198326996,0.0199299805488362,38.3027058857347,0.00210492113806966,0.897632020117351
"NEDD8",9.31535204293929,0.181731411459418,7.42753654913763,0.0216332303952282,0.234597652975692
"NEDD9",0.248180620385029,0.0504645421081998,35.7756179378554,0.000932615558513136,0.866512992455993
"NEIL2",0.764734244626503,0.328777238109546,23.9488643968834,0.0194587160827843,0.937552388935457
"NEK1",1.22053126382964,0.147005154917335,27.5012796127355,0.0098203174065469,0.76173512154233
"NEK4",4.8879791693873,0.589238195834545,9.58836048423814,0.0397670695080411,0.865150880134116
"NEK6",0.2429754286513,0.0865891007370606,35.4484252340095,0.00214214888434737,0.91533948030176
"NEK7",2.20638492318398,0.136959860651196,22.7365591710861,0.0128025093056008,0.59838642078793
"NEK9",4.06278893589187,0.477924385120727,13.4434291664387,0.0313057367200592,0.828269069572506
"NELFA",6.4858889817588,0.417740241456367,11.8609379206113,0.0278288072162712,0.688809723386421
"NELFB",3.80847041975589,0.583819363527104,10.4638756692937,0.0392092793635524,0.891450125733445
"NELFCD",4.17226765113303,0.248201132910428,17.4972064885608,0.0184118183980676,0.614312657166806
"NELFE",8.51667315856077,0.349073906707173,9.59495752060857,0.024693842322433,0.527661357921207
"NEMF",2.91768592127771,0.153198631030795,20.0044575731134,0.0147542096335439,0.541806370494552
"NENF",1.45809413116008,0.102868951577276,26.128816850641,0.00993856005349657,0.647212908633697
"NET1",0.144197929847931,0.0269933599104072,37.3894487703775,0.0010669486174078,0.879715004191115
"NEU1",1.1034259835541,0.0753559144704329,27.0441851979858,0.00888825739092023,0.629715004191115
"NF1",1.13320356386838,0.175428947020192,27.7326673957532,0.0105695644987035,0.814333612740989
"NF2",1.85008640451083,0.319966920891117,21.7510126903954,0.0198268302918481,0.853415758591785
"NFAT5",1.56459853492576,0.0768009959842243,23.5848380537831,0.0117041739757776,0.523994132439229
"NFATC2IP",2.81548733408039,0.244410731488539,20.8968912919329,0.0167509804153151,0.711022632020117
"NFATC3",1.57345338248448,0.142782241987416,25.8701583504527,0.0108332466232908,0.704212070410729
"NFE2L1",2.28607573308683,0.287524529837331,21.4565334184987,0.0183009862203495,0.794321039396479
"NFE2L2",1.45011818567311,0.0334659137824828,19.7605158823271,0.0155558150914028,0.32722129086337
"NFIB",0.0574262170074185,0.0114108399684556,39.3938034451674,0.00337195043816037,0.919006705783738
"NFIC",0.737173569649033,0.0875399652025542,30.9308683081963,0.00590045248303771,0.772841575859179
"NFKB1",0.715716316397078,0.0265546671392821,26.2327961945639,0.00968305079517388,0.518964794635373
"NFKB2",1.11392677142999,0.0278567952030746,21.0593676471064,0.0145072230150243,0.356768650461023
"NFKBIA",0.518346508337887,0.00248666379266057,17.0923287147294,0.0193321547959764,0.177808046940486
"NFKBIB",4.27793880654368,0.24974818220726,17.1177692269984,0.0185907489096156,0.605406538139145
"NFKBIE",0.544994685983733,0.0964333840662017,32.4249427423046,0.00488033743737706,0.834870075440067
"NFKBIL1",5.16685343717891,0.484037986709026,12.1701360414446,0.0319555303527076,0.793901927912825
"NFKBIZ",0.521794802461059,0.0183631468139856,27.3432033628704,0.00869374333558431,0.539710813076278
"NFRKB",2.02580252183143,0.394027828257355,18.8950724202272,0.0248598520041461,0.877933780385583
"NFS1",2.92246605806439,0.498578789503368,14.1553927894358,0.0326288672378724,0.885058675607712
"NFU1",1.51868148268508,0.135306552445846,25.9081646941551,0.0106165574763747,0.693315171835708
"NFX1",1.44921621508153,0.182970309582077,26.1238815986901,0.011790524945162,0.776194467728416
"NFYA",0.911564557655501,0.243441341476165,26.7937812653561,0.0138450450065748,0.892497904442582
"NFYB",1.36598353069473,0.151582411038787,26.8963917692108,0.0103711236406358,0.750209555741827
"NFYC",4.08789758166126,0.193039347023713,17.5393129676283,0.0169196959605208,0.531642917015926
"NGDN",6.08724080480576,0.280309547394051,13.09750138666,0.0210301383619928,0.532690695725063
"NGLY1",1.7477911092833,0.132350050337206,24.5192252766315,0.011489938750068,0.645536462699078
"NGRN",2.74473529112346,0.0939145025542937,18.3143660193672,0.0156604755925927,0.392497904442582
"NHLRC3",1.12162492303457,0.211531865271137,26.9766291940027,0.0123651599512645,0.847862531433361
"NHP2",2.05971686559064,0.0579985797832328,19.6602429369173,0.0151148593459679,0.370389773679799
"NIF3L1",1.35806730546545,0.243044296108706,25.3821159394838,0.0145576297715176,0.847443419949707
"NIFK",1.70086812974882,0.092290556664652,24.0759471289355,0.0113898139617841,0.56580050293378
"NIFK-AS1",1.10562143412042,0.316740111124289,23.5932704218893,0.0189392397561577,0.906957250628667
"NIN",0.824979626529917,0.0783203648630826,29.532699334665,0.00686029043391789,0.713222967309304
"NINJ1",0.615907636072842,0.0109888769808666,23.2548071113231,0.0128537602375724,0.394488683989941
"NIP7",2.55934741157317,0.190759999608667,21.8631213418626,0.0144884670062551,0.657481139983236
"NIPA2",3.953505821041,0.189170853628861,17.4883712638526,0.0168021263815462,0.523994132439229
"NIPAL3",1.4048509138284,0.227393821952422,25.5135512473041,0.0137978584393647,0.827116512992456
"NIPBL",3.23959339632136,0.112141727731305,17.2610142237893,0.0162801177001524,0.392288348700754
"NIPSNAP1",1.77144727886488,0.333433379508069,21.5059561342303,0.0206315092156117,0.866617770326907
"NIPSNAP3A",1.33776704084604,0.242346139825096,25.4361459726077,0.0144923473240186,0.848072087175189
"NISCH",3.26762882779896,0.42553149890248,15.9511338226501,0.0274874342294653,0.830993294216262
"NIT1",2.52868543441009,0.2847475930664,20.928267693256,0.0183922239498986,0.773679798826488
"NIT2",3.04178776097478,0.257859818181954,20.4026219545327,0.0175591523194899,0.7162615255658
"NKAP",3.85160737035785,0.251610885449387,18.1135698785756,0.0182317777558549,0.637887678122381
"NKIRAS1",0.863703888600631,0.33732832151277,23.3610171735944,0.020157448187394,0.932313495389774
"NKIRAS2",3.74581867922605,0.324631312495762,17.5948211998003,0.0214983152496497,0.731035205364627
"NKTR",2.73308287863703,0.141435421597667,20.564393075342,0.0142674310422522,0.539710813076278
"NLE1",1.4229601596218,0.359255500656715,21.3326311437441,0.0221228005075006,0.901718357082984
"NLRC5",1.18997172975474,0.139100775899252,27.7241956374664,0.00946096268242924,0.755972338642079
"NMB",0.117681538474483,0.00198065769598007,32.9477913698768,0.0031169764710875,0.692267393126572
"NMD3",1.37179071023285,0.18534070998804,26.3972304880982,0.011702993051165,0.788453478625314
"NME1",0.86921119047465,0.128665838036185,30.112684589939,0.00754189094147954,0.814019279128248
"NME2",2.8453937349838,0.046688793387637,15.9874223600832,0.0184686087760838,0.240360435875943
"NME3",2.13615999326075,0.13123609000127,22.7890950915691,0.0126671582219998,0.590632858340319
"NME4",0.34212194976075,0.0395644227435621,34.2108466592687,0.00219591185045197,0.797883487007544
"NME6",2.32815001019219,0.308380098676152,20.9446426583526,0.0195298512315685,0.810247275775356
"NME7",1.82913111360867,0.319471238320846,21.7478799506268,0.019780016197081,0.85268231349539
"NMI",1.9953488205553,0.152675690921619,23.9213852154812,0.0123283198200929,0.659995808885163
"NMRAL1",1.89949075615839,0.320519433673165,21.7061841438908,0.0199007812160394,0.85268231349539
"NMRK1",0.600178274750351,0.0550687328155566,31.1792402005812,0.00516299864389747,0.726634534786253
"NMT1",3.85175269996354,0.309248113560814,17.4816823404881,0.0207686247418513,0.704945515507125
"NMT2",0.535914393628394,0.237879341937527,28.3658601345943,0.0127757919701118,0.93336127409891
"NNMT",0.0194930491918443,0.00270057171206236,40.7343630596941,0.0049332359824109,0.948344509639564
"NNT",3.74440260456018,0.41457577104134,15.6646042642648,0.026930270915565,0.804589270746018
"NNT-AS1",1.01822016157771,0.235852589665307,26.6789859808547,0.0135628070401175,0.876886001676446
"NOA1",4.78751341941812,0.411732590176746,14.3664668814409,0.0270898484070081,0.758382229673093
"NOB1",5.152205133277,0.27943903193546,15.2902199809349,0.0203616245605483,0.59524308466052
"NOC2L",3.94645925661654,0.231341606063864,17.7684842789872,0.0176938384445828,0.597024308466052
"NOC3L",0.953105375541318,0.163493310830116,28.8419789547606,0.00946016588794292,0.830050293378039
"NOC4L",6.94180322515787,0.550721007303621,9.20834575240035,0.0370419628150119,0.788558256496228
"NOL10",5.7479448101549,0.556197419879143,10.0228691305509,0.0373831411504126,0.826592623637888
"NOL11",2.713188720492,0.212901329387413,21.3038757692613,0.0154342881587199,0.674979044425817
"NOL12",3.13894309863451,0.718635766464946,5.73085702801603,0.0498513077964138,0.948449287510478
"NOL7",117.598398200527,0.792267584104169,8.28511655552891,0.0702896124813611,0.317476948868399
"NOL8",1.34732706698983,0.123542388921725,26.8859119498197,0.00970161642246454,0.704631181894384
"NOLC1",1.55708713644853,0.0955209755873901,25.0142472335425,0.0106850773855405,0.600272422464376
"NOM1",2.39834909546439,0.391907028697399,18.4056005093199,0.0248995025741637,0.858445096395641
"NOMO1",1.75066985552996,0.558219442293081,12.8946224182494,0.0368773894656981,0.94279128248114
"NONO",5.91553511547314,0.129003642582489,11.376140573904,0.0198970276464744,0.253981559094719
"NOP10",4.17125205032783,0.0670212581567576,12.0827712530749,0.0207611986008249,0.163453478625314
"NOP14",1.41082577365022,0.137550568461372,26.7222473883329,0.0101364112625049,0.722233864207879
"NOP16",1.15091688816697,0.0848399788371452,27.3514549334889,0.00874231919878731,0.655385582564962
"NOP56",1.77125940979754,0.0861033148317079,23.3134418110491,0.0119560311998424,0.53174769488684
"NOP58",1.67220006551274,0.0349916436559139,17.9052443149069,0.0171555042654565,0.272212908633697
"NOP9",2.1066822757199,0.600637897333463,10.8748794615224,0.0402191248913665,0.941743503772003
"NOSIP",4.7342758114156,0.157406132365839,14.6267303681343,0.0179413689551999,0.390611902766136
"NOTCH1",0.842506877766459,0.191390468400713,28.6778994001431,0.0105764101816334,0.869341994970662
"NOTCH2",1.16556384405347,0.105997616450135,27.9172118813484,0.00861695319950791,0.708193629505448
"NPC1",0.865727816878493,0.135396648878352,29.6191776398852,0.00803442371564286,0.809409052808047
"NPC2",0.458977986177781,0.00966628923355445,25.9023422894637,0.0102453849344411,0.477263202011735
"NPDC1",0.414460257303474,0.0337115692739802,32.4447805164849,0.00378795198652452,0.731035205364627
"NPEPL1",1.62259767704094,0.525353169881458,14.3897138027822,0.0343432990758689,0.939962279966471
"NPEPPS",3.59377370696968,0.153978217393201,18.0048855775556,0.0160058281262385,0.483654652137469
"NPHP3",1.2230448368945,0.481219747457826,16.6735295391101,0.0309013989431034,0.945620284995809
"NPLOC4",3.67126685673724,0.502427462955014,13.1923392057045,0.0330236474146271,0.857711651299246
"NPM1",3.99234362980964,0.0147981529699688,9.9912036907413,0.0248736848269013,0.00712489522212909
"NPM3",0.802216231766587,0.126978099209305,30.4580373764143,0.00723123407297382,0.822191953059514
"NPRL2",3.29632597138106,0.368707772946102,17.3903137142447,0.0237986889593279,0.790863369656329
"NPRL3",4.45876269466348,0.431860255024155,14.2608257260128,0.0282740732893462,0.785100586756077
"NPTN",1.76425680304916,0.0958056280901739,23.6269173944915,0.0117330011585637,0.557732606873428
"NQO1",0.245386537751491,0.0749928978454315,35.7091615869213,0.00159436965612297,0.90475691533948
"NQO2",0.517862234614792,0.0659222427701233,32.6370141650111,0.00404747057006256,0.791387259010897
"NR1D1",0.206150390746493,0.0989258416485004,35.4366239673556,0.00253156101150116,0.935037720033529
"NR1D2",0.59690957732446,0.152117228962171,31.0168956060672,0.00761452972817166,0.880343671416597
"NR1H2",6.88530339549162,0.256456204459059,11.3422857231193,0.02087110494235,0.448134953897737
"NR2C1",2.83491489293369,0.481612595057222,14.7561493654435,0.0313344285081997,0.878981559094719
"NR2C2",1.88007354092737,0.309994790562307,21.8945507707062,0.0192315765345508,0.842623637887678
"NR2C2AP",1.89539872131896,0.235135944624173,23.7635994071901,0.0150169964891206,0.784786253143336
"NR2F6",0.996003820028403,0.423676532641383,19.4797900890489,0.0265289564445036,0.945096395641241
"NR3C1",0.846799564004882,0.00989170536615715,17.8455850271452,0.0182050306085273,0.218776194467728
"NR4A1",0.130912452524023,0.00275046127452143,33.1555472291584,0.00290825776815962,0.700440067057837
"NR4A2",0.187477778978735,0.00771625562598177,33.1126854294978,0.00296938895425487,0.707774518021794
"NRAS",4.21204791870779,0.297798986066027,17.1682506304939,0.0204591783351361,0.678122380553227
"NRBF2",3.26892142006266,0.211982737206923,19.7560395743626,0.0162171277823528,0.626781223805532
"NRBP1",4.51548980606278,0.154125347923292,14.7562085003675,0.0178065271522796,0.388621123218776
"NRDC",6.26414770996733,0.228490687318685,12.6239008805904,0.0198420188149297,0.443419949706622
"NRDE2",2.36002592126364,0.45544776678728,16.2520896783375,0.029321609141305,0.887992455993294
"NREP",0.0749664821442735,0.0179678856558409,38.9818822264259,0.00282226600148042,0.916492036881811
"NRIP1",0.297887678894449,0.0681820855282848,35.1075187670879,0.00193516354835914,0.874266554903604
"NRM",0.771243889815798,0.166298098282469,29.8779098746392,0.00890895149582219,0.867036881810562
"NSA2",7.68593823757873,0.153742260526486,9.01247265432883,0.0209583626567535,0.231454316848282
"NSD1",3.10543238470066,0.167880253166007,19.8241796186653,0.01512813950552,0.559932942162615
"NSDHL",3.09802783696784,0.528353741913,12.8915262945608,0.0348493165057458,0.889459346186085
"NSF",1.41923093514322,0.153348540078689,26.3934754786874,0.0107174221504361,0.73742665549036
"NSFL1C",3.08825818905504,0.168210604350791,19.8248883435936,0.0151240644250432,0.560456831517184
"NSL1",4.37909593950198,0.275720508439696,16.94816110454,0.0196249733526499,0.638935456831517
"NSMAF",1.95610593891552,0.217748554050237,23.8318903330077,0.0143097615471485,0.759849119865884
"NSMCE1",1.78444852264979,0.110906267513731,24.4166099342045,0.011306957786605,0.607397317686505
"NSMCE2",5.39067253323344,0.455117908526941,12.651379416255,0.0300408081395133,0.766764459346186
"NSMCE4A",2.17942266705061,0.250272628358168,22.5206784337128,0.0162065671703191,0.769907795473596
"NSRP1",1.76877963236605,0.16089782111637,25.0298794141811,0.0118321430960901,0.707250628667225
"NSUN2",3.6330420403469,0.311344447123635,17.8077315918587,0.0207242142290859,0.718147527242246
"NSUN3",2.87833865028498,0.543172807876616,12.5448937312605,0.0359244234313594,0.902032690695725
"NSUN4",4.61237827118762,0.572599990458009,10.2950479018451,0.0384577091985243,0.864836546521375
"NSUN5",4.0043929472748,0.305071443010858,17.2161836725967,0.0206690944567984,0.690695725062867
"NSUN6",1.56057522985866,0.300134878849177,22.9663808846832,0.0183062126074458,0.861064543168483
"NT5C",4.65293174669186,0.201316555816466,16.2014961741848,0.0177640869253934,0.505238893545683
"NT5C2",2.59175827790452,0.306250429698081,20.3757792522995,0.019634009800834,0.789291701592624
"NT5C3A",1.76426386254883,0.0898474479749512,22.9878382089309,0.0121725949441663,0.527766135792121
"NT5C3B",2.02965616160708,0.324301114170522,21.2519103480029,0.0202489597357854,0.844300083822297
"NT5DC1",1.85303176198285,0.271352673460348,23.0949936597119,0.0168908287667027,0.820201173512154
"NTAN1",2.73880956020476,0.24973545488084,21.1896032861603,0.0168569292361212,0.727996647108131
"NTHL1",1.32560772788219,0.285757772382432,24.2236884488371,0.0171114262956098,0.877933780385583
"NTMT1",6.43508663760827,0.352776392429146,12.7227819348243,0.0242462216365348,0.624056999161777
"NTPCR",3.31137040498172,0.453847698876194,15.2433021363257,0.0295168559188153,0.850481978206203
"NUB1",0.756785422777365,0.0443277289549425,27.8573429440095,0.00806164169374038,0.602158424140821
"NUBP1",3.89989787225974,0.352737845766108,16.7780074406922,0.0231525420456724,0.747590108968986
"NUBP2",5.51424880527737,0.292979504819987,14.5615206067346,0.0211236822747929,0.593461860854987
"NUCB1",2.28758493603135,0.0851866139278949,20.4927176745514,0.0141399556303062,0.443734283319363
"NUCB2",0.45897754253167,0.0316743174722386,31.4634569960218,0.0047052991163722,0.69593461860855
"NUCKS1",1.08357282986735,0.035295180862099,24.3390717564417,0.0113796691759806,0.474958088851635
"NUDC",2.05628276767665,0.0420458873629408,16.6458252058648,0.0180120057419444,0.247380553227158
"NUDCD1",2.45780861194636,0.320820527359769,20.3524174162494,0.0203754853839664,0.810771165129925
"NUDCD2",3.19925932959381,0.15278427357226,19.5522765392575,0.0151004173597453,0.527870913663034
"NUDCD3",1.91638266866243,0.285627546301152,22.4381989823725,0.0178048957684427,0.821982397317687
"NUDT1",0.815938766973534,0.0556935625198182,29.4169004140401,0.0067654453596393,0.67162615255658
"NUDT14",0.675971001339566,0.146249025996403,30.7484940654042,0.00760450709257754,0.86242665549036
"NUDT15",1.15546325868196,0.203297783954286,27.245529391581,0.0119235348001298,0.843147527242246
"NUDT16",0.896720180295013,0.25401716959148,26.4934690449507,0.0144931514259051,0.899727577535624
"NUDT16L1",2.6520943571017,0.182931985901816,21.3113449578643,0.0145591844712663,0.628457669740151
"NUDT19",1.25126399593622,0.424490054181783,19.0271114384127,0.0266934788146215,0.931265716680637
"NUDT2",4.84978464122299,0.458878222479318,13.3711461886666,0.0302590446195825,0.795054484492875
"NUDT21",2.7015703097606,0.0899921757935869,18.8894515871907,0.0153159143542361,0.40360435875943
"NUDT22",1.93139975338957,0.160660043792609,24.1438311328396,0.0123572087143124,0.679589270746018
"NUDT3",3.64289817297273,0.367243561103214,17.0537986185088,0.023901881156362,0.77745180217938
"NUDT4",0.940068923650395,0.0420361952130414,25.909304085837,0.00985218208955194,0.536357921207041
"NUDT5",1.59905699561784,0.0589945566280809,22.2149151113672,0.0129469405837985,0.450544844928751
"NUDT8",0.438280432321086,0.234718622092752,28.9127159874162,0.0123466146269439,0.945620284995809
"NUDT9",1.12085915803983,0.127093220877856,28.1070953101785,0.0088906726015459,0.748533109807209
"NUFIP1",1.14995879832911,0.266500441352538,25.2786458386144,0.0156729612871221,0.881077116512992
"NUFIP2",1.98321090285537,0.125141924017444,23.4553963421346,0.0121376356548688,0.601110645431685
"NUMA1",1.55492904634239,0.103599931987012,25.0525678039199,0.0107119148114757,0.614836546521375
"NUMB",2.66278337189965,0.195550919224508,21.5647981093703,0.0147936499124057,0.655909471919531
"NUP107",1.92570003361396,0.235846663026896,23.7402692249928,0.0150769312381121,0.785100586756077
"NUP133",3.27517312755548,0.413303024484337,16.333301557824,0.0266775689290126,0.824497066219614
"NUP153",2.40414457893742,0.225296784544214,22.2600980858787,0.0153840270572207,0.723281642917016
"NUP155",2.12306856697407,0.389875513949459,18.9213520628244,0.0246286666694173,0.872066219614417
"NUP160",5.39170937029571,0.496764387452654,11.6495057441184,0.0328897948844375,0.795159262363789
"NUP205",2.26742474780877,0.357888034634266,19.7153674742238,0.0225690807615193,0.847652975691534
"NUP214",2.76244569471035,0.306784047897705,19.8569251497423,0.0198136446747522,0.774203688181056
"NUP35",5.17553823770479,0.61769577226398,8.61954439999203,0.0420847189456988,0.873428331936295
"NUP37",1.01138559395516,0.157851978293562,28.7765615296497,0.00933640298597732,0.81894383906119
"NUP50",2.87193902205323,0.179201029127838,21.0916329989702,0.0146892081134683,0.615989103101425
"NUP54",6.7286407900887,0.462803750572635,11.1022420229987,0.0307993545823477,0.726948868398994
"NUP58",2.47971327628723,0.139521765865487,21.5233162708614,0.0136238285111717,0.565590947191953
"NUP62",2.10851051602407,0.143966476101543,23.3116219537585,0.012545039374747,0.627305113160101
"NUP85",3.39196915464281,0.462126081591624,14.8116100108608,0.030093963486851,0.849329421626153
"NUP88",1.79612404788426,0.338939738953703,21.2041772672018,0.0210109070684568,0.865779547359598
"NUP93",2.08762227497616,0.306532161764014,21.5899784926268,0.0192032035513726,0.827535624476111
"NUP98",2.53356041742838,0.124950411661935,20.9256783427848,0.0138653477396765,0.523679798826488
"NUPL2",4.99438579505301,0.346695053236758,14.998980406762,0.023344180895815,0.684094719195306
"NUS1",2.06304841547693,0.202507187160136,23.5830142568712,0.0139007788114455,0.728415758591785
"NUTF2",3.69988013842595,0.0992623889197862,15.8716760290121,0.0174000722640865,0.330574182732607
"NUTM2A-AS1",4.49171469167985,0.251530776455379,16.5958793045977,0.0188577832571897,0.592623637887678
"NUTM2B-AS1",5.58658746741216,0.255289691321539,14.1778938224849,0.0199077907074883,0.52745180217938
"NVL",3.08995679046919,0.51300215464725,13.440573137543,0.0337066831981144,0.883696563285834
"NXF1",1.89654802855525,0.154618961912196,24.2432312120336,0.0121486194490785,0.672988264878458
"NXPE3",0.811990245252887,0.172854104693696,29.2523891050232,0.00950984480383002,0.857921207041073
"NXT1",3.09774180186684,0.16092628224451,19.8284127063598,0.0150213779573992,0.549036043587594
"NXT2",0.501225947222282,0.0949890604922514,32.8646928367252,0.00449423247925579,0.846500419111484
"OARD1",3.68388836908653,0.365718616561549,17.0087579872823,0.0238275359182777,0.773784576697402
"OAS1",0.203176276187925,0.0178022314441905,34.9606689047166,0.00118218303154879,0.785310142497904
"OAT",0.979535974117479,0.067070193520322,27.8962124928155,0.00813076183824204,0.642602682313495
"OAZ1",6.41670865647159,0.015424786487817,8.97358286667137,0.0252916707912505,0.00146689019279128
"OAZ2",1.3158912819114,0.142797180921204,27.2417351141471,0.00991343430781162,0.74685666387259
"OCEL1",0.892845508220762,0.268778899557413,25.9387841105388,0.0154621121207602,0.90559513830679
"OCIAD1",8.41991364878722,0.22285238177859,8.71528626362722,0.0212487683680214,0.327430846605197
"OCIAD2",1.59588216164305,0.0544994842490051,21.7352066690543,0.0134044050739378,0.427598491198659
"ODC1",0.685248167594052,0.0264328312012543,26.584233615231,0.00934798420701375,0.529966471081308
"ODF2",2.50236068436937,0.266926860856269,21.4527839189262,0.0174184425203557,0.762468566638726
"ODF2L",1.28375559591796,0.0918192244415033,26.3526436046397,0.00958658374668611,0.635687342833194
"ODF3B",0.988088728320273,0.141101589204985,29.0476402062614,0.00862633104228246,0.800607711651299
"OFD1",0.972589946168221,0.0675688447457208,27.5314614435021,0.0084163394832651,0.631810561609388
"OGDH",2.42272244085162,0.14985122491598,21.9231430456436,0.0135213609973094,0.59440486169321
"OGFOD1",2.16631347492119,0.250569867061001,22.5743171026501,0.0161989898019276,0.772003352891869
"OGFOD3",2.93771486772013,0.383104847402361,17.8730250797195,0.0245787292571572,0.827326068734283
"OGFR",3.53856971455102,0.192336471071661,18.6217824226792,0.016256348585153,0.562447611064543
"OGFRL1",0.255646747166301,0.0720760758842604,35.6001330146556,0.00160746837112459,0.896479463537301
"OGG1",1.74358728690381,0.423092364423545,18.345254709519,0.0267968477590376,0.906014249790444
"OGT",1.6425427277402,0.0840339198508016,23.459913789559,0.011800376682576,0.532481139983236
"OLA1",6.53571792598787,0.230767529712484,13.1953300018852,0.0199092652582293,0.463537300922045
"OMA1",1.30394340770245,0.352873112588561,21.7655640229356,0.0215947438088332,0.905699916177703
"OPA1",4.06507154895557,0.390819988309065,15.6911210014221,0.0255046610443353,0.770117351215423
"OPA3",1.96693043150326,0.383073916126422,19.4215506707966,0.0240837060682696,0.877619446772842
"OPN3",0.182352989401568,0.0251791950513169,36.2827792295934,2.09929910415796e-05,0.840737636211232
"OPTN",1.58821198457195,0.0386867576727666,19.2309576950925,0.015875962277859,0.320410729253982
"ORAI1",0.843282542887209,0.0716075620557601,29.1856912826706,0.00706951602340954,0.691010058675608
"ORAI2",0.650828093712957,0.0462292290444363,29.8136202690842,0.0063091607508776,0.667958927074602
"ORAI3",0.724813815754584,0.204524699062457,28.7867832285863,0.0110438179004151,0.893650461022632
"ORC2",2.66850903983117,0.394428084675241,17.7635427232144,0.0251698191768484,0.841994970662196
"ORC3",2.08214860557404,0.348048125359865,20.3494301543256,0.0218083536362192,0.85268231349539
"ORC4",3.37395667671817,0.378023180352953,17.0612384776137,0.0244190524003916,0.794425817267393
"ORC5",2.55513563455792,0.42338906001688,17.0909585202804,0.0271148476054385,0.864941324392288
"ORMDL1",4.97219916142186,0.183521218447789,14.5386324017361,0.0181920607555325,0.429274937133277
"ORMDL2",2.9440502403744,0.219819346288616,20.6375132355432,0.0160024198603202,0.665444258172674
"ORMDL3",0.907403153692472,0.0966326545611182,29.2716643829556,0.00736902085667204,0.735331098072087
"OS9",3.50757324735751,0.141082242491792,17.5338114467058,0.0161343518714147,0.448554065381391
"OSBP",2.93585469044311,0.444528644854209,15.8718910187088,0.028712296752415,0.857711651299246
"OSBPL11",1.10144580050606,0.349786303592267,22.3279532531839,0.0212308666116448,0.918901927912825
"OSBPL2",1.70416512270671,0.287621247264987,22.9561321484561,0.0176881317481049,0.8412615255658
"OSBPL3",1.16327362674493,0.183303776484864,27.497429178828,0.0109973595941796,0.819467728415759
"OSBPL8",1.99413489447251,0.074929263477808,21.1336264419839,0.0136922161851229,0.445305951383068
"OSBPL9",2.94807791559126,0.28338785140023,20.0084715809366,0.0187224647038716,0.743189438390612
"OSER1",2.22667422166193,0.115959625598028,22.2207022196001,0.0129205349543763,0.548302598491199
"OSGEP",3.02406251886549,0.228653051364201,20.3443618261774,0.0164292486350986,0.670159262363789
"OSMR",0.0840221281992567,0.0452630977653588,38.6083281205523,0.00181042199175348,0.949497066219614
"OST4",7.33345633649349,0.0588798072891738,7.26912509150875,0.0242573258753182,0.0299664710813076
"OSTC",2.73360021706138,0.0512258527650945,15.3116601760082,0.0188287239190474,0.226215423302599
"OSTF1",1.64414107217315,0.0385096052556605,19.3411853998649,0.0157970933246546,0.323973176865046
"OSTM1",1.69810767718988,0.170597761580538,25.0311109994882,0.0120511656340997,0.722757753562448
"OTUB1",118.675544249445,0.772690607308608,4.30566447863949,0.0639891042008306,0.267812238055323
"OTUD1",0.320862448618738,0.117553568468395,33.8714535977573,0.00437070569574108,0.915234702430847
"OTUD4",1.66316747857125,0.219637473718558,24.7067070084968,0.0138984118024541,0.789920368818106
"OTUD5",0.954970412886662,0.114838709291256,29.0895167241022,0.00788318541736767,0.75943000838223
"OTUD6B",2.08152346349876,0.393334741224018,18.8186868713003,0.0248375200459153,0.874371332774518
"OTUD6B-AS1",2.18383563355563,0.153579390140976,22.9134669190889,0.0129589215902033,0.630553227158424
"OTULIN",1.45787528071767,0.178489888446531,26.136470739779,0.0116360353722294,0.769488683989941
"OXA1L",6.58556427861606,0.200598490309895,12.1997900550449,0.019675020522816,0.390297569153395
"OXCT1",1.83415911176913,0.164270987857441,24.8287163022897,0.0120596985832634,0.706412405699916
"OXLD1",2.60719366375164,0.275519810985718,20.8707967748549,0.0179948061938964,0.757858340318525
"OXNAD1",0.650328244949326,0.0899802780824197,31.4485492480956,0.00550991020060594,0.793273260687343
"OXR1",0.99834864065623,0.153527895121933,28.7688095713848,0.00918319270009754,0.811818943839061
"OXSR1",1.38821929174815,0.111777115237232,26.5976301462353,0.00970579823504129,0.676445934618609
"P2RX4",0.88550552986047,0.264413165467609,26.1484205880711,0.015157165106551,0.905280804694049
"P3H1",0.741051098527256,0.141340938844746,30.450546791587,0.0076503329171814,0.845138306789606
"P4HA1",0.711014487620386,0.0460741246111382,29.0572274678681,0.0069953507444919,0.643545683151718
"P4HA2",0.173418185856403,0.039995211744791,36.987380356506,0.000416866784405126,0.888306789606035
"P4HB",2.07611960948486,0.0301550444740059,15.1735977526894,0.0197494902589146,0.179798826487846
"P4HTM",2.02299066745984,0.290612475464516,22.0829287880133,0.018202942698689,0.818524727577536
"PA2G4",3.10709975181714,0.0664030848480826,15.0347125631576,0.0185851152673353,0.246227996647108
"PAAF1",1.98057363722261,0.440610625027096,17.3482952966667,0.0281469393632255,0.900880134115675
"PABPC1",4.11708525709918,0.00959206233250942,10.0516543640476,0.0251162300474996,0.00115255658005029
"PABPC4",2.62137939107854,0.181811072809781,21.877210488234,0.0142886643627852,0.643860016764459
"PABPN1",3.61193026084757,0.188997410311028,18.9505549131328,0.0161131313247291,0.567162615255658
"PACS1",1.20335771914788,0.230808620752618,26.1261410696848,0.013619597997402,0.851634534786253
"PACSIN2",1.06319194422398,0.0981214022285889,28.2943721151267,0.00817296272919733,0.707041072925398
"PAF1",3.64292368923121,0.17843068866246,18.3148582050728,0.016175234393019,0.531642917015926
"PAFAH1B1",7.60027809784043,0.208869461441986,10.1665832494176,0.0205834029791501,0.34639564124057
"PAFAH1B2",2.9737387685096,0.27253370728708,20.1111215988197,0.0182124512669546,0.729882648784577
"PAFAH1B3",1.203457512465,0.105521352009975,28.0810616357632,0.00852398451522735,0.712594300083822
"PAG1",0.588399737456455,0.0285894388864335,28.4196136482965,0.00758430428213233,0.592623637887678
"PAICS",0.937015853941648,0.0789562074538582,29.2376319690673,0.00716000185141071,0.705050293378039
"PAIP1",1.30293352238761,0.0892458658431418,26.1781006302298,0.00970277023244141,0.625943000838223
"PAIP2",3.73204901688414,0.0524461038478981,11.3671362424256,0.0218403629800134,0.113055322715842
"PAK1",0.553515096549411,0.0560732975513642,31.9549650294176,0.00449320567691976,0.75314333612741
"PAK1IP1",0.854281351228801,0.132921078515523,29.8465950449041,0.00781728621786152,0.812552388935457
"PAK2",3.14172759129891,0.0540322835542684,13.5324113474493,0.0201284746062316,0.178436714165968
"PAK4",2.92699223068393,0.544104597524144,12.5104442698492,0.0360253513494112,0.901927912824811
"PALLD",0.0834755844858754,0.0108526557783573,38.2738066213821,0.00224430362097519,0.881496227996647
"PAM",0.475987499380548,0.0522851366834283,32.4620695565669,0.00397023794936282,0.762992455993294
"PAN3",4.28365956368647,0.572183629087159,10.5147834698614,0.0383694824934538,0.873113998323554
"PANK2",3.28792169900019,0.212554274611925,19.8214607244747,0.0162253182920039,0.629610226320201
"PANK3",3.54841924239842,0.434126994881746,15.3482815201658,0.0281631780388717,0.824287510477787
"PANX1",0.897020057456495,0.151504636991531,29.3628925356808,0.00872188952367835,0.82722129086337
"PAPOLA",6.03109520963059,0.123793420829287,10.2531615802991,0.0205287927293589,0.213013411567477
"PAPSS1",1.37628796898125,0.107617201473721,26.6417513500505,0.00961087391382602,0.670997485331098
"PARK7",3.75788666534377,0.0375391405822041,11.0941657459277,0.0227473126499983,0.0790025146689019
"PARL",6.58673373872135,0.39081201847866,12.3357623211801,0.0263526581171071,0.665025146689019
"PARN",3.20203933246206,0.39776854250586,16.9501203770382,0.0256368677065752,0.820410729253982
"PARP1",2.09822003699738,0.0667925357493745,20.1478031385476,0.0145781578278347,0.400984911986588
"PARP10",1.14549896563488,0.163045721482616,27.745845778229,0.0101343433945509,0.795054484492875
"PARP12",1.16168602200392,0.164254371890032,27.6776174480133,0.0102205554525025,0.794844928751048
"PARP14",0.750159952930179,0.050972234263906,28.8893404546995,0.00716045499413803,0.646584241408215
"PARP2",1.12181730231476,0.311514393107679,23.8002416726126,0.0185955063739819,0.905176026823135
"PARP3",0.6437514103883,0.258690718920762,27.1663661310074,0.0143905285112485,0.928436714165968
"PARP4",1.58840065565187,0.198867399908628,25.4006663992264,0.0127667187799691,0.778813914501257
"PARP8",0.583070831131765,0.0471496370167154,30.5194851827276,0.00566316847490305,0.692057837384744
"PARP9",0.769547997446448,0.114076168895143,30.5421280640387,0.00679162452399668,0.803960603520536
"PARVA",0.0931416452793897,0.0436803175797209,38.4752545095916,0.00172767773823555,0.942581726739313
"PARVB",1.19314086603484,0.110603072271447,27.9467642802101,0.00869481651063832,0.716680637049455
"PATL1",4.24352911549333,0.352066328553594,16.1278974796802,0.02327802211924,0.726634534786253
"PAWR",0.120700653095552,0.0385912483662653,38.0197761073045,0.00142448618107009,0.919425817267393
"PAXBP1",2.08634562961376,0.304860837102825,21.5219923479982,0.0191098055325827,0.823030176026823
"PAXIP1-AS1",0.792780191334569,0.284360679953742,25.655525899839,0.0163743007292177,0.921311818943839
"PBDC1",2.8202216231024,0.177268120246166,20.9022351521086,0.0146947964124208,0.607187761944677
"PBRM1",2.29307627437878,0.154950858793623,22.9591442900309,0.0130256519442183,0.634220452640402
"PBX2",1.72794685414904,0.337458062650043,21.3878997484327,0.0208622206853113,0.869341994970662
"PBX3",0.529950338529067,0.172524163726507,30.8052581537774,0.00851872780144816,0.906328583403185
"PBXIP1",0.554592589241485,0.013796037488104,25.0870225293445,0.0109736817303431,0.458612740989103
"PCBD1",1.99103808015878,0.105281923963455,23.1334553044938,0.0121928799636271,0.558570829840738
"PCBD2",1.28263248097891,0.301373164197706,23.7706549138647,0.0180819443714153,0.888202011735122
"PCBP1",2.29960125397816,0.0257261131133994,13.2928065256638,0.0215982989228607,0.114103101424979
"PCBP2",13.364329870631,0.0533662702142569,4.78357218267064,0.0255877690649511,0.00209555741827326
"PCBP4",0.627223409213236,0.32084143823199,24.6417871903932,0.0187546493351243,0.9470871751886
"PCCA",3.33040768775752,0.688964558967674,6.85750577633858,0.0474898980980338,0.93765716680637
"PCCB",1.61065333424392,0.402719822955712,19.3751990740421,0.0252901853932884,0.907166806370495
"PCED1A",0.613591506162473,0.226491819463002,28.504680651352,0.0121713174264453,0.91963537300922
"PCF11",2.11268770416659,0.141690635899412,23.1958896611711,0.0125719315942214,0.620075440067058
"PCGF1",4.36296698366446,0.422871697390031,14.5853338187073,0.0276549135016257,0.782271584241408
"PCGF2",0.104612408291013,0.0297762620569995,38.404829386888,0.00199626760422378,0.91733025984912
"PCGF3",4.52947862764348,0.540225198988236,11.3156627438649,0.0359778489535521,0.850377200335289
"PCGF5",2.87819908250876,0.153099103937459,20.0805489891824,0.014697335117823,0.543901927912825
"PCGF6",2.2614606876537,0.403707299393366,18.2142047061149,0.025640711936687,0.870808885163453
"PCID2",2.51123830620714,0.236963891182727,21.574510884621,0.0160915055836634,0.720452640402347
"PCIF1",3.30717063791297,0.250332387262975,19.3211176327062,0.0176264857997311,0.672359597652976
"PCK2",0.572766325337822,0.139119508825017,31.6288013980016,0.00675769622492642,0.878772003352892
"PCM1",3.07791190271398,0.151550205599551,19.489956834421,0.0150589401541393,0.523784576697402
"PCMT1",5.18505685117761,0.158186163948051,13.6817747510811,0.0184838684969112,0.365150880134116
"PCMTD1",1.77469099905244,0.117827064157085,24.0833436540779,0.0115741701251044,0.608340318524728
"PCMTD2",0.787637151571818,0.25708021180109,26.7236653190473,0.0145219497194774,0.911881810561609
"PCNA",0.336608202060178,0.0211577744321301,32.2888090820557,0.0038513369650585,0.704421626152557
"PCNP",117.927026683969,0.787324379389987,7.05753928474866,0.068315641994447,0.301865046102263
"PCNT",0.858224898023147,0.16193659500146,29.4356701201555,0.00903000312002252,0.846186085498743
"PCSK7",1.99951849463113,0.153723417935059,23.7919192615375,0.0124172786221522,0.657690695725063
"PCTP",2.05153035196164,0.483949369337973,15.5821018080906,0.0313247510839523,0.911672254819782
"PCYOX1",1.07337346949555,0.259900560924132,25.6896689926103,0.0151532501488863,0.883696563285834
"PCYT1A",3.72547035132935,0.420552945121422,15.5154577506961,0.0273144265418471,0.808885163453479
"PCYT2",2.6336202700951,0.492893526513313,14.6139040524582,0.0321274672041606,0.892288348700754
"PDAP1",3.41105540920588,0.11736398804354,17.8429599619073,0.0159706876240179,0.419321039396479
"PDCD10",7.42091571203522,0.244900629095831,10.5565582010961,0.0209418937773931,0.409576697401509
"PDCD11",1.36582700027482,0.273846289200389,24.3577267544127,0.0164332049724123,0.863683989941324
"PDCD2",5.60225079869873,0.209868284332079,13.8997854317521,0.0189650753984407,0.451802179379715
"PDCD4",0.808545870158192,0.0137965692767024,20.4702124004519,0.0154922017360418,0.310561609388097
"PDCD5",2.06446417131172,0.0523131948173917,18.9869781266309,0.0157841552685819,0.339375523889355
"PDCD6",6.48344558049494,0.133119494700587,9.77302841380808,0.0206704484338652,0.21594719195306
"PDCD6IP",4.84390567491773,0.202259624110799,15.1829859842502,0.0181641903676569,0.47684409052808
"PDCD7",2.34207277186238,0.247972382593033,22.1512172001322,0.0163002671720509,0.754924559932942
"PDCL",2.1069014341168,0.230334348659627,23.0903005755998,0.0151464045912984,0.756601005867561
"PDCL3",0.999184273546245,0.025220208497005,21.8783770620884,0.0138138981849961,0.377724224643755
"PDE12",4.95708775175264,0.488921051919563,12.2954797027603,0.0322794091727329,0.805322715842414
"PDE4B",0.89656214019504,0.0231233865947299,22.7509382508651,0.0130429370021104,0.401508801341157
"PDE4D",0.618855050971789,0.0218999506213559,26.5855716015609,0.00939335792406059,0.521793797150042
"PDE4DIP",0.611432016765545,0.0256778744671079,27.4451237000434,0.00852912295485295,0.556160938809723
"PDE6D",7.15866559394416,0.473967438746328,10.4574300873032,0.0315907701351422,0.721709974853311
"PDE7A",0.887013027313783,0.0968296101990268,29.5368335683015,0.00717314951532702,0.744027661357921
"PDE8A",0.64159914171824,0.213541618106172,28.8713958732031,0.0113902670130222,0.910624476110645
"PDHA1",6.88866173840256,0.406488268017551,11.7776844642817,0.027330161726246,0.66963537300922
"PDHB",2.63342648409584,0.194169937639767,21.5006839099219,0.0147608829758324,0.651823134953898
"PDHX",5.20059190882244,0.56809714799965,10.0673032794083,0.0382139071676994,0.847757753562448
"PDIA3",2.56230100357008,0.0326276622858268,13.5795480188101,0.0210004194702148,0.137782900251467
"PDIA4",0.866925684532497,0.0403783027793851,26.4578414034727,0.00936076235395146,0.550817267393127
"PDIA5",0.198097426625526,0.113796544978311,35.0173360935327,0.00336449481747782,0.945725062866723
"PDIA6",2.20405145330186,0.0357706517517463,15.5043987262589,0.0192269499079494,0.201278290025147
"PDK1",0.333112249020665,0.133704268475785,33.2694474490356,0.00537587687408465,0.922150041911148
"PDK2",1.49068716721756,0.305686252122776,22.9845682342783,0.0185873407046879,0.870284995808885
"PDLIM1",0.162630276773818,0.0131876810547318,35.6465708814854,0.000447637168392169,0.79976948868399
"PDLIM2",0.569217328243367,0.0960132198568241,32.2785535088604,0.00499215563139952,0.82952640402347
"PDLIM5",0.457548148185076,0.0355361284154528,31.6427955932361,0.00455107349163821,0.708298407376362
"PDLIM7",0.405207179435826,0.054919199820888,33.7480790375533,0.00286687002075654,0.808675607711651
"PDP1",0.554915562400508,0.118930680281768,32.0878324251734,0.00576773959828515,0.860750209555742
"PDPK1",2.80875549674029,0.237100810910891,20.8313755358271,0.0164758151067087,0.697925398155909
"PDRG1",3.80545279878665,0.361389076315923,16.8569565998637,0.0236215829659898,0.762678122380553
"PDS5A",4.14437127393348,0.301450474034769,17.0973185463242,0.020589651301322,0.681580050293378
"PDS5B",2.23207487157342,0.250982823758733,22.415574880492,0.0162994232133391,0.767707460184409
"PDSS2",40.4032259932359,0.947924253769856,14.2202389262885,0.0946767059359369,0.90905280804694
"PDXDC1",2.64489678768773,0.16788140100181,21.2561710934458,0.0142600478849747,0.602996647108131
"PDXK",1.87952187921666,0.245784302470438,23.6017411665929,0.0155328087488637,0.796311818943839
"PDZD11",6.73391450412697,0.466868755062216,11.2841151865953,0.0311791328645513,0.737217099748533
"PDZD8",1.08790363428932,0.162592111262551,28.1722711984405,0.00986432442650138,0.807627829002515
"PEA15",0.736030057513458,0.0248738668889773,25.8146556528137,0.0101065710030678,0.502619446772842
"PEBP1",2.6505452059903,0.0411322804742919,14.6869400720061,0.019706877318828,0.188390611902766
"PECR",1.43141642321486,0.439596504669704,18.155902311232,0.0278765923921098,0.926655490360436
"PEF1",7.2152896106084,0.264096171716814,11.0518880884561,0.0212263243882939,0.451068734283319
"PELI1",0.844579704934482,0.0400868704095091,26.8349422240055,0.00902318771760496,0.56234283319363
"PELO",1.46060583350556,0.160553162120785,26.4589898705919,0.0109168781189937,0.750943000838223
"PELP1",2.19170103071542,0.233790556902251,22.7872916047866,0.0154316834351412,0.752619446772842
"PEMT",0.805722892915085,0.162868106437403,29.8262020236159,0.00882654617798904,0.859911986588432
"PEPD",2.70858779289035,0.245847985981134,21.164442693287,0.0166792536168137,0.72139564124057
"PES1",3.74438577387405,0.30791611137158,17.8375023745684,0.0206229883274263,0.713642078792959
"PET100",3.24196502059139,0.0972363048691049,16.4634908353102,0.0169437918030826,0.343147527242246
"PET117",5.84378860912449,0.747833360587658,4.38634138245322,0.0530457653611419,0.918587594300084
"PEX1",1.27484062729289,0.321408666093833,22.9753005563853,0.0194169061858748,0.894698239731769
"PEX10",5.84492087270149,0.738171441457286,4.72737912339826,0.0522475407100912,0.915549036043588
"PEX11B",2.65733874686968,0.261889562295035,20.9229380538408,0.0173836846163509,0.738683989941324
"PEX13",4.77360488199993,0.473653218229805,12.8551186036827,0.0311705994683303,0.801341156747695
"PEX14",4.21820680482817,0.609150814351542,9.36104675765639,0.0412463262527654,0.891240569991618
"PEX16",12.5309271044508,0.603039928085979,5.0464215498704,0.0413546728912042,0.70337384744342
"PEX19",3.12481054933309,0.453598267923345,15.3367553418259,0.0294009213650637,0.854044425817267
"PEX2",6.67477823717622,0.45951877394042,11.1083390178315,0.0305313732967762,0.723072087175189
"PEX26",2.77874627802823,0.40905970449655,17.1713205173729,0.0262040525531975,0.845347862531433
"PEX3",0.579045719005177,0.104646158705632,31.9666203982157,0.00544486168305332,0.833717518860017
"PEX5",1.81394893367472,0.481685653753031,15.9601912346135,0.0311009765522847,0.921102263202012
"PEX6",2.06385210230755,0.502653388987816,14.8611485550351,0.0327265038591548,0.917539815590947
"PFDN1",7.62666425598537,0.346223287464444,11.0386128385574,0.0243403525682807,0.565276613579212
"PFDN2",4.8545794062826,0.118409306872079,12.8564805752834,0.0190865482149355,0.275984911986588
"PFDN4",4.60527654271476,0.209513148831121,16.5036925777165,0.0178137694805507,0.52661357921207
"PFDN5",11.6885698810699,0.0543385605458343,5.35011331529175,0.0253333976715527,0.00502933780385583
"PFDN6",4.50152361215941,0.235382630038068,16.5671633480021,0.0183779810411649,0.567581726739313
"PFKFB3",0.597549177538657,0.0260662453059673,27.8990376013886,0.00809592673774235,0.571458507963118
"PFKL",2.90124220913006,0.16680452860947,20.9680578265068,0.0145079644625784,0.592728415758592
"PFKM",0.561963355696837,0.291250897779828,26.0816338615842,0.0165536204049646,0.945829840737636
"PFKP",1.36193029071265,0.134041903056223,26.9009818061457,0.00992215481537433,0.722129086336966
"PFN1",2.30894614195951,0.0038296348026769,10.9998347103358,0.0249749361059064,0.00157166806370495
"PFN2",0.10920457337332,0.0328214494276893,38.2914090785609,0.00181811842411142,0.918692372170998
"PGAM1",2.50122293342171,0.0211851199799153,11.9573575953279,0.0230005582930006,0.0654861693210394
"PGAP2",2.13555889830326,0.395036349955835,18.8101083809328,0.0250029524643135,0.876257334450964
"PGAP3",1.94680245894011,0.598840803586372,11.0499829789499,0.0400517217930059,0.945725062866723
"PGD",1.73039510843136,0.0764095259325684,22.772880665945,0.0123749876624632,0.498323554065381
"PGGT1B",4.59771893707629,0.516643519217067,11.8635558948496,0.0342014015113208,0.833298407376362
"PGK1",2.46529073228743,0.0179714563610318,11.6554545801604,0.0234586929005104,0.0497694886839899
"PGM1",1.6232789707939,0.154420492624645,25.6120556115243,0.0112814748891015,0.714899413243923
"PGM2",2.54494218829654,0.342713902318633,19.5918868070508,0.0217754235508499,0.820410729253982
"PGM2L1",0.219973605910162,0.0174698838902535,34.336657534811,0.00179702805293489,0.764459346186085
"PGM3",0.47205369222002,0.125424472478901,32.5493352453523,0.00562594479854243,0.885896898575021
"PGP",1.44718363711699,0.210522777792597,25.8310642875901,0.0129754536356644,0.810456831517184
"PGPEP1",0.642795364098705,0.284139840190505,26.1213785936463,0.016158673684124,0.935771165129925
"PGRMC1",0.898235309053466,0.0664731602187045,28.8736480981024,0.00730883928401641,0.672569153394803
"PGRMC2",2.31938957785089,0.391624965674648,18.4977692097197,0.0248359316834308,0.861169321039396
"PGS1",3.24016691428339,0.375796688516557,17.3864788239765,0.0242245371350703,0.801236378876781
"PHACTR1",0.127533963827691,0.0118819453290213,36.6727995951374,0.000604931687654006,0.830993294216262
"PHACTR2",0.50162754593543,0.0454381480492431,31.7147960472559,0.00456647929704322,0.727472757753562
"PHACTR4",1.72634676959303,0.178147099717779,25.0174429927717,0.0123025699589082,0.734283319362951
"PHAX",5.32743202619346,0.292898674568113,14.7897024209807,0.0210076635914523,0.600167644593462
"PHB",4.10485124472275,0.118416885766126,15.5232591782211,0.017473388219104,0.353101424979044
"PHB2",5.63271351866467,0.105487204715144,11.9831214988574,0.0199400948128622,0.233235540653814
"PHC2",0.41051341121003,0.16879675401716,31.5961796546962,0.00786041193893817,0.925398155909472
"PHC3",1.60351717341867,0.156034615523488,25.4299060435216,0.0114016764642201,0.711860854987427
"PHF1",1.39621255179688,0.084550072927201,24.9515752812664,0.0106123558991246,0.579631181894384
"PHF10",1.75573327728567,0.393471377721974,19.413596995735,0.0246964415613464,0.893860016764459
"PHF11",1.78562590761936,0.12695209566807,24.4528533788165,0.0114694708258306,0.634744341994971
"PHF12",2.33112059396854,0.287203355974024,21.3119994986297,0.0183333583314772,0.789396479463537
"PHF14",1.87536518184591,0.112385062465938,23.7820759366776,0.0117651486358016,0.590213746856664
"PHF19",0.393693128688461,0.028538343042704,32.4746848059815,0.00372449664759528,0.723176865046102
"PHF20",2.67945932183712,0.154438555496412,21.032722905969,0.0141592618792956,0.574811399832355
"PHF20L1",2.46105557415818,0.139502295016229,21.5048956316089,0.0136237888930073,0.564962279966471
"PHF23",1.8065791405335,0.18698600760511,24.6466842874586,0.012795915541216,0.736797988264878
"PHF3",3.02580002327073,0.127698281464842,18.8142271234138,0.0152604925458427,0.464585079631182
"PHF5A",3.82337082763148,0.126188678330407,16.6198201697884,0.0167410745780042,0.397841575859179
"PHF6",0.797173491324432,0.0924173968108227,30.2309974871214,0.00654048150215751,0.758696563285834
"PHF8",1.19933465942331,0.209805277170286,26.622927255594,0.0124745629603586,0.834136630343671
"PHGDH",0.0944522200557519,0.0134199203198761,38.1257020337621,0.00204837017086866,0.880972338642079
"PHIP",1.99123647660817,0.0907638749445091,22.2135595128808,0.0128020018964627,0.505762782900251
"PHKA2",1.12327837192877,0.442708780780551,18.4561780236731,0.0279890646015654,0.942162615255658
"PHKB",0.946546885439032,0.134935066921885,29.223274570555,0.00831171380749188,0.796207041072925
"PHKG2",5.14943449909006,0.452167197046472,12.9721130497295,0.0297884152050795,0.773051131601006
"PHLDA1",0.372883349738541,0.0105270839691521,28.3151737327819,0.00781331706602587,0.556894383906119
"PHPT1",2.19216011968408,0.0813282853588927,21.2917001032619,0.0135824652728657,0.461860854987427
"PHRF1",2.93184913708535,0.366888309755656,18.1027463225735,0.0235060704544973,0.810561609388097
"PHTF1",1.58134784509775,0.209085666519049,25.2613404536232,0.0132150103919613,0.790549036043588
"PHTF2",0.831422829395271,0.0871929253790382,29.9138485387392,0.00670329006645291,0.740046102263202
"PHYH",0.746500656817962,0.137625693575105,30.4237960947219,0.00754495732881041,0.838327745180218
"PHYKPL",2.25712892934804,0.178593652818045,22.7215688200022,0.0136404573262837,0.664501257334451
"PI4K2A",1.05262966363019,0.389397730158512,20.8144945614908,0.0240363085981191,0.93336127409891
"PI4K2B",1.45758974864808,0.373702312799757,20.7200282274481,0.0231528293116735,0.904861693210394
"PI4KA",2.65054982002093,0.395099531435943,17.8137102364437,0.0252141620317098,0.844509639564124
"PI4KB",4.94008120682355,0.354525258497979,14.9075877122152,0.0237303274820908,0.69279128248114
"PIAS1",3.45548416189249,0.177915466182635,18.4366172787134,0.0160267778636404,0.534262363788768
"PIAS2",2.10958626128639,0.356207311928111,20.0333525588099,0.0223592058360742,0.855301760268231
"PIAS3",2.44178265045328,0.44908528151492,16.3617067413047,0.0288865548010385,0.881496227996647
"PIAS4",6.3611874025605,0.547555706132028,9.65612832044139,0.0367193088205839,0.800817267393127
"PICALM",1.49209357222836,0.119756921249487,26.0535282829432,0.010232201091958,0.672569153394803
"PICK1",1.63996651996768,0.543878630673261,13.5795162343373,0.0357511187990329,0.943000838222967
"PIDD1",0.644445388919884,0.221740443531898,28.6229534404525,0.0119052376035266,0.915758591785415
"PIEZO1",1.64956728071516,0.247996879012705,24.3534407067215,0.0152870513722431,0.823030176026823
"PIGB",1.54097806865611,0.32170779984372,22.3242913176977,0.019675273014827,0.874476110645432
"PIGBOS1",2.7939707405982,0.360350240491209,18.5231220934067,0.0230206322672608,0.813914501257334
"PIGC",4.45482702208933,0.39502401631028,15.016606802052,0.0259032845355804,0.755029337803856
"PIGF",4.62788122094082,0.371182106159309,15.4822432529665,0.0245843784110773,0.733864207879296
"PIGG",3.24688406260333,0.440309558994538,15.5070052943325,0.028482131181208,0.839375523889355
"PIGH",5.42294272595934,0.457106327299271,12.5342488161669,0.0301656435293809,0.76603101424979
"PIGK",1.13617394015574,0.281058857450982,24.8071346377836,0.0165916968184194,0.889145012573345
"PIGL",11.2612532383775,0.813285015594117,2.95634224441719,0.0608866188089323,0.894907795473596
"PIGM",1.17622841027686,0.346869740269263,22.2664966723616,0.0210823977393456,0.912300922045264
"PIGO",5.14819578207273,0.703091792600354,5.93951225780452,0.0490743746188879,0.911357921207041
"PIGP",2.81343021399259,0.303775076546313,19.9546851015034,0.0196808781095353,0.772422464375524
"PIGQ",18.6204339593566,0.873090777343971,3.94997845125862,0.0706241217249031,0.890926236378877
"PIGS",6.34092068521147,0.553975890795565,9.61576593803457,0.0372580751662323,0.808151718357083
"PIGT",2.35350764444594,0.138180642221195,22.1453526641861,0.0132137707115949,0.582355406538139
"PIGU",2.64339054189426,0.526758621392421,13.3859652860167,0.0346591238557124,0.904861693210394
"PIGV",0.664970967744964,0.260851193065261,26.9877564305694,0.0145779262965281,0.926236378876781
"PIGX",1.32439493590191,0.10889801242163,26.8738789218378,0.00944650359609377,0.680322715842414
"PIH1D1",5.18747478568707,0.258837412512017,15.3974852493555,0.0196523379583033,0.568105616093881
"PIK3C2A",1.08797021240654,0.191090306236537,27.5600627235028,0.0112252195026898,0.83382229673093
"PIK3C3",4.957270852712,0.405882695122958,13.9163841059899,0.0266902658148119,0.736797988264878
"PIK3CA",1.07911462641892,0.258847214643222,25.6988149394797,0.0150971859198367,0.882334450963956
"PIK3CB",0.908179508773821,0.203637820405669,28.0528526458883,0.0114346809161123,0.869132439228835
"PIK3IP1",0.460434845696561,0.0269397163809473,30.1791210285765,0.00590012557452158,0.646269907795474
"PIK3R1",0.43550647235669,0.0160731563567907,28.3496281236156,0.00772338028297222,0.568000838222967
"PIKFYVE",0.673714662801377,0.0615791947240824,30.4487960812578,0.00587100867805317,0.714270746018441
"PILRB",0.83317272770563,0.187969586762298,28.7836688415785,0.0103736441146752,0.867246437552389
"PIM1",0.543054429140635,0.012925587676258,25.3043059596366,0.0107799663972794,0.464061190276614
"PIM2",0.426504563699153,0.0135804103484896,27.9757212151301,0.00811994004926054,0.551445934618609
"PIM3",1.03551735616481,0.0243910789768939,21.3344645627784,0.0143471627379881,0.35896898575021
"PIN1",3.56893461183757,0.153573330317122,18.2738422557985,0.0158696386265496,0.491093880972339
"PIN4",4.24796581340665,0.302845092530247,16.7898854406746,0.0207303360820465,0.674455155071249
"PINK1",0.524690787029712,0.2426123385003,28.2035456871155,0.0130827450966836,0.935771165129925
"PIP4K2A",1.53739442789266,0.301933267539694,22.9950436900376,0.018393821963884,0.864731768650461
"PIP4K2C",2.3416523344146,0.339841760869647,19.9510048683207,0.0214561115593805,0.827640402347024
"PIP5K1A",1.62643312329908,0.157781922580181,25.6144942180044,0.0113698704012378,0.720347862531433
"PIP5K1C",1.32317734358893,0.305898039212698,23.3939309169739,0.0184326252998761,0.88359178541492
"PISD",2.03269679980592,0.289086545953607,22.0134059172841,0.0181340506085148,0.814124056999162
"PITHD1",2.80072536272378,0.108843381147562,18.9494095584089,0.0151450391348197,0.437133277451802
"PITPNA",2.48874183308055,0.436607902662682,16.7199165593038,0.0280125021270057,0.873637887678122
"PITPNA-AS1",1.65626499615315,0.316598200718715,22.2936774837381,0.0194421772102904,0.865360435875943
"PITPNB",3.41029482177045,0.169054005314484,18.5124548901693,0.0158501031994232,0.522527242246438
"PITPNC1",0.76244831525162,0.0698920058941955,29.9862653764513,0.0063767660667594,0.713537300922045
"PITRM1",3.91822679967762,0.511561479976142,12.7087944161098,0.0337545937941708,0.854882648784577
"PJA1",0.764746415085452,0.173715761474668,29.5461086496809,0.00936756191548378,0.868503772003353
"PJA2",2.30390963607386,0.159324474870289,22.5260021977707,0.0133239666911808,0.627933780385583
"PKD2",0.646114927301762,0.299300678735946,25.4985774430059,0.0172315471097548,0.940067057837385
"PKIG",0.18964248266337,0.0228348995281313,36.0073023820754,0.000215137409193787,0.827849958088852
"PKM",1.65496234478919,0.00819994892147565,12.7822756696403,0.0231217100456496,0.0598281642917016
"PKN1",2.5595074043802,0.273157059042337,20.9650669397542,0.017833583643735,0.757229673093043
"PKN2",2.59164294359422,0.222598679728874,21.5433781317259,0.015613434609327,0.697296730930428
"PKNOX1",1.00289399036232,0.132043931387183,28.988419488559,0.00840873338330844,0.784157585917854
"PKP4",0.450697692518665,0.221754871296105,29.3724412185094,0.0114835772788973,0.939543168482816
"PLA2G12A",0.930697972094962,0.195508033256707,28.2103655668777,0.0110230220896594,0.861169321039396
"PLA2G15",0.750924775845986,0.372201905444603,22.1316333762033,0.0225985181561037,0.948658843252305
"PLA2G16",0.185256097660818,0.0125988291319595,34.6062177670272,0.00148649061631353,0.76487845766974
"PLAA",30.8960212990348,0.780048770437905,3.78947640215689,0.0617721504208977,0.693000838222967
"PLAUR",0.0885831694809041,0.00346804654248375,36.2488806350129,0.00027773016336554,0.802808046940486
"PLBD2",0.812778239735358,0.220535484761123,27.9620532246767,0.0122077413653306,0.89302179379715
"PLCG2",0.244325469487165,0.0445122968107882,35.753860338209,0.000829790029798286,0.855930427493713
"PLD3",0.747232721135069,0.0614486643657048,29.9112710980741,0.00635249694311459,0.696982397317687
"PLEC",0.959524850160143,0.0639751344274373,28.0940079475108,0.00795249078250164,0.643650461022632
"PLEKHA1",0.476926283269573,0.0657384827174797,32.9286461317146,0.0037797855044521,0.800398155909472
"PLEKHA2",0.924466497702589,0.0682869049260935,28.224033285772,0.00784729101700733,0.654966471081308
"PLEKHA3",1.75641506842977,0.18580409606272,25.0447861336708,0.0125589507108263,0.747170997485331
"PLEKHA5",0.16809055036197,0.0193429404895455,36.2305777388524,5.75929986966969e-05,0.829212070410729
"PLEKHA8",0.755359435939597,0.353468196238732,22.9311017402227,0.0212325186406064,0.944362950544845
"PLEKHB2",2.5789729703394,0.107708471766825,20.0453298477906,0.0143947960087675,0.468357082984074
"PLEKHF1",0.472548443477004,0.0431818554294529,32.2084544863638,0.00409854807370121,0.739522212908634
"PLEKHF2",1.66358197062445,0.15001720914168,25.2743597029279,0.0113733577887916,0.697401508801341
"PLEKHG2",0.64156335148584,0.0886292517011221,31.4162962136964,0.00549919929171148,0.790025146689019
"PLEKHJ1",2.85996391881443,0.15153748177665,20.5515715601796,0.0144445760011807,0.555741827326069
"PLEKHM1",2.92569263519526,0.364271884060889,18.0988151809364,0.0233297034752423,0.806684828164292
"PLEKHM2",0.937783762820298,0.268683591233164,25.8253531664109,0.0155163204918577,0.901823134953898
"PLEKHO1",1.28360923625026,0.141866031174251,27.383828705531,0.00978845645482107,0.749790444258173
"PLGRKT",1.35837095858225,0.143660077810032,27.271817074885,0.00994879273685417,0.749161777032691
"PLIN2",0.466087054141123,0.0140466841889314,27.013309690951,0.0090656157192975,0.52116512992456
"PLIN3",1.07142615636439,0.0805623666535006,28.1298741055378,0.00808678814543778,0.67277870913663
"PLK2",0.0951048184958315,0.0145138684083131,38.1273193637635,0.00203179232687632,0.882858340318525
"PLK3",0.481108554230101,0.0519506809857453,32.4727785962111,0.00396054402083972,0.762782900251467
"PLOD1",0.289959537887043,0.0545942679988462,35.2152794662985,0.00153136731419799,0.855301760268231
"PLOD3",1.229801956229,0.136328444682831,27.632750526019,0.00946886058679536,0.748637887678122
"PLP2",1.86260771267694,0.0243721015215075,15.9116738829201,0.0193572346604819,0.191219614417435
"PLPP1",0.401476198241524,0.047564765781477,33.2931829425386,0.00314793994498036,0.78174769488684
"PLPP5",0.766024452028336,0.0671327985533096,29.6151803975403,0.0066469764025664,0.6970871751886
"PLRG1",5.03147594942343,0.363188607897202,14.6054918506426,0.0242375872501485,0.696144174350377
"PLS3",0.073195726763059,0.0204191494806823,39.1107603346259,0.00289791493960499,0.92476948868399
"PLSCR1",0.475643295935688,0.0228642008628049,29.7992569532748,0.00628582659572645,0.62699077954736
"PLTP",0.0668277620796594,0.0193611918638736,39.2772176823934,0.00308714644198407,0.928436714165968
"PLXNB2",0.482237175523997,0.153813775721076,31.7130823471469,0.00721011700856979,0.905071248952221
"PLXND1",0.291584580237251,0.108779086780807,34.3629549429156,0.00370250111593402,0.916701592623638
"PMAIP1",0.569725661408497,0.0132175067807352,24.8384863486005,0.0112340818379757,0.449601844090528
"PMF1",5.05918783732467,0.779227413255135,3.35976505922579,0.055521929520034,0.939962279966471
"PML",2.27084270395251,0.170070167481383,22.7998143023636,0.0134073052075031,0.653394803017603
"PMM1",1.70572111653232,0.21578465651394,24.8205869921943,0.0137312468512803,0.787300922045264
"PMM2",1.55229175086938,0.239903716928833,24.7312105791735,0.0147236532152549,0.822296730930428
"PMP22",0.0488744742625965,0.00535850291527791,39.1970682141442,0.00328936630033429,0.90245180217938
"PMPCA",3.74945407640337,0.366471967892702,16.6889779747019,0.0238800976058623,0.765402347024308
"PMPCB",8.65475885251549,0.356205102801993,9.61424532658317,0.0250847077795748,0.537510477787091
"PMS1",2.76343003884837,0.332063924160786,19.3611074094789,0.0212710997051485,0.797045264040235
"PMVK",1.59985777581762,0.0852068717637454,24.6967046411403,0.0108951465946765,0.573239731768651
"PNISR",2.9888689495817,0.0552952769852509,13.8182735480401,0.0198527537728947,0.188390611902766
"PNKD",3.05513684843815,0.184858646593799,20.6162489441586,0.0151063455038945,0.610540653813915
"PNKP",5.0104253074166,0.355425861905819,14.72364723539,0.0238021987763297,0.688600167644593
"PNMA1",1.13140326044811,0.0740681322569517,27.2092693935754,0.00877229767951664,0.632858340318525
"PNN",3.84112340164496,0.122499102024053,16.1968837334587,0.0169934962655207,0.379086336965633
"PNO1",1.36744952283687,0.159650587683516,26.8487853177273,0.0106314426299939,0.761630343671417
"PNP",0.788653683576194,0.0360976129593695,26.7558168312913,0.00910906056790556,0.552703269069572
"PNPLA2",2.69038054412534,0.0936370610776197,18.4553128889847,0.0155546002422913,0.39616512992456
"PNPLA4",2.8561018904162,0.652594435028466,8.44218233485535,0.0444761316519845,0.937552388935457
"PNPLA6",2.21661546865272,0.309404269765088,21.065677550432,0.0194997422882349,0.81580050293378
"PNPLA8",2.28561936181248,0.140965060016268,22.4109751617363,0.0130717859762948,0.594928751047779
"PNPO",2.31267798667101,0.579232595827223,11.6369232184577,0.0386117256907729,0.931475272422464
"PNPT1",1.74804455849816,0.269990057160698,23.361803428296,0.0166932836025533,0.826487845766974
"PNRC1",1.35932105898685,0.0115385690755525,14.0048236525898,0.0217948689595121,0.102367979882649
"PNRC2",3.15969975304355,0.0786360018209695,16.0301724281347,0.0175677970949654,0.298197820620285
"POC1B",2.66535675979578,0.440298486186832,16.3868739042055,0.0283383646531133,0.868189438390612
"POFUT1",1.05454401685166,0.307853474422287,24.0718317187688,0.018280511224285,0.908109807208717
"POGK",2.13883546084313,0.314669172488124,21.1399764296852,0.0197475834482573,0.826173512154233
"POGLUT1",0.419270369615352,0.0435257797414465,32.6610871347345,0.00366893478491074,0.754610226320201
"POGZ",3.32765797617203,0.224883495689726,19.3669646217204,0.0167458943949919,0.634953897736798
"POLB",0.37564625131582,0.0306723081971638,32.3929896410821,0.00379782476726703,0.724119865884325
"POLD2",1.31348308192909,0.114038036775459,27.4215008274978,0.00917088016442975,0.705888516345348
"POLD3",0.821917013547281,0.151102903027166,29.894012874764,0.00836402764439804,0.84325230511316
"POLD4",1.47376506036304,0.0635049283772941,23.4631539434943,0.011859960420791,0.497275775356245
"POLDIP2",6.66894406584518,0.330762785305294,12.7211652249465,0.0233183001299101,0.592833193629505
"POLDIP3",9.14452855752091,0.453435433116678,8.69936083649598,0.030468967278343,0.638097233864208
"POLE3",2.3407093707554,0.115241636997617,21.7425435839041,0.0132592759619449,0.532585917854149
"POLE4",3.27026306943459,0.154424832014931,19.2964730231309,0.0152703430743448,0.522841575859179
"POLG",1.81005227141245,0.186939579006313,24.4435698865921,0.0128795882410177,0.730511316010059
"POLG2",2.12457196677678,0.461471332974436,16.3433366299475,0.0296931344476559,0.900880134115675
"POLI",0.905967107899382,0.341432949984534,23.0954252602706,0.0204853890972435,0.930322715842414
"POLK",2.44905180399927,0.24990288951141,21.6862401180911,0.0165608055051344,0.74371332774518
"POLL",1.83479818949896,0.413191969564225,18.5617016569796,0.0261241344429471,0.89731768650461
"POLM",2.30742845971085,0.391885169133237,18.4641124307746,0.024840767051906,0.860645431684828
"POLR1C",1.39533517264635,0.151115462027747,26.626976585362,0.0105193028630434,0.741093880972339
"POLR1D",7.41090804537864,0.154217386063465,9.86890188274121,0.0205895396083226,0.255762782900251
"POLR1E",1.66154281644241,0.245961097555183,24.2706296810143,0.0152164352307025,0.817372170997485
"POLR2A",1.65794645972889,0.0757973260567761,23.0002845007948,0.012182080595481,0.504191114836547
"POLR2B",3.90065135981562,0.224446154122349,17.6657334718575,0.0174971110236247,0.583507963118189
"POLR2C",7.24221400709758,0.310975270789693,11.5159981321618,0.0227102041886448,0.530490360435876
"POLR2D",3.16619155650679,0.231247850571714,20.1641523158687,0.0166544116825431,0.668587594300084
"POLR2E",4.02922337972146,0.0814491567565318,13.9131700899363,0.0190733073687826,0.242875104777871
"POLR2F",6.64955624495667,0.214459625279632,11.7581090577558,0.0199565397337329,0.398260687342833
"POLR2G",4.85798598105995,0.183525881189334,15.7176053285585,0.0177485863127286,0.4639564124057
"POLR2H",3.13327885749439,0.167445047488711,20.1259699190083,0.0150069145857703,0.568419949706622
"POLR2I",4.73036524482769,0.181159417168142,15.4462018828248,0.0177596169070428,0.452011735121542
"POLR2J",8.29557367720032,0.319107660269108,10.019290244328,0.023430720559385,0.498952221290863
"POLR2K",118.104047226782,0.780548683797351,6.76317649179597,0.0679029756656612,0.299036043587594
"POLR2L",4.93068856026221,0.0560863271083861,9.91426645574207,0.0227172277042346,0.0845557418273261
"POLR2M",3.23024195133764,0.361857036112215,17.6682771870852,0.0233438837324201,0.789291701592624
"POLR3A",2.8664525746192,0.529436120304166,13.0468707760229,0.0348820462347534,0.897212908633697
"POLR3D",1.85604731420471,0.304157852609684,22.1472752585632,0.0188469157738525,0.841471081307628
"POLR3E",1.30963317386614,0.134602906891336,26.9459462803926,0.00987469105877203,0.724434199497066
"POLR3F",12.034649489566,0.800878264457247,3.21975233300191,0.059875462648013,0.879191114836547
"POLR3GL",1.66591584262163,0.138897293938052,25.3447828274782,0.0110959895971036,0.681684828164292
"POLR3H",1.7209343264088,0.253630961981778,23.9491576345256,0.0157142583260224,0.819258172673931
"POLR3K",1.85370711450873,0.143482479726673,24.6769192903569,0.0116649518204734,0.66848281642917
"POLRMT",1.54720425534772,0.28832497445366,23.3340725357866,0.0175580813456512,0.854253981559095
"POM121",4.78758223312356,0.469619933320057,12.9238763457035,0.0308870567848068,0.797673931265717
"POM121C",3.43678099410235,0.373975410701445,17.0225451019706,0.0241905412435887,0.78719614417435
"POMGNT1",3.48562543532299,0.625182896819215,9.2101031833564,0.042417472267606,0.915444258172674
"POMP",5.88256087871598,0.0728313918280608,9.4661736152057,0.0223485016488749,0.106454316848282
"POMT1",1.0891034836608,0.234923853488115,26.4382189933166,0.013642106903924,0.867875104777871
"PON2",0.313999082281051,0.0818433176256083,34.8303154479873,0.00252771869136079,0.887782900251467
"POP4",3.52138913999005,0.237632853930494,19.0463739768022,0.0173568280578758,0.644698239731769
"POP5",2.03615971234495,0.200145195673033,23.8963810505379,0.0136874408197028,0.734283319362951
"POP7",1.96093418043014,0.139400995014438,24.3449103433814,0.011830491338992,0.651718357082984
"POR",0.859008488172098,0.0723015487721241,28.9576062761183,0.00726225890077014,0.684932942162615
"POT1",2.29446609992014,0.511760638875076,14.2606187677097,0.0334527377184445,0.911462699077955
"POU2F1",0.779999258045392,0.241739524773546,27.3518618945535,0.0134896775463901,0.907376362112322
"PPA1",1.19139524330032,0.0198979016995174,19.0272932900498,0.0166649973291359,0.277766135792121
"PPA2",3.0632482384278,0.284463780381269,19.8655786810441,0.0188693342840884,0.740255658005029
"PPARA",1.57786931993074,0.495889209909126,15.646980721995,0.0320993730206216,0.934304274937133
"PPARD",1.45014804748963,0.346936081414032,21.7020628578418,0.0212920158546861,0.8941743503772
"PPAT",0.979717875258255,0.241646386125697,26.6487594857496,0.0138440658081672,0.885058675607712
"PPCDC",0.629981060308597,0.183687760784543,29.9865320365961,0.00948670675766821,0.898260687342833
"PPCS",4.7079985472365,0.267136033297831,15.9006035619218,0.0196054998104944,0.595347862531433
"PPDPF",3.79905931712871,0.021707011462052,10.4397672812224,0.0241195644620258,0.0313285834031852
"PPFIA1",1.46868696371907,0.243447317557269,24.9060631308483,0.0147867717180315,0.833298407376362
"PPFIBP1",0.119570770106049,0.0257099055011765,37.9486178185729,0.00163934027459152,0.895746018440905
"PPHLN1",5.39653151667993,0.239690628173236,14.3239251537256,0.0193760766064356,0.50859178541492
"PPIA",6.1033186736496,0.0116226311071182,9.25209800698675,0.0253315748936295,0.000419111483654652
"PPIB",2.11717255306492,0.0117312122317852,11.4768760142432,0.0240530430247381,0.029233025984912
"PPIC",0.0652330833842982,0.0196219967861643,39.3507189578623,0.00315412617985235,0.931265716680637
"PPID",1.41346150480067,0.0621847060958477,23.6143588807753,0.0117307890008064,0.499580888516345
"PPIE",7.36486709955737,0.43889784311911,10.5625146722907,0.0292835898313386,0.677493713327745
"PPIF",0.451259446614494,0.0150223529394464,28.0525892436669,0.00803284128971812,0.556580050293378
"PPIG",117.808028796958,0.787462256568996,8.21670425302681,0.0702117940781964,0.316953059513831
"PPIH",2.45171843420334,0.153884134687553,22.6246981085663,0.0132595338209258,0.622380553227158
"PPIL1",1.297631287721,0.179654854550462,27.1378628793972,0.0111177980517544,0.802388935456832
"PPIL2",1.70920126727915,0.290566942737157,22.8989390848079,0.0178670976073484,0.843985750209556
"PPIL3",3.14452492368718,0.317227918326556,19.0550379665742,0.0206835348202239,0.764773679798826
"PPIL4",3.00118921377541,0.234001815963489,20.2938346371807,0.0166157384978572,0.676865046102263
"PPIP5K2",3.15951243748915,0.305111109142991,19.1807228033867,0.0200347340704727,0.750523889354568
"PPM1A",4.87375098059271,0.369278589484375,14.7397702831974,0.0245125944313805,0.709136630343671
"PPM1B",2.43779999170376,0.165614254015799,21.993663578541,0.0137704316717217,0.621751886001676
"PPM1F",0.858151498235883,0.362978475731276,22.300433235775,0.0219978674917193,0.939228834870075
"PPM1G",2.2792705746671,0.0403293923193022,15.4836478225865,0.0190624538298416,0.209241408214585
"PPM1K",0.758075856191745,0.0470682426865883,28.4456603244532,0.00754528858778467,0.625733445096396
"PPME1",0.930753121168972,0.104708284727551,29.3922552821717,0.00745168202193728,0.752409891031014
"PPOX",1.96368163501101,0.470489697350746,16.2439419571606,0.0303224842277504,0.912091366303437
"PPP1CA",2.87904614648314,0.040818788020938,13.5562758541822,0.0206452062214575,0.154128248113998
"PPP1CB",2.87128061538863,0.0942434672338707,18.0889882802199,0.015842302727016,0.386630343671417
"PPP1CC",2.90697014335574,0.062964149736378,15.937787526764,0.0179960874475544,0.267183570829841
"PPP1R10",1.64464656894981,0.0750400098533243,23.1985162743018,0.0120346429748712,0.509115674769489
"PPP1R11",5.47058044849418,0.239908780626578,13.9978730485614,0.0194730422653752,0.499476110645432
"PPP1R12A",4.18944659225018,0.118443053375677,14.708409622865,0.0179370367286371,0.328792958927075
"PPP1R12B",0.900251011350577,0.337568299007743,23.2679937137888,0.0202056169697044,0.929694048616932
"PPP1R12C",2.08343089075215,0.461153560398772,16.3998436286613,0.0296555771681301,0.902347024308466
"PPP1R14B",0.264312170913963,0.0268166347603119,34.4689138882929,0.00176738668864346,0.784681475272422
"PPP1R15A",0.553270603642877,0.00573324982192965,20.2047434483298,0.016052225905764,0.285414920368818
"PPP1R15B",0.930964180316492,0.0881484262925804,29.1042930032824,0.00737170985639757,0.716051969823973
"PPP1R16A",1.10580557461136,0.352203209404426,22.2176775953381,0.0214044502131905,0.919216261525566
"PPP1R18",1.40439298488372,0.0327989805534378,20.442149410425,0.0149678406809983,0.34754819782062
"PPP1R2",1.42849636050455,0.0243754872098899,16.9224520687139,0.0184306288758095,0.220033528918692
"PPP1R21",4.02558780600137,0.453521170852363,14.1476200484613,0.0295924238241073,0.814543168482816
"PPP1R35",2.14137750924777,0.429673850831543,17.5142405601147,0.0274182300014843,0.888830678960604
"PPP1R37",4.27717867298464,0.602069033639625,9.53211054728184,0.0406767257355973,0.886001676445935
"PPP1R3B",0.162977413545679,0.0841691705453833,36.3615868513022,0.00130378607136999,0.940695725062867
"PPP1R7",3.68466797411045,0.178067456650052,18.2482918763687,0.0162159054951831,0.529128248113998
"PPP1R8",4.60065389079015,0.457070042029001,13.5057929378535,0.0300104642939974,0.797883487007544
"PPP1R9B",1.31127862777214,0.237893855458003,25.5457316018727,0.0142196958003943,0.844614417435038
"PPP2CA",3.56032016815111,0.0962037097916338,15.765600113737,0.0174794620583497,0.321563285834032
"PPP2CB",1.20442554195627,0.229059284480403,26.2290624489579,0.0135040093016447,0.852053646269908
"PPP2R1A",118.19583258959,0.781001308838135,6.1172389663809,0.066842780275671,0.290444258172674
"PPP2R1B",3.4496256109637,0.537144103918323,12.3185745689745,0.0355885864135859,0.882648784576697
"PPP2R2A",3.09295133523484,0.151329791045573,19.541919512323,0.0150393662883075,0.525041911148366
"PPP2R2D",1.0429701293406,0.195703447722731,27.6819265498161,0.0113345294234841,0.844928751047779
"PPP2R3C",2.80853814749753,0.205368085158866,21.0535262525429,0.0153410345887789,0.655699916177703
"PPP2R5A",1.40235896014714,0.16939253454687,26.4733313531797,0.0111421025471722,0.765507124895222
"PPP2R5B",1.91021522433372,0.378277650529131,19.6147485180719,0.0237163097863338,0.876571668063705
"PPP2R5C",0.93816657518323,0.0305459560492616,23.8143658027866,0.0118963922975829,0.44907795473596
"PPP2R5D",2.30218732398284,0.298824166084232,21.2577038224036,0.0189476116373695,0.805322715842414
"PPP2R5E",4.26339446906572,0.26303294059017,17.1594344206381,0.0190426401710283,0.626466890192791
"PPP3CA",1.13643286729111,0.169350364637007,27.7802652759638,0.0103286355811637,0.806160938809723
"PPP3CB",2.88590192000252,0.423102117634008,16.7064796297654,0.0272317879035242,0.851424979044426
"PPP3CC",2.52101163796003,0.128994678552805,20.8013586353169,0.0139495111999592,0.526404023470243
"PPP3R1",4.06790698657633,0.334747507378893,16.8711869345408,0.022239958739714,0.723700754400671
"PPP4C",8.96631164059208,0.169738686146325,6.9350030780848,0.0217428601480187,0.201592623637888
"PPP4R1",2.54702183274503,0.363923617631996,18.9617242686469,0.0231188655664902,0.833088851634535
"PPP4R2",4.36187943882458,0.129735642633857,14.652562057535,0.0179040477604452,0.346081307627829
"PPP4R3A",3.0863257221504,0.188129127725936,20.1373226140724,0.0153773092598222,0.601215423302598
"PPP4R3B",4.21384071675008,0.20087242435573,16.7559549440195,0.017374988600649,0.520536462699078
"PPP5C",2.55224180109484,0.275520783301773,21.3069773243255,0.0178945953630755,0.770955574182733
"PPP6C",14.7243923123501,0.372302679923183,2.82023702283052,0.0266369112006166,0.370180217937972
"PPP6R2",3.64847214193689,0.344010094812375,17.2170932824106,0.0225055578374375,0.748637887678122
"PPP6R3",3.35008294781284,0.258315403569814,19.0113728269827,0.0180200538797738,0.675188600167645
"PPRC1",1.63244124563792,0.294158655617763,23.0015561124599,0.0180040186146695,0.852787091366303
"PPT1",0.953320762738508,0.0404483680932377,25.7316890797523,0.0100305675645375,0.527975691533948
"PPTC7",1.52479577538239,0.194942836687898,25.718207049877,0.0124491335608104,0.782481139983236
"PPWD1",3.72682214188346,0.307763826186647,17.6883695314269,0.0206080142803043,0.709136630343671
"PQBP1",9.58194147885139,0.296309078480813,8.23044024949209,0.0231308277515027,0.418063704945515
"PQLC1",1.06028760323984,0.371523893623152,21.5300347305013,0.0227489990916756,0.9279128248114
"PQLC2",9.29735856162383,0.847411931407758,1.90335601587286,0.0634778847746222,0.9302179379715
"PQLC3",2.4269673393046,0.241189614708135,21.999933075531,0.0161026340595228,0.739836546521375
"PRADC1",1.08199020995508,0.259137346488202,25.7849414191673,0.0150964764558348,0.885373009220453
"PRAF2",1.00567927680639,0.26200778900852,25.8612272333223,0.0151793568831355,0.892393126571668
"PRCC",5.18288590938772,0.238220762176249,15.1753103346787,0.0190819330481325,0.531119027661358
"PRCP",0.552651823758213,0.0484221878478582,31.2299203512745,0.00503883996012901,0.716994970662196
"PRDM2",1.15357310838564,0.0733242678255909,26.3322299910255,0.00945175176345852,0.60383487007544
"PRDX1",1.91334705563169,0.010899097635795,12.4943811340988,0.0231909397905736,0.058151718357083
"PRDX2",1.27291381637545,0.0278459462833841,20.8979247673803,0.0146852658723872,0.352577535624476
"PRDX3",3.32292536145868,0.0830642495939417,16.5461819091397,0.0171608819475066,0.322506286672255
"PRDX4",0.442996238554159,0.0216561276825681,29.8282889912563,0.00625067158481104,0.625733445096396
"PRDX5",4.04606610454112,0.070363277394321,13.0534670017699,0.0199713538714925,0.198030176026823
"PRDX6",3.1256356223916,0.0507769204951709,13.8743631167244,0.0199922174773447,0.18336127409891
"PREB",4.05726002945701,0.23510127582606,17.5168610632147,0.01792428896465,0.59524308466052
"PRELID1",2.6650887306186,0.0385062394719559,14.1838435724868,0.0202300740652973,0.168063704945516
"PRELID3B",10.1025931671565,0.304571566894859,7.92836852190123,0.0235734960770421,0.420997485331098
"PREP",3.26013536815179,0.267401137559678,19.3764498156413,0.0182797303679603,0.699811399832355
"PREPL",0.944767269039555,0.21918316856927,27.4222552451898,0.0124311049439142,0.873952221290863
"PRIM1",0.682440154273541,0.198371268662924,29.2754592383629,0.0105193806666521,0.899203688181056
"PRIMPOL",2.14387221888349,0.484358157261658,15.4915375237829,0.0313901320227864,0.908948030176027
"PRKAA1",2.1824415224772,0.274277819202008,21.9585328671406,0.0174699245437504,0.789606035205365
"PRKAB1",2.45316526618434,0.329192307565595,20.0436949082838,0.0208784093667055,0.814124056999162
"PRKAB2",0.668830598082229,0.17791159235838,29.9189982252383,0.00929252414224549,0.886944677284158
"PRKACA",1.90839152078984,0.557185002275433,12.8379592272746,0.0368426935550087,0.938285834031853
"PRKACB",0.940877803045916,0.0670414809357429,28.0156287768238,0.00801537844980994,0.646269907795474
"PRKAG1",10.5623365707623,0.559424603173738,6.64837963176096,0.0379453556170353,0.706936295054485
"PRKAG2",1.91737966067617,0.239752655869976,23.533340643756,0.0152999493827735,0.78489103101425
"PRKAR1A",2.74424665048624,0.0470089993149969,13.9967595158827,0.0200257022263028,0.177703269069573
"PRKAR1B",0.510942679667829,0.0661937529583463,32.7506951143317,0.00395542136554219,0.79547359597653
"PRKAR2A",2.53346469659966,0.187434587325309,21.9415650498134,0.0143536978624292,0.654652137468567
"PRKCH",0.703731717138349,0.0260263277405308,26.1949117941454,0.00972220385678195,0.516764459346186
"PRKCI",0.935481029098542,0.139339084838985,29.361477959481,0.00835527096457827,0.807627829002515
"PRKCSH",4.48451198236387,0.212362368059302,16.5263783065817,0.017806826229112,0.531538139145013
"PRKD2",1.22705431747333,0.217334959018511,26.3714254645623,0.0129223345523088,0.838118189438391
"PRKD3",0.524461785573824,0.104271996554691,32.5304235888312,0.00500457916047976,0.851005867560771
"PRKDC",1.796251260873,0.0919590041278072,23.7479395310255,0.0116605624665463,0.5552179379715
"PRKRA",6.16867057057201,0.337949228412273,13.2029782066037,0.0234187410821956,0.61756077116513
"PRKRIP1",5.4482200953687,0.498005102539893,11.5532423396475,0.0329799440771342,0.793797150041911
"PRKX",0.766003092521305,0.0782160365723699,30.0508358238072,0.00642767340336399,0.729463537300922
"PRMT1",2.54756602869301,0.0718753133991719,18.3280843717704,0.0159519842439678,0.354882648784577
"PRMT2",3.96711084112985,0.120403447880834,15.2230157186174,0.0175743748309979,0.346605196982397
"PRMT3",1.62462118331147,0.293359588147861,23.0900951773245,0.0179410766791575,0.854253981559095
"PRMT5",2.01600227034046,0.277925565784725,22.4894080477661,0.0174565992373125,0.81150461022632
"PRMT7",1.21075254569404,0.270391498042397,24.8985063083975,0.0160162990474913,0.875314333612741
"PRMT9",1.15063880714588,0.193728636273021,27.1912109494153,0.011533698600586,0.826487845766974
"PRNP",0.971487077763253,0.0251994200661603,21.9661521032886,0.0137276213777911,0.380343671416597
"PROSER1",2.11805102165131,0.334758560630583,20.6568923571293,0.0209789549178961,0.841890192791283
"PRPF18",32.0154654143749,0.834897149531427,5.75449468663656,0.0699124266345964,0.761420787929589
"PRPF19",3.35259149886183,0.197290815143666,19.7132173603711,0.0158914129686201,0.602787091366303
"PRPF3",3.71123996571449,0.326767767975318,17.5120720833934,0.0215897054244066,0.731873428331936
"PRPF31",7.88749389167232,0.381560557393842,10.4872317242429,0.0261210303594202,0.597233864207879
"PRPF38A",6.03441346659574,0.259854107521762,13.7481417827647,0.0203175513741062,0.521689019279128
"PRPF38B",4.34317044813667,0.10422169083589,13.7238739874223,0.018739625721643,0.276508801341157
"PRPF4",2.6098840557095,0.230720178238351,21.5991935017689,0.0159088524031921,0.711441743503772
"PRPF40A",5.09287931683755,0.122258958817161,12.8551080195919,0.0190874381357805,0.283319362950545
"PRPF4B",3.85266313275875,0.148799664314957,16.7756680578128,0.0166513767805255,0.438914501257334
"PRPF6",2.35763931578594,0.125753579083189,21.6298082649825,0.0133861524052979,0.546311818943839
"PRPF8",3.82468195180167,0.164332786791171,17.2086560903376,0.0165353781409604,0.476529756915339
"PRPS1",3.00378515797375,0.231577892295326,20.5235173374395,0.0164736575714338,0.680008382229673
"PRPS2",1.56914507857503,0.175533937404376,25.9249010642766,0.0117101806140566,0.758172673931266
"PRPSAP1",2.81245756458687,0.205479671986241,21.0826522874366,0.0153371777881866,0.65674769488684
"PRPSAP2",1.06530146526427,0.163157109777762,28.1523603266015,0.00987695060269834,0.807942162615256
"PRR13",5.2097977210349,0.071724500842555,10.0209915008888,0.0220161358470909,0.116198658843252
"PRR14",6.11537247193341,0.370728516267077,12.9486092628636,0.0250519541920056,0.656223805532272
"PRR14L",1.88271039678248,0.30930875425162,21.8765538780726,0.0191935981245771,0.841051969823973
"PRR3",2.34609174826722,0.348404255008214,19.8038532762879,0.0220039820486587,0.835917854149204
"PRR34-AS1",1.30863389116254,0.302652209337233,23.5873089391329,0.0182005936037598,0.884534786253143
"PRRC1",2.00532805707316,0.257792133387545,22.8487754272686,0.0163644863967537,0.791701592623638
"PRRC2A",2.95642282043524,0.173835973928327,20.3899751693292,0.0149129450079849,0.586336965632858
"PRRC2B",2.28627690490285,0.141384001361939,22.4672965446417,0.0130481224794103,0.597338642078793
"PRRC2C",5.63412995537175,0.0710332361495617,9.1012842919455,0.0226396536581611,0.0905280804694049
"PRRG4",0.126206752216875,0.0169545153234361,37.313595209097,0.00117236353151709,0.860435875943001
"PRSS23",0.0464406972172085,0.0056360963067065,39.3749862062682,0.00346740741745714,0.9087384744342
"PSAP",1.02043594457581,0.0132545061563931,16.9106390440915,0.018946788454629,0.196144174350377
"PSD3",0.110599664486602,0.0465922849541613,38.100818803729,0.0013024527721468,0.935247275775356
"PSD4",0.850418786197993,0.150925557522226,29.5820026291191,0.0085482870425673,0.833193629505448
"PSEN1",2.90339096853401,0.250181194812595,20.4211524541148,0.0171429771241734,0.705469404861693
"PSENEN",5.95040745636685,0.35794025732624,13.3276873526288,0.0243207516759534,0.649622799664711
"PSIP1",1.55321436371437,0.0682303250807419,23.6102633989305,0.0117352813017444,0.510268231349539
"PSMA1",4.21797577428634,0.172635696315114,16.6250666274294,0.0170199768978386,0.472862531433361
"PSMA2",2.03539645557896,0.50135395246915,14.9471811119824,0.0326250760075105,0.918378038558257
"PSMA3",3.13302510351726,0.0818027776891704,16.9116380640648,0.0168942781168487,0.330678960603521
"PSMA3-AS1",2.10220241731319,0.143231281252382,23.0340862536194,0.0126753756954437,0.61756077116513
"PSMA4",4.40676142332797,0.113588423606739,14.4365400135644,0.0182047895884166,0.313704945515507
"PSMA5",5.0506025551325,0.0887913500738309,10.9302503438183,0.0208672426010991,0.170787929589271
"PSMA6",4.84460464777071,0.102901239466824,12.7870048369273,0.0194021088502225,0.248742665549036
"PSMA7",7.84660901862989,0.0622622659467324,6.93692806968544,0.0242925510397668,0.0299664710813076
"PSMB1",6.9877096803229,0.0834150280860851,8.03928101353512,0.0228493418080909,0.0893755238893546
"PSMB10",2.28948045401197,0.0688970139104991,19.315850877964,0.0152169859338354,0.379400670578374
"PSMB2",4.79401121522759,0.107065775656219,13.0926570247775,0.0191397505061218,0.264459346186086
"PSMB3",5.4671721004492,0.074043733796567,9.99871882965637,0.0219556330152628,0.121332774518022
"PSMB4",9.05955666132599,0.236777139396273,8.5784228462687,0.0216571582670612,0.344823973176865
"PSMB5",4.03808711778503,0.136196782688811,16.9712453481999,0.0166159144591979,0.425293378038558
"PSMB6",6.31756443964637,0.101030740825631,9.62483458237249,0.0213988683825962,0.15989103101425
"PSMB7",6.89469423924851,0.214540335337408,12.0033464989097,0.0200064721241203,0.405909471919531
"PSMB8",2.32970336890806,0.0420687838445556,15.9354398729435,0.0186256276351466,0.226948868398994
"PSMB8-AS1",1.16003409328773,0.0928407392275568,27.4945592350517,0.00872142294794853,0.673197820620285
"PSMB9",1.58609395903243,0.0220903759670826,16.9033699579142,0.0185562946329701,0.216575859178541
"PSMC1",5.17011912269238,0.179948415460925,14.2593744647074,0.0183377742804419,0.415968147527242
"PSMC2",4.01290372268171,0.175031996846359,17.3072508984821,0.0166920323698639,0.496647108130763
"PSMC3",3.52043193817263,0.120938707143921,17.7292422954856,0.0160583339142981,0.422045264040235
"PSMC4",5.51435050871245,0.153783104921777,12.3832607760635,0.0191214625507122,0.32093461860855
"PSMC5",5.79336964271631,0.147573835323418,12.1311716038851,0.019342280462572,0.304903604358759
"PSMC6",7.77459278082953,0.256176268270856,10.4014313855136,0.0213346836687557,0.421730930427494
"PSMD1",2.95484417638101,0.132353856176567,19.6447954710096,0.0147927189824211,0.497380553227158
"PSMD10",5.71124025053097,0.348794768086759,13.7564882370793,0.0237550961530438,0.649622799664711
"PSMD11",3.22392831344505,0.09791242397109,17.1099927448235,0.016523682235912,0.364103101424979
"PSMD12",2.81904161664711,0.160748183578841,20.9141168136679,0.0143840192501816,0.581412405699916
"PSMD13",3.31061272405579,0.115142575235887,17.419372679406,0.0161891311525818,0.402347024308466
"PSMD14",3.89688170344849,0.17153827767227,17.8243735015196,0.0163935942779101,0.506496227996647
"PSMD2",5.30022881255109,0.162476380036544,13.6592530483464,0.0185330184874627,0.371542330259849
"PSMD3",4.59358555876724,0.189972573160336,16.2922766936087,0.0175233874868623,0.490465213746857
"PSMD4",7.8874561438026,0.22178455171143,9.72915613238269,0.0208923735037721,0.353415758591785
"PSMD5",1.87855729287369,0.259587332210759,23.1988942523305,0.0162881305349212,0.805322715842414
"PSMD6",4.6604150829112,0.168212018525456,14.8847830598769,0.0178404436030361,0.415025146689019
"PSMD7",5.36920033173484,0.136397812227025,12.7685171193997,0.0190374335715489,0.304484492875105
"PSMD8",5.66688025315961,0.0951177985759561,10.6774497861858,0.0209053748558337,0.177598491198659
"PSMD9",5.33630967232903,0.209571976760191,14.3971956699173,0.0187171959247529,0.465528080469405
"PSME1",5.42050726750879,0.043524637654354,9.02497458445047,0.023904622163839,0.0405490360435876
"PSME2",2.11559160863745,0.0226266871508934,14.017678566988,0.0211274391522534,0.129924559932942
"PSME3",4.34564969692345,0.237023908250484,17.0416632253899,0.0182431011532635,0.584031852472758
"PSME4",1.4452600194668,0.176504409219198,26.2993646630862,0.011487203501603,0.771374685666387
"PSMF1",11.6195361613092,0.323985467263518,5.70116754067562,0.0245026235893424,0.386420787929589
"PSMG1",1.78255600247319,0.202522633560756,24.8155743281262,0.0132623060520627,0.766345347862531
"PSMG2",5.69910456348313,0.158818642654487,12.714675144667,0.019031662101342,0.339270746018441
"PSMG3",1.77773910289463,0.187336719427538,25.0593026445878,0.0126195513696339,0.75
"PSMG4",2.67274879717052,0.343014119289668,19.3313321132913,0.0218768399924725,0.81265716680637
"PSPC1",6.06272186373197,0.36222998589311,13.037760576316,0.0245718348571278,0.647108130762783
"PSPH",0.56388171815772,0.116946875872455,32.0935262515395,0.00570830121243726,0.857711651299246
"PTAR1",2.62200385473306,0.377631184470001,18.3708417984792,0.0240422823283856,0.835498742665549
"PTBP1",3.79728815091737,0.103515808911171,15.3705071795115,0.0176603577182271,0.322715842414082
"PTBP2",1.97568598458454,0.359569363154918,20.1155864881967,0.0224932742186714,0.863369656328583
"PTBP3",3.66378227023926,0.174891649591872,18.1846286944442,0.0161839867938891,0.522212908633697
"PTCD3",3.41679319960407,0.337784455296866,17.8645576570053,0.0220219703597058,0.759220452640402
"PTDSS1",5.34677285537296,0.205083046696792,14.7962513051199,0.0185458951673147,0.470452640402347
"PTEN",3.91932817930445,0.318815344177448,17.4114722698086,0.0213017475189977,0.716680637049455
"PTER",0.472064675109194,0.258492033591269,27.7463483222785,0.0140936505638783,0.946563285834032
"PTGES2",3.33741439021912,0.339126287726622,18.2239002545395,0.0220620386052811,0.771898575020956
"PTGES3",3.37488441003636,0.0210982113596772,10.5247442150363,0.0241395819339651,0.0287091366303437
"PTGR1",0.0712115578388388,0.025781363292831,39.1786884905813,0.00284465307042009,0.935875943000838
"PTK2",0.231510131929585,0.0611280881921944,36.0453750276805,0.000937009926057802,0.892812238055323
"PTMA",5.66371412008877,0.00565738668260878,9.71493011898422,0.0253696009326786,0
"PTMS",0.654182068706514,0.0179535381843172,25.5645544365172,0.0104493625094594,0.48197820620285
"PTOV1",1.40505071098182,0.107144435343139,26.1875821678583,0.00991848310530564,0.656014249790444
"PTP4A2",2.32102280395697,0.0793990341923689,20.0013813499934,0.0145621606366333,0.418797150041911
"PTPMT1",3.52497535865087,0.31762259788535,18.2287460802795,0.0209752572342074,0.739941324392288
"PTPN1",1.18647136975012,0.0339522157300247,21.9283945407472,0.013573324646601,0.395850796311819
"PTPN11",3.57737949777082,0.249443628039151,18.9548245259321,0.0178318403742912,0.659786253143336
"PTPN12",0.422847073977856,0.0964963794383122,33.57351936649,0.00396659003297588,0.871542330259849
"PTPN14",0.0746484466198103,0.0281780604393237,39.0954029787758,0.00270637083674866,0.937133277451802
"PTPN18",1.3664590754299,0.189831177680708,26.5999271407852,0.0117831934508867,0.801760268231349
"PTPN2",3.35878702289293,0.126576839164725,18.2578547917683,0.0156958820964273,0.446772841575859
"PTPN23",1.4245876603679,0.288175011913124,23.6887530828909,0.0174064556236371,0.865150880134116
"PTPN4",0.54886209048598,0.0906256480010588,32.3152006293497,0.00481823863672337,0.821877619446773
"PTPN6",0.29157406478492,0.0289785541333703,34.1935764677925,0.00206273231300522,0.779442581726739
"PTPN9",1.87307113444933,0.301050923546572,22.2080160981186,0.0186719475508678,0.838537300922045
"PTPRA",1.86530354986981,0.224396653833916,23.89737602205,0.0144951719198907,0.77231768650461
"PTPRC",0.880803459287322,0.00503641571766069,16.8570449659758,0.0194195424867944,0.178122380553227
"PTPRE",0.256177147514093,0.0232899614202197,34.3755575103454,0.00182083344739826,0.775670578373847
"PTPRJ",0.759729858564629,0.100287901719393,30.524652537892,0.0064658027253808,0.780909471919531
"PTPRK",0.0941758260433708,0.0249318440012962,38.574772156901,0.00227043779638648,0.914815590947192
"PTRH1",2.19841195778984,0.377940094786376,19.2066543224831,0.0238590182887277,0.862531433361274
"PTRH2",2.05503569578887,0.227598395721754,23.3864183299031,0.0149131416315379,0.761420787929589
"PTRHD1",4.58514091670692,0.178858789443668,16.6998461210993,0.0172286281452112,0.485435875943001
"PTS",1.33570301577136,0.132309819160821,27.2060835346104,0.00968914435619865,0.72883487007544
"PTTG1",0.497792073117328,0.0213770075530236,29.1036578629086,0.00696694241565093,0.601948868398994
"PTTG1IP",1.93993033057153,0.0988556304817156,23.0851164056518,0.0121833648235479,0.546311818943839
"PUDP",2.12108480799491,0.475573657107253,15.867568971897,0.0307422632404046,0.907376362112322
"PUF60",5.93364237010077,0.185460740497235,12.6276943236213,0.0191911257423354,0.378352891869237
"PUM1",2.55750762147593,0.160579571455494,21.5258402806218,0.0139582891883006,0.59953897736798
"PUM2",4.43828811433855,0.265183949366038,16.5835587442987,0.0192990555423794,0.612636211232188
"PUM3",1.26952840262935,0.108049679113864,27.1903762091733,0.00919376513294889,0.688809723386421
"PURA",2.50638194560559,0.274695915671801,21.2029126700134,0.0178361869727533,0.766764459346186
"PURB",1.77077915942368,0.307213596961789,22.2697792399769,0.018954700805818,0.850062866722548
"PUS1",1.85743604626664,0.388394876707695,19.4379476914558,0.0243959273265572,0.886525565800503
"PUS3",2.86117137022596,0.447783299451191,15.8213173585437,0.0289062288145519,0.861378876781224
"PUS7L",2.89065216059104,0.394189953216196,17.4552443239382,0.0252569118417375,0.83151718357083
"PUSL1",3.40987083281883,0.503020538295937,13.516743502467,0.0330562091280695,0.86955155071249
"PVT1",0.663800856072316,0.131289519883737,31.0926778800421,0.00687507418276123,0.849224643755239
"PWP1",4.08570798495115,0.23500015830554,17.4976178116783,0.0179415129860432,0.594509639564124
"PWWP2A",1.89894612575722,0.252399102598857,23.2701119017594,0.0159372585157759,0.796416596814753
"PXDC1",0.222823694345459,0.099862786566201,35.2878349745565,0.00268508695734357,0.931789606035205
"PXK",0.956714009831391,0.0984885388158371,29.0314056836236,0.00760041226275034,0.7308256496228
"PXN",0.602749178268659,0.097472555557354,32.0915351214314,0.00518711109398774,0.825963956412406
"PYCARD",0.764381789688141,0.0458545998471135,28.7477528006169,0.00729035094556348,0.633382229673093
"PYCR1",0.218453491206404,0.0918822204693959,35.5948006266742,0.00218465515721675,0.928646269907795
"PYCR2",1.43538195472846,0.299056651405619,23.3394535254544,0.0181052545599082,0.871123218776194
"PYGB",0.865913996148837,0.151141504517815,29.5078132428336,0.00860766970810942,0.831202849958089
"PYGO2",1.93481439652224,0.2438343127911,23.3962698207443,0.0155325485783645,0.786986588432523
"PYM1",1.57596781292801,0.134537969565547,26.1093210782859,0.01052287807696,0.698344509639564
"PYROXD1",1.88406148720479,0.314869068090024,21.7585753206333,0.0195377379392774,0.845871751886002
"PYURF",4.08177364206712,0.144900332871035,16.3966695495534,0.0169100436911282,0.421940486169321
"QARS",5.99782068383182,0.337414590292229,13.8759736357052,0.0233598888243862,0.636211232187762
"QDPR",1.5646000279681,0.229224801132648,25.0239899069467,0.0141501341277095,0.81464794635373
"QKI",1.27946452374026,0.142265043901506,27.4102947792682,0.00978149670933165,0.751257334450964
"QPCT",0.109374860279965,0.0348206640839741,38.2475501221117,0.00173116471815574,0.920578373847443
"QRICH1",5.51233797103188,0.337387715159508,13.9795963878742,0.0230818842782806,0.640402347024308
"QRSL1",2.63063504393285,0.457675669561258,15.8594525153846,0.0295683348018946,0.878038558256496
"QSER1",0.782466702908575,0.262250283885082,26.5889184626421,0.0148492152171831,0.915758591785415
"QSOX1",0.872733289630123,0.104426825726412,29.7858716302661,0.00713993045606909,0.764354568315172
"QTRT1",3.12945103394517,0.261448977371172,19.9714756055817,0.0178453694682091,0.708717518860017
"R3HCC1",5.60755500884639,0.489126084429382,11.7181290569462,0.0324294214744475,0.785414920368818
"R3HCC1L",2.52768455661134,0.43725798991706,16.6710807261357,0.0280785739202031,0.872904442581727
"R3HDM1",2.34355583395206,0.243777955806785,22.2498807055006,0.0160957595297793,0.751466890192791
"R3HDM2",2.288621040765,0.45094490564699,16.517424848161,0.0289798284579885,0.889668901927913
"R3HDM4",4.01541830481646,0.193407153058307,17.2485004254842,0.0169859998632787,0.523470243084661
"RAB10",3.31260261825104,0.0751912234955579,15.3663707157022,0.0181383233692357,0.272736797988265
"RAB11A",5.23460882418233,0.123437250496603,12.6012355943764,0.0192318323793417,0.278290025146689
"RAB11B",5.42969371917559,0.150244159590351,12.5634610132754,0.0190410871040376,0.320410729253982
"RAB11FIP1",0.499110093216561,0.0298959779773727,30.2614741032997,0.00583389951889996,0.654128248113998
"RAB11FIP2",1.08225600410629,0.401331244740425,20.2643375498002,0.0249211160286901,0.934618608549874
"RAB11FIP5",0.398459547780282,0.235202228171143,29.015995120039,0.0123077584452492,0.949706621961442
"RAB13",0.125550575194017,0.00962690422579487,36.439917628303,0.000396990206299623,0.819572506286672
"RAB14",8.94151480563347,0.260143374671412,8.64930143170482,0.0219984400635791,0.379400670578374
"RAB18",2.35079762534657,0.0940638885995108,20.1900000928208,0.0142899668491809,0.449392288348701
"RAB1A",3.52566135974173,0.149089825199814,18.346408428012,0.0157847644896869,0.486064543168483
"RAB1B",4.49805637868172,0.147628503306271,15.3418063387614,0.0175466456648843,0.395850796311819
"RAB21",2.09293977222978,0.175266301740867,23.5104432015295,0.0131148965418031,0.68336127409891
"RAB22A",3.63652815412899,0.372157097231506,16.8875155879956,0.0241908813354584,0.77975691533948
"RAB27A",0.82935065675755,0.0356530501550628,26.4326859721399,0.00941928862168628,0.541701592623638
"RAB28",4.24718965976108,0.417283853803277,14.7910658720192,0.0272365035394103,0.780909471919531
"RAB29",0.891930273940238,0.0658144667378817,28.5768138689306,0.00753763548458829,0.661986588432523
"RAB2A",7.88006166178299,0.20940468211496,9.63729526440012,0.0207902032410498,0.332774518021794
"RAB2B",3.09401958375389,0.459322296016181,15.1562425110843,0.0297845425237523,0.857187761944677
"RAB30-AS1",1.87276035534959,0.425262698502525,18.0823332232166,0.0270062073996668,0.900670578373847
"RAB32",0.133033637009427,0.0386799627668305,37.7986792836233,0.00121179361475394,0.912405699916178
"RAB33B",1.5161444654771,0.394120323298887,19.7782588665722,0.0246185048562341,0.906957250628667
"RAB35",4.29391182117155,0.300545215033508,16.6493080137932,0.0206572471081167,0.666911148365465
"RAB3GAP1",2.11715247481826,0.173379736738271,23.2622388479831,0.0131894196924912,0.67277870913663
"RAB3GAP2",1.88867977026911,0.232906855541197,23.6650985212386,0.0149410165734716,0.778394803017603
"RAB3IP",1.16787767906112,0.139774051424677,27.9681022152606,0.00932598573386411,0.764668901927913
"RAB40B",0.145854846334131,0.0586104955459976,37.2756684047187,0.000231128377217407,0.928331936295055
"RAB4A",2.81389934841447,0.165585640572636,21.2475719622107,0.014315047920672,0.599224643755239
"RAB5A",2.7598365296853,0.147439868228177,20.7851603792673,0.0142310943136375,0.556160938809723
"RAB5B",1.89276995802723,0.126101290277534,23.6323603833981,0.0119964719623459,0.608025984911987
"RAB5C",6.67129560228586,0.332285205801131,12.2721473484176,0.0233455992083959,0.582355406538139
"RAB6A",6.86388922627118,0.22842986034413,11.5066804578871,0.0202914233046279,0.411986588432523
"RAB7A",4.89359095458159,0.0904493179624978,11.5596682382208,0.020424473152139,0.191533948030176
"RAB8A",3.12311240039585,0.109000824502118,18.1158587363964,0.0157610884960318,0.412929589270746
"RAB8B",1.25196349036706,0.0479213269981117,23.5752930819185,0.0118857003652743,0.473176865046102
"RAB9A",0.608364250255396,0.0205733585990907,26.034361340017,0.00993454126564825,0.501571668063705
"RABAC1",1.55381008414461,0.0266732893014376,16.6283654470742,0.0186019295876885,0.215737636211232
"RABEP1",3.82155610937925,0.286247490685498,17.9153540467128,0.0196376841253161,0.683780385582565
"RABEP2",3.24985184747847,0.394077470031024,16.8762040140995,0.0253961300038872,0.812761944677284
"RABEPK",2.28716208447567,0.319878791430533,20.8063387452143,0.020182135843701,0.823449287510478
"RABGAP1",1.56839783862138,0.222771895162935,24.9703957216155,0.0138800748273596,0.803017602682313
"RABGAP1L",1.30686523545593,0.0509940958055802,22.9673194321057,0.0123630240353394,0.459346186085499
"RABGGTA",3.16122118784993,0.379985449811334,17.4435933744239,0.024458695008973,0.809304274937133
"RABGGTB",2.96875271172643,0.128065679961741,19.4838349208208,0.0148721262772899,0.485540653813914
"RABIF",3.79691072364336,0.235043772163032,18.3341880958198,0.0175938229641291,0.619446772841576
"RABL2B",1.34972997324749,0.458300818405469,17.4881998949582,0.0292273131780993,0.935037720033529
"RABL3",3.93651498332717,0.625440550088776,8.99130240959215,0.0425212647151102,0.905385582564962
"RABL6",1.40978290871441,0.264806353927884,24.5954163432441,0.0159221209371253,0.856873428331936
"RAC1",2.39080917577359,0.0364088182227573,15.276819349601,0.0194016906738728,0.196668063704946
"RAC2",0.889521111507845,0.00926677474414685,18.8405927744048,0.0172667796424657,0.250209555741827
"RAD1",3.12691037072557,0.374918268649248,17.7165310856196,0.0241312919018657,0.810037720033529
"RAD17",1.79084496599577,0.311424868199808,22.0882195387842,0.01923770874425,0.850901089689857
"RAD21",2.63767176646219,0.0550483310525157,15.867268740032,0.018255410375143,0.249580888516345
"RAD23A",6.39053697561187,0.136727752212267,10.7564158623211,0.0201766760109155,0.250104777870914
"RAD23B",3.78823217696746,0.169682582095598,18.0631597748045,0.0162237208351555,0.51058256496228
"RAD51C",1.35643621452879,0.148755499411918,27.2718710280176,0.0100871693193508,0.757334450963956
"RAD51D",1.78478500209119,0.40648965853631,18.9042816540556,0.0256301278866601,0.897841575859179
"RAD54L2",1.36691846198145,0.371177069028053,20.9566788080154,0.0229174304517354,0.908633696563286
"RAD9A",1.88678930967432,0.345320000693363,20.8310005395797,0.0214961116806137,0.863788767812238
"RAE1",5.99712553409047,0.37170309583067,13.1668200239689,0.0250761413678615,0.664082145850796
"RAF1",6.71864866452051,0.321406260229724,12.4141091000607,0.0229092227961541,0.571039396479464
"RAI14",0.0585426177530971,0.0240926891905621,39.5542112667194,0.00325310414483387,0.945305951383068
"RALA",0.979482606794333,0.0190239688839792,19.810194256163,0.0159422464233265,0.299874266554904
"RALB",1.22186048368942,0.174107474620221,27.4251527501824,0.0107290676549478,0.802598491198659
"RALBP1",3.18418442450753,0.196368958894088,20.2185076961062,0.0156000653665401,0.616512992455993
"RALGAPA1",1.20079545706126,0.0741253055962028,25.8199432258395,0.00986639210160901,0.589061190276614
"RALGAPA2",0.340266487893068,0.149017869914892,32.6783454250675,0.00635640926855428,0.928017602682313
"RALGAPB",2.1501206581462,0.292632900520926,21.6402547238533,0.0184570635264255,0.807942162615256
"RALGDS",0.814019915241381,0.0544511763647353,28.3827427674355,0.00762221031797987,0.636420787929589
"RALY",4.59218959534446,0.0907207885292781,12.6091850505841,0.0197425782460351,0.221919530595138
"RAN",4.14495808130036,0.0242715122419749,9.74208752391319,0.0245041400983029,0.0174979044425817
"RANBP1",1.3276048761014,0.031828648036034,20.4845977932579,0.0149443777049826,0.346709974853311
"RANBP2",1.47277805169378,0.0650079905500862,22.9559580287688,0.0122403971877334,0.483759430008382
"RANBP3",3.9958968113512,0.307979570983737,17.1010031520563,0.0208073798621074,0.69163872590109
"RANBP9",2.21866071449083,0.315647609962256,20.9778272168041,0.0198722427901548,0.822506286672255
"RANGAP1",1.23939369714797,0.0614226195370129,24.8864943287966,0.0106556448436208,0.53803436714166
"RANGRF",3.15563060312922,0.242894322809922,20.1312846892252,0.0170809094444201,0.68535205364627
"RAP1A",3.16613903864121,0.0787675700930074,16.2077988436981,0.0174445300348979,0.303960603520536
"RAP1B",3.53494519552607,0.0473441014422491,12.1452230411808,0.0214762029162878,0.126781223805532
"RAP1GDS1",5.0100691499632,0.351100644531896,14.9948317328995,0.0235940740555841,0.690171835708298
"RAP2A",1.09410447324604,0.290613171994359,24.5893772428092,0.0171670166150828,0.89731768650461
"RAP2B",1.06970460600541,0.0680036235187163,27.3858313808459,0.00858305378262179,0.62814333612741
"RAP2C",2.96254387982369,0.289252354250189,19.8156780384749,0.0190413578742832,0.746227996647108
"RAPGEF1",0.852829948677823,0.0868814304451004,29.7742767976452,0.00681454634189762,0.73512154233026
"RAPGEF2",0.285880953403837,0.0784450702419487,35.1181494870213,0.00218766526142851,0.891450125733445
"RAPGEF6",1.59713956450224,0.188608364946969,25.3422210150328,0.0124213409141817,0.760896898575021
"RARA",0.959123441531827,0.0805888186332413,28.6494850718691,0.00763298364148537,0.689124056999162
"RARRES3",0.340635675255397,0.00583991707566033,26.2690861443259,0.00993497841798733,0.481768650461023
"RARS",9.07437718524772,0.492598229322142,8.4258453480589,0.0330296398774229,0.680637049455155
"RARS2",2.88853865680567,0.417503907921195,16.7218277444771,0.0268119296364499,0.843880972338642
"RASA1",1.54242984166406,0.281435448603602,23.5984580880525,0.0171234226856543,0.851739312657167
"RASA2",1.48610421724605,0.146825985504379,26.1638539362049,0.0107139260654094,0.719823973176865
"RASAL2",0.104444102074185,0.0529662693390383,38.0587588434088,0.00109423819771484,0.944362950544845
"RASGRP3",0.143211740819439,0.0438987726924306,37.5323236814913,0.000840352714494647,0.912405699916178
"RASSF1",2.14052574921283,0.16037115871867,23.5813349698701,0.0127482836927929,0.661881810561609
"RASSF3",0.761842798196861,0.132103300186218,30.4538310791463,0.00736078887649694,0.83036462699078
"RASSF7",1.84784083624965,0.220399930060313,24.0868084420092,0.0142595409145773,0.771898575020956
"RB1",1.64750054752624,0.132156657515909,25.3182302420821,0.0109715673704798,0.669949706621961
"RB1CC1",1.79285655413546,0.0834072255479883,22.8278888831258,0.0123193254372645,0.512049455155071
"RBBP4",4.04053110627357,0.105790067889575,14.7519054136121,0.0180488378569031,0.308780385582565
"RBBP5",2.02253683814025,0.266180789599436,22.6373351088022,0.0168310779852576,0.798093042749371
"RBBP6",2.03143419351473,0.0894462589064036,21.8240940706152,0.0130916867375724,0.491512992455993
"RBBP7",2.16927053510284,0.0883229031562038,21.2483295952985,0.0135487035784588,0.472129086336966
"RBBP8",1.07872574988657,0.0864620080406032,28.1774075751411,0.00811447725856975,0.684094719195306
"RBBP9",1.24235789575904,0.341873105382327,22.2937786444769,0.0207860487623956,0.905280804694049
"RBCK1",5.27062479323051,0.268211842311143,14.7818816180409,0.0200732619500358,0.564019279128248
"RBFA",1.73981622409078,0.266741894629489,23.5851844075889,0.0164751956050115,0.828269069572506
"RBFOX2",0.101170316594634,0.0537807073026789,38.0919580254209,0.00110212378036524,0.946772841575859
"RBKS",0.151345588801694,0.0258957027216234,37.0492296209668,0.000759058228580495,0.866827326068734
"RBL2",1.71580357700643,0.126625540901135,24.7219972333612,0.011267419284306,0.642497904442582
"RBM10",3.20565358281734,0.274054481201799,19.4425060827263,0.0185272726598161,0.711860854987427
"RBM12",1.61690271821583,0.283980370101176,23.2938188790378,0.017369316549137,0.846186085498743
"RBM14",2.4176008859824,0.300634659105332,20.929086241413,0.0191590499142694,0.797883487007544
"RBM15",1.13684156662272,0.181617954122137,27.6330775016313,0.0108522755328929,0.821039396479464
"RBM15B",2.16019441430056,0.348911353753154,20.1370571616944,0.0219147645099671,0.847338642078793
"RBM17",3.53118940437578,0.0783382422862023,14.9450921866423,0.0183848051052658,0.266345347862531
"RBM18",6.24081590385292,0.374951876900588,12.7514244753556,0.0253247596541281,0.656119027661358
"RBM19",1.38476455485005,0.282583441084673,24.0502739837831,0.0169977431954279,0.867665549036044
"RBM22",4.9263590839111,0.22180984284352,15.1393162837101,0.018573209776292,0.505343671416597
"RBM23",4.04700356549201,0.255399981533028,17.5858294620302,0.0185732971902642,0.627829002514669
"RBM25",5.52714866800961,0.108789797004217,11.0335499050434,0.0203557992629986,0.209450963956412
"RBM26",1.57906745846221,0.154926190804468,25.8262158072648,0.0111568027479369,0.722338642078793
"RBM27",2.39394135573926,0.544091642996726,12.9335591761969,0.0359164269793734,0.918378038558257
"RBM28",2.41742649479789,0.298733118421417,20.9826975692226,0.0190496341246257,0.79662615255658
"RBM3",2.29411169046988,0.0203309276678435,13.7473526737041,0.021478443114928,0.118818105616094
"RBM33",2.3081881406452,0.169697473345978,22.4828274010409,0.0135617965736087,0.643126571668064
"RBM38",0.626884884208176,0.122874441170936,31.4428680555566,0.00635975856781128,0.846709974853311
"RBM39",7.55108301758571,0.077318907580619,7.05455328081206,0.0236307871724996,0.0549036043587594
"RBM4",3.14470616764165,0.201519519878379,19.8197628989712,0.0158422110991294,0.612531433361274
"RBM41",3.70776299604357,0.625525946122359,9.05054468216478,0.0424534469135617,0.909367141659681
"RBM42",10.4090702951784,0.335264655954626,7.22031272175832,0.024626188136255,0.442372170997485
"RBM48",3.22358810953365,0.287578518945405,18.9885598733072,0.0192145389606888,0.718671416596815
"RBM4B",2.8862554105726,0.308821464295206,19.651342796465,0.0200220194712278,0.770746018440905
"RBM5",2.82001260601156,0.215580482491269,20.7087515262696,0.0157681786795708,0.661148365465214
"RBM6",3.73620856434603,0.212774458618977,18.0628326172102,0.0169974983795907,0.577430846605197
"RBM7",3.62605170053054,0.405351032511616,16.0005013637312,0.026269580634487,0.801760268231349
"RBM8A",6.46388425491889,0.0827873175539308,8.39375755969262,0.0226513015577364,0.0949287510477787
"RBMS1",1.05067555457344,0.0756681917252511,27.8664813593665,0.00823583774019479,0.656223805532272
"RBMX",3.67077552463778,0.0862431509898479,15.3295892566851,0.017973456231898,0.292225481978206
"RBMX2",12.3678080864891,0.597280389197598,5.43199297909412,0.0410909178451047,0.70766974015088
"RBMXL1",1.61907925467959,0.302314641329377,22.7733630815184,0.0185009935017022,0.858340318524728
"RBPJ",1.19258527241044,0.029264211700974,20.9760960892589,0.0145556355475661,0.357082984073764
"RBX1",5.16312366275701,0.0838645595153058,11.2895500713758,0.0208093754311209,0.174350377200335
"RC3H1",3.53940128209261,0.18283239692495,18.3267879925156,0.0161888431479105,0.538767812238055
"RC3H2",2.08358642571586,0.19096590363034,23.3787770773899,0.0136127435511274,0.704107292539816
"RCAN1",0.0347613855014973,0.00471098919613471,39.9153149388074,0.00404327258003472,0.924874266554904
"RCAN3",1.02925274145609,0.0792716646042968,28.1305442090767,0.00805080154956155,0.670578373847443
"RCBTB1",0.879609316237887,0.253170058132989,26.5755231509373,0.0144114372910016,0.900984911986588
"RCC1",1.70445225367895,0.1568873596268,25.6378814343934,0.011386133071366,0.719614417435038
"RCC2",2.44445765609814,0.288983708035255,21.2350424139819,0.0185181577210429,0.789396479463537
"RCCD1",0.486063864156629,0.233669238181679,28.7638148868478,0.0123745753268827,0.939228834870075
"RCE1",5.37050900858824,0.386996653774978,13.689006962858,0.025695740087287,0.702326068734283
"RCHY1",2.76682795445809,0.271164383322696,20.5025494904861,0.017951537904006,0.739941324392288
"RCL1",1.07075783631593,0.230770108017326,26.6851972815571,0.0133440243241553,0.869027661357921
"RCN1",0.226887600423469,0.0213693393731734,34.8316778652272,0.00135058787739077,0.78719614417435
"RCN2",2.09511876821687,0.114079805971595,22.9979117065662,0.0123734346147543,0.569048616932104
"RCOR1",1.25019368554011,0.27398426920512,24.6974529104338,0.0162893476979831,0.874580888516345
"RCOR3",2.49625399679592,0.286723153613021,20.9129652148242,0.0184724473420982,0.776299245599329
"RCSD1",0.5305389455332,0.0326246552508149,30.3831948272854,0.005733543208515,0.662824811399832
"RDH10",0.173683862748308,0.0317083786268487,36.7661018042468,0.000376252826160148,0.867351215423303
"RDH11",3.06174111503394,0.236201716523084,20.0114737921804,0.0168008159110613,0.671730930427494
"RDH13",1.02760074271676,0.38481880256284,21.0641357431865,0.0236911380176164,0.934094719195306
"RDH14",3.21481734875367,0.279282841259984,19.2451472312357,0.0187949573341304,0.713851634534786
"RDX",1.02654644487544,0.080361712588067,28.3178988808688,0.00791855725814553,0.678331936295055
"RECQL",3.04996097029303,0.181952668056737,20.2742667741512,0.015171416824644,0.595662196144174
"REEP3",3.12719588251099,0.207385998090533,20.4317154819532,0.0157937310522037,0.639983235540654
"REEP4",0.998547378135801,0.117073184554621,29.1538029166606,0.00792309812357601,0.765088013411568
"REEP5",3.19316452196784,0.0711015961545898,15.1067370267908,0.0184095881104014,0.257020117351215
"REL",0.62510785136714,0.00780104253175294,20.9973481436885,0.0151877695907304,0.315486169321039
"RELA",4.40597489651599,0.21827096872673,16.3828428141587,0.0179345183678705,0.536253143336127
"RELB",1.5654346128121,0.0438755921689381,20.0190352610708,0.0150510642496885,0.354463537300922
"REPIN1",0.278977032640012,0.0441442955862752,35.1592780042773,0.00137473158502372,0.836127409891031
"REPS1",2.48325337575019,0.334083443123613,19.9198564636267,0.02119927997885,0.817581726739313
"RER1",4.74741018031316,0.154536997598395,14.9726382658322,0.0177995633248665,0.396479463537301
"RERE",0.911423135816786,0.137788597362886,29.4204099548943,0.0082562280811391,0.806999161777033
"REST",2.47832767658405,0.0916954849661138,19.7992252974166,0.014616311677948,0.433780385582565
"RETSAT",2.34392134257079,0.503578204025262,14.5254308601638,0.032854387281123,0.907062028499581
"REV1",1.91312617640733,0.247015714949117,23.4515766119589,0.0156510276291288,0.793587594300084
"REV3L",0.952308395205015,0.0998445342815443,29.1832076494966,0.00751624953901699,0.737845766974015
"REXO1",2.45772501714023,0.507252141885655,14.2643093343665,0.0331494140333162,0.903918692372171
"REXO2",2.31131826424704,0.0914307724543805,20.3360433134392,0.0141989111789437,0.449392288348701
"REXO4",3.44930263262181,0.371187247199122,17.1277038645596,0.0240319459423554,0.786148365465214
"RFC1",1.9636493782126,0.129983373282577,23.9833162694206,0.0118830181280113,0.625314333612741
"RFC2",1.08706992907616,0.14208725482813,28.6436712894589,0.00895511758046499,0.789501257334451
"RFC3",0.390413971060126,0.154728809238755,32.2652799484542,0.00687176404510323,0.924036043587594
"RFC4",0.436602293932601,0.0714029614921747,33.7293912156389,0.00321968988242646,0.835393964794635
"RFC5",0.560596043115808,0.15645684481912,31.269238041938,0.00762247121532823,0.895222129086337
"RFFL",0.986589959038139,0.118819167384319,29.1734914117248,0.00794364679877842,0.768545683151718
"RFK",1.68211657035968,0.179139136723869,25.3201749166435,0.0121721186048909,0.745180217937972
"RFT1",2.53505354286851,0.531613669417367,13.3148314949875,0.0350109386752697,0.910519698239732
"RFTN1",1.29031516512696,0.0430453153181659,22.124182713846,0.0132168551405025,0.418587594300084
"RFWD3",1.15620423010898,0.24709236371038,25.9416981796607,0.0144630768315495,0.871332774518022
"RFX1",1.89646106584092,0.352514631684737,20.5419023401053,0.0219765784125285,0.865884325230511
"RFX5",1.6046188029738,0.170953981917558,25.6271350478529,0.0117250528372571,0.741722548197821
"RFXANK",6.83897706903026,0.468179516707909,10.9377056865717,0.0311894053114073,0.728939647946354
"RGCC",0.38728020246053,0.00795282497514767,26.6606262401153,0.00950925740330084,0.498533109807209
"RGL2",0.960863467945791,0.212580050655402,27.6264695814808,0.012054355288404,0.86986588432523
"RGP1",2.87462955887474,0.416099169549997,16.8146279249145,0.0267182619799508,0.844614417435038
"RGS1",0.324374059960382,0.00439146448079115,25.7890088237127,0.0104503319686811,0.463432523051132
"RGS10",1.54192966638311,0.0297982022939872,19.1014809002757,0.0162741240340674,0.300293378038558
"RGS14",0.716169102043815,0.0995442291371671,31.0530738111981,0.00605027010078479,0.796416596814753
"RGS19",1.33277033961401,0.106376174599212,26.8284965995881,0.00944549631378046,0.67476948868399
"RGS2",0.427229134101937,0.00697079316731428,24.6489945662003,0.0115517658283415,0.431475272422464
"RGS3",0.0915248022853591,0.0271854645813109,38.6337044217261,0.00227964610382284,0.92047359597653
"RHBDD1",0.781855379173102,0.25134088077337,26.9515406026825,0.014133600979883,0.909995808885163
"RHBDD2",0.93061196029332,0.0303730234266782,23.6198937276532,0.0120739945562848,0.442476948868399
"RHBDD3",1.96625885561607,0.398137276130689,18.925774786995,0.0251292587760944,0.885163453478625
"RHBDF2",0.668683385312968,0.0559324704062908,30.0780539218656,0.00613216610438024,0.692896060352054
"RHEB",3.95519177418797,0.0997029582960505,15.3128658800301,0.0177957219231291,0.315486169321039
"RHNO1",1.12622342686189,0.13997148604692,28.4041424256374,0.00905620306938145,0.77860435875943
"RHOA",11.7409163984174,0.0551277674370121,5.30821850598381,0.0253224075370268,0.00544844928751048
"RHOB",0.166455808786671,0.00673950776749394,33.6502583399196,0.00241769025349423,0.723595976529757
"RHOBTB3",0.0600641516985062,0.0256965843404607,39.4952482764854,0.00315686478994762,0.946039396479464
"RHOC",0.45899919586639,0.065196062580966,33.2545676691541,0.0034929341582769,0.809932942162615
"RHOF",1.22622296257453,0.0340902961906997,21.9660101664158,0.0135465232318599,0.397527242246438
"RHOG",2.3913819223308,0.0318273731229924,14.237172527675,0.0204816817693826,0.155699916177703
"RHOQ",0.272059610902257,0.0998228136884756,34.8214178413595,0.00305747590917965,0.916806370494552
"RHOT1",2.62705904000433,0.363713339836162,18.7698352822708,0.0231449281176616,0.826802179379715
"RHOT2",6.84068336777048,0.422518588556202,11.3225143434856,0.0281749015519103,0.678855825649623
"RIC1",1.99634349581323,0.201256113498496,23.6996979676927,0.013770239474768,0.730092204526404
"RIC8A",1.92225922958592,0.100796741333499,22.7454910988601,0.0124015830792887,0.538872590108969
"RICTOR",1.88524119555407,0.178145847929902,24.2556080854591,0.0127388671205268,0.71081307627829
"RIF1",1.75732176736373,0.137716935349964,24.8706116871945,0.0113907729902099,0.665129924559933
"RILPL2",1.23346950031078,0.0492091902279239,24.0764062122736,0.0114403886624467,0.491303436714166
"RIN3",0.490899610798185,0.0671979120014165,32.8561088897004,0.00387397721598386,0.800502933780386
"RING1",4.84567858587636,0.321561162202191,15.3359013839715,0.0219877757963257,0.658214585079631
"RINT1",2.61682396092927,0.456302082153435,15.8947793992968,0.0294563928146588,0.877200335289187
"RIOK1",1.2083448851138,0.145510290765238,27.6961505445123,0.00966389640413714,0.765402347024308
"RIOK3",4.08680411731897,0.189914429178129,17.2268752795786,0.0169694585674407,0.517497904442582
"RIPK1",2.51105050079553,0.382519448083825,18.4270786619056,0.0243112737787312,0.844823973176865
"RIPK2",0.263420811573474,0.0224865429565999,34.2042534578599,0.00198291617405311,0.768755238893546
"RIT1",1.10001622313257,0.120578820509042,28.2408621776781,0.00864638874808639,0.742141659681475
"RITA1",2.73911762607263,0.4133916847551,17.1806903540174,0.0265021374096166,0.852053646269908
"RLF",2.04585274241721,0.198117327531976,23.6253784728878,0.0137240602701758,0.722862531433361
"RLIM",3.38102330383254,0.376527207065782,17.0861727738892,0.0243285241817567,0.792958927074602
"RMDN1",4.01293745947595,0.444944437387251,14.5988660176508,0.0290710305237541,0.815381391450126
"RMDN3",2.18022624336565,0.291275591339021,21.6386325206,0.0184051447004741,0.805741827326069
"RMND1",5.17370878477346,0.606344295908992,8.98216120545598,0.0411984910196058,0.868503772003353
"RMND5A",2.85988278676676,0.333129226765592,19.0772094376169,0.0213986877745355,0.789920368818106
"RMND5B",2.62029087422484,0.485730074942316,14.8729574696235,0.0315935074463671,0.889668901927913
"RNASEH1",2.75518900772538,0.248201791706894,21.1705063854523,0.0168073133812629,0.725062866722548
"RNASEH2B",1.34793876558282,0.0801428890972985,26.0583296954387,0.00977086905930403,0.607082984073764
"RNASEH2C",2.37436232541652,0.0984578429470689,20.7435530796668,0.0139080379004971,0.474015088013412
"RNASEK",2.23574058701823,0.13513403724722,22.6067313756632,0.0128660817406826,0.591471081307628
"RNASET2",1.12750898523771,0.0332590362588122,22.2349829279915,0.013303664079786,0.404128248113998
"RND3",0.0399095640368486,0.00348204709419547,39.4500682410304,0.00358582425190275,0.907585917854149
"RNF10",6.84101740984085,0.183956741765849,10.6975003418714,0.0200693356876782,0.322506286672255
"RNF103",1.20948174734152,0.347379547390944,22.1657845595232,0.0211429429499323,0.90989103101425
"RNF11",2.0743437017508,0.0973722595426984,21.7922240642783,0.0131005186125991,0.503876781223806
"RNF111",3.03650605174142,0.3316749730985,18.7979547468502,0.0214319249954862,0.778918692372171
"RNF113A",1.97096006158525,0.150984948351795,23.7409894156624,0.0123705098942549,0.651718357082984
"RNF114",2.70049221267845,0.0872733945577966,18.2703684957449,0.015766527356362,0.379819782062028
"RNF115",3.1144086512515,0.175287099178512,19.6418002800423,0.0153302143675194,0.566114836546521
"RNF121",2.7971078547896,0.380623762782449,17.9452282654121,0.0243171205500762,0.826592623637888
"RNF126",3.08534700243757,0.188612787815691,20.334706215133,0.0153148726955519,0.607921207041073
"RNF13",2.13651399485858,0.147369623944549,23.1943639197809,0.0126793869061374,0.629191114836547
"RNF130",0.197649625843023,0.0174735507419737,35.2740850232579,0.000871308337461345,0.794949706621961
"RNF138",3.45133795085859,0.235470153723923,19.2112696172656,0.0172034194100443,0.646374685666387
"RNF139",2.55768643486564,0.28520315759927,20.7666687946613,0.0184548423271223,0.769488683989941
"RNF14",1.71199136697676,0.266806825825681,23.5261989482229,0.0164683749402385,0.826697401508801
"RNF141",1.72624132802577,0.324940322012372,21.8911512949971,0.0200413065763191,0.86556999161777
"RNF144B",0.141583316451505,0.0218961370038308,37.229373210372,0.00100374424471646,0.865989103101425
"RNF145",1.33805830460252,0.0454493874282803,22.2874409740271,0.0130421383243109,0.428227158424141
"RNF146",3.42821802774803,0.343618724133043,17.695958753282,0.0223628798785771,0.762782900251467
"RNF149",2.36890077348493,0.0530983703936386,16.5530600603781,0.0177470060614056,0.265926236378877
"RNF166",0.827772358005516,0.0837426830701795,29.7537832575808,0.00676690231332559,0.729253981559095
"RNF167",3.79931798028557,0.130974132614082,16.4755207887858,0.0167872374210096,0.401089689857502
"RNF168",1.8899700436941,0.152077219785407,24.4195971240139,0.0120001192807826,0.674350377200335
"RNF169",0.945849958510442,0.38426821471239,21.2266954471718,0.0236018559957594,0.938600167644593
"RNF170",1.70227333097446,0.353116723462214,20.9470078016519,0.0218886050364946,0.879715004191115
"RNF181",118.424892471641,0.777829823386847,5.09486473879068,0.0652101573935006,0.27745180217938
"RNF185",2.51650285732278,0.450414065523492,16.2220058319881,0.0290051210784255,0.878876781223806
"RNF187",0.607725980323347,0.0831462034078065,31.7399998003579,0.00512443795216141,0.791282481139983
"RNF19A",0.796235833089268,0.0331414305840345,25.7651118391254,0.0100388734047019,0.515716680637049
"RNF19B",0.450386533806753,0.126655775255873,32.6714736037862,0.0055755830555104,0.891764459346186
"RNF2",2.74469474993335,0.265981576552523,20.8066850685834,0.0176494362383346,0.741198658843252
"RNF20",1.84190597515234,0.264963458639712,23.1697418791074,0.0165374867150232,0.812761944677284
"RNF214",4.536710249246,0.579879257416017,10.1835995639134,0.0390504136547826,0.872066219614417
"RNF216",2.54338562044485,0.203632951959359,21.6482968122624,0.014925365410879,0.671102263202012
"RNF219",2.34242613569794,0.348813123750445,19.8113712561125,0.0220283163919635,0.836756077116513
"RNF220",2.68556086005379,0.400461461538804,17.6400947514614,0.0255978589186747,0.847024308466052
"RNF24",0.774546880388832,0.121022117917089,30.5703222465399,0.00696680538428261,0.816114836546521
"RNF26",1.78655316684579,0.420929161292464,18.380429600615,0.0266630949078136,0.90360435875943
"RNF34",2.70144539323197,0.203456051580746,21.612383731251,0.0150313092136447,0.66963537300922
"RNF38",2.7299658729922,0.318335080059864,19.6762112112836,0.0204421687202757,0.786148365465214
"RNF4",6.11138378177832,0.295154999079105,13.4081283654235,0.0215588433497817,0.562866722548198
"RNF40",4.70130145119657,0.35113870988269,15.2497644509943,0.023429996377263,0.698554065381391
"RNF41",6.20983120622396,0.415346546507874,12.1574750942168,0.027599857649771,0.694991617770327
"RNF44",2.18245611324114,0.214618642542523,22.9386363103406,0.0146310937561602,0.727577535624476
"RNF5",3.4148323782764,0.158969224337795,18.5481660731179,0.0157230508278303,0.507648784576697
"RNF6",4.12205759235233,0.315920112521567,16.9990391627049,0.0212833116528777,0.699916177703269
"RNF7",9.05454399696022,0.192545892238243,7.31823350035313,0.0215647313971544,0.246123218776194
"RNF8",4.38192628597736,0.423191937769097,14.6702647915346,0.0277139963334311,0.784995808885163
"RNFT1",1.58167468721182,0.212628995317138,25.152278349596,0.013398379717958,0.792749371332775
"RNGTT",1.93789863971076,0.270100764402853,22.7898655369539,0.0169411317659737,0.808885163453479
"RNH1",3.24672097366901,0.0915340641113072,17.3814739281623,0.0164478506016448,0.362007544006706
"RNMT",3.27484991389544,0.175423451372039,19.2165539698257,0.0155876791909882,0.553646269907795
"RNPC3",2.42017398956923,0.227837042818285,21.9844336740778,0.0155685520672767,0.718880972338642
"RNPEP",1.4431396237242,0.137263408876062,26.7775639745311,0.0101198300106039,0.723491198658843
"RNPEPL1",1.14744234533994,0.243090870548438,25.9297460976502,0.0142494412949099,0.864836546521375
"RNPS1",5.5080076352453,0.0906775500434793,10.3706974086013,0.0211883318767711,0.160100586756077
"ROCK1",4.65100667025912,0.112414467557853,13.500121161789,0.0187921850712467,0.284681475272422
"ROCK2",0.998066948117207,0.217004510718424,27.3639571773344,0.0123882037159611,0.868608549874267
"ROGDI",0.761908442781411,0.291258545048192,25.5000060377999,0.0168070530921013,0.927284157585918
"ROMO1",4.78703451877061,0.0903791579295751,12.2941439592488,0.0199710779524393,0.213013411567477
"RORA",0.516369214634106,0.0197955757010294,28.1843369840538,0.0078671240146279,0.569467728415759
"RP2",0.37333769217219,0.0486543090781101,33.8357963943546,0.0026723222210365,0.801026823134954
"RP9",2.38387188102929,0.20491598919775,22.6037440469989,0.014537991753924,0.702116512992456
"RPA1",1.74260617533755,0.142714382093801,25.0064321752606,0.011405011358049,0.677388935456832
"RPA2",2.90683400170199,0.13655200120548,19.8651054872479,0.0146754804174908,0.510792120704107
"RPA3",1.31093320184788,0.0494173230400115,23.7554989524154,0.0117335159138081,0.481768650461023
"RPAIN",4.95328528140619,0.215675586266191,15.0048764628213,0.0184951148710034,0.492141659681475
"RPAP1",2.09902503230257,0.522105520420126,14.0562386347628,0.0341927347002055,0.921835708298407
"RPAP2",2.05387816976696,0.221788197802319,23.3263337647666,0.0146948860450599,0.750628667225482
"RPAP3",1.95832451227278,0.248456019012803,23.2917779775737,0.0157890051929447,0.790863369656329
"RPE",6.48996629269781,0.557292160532763,9.44481463098759,0.0375322373602808,0.806684828164292
"RPF1",5.62065451648792,0.431759426506205,12.6988855460133,0.0285111049805496,0.73512154233026
"RPF2",1.43171565357841,0.190060947347707,26.2368512798348,0.0119891349138015,0.790863369656329
"RPGR",0.55808481311564,0.257357560478389,27.5001256542484,0.0141587636755749,0.936923721709975
"RPIA",2.67070799633917,0.189712862618067,21.6240891129107,0.0146183044197276,0.648575020955574
"RPL10",10.3599509251222,0.00576668712507646,8.12634735114072,0.0258885028322361,0
"RPL10A",4.94879162430257,0.0109451798791393,9.74906539329729,0.0251498221700123,0.00272422464375524
"RPL11",9.34197661880612,0.00950361982298382,8.27120440845571,0.0257284374694426,0
"RPL12",6.45769156047584,0.00793562601783658,9.32928843572379,0.0254231579316413,0.000209555741827326
"RPL13",8.10981119947164,0.00582765395589363,8.88131844295694,0.0256384385753424,0
"RPL13A",5.15499836883873,0.011419190540208,9.60654427574444,0.0252063252568841,0.00125733445096396
"RPL14",9.31716522335445,0.0165503409942277,7.90924589817853,0.0256341006642692,0.000104777870913663
"RPL15",9.26617012412692,0.0135941742108807,8.08299615078827,0.0256658180404907,0.000104777870913663
"RPL17",4.97672037254729,0.0580242209049358,10.4328861499154,0.0222749686065907,0.104044425817267
"RPL18",9.81582850775678,0.0127058806966383,7.94731829650458,0.0257380643812349,0.000104777870913663
"RPL18A",8.2057392341992,0.00814795309285481,8.72780758701574,0.0256170704116073,0.000104777870913663
"RPL19",10.1302002503007,0.00932750067844684,8.01667744595571,0.025818047089578,0
"RPL21",4.2186757348139,0.00884837860101752,10.1098850056497,0.0250935851928409,0.00272422464375524
"RPL22",10.8420040616944,0.0272863990559186,6.87895857087684,0.0256482767555764,0.00104777870913663
"RPL22L1",1.62932815963251,0.0288617461780202,17.6024131247057,0.017648400841379,0.251362112321878
"RPL23",7.55428366282618,0.0475304827920758,7.60855893469559,0.0245338452806439,0.0237845766974015
"RPL23A",7.27051109199723,0.0111281067904668,8.88659695721079,0.0254702777895063,0.000314333612740989
"RPL24",11.7181799680549,0.026417114247833,6.60772002423389,0.0257764986645682,0.000104777870913663
"RPL26",4.6455803836027,0.0129791448701155,9.74633590852496,0.0250816940487453,0.00303855825649623
"RPL26L1",3.07021202201615,0.193987239231548,20.8881563701781,0.0152385263601741,0.632963118189438
"RPL27",10.3187353788798,0.0282263374355851,7.01321866267058,0.0255689721843003,0.00146689019279128
"RPL27A",5.9529303073338,0.0238020963991684,8.93984215610847,0.0249250475446627,0.00984911986588433
"RPL28",9.93895802518029,0.00666932707938541,8.22067959962487,0.025830450353685,0
"RPL29",8.05965318309682,0.0108361000762046,8.62860716386441,0.0255693834587308,0
"RPL3",5.18128262024477,0.00781352840493025,9.77456391421712,0.0252745609341634,0.000523889354568315
"RPL30",8.25944064095787,0.00748844991728315,8.74170578362907,0.0256339666157427,0
"RPL31",7.49723867801253,0.0298353923967853,8.05279609322121,0.0250807981635286,0.00796311818943839
"RPL32",8.73321874232826,0.00734762394710026,8.59360597555419,0.0256857041713667,0.000104777870913663
"RPL34",7.11252408393078,0.00757879304065664,9.12204663831954,0.0255057152379301,0
"RPL35",10.1139147907049,0.0220631889378177,7.36719697025519,0.0256460708255805,0.000419111483654652
"RPL35A",8.99978246311048,0.0122160920619614,8.24129257568825,0.0256561613932276,0
"RPL36",5.53536758500099,0.00973849667469101,9.55252734731141,0.0252867542291645,0.000628667225481978
"RPL36A",3.12794077536093,0.0213988730610952,11.0787863955963,0.0236803593583752,0.0442162615255658
"RPL36AL",6.92672251365813,0.0326120567462864,8.02101822588378,0.0250248221603768,0.00607711651299246
"RPL37",7.78733664530702,0.00859580270140721,8.840490717159,0.0255676017152134,0
"RPL37A",6.0639637706589,0.0106592920229262,9.31826239723154,0.02533941208142,0.000419111483654652
"RPL38",4.95120047109165,0.0168739274866886,9.43473129449776,0.0250622323093251,0.00324811399832355
"RPL39",6.75257027081317,0.00574684020400188,9.34649473464381,0.0254863729897556,0.000104777870913663
"RPL39L",0.512037235579273,0.124863823944028,32.4170636502529,0.00572175064706191,0.880762782900251
"RPL4",4.56658168330364,0.0141829429895691,9.76589425622983,0.0250070577907545,0.00492455993294216
"RPL41",6.7335944628395,0.0046285875633063,9.41056090155616,0.0255011997024853,0
"RPL5",5.22444759517586,0.0112502878451532,9.58940769323448,0.0252190156999199,0.00115255658005029
"RPL6",8.49539509143291,0.0134499269628191,8.35723235347253,0.0255745357915062,0.000419111483654652
"RPL7",5.6153235617907,0.0205823381717076,9.04532142759513,0.0250647532245706,0.00429589270746018
"RPL7A",7.71793627886322,0.00989818799770687,8.80034572174578,0.025538173856739,0.000209555741827326
"RPL7L1",3.95218014767019,0.157336121990605,16.9918473408392,0.0166325684164868,0.459241408214585
"RPL8",7.45612693561626,0.0107734289011499,8.83695442430705,0.0255006354864254,0.000104777870913663
"RPL9",7.50635262802649,0.0124987249357553,8.73020282132374,0.025481733545422,0.000209555741827326
"RPLP0",3.94204007646787,0.00403077892313487,10.3902945991728,0.0251966528773459,0.000104777870913663
"RPLP1",10.4129247321868,0.00386998149147352,8.20781838113808,0.0259183320791165,0
"RPLP2",10.5920419608999,0.0143573120800262,7.59924265299128,0.0258057239530119,0
"RPN1",3.66328665095772,0.073005331192976,13.327967077341,0.0196565957843684,0.208298407376362
"RPN2",2.495691979312,0.0668961812567136,17.5064056053712,0.0166521734177221,0.320410729253982
"RPP21",3.27763751428581,0.270121346336204,19.0650852162203,0.018452469261024,0.694677284157586
"RPP25",0.313763522740084,0.0886903541665293,34.6870292227738,0.00283490299122617,0.894383906119028
"RPP25L",2.68233765957252,0.359464642377876,18.7942198306737,0.0229059744479847,0.821039396479464
"RPP30",4.88478761830112,0.343397572078104,15.4565432125387,0.0231401154537085,0.69279128248114
"RPP38",2.84205136888447,0.298309289515677,19.8281568559634,0.019419027578904,0.760477787091366
"RPRD1A",2.921686405472,0.332103506736421,19.0263472219237,0.0213805865121852,0.786672254819782
"RPRD1B",4.04935169976973,0.458865060419273,14.0426341040417,0.0299905211623022,0.818839061190277
"RPRD2",2.86837471024188,0.307556054633735,19.5630264698147,0.0199448104398852,0.766345347862531
"RPS10",3.53524074047809,0.0676377480143497,13.92855258251,0.0193935968968574,0.216890192791282
"RPS11",10.5816839734575,0.0405866860479429,6.43834947203901,0.025354141503603,0.00597233864207879
"RPS12",7.01968631014458,0.00435433923004462,9.32889180314494,0.0255363718057996,0
"RPS13",9.4202743582661,0.0110808691016379,8.16498566637284,0.0257147007982941,0.000104777870913663
"RPS14",9.01210632620905,0.00910348889101054,8.40289836139266,0.0256969330423116,0
"RPS15",10.7336085480044,0.0128805139524403,7.63293621425773,0.0258377370980132,0.000104777870913663
"RPS15A",7.81379392843729,0.00672611015683394,8.93255624203232,0.0255942475953733,0
"RPS16",8.48214698724327,0.0127323113240865,8.38951213066695,0.0255896875241908,0.000104777870913663
"RPS17",5.17830865880479,0.037433965275663,9.25634694638262,0.0240579046869788,0.0351005867560771
"RPS18",4.93764341541072,0.00420925753911868,10.0505639088208,0.0252989669336855,0.000314333612740989
"RPS19",7.5388694279902,0.00591090049494664,9.06918419365399,0.025574127414881,0
"RPS19BP1",4.54535398027837,0.108429226520579,13.4689023512885,0.0188521731139015,0.276718357082984
"RPS2",3.05085662692679,0.00397506745852717,10.7145741446563,0.0250803993896289,0.000733445096395641
"RPS20",5.46371902439369,0.0324372608570757,9.19828768603557,0.0243301736252272,0.0275565800502934
"RPS21",5.48585962569135,0.00836633130001209,9.63151602115665,0.025309821217883,0.000209555741827326
"RPS23",8.24786819098709,0.00760081411590784,8.73955750434058,0.0256312599601258,0
"RPS24",7.35798241845015,0.00841433885422119,8.9942654792526,0.0255223134311838,0
"RPS25",9.70946822090427,0.0146315879788528,7.88101301533324,0.0257019234013116,0.000104777870913663
"RPS26",2.55083103323132,0.00407211597631365,10.9273324243563,0.0249774535990719,0.00230511316010059
"RPS27",4.05812082569224,0.00246357607385088,10.4359792318698,0.025232461246176,0
"RPS27A",8.81798482448333,0.00834900715065656,8.50816830107198,0.0256849682909456,0
"RPS27L",1.608280115392,0.0204251591587489,15.3157385755704,0.0200819397000938,0.162929589270746
"RPS28",8.73268878995949,0.0087358692680795,8.51611098139585,0.0256706144660718,0
"RPS29",2.36568420962172,0.00457669382219541,11.0035458852552,0.0249102359197537,0.00366722548197821
"RPS3",6.422916009632,0.00614036341493899,9.43255121351791,0.0254475721619174,0
"RPS3A",6.32926289901544,0.00638170457458543,9.45083674996349,0.0254341278579824,0
"RPS4X",5.57933096797143,0.00683224845761701,9.69193922365788,0.0253340800515511,0.000419111483654652
"RPS5",5.09573053009548,0.00924102448631758,9.72379520076954,0.025246933026271,0.000523889354568315
"RPS6",4.66848639112644,0.00535216514174985,10.0708163979929,0.0252603411132174,0.000104777870913663
"RPS6KA3",2.08792856768284,0.213247607430282,23.3643258400098,0.0143786864970582,0.738474434199497
"RPS6KA4",0.670007848425892,0.0981112587351318,31.3717226873105,0.00576032262993818,0.804170159262364
"RPS6KA5",0.608662591732206,0.112569233146659,31.788605800925,0.0058105551843998,0.84094719195306
"RPS6KB1",3.17430742750935,0.306922462780287,19.0514638909973,0.0201462231353537,0.749371332774518
"RPS6KB2",4.34878042788189,0.251637413686684,17.1378955089008,0.0186918000489095,0.608759430008382
"RPS7",6.44845220368962,0.00864042335225756,9.28686129043092,0.0254186271595542,0
"RPS8",5.46732830592865,0.00478557827401108,9.82945985321085,0.0253589406646771,0
"RPS9",11.7573339281297,0.0195166714408713,6.9615314185285,0.0258611882469022,0.000419111483654652
"RPSA",4.64947862475671,0.00776721178771275,9.94883952126759,0.0252217392967485,0.000314333612740989
"RPUSD1",2.81973357233239,0.252575454171565,20.8006313060821,0.017110622144186,0.720557418273261
"RPUSD3",3.06107433793103,0.277496175776521,19.8560586873425,0.0185358192732511,0.729568315171836
"RPUSD4",19.6929591571134,0.804800039933348,3.92716717630092,0.0627285739647389,0.817581726739313
"RRAGA",4.4686646463565,0.246262308791298,16.4921896608598,0.0186949544186226,0.581726739312657
"RRAGC",1.68176050185021,0.171715423123897,25.3411636411469,0.0119315070908952,0.734073763621123
"RRAS2",0.588711890872002,0.137135101829883,31.4773266108203,0.00678729479765629,0.870808885163453
"RRBP1",0.7802672185072,0.0568679338621472,29.2756422361072,0.00686738506798539,0.669006705783738
"RREB1",0.45371047192215,0.126402540605698,32.6280734451325,0.00559635339355334,0.889983235540654
"RRM1",0.598453688276535,0.0571755391184828,31.5624484675937,0.0048622117497419,0.742455993294216
"RRM2B",1.07489806911155,0.205294434173688,27.3486836013871,0.0119102076989961,0.849643755238894
"RRN3",2.45230325690237,0.227372650352092,21.8147386949686,0.0156193983580907,0.713013411567477
"RRNAD1",2.09551370402191,0.396906407748444,18.7186301151108,0.0250977683847305,0.876571668063705
"RRP1",2.68718350155451,0.257238613820248,21.0672095672753,0.0171706377028643,0.735854987426655
"RRP12",0.648997448780589,0.156498505917967,30.6289350395099,0.00803620890839778,0.875104777870914
"RRP15",0.796969504801848,0.126908825320706,30.2879488443584,0.0073295111182839,0.816743503772003
"RRP1B",1.00422513910755,0.0831119216056628,28.4457264523265,0.00783756633352543,0.686923721709975
"RRP36",2.58026618936525,0.420790214314301,17.1715142004701,0.0269511497858046,0.863369656328583
"RRP7A",1.78834485098075,0.095875065367785,23.6613552316851,0.0117213067219204,0.558989941324392
"RRP8",2.69046402901468,0.319983561980729,19.8344358913479,0.0205054843446546,0.793378038558257
"RRP9",1.29005981758171,0.240920472846006,25.5760300031274,0.0143458987996954,0.850272422464376
"RRS1",0.916032791293629,0.141176109491864,29.4508021018088,0.00834718499828647,0.813390611902766
"RSAD1",2.24380935306543,0.277749393783287,21.750165903335,0.0177223765290678,0.788453478625314
"RSBN1",2.54541881255563,0.188508187922598,21.7340592848324,0.014469022381767,0.650041911148366
"RSBN1L",4.40368912262703,0.190678308089179,15.9863865968302,0.0175452207353137,0.482187761944677
"RSF1",4.16188296619198,0.14523753245489,15.9465617224997,0.0171491615990181,0.409157585917854
"RSL1D1",4.76807777509008,0.10034902041553,13.0805538865648,0.0192729660989106,0.253038558256496
"RSL24D1",7.59669091788709,0.140199295049089,8.96676970231311,0.0211158607210646,0.209136630343671
"RSPH3",0.757767131123208,0.248525384700557,27.1563618721454,0.0139018321701989,0.911986588432523
"RSPRY1",3.73246482609462,0.292560453562589,17.9435595104469,0.0198666197347556,0.694153394803018
"RSRC1",3.0642805508058,0.274737010192115,19.9857867886206,0.0183927032849174,0.729253981559095
"RSRC2",4.39887087070415,0.101484134654686,13.4337187706645,0.0189722760347328,0.263516345347863
"RSRP1",3.16824162469305,0.0495982042657615,12.915759274396,0.0207807367850619,0.151718357082984
"RSU1",3.55733649276695,0.186666069690418,19.2123185631686,0.0159433596777866,0.571353730092205
"RTCA",4.06936158979547,0.298422103743005,17.4279271775685,0.0203861703313054,0.686923721709975
"RTCB",3.60321741569194,0.18893410029854,18.3983008957978,0.0163026597538913,0.550502933780386
"RTF1",2.88064525661204,0.140432125198271,19.8919572430825,0.0146744787957099,0.517812238055323
"RTN3",3.65751766423381,0.12641140125318,17.1100008180505,0.0164223175818655,0.412510477787091
"RTN4",1.5085379761079,0.0310934331401545,19.1844843709046,0.0161510620668853,0.305008382229673
"RTP4",0.311832127488661,0.135667906063987,33.3444288779168,0.00539106150255322,0.927703269069572
"RUFY1",5.15163825976078,0.521341478903194,11.2952261358468,0.0346497245218825,0.819886839899413
"RUFY3",0.445485599990058,0.115983924619709,32.9871862235662,0.00499885788974993,0.884534786253143
"RUNDC1",1.0644618785819,0.236748781780585,26.4253147968862,0.0137192589192914,0.870389773679799
"RUNX1",0.826255680105645,0.0517712535902758,28.5596360748003,0.00747937358162632,0.63757334450964
"RUSC1",2.20858391813287,0.268029611534898,22.2928370280349,0.0171202227889252,0.790025146689019
"RUVBL1",1.77727660669422,0.211206778489301,24.6941462313418,0.0136388622384863,0.776194467728416
"RUVBL2",2.68972965309794,0.197475068725127,21.8126903460473,0.0147766731809383,0.666387259010897
"RWDD1",5.63508786802956,0.138087426779932,12.5518159643464,0.0191924871858427,0.301865046102263
"RWDD2B",1.64320689527642,0.472954370061627,16.5139136973564,0.0304054497764299,0.925817267393127
"RWDD4",3.52963780680618,0.296376879726674,18.5501956024867,0.0198762083421947,0.718042749371333
"RXRA",0.349064570094272,0.141086035137813,32.9252545341119,0.00589165956680573,0.923093042749371
"RXRB",6.64381418919297,0.50307457367238,10.4269692679716,0.0335368450279644,0.761944677284158
"RYBP",1.0892048584981,0.102231276056389,28.1555595434175,0.0083477693237724,0.709450963956412
"RYK",0.68916966895304,0.259725359082779,26.9517016106564,0.0145401248355547,0.923302598491199
"S100A10",1.05080764735897,0.00390279058109185,14.0520052516848,0.0222394366568762,0.086756077116513
"S100A11",0.948840125354506,0.00478637859123779,15.2129316911378,0.021052726492531,0.125
"S100A13",0.0496753503372234,0.00591682744755245,39.2197000645651,0.00330237266765779,0.904128248113998
"S100A16",0.0517298979762724,0.00677457550908543,39.2654400113845,0.00333245203285677,0.907062028499581
"S100A4",0.500114534548383,0.00134684828396924,17.6991720782732,0.0187799124681878,0.195305951383068
"S100A6",0.927244194681286,0.00300438033531776,13.7506796400217,0.0226103876360533,0.0740779547359598
"S100PBP",1.82655461288009,0.240182833921059,23.7850676506922,0.0151885275253443,0.793378038558257
"SAAL1",2.27917431111753,0.404152475231228,18.2212346162968,0.025688640093885,0.871542330259849
"SACM1L",1.98710197087449,0.153418593210327,23.6275343529256,0.0124856439632131,0.652137468566639
"SAE1",1.45338791994722,0.0910620383513999,25.8564181836026,0.0100217575467957,0.619132439228835
"SAFB",4.89294794743982,0.199374116919479,15.1738059962275,0.0181454530719589,0.472233864207879
"SAFB2",2.89383062525632,0.142088309200643,19.9408936105422,0.0146679869259105,0.522003352891869
"SAMD1",0.653367324772312,0.194800901578563,29.5354663240215,0.0102180862307191,0.901718357082984
"SAMD4B",2.78796062387996,0.459752572151778,15.5850476176293,0.0297574631829917,0.872066219614417
"SAMD8",1.75288072546413,0.22953775442871,24.2769574578951,0.0145220798693867,0.792015926236379
"SAMD9",0.717992858066534,0.0743918411697225,30.4692092722205,0.00602460934240422,0.736378876781224
"SAMD9L",0.436960482131773,0.0511240417923042,33.009274160815,0.00346232549526976,0.77860435875943
"SAMHD1",0.463194040859553,0.0309196593694245,31.1595413434112,0.00498617701827159,0.684828164291702
"SAMM50",9.14047598357862,0.4798925155966,8.57478428002575,0.0322201713252809,0.668273260687343
"SAMSN1",0.620007556232182,0.0110168663786385,22.8684134789598,0.0132317526770688,0.382020117351215
"SAP18",9.68648193113819,0.105849365478489,5.28774169350207,0.0236081744490903,0.0638097233864208
"SAP30BP",3.82578580427815,0.178121731011825,17.2331717549017,0.0166708412163858,0.498952221290863
"SAP30L",10.9063839754486,0.89035957118692,1.39155846390243,0.068637297804891,0.943524727577536
"SAR1A",4.0701715550484,0.21402837941389,17.5055464599431,0.0173643282215341,0.562866722548198
"SAR1B",2.46029554968459,0.101398774814312,19.9425611201167,0.0144420884838636,0.454316848281643
"SARAF",1.68376316535638,0.0052043789659021,11.6043865798407,0.0244339841396286,0.0167644593461861
"SARNP",2.73924341633504,0.417477208107192,17.0280019428094,0.0267765958817926,0.853520536462699
"SARS",4.80409644775571,0.184256122446274,14.834558038429,0.0180296703768217,0.438809723386421
"SARS2",3.4577517080259,0.588094373242367,10.6388560818909,0.0395523016214856,0.905176026823135
"SART1",4.51192728678126,0.393114548423999,14.9320405079251,0.0257974178073681,0.749685666387259
"SART3",2.65601187273655,0.229334773866884,21.3160041234734,0.01596231293845,0.700754400670578
"SASS6",0.718102942088951,0.210759573352822,28.7348826572411,0.0113639496215482,0.901823134953898
"SAT1",0.614003455083751,0.00174572421959516,14.2561610712697,0.0222284310354937,0.0849748533109807
"SAT2",2.49912790918419,0.13880495800412,21.3382570348961,0.0137237515465446,0.558780385582565
"SATB1",0.4529235942052,0.0187946599284757,28.9079754499982,0.00715940513220858,0.59094719195306
"SAV1",0.336712417782793,0.10144466494358,34.1780022662124,0.00362022574605333,0.898889354568315
"SAYSD1",1.90391309708258,0.282628220978904,22.5219333146905,0.0176205267512162,0.819991617770327
"SBDS",2.20896677765521,0.09235696064695,21.1621707846566,0.013597327447072,0.476320201173512
"SBF1",1.97125567393692,0.32291322843753,21.2807005259067,0.0201177359137103,0.843357082984074
"SBF2",0.415347848442911,0.20843570104891,30.0492766897932,0.0104919307432276,0.939752724224644
"SBNO1",3.64352576902467,0.184676092719019,18.391211423358,0.0162493367626887,0.543692372170998
"SBNO2",0.774784539894032,0.170085296365942,29.5735208820727,0.00921391331852431,0.863579212070411
"SC5D",0.655759261668081,0.104875077020758,31.3667823222488,0.0059192567739634,0.815067057837385
"SCAF1",2.25155214953462,0.273193980558173,21.8415621945034,0.0174834192290777,0.784262363788768
"SCAF11",2.42219129945752,0.0594296303777996,16.6633442508744,0.0174743643505755,0.280699916177703
"SCAF4",5.96787041658969,0.329046834176745,13.3220560307361,0.0228952989478433,0.608864207879296
"SCAF8",3.60794783801681,0.408025153238239,15.8748069359411,0.0264186181883821,0.802074601844091
"SCAMP1",1.6698219090253,0.219165969228249,24.6830066717507,0.013890963876955,0.788453478625314
"SCAMP2",3.10743755729356,0.105398813917663,17.6161041395241,0.0160877317606201,0.391554903604359
"SCAMP3",4.74120999413495,0.198254977847528,15.409643912312,0.0179897716213929,0.477263202011735
"SCAMP4",3.14334922278953,0.405097380115834,16.7779632942175,0.0260866608412686,0.826278290025147
"SCAND1",3.17504273343531,0.0926030441694909,16.6121976290386,0.0169065080658451,0.339689857502096
"SCAP",4.7582182255862,0.399961928682266,14.3325891682569,0.026273228456314,0.741198658843252
"SCAPER",0.717441352035875,0.198628172386234,29.0552886051892,0.0106498031439651,0.892707460184409
"SCARB1",0.277853753438792,0.126973815696507,33.9332588900092,0.00465230563863749,0.932418273260687
"SCARB2",0.388676002256903,0.0525365375153136,33.8001621422902,0.0027726108490071,0.806370494551551
"SCCPDH",0.916296606114757,0.136491320137521,29.567696648009,0.00813507452362423,0.809513830678961
"SCFD1",3.55546353611163,0.308569416232673,18.0513618984248,0.020525185334071,0.72139564124057
"SCLT1",1.42489210592249,0.223046311227044,25.6233235409529,0.0135792309077308,0.823658843252305
"SCML1",0.232366253486884,0.0718460379599591,35.9021718698727,0.00134101799526358,0.905804694048617
"SCNM1",9.25235327016012,0.357873978391175,9.20177390886888,0.0253784612880964,0.527347024308466
"SCO1",4.59913524050028,0.428309073113695,14.1578772003442,0.0280762705463033,0.776508801341157
"SCOC",2.74201050435758,0.244583994019112,21.1082569645851,0.0166622664583267,0.717728415758592
"SCP2",6.46070545151165,0.205521324022377,12.6536496837829,0.0195701584024669,0.410519698239732
"SCPEP1",0.509806932772897,0.0774123605692593,32.8127883325895,0.00411988536126237,0.816010058675608
"SCRIB",1.14589192651945,0.402875778881515,20.0905443294512,0.0250656755013828,0.931370494551551
"SCRN2",2.65346622413914,0.400444788394055,17.7145115655115,0.0255877104956409,0.849329421626153
"SCRN3",6.44856429281698,0.7535449206171,4.21283274494112,0.0537551113177406,0.914082145850796
"SCYL1",3.35234488203525,0.262788516989266,19.2803185690382,0.0181592026155045,0.689857502095557
"SCYL2",2.77520433988382,0.2564618645751,20.7013583622393,0.0172654583188862,0.723595976529757
"SCYL3",1.16919790927433,0.289241687442564,24.3909391186226,0.0171712262377283,0.888935456831517
"SDAD1",2.95244706917277,0.214018410517681,20.5550858749299,0.0158474404821205,0.654023470243085
"SDC1",0.0497381930558882,0.0157002230013275,39.8041418902077,0.00369586466030931,0.939543168482816
"SDC4",0.305701271646869,0.0370612248834721,34.5234312191921,0.0018572264948532,0.803751047778709
"SDCBP",1.33276422918786,0.0252077246475927,18.6240099709577,0.0168437675966241,0.275356244761106
"SDCCAG8",1.46774409466902,0.173384600488875,26.2837712461595,0.0114060683342574,0.765926236378877
"SDE2",1.80906247068112,0.241851883521341,23.7748316328661,0.0152550436801513,0.795683151718357
"SDF2",7.83605504599928,0.284912197043179,10.027157391362,0.02209363246569,0.451906957250629
"SDF2L1",0.555668415181156,0.0253455985281192,28.4220331676018,0.00759736398093212,0.58696563285834
"SDF4",2.56266179220625,0.0490336136591469,15.3687942249947,0.0188456764668539,0.222967309304275
"SDHA",3.22815219131964,0.141809597964402,18.5913429725607,0.0154957667929958,0.481139983235541
"SDHAF1",8.23631060577592,0.609363141017792,7.21603606301323,0.0417142618870916,0.799036043587594
"SDHAF2",10.8039072832817,0.745055787172211,4.07877526459015,0.0540303672193861,0.853101424979044
"SDHAF3",1.1506081670496,0.210697552894561,26.9738308415321,0.0123509091605102,0.84639564124057
"SDHB",11.8860185735439,0.373549493211119,5.96886158498037,0.0264976571016067,0.456621961441743
"SDHC",8.32788597671948,0.243786131721227,9.81814428284398,0.0213692649770082,0.388306789606035
"SDHD",9.74323619510264,0.394378407384359,8.32234655572819,0.0271691203801446,0.550188600167645
"SDR39U1",3.34641134435729,0.256373065651661,19.0465131595528,0.0179351966230439,0.673302598491199
"SEC11A",3.97033099427581,0.051118939523072,11.8611142076085,0.0215313037368324,0.128038558256496
"SEC11C",0.988296672851585,0.0163080382904766,19.1578373089258,0.0166666471270838,0.273994132439229
"SEC13",4.8890709898027,0.135810504875681,13.9895547924626,0.0183399079972001,0.338013411567477
"SEC14L1",1.47532784574009,0.0614891839282769,23.1748216548611,0.0121093481801211,0.484702430846605
"SEC16A",1.55353979488311,0.217106697564036,25.1277589577066,0.0135738525007589,0.799036043587594
"SEC22B",2.05048192948409,0.167555565119621,23.704293604134,0.0128044314163692,0.677074601844091
"SEC22C",2.39917485990964,0.228984585354603,22.3950700196151,0.0154860005457039,0.733025984911987
"SEC23A",2.07239376982756,0.221948595053917,23.2707222101495,0.0147309450206636,0.749161777032691
"SEC23B",2.21902310424844,0.184377875979658,22.903060140419,0.0136958507568611,0.679170159262364
"SEC23IP",2.50564664940824,0.305794934124746,20.5229777090037,0.0195378534540047,0.793273260687343
"SEC24A",0.954857631887055,0.116832921508565,29.2728219202772,0.00781133470098119,0.768440905280805
"SEC24B",5.19378612981668,0.465415901675215,12.4946920962282,0.0306410907335883,0.777556580050293
"SEC24C",3.39856679815662,0.311803767116045,18.3025310773485,0.0205803840561093,0.73396898575021
"SEC24D",0.813970632081124,0.1151692934312,30.2568553762154,0.00703767619790579,0.796730930427494
"SEC31A",2.82145175673896,0.134418461905856,19.9875587123388,0.0145599266157581,0.510896898575021
"SEC61A1",1.94923369323799,0.0858616611647327,21.9781734685343,0.0129714831909799,0.490046102263202
"SEC61B",1.23393092973671,0.00689850136226508,12.4246990019069,0.0236133740261565,0.0415968147527242
"SEC61G",2.73292768533307,0.0309798593221035,12.2895646886496,0.0221637505618103,0.0956621961441743
"SEC62",3.37853859850717,0.0729654565475511,13.9956489417058,0.0191609718513475,0.226948868398994
"SEC63",2.65452677563496,0.182364557262744,21.6309350806082,0.0144202206521683,0.637259010896899
"SECISBP2",3.13619857521662,0.220016710739836,19.9638105452859,0.0163172672894148,0.645431684828164
"SECISBP2L",1.47432533111144,0.080219862869532,24.2848785381028,0.0111362859181974,0.551550712489522
"SEH1L",2.3083521376691,0.268664657539134,22.1127831342853,0.0172546632433069,0.785310142497904
"SEL1L",1.21724982041262,0.103983274448457,27.1612938557172,0.00912249752695582,0.681160938809723
"SEL1L3",0.221084928373538,0.0198762336467062,34.7068063525385,0.00145503870991092,0.78059513830679
"SEMA4A",0.251001186326313,0.0540524055163177,35.7961686106465,0.000994617500883699,0.873113998323554
"SEMA4B",0.238748702555947,0.147704977525025,33.4072450855422,0.00580018678677696,0.94907795473596
"SENP2",15.3098231637912,0.827359235066115,3.28952219320452,0.0637768512171441,0.870913663034367
"SENP5",5.38851544527177,0.468811434688283,12.2502154240623,0.030924086322051,0.774203688181056
"SENP6",3.14083109907719,0.182153507144516,19.7414772699958,0.0154314672743403,0.579945515507125
"SENP7",0.866676952617648,0.172529856519905,28.9787333295857,0.00967036366353403,0.848805532271584
"SEPHS1",0.556988802488367,0.11849039994128,32.0573399783273,0.00577502952397281,0.859073763621123
"SEPSECS",1.41579431203855,0.481047582179497,16.455706810361,0.0309449030775813,0.937552388935457
"SEPT1",1.26147098018465,0.0419319781563879,22.8486445921274,0.0126111508783272,0.43964794635373
"SEPT10",0.137421801416702,0.0517676848711349,37.5719565768112,0.000679235067457679,0.926655490360436
"SEPT11",0.943663348710433,0.0923178062496536,29.3696429818931,0.00725152369860606,0.731349538977368
"SEPT2",6.17081307027406,0.13241362043692,10.7841658340672,0.0201728888020328,0.243084660519698
"SEPT6",1.77333115782944,0.0366502898213844,18.2253804691345,0.0168344017678781,0.2860435875943
"SEPT7",3.2732762529642,0.0480773958837016,12.4762884873202,0.0211873472564794,0.136211232187762
"SEPT9",1.70467968486467,0.045425979713573,19.9111712152104,0.015130840357348,0.354568315171836
"SERBP1",6.36218120723739,0.0749146632696556,8.76863222355171,0.022711321195191,0.0926236378876781
"SERF2",7.30484963073735,0.0204544274366154,8.45231996326527,0.0252950210625235,0.0028290025146689
"SERGEF",4.3322421465381,0.59576975014141,9.7412704109822,0.0402160273096679,0.882858340318525
"SERINC1",2.60606391836277,0.0852917006582217,17.8127511908358,0.0160813014306258,0.361797988264878
"SERINC2",0.0727317246388569,0.037566634016492,38.9988871008714,0.00238133748292772,0.949497066219614
"SERINC3",3.11694609935932,0.116497678100099,17.8902348055166,0.0158424215728938,0.418273260687343
"SERINC5",0.843820945810039,0.103088837181054,30.0611016163104,0.00690417205126082,0.770850796311819
"SERP1",3.92476129152962,0.0343802996151906,10.295166146363,0.023529193972885,0.0501886001676446
"SERPINB1",0.462465945661412,0.00961825415119129,24.8642333894652,0.0112735680512042,0.443419949706622
"SERPINB6",0.395969506218787,0.0802023328759889,34.0336786413742,0.00315891943079483,0.859597652975692
"SERPINB9",0.351062498280448,0.00720474019357445,26.9063925907225,0.00926825158138009,0.505029337803856
"SERPINE2",0.0533345831092752,0.0106059955549975,39.4669879039863,0.00346380118837585,0.920054484492875
"SERPINF1",0.0563642545135206,0.00253070764658944,37.908522699661,0.00200750344802428,0.855511316010059
"SERPING1",0.0476557552304146,0.00417825777401991,39.0111001784778,0.00311987824382487,0.894383906119028
"SERPINH1",0.11910373848634,0.00322458121892475,34.233033501785,0.00179966392275167,0.736483654652137
"SERTAD1",1.02396938692288,0.0490650655059681,25.7933998313091,0.00991654571695243,0.545054484492875
"SERTAD2",0.683127028419284,0.085082760697089,31.2139848931364,0.00560763309179126,0.777766135792121
"SERTAD3",1.08601419237218,0.130327762360154,28.4719972402693,0.00872792038632033,0.765192791282481
"SESN1",0.318554384575534,0.0745967339087691,34.7789073277398,0.00237556385490321,0.874266554903604
"SESN2",0.727144359361995,0.14184348600088,30.5011424517084,0.00762791176684646,0.84754819782062
"SESN3",0.307152472030104,0.0103753516894207,29.8435529878386,0.00627452497313444,0.606139983235541
"SESTD1",0.312323730666703,0.103883396170637,34.3559601391166,0.00355598379024157,0.908528918692372
"SET",3.88609764524435,0.0689004072557481,13.4656056982903,0.0197175049729981,0.207145850796312
"SETD1A",1.51659803283566,0.430765976066526,18.3623186342733,0.0272568093915582,0.919216261525566
"SETD1B",1.05249104615703,0.175803911856269,28.0207339178313,0.0103898705636351,0.823973176865046
"SETD2",1.24769296115739,0.0623383431059887,24.6354901590909,0.0108526402224399,0.531642917015926
"SETD3",10.0577751601652,0.57282857501548,6.85527221034724,0.0389882751329629,0.731663872590109
"SETD4",4.45984878393017,0.635891098478197,8.35244234737758,0.0434100349191338,0.896689019279128
"SETD5",3.5585523378098,0.198440517943163,18.7353992084911,0.0163578994826401,0.575335289186924
"SETD7",0.374323068830733,0.110021837714684,33.6493325914537,0.00429928967752546,0.895955574182733
"SETD9",3.71009883833431,0.555754382141355,11.5306250287915,0.0370670571693057,0.883906119027661
"SETDB1",3.31979558658811,0.436020670383859,15.5479694186328,0.0282113064398972,0.834031852472758
"SETDB2",1.24022830487535,0.19220604321013,26.9206924727293,0.0116503417818431,0.815590947191953
"SETX",1.46220920199349,0.115196893009561,25.8168635967636,0.0102937301506724,0.657690695725063
"SF1",4.95583911776043,0.070201508124651,10.0694042663834,0.0220342331333155,0.113160100586756
"SF3A1",4.74564529039608,0.157055141873677,14.2544832767063,0.0180988928664783,0.378981559094719
"SF3A2",117.494826568154,0.791337240963285,9.38680173634783,0.0721052584306352,0.332041072925398
"SF3A3",5.23919112087672,0.232564749362596,14.7919131038421,0.0190414427742657,0.511525565800503
"SF3B1",5.95268365600477,0.121565825804809,10.189506896059,0.0205874065502686,0.207145850796312
"SF3B2",7.06472173278169,0.118045842170469,8.3246137059208,0.0217090752711357,0.153080469404862
"SF3B3",2.95893194076068,0.199193729120824,20.6188200419664,0.0154040017367146,0.632963118189438
"SF3B4",4.87273244948102,0.120171365067052,13.149054492031,0.0189136285424486,0.287720033528919
"SF3B5",6.2266944705767,0.135141457927916,10.9066499983807,0.0200946260525312,0.251257334450964
"SF3B6",9.26334777030031,0.14662231820422,6.6182833437069,0.02216603340725,0.159995808885163
"SFI1",0.939338947004393,0.132172480338901,29.2182237813905,0.00823054481963047,0.791596814752724
"SFMBT1",0.896817961124146,0.20849039816695,27.9990998712783,0.0116727212603678,0.875104777870914
"SFPQ",2.32929792208661,0.0304566033212019,14.2445550243228,0.0205395241787768,0.152975691533948
"SFR1",1.07647677841792,0.348827752386136,22.4598346883363,0.0211452763521668,0.921521374685666
"SFSWAP",3.58485918006612,0.273442575936103,18.5191007539569,0.0188640248407184,0.682942162615256
"SFT2D1",3.1090528145103,0.122510405105804,18.7699797932977,0.0153208722846259,0.455050293378039
"SFT2D2",1.74540777354451,0.111287681521831,24.2644636293278,0.0113854939195298,0.603206202849958
"SFXN1",1.31439159678729,0.0740187514472696,25.6833983505065,0.0100254534018337,0.584870075440067
"SFXN3",1.13951086205241,0.222393003346325,26.6203426920898,0.0130080709176639,0.85383487007544
"SFXN4",1.12890485903266,0.259772919366105,25.6272567331908,0.0152048392649054,0.881391450125733
"SFXN5",1.10210491700142,0.455955044794672,17.9274993992986,0.0289721815917439,0.946248952221291
"SGCB",0.567021470184684,0.0906853271866723,32.2660844703383,0.00486888582722547,0.820410729253982
"SGF29",2.7119550179482,0.240080604680407,21.0733360593231,0.0164697705862021,0.709870075440067
"SGK1",0.140462740889131,0.00675718259198508,34.8985106870538,0.00114309379495463,0.764354568315172
"SGMS1",1.06649732263827,0.117100014977989,28.6285254143111,0.00830386816932589,0.748637887678122
"SGPL1",0.94348220960454,0.214379512915166,27.6083747111247,0.0121328203456233,0.872170997485331
"SGSH",0.63565872490201,0.229104227940927,28.3066155182973,0.0123945577467893,0.917539815590947
"SGSM3",1.89734157226454,0.372163643739589,19.8618880964451,0.0232944377233665,0.874895222129086
"SGTA",6.71924739589131,0.405883135251931,12.0331018726783,0.027265850326746,0.676550712489522
"SH2B1",5.66809618770211,0.539452841012738,10.4357548582119,0.0360705983875642,0.816533948030176
"SH2B3",0.253229353672399,0.0539635949511793,35.7617059015384,0.00102381612590684,0.87185666387259
"SH3BGRL",3.82380059737423,0.0724274934023692,13.4294064787154,0.0196242678943286,0.211546521374686
"SH3BGRL3",1.77334838148389,0.00514218469244753,11.9798426641003,0.0240617880714001,0.0296521374685666
"SH3BP2",0.846440429147557,0.1611501049694,29.4853290393805,0.00896594071114665,0.846500419111484
"SH3BP5",0.771722010543334,0.0544866571040547,29.3199750847158,0.00681703020161063,0.666387259010897
"SH3BP5L",1.88897686412221,0.399822262084808,18.9219394783509,0.0251986486447001,0.887992455993294
"SH3GL1",1.91035746886032,0.30229760050063,22.1220238812878,0.0187807316852217,0.837699077954736
"SH3GLB1",5.91180982814981,0.169662720103681,11.8792596627713,0.0193888682627474,0.332145850796312
"SH3KBP1",1.92184518632667,0.0660086797571746,20.7233998620018,0.0141016608566723,0.416911148365465
"SH3PXD2A",0.244955485028154,0.0768979470757996,35.6217150110758,0.00171764759401623,0.905071248952221
"SHARPIN",7.90340236430683,0.449802126208888,9.92348627625366,0.0300685606692625,0.671940486169321
"SHC1",1.41275811069139,0.132843030353751,26.6602295334594,0.0100673706011041,0.712699077954736
"SHISA4",0.175444789294124,0.0914877851779272,36.0199676021186,0.00182035371210205,0.94163872590109
"SHISA5",2.21130183214367,0.0913581433140214,20.9131282919016,0.0137725777946606,0.466890192791282
"SHKBP1",5.04683777880876,0.250079489964266,15.6494096965242,0.0192666756954169,0.562552388935457
"SHMT1",0.62893330366844,0.200867259352288,29.4521879026335,0.0105241680659739,0.9087384744342
"SHMT2",1.68995768998446,0.0729330767642152,23.5850707531077,0.0117782935469651,0.517917015926236
"SHOC2",3.58005094154482,0.17981634155066,18.2034315811624,0.0162076611457033,0.530385582564962
"SHPRH",1.50303817045301,0.239793350819538,24.8081450981361,0.0146604099223386,0.824601844090528
"SHQ1",2.03288737055125,0.346490631969929,20.4835565612296,0.0216732051688015,0.854568315171836
"SHTN1",0.141242599000605,0.0422037261645246,37.6317866267662,0.000971525560463649,0.912824811399832
"SIAH1",1.33183523126841,0.206310675382843,26.3050659871007,0.0125396372780365,0.818629505448449
"SIAH2",0.550941510279164,0.0419934232922997,30.8419368265002,0.00534346853867303,0.693629505448449
"SIDT2",1.27377735910169,0.314235310785177,23.2387584499113,0.0189345737500952,0.891764459346186
"SIGIRR",1.89625102307908,0.129427549184019,23.9508587688285,0.0118561158507199,0.623323554065381
"SIGMAR1",1.0241442984552,0.162261616184951,28.6860377959295,0.00954781514613372,0.823134953897737
"SIK2",1.56998672983346,0.268374494084631,23.8695887843951,0.0163792169032475,0.839899413243923
"SIK3",1.33116827736833,0.228065478805991,25.6826432046661,0.0137212719960159,0.833507963118189
"SIKE1",3.33082030594162,0.295987415766868,18.8692250410872,0.0197034295667955,0.727367979882649
"SIL1",0.635511483865576,0.14659473067902,30.9629563469353,0.0074650912614124,0.869761106454317
"SIN3A",3.72832779713284,0.362558697299588,16.8559625035132,0.0236417967076098,0.764668901927913
"SIN3B",3.41844346699298,0.492058579807825,13.7748088771884,0.0322184869369011,0.861588432523051
"SIPA1",0.6865474817085,0.180798782675048,29.6855543918426,0.00954091477566788,0.884220452640402
"SIPA1L1",1.02451965676455,0.0633629751619964,26.9770680285994,0.00887856266821365,0.607187761944677
"SIRPA",0.154186203162506,0.040494996915588,37.3760534626088,0.000771249261013129,0.901718357082984
"SIRT1",1.33120015769275,0.314290863636424,23.1083257310651,0.018992565897158,0.887678122380553
"SIRT2",4.4979129162603,0.273692326751598,16.3621535820723,0.019674931636649,0.61871332774518
"SIRT3",1.49481780043843,0.414375800964806,19.0521791649911,0.0260620176921754,0.915549036043588
"SIRT5",3.60013498605231,0.671021625100249,7.46753912488071,0.0461032025225222,0.927598491198659
"SIRT6",3.43638455416659,0.311202017707622,18.394733372555,0.0205719992729452,0.735645431684828
"SIRT7",3.65118563552834,0.224106962406138,18.2923662430771,0.0171894745679001,0.601634534786253
"SIVA1",1.58048197929849,0.0412819810769034,20.0170600946994,0.015127062959843,0.349958088851635
"SKA2",0.8145159281985,0.0713874353020723,30.0470571988339,0.00637732516045665,0.718042749371333
"SKAP2",0.528259678058866,0.0851513567502884,32.6105698114679,0.00445696181793385,0.822296730930428
"SKI",1.14463236490846,0.156078941201959,27.8778760441231,0.00983919206313964,0.78803436714166
"SKIL",1.18179069489372,0.0621574877516834,25.6341499788435,0.010029227826764,0.562866722548198
"SKIV2L",1.63587416123469,0.260270821238747,23.8147343585411,0.0160147471065761,0.825649622799665
"SKP1",6.18970961877822,0.0449756392405822,8.01598750318866,0.0244847309764784,0.0193839061190277
"SKP2",1.32371335147885,0.3405653896751,22.2405200431777,0.0207601332572345,0.901299245599329
"SLAIN2",2.40850908999835,0.198803561031901,22.3999013175132,0.0144298852525521,0.686399832355407
"SLBP",1.67910011946916,0.0429116811471818,19.3256303674044,0.0156852663740361,0.331412405699916
"SLC10A3",1.63766889816764,0.162873590146396,25.5755432891889,0.011535321700227,0.727263202011735
"SLC11A2",0.959384099742358,0.248707457755215,26.4534030827571,0.0142601608172444,0.890088013411568
"SLC12A6",0.687777639535149,0.170973392036356,29.9839392496716,0.00898102280577473,0.877933780385583
"SLC12A7",0.236083583632984,0.0363783503170748,35.7001855229844,0.000729086076578789,0.840632858340319
"SLC12A9",2.07728205618324,0.407526811965634,18.3601133480974,0.0258238256285077,0.881705783738474
"SLC15A4",0.13621154320905,0.0242852924298363,37.3997098436237,0.00113087161982282,0.875523889354568
"SLC16A1",0.818460771404171,0.127014991044336,30.1462229210081,0.00743540410055442,0.812447611064543
"SLC16A3",0.618038951332038,0.0367898759377522,29.3396684503039,0.00671422901330875,0.636525565800503
"SLC16A7",0.499089454752749,0.182068652270047,30.6409303429555,0.00900489867480154,0.916387259010897
"SLC17A5",0.737305689259715,0.233337933288833,27.7827302792179,0.0128712809497387,0.907690695725063
"SLC18B1",0.460317058682728,0.257529834622927,27.8344645562622,0.0140039279777615,0.947820620284996
"SLC1A4",0.441056298400864,0.016337809346405,28.7572056807283,0.00732774498931915,0.581726739312657
"SLC1A5",0.662117419001227,0.0534582318972747,30.5221369348493,0.0057406371692281,0.702954735959765
"SLC20A1",0.664392908461479,0.040290721842166,29.097529867756,0.00694411514219392,0.634849119865884
"SLC20A2",0.397036369536795,0.0842870923024795,33.873255659285,0.003387408916361,0.861169321039396
"SLC22A18",0.487131125649345,0.21341815688124,29.5268711823085,0.0110127763134082,0.931160938809723
"SLC23A2",0.808712594462111,0.22812066570362,27.6653851684336,0.0126911487878484,0.895746018440905
"SLC25A1",2.89617347425966,0.247179436813427,20.767664380845,0.0169445350460342,0.711232187761945
"SLC25A11",4.19019891636873,0.288921499395063,17.2686755985232,0.0200381279035933,0.668063704945515
"SLC25A13",0.852576178096191,0.205088691183073,28.2361459000305,0.0113870655089412,0.877200335289187
"SLC25A14",2.64837952364529,0.52189862674598,13.594520161036,0.0343113110800042,0.903918692372171
"SLC25A16",3.76403092279018,0.589936387085216,10.3151547138371,0.039699316199222,0.895955574182733
"SLC25A17",4.43165939702296,0.485342974464349,13.031016516315,0.0319803013700352,0.824392288348701
"SLC25A19",0.837143648511688,0.101204679436436,30.0825039533514,0.00684502747924361,0.768440905280805
"SLC25A22",1.90989254810725,0.396060865291731,19.0862945020389,0.0249567093350741,0.887154233025985
"SLC25A24",1.50587186524167,0.140454590922454,26.1870594241264,0.0105634477575313,0.710289186923722
"SLC25A25",0.893977024068621,0.162740216260834,29.2348216319192,0.00918955313157737,0.841156747694887
"SLC25A26",4.58829322912065,0.439329826698871,13.9225047679271,0.0288020253569725,0.785205364626991
"SLC25A3",5.85546879403141,0.0438431335031926,8.99122294744206,0.0238832429547128,0.0440067057837385
"SLC25A30",0.610511872577515,0.253193417584092,27.4879096388114,0.0139606170205614,0.929903604358759
"SLC25A33",1.22113664147766,0.130623811535703,27.8071584297918,0.00922133584667788,0.74486588432523
"SLC25A36",1.93993853863497,0.164273633237244,24.1541772778508,0.012445315323261,0.685666387259011
"SLC25A37",0.362519220584014,0.049573850285354,34.1071098146259,0.00244375058397771,0.811295054484493
"SLC25A38",2.30510145635119,0.14885512882839,22.2117496017374,0.0132976868220696,0.601529756915339
"SLC25A39",4.30033214902044,0.178606887937859,17.073630444588,0.0169587193226234,0.49570410729254
"SLC25A4",0.389263297425522,0.0895687979476455,33.8848378462401,0.00351564942191647,0.870180217937972
"SLC25A40",2.91932188429334,0.429848953978054,16.4255988213974,0.0277029364905211,0.852787091366303
"SLC25A43",1.00285403951605,0.276834369280961,25.3562682714791,0.0161394189775386,0.899832355406538
"SLC25A44",2.25152641522716,0.342280212323322,20.1355914435656,0.0215502687940295,0.837070410729254
"SLC25A46",1.982112124817,0.161770586124374,24.1646411547559,0.0124056181691142,0.681999161777033
"SLC25A5",2.81262211099817,0.0215587730159869,11.9509593821106,0.0229527722390983,0.0689438390611903
"SLC25A51",5.75330542476616,0.606044280827898,8.64732351648284,0.0412283242955675,0.853939647946354
"SLC25A53",1.37768057200577,0.402358949520201,19.7071401650325,0.0251404414996827,0.917854149203688
"SLC25A6",4.51440094580377,0.0283816981381551,10.1563931295967,0.0239000096706162,0.0410729253981559
"SLC26A11",0.408750067494901,0.215464702755835,29.777468888834,0.0109622899951301,0.942372170997485
"SLC26A2",0.292824764250906,0.0992522147044508,34.6274518701888,0.00319382627042,0.909681475272422
"SLC27A3",0.914235146742454,0.330210046464315,23.522056835097,0.0196969896050728,0.926131601005868
"SLC27A5",1.16488617762065,0.398715225559094,20.2718347007678,0.0247793887947726,0.930427493713328
"SLC29A1",0.268165345253274,0.0691275586057809,35.4898072330213,0.00162706267233731,0.888097233864208
"SLC2A11",1.16114681032716,0.430221825234425,18.9225999592673,0.027077170763584,0.937238055322716
"SLC2A13",0.914336717998052,0.335598190333155,23.3101740330213,0.0200779051646825,0.9279128248114
"SLC2A3",0.333029101316767,0.00620812357748671,26.5361732725817,0.00965564214729485,0.491093880972339
"SLC2A4RG",0.694934158952578,0.211903181606675,28.7560690901992,0.0113941056555835,0.904337803855826
"SLC2A8",0.487596120720279,0.0975089493042523,32.8504282659489,0.00456224341248575,0.850167644593462
"SLC30A1",0.44981020938088,0.102717114664545,33.1962862123917,0.00443889381291734,0.869656328583403
"SLC30A5",3.37753856260427,0.241547534067398,19.3211076714624,0.0173455478780119,0.658948030176027
"SLC30A6",6.60843936990696,0.595062035864828,8.43896417778218,0.0404439168063078,0.827011735121542
"SLC30A7",1.93374528913537,0.226289016104165,23.6079457804831,0.0147085711686663,0.766345347862531
"SLC30A9",10.3095038330592,0.614792093982458,6.29399194465583,0.0424590342911157,0.764983235540654
"SLC31A1",0.969272501549908,0.2375179721732,26.8605027259096,0.0135576452042451,0.885163453478625
"SLC33A1",1.4354949006279,0.224629623866726,25.4470191149193,0.0137145582503957,0.820725062866723
"SLC35A1",2.22246863834819,0.631788189236433,9.52475269771271,0.0426788444663547,0.945829840737636
"SLC35A2",24.6528845250286,0.850106145997008,5.14795128820332,0.0700925676974486,0.831621961441743
"SLC35A3",4.18967934935822,0.532620094875177,11.7830822726038,0.0353368422388102,0.855720871751886
"SLC35A4",3.21936249798995,0.362427939711766,17.8813827327882,0.0233947093552827,0.796311818943839
"SLC35A5",2.60782939856647,0.410927132039265,17.4289466500553,0.0262770641623758,0.856454316848282
"SLC35B1",2.8996190746508,0.197500097127483,20.9980207011213,0.0151919397966453,0.641764459346186
"SLC35B2",1.90694229042606,0.243917868850723,23.6262541339223,0.0154598613365451,0.794111483654652
"SLC35B3",2.66296032329556,0.378858839429376,18.2335933572352,0.0241386831174452,0.833088851634535
"SLC35B4",1.90152372249425,0.434568283594533,17.678278190887,0.0276817225202521,0.902242246437552
"SLC35C1",1.6300817508095,0.35973745330239,20.8140627667791,0.0222872878306976,0.886001676445935
"SLC35C2",3.51794082635256,0.36919178251117,17.1769462782126,0.023956532858804,0.784367141659681
"SLC35D1",2.0624057886883,0.462441013749706,16.3778294584883,0.029743278198427,0.903709136630344
"SLC35E1",2.27095856623925,0.451463869182853,16.4943908542463,0.0290032526059864,0.88987845766974
"SLC35E2B",1.45176388176058,0.219023714693594,25.4762340096786,0.013466672280951,0.812866722548198
"SLC35E3",0.68193863091078,0.169018396078463,30.1236456600502,0.00882659293640912,0.879191114836547
"SLC35F5",4.44380826362952,0.452487127072341,13.737891583201,0.0296400198005611,0.799036043587594
"SLC35F6",1.48933012082708,0.417735092632363,18.932957821614,0.0263031572645424,0.917015926236379
"SLC36A4",1.84610610142054,0.280288089825861,22.8512271434019,0.0174029942700908,0.826487845766974
"SLC37A1",0.754045496726182,0.200528071918241,28.7752851551256,0.0108818795833528,0.886944677284158
"SLC37A3",1.21349416476421,0.287963048240479,24.3156189693849,0.017140206831182,0.884534786253143
"SLC37A4",1.46654074558692,0.475105059009214,16.6795247808288,0.0305281909176673,0.935037720033529
"SLC38A10",2.95425523763621,0.258191594707624,20.1568079850306,0.0175588810308905,0.70966051969824
"SLC38A2",1.21312838893187,0.031061735979488,21.2324299103444,0.014277177353632,0.368608549874267
"SLC38A6",1.3627568204408,0.520169553346243,14.8592795787417,0.0338900844700006,0.948239731768651
"SLC38A7",0.434371083050644,0.239363481591067,28.6874769842151,0.0126776730673771,0.94593461860855
"SLC38A9",2.75114381860125,0.409713772208084,17.1547183213121,0.0262295216980025,0.845976529756915
"SLC39A1",2.83289572301796,0.175441388386653,21.1627650447857,0.0145567303539797,0.612217099748533
"SLC39A10",0.503961956944029,0.0848041475272567,32.8059955888396,0.0042845894313449,0.827954735959765
"SLC39A11",0.748398754638192,0.304905018767624,24.9930744376551,0.0177452533124029,0.932837384744342
"SLC39A13",0.933701265119433,0.190590277554329,28.3050622476914,0.0107715268401948,0.856349538977368
"SLC39A14",0.151911178197723,0.0161092809126953,36.433850559453,0.000304903515795568,0.83036462699078
"SLC39A3",14.2501409143336,0.917252499011834,2.18094348180063,0.0735267271745247,0.945620284995809
"SLC39A6",1.37953936880704,0.0935693192351973,25.9286907168926,0.00994824796471215,0.625419111483655
"SLC39A7",2.09241316340243,0.154697187034361,23.6753265300568,0.0125512000538793,0.655699916177703
"SLC39A8",0.451247015258334,0.0419366282467719,32.2909710217768,0.00400267693595004,0.740046102263202
"SLC39A9",5.00836371339411,0.51227135673324,11.6910240926184,0.0339836123522107,0.819677284157586
"SLC3A2",1.51048233426383,0.0161227750318986,14.9422520766956,0.0206493796787285,0.142288348700754
"SLC41A2",0.278046421184416,0.0485218333025457,35.2971427519983,0.00133179188907585,0.847862531433361
"SLC41A3",2.81455185164783,0.380879609758102,18.0011368563866,0.0243552073859262,0.828478625314334
"SLC43A3",0.525146759996638,0.0823570725664928,32.7941130322691,0.0042530212511088,0.823554065381391
"SLC44A1",0.265827111931042,0.044228991810008,35.4373451281653,0.00112056333219691,0.84524308466052
"SLC44A2",0.830332392630033,0.102992671099224,29.986547597511,0.00694382328904765,0.768336127409891
"SLC4A1AP",3.40776956701336,0.290533429002025,18.8128931467675,0.0194933098992425,0.717414082145851
"SLC4A2",1.49405945364819,0.223907814140239,25.2476407319361,0.0137882770688612,0.813390611902766
"SLC4A7",0.908338365886573,0.0953854875449999,29.422713749677,0.00724203805681484,0.738055322715842
"SLC50A1",1.64679423278878,0.204849662190421,25.1971860678766,0.013116100833546,0.781852472757754
"SLC52A2",4.73855664239498,0.239960644001355,15.8546580025549,0.0187721144412299,0.553541492036882
"SLC5A3",1.07047648932363,0.0464795170459388,24.7964343541156,0.0108076719857426,0.508906119027661
"SLC5A6",1.77496153370123,0.2932178602344,22.7069734902319,0.0180922783426834,0.841994970662196
"SLC7A5",0.754374717552262,0.0183616139532314,23.4600627607827,0.0124724246859696,0.415129924559933
"SLC7A6",1.17193008531397,0.145387287851798,27.7556444499889,0.00960237743487638,0.767078792958927
"SLC7A6OS",2.60856264542936,0.318671042489478,19.9322782331497,0.0203686011353231,0.79463537300922
"SLC8B1",0.549516365729191,0.151937893887848,31.3144033920086,0.0074066874380941,0.889459346186085
"SLC9A3R1",0.760539472538464,0.017680846046262,23.2113066815303,0.0127295128756326,0.405909471919531
"SLC9A6",1.02310388960597,0.305613767770076,24.2076540909701,0.0180975620353939,0.908948030176027
"SLCO3A1",0.620069319513571,0.192965812469262,29.7068009593998,0.0100312390754049,0.904233025984912
"SLF1",0.639300801409244,0.0941841379361089,31.584352851167,0.00549614211687868,0.804484492875105
"SLF2",1.68112876163298,0.276339889553285,23.3883234754439,0.0169795691290865,0.837175188600168
"SLFN5",0.393046656366536,0.0258479077658366,31.5429029039517,0.00459021219156576,0.688390611902766
"SLIRP",2.75759572383892,0.0862381005695735,18.3276178290115,0.0157601528482844,0.38013411567477
"SLK",1.10016564545258,0.19607680047047,27.4765068621461,0.0114777496052467,0.839061190276614
"SLMAP",3.13361515448828,0.236729499755572,20.0403649114093,0.0168584392723873,0.673302598491199
"SLTM",3.85594487666065,0.120278552086527,16.0239101902911,0.0171085076102574,0.370284995808885
"SLU7",3.95734535675271,0.20286360037194,17.4597991585297,0.01706876671818,0.544321039396479
"SLX4IP",1.69183272235123,0.47777081616842,16.2574325005804,0.0307756961965808,0.924979044425817
"SMAD2",4.42124878341096,0.284850393731157,16.6573862835804,0.0200484574514888,0.643860016764459
"SMAD3",0.756774417823469,0.101111631680098,30.6674931876971,0.00638288050803735,0.786777032690696
"SMAD4",3.91659772695244,0.503583394841974,12.9265992727953,0.0331575597356194,0.850062866722548
"SMAD5",0.714338979321313,0.136270486695488,30.7092474257242,0.00730807877681766,0.845138306789606
"SMAP1",5.63417182502808,0.24012801687233,14.0854477492319,0.0195439881283447,0.502409891031014
"SMAP2",1.07826014271907,0.0562108233468644,26.0446347801807,0.00968016293265276,0.565486169321039
"SMARCA2",1.11894201879933,0.0841270159296582,27.5529926432268,0.00857100949739255,0.660519698239732
"SMARCA4",2.34860732180289,0.218022700175344,22.8384950482984,0.0149013529327946,0.729568315171836
"SMARCA5",4.14848680644731,0.145495257731838,15.9378461674835,0.0171481489087138,0.409262363788768
"SMARCAD1",1.57839731216473,0.222087522655429,24.923372700046,0.0138723660141699,0.800502933780386
"SMARCAL1",2.75842217557388,0.515889767381781,13.617478755684,0.0338385850955665,0.895326906957251
"SMARCB1",4.033840587387,0.161346427307517,16.893444927624,0.016735585700514,0.46280385582565
"SMARCC1",3.02809464676445,0.177581527048093,20.335365966261,0.0150463877051109,0.590632858340319
"SMARCC2",3.04840660691631,0.19038233502965,19.9895977082872,0.0154608305380122,0.600272422464376
"SMARCD1",3.26312701119892,0.300973820296997,18.9894573292248,0.0199009943381014,0.738474434199497
"SMARCD2",8.57828577291862,0.726625511656563,4.77294107304176,0.0519369814241527,0.872904442581727
"SMARCE1",4.49508159813191,0.179654253747854,16.0301616445394,0.0174359750771984,0.466575859178541
"SMC1A",1.56835583282798,0.123370679206668,25.9568703113492,0.0103962972764246,0.675502933780386
"SMC2",0.469958227355174,0.0491374628204744,32.8086336823514,0.00363220728764119,0.768860016764459
"SMC3",1.68392187797192,0.0785764939207157,23.4805210800758,0.0118235625267884,0.524098910310143
"SMC4",0.660336550233546,0.0231049907646261,26.488620216533,0.00947995380570316,0.520955574182733
"SMC5",1.96348685501358,0.135385606206602,23.8462093689582,0.0120384907412831,0.629819782062028
"SMC6",0.707387017018421,0.0861287425576115,30.948429208922,0.00584076498900829,0.771060352053646
"SMCHD1",1.22749809891922,0.0330669433769293,21.0900311048835,0.0143499711379064,0.367665549036044
"SMCO4",0.652827477014956,0.0600439310942778,31.1290761863787,0.00528572060997706,0.733445096395641
"SMDT1",5.01239205041267,0.131913559200159,13.9409466208246,0.0184291545093103,0.330888516345348
"SMG1",2.24397306244779,0.0842201330462281,20.02068839012,0.0144631317213246,0.427179379715004
"SMG5",5.30423152507088,0.458278826097717,12.584157927448,0.0301998454512518,0.769698239731769
"SMG6",1.87226416484756,0.362956911333142,20.2696718988788,0.0226610824517181,0.873428331936295
"SMG7",3.71197444086996,0.331884479736442,17.4684516263419,0.0218706601843698,0.738055322715842
"SMG9",3.01280850544157,0.370247728919414,17.9993128245805,0.0237742404564786,0.812028499580889
"SMIM10L1",2.53795402327198,0.20622832332238,21.9099699318686,0.0149142678859086,0.683046940486169
"SMIM12",4.64268437563788,0.196428144329261,15.8031459332589,0.0177975912466504,0.485959765297569
"SMIM13",1.0200020986331,0.272259491384078,25.4653044809322,0.0158631393767342,0.896060352053646
"SMIM14",0.2416477731942,0.0182773947283871,33.9937323461223,0.00214732015988512,0.754715004191115
"SMIM15",3.98419351683137,0.217934528356676,17.8879668421793,0.0173130059639169,0.580155071248952
"SMIM19",2.70341644773843,0.222583113858198,21.5875007377975,0.0156733319155406,0.698449287510478
"SMIM20",2.09038688198129,0.247248378577339,23.0827276934721,0.0158772264062054,0.782376362112322
"SMIM3",0.277346735108385,0.0187668379039805,33.2700328545969,0.00287057912131617,0.732082984073764
"SMIM4",1.86831796321068,0.296658632033401,22.4366319674934,0.0183910821454978,0.838746856663873
"SMIM7",6.39381888454317,0.44464400230927,11.6853976841194,0.0295282080894573,0.720557418273261
"SMIM8",2.83633285394834,0.606486280225136,10.2289986226688,0.0408160287174066,0.924664710813076
"SMNDC1",5.05381093753076,0.207491453389934,15.0348137118888,0.0183874087447253,0.480720871751886
"SMOX",0.127592139478095,0.0210786466200902,37.5549232923623,0.00134075772631742,0.875209555741827
"SMPD1",1.39806119432221,0.207416219080527,25.9587057154068,0.0127619935308365,0.809618608549874
"SMS",0.911769602692753,0.027255610263315,24.3947581506276,0.0114295903581298,0.461860854987427
"SMU1",4.95693761630458,0.265960776015425,15.2500547098236,0.0197774986549535,0.574497066219614
"SMUG1",3.07305529698754,0.550339779590372,12.1505016388729,0.0365150939184312,0.899203688181056
"SMURF1",0.989631013511809,0.378794488707161,21.3801073156376,0.0232307686780697,0.934723386420788
"SMURF2",0.477125017714167,0.120905654755371,32.5678958172568,0.00546229796275507,0.879191114836547
"SMYD2",2.00832751650908,0.285422710071984,22.3299659870591,0.0178765430494061,0.818105616093881
"SMYD3",0.754583600898156,0.142351908671708,30.3022535858706,0.00777991256551156,0.84209974853311
"SMYD4",2.91204477051391,0.520565729722231,13.3376320740032,0.0342330780425711,0.892707460184409
"SNAP23",1.22710801289765,0.0425778399517595,22.6288990036342,0.0127763184284834,0.433570829840738
"SNAP29",10.1971424308032,0.495958451846121,7.50167962945408,0.0333590844825502,0.654547359597653
"SNAP47",1.53324256905694,0.163328694298631,25.9882670851413,0.0112783844805478,0.740779547359598
"SNAPC1",1.56014462563625,0.258914012770735,24.2303910321904,0.0157999882421755,0.836336965632858
"SNAPC2",3.22675011339618,0.381981337545793,17.3629995677827,0.024627970481288,0.809513830678961
"SNAPC3",1.59064038486358,0.257014564011382,24.1145593437159,0.0157500784782155,0.829840737636211
"SNAPC5",2.94021634783517,0.342571232705569,18.7506315486926,0.0220154991030575,0.793901927912825
"SNAPIN",3.7834953315272,0.213375089823458,18.3593084284268,0.0169549730240588,0.587175188600168
"SND1",3.88947839116024,0.179424670032214,17.8052353052285,0.0165041522120059,0.518231349538977
"SNF8",4.67724074642,0.273137727107874,16.4819169009723,0.0197472043273801,0.621123218776194
"SNHG12",1.29397684556059,0.0640304063226452,24.5791812528096,0.0109047456543909,0.53290025146689
"SNHG15",0.875798129630852,0.0360226415083356,25.7583863290324,0.0100338757666845,0.520850796311819
"SNHG19",0.696983562800479,0.261250786076543,26.9170678830031,0.0146447954869943,0.924559932942163
"SNHG7",1.12021185738226,0.0505696431208604,25.6358822123984,0.0100764909915667,0.542958927074602
"SNHG8",1.90755762915008,0.0451673947505797,18.5718656264035,0.0162900276808273,0.312866722548198
"SNHG9",1.14626000102661,0.17484870058819,27.5562288781725,0.0106392209398616,0.807942162615256
"SNN",0.25488176823595,0.0603580845244628,35.7039108862879,0.00122118016460401,0.880553227158424
"SNRK",1.49314558631831,0.212763871789032,25.4381808917641,0.0132408059521405,0.801865046102263
"SNRNP200",2.56319615896812,0.12414006686146,20.4120790983406,0.014167410927187,0.506601005867561
"SNRNP25",0.788899018747711,0.0655702643371227,30.1127515281965,0.0062495080286128,0.710393964794635
"SNRNP27",4.56773250901252,0.266502165243187,16.4786254379903,0.0194350754176723,0.611378876781224
"SNRNP35",1.94927081696156,0.197494853026238,23.9807632543389,0.0135054986138916,0.732816429170159
"SNRNP40",4.52880288239641,0.198542921920259,16.2895058636772,0.0176295883466586,0.503457669740151
"SNRNP48",2.11889622855804,0.232152797697506,23.085116499944,0.0152320583815848,0.759220452640402
"SNRNP70",5.27755975506181,0.156560803831462,13.6966083114258,0.0185108909889554,0.363369656328583
"SNRPA",3.24193306240679,0.112812588763844,18.375453335518,0.015626923956653,0.427598491198659
"SNRPA1",2.39085440943899,0.146161908056296,22.53033957261,0.0131422343432864,0.607082984073764
"SNRPB",3.74821021388221,0.048555581330972,12.1360343551931,0.021431929216031,0.130343671416597
"SNRPB2",117.900779244192,0.785623452698639,7.49174016673715,0.0690436304518539,0.307837384744342
"SNRPC",3.58307633696981,0.0974556481358494,15.9673849165873,0.0173395553077586,0.329945515507125
"SNRPD1",2.52567918123484,0.0583886913735574,17.4474225348636,0.0169217207175032,0.304170159262364
"SNRPD2",7.17342164550792,0.0597540170452617,7.5954236906249,0.0240245057965884,0.0397108130762783
"SNRPD3",5.34920315659961,0.103742814433637,11.3018943002557,0.0202973477710444,0.208298407376362
"SNRPE",2.79872322650563,0.0659858553616726,16.6873083241183,0.0173409483729316,0.295054484492875
"SNRPF",4.01455282797192,0.0815251110205145,13.9769307845065,0.0190274662847451,0.244865884325231
"SNRPG",3.41327234060339,0.0380978367959243,11.5382615006244,0.0223850947584551,0.0907376362112322
"SNRPN",1.18985353678159,0.0814391763639104,26.3394592409674,0.00948592341835512,0.617770326906957
"SNTB2",0.547577955881687,0.207884967896931,29.477848201846,0.0107960732939774,0.920787929589271
"SNU13",6.34152646849333,0.0824167473183522,8.48709494317139,0.0226059926058515,0.0961860854987427
"SNUPN",2.3077665589302,0.358307858642008,19.6296379245508,0.0226210843139569,0.845557418273261
"SNW1",6.74433992575393,0.269981629700375,12.4254331890379,0.0210766736550371,0.498428331936295
"SNX1",7.45210351642202,0.29219207824926,10.8326344082887,0.0221371613359906,0.484807208717519
"SNX10",0.411981264128284,0.0774550748797495,33.8667080587085,0.00323209711811971,0.849748533109807
"SNX11",0.699019063528243,0.104341929742133,31.050234799727,0.00615404387327725,0.804170159262364
"SNX12",6.96302056631626,0.582846219076476,8.56212600837213,0.0395532636959806,0.811923721709975
"SNX13",2.23694274137495,0.304715603259285,21.1707855542341,0.0192383874734218,0.811818943839061
"SNX14",2.21390887346272,0.263453939352586,22.1011142396079,0.0169334603616831,0.777347024308466
"SNX16",0.627140730841121,0.206999783914719,29.1440067508664,0.0109463804482952,0.908843252305113
"SNX17",6.84964174174884,0.235192777654556,11.4579840170998,0.0204072662471474,0.42047359597653
"SNX18",0.683388412322639,0.118907969059882,31.1194532411813,0.00648830518843852,0.830050293378039
"SNX19",2.5079953520356,0.433066083022777,16.8131698030702,0.0277694334148285,0.871123218776194
"SNX2",1.58769814091895,0.0908894699657977,24.3864732506439,0.0111171008017764,0.572925398155909
"SNX27",3.09215735678092,0.386356986883885,17.3784903507393,0.02483620801267,0.816953059513831
"SNX3",2.3002530724043,0.0266487513597426,13.5609513179429,0.0213171330495167,0.124266554903604
"SNX4",3.96091792296911,0.382863620393853,16.0550400050417,0.024977236681249,0.769698239731769
"SNX5",3.41655536580843,0.161110627476641,19.3813533664956,0.0153811541924639,0.536253143336127
"SNX6",5.90267193374211,0.169918121331524,12.3444427326692,0.0192243925458738,0.346186085498743
"SNX8",0.48241606787708,0.102317228339096,32.9667025294842,0.00461268999685524,0.861693210393965
"SNX9",1.01779573363722,0.0291099345948703,22.8043611605639,0.0128672300895961,0.414501257334451
"SOAT1",1.43399056442173,0.175601397214748,26.3249265734449,0.0114371976137143,0.770746018440905
"SOCS1",0.421130034212852,0.0202450234204713,29.7960684930625,0.00628114720253326,0.622170997485331
"SOCS3",0.251833766750118,0.0148061616358899,33.0519193867935,0.00306145136290124,0.718147527242246
"SOCS4",4.04960427415685,0.439447828386678,14.5987884939696,0.0286752930497401,0.807523051131601
"SOCS6",0.35495911971487,0.170057906636349,31.8662572206352,0.00773575570969375,0.935980720871752
"SOD1",1.73207638612872,0.00921065171415156,12.0696569995057,0.0237219163415151,0.0396060352053646
"SON",4.43971380455595,0.0580330198597797,10.4875149732457,0.0222354824192671,0.101320201173512
"SORBS3",0.302748111059747,0.0636217667005011,35.1815319708572,0.00176865501394149,0.869132439228835
"SORL1",0.265903178951666,0.0383804109656426,35.1849940383,0.00124926829548339,0.827326068734283
"SOS1",1.18583426560923,0.200917361611127,26.9457828393987,0.0119584181750178,0.830155071248952
"SOS2",1.18219719159547,0.269574866299393,25.0090432527624,0.0159260748960763,0.877514668901928
"SOX4",0.203843950443043,0.00480448304871187,31.1549967902212,0.00496866996320654,0.638830678960604
"SP1",1.89794009344108,0.331252661615099,21.2888776327711,0.0205884017942246,0.856349538977368
"SP100",1.86058336450646,0.0596803581967148,20.020950564247,0.0147444123477332,0.38359178541492
"SP110",0.790994270734159,0.12239527382,30.2467770145555,0.00722119855599404,0.808151718357083
"SP140L",1.02305568341986,0.137859593170186,28.7323999053206,0.00873547495106684,0.785519698239732
"SP2",2.4202716922945,0.35482257519552,19.4866682623163,0.0224616602499911,0.835708298407376
"SP3",3.36104829593235,0.208292652002554,19.3900400075176,0.016279901549934,0.61012154233026
"SPAG16",0.794015214447774,0.269921672765425,26.2438776767069,0.0153866858327983,0.917015926236379
"SPAG7",6.44532017021408,0.31629269308441,13.0430268872778,0.0225811043585624,0.582041072925398
"SPAG9",1.39567401278303,0.0757160660990792,25.1389102614673,0.0104735725693571,0.570725062866723
"SPAST",3.93460992765297,0.5036807857119,12.9305075070002,0.0331792704973188,0.850167644593462
"SPATA13",0.993178328329552,0.15857799261754,28.7216039854335,0.00937617479902551,0.818419949706622
"SPATA2",4.10682453357443,0.533624965078888,11.8355447715575,0.0354064810937517,0.859178541492037
"SPATA20",1.36252690609866,0.287314623321293,23.9858923939002,0.0172663733429274,0.87300922045264
"SPATA2L",1.07949913783087,0.293937541972493,24.4538480589307,0.0173779819513631,0.898365465213747
"SPATA33",1.44140899877617,0.266427278299712,24.4475441072997,0.0160644242685484,0.854777870913663
"SPATA5L1",12.8097553294254,0.817989441383857,3.06786932002832,0.061913831609265,0.884639564124057
"SPATC1L",1.00785446383721,0.29618687620415,24.6500297530105,0.0174357074041946,0.908005029337804
"SPATS2",0.633076870326155,0.117623337251647,31.6360423973958,0.00607934308338656,0.844300083822297
"SPATS2L",0.728480583831522,0.0559914428228493,29.8913695904506,0.00632273914155499,0.687133277451802
"SPCS1",3.36517763726478,0.0528403318495518,12.6652646961028,0.0208435446665529,0.151089689857502
"SPCS2",3.44941632545417,0.0664724161660704,13.4097236383865,0.0197907357112635,0.19823973176865
"SPCS3",1.33511154035822,0.0473765065834266,22.3802403305489,0.0129253696311414,0.434513830678961
"SPDL1",0.464762343246794,0.144435310781486,32.1558384151335,0.00656854555696199,0.904023470243085
"SPEN",2.44113636838694,0.137910525199697,21.947373441706,0.0133619047273572,0.575963956412406
"SPG11",1.10446159859749,0.149927380944328,28.1562471068217,0.00947139205916751,0.786881810561609
"SPG21",7.04257340549041,0.270123264566783,11.8282485155819,0.0212592911598231,0.481663872590109
"SPG7",3.26568843900124,0.229656816930042,19.4964414463515,0.0168280852052819,0.64616512992456
"SPHK1",0.167515643412669,0.0140336133130578,35.5734295701689,0.000529880109112806,0.798826487845767
"SPHK2",2.7495337158581,0.446287696973277,16.0792771236462,0.0287877082457985,0.867351215423303
"SPIDR",2.88317241610468,0.361539877170625,18.3664120296046,0.0231475583018406,0.810666387259011
"SPIN1",1.49784405061686,0.211598791299659,25.5462372648793,0.0131580422920985,0.803331936295055
"SPIN2B",0.823764328842527,0.339455160078702,23.3550860721275,0.0202756645117933,0.935561609388097
"SPNS1",5.14562698861219,0.271037732242438,15.2729166760962,0.0200542371836518,0.582460184409053
"SPON2",0.0817224524882366,0.0049810795570379,37.2560738476522,0.00129628557007297,0.838327745180218
"SPOP",3.80693197350933,0.199140272968659,18.3691911319895,0.0166259986251635,0.565590947191953
"SPOPL",1.18436929672835,0.249117698293811,25.6866556579587,0.014656948734532,0.866617770326907
"SPPL2A",2.8293678646441,0.126187798449922,19.6333395624225,0.0147261671665671,0.486693210393965
"SPPL2B",1.48919556300207,0.481306573200309,16.3500625876069,0.030981880895544,0.934304274937133
"SPPL3",1.25962299342603,0.285745421140646,24.2810057437528,0.0170496967289758,0.879924559932942
"SPR",0.202846141914873,0.0910849131375208,35.7364418991507,0.0020399196008839,0.931894383906119
"SPRED2",0.141458971175533,0.0532627340623479,37.4569255171169,0.000536424902593202,0.925398155909472
"SPRTN",2.82329650630303,0.374748237563866,18.1465033783263,0.0239603052374787,0.823763621123219
"SPRY1",0.0552485093570356,0.0185577766946833,39.6266403309036,0.00345411845439601,0.93849538977368
"SPRYD3",2.55396216087673,0.382748890108406,18.336898919616,0.0243458666790899,0.842309304274937
"SPRYD4",1.65734066174376,0.409102906276042,18.9970914762645,0.0257559639594068,0.905176026823135
"SPRYD7",1.96181984948748,0.458289763053207,16.6908067168045,0.0294195078028494,0.907481139983236
"SPSB1",0.485812815287212,0.118984021084999,32.6532376924166,0.00534959368529394,0.878772003352892
"SPSB3",4.82160530082287,0.148150315224456,13.5691519626974,0.0184370422510273,0.344719195305951
"SPTAN1",1.09049661374508,0.0314481144018579,21.9328522710478,0.0136111491849682,0.39103101424979
"SPTBN1",0.527017868577647,0.0394558124891823,30.9934794583011,0.00518731590003865,0.694153394803018
"SPTLC1",7.50387527463775,0.484891266762805,9.8640108879698,0.0323261848622511,0.717937971500419
"SPTLC2",1.41644977272667,0.180150741132194,26.3456336936463,0.011571638999325,0.77860435875943
"SPTSSA",0.462290495623058,0.0304324296112505,31.0298682976412,0.00510501699232908,0.679798826487846
"SPTY2D1",1.71618291477361,0.164765120517475,25.2035111249138,0.0118181610632555,0.718776194467728
"SQLE",0.554602923065359,0.0532973884813709,31.6005093343577,0.00476318437172839,0.737112321877619
"SQSTM1",1.04725569847255,0.0050275196099244,13.1013032813728,0.0231045267105858,0.0580469404861693
"SRA1",3.07522882975824,0.160128035397554,20.2127728171389,0.0148265099816098,0.559409052808047
"SRBD1",0.493112571667396,0.21656581753076,29.3715017454438,0.0112409204336475,0.931265716680637
"SRD5A1",0.717280543985108,0.103733645071577,31.0254496863433,0.00616937521407813,0.802388935456832
"SRD5A3",0.879636686877208,0.22674178460035,27.5654042368289,0.0127101201886139,0.890297569153395
"SREBF1",1.17087085631779,0.328905204781272,22.994543495506,0.0198324711788425,0.907062028499581
"SREBF2",1.59352151879869,0.179380164339573,25.6152877088952,0.0119901854455691,0.754715004191115
"SREK1",3.9540501196155,0.188228013843999,17.5724140748925,0.016757629020031,0.525041911148366
"SREK1IP1",2.17043348062372,0.143620035075601,23.0216781482404,0.0127262412018334,0.617875104777871
"SRF",0.572120774388164,0.189045310578088,30.0536828517486,0.00965664399347481,0.908948030176027
"SRFBP1",1.27286252064878,0.156702648852592,27.1910479955217,0.010302903867935,0.767602682313495
"SRGAP2",0.881597026575157,0.289890501486702,25.2302722360916,0.0168585655688044,0.916492036881811
"SRGN",1.09601812699595,0.00150859534925893,14.9685543772831,0.021472994890455,0.11242665549036
"SRI",2.91674976348319,0.0885504491421397,17.9083754668787,0.0160528182841837,0.371751886001676
"SRM",0.698206197778374,0.103942204895626,31.1735499389925,0.00605913719123512,0.807418273260687
"SRP14",9.53553493164171,0.0476296473240986,6.32908002077215,0.0251854571148229,0.00408633696563286
"SRP19",4.00626467828026,0.404839757836923,15.4928359683845,0.0263761615255803,0.784576697401509
"SRP54",5.60173588891796,0.292660527904071,14.1610535638076,0.0211711020059949,0.581412405699916
"SRP68",3.96288934796422,0.245680023236609,17.8048948327132,0.0181480527029077,0.619761106454317
"SRP72",5.21073221914614,0.23817161794359,15.3360065785595,0.0190662178412875,0.535729253981559
"SRP9",5.08769865335973,0.0851383599239016,11.2791065346692,0.0207696137445308,0.175607711651299
"SRPK1",3.38332249437207,0.192144104575208,19.542638122599,0.0158472605399257,0.589689857502096
"SRPK2",1.58980236069038,0.0790566885102853,23.6809408469407,0.0116340826348998,0.530909471919531
"SRPRA",2.71638012833192,0.109921280144923,18.9560651603464,0.0151036713235878,0.438809723386421
"SRPRB",2.0735231365538,0.12790131929948,22.9201729744458,0.0125239822251101,0.589165968147527
"SRRM1",5.60832375140272,0.100853845541641,10.5454195983618,0.0208201141606066,0.182523051131601
"SRRM2",4.8317422900388,0.124807984905331,13.326200248667,0.0187519241814002,0.300293378038558
"SRRT",1.70200850775434,0.0673726766858117,22.066179937662,0.012983586328277,0.460603520536463
"SRSF1",3.55294365691062,0.119337699730511,17.5118683662041,0.0161970165974308,0.412929589270746
"SRSF10",4.10587807369116,0.0807848759746964,13.2226171353016,0.0195518582054303,0.221081307627829
"SRSF11",6.85975459259367,0.0994744623641016,8.66474503487779,0.021999364179798,0.132544006705784
"SRSF2",2.98801077917201,0.0265754631581003,11.5416381284559,0.0230106247374947,0.0666387259010897
"SRSF3",2.415600431302,0.0235891581292692,12.9473819785509,0.0220058640909032,0.100377200335289
"SRSF4",118.075771059544,0.782245998914936,6.76880949891991,0.0678941822754989,0.298826487845767
"SRSF5",2.38643683095226,0.0648517135827744,17.23094412368,0.0168864792620145,0.307627829002515
"SRSF6",1.97105611499198,0.118366140720287,23.2184866759106,0.0122073922814477,0.58266974015088
"SRSF7",1.6302920264219,0.0131576545234403,13.2473137657024,0.0223872611025866,0.0836127409891031
"SRSF8",1.60111678697027,0.103942526816604,24.6972020233247,0.0109731309632934,0.604358759430008
"SRSF9",4.36480531552609,0.129089095344699,15.1134067637236,0.0176787143787565,0.35896898575021
"SS18",4.01714043574151,0.257459382460152,17.4795236618404,0.0186462847252595,0.627829002514669
"SS18L2",3.23352184649409,0.0984774023358105,16.7754466894398,0.0167276800307507,0.354777870913663
"SSB",2.51046958805022,0.0861784398228616,19.478650050235,0.0149026115105117,0.414710813076278
"SSBP1",4.93188151739846,0.112638343719562,12.8076226819838,0.0192245425689176,0.265611902766136
"SSBP2",0.472504815266079,0.0799530697257371,33.1643064108642,0.00387768830941804,0.831412405699916
"SSBP3",0.960515453400853,0.292036061831741,24.9115031235444,0.0171024601056184,0.909786253143336
"SSBP4",1.15259035644147,0.235706784654994,26.3125039450862,0.0137689609869673,0.865046102263202
"SSH1",0.848440196106081,0.124480211411008,29.903733191571,0.00753478744971924,0.800712489522213
"SSH2",2.37646054182026,0.161562390783894,22.4799857699609,0.0134314490311238,0.63013411567477
"SSNA1",4.23830871982844,0.111571307765118,14.5127400435355,0.0181471404373543,0.311923721709975
"SSPN",0.103103786126127,0.0524940476934543,38.089204826374,0.00113518887254316,0.944572506286672
"SSR1",3.06289841356248,0.105175069287351,17.9777012251483,0.0158551756374359,0.402137468566639
"SSR2",8.31947422990158,0.0951473495611534,6.52378750627665,0.0233045401564308,0.0732397317686505
"SSR3",1.94292143134688,0.0417835451048301,17.4690701848242,0.0173213146864014,0.272212908633697
"SSR4",1.39623169843947,0.0102980410261245,12.2091399173268,0.023574658230652,0.0426445934618609
"SSRP1",2.17553550346339,0.0989607402546069,22.1344678083982,0.0129161213453962,0.517497904442582
"SSSCA1",2.24801856718077,0.195194937726914,22.9997450232774,0.0139954082868617,0.69907795473596
"SSU72",4.40444038459398,0.113913920975337,13.9803029441918,0.0184483315227224,0.300398155909472
"ST13",4.80903483890577,0.0512742906062806,10.0115133142242,0.0228646929720946,0.07837384744342
"ST3GAL1",0.777176495179844,0.0808693954752743,30.3864276046904,0.00621836940244266,0.74455155071249
"ST3GAL2",1.39595842619775,0.396615891572546,19.8919090535349,0.0247358164719503,0.914710813076278
"ST6GAL1",0.349384564727067,0.0357126108906019,33.4678468591992,0.00282963995841832,0.767393126571668
"ST6GALNAC4",0.439845865671327,0.0501021821590459,32.7953718170096,0.00363524497287717,0.77001257334451
"ST7",0.767332646136998,0.261949765475574,26.6261142722535,0.0148106213902262,0.916492036881811
"ST7L",1.68689258098727,0.378987147183777,20.0543500878024,0.0236492311511185,0.891764459346186
"STAG1",3.22168953730708,0.272607323895399,19.4427014936799,0.0184730981893426,0.70966051969824
"STAG2",2.93066887366373,0.136813680043303,19.6509152579137,0.0147995335388675,0.504715004191115
"STAM",0.683434087549573,0.0414861180532135,28.7164631939548,0.00728635139675606,0.624685666387259
"STAM2",3.15710900534038,0.491898269238986,14.0569972031278,0.0321538828794285,0.871227996647108
"STAMBP",2.22025082948795,0.185621374010883,23.1691054245872,0.0136247864748957,0.689228834870075
"STAP2",0.123004170102454,0.0587371709506815,37.6295730198512,0.000545289201126245,0.939962279966471
"STARD10",0.713193401256766,0.241820411500617,27.5486245383927,0.0133830766232432,0.913767812238055
"STARD3",6.01439315923952,0.326194354120959,13.0791219739086,0.0227748672455357,0.597862531433361
"STARD3NL",3.11371337851695,0.199333186567212,20.3930311853261,0.0155758867114574,0.626362112321878
"STARD4",0.418162813086582,0.139659207965481,32.5160095431267,0.00613224706515012,0.907795473595977
"STARD7",1.74994076119259,0.05081745715618,19.8189174561983,0.015079484442657,0.36127409891031
"STAT1",0.621973419509849,0.0352705608486201,29.1535413103081,0.00688867643711785,0.627933780385583
"STAT2",0.899789803974355,0.115358499936905,29.5454888347114,0.00756308303317958,0.774622799664711
"STAT3",1.4857456481613,0.0349233811062133,18.8395957600162,0.0163200195856826,0.300607711651299
"STAT5B",0.674391467399296,0.0532795033777417,29.8676321406243,0.00629821285246142,0.681684828164292
"STAT6",0.747237042471003,0.05473655280806,29.3412543190375,0.0067865177860525,0.667435037720034
"STAU1",5.9138705694533,0.21616021559614,13.4852649684534,0.019300462921713,0.449601844090528
"STAU2",1.12244473650501,0.313425759430422,23.6722035285217,0.0187301432735462,0.904233025984912
"STIM1",1.35875166836548,0.158181713320059,26.8091997882874,0.0106011648878809,0.758067896060352
"STIM2",1.9636360327384,0.258405568285832,23.0266596495038,0.0163276074586569,0.798093042749371
"STIP1",1.93063318081447,0.0378492658923193,17.1516844803638,0.0177273133671301,0.25513411567477
"STK10",1.33935699580208,0.087671211217264,25.8800964105317,0.00992582815736805,0.613998323554065
"STK11",2.88736342143001,0.530236090425051,13.0212310266257,0.0349572184582942,0.897422464375524
"STK11IP",3.95748145660919,0.697140810919958,6.38770936531014,0.0482928165329631,0.928751047778709
"STK16",3.22288753391471,0.373320801700592,17.6203820584516,0.0240792742809867,0.804484492875105
"STK17A",1.25013776415728,0.0237251910543472,19.3517529373133,0.0162260579273978,0.29547359597653
"STK17B",1.38372813763136,0.0337588360615986,19.9675503626374,0.0153525610609345,0.333927074601844
"STK19",5.28599427703135,0.554254096826746,10.3175367479182,0.0371238444462136,0.835708298407376
"STK24",1.86157550674414,0.199893479319173,24.4935992684179,0.0133388341438256,0.752305113160101
"STK25",7.49639376460244,0.484258040033563,9.83436112257188,0.0322601991219897,0.716366303436714
"STK3",0.522807068914467,0.135314862073573,31.9837655534334,0.00636823090809489,0.883906119027661
"STK32C",1.90586900804923,0.509078070318263,14.7873089125939,0.0331798991795578,0.925817267393127
"STK38",1.37574376636398,0.0861509367654918,25.4894686470744,0.0102182898063741,0.599224643755239
"STK38L",0.669370506969832,0.0893194901281868,31.3506980078975,0.00558100379677531,0.789082145850796
"STK4",1.26791125233107,0.014919433933437,16.2764185559646,0.0194670470779379,0.180846605196982
"STK40",2.86674086831177,0.354755525938835,18.6066628551964,0.0227178847586835,0.807837384744342
"STMN1",0.345847705931683,0.00384100563383905,24.8585512710624,0.0114116910826671,0.43220871751886
"STOM",0.397315131472166,0.0277715315145044,31.8096882439416,0.00434406980140735,0.700335289186924
"STOML2",3.40136118484101,0.131078154947791,18.5099012586233,0.0155799737621345,0.461860854987427
"STRADB",1.60894843090032,0.411699873672513,18.9965714388582,0.0259242701812234,0.909262363788768
"STRAP",13.9955446378273,0.243428796405924,2.57407535892255,0.0234971252473446,0.202430846605197
"STRBP",0.574788985190631,0.174333668135252,30.5014566345109,0.0087827568825219,0.899622799664711
"STRIP1",1.78279751909042,0.254430219719031,23.4619489981923,0.0159073993479432,0.805637049455155
"STRN",2.17619956520078,0.369227284516598,19.5027632090839,0.0232607591238203,0.858549874266555
"STRN3",1.28095872944529,0.300244477685432,23.7502590803434,0.0180125597203111,0.885896898575021
"STRN4",2.47423961276192,0.515064029006375,13.9597583703088,0.0337378368144388,0.906119027661358
"STT3A",2.18352110080854,0.162987373371475,23.2605875237214,0.0129837348015866,0.656223805532272
"STT3B",3.50523381743589,0.255889125352887,18.654059191756,0.0180841473741048,0.660729253981559
"STUB1",4.05226523025114,0.192171774553424,17.1250343798987,0.0170241258716209,0.517917015926236
"STX10",2.7024499683737,0.199565768795769,21.8301373622454,0.0148402185105953,0.670159262363789
"STX12",2.21890516911572,0.172336273940446,23.1041278152266,0.013295712980744,0.666282481139983
"STX16",2.75459718138913,0.328993201904424,19.3782201160074,0.0210820063225444,0.793063704945515
"STX17",1.76477542475096,0.212954351281364,24.4624902490824,0.0137776638220231,0.771898575020956
"STX18",1.60659778535486,0.189908501657025,25.4503348172712,0.0124299368767542,0.766240569991618
"STX2",1.06053315346341,0.389065912363738,20.8222758387097,0.0240176943098521,0.933046940486169
"STX3",0.311156469096506,0.0802293394709006,34.8964198958796,0.00242935634346102,0.887259010896899
"STX4",1.90630705600359,0.14864001625232,23.9866506678298,0.0121602512731965,0.655490360435876
"STX5",3.90835364134348,0.204737677562559,17.5890937343823,0.0170432815205425,0.551026823134954
"STX6",0.775116035462971,0.105983907011762,30.5282982534233,0.00660340286780131,0.79033948030176
"STX7",1.04274084053181,0.0733718004603316,27.5723145054185,0.00844346837429956,0.64302179379715
"STX8",5.77551695674845,0.476004836562228,11.8756397648623,0.0315599355186934,0.77116512992456
"STXBP2",0.952663499449955,0.153225444279302,28.8834334248667,0.00907822302831153,0.814962279966471
"STXBP3",2.77076147671579,0.293311838226294,20.080535232464,0.0190897100632067,0.760687342833194
"STYX",2.55992778893158,0.343244572627492,19.4598140551875,0.0218147492137218,0.817267393126572
"STYXL1",4.85747001871681,0.459070457593189,13.1139055739776,0.0301822315654658,0.788139145012573
"SUB1",3.85618015103361,0.0225689694776682,10.0912881699509,0.0243532437800919,0.0225272422464376
"SUCLA2",4.59760670239293,0.411330921378339,14.5230967022225,0.0269799877112191,0.763202011735122
"SUCLG1",5.9857607810323,0.250634455231752,13.8734756053004,0.0200191251273414,0.511839899413244
"SUCLG2",2.09732049404327,0.269526779325678,22.6052495219037,0.0170612632160474,0.801969823973177
"SUCO",1.31098310622687,0.113017709630304,26.9197016620959,0.00947194751781969,0.68849538977368
"SUDS3",3.60886942342383,0.270062568979024,18.5570432411242,0.0187315173060863,0.678960603520536
"SUGP2",4.49415052884923,0.4415573569603,13.972758780331,0.028923583848525,0.790234702430847
"SUGT1",3.43486709178231,0.095605838928095,15.8120507685067,0.0174294841282999,0.321353730092205
"SULF2",0.122006282947713,0.0272750497938819,37.9039149091441,0.00156429015726028,0.896898575020956
"SUMF1",2.47302414861972,0.437867570414805,16.7634829343195,0.028114543551928,0.876781223805532
"SUMF2",3.26423581639996,0.193473058184934,19.9041570213706,0.0156844244743279,0.602577535624476
"SUMO1",9.99733996880974,0.14202718522953,5.41351513596067,0.0227435784551663,0.123113998323554
"SUMO2",8.84831390601523,0.0469155934056591,6.69383401010591,0.0250460608265943,0.00743922883487008
"SUMO3",2.58128004741648,0.107486430438707,21.1300396297605,0.0137271591505387,0.501571668063705
"SUN1",0.831991159052924,0.148357349904889,29.7900588698722,0.00833187079987582,0.835603520536463
"SUN2",0.561528631926527,0.0382844266671059,30.1591097159667,0.00594919487811017,0.66533948030176
"SUPT16H",2.85012111176571,0.146964484017569,20.5686265729658,0.0143782259264335,0.548931265716681
"SUPT20H",3.00349009769629,0.221231324251508,20.1886692691967,0.0162115943524705,0.654128248113998
"SUPT3H",0.864672840755459,0.148608360243399,29.4865458628172,0.00853152972544777,0.826487845766974
"SUPT4H1",3.32880994208492,0.0695862659767045,14.796621142084,0.0186931808409768,0.24570410729254
"SUPT5H",2.958427897454,0.124409083195841,18.7973455836726,0.0152433650558116,0.458507963118189
"SUPT6H",3.04634449474512,0.189052886770466,20.0829119763465,0.0153955754366629,0.601005867560771
"SUPT7L",31.5855792664443,0.770072346090393,3.44232330922125,0.0604989850152019,0.673302598491199
"SUPV3L1",2.38683600861979,0.309526589124499,20.69914396784,0.0196523138250552,0.804484492875105
"SURF1",7.44049026012809,0.43051369407098,10.7278735453395,0.028835007380443,0.670578373847443
"SURF2",3.17828013048535,0.216147107681335,19.7013051370919,0.0163000044196933,0.631601005867561
"SURF4",1.98558872455144,0.0455809780522052,17.908070824233,0.016837970484954,0.293063704945515
"SURF6",3.08498394002031,0.402717280673156,16.8556550574739,0.025890141308729,0.825440067057837
"SUSD6",1.60778515487218,0.217727217516573,24.9692157915804,0.0136922248430959,0.795054484492875
"SUZ12",2.06565895225524,0.15308167634024,23.8585058583332,0.0124106569203057,0.6587384744342
"SVBP",2.45156480578955,0.213857677520088,22.2890570014274,0.0149897557529184,0.706412405699916
"SVIL",0.201806157322386,0.0417774488922856,36.513816950327,6.75374736779227e-05,0.875943000838223
"SVIP",1.54794699667727,0.117093208156405,25.6070942459649,0.0105008465301946,0.654337803855826
"SWAP70",0.189638048865089,0.0140011832299413,34.9311911786121,0.00117626007040602,0.777870913663034
"SWI5",2.58264458752425,0.355305094161999,19.2385557420903,0.0225951991339549,0.82837384744342
"SWSAP1",2.09739094289036,0.586742929278449,11.454256474939,0.0391392292126238,0.938809723386421
"SYAP1",1.21767498936084,0.0453911916081577,23.0742324526282,0.0123396156949108,0.452640402347024
"SYF2",118.150052239457,0.785942650871933,5.78627847564764,0.0662452280292723,0.285310142497904
"SYMPK",15.064293812877,0.711463370896006,3.98926198933547,0.051639498916206,0.773784576697402
"SYNCRIP",3.18010276555745,0.118863754976634,18.5834585317811,0.0154606751977817,0.443629505448449
"SYNE1",0.62950809845195,0.0615455481993725,30.9698316565916,0.00541744167668424,0.7308256496228
"SYNE2",0.720624568391226,0.0305381391899712,26.9492125974344,0.00897052192218842,0.549036043587594
"SYNGR1",0.183933343151046,0.100280159338574,35.6167169410868,0.00243214848839529,0.943000838222967
"SYNGR2",0.702688507560301,0.00627209196296661,18.0196493185213,0.0182072560864745,0.216575859178541
"SYNRG",2.38435491860229,0.149954433899927,21.7279102826134,0.0135993745291866,0.588537300922045
"SYPL1",1.35966412259518,0.0690635168969815,24.7620540021048,0.0107620539018059,0.547464375523889
"SYS1",2.37468303525823,0.358049331644318,19.3955482523688,0.0226358902493112,0.838013411567477
"SYVN1",1.06774283548327,0.114999900691605,28.3137544398077,0.00846096656689296,0.735331098072087
"SZRD1",9.14600753432486,0.277686494682903,8.60277830790836,0.022468995663994,0.402661357921207
"SZT2",1.70847821958214,0.515965959662214,14.6768592119804,0.0336415807012723,0.934094719195306
"TAB1",3.11608943276173,0.656931766202493,8.14601286912586,0.0448523930809182,0.932523051131601
"TAB2",1.40667746214529,0.0951604849677161,25.7399215785631,0.0101048763581019,0.622170997485331
"TAB3",1.12670580580594,0.341841146240886,22.5634409039763,0.0206926623208127,0.913872590108969
"TACC1",1.64063821595571,0.0841025732729275,23.8426998216373,0.0115252271993381,0.54463537300922
"TACC3",0.580712916548344,0.0566890795009272,31.6212763560174,0.00479663127214523,0.743503772003353
"TACO1",2.44888658218326,0.2846873918692,21.2444764293621,0.0182946480493876,0.783214585079631
"TADA3",2.58941841002288,0.125546941324392,21.2231674288515,0.0137264195320167,0.533948030176027
"TAF1",1.55036466458656,0.290907169380894,23.277396796375,0.0177176411006176,0.856454316848282
"TAF10",2.82660921704651,0.269736518967657,20.5663186096506,0.0179166986894247,0.739522212908634
"TAF11",5.30333772989906,0.346706461147811,14.4464968423447,0.0234780533041182,0.667435037720034
"TAF12",7.24840956592242,0.37971992063182,11.4968293976981,0.0259049252560772,0.624476110645432
"TAF13",1.79507710525833,0.37758073127631,19.8995690516525,0.0236113002613489,0.884534786253143
"TAF15",2.99629304803574,0.107989564090376,18.3561209563939,0.0155799594735093,0.418168482816429
"TAF1B",1.73017862245085,0.249154023975357,24.0420857836079,0.0154786836170444,0.815171835708298
"TAF1C",4.95586545665522,0.660903873976256,7.32766479367641,0.0455108372760959,0.896584241408215
"TAF1D",2.59077111599228,0.0592861191796939,16.7403622810215,0.0174481793612019,0.283948030176027
"TAF2",4.40144091009739,0.435461306462966,14.2842625682319,0.0285090379846584,0.791072925398156
"TAF3",2.94309078769188,0.2487967239004,20.3780909509363,0.0171219298118566,0.702011735121542
"TAF5L",1.24081737733397,0.431329004266792,18.7789394460961,0.0271963392140064,0.934094719195306
"TAF6",5.37374478641839,0.397774735005292,13.8032485651548,0.0263968944562458,0.720452640402347
"TAF7",1.72505499795136,0.0596886127346827,21.1194532067857,0.0138423702485806,0.417644593461861
"TAF8",2.14026282529502,0.303558428941301,21.5174273212928,0.0190751970670361,0.820725062866723
"TAF9",2.44533394619355,0.13058628759169,21.6240297174146,0.013467874709605,0.554170159262364
"TAF9B",1.3044430024719,0.267493895083539,24.7657202729873,0.0159535316964289,0.866512992455993
"TAGLN2",2.08020969797825,0.01044026623151,12.202547060026,0.0234670339797994,0.0496647108130763
"TALDO1",3.28143164904765,0.0659450267680518,15.0733704694796,0.0185962240930602,0.247799664710813
"TANC2",0.351256486932768,0.19294514673872,30.9855079185014,0.00925406218129618,0.944677284157586
"TANGO2",3.48301064222896,0.464099830973967,14.6056675021117,0.0302418263573157,0.845662196144174
"TANK",1.21476912948096,0.0275614725741548,19.9655616847361,0.0155262352061085,0.321772841575859
"TAOK1",2.39937531193987,0.201579750805585,22.4088714466267,0.0145074670368239,0.691010058675608
"TAOK2",2.45466147064881,0.448784449180384,16.3467824010109,0.0288663345815111,0.880553227158424
"TAOK3",2.02610100709429,0.10422576390151,22.631848429342,0.0125287677588563,0.541282481139983
"TAP1",2.28633546074669,0.0382839479899091,15.6057256044608,0.0190435398823306,0.209555741827326
"TAP2",1.27480787718568,0.351043358878517,21.9088406056737,0.0214469564911422,0.907376362112322
"TAPBP",3.1236174052752,0.0607543724562772,14.4393639905928,0.0192034095152002,0.218147527242246
"TAPBPL",1.58725981518866,0.221205098841617,25.0105605886723,0.0138131098540092,0.801760268231349
"TARBP2",2.78655201377259,0.310747505345983,19.9810338561243,0.0200438081328968,0.783633696563286
"TARDBP",2.34428705269965,0.375598859873453,19.0349420457165,0.0237805494154003,0.853310980720872
"TARS",1.71595516001833,0.0919124051769525,24.0245986797051,0.011431843622299,0.563600167644593
"TARS2",2.30022017375242,0.482158801893047,15.4299613204616,0.0312801274972882,0.902870913663034
"TARSL2",0.743648431931894,0.122036726651576,30.6073003712926,0.0069495400577462,0.81894383906119
"TASP1",1.24985444739705,0.248875627759489,25.464518519298,0.0147512714533427,0.859283319362951
"TATDN1",2.82954611389044,0.299634679179801,20.0697208929747,0.0194628028835569,0.769593461860855
"TATDN2",2.41215533440955,0.561260696636459,12.2544793793184,0.0372330365059943,0.922988264878458
"TATDN3",1.09280464623388,0.265345470678796,25.4578412346256,0.0155249195591782,0.884953897736798
"TAX1BP1",4.51208312765165,0.0952305066452018,12.0954066793615,0.0199234833692289,0.213222967309304
"TAX1BP3",0.96317788953147,0.179908483768834,28.5099613319115,0.0102588426323794,0.845766974015088
"TAZ",3.82198773702842,0.388674343899941,16.186498456565,0.0252915186242947,0.782376362112322
"TBC1D1",1.74583864919434,0.193755388046606,24.8823284716545,0.0128905178848549,0.754715004191115
"TBC1D10A",0.93745921762841,0.11038400767078,29.3338078356646,0.00761381900555746,0.759849119865884
"TBC1D10B",2.40794444864349,0.463392540746243,15.9496439739484,0.0299231712408379,0.890297569153395
"TBC1D12",0.203952394581813,0.108095318399257,35.1750050301909,0.00304608659678515,0.941533948030176
"TBC1D14",2.0537471876496,0.315285186170044,21.3590152846244,0.0197107381069511,0.833927074601844
"TBC1D15",2.35413493655238,0.243436703248717,22.1142206185392,0.0161202210182556,0.74685666387259
"TBC1D17",2.73882926792168,0.280286582518944,20.3122725399372,0.0183916867907447,0.748113998323554
"TBC1D20",2.64776708384059,0.286387928516534,20.5567932807955,0.0186022974541866,0.764773679798826
"TBC1D22A",4.43784108322014,0.41764535611052,14.497096712885,0.0273086740382744,0.772108130762783
"TBC1D23",3.18123704085524,0.332158709585633,18.4477731178384,0.0215534314797624,0.768860016764459
"TBC1D25",5.96922456122236,0.628593908396138,7.85438035108858,0.0430149424714874,0.859597652975692
"TBC1D2B",0.660837383222668,0.128426699542243,31.1293203593639,0.00675725119286838,0.845766974015088
"TBC1D4",0.209435709273313,0.011112070984929,33.4231826119774,0.00266930593188187,0.723805532271584
"TBC1D5",2.46281252387621,0.306540316054554,20.6397758216873,0.0195415545833355,0.797988264878458
"TBC1D7",2.12576524849131,0.284564880699011,22.0849677466539,0.0179486645543163,0.809094719195306
"TBC1D9B",3.01713973762804,0.283558486939895,19.6793157719074,0.0188140664090313,0.733549874266555
"TBCA",8.70716666057331,0.126394157883408,7.16209400512542,0.0222420859404023,0.142183570829841
"TBCB",4.02842034565169,0.118065553823059,15.997686486097,0.017195894846989,0.366617770326907
"TBCC",1.55633556601449,0.0927971956592081,24.3078667720226,0.0111605245246096,0.573554065381391
"TBCD",0.649605024435994,0.0865842217944316,31.3771108928768,0.0054924412105021,0.785414920368818
"TBK1",3.50387563185776,0.282616234463638,18.5647960936593,0.0192100946508252,0.698134953897737
"TBL1X",0.896467417064028,0.16247619885453,29.1237234680004,0.00923767303892642,0.837279966471081
"TBL1XR1",3.54431112951233,0.290287128563274,18.6553792216053,0.0195845407655981,0.712070410729254
"TBL2",2.00928316267622,0.381032459373968,19.4101596886013,0.0239654293394897,0.874056999161777
"TBL3",2.61902286548598,0.362447328645322,18.7705867350999,0.0230549966098761,0.825020955574183
"TBP",20.1085725404882,0.720775352467503,3.06440338468526,0.053013602867515,0.717728415758592
"TBPL1",4.18729006346831,0.234469159151149,17.1493312588633,0.0180574924815274,0.583403185247276
"TBRG1",7.11760340272884,0.221756548161959,9.9622325891498,0.0205678737055027,0.358340318524728
"TBRG4",4.46934263237731,0.347043174671878,15.9250730162695,0.0231190266108905,0.71280385582565
"TCAF1",0.475801660544738,0.155335306880544,31.692100979267,0.00727928874446328,0.906852472757754
"TCAIM",2.86095251974108,0.451048093752321,15.8030200072404,0.0291647182944858,0.865465213746857
"TCEA1",4.96140866728714,0.0953827534810503,11.8491778162537,0.0201318589026071,0.20882229673093
"TCEA2",0.901372125338441,0.307781496900765,24.4727944864779,0.0181135567643713,0.920787929589271
"TCEAL1",0.575058543492575,0.265173409542333,27.1212171340375,0.0147311774990119,0.93734283319363
"TCEAL3",0.450677311556215,0.133134699108017,32.5039973707464,0.00591610813749537,0.896898575020956
"TCEAL4",0.45793834728308,0.0754700221588647,33.3690849230961,0.0036080993076899,0.830574182732607
"TCEAL8",1.36409758757422,0.161258330301156,26.8945356504688,0.0106555167967611,0.765611902766136
"TCERG1",3.029866041013,0.177456599791391,20.532330467311,0.0149658055839855,0.59639564124057
"TCF12",3.5333121136681,0.235674883716796,18.9243942749405,0.0173253220381455,0.638097233864208
"TCF20",1.46145264213529,0.366383861969855,20.9459638407664,0.0226402783441597,0.900670578373847
"TCF25",4.59845457623792,0.113879656898282,12.8241026828387,0.0191210888723282,0.266345347862531
"TCF3",1.30812165378073,0.314128666373538,23.1936289668925,0.0189581519475075,0.890088013411568
"TCF4",0.11483791218602,0.00450557743860229,35.1941803888148,0.000819659448186058,0.770117351215423
"TCF7L2",0.122922468410008,0.0702671145821574,37.291402727299,8.57380112722211e-05,0.947925398155909
"TCHP",1.21955086823639,0.233985621325188,26.0695460651206,0.0138056823672831,0.854777870913663
"TCIRG1",1.45508859384275,0.106751602955459,25.6945605653567,0.010264847627495,0.639983235540654
"TCOF1",1.84359211560833,0.196563094571641,24.5468487086609,0.0131871312967315,0.748742665549036
"TCP1",2.01210511552689,0.0411850707926347,17.6655404181227,0.0171870309827532,0.277870913663034
"TCTA",3.6763584465258,0.542667446213163,11.9412802546241,0.0360394046777386,0.877829002514669
"TCTN1",0.522103779099351,0.190757575239501,30.2391437989722,0.00961539748239989,0.917539815590947
"TCTN3",0.536164840452464,0.0320016628273717,29.7671075534396,0.00630063642198604,0.6418692372171
"TDG",3.21017621113485,0.204904613590675,19.8091631503726,0.0159715604990294,0.617455993294216
"TDP2",3.14689191412924,0.251471730576883,19.8374316816486,0.0174691102140257,0.68964794635373
"TDRD3",0.631720079883519,0.185974866091513,29.8128531201634,0.00966989139713827,0.896479463537301
"TECPR1",1.23164731168426,0.374432362353602,21.0783830555241,0.0230637040255236,0.917854149203688
"TECR",2.49453439432781,0.0616981132063726,17.7502784878796,0.016598076836115,0.319153394803018
"TEFM",4.22520367975653,0.49502165430659,12.8773692725771,0.032594182342592,0.834765297569153
"TELO2",1.70119502681548,0.341599545987385,21.36297114199,0.0211169784959281,0.874895222129086
"TERF1",1.40960641204504,0.102888432682383,25.9632393030732,0.0100215884182581,0.641974015088013
"TERF2",1.90923594717521,0.506452746681622,14.8745942600244,0.0329769909783447,0.924559932942163
"TERF2IP",4.12294128806863,0.0876037438283234,12.9335667936551,0.0195519832308345,0.223700754400671
"TES",1.27359896590894,0.0530282533690084,24.5359531740836,0.0110279912550237,0.512678122380553
"TESK1",1.01111092297601,0.349309350337123,22.5215265081055,0.0211283087101723,0.924455155071249
"TET2",0.883525396070635,0.0967519972834554,29.6701405181462,0.00707592579210504,0.748113998323554
"TEX2",0.141050555117662,0.0577889875481802,37.3466428292689,0.000318164789460784,0.929274937133277
"TEX261",2.58726453710634,0.575914544751612,11.5582222210074,0.0383921412474781,0.922150041911148
"TEX264",3.66158861609601,0.21024096771208,18.805935158332,0.0166772825603989,0.595662196144174
"TEX30",1.36865461530795,0.152440337049899,27.0684619989766,0.0103075387715781,0.756915339480302
"TFAM",3.04256880503342,0.184610552955812,20.653520443891,0.0150793561915171,0.61127409891031
"TFB1M",2.50949364571365,0.350650676440236,19.4131816143201,0.0222493602650431,0.827011735121542
"TFB2M",2.05387346240726,0.275209860467042,22.4453585324689,0.0173484981684837,0.805951383067896
"TFCP2",4.27757661659229,0.616774062719174,9.05401932776634,0.0418417224289797,0.892393126571668
"TFDP1",1.36787665833451,0.180181093350091,26.7742419164549,0.0113493210205475,0.791911148365465
"TFDP2",1.04639532550447,0.144528794219189,28.6579781148891,0.00899112290146389,0.793901927912825
"TFE3",2.41538721391236,0.252154989168725,21.9614634591791,0.0165786037135978,0.75544844928751
"TFG",2.77583341580624,0.122099403371421,20.1307289724154,0.0144161908525405,0.495180217937972
"TFIP11",2.04547419938846,0.210884272391,23.3070978458888,0.0142814862102291,0.7331307627829
"TFPI",0.0505548201618151,0.0096261617579545,39.5522816599659,0.00357028930703528,0.921207041072925
"TFPT",2.2343327144309,0.228496111373642,22.7302559351853,0.0152606125752117,0.742665549036044
"TFRC",0.715227663746408,0.0546408827373544,29.6559112157562,0.00650507989273754,0.677284157585918
"TGDS",1.98239906772294,0.344481852402008,20.6294614634735,0.0215069787434059,0.856139983235541
"TGFBI",0.121664122577157,0.0133509833814976,37.1139819488397,0.00102884495728764,0.847862531433361
"TGFBR1",0.315282652340947,0.0782747191119442,34.8032333926159,0.0024510495686787,0.881077116512992
"TGFBR2",0.909220643426716,0.050651866248938,27.0015377433396,0.00883571400613881,0.586022632020117
"TGFBRAP1",0.798961706777355,0.334698162251742,23.6217527384129,0.0199133966023033,0.93650461022632
"TGIF1",1.2433815111848,0.0286152889820434,20.2049534559081,0.0152799661325898,0.33151718357083
"TGIF2",1.27668279415584,0.168256352584799,27.0429714742478,0.0107455775425208,0.781433361274099
"TGOLN2",4.50148654085838,0.194474249507808,15.7699132686192,0.017713391165378,0.481768650461023
"TGS1",2.15848530693345,0.173298511239775,23.4071867132165,0.0131497194144952,0.677074601844091
"THADA",0.440926841180866,0.0701895477475582,33.3107407880263,0.00353065772800223,0.819991617770327
"THAP1",2.42215128414355,0.20754464205931,22.469941262538,0.0146957873308035,0.702116512992456
"THAP11",1.83058004132507,0.22182027202488,24.2066124891133,0.0142687410097806,0.777766135792121
"THAP2",0.369356718827029,0.0313821705342138,32.589138571077,0.00361619333976437,0.731663872590109
"THAP3",4.24849656639091,0.439844699243181,14.2334383892948,0.0287201693949871,0.79662615255658
"THAP4",3.48496263339266,0.244509808636058,18.8025423242365,0.0176254452373334,0.647946353730092
"THAP5",1.65493061777472,0.29691268082627,22.8548418981365,0.0181991555306128,0.852472757753562
"THAP6",6.07907455719617,0.614996805292916,8.19433818896421,0.0419529863482252,0.850377200335289
"THAP7",3.14037070371729,0.27911569234073,19.4607894869385,0.0187124541141488,0.720138306789606
"THAP9-AS1",0.696569168527024,0.12586757816137,30.998643403598,0.00678430584866405,0.837489522212909
"THBS1",0.077287147677311,0.00340958580991993,36.8670501392045,0.000917496471293557,0.822925398155909
"THEM4",0.708030570767515,0.0771097144150081,30.8835871847167,0.0057373708923413,0.754086336965633
"THEM6",0.618979845858303,0.272570805263485,26.6884405497303,0.0153119216284719,0.93535205364627
"THG1L",4.29097898720757,0.44237553694562,14.2896855723791,0.0289566135959369,0.801445934618609
"THOC1",1.99191683216398,0.301044530600496,21.8647263999447,0.0187913379826177,0.827849958088852
"THOC2",3.3085956549791,0.181238675659105,19.3156949699739,0.0156676282681545,0.56580050293378
"THOC3",1.84826454330903,0.100684478698045,23.8071747925533,0.0116671201934078,0.571668063704945
"THOC5",6.84197882577858,0.621779269433596,7.66624665385802,0.0426055737944974,0.838118189438391
"THOC6",2.46015536449963,0.224798973808049,22.4559247329583,0.0153474094796212,0.728310980720872
"THOC7",4.40284284504378,0.181545912294003,16.7641723516978,0.0171563610739009,0.491198658843252
"THOP1",2.72714121971819,0.366554451294347,18.674048901269,0.0233979985994549,0.827640402347024
"THRAP3",4.43048194632626,0.111585228582953,13.5233906337438,0.0187416158976158,0.28290025146689
"THUMPD1",2.98503036853466,0.213115633194964,20.4066560384761,0.0158845985572207,0.648155909471919
"THUMPD2",0.982147300873843,0.251333221092826,26.2851690937718,0.0144649780123551,0.888935456831517
"THUMPD3",2.20871313178519,0.322619813839618,20.8663498285464,0.0202884025413748,0.829631181894384
"THUMPD3-AS1",1.50099703076568,0.0974783861535407,25.2750474039238,0.0104894788330985,0.611588432523051
"THYN1",4.20356695956487,0.217647539345329,17.2011712657405,0.0176044137048598,0.559409052808047
"TIA1",3.22062330609301,0.159317393480697,19.0947820913382,0.0153905990136324,0.524413243922883
"TIAL1",9.64402427944469,0.26142691888606,7.27942195906232,0.0223331683719869,0.344090528080469
"TICAM1",1.36619047364949,0.115264985172886,26.7908868737023,0.00962417358866532,0.688181056160939
"TIFA",0.579244494566679,0.0291395267307261,28.8288906792145,0.0071981402374891,0.606768650461023
"TIMM10",1.88087496359297,0.092124434012675,23.3436597700504,0.0119772405613473,0.543063704945515
"TIMM10B",1.11131781734493,0.342004186105617,22.5982267585204,0.0206918416324084,0.915234702430847
"TIMM13",2.8497638702117,0.0936684276818194,18.8706912379861,0.0153350170648138,0.409786253143336
"TIMM17A",5.80232197931874,0.186679824003517,13.6521931063875,0.0188383442630185,0.40989103101425
"TIMM17B",7.53607899459243,0.294271051880786,11.4502304728019,0.0222559481912196,0.505029337803856
"TIMM21",2.75005050070582,0.333006822699485,19.559413363016,0.021321481004552,0.804274937133277
"TIMM22",19.7948714553619,0.730772360576057,3.31950793498885,0.0542027052831217,0.735435875943001
"TIMM23",5.06158078644114,0.279539107487707,15.6949608199483,0.0202844756959537,0.607187761944677
"TIMM44",2.20772813458925,0.278463144690285,22.0305007789097,0.0176930287896643,0.797988264878458
"TIMM50",5.0779102358492,0.333608702983111,15.2314830910189,0.0227255887673167,0.671835708298407
"TIMM8A",1.13706617976814,0.239513791840917,26.172450543808,0.0139906206663493,0.866722548197821
"TIMM8B",3.04484906605272,0.144831739430167,20.1953041783197,0.0146367201109229,0.534471919530595
"TIMM9",2.65917787572362,0.240264378276961,21.4955139201767,0.016342537164728,0.722862531433361
"TIMMDC1",3.3715355664969,0.20515398608868,19.5380142425475,0.0161573675985733,0.609702430846605
"TIMP1",0.163796633596793,0.00155911712383978,29.4145715988381,0.00676549852442637,0.576068734283319
"TIMP2",0.0730193834958939,0.0114246104313875,38.7161752465167,0.0026840421969497,0.896898575020956
"TINF2",3.72266906637248,0.238900424618134,18.2266979161156,0.0176976647029459,0.622170997485331
"TIPARP",0.766198031269575,0.0594899003248485,29.5347488804818,0.00665854979685503,0.681684828164292
"TIPIN",0.987447479355484,0.233632759687777,26.9670293707549,0.0133384343628615,0.882334450963956
"TIPRL",5.46582031488336,0.243646550312378,14.5687122306399,0.0194711395614877,0.521584241408215
"TJAP1",15.4687401831856,0.770711706030391,3.62368977468355,0.0576795548915237,0.821144174350377
"TJP1",0.10809936723742,0.0589152476427712,37.8411684537753,0.000731252849742473,0.9470871751886
"TK1",0.134881091087997,0.0147750208614717,37.0015108306884,0.000890191287692979,0.846605196982397
"TKFC",1.56076092490087,0.360208859972328,21.0302990618076,0.0222804357152898,0.893440905280805
"TKT",2.8932158332121,0.080970716137188,18.1283241473727,0.0160177858800077,0.365779547359598
"TLE1",0.158760578727851,0.0691613268789285,36.8563191546574,0.00043388752933339,0.932103939647946
"TLE3",1.24509683674466,0.121616513285083,27.3327190544602,0.00932561097847395,0.715423302598491
"TLE4",0.63952358575324,0.119895344792197,31.4032935615455,0.00630273856231139,0.840632858340319
"TLK1",1.34080341453173,0.0655012775835871,24.2607348970961,0.0111642532426774,0.52546102263202
"TLK2",6.34693150713535,0.662318703605745,6.82757139770352,0.0458810524511935,0.871227996647108
"TLN1",4.21521009095293,0.180542682802936,16.8090451227301,0.0170401137159448,0.490674769488684
"TM2D1",4.61835132982037,0.319556245500162,16.0436174483417,0.0217685241200916,0.676236378876781
"TM2D2",2.15788311454991,0.192188412152697,23.4004052441057,0.013691104205997,0.706621961441743
"TM2D3",3.17791481990987,0.179063925710182,19.4500070293209,0.0155067776758369,0.566324392288349
"TM7SF2",0.645228164877573,0.280320228543115,26.2697486843016,0.0158945321940141,0.934409052808047
"TM7SF3",1.74540891726269,0.24283588718127,24.1531257540027,0.0151585408229679,0.808780385582565
"TM9SF2",2.59745329237739,0.109902225576371,19.8620867273631,0.0145074273115088,0.466366303436714
"TM9SF3",3.59724416124493,0.290906788538884,18.2918480077222,0.0196766193449315,0.70222129086337
"TM9SF4",7.76181088436673,0.571356888230929,8.16221611349495,0.0386338473391449,0.780699916177703
"TMA16",1.6627172497963,0.26926317804889,23.7066030303327,0.0165279963100294,0.836022632020117
"TMA7",6.00337364668434,0.0335683335246247,8.47920823596216,0.0247475109768894,0.0126781223805532
"TMBIM1",1.67421493492113,0.0807355551321067,23.4328737150735,0.0118449783209767,0.526194467728416
"TMBIM4",2.66171618357696,0.43956606804126,16.4077843195605,0.0282832058646968,0.867770326906957
"TMBIM6",5.79823457666573,0.0426163355057244,8.37590419978321,0.0243828577392321,0.0227367979882649
"TMC6",1.04503624957725,0.0794474025663012,27.8264230691304,0.00828926483543632,0.661253143336127
"TMCC1",1.29044177949313,0.446097917326055,18.0619699705899,0.0282976322467362,0.934409052808047
"TMCO1",5.44506098991133,0.166300081043218,13.0006127912361,0.0188329842844843,0.358445096395641
"TMCO3",1.49369196534525,0.188346368935593,26.0685408775716,0.0120396578293204,0.78290025146689
"TMCO6",4.10795611758939,0.664270818642024,7.55538242681701,0.0456678203422033,0.915758591785415
"TMED1",1.24414098987167,0.220309450812718,26.3552957292421,0.0130783335035659,0.842204526404023
"TMED10",2.90669386055427,0.0728103851486473,16.694576993029,0.0171872032488282,0.307523051131601
"TMED2",4.59052020444351,0.0769995301634714,11.5877642807119,0.0207823414832699,0.168063704945516
"TMED3",2.69362715830135,0.162166271156712,21.676413106559,0.0139931377176095,0.606768650461023
"TMED4",5.49914159832492,0.26020746795138,14.2389026697448,0.019999255035525,0.536462699077955
"TMED5",3.53228467835233,0.120749338209328,16.7117013708129,0.0166232017568626,0.390716680637049
"TMED7",1.53752126582404,0.362009717471193,20.9457394402665,0.0223851073775689,0.893755238893546
"TMED8",0.609145512029142,0.0894092466865891,31.8606857194553,0.0051668490388054,0.805427493713328
"TMED9",3.36202142803059,0.0860127904501725,15.2256947999818,0.017981417043797,0.286881810561609
"TMEM101",9.94243531091299,0.614213009008826,6.35398816369248,0.0422882397239414,0.768755238893546
"TMEM106B",1.66013872049547,0.224206691055957,24.6317298071037,0.0141153182528516,0.794740150880134
"TMEM106C",0.431216580546066,0.0294148277320846,31.8694490282528,0.00431074870791515,0.705155071248952
"TMEM107",1.18516321798382,0.260416742757958,25.421672593741,0.0153307845494096,0.875943000838223
"TMEM109",1.98714883636744,0.0889426711326853,22.5320243102227,0.0125875120528514,0.512678122380553
"TMEM11",11.2468123079445,0.502003415899299,6.70089655946016,0.0338646911399526,0.635687342833194
"TMEM115",3.31285450680007,0.262231026812718,19.2564126635014,0.0181143995103316,0.688390611902766
"TMEM116",1.13291386913097,0.380668352442151,21.0644599934106,0.0234556115687143,0.927284157585918
"TMEM120A",0.888365343542759,0.125040942785937,29.6352565384331,0.00774481598443411,0.793168482816429
"TMEM120B",1.72116633114037,0.454591068604125,17.1528578487598,0.029075335212003,0.917225481978206
"TMEM123",1.84556778525204,0.0350113497710212,17.0222977026171,0.0179358576954624,0.245389773679799
"TMEM126A",5.74729303448394,0.364199107903279,13.8513106524085,0.0246213176792329,0.673721709974853
"TMEM126B",4.3789738957752,0.2611961253504,16.8201825975255,0.0190899766219346,0.613683989941324
"TMEM127",7.02489684374728,0.621382798025326,7.54740787650031,0.0425621391386575,0.832879295892707
"TMEM128",5.02758485237081,0.544684911360107,10.7096203193315,0.0363312865260566,0.83581307627829
"TMEM129",3.76986322016251,0.685264005840361,6.85497617519167,0.0472652646743251,0.9279128248114
"TMEM131",1.64241704613221,0.249978500830411,24.1719249300535,0.0154225156826094,0.820620284995809
"TMEM134",2.46739901040561,0.207072486834418,22.2217691691835,0.0147922279051208,0.693839061190277
"TMEM135",4.93880552417322,0.647624055963394,7.74377549173628,0.0444138548251627,0.890821458507963
"TMEM138",2.54075021917975,0.233378838073657,21.7248348990616,0.0159323654776357,0.71940486169321
"TMEM140",0.49038604967433,0.0514884051114286,32.1185236152815,0.00426392322430959,0.750628667225482
"TMEM141",3.81896999391717,0.334810016248375,17.473051527536,0.0221065811661257,0.742036881810562
"TMEM147",3.18821423409701,0.152016300043166,19.3725579247188,0.0151715821244697,0.52116512992456
"TMEM14A",1.84707965122365,0.168455180846915,25.1037647316373,0.0120555753855481,0.721500419111484
"TMEM14B",3.84147176813441,0.135316059860925,17.4360925143449,0.0163095640821736,0.437342833193629
"TMEM14C",1.76690969538063,0.0711933386915056,23.3469335720663,0.0119999700635332,0.507753562447611
"TMEM150A",0.468609998237255,0.187432474557781,30.5748980506325,0.00926283338065478,0.922883487007544
"TMEM160",2.90299532060293,0.127463210190984,19.9621344558939,0.014580118212249,0.499056999161777
"TMEM161A",3.13793902255235,0.527806656297021,12.8739272723897,0.0348148793606304,0.887887678122381
"TMEM161B",1.89649354593317,0.467854444798938,16.3902900334552,0.0300962254835047,0.91303436714166
"TMEM161B-AS1",0.792549090710329,0.292061007563274,25.370577904138,0.0169019985879627,0.924455155071249
"TMEM165",4.48229206356612,0.137357564882706,14.9552486572183,0.017745829610643,0.367875104777871
"TMEM167A",3.37842137555175,0.101811792303499,16.9762425478202,0.0166016418344072,0.367141659681475
"TMEM167B",10.3283598030315,0.567014420674918,6.63135211916823,0.0384600019046483,0.71709974853311
"TMEM168",1.11506196327109,0.308198470504014,23.8682923998629,0.0183698924777775,0.902242246437552
"TMEM170A",3.01092767018112,0.251987429061754,20.0535683686998,0.0173595553183509,0.6970871751886
"TMEM175",1.7475324576763,0.357057834307841,20.6678637026881,0.0221815513895923,0.877095557418273
"TMEM179B",5.18337387376454,0.185649659764513,14.0109308387009,0.0184691322853632,0.417435037720034
"TMEM18",2.33972555152885,0.203567157558127,22.9831527639105,0.0143334191597747,0.711546521374686
"TMEM181",1.45694460642857,0.280499253878688,23.8896954885457,0.0169592018180684,0.859388097233864
"TMEM183A",8.73853842458676,0.30687270835225,9.56005938323485,0.0231713706705196,0.469195305951383
"TMEM184B",1.71818172749915,0.241573166734971,24.1106768172338,0.0150893135142025,0.805637049455155
"TMEM184C",1.79228056862589,0.294062322936758,22.5609953296981,0.0181702577144684,0.838851634534786
"TMEM185A",1.73976530029037,0.279093378348534,23.0808743657738,0.0172229262764916,0.831936295054485
"TMEM185B",1.9475123758793,0.393991206816252,19.0645203744959,0.0248256408494188,0.883277451802179
"TMEM186",7.15957601517119,0.762751432672695,3.92205191965679,0.0547803545746636,0.909471919530595
"TMEM187",1.8315309744802,0.5454784552307,13.361041344156,0.0359183222213656,0.93734283319363
"TMEM189",3.055316520244,0.473542895768376,14.8349442385208,0.0308246781570834,0.868294216261526
"TMEM19",0.879904742234474,0.143951648032662,29.5919809019105,0.00832976258550672,0.822296730930428
"TMEM192",0.81447128333683,0.239108393853092,27.304092504105,0.0133882407542151,0.901718357082984
"TMEM199",5.92144204212295,0.396926998442553,12.8149337795241,0.0264427360408138,0.689333612740989
"TMEM203",2.09420973873138,0.431247586390733,17.5447443985252,0.0275182580405293,0.892288348700754
"TMEM205",1.44895438850138,0.155478742011698,26.4395130873467,0.0107726846335158,0.742246437552389
"TMEM206",1.53038139074946,0.266135443453351,24.0586635993468,0.0161929043766246,0.842309304274937
"TMEM208",3.17103229499425,0.133474206999051,18.7961320636698,0.0153383895292334,0.473805532271584
"TMEM209",2.08900534980791,0.427234031773672,17.6638756804889,0.0272220849203317,0.889983235540654
"TMEM214",2.46410428273772,0.304379577525155,20.5998887009996,0.0194241257003986,0.793587594300084
"TMEM216",3.06955947244489,0.297806085676536,19.3042988784948,0.0195876799202263,0.743608549874267
"TMEM218",2.36841360784276,0.406242074055831,18.008766406508,0.0258703404849368,0.867875104777871
"TMEM219",5.12776930694086,0.1990456610682,15.0508914069765,0.0182828019442761,0.468461860854987
"TMEM222",3.70573495350627,0.353350429793238,17.1058509258593,0.0230886932425173,0.758696563285834
"TMEM223",2.39527769361134,0.296890288076913,21.0058114581013,0.0189305669978127,0.79463537300922
"TMEM230",5.65275178924606,0.186409096422219,13.5746709384179,0.0188003603572844,0.406852472757754
"TMEM234",2.91706141676245,0.512680236495271,13.5828477751233,0.0336325261907838,0.888621123218776
"TMEM237",0.834020377571097,0.27983193312606,25.8111893422575,0.0161024195251084,0.918901927912825
"TMEM242",3.23838718911387,0.340563691933521,18.3905615742565,0.0220866382020563,0.779233025984912
"TMEM243",1.77157979769945,0.0672087875666858,21.4381154465079,0.0134897304950558,0.44080050293378
"TMEM245",1.20839644641164,0.10220904611355,27.2378221160445,0.00904171597335576,0.680637049455155
"TMEM248",3.41209932718384,0.143316063405371,17.8865830614979,0.015927629157555,0.462594300083822
"TMEM251",1.8319387577517,0.44798041349844,17.2527596691429,0.0286254202211469,0.909786253143336
"TMEM254",2.00469253141765,0.466454148338893,16.3276531667319,0.030030351556397,0.908424140821459
"TMEM256",3.6271109264909,0.151550978467478,18.7358673884237,0.015668577893731,0.50199077954736
"TMEM258",5.42469644892765,0.0666826673638786,9.71935921615196,0.0224101268523575,0.100377200335289
"TMEM259",3.77770919906211,0.298720802800509,17.7183502367902,0.0201991127031393,0.696563285834032
"TMEM260",1.07159841832192,0.245842929105744,26.1434249216079,0.0142767965162112,0.875838222967309
"TMEM263",2.10558567810463,0.175729295438363,23.6785748146094,0.0130626224988079,0.689228834870075
"TMEM30A",3.72677713925071,0.19423955261743,18.0459301754232,0.0165889528537726,0.548302598491199
"TMEM33",3.92112009249699,0.277643846380037,17.7026398299562,0.0193467816549116,0.664606035205365
"TMEM38B",0.878715332366115,0.163739563007015,29.2434859282073,0.00921086570879452,0.843042749371333
"TMEM39A",1.27267208245356,0.119317204450633,27.1607371701768,0.0094053643455773,0.706307627829002
"TMEM39B",3.73583969210874,0.473336229461824,14.1106986532055,0.0309814886989999,0.842833193629505
"TMEM41A",1.23333260784814,0.218684773829424,26.3443638752547,0.0129982469540043,0.839375523889355
"TMEM41B",2.64083075835102,0.339455608286794,19.4334964471744,0.0216354869409931,0.810561609388097
"TMEM42",2.95312163910984,0.558097024045069,11.960614698369,0.0370851207914411,0.90559513830679
"TMEM43",1.84109713971349,0.102788879042342,23.0894298209015,0.0121416994716278,0.552703269069572
"TMEM45A",0.0523387184821687,0.0147137400829174,39.7034778627921,0.00361598888361085,0.934618608549874
"TMEM50A",5.30850979949134,0.0640665618798307,9.26907235110481,0.0228114332337379,0.0814124056999162
"TMEM50B",2.30024500480622,0.158979466139404,22.5919403235605,0.0132839242296327,0.629400670578374
"TMEM59",3.65181040362346,0.0510044062079691,11.2190979874648,0.0220161329252753,0.105301760268231
"TMEM60",3.00024370716959,0.276257336010946,19.8816096252647,0.0184336057224586,0.728625314333613
"TMEM62",1.4429557719835,0.41326747360862,19.1676447889534,0.0259569238470813,0.917644593461861
"TMEM63A",0.829425461893793,0.334365313039358,23.5459677145409,0.0199167672728606,0.933570829840738
"TMEM63B",1.85404435781241,0.384543802301959,19.533246433531,0.0241211661260845,0.883696563285834
"TMEM64",0.792572968684087,0.233055047547984,27.5707003715577,0.0129666548954274,0.900565800502934
"TMEM68",5.58439686330156,0.594637698030767,9.06092941510203,0.0403087656691525,0.851844090528081
"TMEM69",3.28121351542425,0.423870105723815,16.1180067733882,0.02741517849279,0.833298407376362
"TMEM70",2.31429520206746,0.108219204288998,21.33972730355,0.0134812265332034,0.508487007544007
"TMEM80",1.43958863718183,0.276584869279035,24.0857292442385,0.0166921029044545,0.859388097233864
"TMEM87A",4.31793394069002,0.249108661319974,16.9549324146502,0.0186203743524975,0.599643755238894
"TMEM87B",2.10486989098692,0.248470519313774,22.7284085355391,0.0160246931596174,0.773575020955574
"TMEM8A",2.31805048755951,0.611007096259788,10.336275613139,0.0410729489016119,0.938914501257334
"TMEM9",0.690344381476218,0.127452851053679,31.0403723055414,0.00680350637696077,0.841366303436714
"TMEM97",0.47632415561798,0.116895521782154,32.819284457716,0.00516419649865946,0.880658005029338
"TMEM99",1.68608866382309,0.381944811719589,20.0385521243404,0.0238653151735423,0.895641240569992
"TMEM9B",7.01100925455499,0.285608745863875,11.4591189093275,0.0217156818244452,0.493294216261526
"TMF1",3.56702373139534,0.162284949224823,17.9486840955662,0.0160873972499064,0.495075440067058
"TMLHE",1.75480092771356,0.506080080055159,15.0432480366129,0.0329103138924108,0.930113160100587
"TMOD3",5.01147909392251,0.168608830229293,14.1903462415957,0.0182399524491434,0.395955574182733
"TMPO",0.735885689767381,0.0281107148737253,26.4413720700985,0.0094744752909584,0.528499580888516
"TMSB10",2.72623260383587,0.00255689453915394,10.9184794180118,0.0250500155510106,0.00115255658005029
"TMSB4X",3.01301233381096,0.00136447088947839,11.2927888320448,0.0247238704387191,0.0139354568315172
"TMTC4",0.897524959350263,0.364963662388806,22.1415381677746,0.0221692941778236,0.937238055322716
"TMUB1",4.35111277715541,0.15915613006697,16.1827693947408,0.0171529478152376,0.438809723386421
"TMUB2",5.72235943466094,0.392437490575582,12.9846441108108,0.0260881238156159,0.688704945515507
"TMX1",5.26199678786231,0.200760859758826,14.4917636027892,0.0185255440629761,0.454840737636211
"TMX2",5.60932307328572,0.362180035374096,13.7706888460994,0.0244131169828462,0.669111483654652
"TMX3",2.64796031694979,0.209809830596469,21.3776309963275,0.0152713479483105,0.672464375523889
"TMX4",1.21167278971399,0.074014000581318,26.2314280902338,0.00955873898568051,0.601948868398994
"TNFAIP1",0.88816902000632,0.160555459833466,29.2485958842854,0.00909703237814852,0.838118189438391
"TNFAIP3",0.739212360290641,0.00812240726799131,19.1164289350185,0.0170391355338135,0.255867560771165
"TNFAIP8",0.82463179823144,0.0184895193554016,22.9669499874975,0.012953585460921,0.399832355406538
"TNFAIP8L1",0.563710046071353,0.183221706564946,30.2812325145089,0.00927690077220326,0.906852472757754
"TNFRSF10B",0.488883488397861,0.088157791900655,33.0312530167209,0.00418651627924218,0.840632858340319
"TNFRSF12A",0.0789912668712445,0.00431061127623307,37.1243879522965,0.00117081400485426,0.832879295892707
"TNFRSF14",1.32076371924327,0.0537936009598349,23.5245817061271,0.0118672490868416,0.48197820620285
"TNFRSF1A",0.938813665248342,0.0508829953513505,27.3594715964112,0.00854736134482498,0.597967309304275
"TNFRSF21",0.0730087412897394,0.0144796682374338,38.9256486534691,0.00283673533558659,0.908843252305113
"TNFSF10",0.482504087417064,0.0265318950848666,29.9688989116825,0.00610922402044866,0.638830678960604
"TNFSF13B",0.0848958119335474,0.0049334310673946,36.9702095118479,0.00100381502916835,0.828897736797988
"TNIK",0.491919023607697,0.0290742219526879,30.1308111421022,0.00595331268410888,0.648470243084661
"TNIP1",1.89328702298207,0.0342809420162627,16.666310942343,0.0182749813991935,0.2331307627829
"TNIP2",1.49338810671454,0.0627074568130376,23.0870458581713,0.0121713130709226,0.484073763621123
"TNK2",1.24563728144663,0.351698215302324,21.9233396399054,0.0214706655108127,0.908948030176027
"TNKS",2.37136297421938,0.320305499002055,20.4800002485628,0.020278545609094,0.814124056999162
"TNKS1BP1",0.173125622369911,0.0775653042236317,36.4685556385508,0.0010148499042547,0.93336127409891
"TNKS2",1.95868364142796,0.147761452557807,23.8276564536286,0.0122566618443394,0.649203688181056
"TNPO1",3.24992110282174,0.210386842378336,19.6699808661055,0.0161869353147282,0.621751886001676
"TNPO2",1.76374510417076,0.4215620038945,18.3723024196467,0.0266949949311513,0.904442581726739
"TNPO3",2.49819130793907,0.214459308783779,22.0967089667139,0.0151015119744979,0.701487845766974
"TNRC18",1.90310581389603,0.361312375940874,20.2364370950505,0.0225673849119706,0.86986588432523
"TNRC6A",2.194355392395,0.236815780721537,22.7199637555052,0.0155781658557312,0.755238893545683
"TNRC6B",1.94018693962315,0.104921586369556,22.8306393654287,0.0123620537199766,0.548407376362112
"TNRC6C",0.72645771888035,0.180881755321353,29.5392606904541,0.00964385310782904,0.879715004191115
"TNS3",0.156229019321452,0.0641017148123457,37.0028933683442,0.000162083621728412,0.928541492036882
"TOB1",0.973695818944738,0.0535908583567292,26.9628867675306,0.00888575629022196,0.590004191114837
"TOB2",2.27001981046064,0.180839846483712,22.9456732124997,0.0136140590124023,0.674874266554904
"TOE1",1.47520933057525,0.298788560963198,23.2888222784425,0.0181256550064254,0.869027661357921
"TOLLIP",5.31032675687036,0.335743873758683,14.230830615448,0.0229012311643916,0.645746018440905
"TOM1",0.917884467000451,0.0826025448915689,28.8165558261816,0.00750516845324677,0.697715842414082
"TOM1L2",2.6870291663396,0.548908432068696,12.4913390867205,0.0363270583083809,0.910100586756077
"TOMM20",8.10404140092191,0.132750465715445,7.81862397917563,0.0217724667085903,0.167225481978206
"TOMM22",6.18560190537359,0.153310418798533,11.9032255506688,0.0195126791612283,0.308675607711651
"TOMM34",0.863534973276096,0.0795000526877194,29.5485965438608,0.0068864940838887,0.715737636211232
"TOMM40L",9.99653917281786,0.890049021007757,1.09513606757547,0.0681056359910807,0.948030176026823
"TOMM5",3.28476083417,0.0754637247117796,15.346871233614,0.0181397265817341,0.272422464375524
"TOMM7",6.61346117169684,0.0460599105347163,8.05693947367419,0.0243710678989079,0.0262992455993294
"TOP1",2.24185050090387,0.0488283964230608,16.9952654911283,0.0175151413290862,0.271584241408215
"TOP1MT",1.44630628809072,0.378936535533767,20.5117034989473,0.0235110234903498,0.906538139145013
"TOP2B",3.28590076801978,0.290335137350063,19.0617034567933,0.0193818150245578,0.724748533109807
"TOP3A",1.65764383977427,0.336871320642502,21.6148317438811,0.0207699575363867,0.875523889354568
"TOPBP1",1.62337536759462,0.171175935831139,25.7967379033515,0.0116669509718163,0.747275775356245
"TOPORS",1.97281261002313,0.160186078531181,24.0660997578208,0.0124092163267073,0.676445934618609
"TOR1A",3.90950975188132,0.243273497310131,17.9512790249284,0.0180080125679365,0.620494551550713
"TOR1AIP1",2.17598306055616,0.148855035507675,22.826209310739,0.0129150016023693,0.620284995808885
"TOR1AIP2",1.27387788369684,0.10780915114066,27.1026906506651,0.00925029068637106,0.685666387259011
"TOR1B",12.1470765929532,0.701549760662957,4.38248128654121,0.0500590070923305,0.799455155071249
"TOR2A",1.66776811000281,0.253663677916466,24.1611440700989,0.0156283605692548,0.825859178541492
"TOR3A",1.03209328115632,0.0685306423964896,27.4398824897808,0.00852228765010742,0.630658005029338
"TOX4",7.08222747983866,0.276943704747182,11.4290954915085,0.0214904677809571,0.480092204526404
"TP53",1.85561235144221,0.278306241860904,22.9634442224368,0.017285783078145,0.826802179379715
"TP53BP1",1.59246674054846,0.178848534703109,25.4174273213818,0.0120584349650383,0.747799664710813
"TP53BP2",1.44436999256853,0.198791040294749,26.0434063902903,0.0124129702505803,0.79861693210394
"TP53I13",2.86589852866172,0.265678494276062,20.5567612647023,0.0177590699988636,0.733025984911987
"TP53I3",0.328229051063314,0.15595726639319,32.5422845590837,0.0067220319499782,0.934828164291702
"TP53INP1",0.371297040145721,0.0910067765866096,34.0047776537003,0.00345374205457598,0.876362112321878
"TP53INP2",0.440609963766975,0.157429445502326,31.8005921834633,0.00727997551042685,0.913663034367142
"TP53RK",3.61965842201653,0.316043412635271,17.8070435430907,0.0209582391698019,0.725062866722548
"TP53TG1",1.91311719755885,0.311272008798333,21.8668212732308,0.0193354016813196,0.843566638725901
"TPCN1",0.299194433720096,0.169975078009915,32.1537817043868,0.00753989367610064,0.944991617770327
"TPCN2",0.583373044291178,0.231869130382616,28.4129799003021,0.0124670937123667,0.925293378038558
"TPD52",0.509827364166742,0.084645000519742,32.8109332850355,0.00428150915333875,0.827849958088852
"TPD52L2",3.40912180306234,0.169815705476467,18.9794461988826,0.0156664802656204,0.537824811399832
"TPGS2",2.23120058896249,0.136737906425486,23.1990583157925,0.0125626933001059,0.612321877619447
"TPI1",2.25682951828555,0.0116900924455387,11.687332510033,0.0238393752294851,0.037300922045264
"TPK1",0.917560271430132,0.35869883842254,22.3762480846439,0.0217317154131978,0.934723386420788
"TPM1",0.0724764579246149,0.00443928313128344,37.5725962706482,0.00163086111139107,0.847757753562448
"TPM3",4.21413074758241,0.0357558237252633,10.4355603725894,0.0233235328255562,0.0596186085498743
"TPM4",0.995721526311201,0.0123157446308356,18.6984323576174,0.0172754767243957,0.25199077954736
"TPMT",0.805360554022033,0.156801544867198,29.8367178873452,0.0085894640389123,0.850586756077117
"TPP1",1.38295927594107,0.0708417455604581,24.727593154015,0.0107913883271735,0.549455155071249
"TPP2",2.52858953341533,0.229616054386301,21.7840779535741,0.0157634672022859,0.715423302598491
"TPR",2.27983220479977,0.0652173609052545,18.249018067362,0.0160889252573864,0.339585079631182
"TPRA1",1.34051335869019,0.106496422581905,26.5281331188496,0.00964935460382765,0.665549036043588
"TPRG1L",1.25621315105004,0.346432083561805,22.0985250163638,0.0211122827101481,0.906223805532272
"TPRKB",4.29858480004007,0.261616518327861,17.4230717450767,0.0189750191206937,0.632020117351215
"TPST2",0.767321373191245,0.0923656368332907,30.4720970678557,0.00634616804858397,0.766240569991618
"TPT1",7.55326195535634,0.00585285415351858,9.06747852272724,0.0255764584857102,0
"TRA2A",3.32593180275947,0.124660695060283,17.5606876614558,0.0160651978145593,0.422254819782062
"TRA2B",4.30809908032889,0.0852148876377592,13.0283057543648,0.0195839989901175,0.223805532271584
"TRABD",2.8910673570811,0.0953411222146268,18.1184955797569,0.0158157715141147,0.389459346186086
"TRADD",1.81043198202732,0.150267214510375,24.6400003900337,0.01179900057879,0.678227158424141
"TRAF2",2.0414156607956,0.19840499401896,23.6793225557254,0.0137108337231345,0.724958088851634
"TRAF3",1.33283918802473,0.0941109131236301,26.2324151284239,0.00971557999552747,0.635792120704107
"TRAF3IP2",0.347544955657758,0.12341935201802,33.5345806326811,0.00482736005300055,0.913977367979883
"TRAF4",0.461286953878116,0.0191747011611693,29.0125290993975,0.00705887808122395,0.595033528918692
"TRAF5",0.548489383493977,0.0857836611780289,32.3509453648191,0.00468001613828765,0.815067057837385
"TRAF7",8.85735546603174,0.425428889399775,9.74842715750549,0.0289471448784825,0.631496227996647
"TRAFD1",0.604310514670455,0.070965500711334,31.4885253877838,0.00510413696073358,0.763097233864208
"TRAK1",0.7908188299775,0.249723934384576,27.0071290698317,0.0140356151703234,0.909157585917854
"TRAK2",1.63861821766227,0.2617982706274,23.8454741325495,0.0160894079318811,0.828897736797988
"TRAM1",2.62819754546303,0.0617674694052745,15.9307811796895,0.0179933934302542,0.263097233864208
"TRAP1",1.19999758520535,0.125810939483175,28.1133797290944,0.00891038151412089,0.746647108130763
"TRAPPC1",3.5648867340152,0.0752577924865204,14.9396774707419,0.0184740297293575,0.261211232187762
"TRAPPC12",3.76126167404248,0.55536499621885,11.4282294622737,0.0370003902208856,0.88013411567477
"TRAPPC13",3.21234938669658,0.479165096874922,14.4293105690485,0.0312489246757759,0.863579212070411
"TRAPPC2",1.73794742401263,0.355592322167602,20.7255292180392,0.022075924632449,0.876676445934619
"TRAPPC2L",3.36389992708955,0.19541930512094,19.8203173178149,0.0158162167067113,0.603101424979044
"TRAPPC3",10.2619026289113,0.299327828981356,7.41660381041598,0.0234426119543291,0.400041911148365
"TRAPPC4",3.67248831447596,0.184221254228962,17.9073022591424,0.0164330096474086,0.528499580888516
"TRAPPC6A",2.29493658618762,0.236073225258443,22.4896309385895,0.0156764238230536,0.746961441743504
"TRAPPC6B",4.33119025973623,0.345378071938881,15.9068046278172,0.0229356695728285,0.710393964794635
"TRAPPC8",1.86246638785038,0.279445507574832,22.7520489196628,0.0173841506478436,0.822191953059514
"TRAPPC9",1.55266209769029,0.387063633591957,19.9718633291451,0.0241373775876222,0.902032690695725
"TRIAP1",1.83190090047878,0.123111539572688,24.3857977322037,0.0114837048651452,0.626466890192791
"TRIB1",0.381233290781432,0.0444655125073733,33.6369675514293,0.00279446933178667,0.787615255658005
"TRIB2",0.314731507101886,0.0572280686205549,34.8484701382256,0.00191465932318077,0.847862531433361
"TRIB3",0.30253804673013,0.179963277159301,31.7388401179756,0.00822470635245878,0.947820620284996
"TRIM11",6.5042123426053,0.482511998815426,10.8507426900929,0.0320392169916394,0.747380553227158
"TRIM13",1.43003269280132,0.231621805129975,25.2555118924786,0.0140913574227369,0.825754400670578
"TRIM22",0.840864881746009,0.0356854557471338,25.8464127897483,0.00994661172044531,0.522946353730092
"TRIM23",1.79131923124506,0.323797505562868,21.658086178499,0.0200253583832404,0.856663872590109
"TRIM24",0.696486655824023,0.212407040139039,28.6897558662874,0.0114449861816015,0.903080469404862
"TRIM25",0.469773647153369,0.0842713118565649,33.2211515111616,0.00393431469607681,0.840318524727578
"TRIM26",2.00351047216251,0.157251718159414,23.9388214272465,0.0124229191332681,0.667854149203688
"TRIM27",2.87923704469927,0.179144674203638,20.6723793237157,0.0148602042728547,0.603206202849958
"TRIM28",2.22918614514803,0.159545698279314,23.117584934326,0.0130040724222543,0.646374685666387
"TRIM33",2.44911946409824,0.327389154082425,20.1197366468613,0.0207659287469979,0.813704945515507
"TRIM37",1.54638787517759,0.258920499198701,24.2458766546688,0.0157864535773068,0.836860854987427
"TRIM38",1.30874982565975,0.104251222147313,26.737113090331,0.00946364322021629,0.668378038558257
"TRIM4",5.7934258241385,0.403568549349064,12.7199120392098,0.0267551742402238,0.696353730092205
"TRIM41",1.36924429072975,0.300491335129188,23.4919664524154,0.0181247850020506,0.87814333612741
"TRIM44",1.3790283580055,0.151766520900238,26.7248793147488,0.0104747943496658,0.745180217937972
"TRIM5",0.621544767789739,0.167185131371745,30.4617491534202,0.00853338369159382,0.886944677284158
"TRIM52",0.876799808075817,0.202722024846593,28.1749608693549,0.0113199561437366,0.871542330259849
"TRIM56",1.36190648248162,0.168783378284686,26.7477151621779,0.0109642931426153,0.773051131601006
"TRIM69",1.75984404543166,0.102347946245165,24.1346280549111,0.011415043265271,0.584450963956412
"TRIM8",1.6877313038989,0.23244854179998,24.5038072242618,0.0145393878306763,0.803541492036882
"TRIO",0.283827747598816,0.106743803782453,34.5157040748611,0.00351962897248197,0.918273260687343
"TRIOBP",1.11511542201407,0.336930120639364,22.8159174876884,0.0203406313667775,0.914082145850796
"TRIP10",0.265287769478798,0.0460500810943006,35.544701047198,0.00105898492629904,0.851739312657167
"TRIP11",1.3522452383904,0.199187594231962,26.3489492032028,0.0122427312007034,0.808780385582565
"TRIP12",2.66713126918717,0.168501535181558,21.3369498697095,0.0142489003431651,0.606454316848282
"TRIP4",2.32239854217781,0.351425124294133,19.644142448436,0.0221756288264089,0.83581307627829
"TRIP6",0.390660353190839,0.0859193419312582,34.0062018868619,0.00332588804088205,0.868084660519698
"TRIQK",0.371572887103959,0.205698713999387,30.3691745781967,0.0101852742229378,0.945515507124895
"TRIT1",2.47753948413415,0.53086581131779,13.3490346667482,0.034920210390774,0.910938809723386
"TRMT1",1.95670834489455,0.195794773354717,24.0444308457112,0.0134287469448806,0.732082984073764
"TRMT10A",1.12265587242083,0.437099164108313,18.7049267303528,0.027574589016128,0.941219614417435
"TRMT10B",3.1667231741141,0.417630171854877,16.2678642590789,0.0269064700954784,0.829421626152557
"TRMT10C",2.87079374385538,0.18442722400543,20.657827409657,0.0149755258887361,0.611064543168483
"TRMT11",3.44256231992614,0.568109242389081,11.2238005628504,0.0379218732290863,0.894488683989941
"TRMT112",5.08911143881153,0.0522518768378369,9.48469283135042,0.0231845684127805,0.0663243922883487
"TRMT13",1.74960250484008,0.348839395165385,20.9642683246251,0.0216326840153165,0.873637887678122
"TRMT1L",2.29962280391724,0.328974244995421,20.3778366591287,0.0207516641999477,0.824287510477787
"TRMT2A",2.81266532124716,0.373513840608364,18.2354761599106,0.0238799302168778,0.824601844090528
"TRMT6",1.58197980325717,0.220600123660033,25.116913031971,0.0137491021533748,0.80406538139145
"TRMT61A",1.48303541129843,0.330727392769663,22.1775701809125,0.020221990848824,0.883906119027661
"TRMT61B",2.9051785173077,0.472124254710672,15.0114182051698,0.0306694790085896,0.872380553227158
"TRMU",3.42138909204385,0.380763990015586,16.9690747926,0.0246204411259454,0.79547359597653
"TRNAU1AP",4.17708046326742,0.279813202729768,17.4012659103012,0.0196264586732747,0.658528918692372
"TRNT1",2.77756829514883,0.275482716600614,20.3794715356019,0.018179282064067,0.742770326906957
"TRPC4AP",2.94544084604524,0.173858189224916,19.9534517554655,0.0150881242703913,0.573134953897737
"TRPM7",2.16938853248208,0.171743817829378,23.0970742000841,0.0132537661425934,0.665129924559933
"TRPT1",2.51484836659526,0.269019256660425,21.2629689638934,0.0175580239593408,0.759953897736798
"TRPV2",0.734849706234258,0.141203541791164,30.5342848973779,0.00759289812705102,0.84754819782062
"TRRAP",1.65415335394055,0.233268524437376,24.4832621627329,0.0145574396552532,0.804274937133277
"TRUB2",2.74566958870066,0.317210256279602,19.824555896241,0.0203855198542821,0.788767812238055
"TSC2",3.22893915712928,0.418625713989247,16.1872337163367,0.0270037327395202,0.828164291701593
"TSC22D1",0.0724485145211554,0.00296505978046038,36.9895306453193,0.00104995224062102,0.826173512154233
"TSC22D2",1.51983550994665,0.185936166026166,25.8212361109953,0.0120742682466692,0.771479463537301
"TSC22D3",0.621455396025235,0.00806494997214153,21.0027913569154,0.0151715275083713,0.316114836546521
"TSC22D4",2.88493193159437,0.120317987302537,19.2813498438896,0.0149447501241071,0.466471081307628
"TSEN15",2.30022433313949,0.2117080908369,22.9654162697084,0.0145966278108714,0.723700754400671
"TSEN34",1.66943292733713,0.132629717706652,25.0771527805805,0.0111307556552429,0.663243922883487
"TSEN54",0.930301270322494,0.069879023830519,28.3733397464145,0.00774180885459733,0.662405699916178
"TSG101",5.63717773889211,0.292044353508347,14.0985771187666,0.0211688220433549,0.578688181056161
"TSN",5.03947644875658,0.257092612319837,15.3208169204185,0.0195260581090097,0.563390611902766
"TSNAX",3.57944338231607,0.631870716152013,8.90639867491307,0.0429526825204998,0.915129924559933
"TSPAN14",1.11886643791452,0.0525406024758956,25.3039721329958,0.0103352264510206,0.535729253981559
"TSPAN17",0.720384229331437,0.146016338160933,30.4545554871373,0.00779537209896217,0.852787091366303
"TSPAN3",1.00497293965371,0.0635578764235717,27.5800079263297,0.00838661144979073,0.626676445934619
"TSPAN31",1.16820732876389,0.256698375169274,25.4694370331793,0.015102458993131,0.871751886001676
"TSPAN4",0.134021413215933,0.0308308477932653,37.7218246379636,0.00131228007862425,0.896898575020956
"TSPO",1.63917789935488,0.0340898842210178,19.4608315342114,0.0158311327044138,0.319991617770327
"TSPYL1",1.78995873019644,0.130273137948342,24.3733017352338,0.0115658153657965,0.637678122380553
"TSPYL2",0.47164160114357,0.0211593200801223,28.8986072069775,0.00715207182335375,0.594823973176865
"TSR1",1.62858275001162,0.221333961032715,24.8416405912943,0.013902636057203,0.796730930427494
"TSR2",6.89661040286848,0.387308357892697,11.5978310617115,0.0261522992493626,0.63872590108969
"TSR3",2.48571409100023,0.346839823615067,19.600878624573,0.0219956906130566,0.827011735121542
"TSSC4",10.079652488543,0.375703959315054,7.38251882525747,0.0261565938524432,0.5
"TSTA3",4.5532702352831,0.255994251079897,16.3877134128116,0.0190718712067982,0.593147527242246
"TSTD1",1.76523611073581,0.0966639844327443,24.0095378465895,0.0114770677928067,0.571144174350377
"TTBK2",1.85230904831957,0.35905456469796,20.3762000773631,0.0223819026291754,0.870913663034367
"TTC1",3.28075730480133,0.168377019247654,19.0015211461932,0.0155730708961596,0.5360435875943
"TTC14",1.38356664932615,0.110833172071009,26.2124045812714,0.00993700810495233,0.662824811399832
"TTC17",5.1417806492947,0.335577731032942,14.6684573563518,0.0228249313675167,0.658424140821459
"TTC19",2.64507531817443,0.26823254107743,20.8634436582176,0.0176756112032575,0.746542330259849
"TTC27",2.21542446110702,0.477428603817414,15.6162222114159,0.0308771742665581,0.902137468566639
"TTC3",1.32243082297392,0.0652874029519539,24.8025170508518,0.0107334755419479,0.542225481978206
"TTC31",4.41655694425489,0.581332076980805,10.1121081945451,0.0390782233169502,0.873113998323554
"TTC33",4.47452966076759,0.48420745413691,12.843726662374,0.0318329203081344,0.817372170997485
"TTC37",1.82568745805887,0.248501188902077,23.688035393071,0.0156013479731896,0.803227158424141
"TTC38",0.875981781177912,0.277267787790891,25.6834703372326,0.0160030992281789,0.910938809723386
"TTC39C",0.692586146511681,0.0330546196214447,27.8410730191207,0.00812147244760211,0.582041072925398
"TTC5",2.18305874092007,0.361709348448393,19.6120450331917,0.0227574199478172,0.85069153394803
"TTC9C",5.56738405987843,0.352596737905189,13.9896915182046,0.0238977771366741,0.661986588432523
"TTF1",3.15878129709711,0.340683882089389,18.3439608709959,0.0220361855823101,0.778394803017603
"TTF2",0.794068370336019,0.141385126706131,30.2396927893857,0.00781316777195031,0.838537300922045
"TTL",1.20409476619738,0.35933391461535,21.757786922339,0.0219786442598654,0.915653813914501
"TTLL12",1.21332758031978,0.3792013265486,20.966663776783,0.0233972245418233,0.921730930427494
"TTLL5",1.7696563844251,0.423900109383225,18.2638538032787,0.0268625709418411,0.904652137468567
"TTPAL",0.935834878168128,0.30350443793192,24.5198688974274,0.0178585631777465,0.915549036043588
"TTYH3",0.239413386848934,0.0857903353583381,35.4955631081718,0.00207851459236817,0.915549036043588
"TUBA1A",1.09670123731849,0.0167668851141748,18.5186084278649,0.017261284182942,0.255029337803856
"TUBA1B",0.703047670451459,0.00405570387989857,16.997136941072,0.0193374097277131,0.179274937133277
"TUBA1C",0.742149974244872,0.0169659454317779,23.7590140240648,0.0122225934617965,0.422254819782062
"TUBA4A",0.496042925783918,0.0114172550191379,25.3688435275038,0.0107397155546299,0.463222967309304
"TUBB",0.924625083367002,0.0061243017722077,15.586577645204,0.0206101702672117,0.139354568315172
"TUBB2A",0.223380605945697,0.0150319630707939,34.0232070743543,0.00209382575944622,0.750104777870914
"TUBB4B",0.903122813654087,0.0103267521410798,18.0558046674964,0.0179817117436331,0.22684409052808
"TUBD1",2.06342305789643,0.362872897495687,19.904941076479,0.0227712180570636,0.861588432523051
"TUBE1",2.70115245685827,0.416027580847394,17.1139953990718,0.0266593580331784,0.854149203688181
"TUBG1",1.52772868686748,0.200441927080065,25.8478002372865,0.0126145846732007,0.795054484492875
"TUBGCP2",7.1855042394069,0.454165913685577,10.7932115133422,0.0303163664816351,0.704735959765298
"TUBGCP3",1.83089077085596,0.309138493180483,22.1462143075379,0.0191258133157964,0.849015088013412
"TUBGCP4",2.21303761830481,0.45363194162845,16.5552753518529,0.0291620867270747,0.895117351215423
"TUBGCP6",3.59118970699333,0.63056117360848,8.90098531518018,0.0428147249283007,0.913139145012573
"TUFM",7.32463908523407,0.125276212347336,8.744371422811,0.0214056140984973,0.178227158424141
"TULP4",1.16035715918015,0.205065479718822,26.9130214360344,0.0121299080332626,0.835708298407376
"TUSC2",4.69994682681371,0.214307458773064,15.4504670334188,0.0182349405252175,0.502933780385583
"TVP23B",2.38677068763479,0.174616476746591,22.2302000711236,0.0138303143452461,0.643231349538977
"TWF1",2.52272661745613,0.203339423818846,22.0028365905579,0.0147822887494775,0.681370494551551
"TWF2",3.09680742734739,0.102126496355361,18.1431492993544,0.0157932357101363,0.402347024308466
"TWISTNB",0.609921867463882,0.0539416121901597,30.7577793852575,0.00551431638975254,0.711232187761945
"TWSG1",0.430749859221094,0.0928293098580421,33.5244552586756,0.00390350903594536,0.863998323554065
"TXLNA",1.57938305400022,0.197711195993586,25.4560091923875,0.0126951444817668,0.778709136630344
"TXLNG",2.10466954441904,0.313454245016665,21.2496346058514,0.0196445287614177,0.827745180217938
"TXN",0.547600563053343,0.00183365713734696,14.9149366970918,0.0215664483196597,0.105930427493713
"TXN2",4.62075782990242,0.185488492768956,16.4915641478039,0.0174056533844809,0.489522212908634
"TXNDC11",0.72436108886717,0.0677407857300412,30.1006487766782,0.00624090246672257,0.713537300922045
"TXNDC12",12.7509926613,0.388166276708136,5.18677843365761,0.0272683001061712,0.452954735959765
"TXNDC15",1.40455474145925,0.0912627604953427,25.419795085441,0.0103034032701151,0.605616093880972
"TXNDC17",2.66476794994275,0.0809181007793182,18.5280191726453,0.0156784185790234,0.37699077954736
"TXNDC9",5.92087291059657,0.316243118638492,13.7555765260231,0.0223183386214221,0.603101424979044
"TXNIP",0.443448844165425,0.0132885727412634,27.3123299644737,0.0087794345305844,0.529442581726739
"TXNL1",118.74936341036,0.768113473099866,4.76403733426942,0.0647908072287048,0.274413243922883
"TXNL4A",2.03570127553218,0.128446991474389,23.8679773312172,0.011968162372967,0.619341994970662
"TXNL4B",2.75266149731103,0.423685896314989,16.8605449294718,0.0272212193240541,0.857502095557418
"TXNRD1",0.658518119601797,0.0317035493308128,27.9075499154947,0.00805788126603865,0.581726739312657
"TXNRD2",1.70020203832921,0.413896657448799,18.7884875510712,0.0261254625595993,0.905804694048617
"TYK2",1.96566558170209,0.212310565081216,23.7342954664637,0.0141373312697134,0.748428331936295
"TYMP",0.914045103051868,0.0135651562844759,19.8666192439143,0.0160941235908916,0.291387259010897
"TYMS",0.101317041844913,0.00502835712477025,36.3463995338876,0.000357709547479011,0.808675607711651
"TYSND1",14.6817905848406,0.879432877466389,2.75100294291499,0.0694221512982732,0.916596814752724
"TYW1",3.01248956237147,0.374235741346483,17.7848696291198,0.0240138021549796,0.811609388097234
"TYW3",2.18770409803296,0.160917659679005,23.3612213605078,0.0128932523435738,0.656014249790444
"TYW5",2.47741867655974,0.409831626584827,17.6525039947274,0.0261480250531155,0.862112321877619
"U2AF1L4",1.0878453427684,0.0984769275567118,27.8863867892307,0.00847518962280709,0.6947820620285
"U2AF2",5.04138733902466,0.217420144224927,15.3873470820092,0.0184797041206607,0.506077116512992
"U2SURP",2.5078050166678,0.120393390261394,20.8461528619802,0.0138822753315138,0.51372590108969
"UAP1",0.708677368449894,0.0792297716245585,30.8785675781365,0.00577496108547295,0.75743922883487
"UBA1",3.30260066147949,0.162138463601939,18.7763495025356,0.015602658191613,0.519383906119028
"UBA2",5.43680355980751,0.184363278500431,13.9014502610021,0.018595598684088,0.412824811399832
"UBA3",6.19116183617916,0.35024235656091,12.9589790809429,0.0240100145370672,0.627829002514669
"UBA5",1.49772452837261,0.200396455572787,25.714514575844,0.0126409850663399,0.790968147527242
"UBA52",22.723875240143,0.05176457162879,1.92029093578211,0.0266840880860006,0.000419111483654652
"UBA6",3.79684271992173,0.312194342769739,17.4862013058619,0.020880734271878,0.709555741827326
"UBA6-AS1",1.7886741615856,0.474272686913683,16.2680661189951,0.0305384648231892,0.919530595138307
"UBA7",0.967713123519097,0.239663800456095,26.6722010673955,0.0137227493507836,0.882753562447611
"UBAC1",2.06899946274418,0.280980747889724,22.2668764420502,0.0176903120174021,0.809304274937133
"UBAC2",3.02260709804265,0.199881052940558,20.3434135464893,0.0155535499297174,0.625733445096396
"UBALD1",3.36210384306048,0.248163681905472,19.448915501112,0.0175538038363568,0.67277870913663
"UBALD2",0.779906133635541,0.164671741849469,29.7627139875426,0.00890870671480523,0.860854987426655
"UBAP1",3.74761801297465,0.213516220507491,18.366143548871,0.0169367007887655,0.587594300083822
"UBAP2",2.79455180034433,0.355107253017978,18.7721224059666,0.0227013651224672,0.81349538977368
"UBAP2L",4.37337118350648,0.293397201768887,16.6731657671517,0.0203845703163191,0.656957250628667
"UBB",2.00925625502709,0.00910142703841243,11.4528279117154,0.0242615905748593,0.0225272422464376
"UBC",1.77815890385881,0.0035968426112973,11.2414379408954,0.0248714314021711,0.00314333612740989
"UBE2A",6.66924566680338,0.13036206596814,10.0451407777134,0.0206332109584556,0.220662196144174
"UBE2B",3.34719961468868,0.0424103149757222,11.5303638256754,0.0221842601871712,0.0974434199497066
"UBE2D1",2.02510116883097,0.109928133339061,22.5720452301381,0.0125823070379875,0.548826487845767
"UBE2D2",6.24470079531715,0.0819559974552383,8.54026314907836,0.0225879176756935,0.0962908633696563
"UBE2D3",8.49727666528337,0.0564998345267912,6.68450464046908,0.0246563229916748,0.0190695725062867
"UBE2D4",1.84815636183845,0.343220398353703,20.937027955775,0.0213295995494894,0.863998323554065
"UBE2E1",1.69255471324343,0.127798408927617,25.2680723679723,0.0109526216491225,0.661357921207041
"UBE2E2",0.313107024381136,0.0755949472164186,34.9502348830274,0.00226267526036933,0.881391450125733
"UBE2E3",1.75702663341874,0.0789490765127635,22.9933699166879,0.0122080217723022,0.509639564124057
"UBE2F",0.909980004663994,0.112979095989528,29.5754387066682,0.00749484890859094,0.771689019279128
"UBE2G1",4.37831962647875,0.177647220279964,16.2969841059127,0.0172661400936972,0.471186085498743
"UBE2G2",2.35372730885522,0.202016931585061,22.5822834831317,0.014431112950584,0.696982397317687
"UBE2H",0.927736312347498,0.118062390604511,29.5124296817953,0.00766934153770982,0.777975691533948
"UBE2I",8.13664609027689,0.121068598725006,7.27469506705356,0.022237266810048,0.133801341156748
"UBE2J1",1.05367109428383,0.0421897280930472,24.3691058211215,0.0112282298779545,0.487740989103101
"UBE2J2",6.39064194554155,0.285618029391506,12.8809717765727,0.0213739427888086,0.533948030176027
"UBE2K",4.22860754340544,0.150788057566304,15.9080020774752,0.0171955729888033,0.417015926236379
"UBE2L3",5.9909824377389,0.123987065346803,11.1776947814496,0.0200815940506605,0.24056999161777
"UBE2L6",1.90377926386383,0.0558084635479238,19.6311197706676,0.015148117015241,0.364836546521375
"UBE2M",3.14411362835416,0.553272374808262,12.0020363885409,0.0367574403670962,0.898470243084661
"UBE2N",5.89165693589168,0.109076963719982,10.8298973655496,0.0205160146312673,0.205993294216262
"UBE2O",1.67990358705651,0.361198456967939,20.6930884775221,0.0224207920797532,0.884325230511316
"UBE2Q1",2.99110861807344,0.408070776875577,16.8586968434093,0.0262139297421991,0.833717518860017
"UBE2Q2",3.67092242812925,0.262875257767831,18.5452352699063,0.0184780990247307,0.667749371332775
"UBE2R2",2.28511180476623,0.241410543149458,22.5130420521025,0.0158899974128138,0.755867560771165
"UBE2S",0.427295142754219,0.0364484871728211,32.556737599746,0.00371055987685277,0.739312657166806
"UBE2V2",6.02544175255918,0.24027328886034,14.0254569697737,0.0197492157865453,0.501047778709137
"UBE2W",1.14915292407375,0.298905036474071,24.1123318774698,0.0177841294718797,0.895326906957251
"UBE2Z",1.91176551660222,0.129930534433565,23.981351247357,0.0118542547651144,0.625104777870914
"UBE3A",3.98542032891266,0.173270476007654,17.1245612249929,0.0167290894537529,0.488369656328583
"UBE3B",23.6758342047362,0.870331873255387,5.16131122193288,0.0723595560915341,0.858340318524728
"UBE3C",3.18908754569101,0.426492504550695,16.096502308638,0.0275446498150595,0.83696563285834
"UBE4A",3.29506861656895,0.265972639318798,19.1497535541031,0.0182753154064522,0.690905280804694
"UBE4B",4.84980373630769,0.519905900279491,11.6357058441324,0.0345223295185693,0.82952640402347
"UBFD1",2.36468952415816,0.328255585403916,20.2955279489287,0.0207559066855273,0.820515507124895
"UBIAD1",2.55098265203574,0.373175562618319,18.6317374724702,0.023715719890785,0.83696563285834
"UBL3",1.53644151635958,0.11628856337834,25.5926258045152,0.010492097292725,0.652556580050293
"UBL4A",1.49417114057213,0.214737081554562,25.564392711145,0.0132827467776539,0.808780385582565
"UBL5",11.1262183438598,0.0885934299757145,4.5366173121866,0.0245091969827029,0.0275565800502934
"UBL7",6.70174068879426,0.319828832294371,12.6295591606648,0.0228477513575452,0.574916177703269
"UBL7-AS1",0.736850767787488,0.242184148082824,27.523015442992,0.0134303376337417,0.913453478625314
"UBLCP1",3.25439217938079,0.28192447736805,19.0252335997892,0.0189670975273005,0.711232187761945
"UBN1",2.5607895776292,0.189866079221596,22.0130739163492,0.0144083517627228,0.660624476110645
"UBN2",1.00348708830257,0.257995349679557,25.9950756691021,0.0149212560309644,0.890297569153395
"UBP1",3.03769579237357,0.444545511867105,15.7362388530873,0.0287423812839311,0.853206202849958
"UBQLN1",5.11620646078872,0.209138222389851,14.6295921333373,0.0185501624863296,0.47139564124057
"UBQLN2",2.21699078366207,0.200661250216481,22.9450350750641,0.0141693703116567,0.705993294216262
"UBQLN4",1.87687874936266,0.362602007251296,20.2597337563294,0.0226390246552485,0.872590108968986
"UBR1",3.18449618299378,0.372664670139735,17.475292042491,0.0239900982081736,0.799559932942163
"UBR2",2.7768966952535,0.161421837683136,20.4607272996151,0.0145781986571422,0.568629505448449
"UBR3",2.11393912671687,0.417779944106254,17.9422844719813,0.0265577384233875,0.884220452640402
"UBR4",2.67416870251413,0.160336422752055,20.9716898198742,0.0142734849654,0.582355406538139
"UBR5",3.00687324436092,0.248260411361415,20.2542869400345,0.0171676403330218,0.697401508801341
"UBR7",1.76992570477105,0.241808473812753,24.0410177855181,0.015156662236091,0.803751047778709
"UBTD2",0.450611754368912,0.227767228057196,29.1192390841899,0.0119000684169037,0.941114836546521
"UBTF",1.86621779063616,0.157098275102475,24.5500775215817,0.0120343727860074,0.686399832355407
"UBXN1",15.4941136048467,0.211289663005421,0.717190698744508,0.0237839249346448,0.117455993294216
"UBXN11",0.9796532449627,0.191725901473885,28.0875922833629,0.010947794712525,0.851320201173512
"UBXN2A",3.31695940054056,0.291629540452212,19.0277135061353,0.0194683261315422,0.725586756077117
"UBXN2B",2.53160605770164,0.460153263721276,15.8733932065611,0.0297107359972893,0.882648784576697
"UBXN4",4.35719434130024,0.0915892428176972,12.6138617919619,0.0196811163646298,0.222024308466052
"UBXN6",1.99499872535382,0.338518938709646,20.7678904598961,0.021129166210496,0.851320201173512
"UBXN7",2.92521095648222,0.262440748216022,20.3480174117102,0.0176892166488291,0.721814752724225
"UBXN8",1.93580401680028,0.497039314120688,15.2441581292834,0.0322877991223728,0.921521374685666
"UCHL3",2.06676864690914,0.230607507305952,23.4210588498412,0.0150377206296888,0.767078792958927
"UCHL5",3.13754359090072,0.239269201921444,20.1852549335023,0.0169207820079453,0.681475272422464
"UCK1",4.41762910521058,0.486416160539712,12.936861206872,0.0320197298281181,0.823344509639564
"UCK2",1.11272206522096,0.142430024850934,28.4754120436598,0.00907766905565637,0.784786253143336
"UCKL1",5.28972272045322,0.469414490714958,12.3621412709415,0.0309558738258067,0.778709136630344
"UCP2",0.550556270830687,0.011112538053472,24.4829214939454,0.0116316863463616,0.43419949706622
"UEVLD",1.18676079324701,0.334259545525538,22.7521228502401,0.0202150950808939,0.907795473595977
"UFC1",9.28420734380814,0.182207846584075,7.25233945510901,0.021664037564557,0.230196982397318
"UFL1",1.81719969729121,0.196704281478367,24.5143293227515,0.0131861002987139,0.74800922045264
"UFM1",3.17008906288177,0.106235062385424,17.712596058799,0.0160417955003883,0.39616512992456
"UFSP2",1.34272662775818,0.226802574606983,25.7412231386717,0.0136530295088423,0.833298407376362
"UGCG",0.244638587506339,0.0139344031279544,32.8635879808168,0.00324197913071488,0.710498742665549
"UGDH",0.446649489032452,0.0662678115154246,33.3301032834458,0.00344280809203596,0.814124056999162
"UGGT1",1.96374995826778,0.308707657409496,21.7277703258425,0.0192289528767264,0.835393964794635
"UGP2",1.09720716795706,0.0567785278798746,25.8447548696215,0.00984907464050949,0.560142497904443
"UHMK1",3.85871198654502,0.18195873477419,17.3318659241482,0.0167006854810288,0.507963118189438
"UHRF2",1.74800045890042,0.146504904090189,24.7718423524225,0.0116115121053037,0.676236378876781
"UIMC1",4.51051136923823,0.36100867044312,15.4637237053921,0.0238966962699496,0.71940486169321
"ULK3",2.15449223867883,0.350259864316077,20.093256904709,0.0219976892687759,0.848072087175189
"UMAD1",4.79537753325108,0.501720140111166,12.07402599146,0.0331429753886055,0.817581726739313
"UMPS",2.38686106290932,0.374402262866978,18.9333398522919,0.0237160914426448,0.84838642078793
"UNC119",1.96397360502719,0.151102276361437,23.8880404385085,0.0122940886648017,0.656433361274099
"UNC13D",1.48550687705272,0.260554688567192,24.3854312091909,0.0157957645300402,0.843776194467728
"UNC45A",5.04969837427934,0.335250644921945,14.8705371038525,0.0227670876743795,0.663977367979883
"UNC50",3.61053169441232,0.251189926985864,18.6009998571107,0.0179824945309075,0.651927912824811
"UNG",0.428274175481174,0.0823246188123413,33.6395163472835,0.00353832827549443,0.850481978206203
"UNK",5.56965040450867,0.615643329266396,8.43859523177947,0.0419429082428097,0.862321877619447
"UPF1",2.3753223144602,0.407037532986651,17.8757573289632,0.0259088778742821,0.865150880134116
"UPF2",3.17313756829217,0.179865509367378,19.672210436742,0.0154318589779516,0.574287510477787
"UPF3A",2.43605079767602,0.197361289216123,22.5198933737322,0.0143600245103908,0.687761944677284
"UPF3B",2.11948996525198,0.11903592639504,22.7417039743901,0.0125740428818562,0.569258172673931
"UPP1",0.543555404842035,0.0302020360638608,29.6058667038345,0.00645925851488831,0.63359178541492
"UPRT",1.1364238123799,0.294602943337765,24.2683908045248,0.0174884559368961,0.893545683151718
"UQCC1",3.94014628860588,0.658793278662967,7.8181986099979,0.0451997544527884,0.917435037720034
"UQCC2",1.63721746000482,0.102998834468817,25.4039334178149,0.0105196349957002,0.625
"UQCC3",1.95965471224351,0.24694770102876,23.3652558950031,0.0157022786081068,0.790758591785415
"UQCR10",5.59321692520238,0.0717193886495709,9.7606797830235,0.0221955939265836,0.11127409891031
"UQCR11",5.88721311227751,0.074870995604298,9.43078354526983,0.022296064679387,0.108759430008382
"UQCRB",8.70473278599866,0.0588863212864126,6.54538124038858,0.0246274576227435,0.020536462699078
"UQCRC1",117.54891641849,0.787089908841863,9.74843054088905,0.0727274075944034,0.337384744341995
"UQCRC2",3.05805918693975,0.103053124246618,17.7248822472712,0.0160292252272957,0.390821458507963
"UQCRFS1",7.31101468542652,0.148061571747903,9.44290677456347,0.020777048259658,0.233549874266555
"UQCRH",7.11058078180829,0.0595648089038623,7.90465333959364,0.0238425177220592,0.0480930427493713
"UQCRQ",4.09754157519053,0.0606153620483332,12.0035745186777,0.0210494647649922,0.149622799664711
"URGCP",1.57259706795185,0.358342316163927,21.0016154433465,0.0221557663798383,0.889773679798826
"URI1",2.5638027764136,0.436012750669475,16.6940566524229,0.0280110608099737,0.871542330259849
"URM1",3.63366233313873,0.190847032725411,19.0781331027027,0.0161182306625284,0.573868398994132
"UROD",2.24742283573093,0.22514174328482,22.9618518735205,0.0150702181848744,0.744446772841576
"UROS",2.25509229210831,0.204868369438429,23.2382778961042,0.0142332775623803,0.72139564124057
"USB1",9.03499952100319,0.496833557697271,8.65322670094143,0.0334433497829777,0.692162615255658
"USE1",4.23186327654774,0.345104553725854,16.1384905610807,0.0228751371510975,0.716994970662196
"USF2",2.17822274614804,0.205056341627271,23.1528392717844,0.0142176750842591,0.719195305951383
"USF3",0.629333418963915,0.197166779120429,29.4738890858396,0.0103363624716154,0.90360435875943
"USO1",3.09771379531224,0.181780278082225,20.0325391851983,0.0152880338312402,0.588118189438391
"USP1",1.12000260329349,0.0577617179862722,26.2532783339134,0.00952124277537751,0.574916177703269
"USP10",3.61374688195044,0.185893178665491,18.8004631985884,0.0161072276688107,0.557837384744342
"USP11",1.05198713757531,0.0743705698914007,27.3342226223628,0.00863550986298346,0.637154233025985
"USP12",0.750664237244758,0.0695038523429604,30.1516156439603,0.00623497292270387,0.718147527242246
"USP14",4.09761727162374,0.186256944326798,17.209202103384,0.0169227048889807,0.511316010058676
"USP15",2.28390147681226,0.0879871768495794,19.6177618328177,0.0147109154259038,0.421102263202012
"USP16",3.82409459264336,0.186669874947113,18.1941498507866,0.0164474575446103,0.541072925398156
"USP19",2.60454563124964,0.418837055199834,17.0987475980367,0.0268010929179172,0.858340318524728
"USP22",3.62554823193364,0.213782490170356,18.7042437311086,0.0167793962385699,0.598072087175189
"USP24",0.83619546660641,0.158537915039937,29.5073281131302,0.00884943920422501,0.843042749371333
"USP25",1.5269085163977,0.420493419807293,18.7276719716378,0.0265102025911064,0.914815590947192
"USP28",1.05931855585984,0.290004115411415,24.6880465035615,0.0170877795604064,0.899518021793797
"USP32",2.90097240290702,0.465732328921903,15.2200787354917,0.0302054881503762,0.869341994970662
"USP33",2.96404228837877,0.23337965512221,20.1977170892362,0.0165936136980937,0.673093042749371
"USP34",4.09748263164877,0.247805032844695,17.3333111141446,0.0183843101662801,0.60896898575021
"USP36",1.08531813064279,0.0806555610799547,27.3968761182529,0.00864126051593301,0.649727577535624
"USP38",1.63922163031405,0.176832023953081,25.4137276475181,0.0120278745922988,0.744446772841576
"USP39",6.23559017625204,0.354309333640981,13.0081844357395,0.0242506792168007,0.634744341994971
"USP4",4.1884798344865,0.272097798693751,16.9276886805745,0.019369940559634,0.633277451802179
"USP42",2.09418855099876,0.264672027817992,22.4796722587652,0.0168370404005082,0.790863369656329
"USP46",0.683198325044232,0.233664025286319,27.9753202803127,0.0127848478904244,0.914291701592624
"USP47",2.33420135857939,0.142930868348747,22.0946760225731,0.0132895157339806,0.588432523051132
"USP48",2.529315497025,0.151300300342193,21.6449330719437,0.0137378296398066,0.588327745180218
"USP5",4.60466152689771,0.483718018142804,12.8925957043771,0.0318954894678642,0.817162615255658
"USP53",0.269444947927576,0.0988816365044964,34.8692365122372,0.00298947842166268,0.916806370494552
"USP6NL",0.379321333200689,0.215194375106148,29.923426411506,0.0108687542690118,0.946563285834032
"USP7",3.34476631959044,0.315912620415068,18.5133044461321,0.0207578938347516,0.746332774518022
"USP8",3.81798680742215,0.20794109592718,18.0724740350823,0.016922663374301,0.570305951383068
"USP9X",2.54220244015213,0.210228113191966,21.7284553012885,0.0151048439239738,0.683780385582565
"UTP14A",1.92344123750619,0.313704884967639,21.7171173319115,0.0194989897317394,0.842728415758592
"UTP15",2.35620168406756,0.460572498703466,16.0914424625676,0.0296964181997681,0.890716680637049
"UTP18",3.24313759820606,0.26225646774718,19.6903537990329,0.018000605415476,0.70138306789606
"UTP20",0.553244442218604,0.186158008267262,30.239136380237,0.009423390495114,0.910205364626991
"UTP23",4.56694480489129,0.325448783593009,15.9029783374367,0.0220270863978962,0.680846605196982
"UTP3",2.11431522570382,0.236702299766418,22.9776077554666,0.015450345538082,0.762992455993294
"UTP4",2.16824215291537,0.247065031994133,22.6588119558626,0.016022267896707,0.7691743503772
"UTP6",3.13078764162343,0.288582168995721,19.3141408035507,0.019170141353542,0.72998742665549
"UTRN",0.862057020728029,0.101483356151473,29.7395747946601,0.0071038861712366,0.758067896060352
"UVRAG",1.20000935429145,0.101336488961931,27.3770150018252,0.00893081396224948,0.683570829840738
"UVSSA",0.560568195695711,0.306466767840781,25.4210011020926,0.0176465130721149,0.94907795473596
"UXS1",1.01741230904276,0.0894493731439223,28.3977566150295,0.00795309883672425,0.69593461860855
"UXT",14.6062190111516,0.231681226936626,2.4796624069227,0.0235878850800801,0.186818943839061
"VAC14",0.849754782986638,0.147568681589607,29.7037517317706,0.0083657749154484,0.831621961441743
"VAMP2",1.18303960467914,0.0948429669614687,26.9765763656497,0.0091193652361594,0.660205364626991
"VAMP3",2.27171147737865,0.239073432807538,22.4218943873848,0.0158031270723443,0.749580888516345
"VAMP4",2.31526412065835,0.305032403532573,20.9807631659432,0.0193270528148679,0.806370494551551
"VAMP5",0.917786079671711,0.0608043104762267,28.1595870547322,0.00786898732410058,0.640297569153395
"VAMP7",9.28063937320572,0.534363841248,7.76368631438908,0.0359870997127831,0.713851634534786
"VAMP8",2.43796260327524,0.0506360925288935,16.2377554875585,0.0180865001298356,0.252200335289187
"VAPA",4.90495708626796,0.0903914196649107,11.5603420647616,0.020427126446247,0.191533948030176
"VAPB",8.47303177020156,0.570362130652617,7.78559363760362,0.0386480047810427,0.764249790444258
"VARS",1.19370591714431,0.267449030874388,25.1670329653465,0.0157841104972712,0.878981559094719
"VASP",1.36502032393592,0.0426163555538164,22.0235156061992,0.0133331757577648,0.415025146689019
"VAT1",0.395681884355594,0.0533232098432949,33.6322536190152,0.00293307095932475,0.802284157585918
"VBP1",6.83587097863108,0.273642989939539,12.3925598432586,0.0212326742472505,0.502724224643755
"VCL",0.210550766950533,0.0380999731013435,36.2947135554574,0.000199926179865903,0.862740989103101
"VCP",3.66425464886699,0.0605570106883755,12.6362363490245,0.0205751820223753,0.165758591785415
"VCPIP1",2.0965991170576,0.246809319841285,22.7181674578457,0.0159458645422827,0.770746018440905
"VCPKMT",2.51229280437884,0.269540698058911,21.1551006559614,0.0175982842134145,0.757544006705784
"VDAC1",5.86661315455392,0.0896804358524728,10.8244968298782,0.0209944210035196,0.174559932942163
"VDAC2",10.1562943895346,0.165106056503393,6.12456196245936,0.0222498343302787,0.177598491198659
"VDAC3",2.08060937155978,0.0651214792920651,20.0147032664059,0.0147036987373127,0.393860016764459
"VEGFA",0.0721758627472066,0.0258939580872603,39.1633026310321,0.00282661095273756,0.935561609388097
"VEGFB",0.219452593286421,0.106682942329103,35.0563576350403,0.0030891886601368,0.935456831517184
"VEZF1",2.91088404030531,0.195082277582651,20.4904506686368,0.0153138427118288,0.622694886839899
"VEZT",2.05773496271287,0.174875877831873,23.7632688795391,0.0129721831003375,0.690486169321039
"VGLL4",0.814154135186795,0.0833084278673362,29.9450936116123,0.00660952518382445,0.734597652975692
"VHL",4.158048631143,0.253032308479599,17.3893802806489,0.0185872965990535,0.618398994132439
"VIM",0.836697769629185,0.00143048661104381,14.6571531710216,0.0218166708456425,0.0996437552388935
"VIPAS39",2.31062965751389,0.403231663808344,18.1432468504725,0.0256274390821445,0.867770326906957
"VKORC1",2.30898399930275,0.314662108124665,20.8343429238238,0.0198867401885467,0.816429170159262
"VKORC1L1",1.9546371378292,0.343480092740264,20.7893395618805,0.0214242125285823,0.859492875104778
"VMA21",3.57940040961638,0.199125074652871,19.0710272440285,0.016275079358253,0.586441743503772
"VMP1",2.50730568502227,0.0937515245291471,19.5065655404644,0.0148012512680067,0.428227158424141
"VOPP1",1.26710222036993,0.0441824012642556,22.9747750030458,0.0124620362712097,0.447611064543168
"VPS11",2.2524948562226,0.431354873712118,17.1898429452868,0.0275498949350757,0.881181894383906
"VPS13C",1.98642222136288,0.129782606954639,23.2994090894045,0.0122821024637522,0.60383487007544
"VPS13D",1.49554740952169,0.267913465655588,24.1035761551565,0.0162531071432315,0.846500419111484
"VPS16",3.26196404679585,0.478216633595563,14.4033033095808,0.0311913262987031,0.861169321039396
"VPS18",3.30166217796197,0.509014805248005,13.303165118694,0.0334198415824205,0.872694886839899
"VPS25",2.63290197700789,0.211279666544932,21.8998949293472,0.0151429709597689,0.690486169321039
"VPS26A",2.84516132203034,0.189778280483189,21.1085632474556,0.0149172308083267,0.633067896060352
"VPS26B",2.58152471838451,0.226306967708248,21.7958184257945,0.0156708038204977,0.710603520536463
"VPS28",117.972722936355,0.78827966203064,6.45851311704475,0.067324472439667,0.293901927912825
"VPS29",4.02922709566492,0.133810397800103,16.87994324775,0.0166594965943327,0.418692372170997
"VPS33A",3.33558217841869,0.598052435003106,10.2383917309983,0.0402303591276397,0.9087384744342
"VPS35",3.85994984990257,0.156407819339194,17.4234704982432,0.016398827838716,0.470557418273261
"VPS36",3.53750452469932,0.240502651800567,18.8009329937156,0.0175181717692545,0.641764459346186
"VPS37A",9.37396185974889,0.529130141302033,7.74762688401835,0.0356039948317539,0.706412405699916
"VPS37B",0.505284732410194,0.0353321948088214,30.6735990067309,0.00545510316255553,0.676760268231349
"VPS37C",0.680027591870092,0.239256986835995,27.8046144444298,0.013139956779181,0.917749371332775
"VPS39",3.40190582464035,0.431602208369863,15.5675071533463,0.027934455884698,0.827849958088852
"VPS41",2.95793258892983,0.369326070444059,18.0394788059789,0.0236787740788648,0.812133277451802
"VPS45",3.80701911261355,0.54809880811311,11.6003139509623,0.0364377736085199,0.874685666387259
"VPS4A",7.16494229408665,0.387214276961124,11.4080806648504,0.0262535948060931,0.63243922883487
"VPS4B",4.15456987420445,0.207172834698823,17.0279479696681,0.0173884396585009,0.538243922883487
"VPS50",2.09106632713659,0.394979405329469,18.7201179495981,0.0249508660005546,0.87384744341995
"VPS51",5.58097768848693,0.272863764308548,14.3867835080281,0.0204321391979278,0.55919949706622
"VPS53",3.18851886809102,0.381891143554352,17.2436961053837,0.0245768676252695,0.806160938809723
"VPS54",1.56855280942312,0.542619299721002,13.6971392438264,0.0356415215005738,0.945201173512154
"VPS72",32.9753119998478,0.746575806530733,2.64134716364645,0.0576146426659859,0.63013411567477
"VPS8",2.09956188489248,0.331542514405197,20.730432806517,0.0207616775294011,0.839375523889355
"VRK1",1.03489855169903,0.166908747099044,28.5397117083856,0.00979731132456882,0.825963956412406
"VRK2",1.61521517830053,0.207518986085927,25.1443970759308,0.0132178459118323,0.784471919530595
"VRK3",3.98042751845079,0.3170117385655,16.9945764789587,0.02124730996312,0.701802179379715
"VTA1",6.32075023642104,0.372411448561138,12.514722772662,0.0251846192372206,0.645746018440905
"VTI1A",7.48579899854959,0.491207241407155,9.81403886386902,0.0327713102308801,0.724853310980721
"VTI1B",6.34300155357644,0.244352781720896,12.77528736778,0.0201799201349162,0.471186085498743
"WAC",5.19585995535973,0.210510559384658,14.4194494098736,0.0186630339498313,0.467414082145851
"WAC-AS1",0.735577861942124,0.158319057420114,30.1618516996174,0.00842186281497817,0.86326487845767
"WAPL",4.75007611519532,0.222903342817142,15.7007720106324,0.0183799601521622,0.523365465213747
"WARS",0.472767223066641,0.0166597836349847,27.9518287719803,0.00811494340981895,0.556265716680637
"WARS2",2.22218042386354,0.369523350668398,19.4138393817146,0.0233067284407703,0.856139983235541
"WASF2",117.722403931515,0.78849817946944,8.39341261982041,0.0704951330441894,0.319258172673931
"WASL",0.678851410816321,0.102249482456031,31.3865179759897,0.00585642060667446,0.811399832355407
"WBP11",4.95449405328194,0.202651319234498,15.2002742040397,0.0182164688009951,0.478101424979044
"WBP1L",1.88480350294712,0.293204849261782,22.3246797326557,0.0182174538674291,0.830155071248952
"WBP2",4.79343721955466,0.180563073536903,14.5334854042174,0.0180966722656612,0.424140821458508
"WBP4",1.72185310061467,0.2019978000379,25.0590926742237,0.0131099259490126,0.773051131601006
"WDFY1",0.999920611925032,0.116067997235658,28.9157383031959,0.00805294835398441,0.755972338642079
"WDFY2",1.94530714210322,0.229029929441887,23.7530302927892,0.0147902718108779,0.774937133277452
"WDR1",3.81036387387294,0.0583980729661065,13.0649278879015,0.0203544097285643,0.176445934618609
"WDR11",1.46839125540626,0.21546842722279,25.4940427342154,0.013318552401899,0.807837384744342
"WDR12",1.42569440500927,0.262898174333681,24.506276757202,0.0158491855830096,0.851215423302598
"WDR13",1.87641736295829,0.269225606365083,23.0550823549861,0.016803925144338,0.815695725062867
"WDR18",2.57463678555753,0.21749258319136,21.7700147559142,0.0153565703236398,0.696248952221291
"WDR20",22.7652714568853,0.76427643829466,3.30690226628028,0.058230708841705,0.739103101424979
"WDR26",2.17023955741676,0.219818762509247,22.9347022624065,0.0148179755351348,0.735540653813915
"WDR3",0.740515157685311,0.221913564646842,28.1710833958121,0.0121477033235513,0.901823134953898
"WDR33",7.23889396235169,0.274564119793716,11.389610915134,0.021498270119377,0.475586756077117
"WDR34",0.490821230199752,0.0762578808916303,33.184134208804,0.00379356378964573,0.825963956412406
"WDR36",1.83310671580358,0.256384596153348,23.4059918438707,0.0160528913417118,0.806789606035205
"WDR37",2.1900831492217,0.320901397404511,20.7722401363297,0.0201726912721637,0.824392288348701
"WDR4",1.03729523264562,0.285692057530566,24.9724945452854,0.0167645869719692,0.90161357921207
"WDR41",1.16491927603893,0.191667611661222,27.3282968653701,0.0114040719720716,0.827430846605197
"WDR43",1.00902528325169,0.110287939566305,28.9489384648039,0.00791329664206118,0.747590108968986
"WDR45",2.75398193641001,0.1847927398755,21.0967614471693,0.0147466146234774,0.624895222129086
"WDR45B",3.50405732581686,0.264337794979081,18.8593576837188,0.0183849632770414,0.679484492875105
"WDR46",3.70712855626802,0.265216550847116,18.0965012312849,0.0186590042301697,0.658005029337804
"WDR48",2.51340759210565,0.223842438717236,21.7653448141609,0.015543432836109,0.705993294216262
"WDR5",2.44704237815163,0.244846763494667,22.1087389261544,0.0162467616828092,0.748637887678122
"WDR54",1.25457340304926,0.135559601362548,27.7534041725374,0.0093972092449748,0.75115255658005
"WDR55",6.75956849677584,0.508742963843427,10.1271791520784,0.0339069302004807,0.760477787091366
"WDR59",1.09258134808095,0.200268507653118,27.3676069669049,0.0116950295615459,0.842309304274937
"WDR6",2.46686868662385,0.253303263886667,21.5843121748735,0.016743539459879,0.745808885163453
"WDR60",0.956100312792074,0.277138886697222,25.4624642062643,0.0161005608861992,0.903709136630344
"WDR61",5.57249694745519,0.367246888163025,14.0023875459969,0.0247115705750386,0.682837384744342
"WDR70",6.09297577522431,0.590006024669421,8.75663418720292,0.0399144257650176,0.833403185247276
"WDR73",6.75813771523645,0.707536359487091,5.45240669615028,0.0497715109026045,0.886839899413244
"WDR74",1.69383924855942,0.116043979690228,24.6182924607005,0.011182676981467,0.621961441743504
"WDR75",2.12123034156162,0.299583212324676,21.595605299957,0.0188276704597071,0.817162615255658
"WDR77",1.75022529213478,0.219370680506987,24.6128756786179,0.0139807288852231,0.786462699077955
"WDR82",3.56774296505479,0.221886586789849,18.6560140664241,0.0169838187666039,0.609073763621123
"WDR83",5.46007474781113,0.534387757368681,10.6768757976728,0.035638723986026,0.818000838222967
"WDSUB1",0.972054247293851,0.350368707992049,22.5699447732945,0.0211740396372357,0.927703269069572
"WDTC1",0.932018576996948,0.199360636402567,28.0004114269618,0.0112798501923976,0.860750209555742
"WDYHV1",2.11690917434899,0.428394161701767,17.6527159734541,0.0273326100735463,0.891135792120704
"WEE1",0.412262785254737,0.0918210048301859,33.7172887615513,0.00372005121119519,0.868503772003353
"WHAMM",1.5802711186338,0.15424866731435,25.6613046099933,0.0112238249156652,0.716156747694887
"WIPF1",1.23513931756473,0.0175685319112589,17.6753951106563,0.0180273544076938,0.230406538139145
"WIPF2",2.31791595696983,0.233503057147355,22.3121940934382,0.0156329592425821,0.737636211232188
"WIPI1",0.201313647822399,0.0452969087622112,36.5407038764082,0.000117185682408871,0.882648784576697
"WIPI2",4.58965175325798,0.205907883842373,16.1898099666816,0.0178209484895655,0.511839899413244
"WIZ",1.20005138827918,0.487681872703587,16.43109663944,0.0313852991633039,0.948134953897737
"WNK1",2.35283709700269,0.102359623751759,20.8614347077868,0.0138082389909514,0.484073763621123
"WRAP73",7.18895549722531,0.475334364514628,10.1804238211597,0.031584231304085,0.715842414082146
"WRB",5.13498193937679,0.45770757893046,13.0152484580237,0.0302147457730524,0.781852472757754
"WRNIP1",1.77026107503238,0.368786897855815,20.275535184475,0.022996057704217,0.882753562447611
"WSB1",1.67851562703748,0.0299831608183288,16.7142191629353,0.0183919789159414,0.225377200335289
"WSB2",1.11927529542169,0.29425143219294,24.3778779214366,0.0174392697851787,0.896374685666387
"WTAP",1.18455349357037,0.03154903232179,21.0608410008083,0.014410280516398,0.363788767812238
"WWOX",1.60369878645806,0.427504612216316,18.4168148217137,0.0270672427714156,0.915444258172674
"WWP1",1.08963879245962,0.223973169191014,26.7065549097972,0.0130167479130216,0.859073763621123
"WWP2",3.14996075086878,0.417092374064351,16.3868278441382,0.026883641591091,0.832145850796312
"WWTR1",0.128540256620308,0.0315487565276543,37.8174259745053,0.00139067789005144,0.901194467728416
"XAB2",4.66047968985548,0.313314797361328,15.4938410826818,0.0214873251071932,0.651299245599329
"XAF1",0.356632362313056,0.0383672606450592,33.5495293780751,0.0027861881353692,0.774518021793797
"XBP1",0.393893320046799,0.00860422470007378,25.8842655354408,0.010268927154554,0.474434199497066
"XIAP",1.9684294266262,0.214580766028138,23.6456535537403,0.0142547045779307,0.749266554903604
"XKR8",2.1132976402481,0.367375671936431,19.6269456467122,0.0230967243845086,0.859807208717519
"XPA",1.94546172847241,0.261237794920969,22.943635445789,0.0164702906959051,0.799979044425817
"XPC",1.19434978513912,0.162396965004818,27.5410335834173,0.0102500287556238,0.787615255658005
"XPNPEP1",3.18513880217922,0.357587597343039,17.9223977061809,0.0230660329278329,0.790653813914501
"XPNPEP3",4.37794233690606,0.587807651101546,9.98924237260596,0.0396142957138258,0.878667225481978
"XPO1",2.35862556690987,0.104429391182652,21.2330524777315,0.0135697167250305,0.499056999161777
"XPO4",1.64773936947335,0.229398383803289,24.4864782862286,0.0143775550849946,0.798407376362112
"XPO5",2.44580259186986,0.398507110519063,18.0812847319663,0.0253627268989018,0.858340318524728
"XPO6",2.00042615469023,0.352237675790188,20.4210277750172,0.0220306263680654,0.861378876781224
"XPO7",4.99784165158062,0.629355102848548,8.35538436210217,0.0429976708849577,0.883067896060352
"XPOT",1.93868943875468,0.216274197114825,24.0100454189881,0.0141821407648004,0.762992455993294
"XPR1",0.870361162453232,0.195181877499471,28.4530687142717,0.0108610138900335,0.868294216261526
"XRCC1",3.33347155464516,0.407437432831253,16.4830265899132,0.0263245490148321,0.820096395641241
"XRCC5",4.25450329729409,0.0954234249170748,13.6534427584692,0.0189410921911405,0.25943000838223
"XRCC6",5.36483897148437,0.0838583189500913,10.1693017247669,0.0215072768111527,0.1418692372171
"XRN1",1.61261708870662,0.11591572322396,24.8673566435717,0.010981818090579,0.629400670578374
"XRN2",5.77667938340667,0.196579821193023,13.4639428187388,0.0189788518942159,0.419321039396479
"XRRA1",1.34952943968713,0.387176667364128,20.3702013687485,0.0240408726778175,0.915129924559933
"XXYLT1",1.98558346322317,0.469868926746871,16.2256598239956,0.0302775076340215,0.910519698239732
"YAF2",1.68353400352259,0.1418164925461,25.3279294544169,0.0111760970588158,0.685875943000838
"YAP1",0.110161498598876,0.0581264780608883,37.8390275332398,0.000751167896153232,0.945725062866723
"YARS",1.90213790574746,0.0940102334357209,22.8532265184718,0.0123200581404187,0.530909471919531
"YARS2",41.2160472415542,0.881015447881126,10.1823060997309,0.0812943419904927,0.790758591785415
"YBEY",3.19798582713463,0.430716571130722,16.0285624294521,0.0278556026253163,0.84094719195306
"YBX1",4.98867726572923,0.0201488520216658,9.38939747926396,0.0249057988859705,0.00785834031852473
"YBX3",0.327923233282582,0.0205258320115169,32.6033649300088,0.00354481481005531,0.713537300922045
"YDJC",3.27558581445699,0.248484427092537,19.523551053528,0.0174964948712107,0.675607711651299
"YEATS2",2.01422730757254,0.345932768640774,20.5619947714336,0.0216249226034014,0.856139983235541
"YEATS4",1.06427345329273,0.121959572705816,28.894537487924,0.00824775333698532,0.76487845766974
"YES1",0.212650080138299,0.064308941336039,36.266997131815,0.000821247889285712,0.905176026823135
"YIF1A",1.64126295027967,0.107606679137916,25.195094762145,0.0107016200734318,0.626047778709137
"YIF1B",3.04353847806885,0.183630780884546,21.006123204139,0.0149224805868068,0.620389773679799
"YIPF1",3.31160902564225,0.424005858826567,15.9996940936704,0.0274154596556869,0.829945515507125
"YIPF2",3.61069782369212,0.396813222150588,16.2278777201278,0.0257101259907841,0.796207041072925
"YIPF3",4.1425497843008,0.139635625539125,15.5432250976734,0.0173409005025368,0.387992455993294
"YIPF4",4.96915197283048,0.218300293766195,15.454688133697,0.0184465200066937,0.509325230511316
"YIPF5",1.81930447027696,0.0910139906183823,22.8166735392769,0.0123128184631746,0.524518021793797
"YIPF6",1.47749080042464,0.135272120811846,26.1429111008614,0.0104566753685539,0.700544844928751
"YKT6",7.4250483867679,0.442523749356316,10.4819412720495,0.0295296830519206,0.679798826487846
"YLPM1",2.94114148771014,0.276054051637036,20.0712115852885,0.018359373275481,0.734073763621123
"YME1L1",5.04887256341308,0.160292247376452,13.7273088675869,0.0184178243621234,0.369341994970662
"YPEL2",0.507561911934548,0.0457193637660116,31.6639408148652,0.00461648312618512,0.726320201173512
"YPEL3",0.962651059246441,0.0936276503844185,28.7576024457643,0.00771893173215028,0.714165968147527
"YPEL5",1.39699568902439,0.0289897000578147,18.2712943324675,0.0170239906753993,0.271269907795474
"YTHDC1",3.56748924229117,0.132847435638399,17.3432993983851,0.0162514871284384,0.429694048616932
"YTHDC2",1.72616993831048,0.243513773390489,23.9743094505008,0.015221068706053,0.804484492875105
"YTHDF1",3.1146470811154,0.558846091751904,11.7938103205739,0.0371597763550795,0.900565800502934
"YTHDF2",5.89393315586377,0.18942457958489,12.7331887797906,0.019169935384101,0.387363788767812
"YTHDF3",4.21011046548016,0.334003435640345,16.5212645392242,0.0222745019992491,0.712070410729254
"YWHAB",2.92034434282006,0.0163541297793132,10.7459985331923,0.0242972140469282,0.0226320201173512
"YWHAE",5.23844554641013,0.0884796124813475,11.9413723264222,0.0202960261754865,0.202116512992456
"YWHAG",1.60358060698972,0.0749620832878544,23.8448850950919,0.0115367099631496,0.529233025984912
"YWHAH",1.08119440930177,0.0332218945618259,23.4463990896284,0.0122125225879286,0.442686504610226
"YWHAQ",2.7060429552228,0.0390657716083299,13.9656633360104,0.0203856863512875,0.162510477787091
"YWHAZ",5.29898677867334,0.0262711165998535,9.00339824882835,0.0248262097130731,0.00953478625314334
"YY1",4.93935366618443,0.120596056671911,13.0213892878058,0.0189892492240431,0.28489103101425
"YY1AP1",6.22828231724983,0.369520599437287,12.6543456358121,0.0249981674678999,0.645955574182733
"ZADH2",1.17966244025204,0.287586976201903,24.4483263306326,0.0170716863690045,0.888097233864208
"ZBED1",1.24202276818457,0.176854316997354,27.2241381812192,0.0109352627180792,0.800712489522213
"ZBED5",1.92888479154966,0.259599026324675,23.0532653028946,0.0163552896248558,0.800817267393127
"ZBTB1",1.32050133290766,0.0562200826432031,23.4430985011462,0.0119016186834582,0.483549874266555
"ZBTB10",0.256100847399119,0.0680275900874244,35.634056645423,0.00147203894765603,0.890926236378877
"ZBTB11",1.46146734290111,0.178518968079137,26.1317189316898,0.0116416817100292,0.769383906119028
"ZBTB17",2.98460820486251,0.368527161669641,17.9462220666052,0.0236340614473004,0.808151718357083
"ZBTB2",1.8255178041722,0.234398525100258,23.9238727962661,0.0148897431420907,0.788663034367142
"ZBTB20",0.373117260458486,0.0593759801998172,34.0527917836615,0.00266639287603534,0.825859178541492
"ZBTB25",1.31980959451698,0.186943088880069,26.5337646964255,0.0116664750533613,0.795264040234702
"ZBTB33",0.772442594362767,0.230442327190658,27.7316986614204,0.0127619501184875,0.901508801341157
"ZBTB38",0.824078275940368,0.0298612470908629,25.3042692128538,0.0105196529044494,0.495284995808885
"ZBTB4",1.58129335447151,0.346382605404678,21.3597804873856,0.021347663568391,0.882544006705784
"ZBTB41",1.18318185082219,0.404403574431167,19.961550487857,0.0251948583580878,0.929589270746018
"ZBTB43",1.68336319271612,0.163965591993515,25.2817810349705,0.0117370853473343,0.719928751047779
"ZBTB44",1.37636686359089,0.150365884203795,26.8141324957534,0.0103877334213976,0.74570410729254
"ZBTB7A",1.73252581804098,0.186751102250408,25.0464965427458,0.0125735113046875,0.748742665549036
"ZBTB7B",0.762457566195328,0.207920808674045,28.590772264252,0.0113144334180872,0.892812238055323
"ZBTB8OS",3.2603882313023,0.238077143376277,19.7760961912001,0.0170476607202901,0.66733025984912
"ZC3H12A",0.625935067743114,0.029529921172739,28.0731173992146,0.00791185097395781,0.583193629505448
"ZC3H13",2.39512549376949,0.14118514895812,22.0539285764959,0.0133207412988259,0.584450963956412
"ZC3H14",5.65933904867763,0.460285158933048,12.1856812498964,0.0304142572370716,0.759325230511316
"ZC3H15",118.508072306557,0.773438671833386,5.5097058194392,0.0659360543410462,0.283424140821459
"ZC3H18",2.16218734560996,0.142638388200732,22.978047472678,0.012729311066356,0.614941324392288
"ZC3H3",4.64517112974223,0.504822398009259,12.123034784711,0.0333377104827906,0.824182732606873
"ZC3H6",0.496651746031052,0.152054791882371,31.6295875885973,0.00719551466125607,0.899622799664711
"ZC3H7A",1.75629494931883,0.133949756183399,24.4961101516082,0.0115336141108637,0.647422464375524
"ZC3H7B",1.14289371343355,0.207052514615094,26.9640210448034,0.0121848243895597,0.840423302598491
"ZC3H8",0.833783775867396,0.0875236564725704,29.7512335570473,0.00682904151581513,0.735435875943001
"ZC3HAV1",1.09020354266307,0.0296974963932859,21.8626317879982,0.0137216970374179,0.385687342833194
"ZC3HC1",11.0607509856393,0.801238353365733,3.14875145432647,0.0596104806113859,0.888935456831517
"ZCCHC10",10.937523087894,0.524638184276365,6.72175859146116,0.0353995260298123,0.665025146689019
"ZCCHC17",4.29624021860287,0.302997506645835,16.9674313062042,0.0207627160620768,0.679694048616932
"ZCCHC2",1.71076302787146,0.308238897596836,22.3501026785959,0.0189646313391026,0.854253981559095
"ZCCHC3",1.3933118621809,0.465172738497331,17.1450626402513,0.0297522224852663,0.934723386420788
"ZCCHC7",2.73975364789999,0.295962893229429,20.1739446705483,0.0191977103749393,0.767497904442582
"ZCCHC8",3.63067850352801,0.318590764268715,17.9289018601795,0.0210994296113962,0.732292539815591
"ZCCHC9",2.36549048970109,0.248725114387737,22.2022676505826,0.0163387963542146,0.757544006705784
"ZCRB1",2.24482202093551,0.128174647755259,23.0459391199776,0.012545987158528,0.593776194467728
"ZDHHC12",1.30877923426395,0.0933320812939348,26.8401883240023,0.00927162735304745,0.65360435875943
"ZDHHC13",1.22281096324913,0.26714321442512,25.0369928976114,0.0158158102703133,0.874476110645432
"ZDHHC16",3.3288328400881,0.270447839452962,19.2656198779783,0.0184723055376309,0.700963956412406
"ZDHHC17",1.55716353596979,0.276489714370308,23.6832359602452,0.0168445993619574,0.846709974853311
"ZDHHC18",0.780877422968128,0.177486680228944,29.3481398076146,0.00963069354301671,0.868294216261526
"ZDHHC2",2.07821315719596,0.570093839142236,12.1375936697629,0.0378428869239479,0.935037720033529
"ZDHHC20",2.11303538289635,0.241381305944446,22.86400395767,0.0156813108648729,0.766764459346186
"ZDHHC21",0.785857359589308,0.198708953858067,28.7009129961299,0.0108526424401146,0.881705783738474
"ZDHHC24",2.5985189196976,0.275882573322451,21.0954273021839,0.0179750306817185,0.765088013411568
"ZDHHC3",8.24734667606139,0.440447487789127,9.78787195120534,0.0295834790598715,0.654547359597653
"ZDHHC4",3.48996488652427,0.426260918264903,15.7449073249089,0.0276394479665912,0.824811399832355
"ZDHHC5",2.3944398630141,0.33819864621703,19.8883005449547,0.0213898632485113,0.823134953897737
"ZDHHC6",10.9275401197303,0.519768846846903,6.58841807979087,0.0349445058376515,0.655804694048617
"ZDHHC7",2.81839984305732,0.306465038624091,19.7228701134746,0.0198427525796166,0.769593461860855
"ZDHHC9",0.275548595415754,0.145396613619799,33.2639866405727,0.00581335696835315,0.94080050293378
"ZEB1",0.878372794736532,0.0844101200478006,29.3244771156221,0.0071263709986673,0.716785414920369
"ZEB2",0.708625189740371,0.0256237246159064,26.183537847375,0.00974113127220192,0.515716680637049
"ZFAND1",3.16469359465724,0.289959518407747,19.3903121890041,0.0192533856065384,0.734178541492037
"ZFAND2A",0.449713769236288,0.0208324299669794,29.1770679593309,0.00688023409801559,0.603206202849958
"ZFAND2B",2.43402615262847,0.217813592038901,22.2694491591975,0.0151243828186783,0.71196563285834
"ZFAND3",3.75433304844176,0.234810699607997,18.1786595120846,0.0175961411134634,0.614522212908634
"ZFAND5",1.49513551940298,0.0325105942490497,19.0499032899177,0.0162193222060696,0.303122380553227
"ZFAND6",3.60826679969131,0.152541708200212,17.6325064137181,0.0161722810132095,0.470138306789606
"ZFAS1",2.0512428341992,0.0175217897656094,13.0720815728956,0.0222556786355363,0.0900041911148365
"ZFC3H1",2.23729906417174,0.161923215876309,22.8980816576445,0.0131622164269317,0.643440905280805
"ZFHX3",0.255998787621272,0.115876050823301,34.4691933440501,0.00385935328305809,0.931580050293378
"ZFP14",0.878004105196851,0.273974193748378,25.7845183938681,0.0157881170215873,0.908948030176027
"ZFP36",0.604274504421459,0.00285888071672562,16.7286462746192,0.0196746966917399,0.167435037720034
"ZFP36L1",0.830629377705017,0.00535424298727938,16.8043107987264,0.0194562034789872,0.176550712489522
"ZFP36L2",0.735990135601738,0.00471040628239895,16.7572838765117,0.0195401717587719,0.172988264878458
"ZFP62",1.10664790692091,0.444925397065701,18.3876511502528,0.028148457398116,0.943524727577536
"ZFP64",1.58423066736248,0.391571324159532,19.7775078752739,0.0244759210433927,0.902766135792121
"ZFP91",1.45546889017551,0.306201332510111,23.1324972738872,0.0185789488020741,0.875628667225482
"ZFPL1",4.6985645453071,0.428602772636783,14.0170993695584,0.0281194980251549,0.772422464375524
"ZFR",3.69442337229616,0.159359110237587,17.8193100359117,0.0161751357394205,0.486797988264878
"ZFX",3.85593847721216,0.379841482436568,16.2139104484351,0.0247364712521363,0.770431684828164
"ZFYVE16",0.505029377942489,0.092418536392737,32.7628717014273,0.00450349649957613,0.839061190276614
"ZFYVE19",2.75944105481205,0.469320947244446,15.2984633833111,0.0304386427366491,0.877619446772842
"ZFYVE21",1.27904111269312,0.200344510339148,26.6231877903811,0.0121295512808278,0.819153394803018
"ZFYVE27",4.8341240022038,0.452993731078597,13.1055587306287,0.0297014060417045,0.77975691533948
"ZHX1",1.64580081076255,0.245725465347839,24.3678681959932,0.0151691934517447,0.819991617770327
"ZHX2",0.643014137360748,0.0875178227067503,31.3584680831749,0.00552021271537943,0.786357921207041
"ZKSCAN1",1.8382003477553,0.17424927162904,24.6029864295394,0.0124427415366583,0.715318524727578
"ZMAT2",4.5659899547485,0.170021776939842,15.2128706740683,0.0176868398468459,0.427388935456832
"ZMAT3",0.591152443436062,0.100890433647174,31.9550535210773,0.00536216088000234,0.82722129086337
"ZMAT5",3.90881896264958,0.383429867063292,16.2018958125486,0.0250044663355984,0.774937133277452
"ZMIZ1",0.731994910272629,0.0855243598633325,30.7980515533552,0.00595780905929334,0.765297569153395
"ZMIZ2",1.29465744103418,0.17686130791136,26.9477811889428,0.0110991802566195,0.792120704107293
"ZMPSTE24",2.65609751802048,0.224800069590489,21.4123263764006,0.015771103103338,0.696668063704945
"ZMYM2",1.64647449995832,0.10500167791268,24.3538991618155,0.0112289933417652,0.595452640402347
"ZMYM4",1.18195038434559,0.219219657178428,26.5354816181312,0.0129193829429666,0.846186085498743
"ZMYM5",2.13570030160241,0.174632664897308,23.3036594543781,0.0132149412214404,0.676026823134954
"ZMYND11",1.51514057551254,0.189080532568746,25.7483131058395,0.0122135315585045,0.774203688181056
"ZMYND8",0.667755575813689,0.132230834828254,31.0212359324906,0.00695225644849023,0.848491198658843
"ZNF106",1.5564633376332,0.105789727548457,25.1913986149056,0.0106403031968708,0.622799664710813
"ZNF12",1.70203727214917,0.393384362104869,19.4746847833992,0.0246584447537789,0.895850796311819
"ZNF121",1.49809886842172,0.323839363054287,22.3473223622469,0.0197782460571269,0.878562447611065
"ZNF131",2.5010036081355,0.212314833711234,21.9393806880624,0.0150797079151588,0.693419949706622
"ZNF136",0.916448395899444,0.301401304108599,24.6368212032059,0.0176943563350298,0.915968147527242
"ZNF138",1.44922206362161,0.379879064844817,20.4434281457428,0.0235760926008478,0.905909471919531
"ZNF140",1.09826336670148,0.227794668449299,26.5885192640498,0.0132475425697116,0.861378876781224
"ZNF143",0.960888699398335,0.195807967814829,28.0648984901829,0.0111193973200835,0.857082984073764
"ZNF146",4.53607945893489,0.286718867742191,16.2953763088681,0.0202204407376441,0.635896898575021
"ZNF148",3.75047708735036,0.250433317015181,18.1269522851595,0.0181263666317033,0.636630343671417
"ZNF160",1.70006821155411,0.355065569501992,20.8163080855916,0.0220151854164602,0.878772003352892
"ZNF189",0.898101196594642,0.302137229983288,24.6734010119068,0.0177227076398153,0.918273260687343
"ZNF195",2.20286554823173,0.299335327920021,21.3287144143572,0.0188970814839734,0.808570829840738
"ZNF197",1.29661871561723,0.492994848658224,16.0946939683026,0.0318135935287291,0.945305951383068
"ZNF200",1.85022090164171,0.381849027969871,19.6209757356707,0.0239316072252973,0.882334450963956
"ZNF207",8.73186034059207,0.172503286295733,7.51308570128716,0.0215121571506104,0.221081307627829
"ZNF212",2.82655120695665,0.516272346627837,13.5473599571711,0.0338846000326419,0.893336127409891
"ZNF217",1.52857168399208,0.161115931904358,25.9463025708723,0.0112320106456315,0.735959765297569
"ZNF22",1.78639530440122,0.136690882260212,24.6664820290092,0.0115026024396963,0.657166806370495
"ZNF224",2.0281234076895,0.264877145194282,22.5149788621741,0.016792431730619,0.792435037720034
"ZNF226",2.87866876141797,0.437538766089294,16.1067841238204,0.0281874879743834,0.854882648784577
"ZNF227",3.43461666463607,0.54895375225991,11.8808829304515,0.0364521016135159,0.88673512154233
"ZNF24",3.88506180691889,0.184961222597888,17.2791204929669,0.0167757137299679,0.511106454316848
"ZNF26",1.41147888669047,0.396809962949057,19.8425337329903,0.024755205085294,0.913453478625314
"ZNF260",0.777971164117526,0.170984567509102,29.5278220434717,0.00927499629840559,0.863579212070411
"ZNF263",2.78778609515854,0.430130519671271,16.4992896053524,0.0276523181567099,0.856139983235541
"ZNF264",1.70493010510303,0.340015330751725,21.3082409562915,0.0210132565349816,0.870913663034367
"ZNF267",1.07317336593672,0.0714771432636453,27.1359602354722,0.008788710147977,0.626047778709137
"ZNF274",0.940782233154195,0.242017527855599,26.7009240678067,0.0138177618511928,0.887363788767812
"ZNF276",1.25714377801306,0.289153353493863,24.1115976602764,0.0172746088343042,0.880029337803856
"ZNF277",2.81106912225897,0.314946866624708,19.6219852910599,0.0203093062127148,0.779233025984912
"ZNF280D",1.63852682919114,0.217287061838083,24.9078374304742,0.0137162716219739,0.792435037720034
"ZNF281",2.05270791986395,0.162985572392267,23.6339044869622,0.0127291447181846,0.667644593461861
"ZNF292",2.00997892736371,0.0896575686480393,21.718091331951,0.0131547910085785,0.488474434199497
"ZNF3",5.24683195824831,0.59584301652579,9.1613785626614,0.0403177683788935,0.859073763621123
"ZNF302",1.91286890849595,0.27826864357081,22.6353300337232,0.0173761224350528,0.816743503772003
"ZNF316",2.20215587653325,0.60824029770558,10.5028193345853,0.0408272566446716,0.940905280804694
"ZNF317",2.05324048626447,0.407078965847456,18.3916930771751,0.025777880115484,0.882124895222129
"ZNF32",2.73026790692801,0.32649180299073,19.4292049510933,0.0209174074145808,0.790968147527242
"ZNF322",1.69080702727731,0.29204364048986,22.8602612920541,0.017942451117832,0.845138306789606
"ZNF324",1.26992603388565,0.42578673441956,18.9341735307652,0.0267939045726414,0.930322715842414
"ZNF326",1.63608151806313,0.0973079924350288,24.4934811903325,0.0110884708982915,0.587070410729254
"ZNF330",5.57533354264345,0.376126866437308,13.5883958213131,0.0251531121541962,0.683570829840738
"ZNF331",0.248356269510833,0.0117012932978355,32.1548957695024,0.00394687696296279,0.683570829840738
"ZNF335",1.79026449410138,0.227514997575609,24.0889516154842,0.0145160707380286,0.783109807208717
"ZNF33A",2.19385872165329,0.251013125446383,22.4701922067739,0.0162616937825086,0.769488683989941
"ZNF33B",1.70660001942363,0.353669692787834,20.8949885877316,0.0219276481928177,0.878981559094719
"ZNF385A",0.17639407725742,0.0462868168038795,37.0216887309234,0.00030463202122176,0.899832355406538
"ZNF394",3.66841239950304,0.290185826930282,17.9149186511941,0.0197179616576873,0.689962279966471
"ZNF395",0.438781881600186,0.24814428318766,28.3057208567138,0.0133025899557556,0.947820620284996
"ZNF397",0.916773485344795,0.237749259154853,26.9353369118163,0.0135054784009414,0.887992455993294
"ZNF408",39.9842770393871,0.925109152343573,12.460626293998,0.0894154101347346,0.868608549874267
"ZNF414",3.52047259368166,0.631842841988576,8.95941129500364,0.0429588817954889,0.917120704107293
"ZNF428",3.23633624828035,0.178961667973626,19.8981327149384,0.0153603133281669,0.579735959765298
"ZNF429",6.25283159470777,0.790879438193778,3.01325058599499,0.0569430357095418,0.930637049455155
"ZNF431",1.41377116575982,0.195939397349258,26.0232950647658,0.0122862771321601,0.793587594300084
"ZNF44",1.01242794025994,0.28805972546976,24.8697569593096,0.0169043481837329,0.902242246437552
"ZNF444",2.36032559029415,0.330773545913582,20.1821432298356,0.0209072202264867,0.82093461860855
"ZNF445",1.15540346554938,0.383817078400556,20.8574719735214,0.0236912473844443,0.925712489522213
"ZNF451",3.29590789847714,0.281882937823484,19.0630025155839,0.0189885912846975,0.712175188600168
"ZNF480",0.840951788434852,0.261275229819037,26.3701874514928,0.0148897494602651,0.907376362112322
"ZNF493",1.11375553575206,0.20935853973645,26.9772542082138,0.012260251147647,0.844509639564124
"ZNF511",3.19415699052695,0.267675488687323,19.8262480864466,0.0181820133536448,0.713642078792959
"ZNF512",1.23021735701377,0.327339708072758,22.8902429746255,0.0197779701016234,0.901299245599329
"ZNF518A",1.01971067738929,0.239712741238847,26.5553925437,0.013800203648183,0.879086336965633
"ZNF524",2.96816505922438,0.275281531071694,20.0809573942246,0.0183403049477597,0.7331307627829
"ZNF544",0.851335658271465,0.241694604607376,27.0709892086311,0.0136247050608795,0.898470243084661
"ZNF557",3.03248235958573,0.573435723753692,11.3141548488256,0.0382600190667666,0.90790025146689
"ZNF561",0.636987421127334,0.156172047229927,30.6582421006398,0.00799817160306486,0.875523889354568
"ZNF562",0.949496795051171,0.249972957381206,26.4362477301248,0.0143257964454681,0.891554903604359
"ZNF567",1.18339423666994,0.296131851314113,24.0794878965208,0.0176434426724219,0.889983235540654
"ZNF576",7.76878724357579,0.693464310834792,5.62309472033137,0.0487720623180745,0.863788767812238
"ZNF580",1.90655055210251,0.184558938442656,24.6345172644779,0.0127902022481474,0.732502095557418
"ZNF581",8.32468273732561,0.437061248667001,9.66798960994005,0.0293606053906487,0.646584241408215
"ZNF592",1.7207319674139,0.234027221345843,24.2252041485299,0.0147131843943318,0.797464375523889
"ZNF593",1.30010610143062,0.10005099926986,27.0041490823029,0.00922679578144282,0.669844928751048
"ZNF598",1.91996844174961,0.474828831638633,16.1110885729299,0.0306240742680364,0.914815590947192
"ZNF605",0.56318759016696,0.299236529546644,25.7307518723979,0.0171282558255708,0.947401508801341
"ZNF609",0.849373318427462,0.303208742944203,24.7891006040882,0.0177395078835321,0.92361693210394
"ZNF621",1.29925161959525,0.374596524329612,20.9417722942635,0.0231163709948933,0.913663034367142
"ZNF622",6.2957883701809,0.349224851152527,12.679789117119,0.0239821187118163,0.618294216261526
"ZNF627",0.543316551251046,0.23937767439047,28.2636100261079,0.0128970133670028,0.932523051131601
"ZNF638",2.88987257105628,0.135905873951407,19.6301307085752,0.0147873003405118,0.502514668901928
"ZNF639",2.1941962334104,0.419521111602218,17.7607186137334,0.0267116899755618,0.880972338642079
"ZNF644",3.29188601675832,0.188909775300768,19.4640695479359,0.0157547323488114,0.582250628667225
"ZNF652",1.17402213478756,0.369896734119315,21.3941709502491,0.0227069606477834,0.920787929589271
"ZNF654",1.96996738320035,0.524879624444641,14.0646555170427,0.0343738522914251,0.927074601844091
"ZNF655",3.58482340740093,0.231494288086387,18.7339452162141,0.017264411286277,0.626047778709137
"ZNF664",1.72715770001643,0.225398578361717,24.4447837367823,0.0142729999363064,0.790758591785415
"ZNF668",4.28663959502901,0.580078035259474,10.3083862872062,0.0390099184967261,0.877933780385583
"ZNF669",0.972745164349315,0.341630855050307,22.9150923839892,0.0205540621824931,0.924874266554904
"ZNF672",1.98968054764703,0.259652213809295,22.9134287404432,0.0164306533919253,0.796521374685666
"ZNF680",1.3121969373131,0.43507963726162,18.4895326807347,0.0274934814294162,0.930637049455155
"ZNF687",1.57756798585396,0.463654260932162,16.9535619433742,0.0296904351353227,0.925607711651299
"ZNF688",1.64476643484924,0.30679357125825,22.5860008614852,0.0188078913496264,0.859388097233864
"ZNF689",1.26553663641403,0.281959356931776,24.4037186634013,0.0168125789432689,0.877829002514669
"ZNF692",1.23608022118085,0.38103902718479,20.8148673800185,0.0235381176506333,0.919844928751048
"ZNF7",2.73866266091586,0.499028281390106,14.2793319793331,0.0326008400334428,0.890611902766136
"ZNF706",1.93572104656242,0.0307726769938019,15.7054548758862,0.0192555448747196,0.196668063704946
"ZNF720",2.05673422057504,0.326148199274363,20.9993269114058,0.0203893919551688,0.839480301760268
"ZNF721",5.4828237796402,0.439975417270558,12.7382214808339,0.0290193044654697,0.748113998323554
"ZNF738",2.68579802185081,0.485823995836061,14.7969717489395,0.0316155880365813,0.887154233025985
"ZNF75A",1.30608893259841,0.254271523527145,25.1451371141831,0.0151560205580795,0.857711651299246
"ZNF76",4.56790348994777,0.563422913403801,10.5924475275634,0.0377396430960512,0.861169321039396
"ZNF770",1.88223642003332,0.193112109416558,24.2758023756997,0.0131986882030674,0.735016764459346
"ZNF780A",1.1241108196851,0.399228555558742,20.265122795696,0.0247870313344976,0.931265716680637
"ZNF790",1.06646179639876,0.468138513826636,17.43023309107,0.0298691680303891,0.949811399832355
"ZNF791",1.65996256239682,0.227389285925032,24.5693573877372,0.0142732434290707,0.79777870913663
"ZNF800",3.38609702532604,0.173048919153422,18.8360391824133,0.0157605439580873,0.538558256496228
"ZNF821",0.61906845028421,0.166311790358488,30.4892471166993,0.00848108369974113,0.886420787929589
"ZNF83",1.04038735942866,0.237664087028085,26.489676881543,0.0137286892590709,0.87384744341995
"ZNF830",4.17207630373409,0.336007393170859,16.4999604724687,0.0223576403283591,0.714480301760268
"ZNF84",2.11642071236384,0.306541137345137,21.3490538984182,0.0192416887323959,0.820305951383068
"ZNF91",1.32998847494178,0.212403292502309,26.0347658949636,0.0128966103934029,0.819886839899413
"ZNFX1",1.77522954853159,0.131530547966811,24.5882528565105,0.0114536762624312,0.646374685666387
"ZNHIT1",8.18850704087887,0.232234919347111,10.1861513716563,0.0210814253304184,0.382020117351215
"ZNHIT2",4.64389143190507,0.576631228085885,10.0857965257153,0.0387306423132179,0.864207879295893
"ZNHIT3",9.80907457694161,0.367567690742021,8.29030030817576,0.0258873797381401,0.514354568315172
"ZNHIT6",1.13867037702287,0.277205463621808,24.9085579606581,0.0163495126768078,0.886316010058676
"ZNRD1",5.16887834171933,0.169865158592225,13.8620332619319,0.0184243647666622,0.388621123218776
"ZPR1",5.77258938962444,0.305130275229177,13.8245399906923,0.0217649428556835,0.589480301760268
"ZRANB1",1.6828918433828,0.336920294704345,21.5173085792277,0.0207924639141648,0.872590108968986
"ZRANB2",1.98801428764104,0.101763394574659,22.4802198670172,0.0126061502424763,0.532376362112322
"ZRSR2",2.70935581942357,0.369518707414505,18.373641669482,0.0235521258133473,0.823344509639564
"ZSCAN16-AS1",1.97317333669368,0.331866832270813,21.0532983303952,0.0206861633146074,0.849958088851634
"ZSWIM7",3.43447097762432,0.365013252510572,17.3468391971212,0.0236516491291165,0.783633696563286
"ZSWIM8",1.67901559406302,0.332740604287137,21.5640276127368,0.0205146593139761,0.867770326906957
"ZW10",1.91156774488784,0.394335189525415,19.1117722749424,0.0248320096390946,0.885373009220453
"ZWILCH",0.729207706676818,0.213067063236067,28.6052918406597,0.011536166434803,0.901404023470243
"ZWINT",0.164384750411327,0.0230873948948641,36.8583844476381,0.000612851534373099,0.855930427493713
"ZYG11B",0.958442651039241,0.295012715679934,24.7920835235639,0.0173033903510506,0.910729253981559
"ZYX",1.65095803428742,0.0364353632451556,19.6973714833431,0.0155555620668131,0.331726739312657
"ZZEF1",1.018323807084,0.136711254538018,28.6808583369755,0.00872921371963421,0.782062028499581
