"genes","r_est","p_est","r_rmse","p_rmse","zero_prop"
"A2M",0.0255232941389652,0.00368465810290333,23.3205575941014,0.0280917467050971,0.940035799522673
"AAAS",2.39326193799992,0.314850012486379,13.245229939528,0.0181034940083507,0.813693317422434
"AACS",0.740727290253365,0.172560065092419,17.8014071790857,0.0222696224242709,0.875447494033413
"AAGAB",3.22546608069517,0.282623749461696,12.4356581764868,0.0155654546560123,0.728520286396181
"AAK1",0.852500213330259,0.0332271182396078,14.5158944807734,0.00533500397710463,0.507756563245823
"AAMDC",1.65894495839322,0.266055034360622,14.7897530588631,0.0194921386206639,0.836515513126492
"AAMP",6.22417719488941,0.208193132891561,7.81303473010356,0.00404346825716144,0.408562052505967
"AAR2",5.23529288093679,0.430013945377056,9.90654258638989,0.0150023286409592,0.754474940334129
"AARS",0.838863909572155,0.0962531855307251,17.6075537281105,0.0180104886393947,0.761784009546539
"AASDH",1.24905224480277,0.360832439631796,13.9105409545586,0.0206124940979656,0.914976133651551
"AASDHPPT",2.74402263010562,0.162391386072644,12.4345429012276,0.0101631169246128,0.581742243436754
"AATF",4.17165304168602,0.228289357540659,10.912423602754,0.0106104941310183,0.58472553699284
"ABCB7",3.19122068157767,0.321613813459352,12.2843791316248,0.0165343000939279,0.767601431980907
"ABCB8",1.89521267334526,0.320218812185709,13.7933293379589,0.0192840030445478,0.852028639618138
"ABCC1",0.966373008942365,0.126813686014167,17.2031740509395,0.0187559268007217,0.782219570405728
"ABCC5",0.739227129163451,0.142110538965471,18.1228325405728,0.0216430182575464,0.851431980906921
"ABCD3",1.18408646394587,0.278687671127932,15.3856228745979,0.0210851222345462,0.886485680190931
"ABCD4",2.58202086143,0.278075558685569,13.1930559875583,0.0168995913432181,0.765214797136038
"ABCE1",2.03785550756724,0.14398226779494,14.3022483595939,0.0129792093154201,0.652595465393795
"ABCF1",2.40489913986823,0.102733549032956,12.3558663001031,0.00580992221943729,0.497464200477327
"ABCF3",1.83023536364899,0.184296514592397,14.7823718053807,0.0162455370997347,0.731056085918854
"ABCG1",0.267160325162892,0.0346425573322526,20.2321130529156,0.0211337001614779,0.815930787589499
"ABHD10",1.05062656668526,0.245500311754243,16.1062417587011,0.0214350699096794,0.881712410501193
"ABHD11",0.108690348893746,0.0452126936587927,22.1599866932866,0.0270804057180803,0.935113365155131
"ABHD12",2.08297691353903,0.173167074466892,14.3642335629535,0.0147308672647539,0.694063245823389
"ABHD13",2.34170669153912,0.228662553280188,13.7878839838507,0.0161619765078901,0.73508353221957
"ABHD14B",2.26042530388777,0.170985604164237,13.920339803981,0.0136797936141344,0.668257756563246
"ABHD17A",1.29492083864441,0.179343679090048,16.1640442382074,0.0189614149544516,0.797285202863962
"ABHD17B",1.04077828768012,0.206022071281313,16.6364934794067,0.0210820987974941,0.857696897374702
"ABHD18",2.34106649655192,0.341735894552101,12.9699672921153,0.0183966044139253,0.833233890214797
"ABHD2",0.695756739144874,0.119458841009769,18.3327978945111,0.0210535984466585,0.832040572792363
"ABHD3",1.05855408839541,0.0874299921170505,16.4377628926097,0.0145567905210805,0.687798329355609
"ABHD4",1.36182841921878,0.308851766573731,14.6182387637166,0.0205428729457773,0.884397374701671
"ABHD5",0.62374050313437,0.0348106263742347,16.8546214000306,0.0118162377340795,0.634546539379475
"ABHD8",2.73242573074899,0.605746889249923,8.76623202408523,0.0158874877077718,0.929445107398568
"ABI1",1.45942989613251,0.0350742193635607,11.3973300197733,0.00280538366197352,0.347255369928401
"ABI2",1.57921626530697,0.17825531606242,15.5775267677015,0.0175891668425704,0.764319809069212
"ABI3",0.235434151067397,0.0387370284069041,20.7322684826275,0.0227727852208674,0.848747016706444
"ABL1",0.286867687398213,0.104116400215895,20.307461461843,0.0251656967441564,0.916766109785203
"ABL2",0.179186760666126,0.0138359344423997,20.3427881648345,0.0200604043431644,0.792064439140811
"ABLIM1",0.417210015794838,0.0275669584035429,18.1703685256587,0.014895672985421,0.694510739856802
"ABR",1.15890042800749,0.209076486328509,16.3281925908792,0.0205487230770971,0.845167064439141
"ABRACL",1.2084428978718,0.0248524127617937,11.296105766322,0.00424153266671263,0.324880668257757
"ABT1",3.54034364137641,0.167037632855118,11.172590860087,0.00776863078009446,0.52326968973747
"ABTB1",0.930395995788562,0.110341943784015,17.2394209059916,0.017943378495552,0.761784009546539
"ACAA1",2.2989707915092,0.149915801510064,13.4567229482861,0.0115455444676014,0.617392601431981
"ACAA2",2.24178919908813,0.208638166056675,14.1497667739414,0.0159572770181162,0.728072792362768
"ACACA",1.77534703584496,0.34622275676934,13.596795117711,0.0196176889991621,0.875298329355609
"ACAD8",1.89291707283006,0.321586838465791,13.731665845595,0.019245293473853,0.850835322195704
"ACAD9",1.84601839044317,0.349318277784351,13.4628194113756,0.0194605903913765,0.871718377088305
"ACADM",2.70283873675299,0.247150828599163,13.27147213266,0.0158334766315409,0.730011933174224
"ACADS",1.27758985257092,0.340096126343658,14.2265172211536,0.0206720450227263,0.904683770883055
"ACADVL",2.66057601259931,0.0630332487524169,9.44634280837544,0.00460167367762793,0.293257756563246
"ACAP2",2.76385147717418,0.103207520512945,11.1741907628215,0.00319292198530897,0.438693317422434
"ACAT1",1.10916951015418,0.168664910693041,16.8133813367127,0.0198732024110354,0.817273269689737
"ACAT2",1.04442064763054,0.112019649308825,17.0085733427048,0.0174338183111712,0.751491646778043
"ACBD3",2.49254459657653,0.268077203928979,13.5651599108914,0.0171387674965667,0.771479713603819
"ACBD5",2.95589912750925,0.352871222881193,12.2391190919818,0.0173509646127308,0.804445107398568
"ACBD6",2.38590969051198,0.217893330573732,13.8613146487666,0.0157843972297927,0.72464200477327
"ACD",1.99106852338042,0.1702844202435,14.4150740390432,0.0147435181194813,0.693466587112172
"ACER3",0.565194153779735,0.0889501556088065,18.9762375763803,0.0210151025774666,0.824433174224344
"ACIN1",4.02021090786748,0.149955520554923,9.92698645518747,0.00411634404557834,0.439737470167064
"ACLY",2.74294202151469,0.218751106870689,12.9984923664393,0.0142099292083283,0.681533412887828
"ACO1",0.441387800436037,0.197744648995272,18.2548909949226,0.0242785170818779,0.934218377088305
"ACO2",5.03264369706662,0.264642919957712,9.96203824787808,0.0105980688844723,0.57846062052506
"ACOT13",1.67330698597416,0.245545310943385,15.0089341800316,0.0191845254099199,0.821449880668258
"ACOT7",0.513901430443368,0.067250365988279,19.0510438921219,0.0199565968432149,0.798329355608592
"ACOT8",1.94717857898761,0.294806736136954,14.0047592771805,0.0189382952703014,0.830847255369928
"ACOT9",0.714323663923231,0.0499277122454998,17.1151261603898,0.0136818950094394,0.67049522673031
"ACOX1",1.04706890277366,0.147708824624201,16.9929108885507,0.0193164802404104,0.799075178997613
"ACOX3",0.526426191121974,0.112251594672,19.0523894039846,0.0224520866929244,0.860680190930788
"ACP1",7.04340112141295,0.198623152144884,7.0358745395045,0.00199980997168638,0.359934367541766
"ACP2",1.15861311041288,0.248909941160947,15.8204981366217,0.0209905045178468,0.87082338902148
"ACP5",0.173851178426129,0.0114947338336624,19.9928383916037,0.0188958857698988,0.769689737470167
"ACP6",0.341427092219027,0.1135698625359,19.9184184108878,0.0246443141528238,0.908860381861575
"ACSF3",0.913462966067314,0.213508399025656,16.8217529893329,0.0217744175816336,0.877834128878282
"ACSL1",0.490809481159348,0.061400527452618,19.0839467199299,0.0196888179743325,0.791915274463007
"ACSL3",0.713133877447848,0.0457761049537351,16.9709055003934,0.0129787512317039,0.656772076372315
"ACSL4",0.444469893504497,0.0239537364759433,17.4264611754073,0.0125386938276416,0.649164677804296
"ACSL5",0.503304242768076,0.0828297466892472,19.1963132970287,0.0212521877124172,0.827863961813842
"ACSS1",0.531090810134346,0.09134315853953,19.0364503555654,0.0213236488939615,0.831145584725537
"ACTB",2.73061400888371,0.00177810296802825,5.61793303866068,0.0222546290954183,0.000149164677804296
"ACTG1",1.33754005909271,0.00166633259292855,6.13475626335851,0.0215621910533515,0.013126491646778
"ACTL6A",1.51583060898191,0.115683371768949,15.4719950886658,0.0139597949169033,0.675566825775656
"ACTN1",0.276189599036589,0.0105357478423347,18.2428318902476,0.0137619256259776,0.673180190930788
"ACTN4",2.25084080239515,0.048608472325024,9.7538727092697,0.00546483679819144,0.285650357995227
"ACTR10",6.33377212457502,0.345410371809146,9.06818862276246,0.0119530944897977,0.617392601431981
"ACTR1A",5.4252496093301,0.2533671615878,9.43357025370816,0.00918300249835736,0.538782816229117
"ACTR1B",1.53190388333925,0.144425550857623,15.5467501125105,0.0158406055870658,0.718377088305489
"ACTR2",3.03303916162404,0.0788187797899164,9.53301871206732,0.00276644435528745,0.321897374701671
"ACTR3",4.14177622042252,0.0560076736836632,6.52667510366342,0.0120972154610105,0.142750596658711
"ACTR6",3.44069780423837,0.31377177492498,12.010043198402,0.0158395267517804,0.743138424821002
"ACTR8",4.34397303872228,0.492117146552332,9.88825082590211,0.0159643355303128,0.830847255369928
"ACVR1",0.710485579222303,0.209774534170915,17.3724938800737,0.0228028315958688,0.902595465393795
"ACYP1",1.05415125983471,0.142329747043946,17.0898597516367,0.0192396366826024,0.796688544152745
"ACYP2",2.48042489484055,0.303807782266228,13.2772552409237,0.0178013164909804,0.801014319809069
"ADA",0.413292385337177,0.0553304395892327,19.4560345969902,0.0203145947486563,0.803400954653938
"ADAM10",1.99547300403807,0.121583875366621,13.7238406839646,0.0103643734724813,0.593526252983294
"ADAM15",0.467904639371297,0.048530172154484,19.0403747209149,0.0187410559499393,0.771330548926014
"ADAM17",1.4480701608909,0.146176207359202,15.9146854859527,0.0167338328674673,0.739707637231504
"ADAM9",0.663241763080095,0.0907905690994302,18.5705399598477,0.0200739892670349,0.80519093078759
"ADAR",2.07789160214008,0.08072384441808,11.8391955472319,0.00286175238138096,0.440184964200477
"ADAT1",1.71502745730378,0.477254999710671,11.3890451177843,0.0186607449472704,0.925865155131265
"ADCK2",1.70427100552793,0.439960038856117,12.0854449178654,0.0191244819081634,0.915423627684964
"ADCK5",0.99776004143868,0.364748546118369,14.0878300775569,0.0210703555346523,0.931831742243437
"ADD1",2.91857630447689,0.213004551409268,12.7536281658173,0.0134255697213358,0.661247016706444
"ADD3",0.806519799560307,0.0734973748284027,17.3796831704518,0.016018794529516,0.718078758949881
"ADGRE5",0.311610399598289,0.0149311299038212,17.9024011365309,0.0131599572396083,0.661396181384248
"ADGRG1",0.170543494606514,0.0168979410232694,20.683847182177,0.021251011759695,0.815035799522673
"ADH5",2.40694833209796,0.129922073281834,12.8973192315923,0.00903400652336157,0.562201670644391
"ADI1",2.22156212466133,0.0761282926266894,11.6734169898917,0.00199540490284719,0.424970167064439
"ADIPOR1",3.54304058166019,0.0857599889467306,8.70978149427739,0.00392078177290159,0.292064439140811
"ADIPOR2",6.49577285650544,0.405640469004925,9.29315039464539,0.0134487058166038,0.687201670644391
"ADK",1.69752978070324,0.0977355590145475,14.2897243130037,0.00999951135796244,0.589797136038186
"ADM",0.0620235249173172,0.00374463048185547,21.8971634582591,0.0239176028151294,0.862321002386635
"ADNP",3.4639275283404,0.382230043146438,11.5822361886534,0.016834085098092,0.801014319809069
"ADNP2",0.624221839029369,0.165277764944463,18.2578561596984,0.0229903601108272,0.890065632458234
"ADO",0.706625409865066,0.248097037065795,16.7405865618126,0.0228239752141947,0.920196897374702
"ADPGK",3.08436111291747,0.202530883005821,12.2883206326519,0.012045011855826,0.624701670644391
"ADPRHL2",3.98391200304017,0.271359166457386,11.4154390016258,0.0133411170424188,0.660948687350835
"ADPRM",7.33604914408329,0.779854676693497,7.00068661955926,0.0100181899682654,0.916467780429594
"ADRM1",5.61521170381386,0.0908235007077531,5.92297768823276,0.00923035320329615,0.170196897374702
"ADSL",2.64316627718464,0.148551260874977,12.7146038103639,0.0098314148774718,0.57741646778043
"ADSS",1.85665674414045,0.0687514221863501,12.2031511254423,0.00264307494626084,0.441079952267303
"AEBP2",1.44365049926926,0.251842083273679,15.3088747743098,0.0200354703666135,0.846360381861575
"AEN",1.07013362810681,0.130225534151431,16.9692076488137,0.0183520869126387,0.774164677804296
"AES",1.82227545203217,0.0720613972855316,12.5733157512875,0.0038422353109083,0.46494630071599
"AFF1",1.28576858274408,0.116139951066639,16.0571041570831,0.0154204396258401,0.707189737470167
"AFF4",1.94663636012731,0.0796518137745959,12.8957099897156,0.00523054837279101,0.492392601431981
"AFG3L2",1.77235737557357,0.142298699022924,14.8947656149527,0.0142374060358886,0.681384248210024
"AFMID",0.425350586691264,0.13983452338396,19.2530868235312,0.0242181611481243,0.909009546539379
"AFTPH",2.41725741011671,0.116979030237152,12.6293735673859,0.00751942591522658,0.531026252983294
"AGA",1.15570630488968,0.190412608167886,16.4881851054084,0.0201345001789895,0.829057279236277
"AGAP3",0.37056585595451,0.148484320672979,19.3211096759462,0.0247546466065537,0.924522673031026
"AGBL5",5.36911347963686,0.798350040135778,6.14378681930047,0.0105067682865349,0.945256563245823
"AGFG1",1.42538844920167,0.20033113982463,15.8225841786366,0.0191082159933286,0.806384248210024
"AGGF1",2.28321787545083,0.174717941360164,13.8354081666996,0.0137175101535518,0.668854415274463
"AGK",1.27552448962921,0.292289440417699,15.0211381053618,0.0208051145579922,0.884546539379475
"AGL",1.11114621604901,0.217276474658343,16.3749536766483,0.0209521092490517,0.858442720763723
"AGO1",1.40429924907643,0.316144205871613,14.4762395710685,0.0204620370991752,0.885889021479714
"AGO2",1.59748539760945,0.112932928650308,15.1041190513392,0.0129320312259098,0.652744630071599
"AGO3",2.41195737436778,0.195972272432326,13.7805524019333,0.0146251359124957,0.69272076372315
"AGPAT1",3.0634214158757,0.373602182841929,11.9931191137148,0.0173759157380496,0.815334128878282
"AGPAT2",0.834723589562391,0.0709277774689785,17.1122795902363,0.0151663454360544,0.700328162291169
"AGPAT3",1.68435056698037,0.311202394522301,14.1796620641537,0.0197524646434274,0.862171837708831
"AGPAT5",0.695109715313981,0.0955427226584109,18.2486645835931,0.0195722015626253,0.794898568019093
"AGPS",0.781593897561787,0.124764758683718,17.9785911511601,0.0204725738269052,0.820405727923628
"AGRN",0.292832709171299,0.086013793004603,20.4668591758197,0.0246811446062691,0.90035799522673
"AGTPBP1",1.45950120473685,0.314097482549606,14.4275262253843,0.0203151677682466,0.880369928400955
"AGTRAP",0.402982835198777,0.0597061286742855,19.7353686925632,0.0213109501918235,0.824433174224344
"AHCTF1",1.46247304780593,0.128827146001215,15.6789436472594,0.0152580062854844,0.704355608591885
"AHCY",2.03591912914724,0.0879872376646848,13.2615442854922,0.0067378766790359,0.522822195704057
"AHCYL1",2.0081719448566,0.19316492576641,14.6675891018376,0.016311214854312,0.735381861575179
"AHDC1",0.783376276664984,0.214353553883618,17.1264064136097,0.022447605559522,0.895435560859189
"AHI1",0.597569353634676,0.0268229884959479,15.966368394976,0.00872466427171222,0.575178997613365
"AHNAK",0.979831278710958,0.0170164836971834,11.3071743688493,0.00515252025615868,0.311903341288783
"AHR",0.782018124328016,0.0177969874809046,13.2509532383923,0.000302120604664703,0.416169451073986
"AHSA1",1.62472767916737,0.0211295795338412,8.71245314416499,0.0115811333875343,0.184815035799523
"AIDA",3.20643733056736,0.28051296628606,12.469447940466,0.0155525985078171,0.72777446300716
"AIFM1",1.65088497709727,0.215057230158798,15.2446096805276,0.0185093856154535,0.794749403341289
"AIFM2",0.743610712520215,0.297820848395959,15.7304046693642,0.0223645301404583,0.932577565632458
"AIG1",0.68225123871517,0.135495616479195,18.3980076344849,0.0219725390691577,0.857100238663485
"AIMP1",2.95218472936235,0.17451766978083,12.5123887178749,0.0109152909416422,0.600238663484487
"AIMP2",2.24951712950711,0.234088912642223,14.0594200486861,0.0168584337841354,0.755668257756563
"AIP",2.42133226692497,0.0959765031169456,11.6123999503793,0.00362306459859419,0.450626491646778
"AK2",2.36290739588447,0.0933685709210683,12.3251012577023,0.00496888386821637,0.482696897374702
"AK3",1.43488274025753,0.0916575632122828,15.022671990431,0.0113487052909324,0.619480906921241
"AK6",3.36292405820747,0.173673458625143,11.6925378365736,0.00919634684315667,0.557577565632458
"AKAP1",0.836072491056159,0.242618177077339,16.5702187195225,0.0222898428229793,0.903341288782816
"AKAP10",3.39442396078377,0.400065880317212,11.4048683939226,0.0169894152622053,0.813842482100239
"AKAP11",0.836239679048318,0.145546889124971,17.7140493320678,0.0208686962323703,0.834427207637232
"AKAP13",1.07412291877104,0.0209608806493743,11.1818724012105,0.00501164622975873,0.312052505966587
"AKAP17A",3.11691754482886,0.220920439158022,12.4668754533957,0.0132234945926079,0.656026252983294
"AKAP8",1.8306532759851,0.196116015747787,14.9649249177478,0.0171039387323921,0.75522076372315
"AKAP8L",3.69219706954079,0.333536632685849,11.6102198671177,0.0157418632744859,0.74477923627685
"AKAP9",2.23337440438039,0.0724862567166183,11.2529955628764,0.00066893916160413,0.39826968973747
"AKIP1",1.33606800480534,0.16394083086993,16.1524729869833,0.0181968075667075,0.776103818615752
"AKIRIN1",3.67126288474892,0.129301858671767,10.0144640787182,0.00276001518942327,0.416915274463007
"AKIRIN2",2.61496737512,0.0622104275738622,9.64717948880989,0.00421882592283382,0.302058472553699
"AKNA",0.494650533815492,0.0189888307184216,15.9979270618,0.00811414489259707,0.564886634844869
"AKR1A1",2.2285787496994,0.0937245738792942,12.586237373783,0.00563306563836532,0.496569212410501
"AKR1B1",0.430421901644541,0.0256368200608621,17.6929900290802,0.0134226878807355,0.666020286396181
"AKR7A2",2.2411097598447,0.155114629657652,13.9955157041656,0.0129185142810936,0.651103818615752
"AKT1",2.27593155691542,0.393999027551993,12.413874851978,0.0186363417696497,0.868884248210024
"AKT1S1",1.74225267566189,0.18686049923862,15.1935136400634,0.0171590441999811,0.75522076372315
"AKT2",4.05694127344389,0.283516978697293,11.3368616358932,0.0136525928791698,0.670942720763723
"AKT3",0.702792333036374,0.164589562795347,17.9659727810342,0.0223159453132425,0.873657517899761
"AKTIP",0.243611322362625,0.0326390989592786,20.4087593302689,0.0214998733361253,0.822643198090692
"ALAD",1.26831843883519,0.307198406217694,14.8165759278935,0.0208433302982124,0.89304892601432
"ALAS1",0.890897292179253,0.0917207053457468,17.3319579247256,0.0170488956922162,0.740900954653938
"ALCAM",0.187626831297025,0.00857788505676565,19.36126910808,0.0168515717333559,0.731056085918854
"ALDH16A1",4.00573962168832,0.441754616334414,10.6808182321488,0.0164079433214027,0.817869928400955
"ALDH18A1",2.60678864578284,0.310037960526732,13.0450975960552,0.0175776098086443,0.796091885441527
"ALDH2",0.218749263288725,0.0153119989139726,19.847923178513,0.0187384403207126,0.767303102625298
"ALDH3A2",0.340371524263634,0.0606270208642343,20.1741012582046,0.0225405634679652,0.849343675417661
"ALDH6A1",0.459100340424311,0.230698103633603,17.5755774154912,0.023988611834305,0.942422434367542
"ALDH7A1",0.249326929113687,0.0657318364100549,20.8955391224948,0.0247425803479087,0.895286396181384
"ALDH9A1",2.25369918840325,0.162039568444743,13.7544534771392,0.0128742721634341,0.648418854415274
"ALDOA",2.66641381413072,0.0125961248501069,5.67578887860204,0.0204858475875923,0.0205847255369928
"ALG1",3.69619782122498,0.52822606431131,9.72538520206681,0.0162556263347682,0.872016706443914
"ALG12",3.58830832996143,0.476119674174203,10.4429057689472,0.01672751915017,0.850536992840095
"ALG13",1.70038426426613,0.13160075113108,14.8565566526753,0.0135604079966359,0.665423627684964
"ALG14",0.716379879311675,0.215372192295798,17.2804510655699,0.0228078174624953,0.905131264916468
"ALG2",1.1522894280711,0.0648961426951132,15.1905474019231,0.00979835482453695,0.590393794749403
"ALG3",1.98002645936192,0.138491611127838,14.3213352525244,0.012716599606122,0.646479713603819
"ALG5",1.34392264754847,0.112502483356243,15.7396153055504,0.014459805709941,0.685710023866348
"ALG6",2.00939236252859,0.388458510207798,12.7122845852711,0.0190692930803589,0.88022076372315
"ALG8",3.00602928837631,0.488140803796535,10.5921570351559,0.0172193891079241,0.879624105011933
"ALKBH1",6.25634322457087,0.700237352106301,7.54696296948012,0.0122975200501739,0.894838902147971
"ALKBH2",0.731198744231331,0.15998292410893,17.9916969401956,0.0221512371746432,0.868585918854415
"ALKBH3",2.28753534085478,0.431149329998745,11.8534045036008,0.0184473191226921,0.885292362768496
"ALKBH4",10.6956122143611,0.740284917419638,8.06581267548562,0.00953260808638039,0.85381861575179
"ALKBH5",1.71872654302308,0.208070360902913,15.0265039543282,0.0178175641493196,0.774612171837709
"ALKBH7",3.3744774519311,0.11815882116979,10.9386172009191,0.00374252567304237,0.447046539379475
"ALOX12-AS1",3.52586368290481,0.571584522545514,9.17180194744553,0.0158830699565992,0.895883054892601
"ALOX5AP",0.233212897606374,0.00356513805064524,16.5303410199997,0.00822281223397756,0.569659904534606
"AMD1",1.60400056652021,0.0472481780031806,12.0443618875615,0.000155174596776157,0.400208830548926
"AMDHD2",0.777230784298952,0.211917603758508,17.1607426807556,0.0224379025087835,0.89409307875895
"AMFR",1.54859385671957,0.372744999041412,13.3765536678801,0.0199336240519775,0.899612171837709
"AMMECR1",1.49682403794147,0.342520903846837,13.9468516429513,0.0201939775869544,0.891258949880668
"AMPD2",0.610907807202317,0.133724930360056,18.6010632112079,0.0223930360539042,0.865751789976134
"AMZ2",1.81787282530625,0.119075590604982,14.2896360461388,0.0114783744741605,0.619182577565632
"ANAPC1",0.52203410622732,0.0783080888405877,18.9884028772952,0.0204707630731499,0.810560859188544
"ANAPC10",4.02822000943325,0.498472625124729,9.99041871873786,0.0162141652114673,0.846957040572792
"ANAPC11",2.40332846765041,0.054694164312526,9.83895721196921,0.00457786219556181,0.299821002386635
"ANAPC13",2.39767177172424,0.202008729163469,13.7415653886032,0.0148656172036852,0.698687350835322
"ANAPC15",1.4229367883022,0.142477747895264,15.9952192513696,0.0167146814745224,0.738961813842482
"ANAPC16",2.42690492545314,0.0526610101306835,9.09134080048345,0.00660786561049116,0.258651551312649
"ANAPC2",2.07721378428352,0.28197040176335,13.9207917354362,0.0183854666593041,0.809815035799523
"ANAPC4",2.41599243190128,0.395241444184092,12.2312767467033,0.0183835488666507,0.859934367541766
"ANAPC5",4.65896694636379,0.165494277321507,9.2204468790932,0.00381036349957108,0.424970167064439
"ANAPC7",4.57104547078334,0.506062377752797,9.70482691702108,0.0157276646619012,0.833383054892601
"ANGEL2",3.50604811586917,0.429476222318644,11.0305227463859,0.0169217593038587,0.827714797136038
"ANK3",0.309534617136784,0.102650100597703,20.2263975857348,0.0248878824335613,0.910352028639618
"ANKFY1",1.63387478162584,0.263813920273924,14.8065475209275,0.0194786041447059,0.834874701670644
"ANKH",0.473254547585918,0.0612159104761123,19.095275142455,0.0197216204755681,0.79236276849642
"ANKHD1",1.86246193619128,0.418109267650806,12.3288613063729,0.0190975108615365,0.899015513126492
"ANKIB1",1.90645398556846,0.27814081507562,14.2261254190468,0.0188332281313793,0.821599045346062
"ANKLE2",1.6054035245,0.0642060185689753,13.328718411376,0.00499368690507935,0.492243436754177
"ANKRA2",2.29837868440564,0.349037768848976,12.9347069890284,0.0185226912425045,0.840692124105012
"ANKRD10",1.17237034559034,0.0312796229169462,12.5662262702501,0.00012597875431157,0.401998806682578
"ANKRD11",1.89424993541301,0.0891469236386564,13.3576177449451,0.00712331502817303,0.529683770883055
"ANKRD12",1.9267513075896,0.0296344850854937,8.47753758319403,0.0110216152017911,0.188245823389021
"ANKRD13A",1.5699424363638,0.275264946021865,14.7955104809162,0.0198298665091125,0.849194510739857
"ANKRD13C",4.05236022910759,0.357824073275384,11.1654663152296,0.0156007165589786,0.747762529832936
"ANKRD13D",1.29585387023112,0.202516177892048,16.0119886711877,0.0196408725259291,0.81980906921241
"ANKRD17",2.67846574718633,0.173450613997302,12.9953156627817,0.0118785676667269,0.623806682577566
"ANKRD26",0.514548446567254,0.121727614935833,19.1026551176213,0.0230235224843967,0.876193317422434
"ANKRD27",2.02879298941813,0.277011449897665,14.1160376196955,0.0185435485388144,0.81354415274463
"ANKRD28",0.42808392386978,0.0274327598139587,17.9908420665284,0.0143876231265397,0.684665871121718
"ANKRD37",0.274718906829693,0.0215972991757724,19.3535787589132,0.0177884115339887,0.749701670644391
"ANKRD39",1.20645563195444,0.232082682077298,15.954382608051,0.0206552297026669,0.855608591885442
"ANKRD40",2.35314521892537,0.492698908910513,10.8083916817482,0.0178067328101627,0.905578758949881
"ANKRD44",0.656864328063376,0.0671294099231602,17.9897189629463,0.0171946698170094,0.741646778042959
"ANKRD46",2.49796319657887,0.430909146134046,11.6852711062455,0.0181609260798901,0.874105011933174
"ANKRD49",1.62464873644871,0.154806926908952,15.1996150217389,0.0156646151111947,0.714349642004773
"ANKRD52",1.45056905066963,0.265543291689761,15.12777906309,0.0201482825914698,0.854564439140811
"ANKRD54",5.55064635454232,0.452673379160755,9.68479320806479,0.0148869150664929,0.763573985680191
"ANKS3",2.40450030087128,0.496741720194131,10.6917121738594,0.0177025525992107,0.903937947494033
"ANKZF1",1.09207871550877,0.195326783251354,16.5877775957232,0.0205616499633535,0.840990453460621
"ANO6",1.3855256206267,0.0844009227673116,15.1427058103683,0.0111044953185239,0.615453460620525
"ANP32A",1.30281809131125,0.0509745140534006,13.5154095480936,0.00431904423099456,0.482249403341289
"ANP32B",2.06016106653017,0.0305152143433946,8.54483840760591,0.0107172670740627,0.193914081145585
"ANP32E",0.920101930284636,0.0537506435853233,16.0275193384199,0.0110870146756521,0.618287589498807
"ANTXR2",0.394352410785203,0.0379669617231161,19.0571904022494,0.0181024249455292,0.75730906921241
"ANXA1",0.298845714670968,0.0011089092870199,12.6863700054118,0.00320130490691059,0.357100238663485
"ANXA11",1.5504503717542,0.0378528235884532,11.3233776769431,0.00269229932569633,0.348001193317422
"ANXA2",1.08897283180518,0.00622050371134537,8.12449644720065,0.0154027089143158,0.124850835322196
"ANXA2R",0.309408046137393,0.0951646007194589,20.2786274953985,0.0246604603904323,0.902893794749403
"ANXA4",1.08039648712343,0.108440089856744,16.8938454162651,0.0169368828751806,0.740453460620525
"ANXA5",0.873079820538018,0.00852531240153207,9.9378783864587,0.0100518865817152,0.224194510739857
"ANXA6",0.585186663947064,0.0146769240555855,14.3808298362287,0.00314051280025535,0.471360381861575
"ANXA7",2.23383808204662,0.0908777001228347,12.0570182058099,0.00421813423835912,0.465841288782816
"AP1AR",1.10331145479374,0.161003370832821,16.8501122736702,0.0196078140315989,0.809069212410501
"AP1B1",2.21246021995297,0.2709123196657,13.9136795334704,0.0179352153412203,0.79445107398568
"AP1G1",3.62521890518791,0.268596592248278,11.9022974562462,0.0141019995694983,0.68332338902148
"AP1G2",2.18554096961802,0.186170991975806,14.0782665512001,0.0148215571642663,0.696300715990454
"AP1M1",1.54547733597157,0.113054893976303,15.0006912134487,0.0127572350260811,0.647971360381862
"AP1S1",2.0532793606664,0.194103471542463,14.6510490496089,0.0162868304143128,0.735381861575179
"AP1S2",1.01625929669106,0.0634438027401522,15.8173260464428,0.0112984192533333,0.621270883054893
"AP2A1",2.61247293914803,0.228496537797907,13.419066805063,0.0153757323012328,0.714797136038186
"AP2A2",2.27144346628764,0.37047195926553,12.7046769575361,0.0186379485630529,0.855310262529833
"AP2B1",2.17125622774921,0.135936696064792,13.4605424151522,0.0107192121238731,0.599343675417661
"AP2M1",5.90045958677566,0.114044899615082,6.3729328858091,0.00596558631417476,0.223747016706444
"AP2S1",4.38369617769041,0.0927176161855311,7.658456135884,0.00549833870712127,0.252386634844869
"AP3B1",5.20911537193422,0.338257785762398,10.1289208808774,0.0133710016377732,0.667213603818616
"AP3D1",2.62481150805771,0.239490856022222,13.3982687439118,0.0157823194652594,0.727326968973747
"AP3M1",3.85795051215011,0.35091271580857,11.2463614272332,0.0156807561435523,0.746121718377088
"AP3M2",0.713167116354082,0.128945245043929,18.2217792250499,0.0212646414836746,0.839051312649165
"AP3S1",3.0110194210049,0.125686290523384,11.3943966096663,0.00541747293684092,0.480459427207637
"AP3S2",17.6804848233557,0.909165596590109,11.7495574708624,0.000147095783581443,0.927804295942721
"AP4B1",1.38694643533514,0.245793109278472,15.4326815517322,0.0200973003392548,0.845465393794749
"AP4M1",1.18337335896955,0.237155241934224,15.9462982966991,0.0208195519237822,0.861873508353222
"AP5M1",6.3116895102347,0.470698359243858,9.13908849758933,0.0143081737855182,0.747613365155131
"AP5S1",3.32995062178071,0.561997718161118,9.38058545887496,0.0161468255107624,0.898717183770883
"AP5Z1",2.25883627115655,0.251569902596579,13.8183538016864,0.0171430148191389,0.765811455847255
"APAF1",0.904984115098985,0.179508300373871,17.2481370384947,0.0213334045289665,0.855161097852029
"APBA3",1.18610744308769,0.112252686523053,16.2033791701877,0.0155741712159732,0.709874701670644
"APBB1IP",0.438342099359057,0.0109172228033738,15.3756422867883,0.00558624658729407,0.518794749403341
"APBB3",0.352801041813793,0.140967093334753,19.491973873481,0.0248422939940611,0.923478520286396
"APC",1.50659583729178,0.187280920712649,15.6953848081707,0.0182708886810757,0.782517899761337
"APEH",3.70246099767425,0.329209054234543,11.7430969537796,0.0157525504470074,0.745674224343675
"APEX1",2.79201303621101,0.072214636957977,10.0891942451813,0.00215984081770075,0.339647971360382
"APEX2",1.86512407490708,0.249861962559697,14.6522818700175,0.018622248079308,0.807577565632458
"APH1A",118.215558947142,0.77670569744537,34.3005853089172,0.00505013681736795,0.30519093078759
"APH1B",0.844544254214527,0.246805196944895,16.4735429737973,0.0222402224564189,0.903788782816229
"API5",6.11940401089893,0.272976852892394,8.86711915889563,0.00908142550962996,0.531324582338902
"APIP",3.57828914568186,0.291252702305101,11.9929948405397,0.0150397892410648,0.714647971360382
"APLP2",1.07636155200718,0.0429816112764556,14.1483911911389,0.00524164111850705,0.503281622911695
"APMAP",1.47624389746102,0.0588642598029956,13.1262615969625,0.00405026372978506,0.473896181384248
"APOBEC3C",0.531833428256799,0.067286239237066,18.8647089165379,0.0194801085303686,0.788484486873508
"APOBEC3G",0.221020972961442,0.014685374683941,19.5201636698545,0.0177637413428174,0.748657517899761
"APOE",0.0594773990848187,0.00198949037643422,21.5223142131054,0.0227074313426821,0.839349642004773
"APOL2",0.479654280167635,0.122113874568428,19.196430052581,0.0232827606056995,0.881861575178998
"APOL3",0.381212054796632,0.0792099931640246,19.9107846572472,0.0228951336092954,0.8611276849642
"APOL6",0.480458302434213,0.0473074383111828,18.649807479963,0.0176296921016496,0.748806682577566
"APOO",0.918418285262769,0.139431959039871,17.5571905404005,0.0201798194086343,0.817571599045346
"APOOL",0.929982208745686,0.306248602306646,15.3150320824999,0.0217818758783981,0.920346062052506
"APOPT1",3.47828757823625,0.379134332299914,11.5763769187133,0.016773771592551,0.797136038186158
"APP",0.334103986799078,0.00674555664183656,16.3121768213098,0.00786764480454229,0.562798329355609
"APPBP2",3.58376810378902,0.298072027286894,11.9175848485033,0.015166903881415,0.719122911694511
"APPL1",2.1614279822425,0.134974662439903,13.8750061191531,0.011478750769423,0.618585918854415
"APPL2",0.81086750865047,0.255813653926496,16.3889877205718,0.0223680264370865,0.911396181384248
"APRT",2.82645046592287,0.0540281589490852,8.61826633037245,0.00758530954057049,0.238215990453461
"APTR",1.68595675431495,0.43865866133493,12.1378923547955,0.0191721256656959,0.916616945107399
"APTX",4.27914951884439,0.355234190885101,11.0310508536043,0.0152535669535339,0.7361276849642
"AQP3",0.149200716420248,0.00113877948200733,16.8084963232599,0.00882687787176165,0.580996420047733
"AQR",4.73932791887947,0.425363081547108,10.2538943876647,0.0154957715724841,0.771479713603819
"ARAF",5.34033661920086,0.340136351652659,10.0770172251814,0.0132855226560338,0.665572792362768
"ARAP1",1.1671096968187,0.204555167059894,16.2897288237975,0.020315027699101,0.837410501193317
"ARAP2",0.94249320605568,0.0666708918600124,16.3862074269206,0.012998724749799,0.655877088305489
"ARCN1",3.27594734881143,0.190394510724176,11.9499596231445,0.0106952392277662,0.591885441527446
"ARF1",12.3587262601665,0.0996511693250975,2.00146788309371,0.0145174753946299,0.0350536992840095
"ARF3",3.77238261303127,0.278288180164964,11.6893707991361,0.0140903790654881,0.683621718377088
"ARF4",2.05910483794435,0.0351193566546151,8.97845063765434,0.00902286920107173,0.223747016706444
"ARF5",8.0814416436564,0.126210671094648,4.68653135697794,0.00784175695454872,0.167064439140811
"ARF6",2.41778617990173,0.0682731901555052,10.7117469697009,0.00105884321198484,0.364707637231504
"ARFGAP1",3.14317927808249,0.377871456322947,11.8138372603206,0.0172259547374035,0.811008353221957
"ARFGAP2",4.16246149925032,0.269391928250181,11.0395305133746,0.012680671048498,0.63991646778043
"ARFGAP3",1.01482621237956,0.0503720998902137,14.9548067315962,0.00802479193681098,0.556831742243437
"ARFGEF1",2.50394459622308,0.254995685100601,13.4774132486015,0.0165758444014605,0.751342482100239
"ARFGEF2",3.82239696476538,0.4757702789577,10.3795691296998,0.0165204117908957,0.843526252983294
"ARFIP1",1.75604264363777,0.25681068599107,14.7493552978714,0.0190778046015082,0.822046539379475
"ARFIP2",5.34944254018445,0.405003746665143,10.0213315102888,0.0146488010354271,0.73195107398568
"ARFRP1",3.69748371647324,0.353252459752885,11.562166379437,0.0161300039916305,0.764767303102625
"ARGLU1",3.19225445864442,0.0693568175938931,8.61081295310861,0.00586335605737154,0.262231503579952
"ARHGAP1",2.92257655063891,0.292089476436089,12.6764145935651,0.016401514882888,0.75417661097852
"ARHGAP12",0.87108412087033,0.207848870425628,17.0134057332653,0.0219599313669573,0.880519093078759
"ARHGAP15",0.558091418982477,0.0374819725376637,17.4129403289469,0.013567589166367,0.66840692124105
"ARHGAP18",0.241216362693831,0.0564800172831256,20.918011930883,0.0243045497640035,0.883651551312649
"ARHGAP21",0.51505006755116,0.0980425081949278,19.2241006333248,0.0221352617411889,0.850238663484487
"ARHGAP27",1.41441502482481,0.328463933988134,14.2342474115159,0.0203806892539413,0.889170644391408
"ARHGAP35",0.916836139188629,0.238614813534626,16.4617079902463,0.021931467361129,0.89200477326969
"ARHGAP4",0.634900423578528,0.0690826469326214,18.230434828382,0.0179384543518724,0.757159904534606
"ARHGAP5",0.668977280311985,0.0655017682462314,18.138079327247,0.0174404132677782,0.747016706443914
"ARHGDIA",4.36124431969189,0.0780729503531561,6.95806902721822,0.00854213731242494,0.197344868735084
"ARHGDIB",0.468625490218162,0.00294793540707723,12.0830977595586,0.00472089651685403,0.328162291169451
"ARHGEF1",1.13618003731687,0.0667075480732896,15.2159888646868,0.0100208099169891,0.594421241050119
"ARHGEF12",0.709344162887584,0.121313131985615,18.3151433698406,0.0210943894890989,0.833532219570406
"ARHGEF2",1.10060865096293,0.0828551623008307,16.1629296340859,0.0135594603611557,0.666915274463007
"ARHGEF7",1.65725629076358,0.147851472853528,15.1006465620763,0.0150571448921278,0.699880668257757
"ARHGEF9",0.819853921954211,0.191362041605111,17.3642379683605,0.0220695471555446,0.877237470167064
"ARID1A",2.14739706127746,0.168104828446516,14.1618119822015,0.0140419792714541,0.677058472553699
"ARID1B",1.81767452743639,0.254809065928921,14.6250019915624,0.0187843262354314,0.812947494033413
"ARID2",2.13617401347006,0.171317312036223,14.0490356653821,0.0140256324972604,0.675865155131265
"ARID3A",0.187609284789521,0.0658605768391204,21.3198180102335,0.0258851156278889,0.91840692124105
"ARID4A",1.32815918363977,0.0906481687925581,15.292924477906,0.0119595388856517,0.63230906921241
"ARID4B",2.5094343131496,0.0548292894011348,9.28377030678371,0.00589896896860584,0.272076372315036
"ARID5A",0.461129149301614,0.0192984440226725,16.5303912743001,0.00963650528240782,0.593973747016706
"ARID5B",0.626473408024023,0.00895676609242313,12.1297584491701,0.00384341684822362,0.341288782816229
"ARIH1",2.51791068598415,0.181035631486995,13.4385883478815,0.0131924810345598,0.656175417661098
"ARIH2",4.24749036594411,0.167525070699054,9.92816236616506,0.00532339228013107,0.462112171837709
"ARL1",2.26371967478364,0.160455319266462,13.7530034102674,0.0127705306285181,0.64618138424821
"ARL13B",0.693383345293332,0.0832205629216262,18.2405698764496,0.0188172594727401,0.777297136038186
"ARL14EP",1.71633918732584,0.147386646611836,14.8781831885324,0.0145501110773243,0.687798329355609
"ARL16",3.1797711913895,0.236250776380071,12.4615955246758,0.0138687369083246,0.674224343675418
"ARL2",1.03881886987604,0.192566123778592,16.7846382895368,0.0208573234594732,0.847702863961814
"ARL2BP",2.78087126319691,0.141914198080823,12.0303648285296,0.00799737775546121,0.534457040572792
"ARL3",0.950098660185182,0.0633529009962098,16.2046964680504,0.012288850367318,0.641557279236277
"ARL4A",0.254509720999404,0.0151458944661425,19.0293041638274,0.0163901235875906,0.722702863961814
"ARL4C",0.418702895194903,0.0118308800407833,15.8720044165597,0.0070895219652343,0.546986873508353
"ARL5A",5.79033433227922,0.237197668984602,9.08740583996175,0.00769383181349772,0.50208830548926
"ARL5B",0.563605193917783,0.0423721271463668,17.9572448764801,0.0153879536331982,0.70450477326969
"ARL6IP1",1.45150948549001,0.0571239229967629,13.0960744052001,0.00381746946491516,0.469719570405728
"ARL6IP4",3.94735627085916,0.0892401559189504,8.21178662796946,0.00466751714750162,0.273418854415274
"ARL6IP5",0.944663211115805,0.00924875643756278,9.56374667723477,0.0109880946146489,0.205847255369928
"ARL6IP6",2.36573508884136,0.119445513868156,12.6920491174313,0.00786617758228435,0.537738663484487
"ARL8A",2.62808893509283,0.304361482405696,13.1348665476484,0.0175188134682315,0.793257756563246
"ARL8B",1.84993758511267,0.0534128212518298,11.4368779935844,0.000754664897576647,0.378579952267303
"ARMC1",2.43756780114448,0.203901367396732,13.7045544881232,0.0148629073369481,0.698985680190931
"ARMC10",3.78941431590109,0.241854287091657,11.681695172232,0.012582650711994,0.639618138424821
"ARMC6",2.98555527386159,0.408758232762407,11.6716051525767,0.0175985142476643,0.841288782816229
"ARMC7",3.55436368417826,0.585021850767481,8.9584863836032,0.0156797584356634,0.899910501193317
"ARMC8",3.28850242400307,0.248985698646587,12.3021823985292,0.0141058196401702,0.681384248210024
"ARMCX3",1.2145618237389,0.0688427461858264,15.0448788583767,0.00973680612382368,0.588454653937947
"ARMT1",1.7153097082901,0.27195023354217,14.6173874809762,0.0193644311440039,0.834874701670644
"ARNT",2.82752990812587,0.412806560171094,11.6902177758764,0.0177798506397647,0.849045346062053
"ARNTL",1.11847069644982,0.0883288500429254,16.0652530235499,0.0137125920908013,0.669600238663485
"ARPC1A",3.98911770158098,0.133641368047275,9.96251444778903,0.00289589299319959,0.419749403341289
"ARPC1B",1.05408013484234,0.0180366931552071,11.3012426627175,0.00504619831239744,0.31354415274463
"ARPC2",5.41493936753707,0.0308982906418318,4.60684842930073,0.0193984094576299,0.0196897374701671
"ARPC3",4.74706440862389,0.0390673284649208,5.06366783492924,0.0174697797451611,0.0490751789976134
"ARPC4",2.3137695297229,0.227194916801946,13.902405122143,0.0162978554975977,0.738961813842482
"ARPC5",5.45284193138767,0.0792241573819026,5.8470487313853,0.0106834147702333,0.149761336515513
"ARPC5L",2.92756796959881,0.0795368988933885,9.88536273474663,0.00189119676549987,0.340393794749403
"ARPP19",3.41505380216769,0.0993956982673714,9.3941661726299,0.0010851262900503,0.345167064439141
"ARRB2",0.795245945673301,0.0332293057453382,15.2191663997042,0.00722758630717173,0.545047732696897
"ARRDC1",2.19370813219917,0.210407296339035,14.0843060413678,0.0159733177236172,0.727625298329356
"ARRDC1-AS1",1.11119783360461,0.371983383586083,13.8404214753752,0.020778405357269,0.927058472553699
"ARRDC2",0.326874018221948,0.0250889236364612,18.8978459829773,0.0167577614190159,0.730161097852029
"ARRDC3",0.284406542805788,0.0398564027469885,20.2138335487326,0.0214127635092243,0.822344868735084
"ARSA",0.597600225320466,0.0723712377519969,18.4703795642471,0.0187745172596544,0.774612171837709
"ARSG",0.203868906169823,0.0887313568647925,20.9646780853258,0.0260997541701164,0.930936754176611
"ARSK",3.10418322514228,0.590526108735899,8.95369619124581,0.0158935333043545,0.91423031026253
"ARV1",2.79317898819899,0.503370202806796,10.4686643538874,0.0172779989514843,0.894242243436754
"ASAH1",0.994760295175089,0.0592325296494366,15.8716172431367,0.0111029311076903,0.617989260143198
"ASAP1",0.610852409200223,0.0652385911480146,18.4518639614603,0.0182513836622421,0.763424821002387
"ASB1",0.998144768748581,0.173573778888181,17.0155341077925,0.0205707324368768,0.834874701670644
"ASB6",2.77948112990121,0.32561633913808,12.6557265256045,0.0173675409998582,0.794301909307876
"ASB8",1.97572330012774,0.20780992833994,14.5232562569159,0.0167550551936712,0.747464200477327
"ASCC1",2.44087311564803,0.301481559777189,13.2710682472454,0.0177738729784945,0.798478520286396
"ASCC2",7.60870633949231,0.451458452295495,8.65584239145758,0.0131397931860123,0.691378281622912
"ASCC3",2.35235417525227,0.220588775941972,13.9056481821848,0.0159960950407025,0.730459427207637
"ASF1A",0.906615244082047,0.0461732797933803,15.3527510574887,0.00871979121634569,0.571599045346062
"ASH1L",2.58412388654655,0.0976664918288349,11.5022352657794,0.00347032213395507,0.447344868735084
"ASH2L",1.90556051673971,0.355126878575512,13.3116372847834,0.0193359500943864,0.870674224343675
"ASL",1.21504627846759,0.223799087425191,16.0521706989841,0.020537942749777,0.849791169451074
"ASMTL",0.941996141589621,0.0918456658011922,16.9873527723471,0.0162190112088612,0.723001193317422
"ASNA1",5.76899116243148,0.227028843869203,8.9490807136746,0.00695284769442048,0.48403937947494
"ASNS",0.559462253167171,0.128548609806486,18.8473040281807,0.0227359019335911,0.87186754176611
"ASNSD1",4.00096904542676,0.27388709274061,11.2416558891476,0.0132210560771112,0.655877088305489
"ASPH",0.322226646798113,0.0330363968446585,19.7126352859048,0.0195712854813805,0.785501193317422
"ASPSCR1",5.39346779335401,0.504924724267189,9.415492670536,0.0150926861771376,0.806533412887828
"ASXL1",1.68998876167472,0.158068760145662,15.2063674790168,0.0157988005001258,0.718526252983294
"ASXL2",1.27811633214967,0.0990166920108736,15.6457937421925,0.0133948405605096,0.662440334128878
"ATAD1",4.17936543599809,0.265514765771342,11.1273042688867,0.0126135821644331,0.639170644391408
"ATAD2",0.247488495012158,0.0325091762338326,20.5073902562386,0.0217549819099356,0.827714797136038
"ATAD2B",1.10929093093398,0.186572056100874,16.6548333184607,0.0203256496380218,0.832786396181384
"ATAD3A",1.58711516779642,0.32796191797513,14.0834650224619,0.020035602948745,0.879027446300716
"ATAD3B",2.32917639155335,0.365818997596835,12.7360195107155,0.0185530745070304,0.850536992840095
"ATAT1",1.51839445797924,0.282652249913118,14.8211604532573,0.0200930180437246,0.86008353221957
"ATE1",2.71211045797738,0.327205505853746,12.707310466731,0.0175151522190916,0.799373508353222
"ATF1",3.11137596658251,0.1842411123939,12.4417990616405,0.0112582659968863,0.608442720763723
"ATF2",3.62785927466805,0.225699873262916,11.5907017089284,0.0118068157547901,0.616945107398568
"ATF3",0.146698881665952,0.00466646375519377,19.3709401961908,0.0165895835538213,0.725835322195704
"ATF4",2.09280201419696,0.0410054511107345,10.1418119648195,0.0053798180058429,0.293257756563246
"ATF5",0.320930706204518,0.0190371995576015,18.4521485101497,0.0150424124357347,0.697195704057279
"ATF6",1.50927547247871,0.168994753078335,15.7384564003962,0.017507835440005,0.760739856801909
"ATF6B",4.20234390828695,0.24363154833439,11.0945774937869,0.0115891653897235,0.611426014319809
"ATF7IP",1.27564911150183,0.0773219789186186,15.0664400515191,0.0104416251076396,0.60173031026253
"ATF7IP2",0.553702210599235,0.10110964519845,19.0020321893807,0.0217463899149268,0.842631264916468
"ATG10",1.67021667336482,0.424298971379042,12.3899095887355,0.0193325547970304,0.911992840095465
"ATG101",4.05775055113696,0.189653306351034,11.0006650297918,0.00863686402519573,0.541616945107399
"ATG12",6.33644606718593,0.245122992508953,8.22189744502999,0.00678746705131838,0.469719570405728
"ATG13",4.53212212103697,0.35039903635386,10.705773659466,0.0146788238561387,0.713454653937947
"ATG14",1.33097193455687,0.248177771058262,15.5336881026711,0.0203713749949616,0.853967780429594
"ATG16L1",1.24481237367279,0.212000953235893,16.0636231837657,0.0201264818539602,0.835023866348449
"ATG16L2",1.01144278747453,0.293497071863993,15.3901711257511,0.021571292518084,0.907219570405728
"ATG2A",1.10945920982061,0.182446168605404,16.6425651363554,0.020138596134784,0.826819809069212
"ATG3",2.56934126210941,0.104490293065618,11.9809472695339,0.00508468572259427,0.48090692124105
"ATG4A",6.21246261964674,0.639490176398251,8.11013564703662,0.0133861438708873,0.864558472553699
"ATG4B",3.59415384925349,0.224895416995441,11.5873339858735,0.0117858289270073,0.616050119331742
"ATG4C",2.03870072994182,0.494572213916082,10.9094685473952,0.0180939692000524,0.917810262529833
"ATG4D",9.03551613177176,0.535672990395206,8.12532999398707,0.0127590990787086,0.725835322195704
"ATG5",9.21617696123371,0.354935155318404,7.24263202567099,0.00929569918776943,0.524015513126492
"ATG7",1.51563733033656,0.326105619302848,14.1790893864103,0.0201816354413918,0.88230906921241
"ATIC",1.79491241692459,0.186939781014747,15.051337254681,0.0168687368790964,0.74791169451074
"ATL2",0.604391904550591,0.0847651960725674,18.7494737848662,0.0202010506747231,0.806533412887828
"ATL3",4.90683010934313,0.306772949389674,10.5058655649289,0.0129520046772926,0.651998806682578
"ATM",0.781969227304858,0.0826598842169597,17.597181830706,0.0171776161504501,0.742541766109785
"ATMIN",2.32502572752983,0.427389693019109,11.8434855129209,0.0183973219542767,0.880071599045346
"ATN1",0.902372375202425,0.162354306425983,17.4379746625412,0.0209977695529123,0.842183770883055
"ATOX1",1.27427612992566,0.041565927912632,13.0569425853377,0.0022215383549955,0.443914081145585
"ATP10D",0.606835305980634,0.112704964808419,18.6917185797049,0.0215906179803536,0.842034606205251
"ATP11A",0.565621485350338,0.271523371883327,16.5408049012322,0.0231851580682663,0.94167661097852
"ATP11B",2.45827397991186,0.239100326352261,13.5757246305052,0.0161647134830326,0.736873508353222
"ATP11C",0.739443820825793,0.220513316051063,17.1288430428851,0.0226805981443089,0.903937947494033
"ATP13A1",2.93811220067418,0.291739639528902,12.6568502665217,0.0163549666513737,0.752684964200477
"ATP13A2",1.90404098268014,0.445436928471363,11.841790878138,0.0188022938383732,0.907219570405728
"ATP13A3",0.438327169258794,0.029398031021417,18.0928438790366,0.0148180611998048,0.693019093078759
"ATP1A1",0.973989613259296,0.0153603951268098,11.2269092456107,0.00557874968295583,0.304892601431981
"ATP1B1",0.346031883728523,0.0206964539343836,18.5045548867505,0.0153065097446648,0.70241646778043
"ATP1B3",0.973757598876784,0.0120671870002749,9.99698258371373,0.00939803809927048,0.233890214797136
"ATP2A2",1.4363028813532,0.0838308689289823,14.9294729837573,0.0105352065705183,0.603520286396181
"ATP2B1",0.616127176615515,0.0212280909967414,15.357784343438,0.00651272394146239,0.534009546539379
"ATP2B4",1.02574646468622,0.0372996492753308,13.9990626041121,0.00431287866200109,0.486724343675418
"ATP2C1",1.75174054295204,0.125093597985949,14.813970311253,0.0130172960930621,0.654087112171838
"ATP6AP1",4.92857140104673,0.20544695196193,9.4363498151794,0.0067632008135562,0.484337708830549
"ATP6AP2",3.41859563407318,0.0974262047932342,9.43299072191896,0.00119620938338636,0.344272076372315
"ATP6V0A1",0.385998022268869,0.118598455192947,19.6857341077569,0.0242993863182318,0.903192124105012
"ATP6V0A2",1.18801903434362,0.180558078503738,16.4701025936941,0.0196707767229286,0.815035799522673
"ATP6V0B",3.55150475180753,0.0464019114569192,6.7303310534004,0.0129171182751912,0.134994033412888
"ATP6V0D1",3.81187726908617,0.123421484601956,9.46213676476507,0.00114994022354305,0.382010739856802
"ATP6V0E1",3.76587850902118,0.0440983177201177,6.06805817496566,0.0147287825142419,0.0996420047732697
"ATP6V0E2",0.639687075208772,0.0978556039841829,18.5566973745565,0.0204650910081591,0.814439140811456
"ATP6V1A",1.32162118931424,0.107914846249601,15.8186536712457,0.0143482665204516,0.683472553699284
"ATP6V1B2",1.33646536413071,0.07027384733708,14.5605237214879,0.00862271402963914,0.565184964200477
"ATP6V1C1",1.60805285595381,0.146358194999046,15.3650090721517,0.0155283918043731,0.711366348448687
"ATP6V1D",4.29019600167876,0.195690463590057,10.561399490806,0.00818708301376575,0.52744630071599
"ATP6V1E1",3.38860531461573,0.190316692331748,11.6584134370815,0.0101451349351307,0.577267303102625
"ATP6V1F",3.51689488012952,0.0715506721221193,7.99169409421845,0.00702009665611298,0.235680190930788
"ATP6V1G1",4.09955281863978,0.0407612076973523,5.4247726242802,0.0165941735652008,0.0647374701670644
"ATP6V1H",2.66144680400282,0.193023861257968,13.2631759681503,0.0134265866033389,0.66214200477327
"ATP7A",0.841561837692923,0.265403465718296,16.1566592851197,0.0222164424060085,0.911694510739857
"ATP9B",1.93108863254905,0.346422582312311,13.3684728963844,0.0192468171430566,0.862768496420048
"ATPAF1",1.78484513447082,0.32734968048248,13.8450242205014,0.0195744400554634,0.864409307875895
"ATPAF2",1.91890404924588,0.41683159909235,12.3189183755315,0.0190337259304715,0.89618138424821
"ATR",1.02335394426254,0.23001274451065,16.3621123550605,0.0214200450742375,0.875
"ATRAID",2.11726946878844,0.092874044676731,12.7126683529579,0.00589170395419169,0.501939140811456
"ATRN",0.952908151835343,0.287416371487461,15.6104772552135,0.0218029282934059,0.91109785202864
"ATRX",2.65167789679718,0.0744649923732257,10.3648973685862,0.00127281776830294,0.356652744630072
"ATXN1",1.31498533796395,0.0711413168699398,14.5666085587959,0.00872275478595957,0.566825775656325
"ATXN10",1.31686471279813,0.0591109031662676,14.0000850739064,0.00628663681065054,0.519689737470167
"ATXN1L",1.69534869911185,0.30735450133819,14.2368909739408,0.0197321368572548,0.86008353221957
"ATXN2",1.89782955801046,0.182858854360597,14.7562091861383,0.0160711480055466,0.727326968973747
"ATXN2L",4.33440369337132,0.181316278936325,10.1461023646921,0.00659219876613763,0.489707637231504
"ATXN3",3.71704924950592,0.272420378808559,11.7083414914485,0.0139389568466944,0.678102625298329
"ATXN7L1",0.553346095139638,0.170169799503603,18.372945316329,0.0234702098529304,0.903042959427208
"ATXN7L3B",1.99205016043311,0.182181463415668,14.554794314392,0.0156055837794414,0.715841288782816
"AUH",1.36268620464456,0.225898205161458,15.7373482073598,0.019959656844865,0.835471360381862
"AUP1",7.15628677005612,0.139029097704491,5.24819716821822,0.00562151119209482,0.20659307875895
"AURKAIP1",4.11869427775039,0.102128381217457,8.29341668232745,0.00321663152625406,0.295942720763723
"AVL9",1.86905270157672,0.292389193630262,14.1602881728369,0.0191451859849831,0.836217183770883
"AVPI1",0.155383970623814,0.0286313014831601,21.5139761471571,0.0243451261257958,0.876789976133652
"AZI2",3.56029138223561,0.253503491970251,11.9445003175793,0.0136077691526245,0.667810262529833
"AZIN1",2.18087511863841,0.0809003561394431,12.1977803276677,0.0036529159388086,0.458532219570406
"B2M",3.12945930188939,0.00177375887159062,5.54678607538167,0.0222446783029051,0.000447494033412888
"B3GALNT2",0.801600718594035,0.170296879556369,17.6678671533853,0.0218653275035264,0.865155131264916
"B3GAT3",2.10245846381719,0.17836919077139,14.2123392633332,0.0147203067456937,0.693317422434368
"B3GNT2",1.31235658137354,0.0730900633134961,14.8263426242463,0.00950676691108722,0.583084725536993
"B4GALT1",0.890275686278746,0.0362751388613361,14.8591537299536,0.00652361062214199,0.530578758949881
"B4GALT3",4.36144735623961,0.234480983772347,10.697029133614,0.01050735222867,0.580996420047733
"B4GALT4",2.75230377437543,0.398073551031007,11.9859101367072,0.0179272884007861,0.846957040572792
"B4GALT5",0.62100732456057,0.112708341905552,18.6824542240905,0.021555682078658,0.841437947494033
"B4GALT7",0.43221168535291,0.106623587508169,19.5570837922037,0.023412597984454,0.879922434367542
"B4GAT1",0.861713282860351,0.402765669289613,13.4494326583712,0.0208400375092398,0.949284009546539
"B9D2",1.52929340456133,0.29866325211463,14.5291831004951,0.0200695863186582,0.865602625298329
"BABAM1",4.58627670693991,0.405525883817734,10.5474674744519,0.0155419089933302,0.765363961813842
"BACE2",0.114888593012203,0.0141498029258489,21.6367104473951,0.0238096855840639,0.862917661097852
"BACH1",1.26568381412496,0.0583193016743574,14.3345348691356,0.00706344915286358,0.535948687350835
"BAD",2.85319660554217,0.190575450466377,12.8065004071169,0.0124006303863613,0.635739856801909
"BAG1",1.33723440899676,0.0409832352304885,12.7024686895531,0.00123262978320231,0.424522673031026
"BAG3",0.314898756449884,0.00533999161042488,15.4522757090483,0.00526568064102917,0.514021479713604
"BAG4",4.5064570974587,0.429574922732439,10.4175743427491,0.0157982807193591,0.786247016706444
"BAG5",2.07585950919846,0.176921116880476,14.4552513091847,0.0150941803283866,0.70346062052506
"BAG6",6.1526880131627,0.234422493462478,8.6270783412954,0.00676770229393388,0.476282816229117
"BAIAP2",0.369312317548285,0.0381416628688375,19.4333691961279,0.0191391302168141,0.777744630071599
"BAK1",1.30389233470509,0.090734160587419,15.3933637219753,0.0122116693502993,0.637678997613365
"BANF1",4.96601181208746,0.0849519159161529,6.81917930557897,0.00807568469686348,0.202565632458234
"BANP",1.24384031743048,0.0871766176121098,15.5744235724493,0.0124059070081359,0.642153937947494
"BAP1",1.10403257270138,0.191528526854372,16.6173252047457,0.020457191697178,0.837410501193317
"BARD1",0.452044264767948,0.074727608516749,19.5677091633103,0.0217374615184867,0.836366348448687
"BATF",0.246147570292195,0.00232248746775386,15.5667553823614,0.00530003222718808,0.515363961813842
"BAX",1.47165015304788,0.0457594683551305,12.1863425176851,0.000388368034901863,0.405131264916468
"BAZ1A",1.33523985115999,0.0299433144224526,11.6382712145905,0.00274961421850429,0.351431980906921
"BAZ1B",2.16834435720382,0.0980020057159235,12.7411321963631,0.00636134184519904,0.510590692124105
"BAZ2A",3.26854684230817,0.185174295285254,11.9173282489147,0.0103402228279998,0.58368138424821
"BAZ2B",0.594939618794835,0.0954792443502586,18.8065512509222,0.0209531367588881,0.824433174224344
"BBC3",0.264114935515567,0.0416180871519595,20.5611970300944,0.0224688369344085,0.843526252983294
"BBIP1",2.07507399994838,0.268220633509589,14.0917552416374,0.0182179838805949,0.801163484486873
"BBS2",0.878984880194993,0.359050019144633,14.3361094916546,0.0213875041470512,0.93854415274463
"BBS4",0.764320299321284,0.313784305434262,15.3812340337082,0.0221511712168013,0.935113365155131
"BBS7",3.64356616531921,0.468863497506764,10.5519823728849,0.0167228499072596,0.846658711217184
"BBX",1.58494953127078,0.0920353489481075,14.4793146637652,0.0100537774651187,0.591736276849642
"BCAM",0.0671076595429062,0.00313422651277594,21.6347165631296,0.0231077127122416,0.847106205250597
"BCAP29",1.81000381583482,0.13447436856899,14.6927389174107,0.0133280512490589,0.660501193317422
"BCAP31",2.41684960272476,0.0500891678241348,9.43295255015781,0.00608389411580988,0.272076372315036
"BCAS2",1.59671048942806,0.0704369988558979,13.3200089087913,0.00554923306880493,0.50104415274463
"BCAS3",0.157498788071054,0.026032835719112,21.3502994818779,0.0237306662952723,0.864260143198091
"BCAS4",0.411913332999404,0.171582281474572,18.7904025149223,0.0244771767090817,0.927505966587112
"BCAT1",0.233595713148335,0.0259137878314884,20.3582563946799,0.0209152174984422,0.810262529832936
"BCAT2",1.93820951773968,0.334715587769196,13.607706400026,0.019297678311263,0.859934367541766
"BCCIP",4.5776221309174,0.188228678192979,10.0905506002122,0.0068303536959781,0.49477923627685
"BCDIN3D",1.56979283533373,0.452874778575124,11.9211445261336,0.0191395263896882,0.924970167064439
"BCKDK",2.27226536895181,0.221658864768892,14.0209273309508,0.0162869592734806,0.738066825775656
"BCL10",0.732744768494962,0.037016094903371,16.12213666089,0.0100014648025228,0.598747016706444
"BCL2L1",0.42720747990799,0.0299087197158809,18.161568966183,0.0150536778097401,0.697494033412888
"BCL2L11",0.412250022126411,0.0267758867233407,18.0667155298603,0.0145518308151382,0.687798329355609
"BCL2L12",1.26700346000307,0.157147085287422,16.4859000325187,0.0185700949357584,0.784307875894988
"BCL2L13",0.974228936438505,0.126225855961399,17.2907791184497,0.0189017626490136,0.785799522673031
"BCL3",0.797642287172615,0.0600514174165501,17.0101262170026,0.0141397569683209,0.679445107398568
"BCL7A",0.31226089090452,0.11452085991325,20.0671005954563,0.025050347990461,0.918108591885442
"BCL7B",6.3966574900467,0.275182410606161,8.85937822963136,0.00901273960550262,0.531473747016706
"BCL7C",2.30775506381512,0.317091760133874,13.3743155660326,0.0183712292768416,0.823389021479714
"BCL9L",0.681503968538084,0.122945211704036,18.3925724414283,0.021370342621191,0.83994630071599
"BCLAF1",3.34700365760155,0.10134930144405,9.73879078960822,0.000166586461151214,0.364856801909308
"BCOR",0.692902453256988,0.177597431392655,17.8592956185376,0.0226169791971594,0.885441527446301
"BCR",0.64958836538531,0.221540077814154,17.3100331204151,0.0231059204016715,0.91527446300716
"BCS1L",9.3109417358934,0.75632094379978,7.76937012348831,0.00967093769918935,0.883353221957041
"BDH2",1.1637430820596,0.139155047979017,16.6354825236876,0.0180552667884445,0.768645584725537
"BDP1",2.46698415330798,0.117432325467405,12.4755332478698,0.0072122897644443,0.523866348448687
"BECN1",4.96117802842457,0.243886432780123,9.85330431354886,0.00950260165433727,0.549671837708831
"BEST1",0.493953468857973,0.0813602030840043,19.2255986528397,0.021247703636482,0.82741646778043
"BET1",1.74431967344611,0.157461971183514,14.962334455785,0.0152596033377152,0.705250596658711
"BET1L",1.40641714850661,0.136153567157635,15.7490295625967,0.0158798285184525,0.718227923627685
"BEX4",0.465834318005896,0.0673284960848442,19.3665231963954,0.0207903243016362,0.815334128878282
"BFAR",4.67884455988044,0.256220213497586,10.5072561295911,0.0110998704242002,0.595912887828162
"BHLHE40",0.76096611345642,0.0121484456309475,12.0394006171997,0.00371481170869474,0.342183770883055
"BICD2",0.702043803631189,0.0678382333368496,17.9125068250319,0.0170149146787375,0.738365155131265
"BID",0.313612058944271,0.0122913057658772,17.4935367526371,0.0117696650197927,0.635292362768496
"BIN1",0.714241042899732,0.0538205600633199,17.250399142849,0.0143305530280381,0.68332338902148
"BIN3",3.50833014658989,0.463343166483605,10.6521320534621,0.0168667166749812,0.847404534606205
"BIRC2",1.34500503171973,0.0730956808126695,14.5010407761017,0.0087145723923831,0.566229116945107
"BIRC3",0.372883292672178,0.00410380437935587,13.5591731196758,0.000327727394870532,0.409606205250597
"BIRC6",2.42731230743972,0.138818325919787,12.8948047627795,0.00964671430061761,0.574134844868735
"BISPR",0.384873273267534,0.190133567001936,18.5300142781338,0.024612625689812,0.938842482100239
"BLCAP",1.60694025511661,0.110359771660061,14.9011166045271,0.0123139190520904,0.6388723150358
"BLMH",1.73071947100117,0.214047260125102,15.072214983976,0.0181186341810692,0.784307875894988
"BLOC1S1",1.82520945709528,0.115630588285681,14.3142645620448,0.0112836824191774,0.615602625298329
"BLOC1S2",6.16765806027645,0.210159205914193,7.92866242783091,0.00435603256982187,0.41631861575179
"BLOC1S6",2.86880696325794,0.167741051880856,12.5127143590876,0.0105577539287078,0.591885441527446
"BLVRA",0.802518347403343,0.129553179703148,17.9283122580459,0.0205839758793971,0.824134844868735
"BLVRB",0.532549745222111,0.0596946001320414,18.7978738673073,0.0188184594257645,0.774164677804296
"BLZF1",0.687690594391653,0.0718686362467339,18.0636232475892,0.017669161046741,0.75208830548926
"BMI1",0.918177088391363,0.151740328148978,17.3938953135945,0.0204290890801821,0.825775656324582
"BMP2K",0.498454925769941,0.147628590365191,18.8804072429846,0.0236798591211694,0.899612171837709
"BMPR2",0.636754592774478,0.117955160192742,18.5955966564571,0.0216108323330608,0.843973747016706
"BMS1",2.30827602053159,0.216210855229718,13.8811718905493,0.0158095246486247,0.724194510739857
"BNIP1",1.79483564471035,0.428187173432955,12.2566081170352,0.0191367692752569,0.908263723150358
"BNIP2",6.39244263667431,0.231659866328926,8.15989275797284,0.00590348308167981,0.451073985680191
"BNIP3",0.27221874664105,0.0185454109110644,19.1521789613004,0.0169925284385694,0.734337708830549
"BNIP3L",1.21426994711786,0.0296272764458205,11.5521622139798,0.00299674574497007,0.346062052505967
"BOD1",2.02941000160749,0.206512219869363,14.6456778735141,0.0168486415638371,0.751193317422434
"BOD1L1",1.53627898485226,0.129151390405045,15.364759685052,0.0145721598307521,0.68854415274463
"BOLA1",1.76842504570716,0.383179226318253,12.9953418156415,0.019483828060279,0.890811455847255
"BOLA2B",1.57201316079155,0.261889896542694,14.9785173063287,0.0197227879565075,0.841437947494033
"BOLA3",1.3257654830091,0.10547164138156,15.880243735401,0.0143182113266299,0.683174224343675
"BORCS5",1.04412319502783,0.133074956331547,16.9772235677355,0.0185449398781707,0.778639618138425
"BORCS6",1.03871081945419,0.17267694002611,16.8914085482356,0.0202615740366487,0.827118138424821
"BORCS7",1.96201627868395,0.222413657567602,14.5262629225764,0.0173724492306654,0.766258949880668
"BPGM",0.334090392648504,0.0359867621223205,19.59178469793,0.0194426288225437,0.783263723150358
"BPNT1",3.62307499093405,0.578606492643352,9.0958251619219,0.015720645351035,0.897822195704057
"BPTF",2.11255051211034,0.0869561015372189,12.3525739315354,0.00457759727382302,0.475238663484487
"BRAF",2.50530844641765,0.284702380220397,13.2916941633938,0.0172874836746003,0.778639618138425
"BRAP",3.7501498286029,0.381101575141948,11.2946479951183,0.016365785758493,0.783114558472554
"BRAT1",9.42703016346232,0.651702509477466,8.07816822662723,0.0117232729323673,0.8125
"BRCA1",0.165031391059584,0.0806953773927434,21.339969681755,0.0266793665754913,0.940035799522673
"BRCC3",2.11805417486092,0.326529961522191,13.4889684157472,0.0188597199200419,0.842332935560859
"BRD2",2.42244393477484,0.029001999441222,7.33405818828763,0.013947001600527,0.131115751789976
"BRD3",1.4872062295005,0.166387558871862,15.7134527474987,0.017354859515176,0.75626491646778
"BRD4",4.24574938259425,0.15476750423912,10.0989716747461,0.00468054332366497,0.453609785202864
"BRD7",2.46094975389903,0.242207229754671,13.6561686096682,0.0163954114281053,0.744480906921241
"BRD8",2.05061009511489,0.184151270896076,14.3065058191015,0.0152239656978966,0.705847255369928
"BRD9",1.0124745940204,0.106253944395901,16.9002674709735,0.0168765447070657,0.738215990453461
"BRF1",1.25489593513203,0.356229431799189,13.974814287528,0.0206241752910835,0.912440334128878
"BRI3",0.678508889957629,0.12912666936472,18.3747150956855,0.0216328326716313,0.847404534606205
"BRI3BP",0.71596547614279,0.195656343286858,17.592426990573,0.0227322418403588,0.895286396181384
"BRIX1",1.87357559267714,0.126578814606561,14.4585037949129,0.0122974647591374,0.637678997613365
"BRK1",5.80722222370357,0.0775628718886305,5.24533839329932,0.0120633197493843,0.120375894988067
"BRMS1",5.09199299996539,0.278225685553048,9.97484750212079,0.0111738904134953,0.594272076372315
"BROX",2.59111542076448,0.237067610391061,13.4199535753545,0.0157463410838837,0.7256861575179
"BRWD1",2.76822959821228,0.13450722817068,12.1863401284745,0.00776346482945444,0.532070405727924
"BRWD3",1.28865055514348,0.182687013757134,16.2590452689027,0.0192813662471649,0.806384248210024
"BSDC1",4.59037904028116,0.239855484790599,10.4149404118162,0.0102551454456405,0.572941527446301
"BSG",3.83158316066653,0.0559547570803565,6.55915428862267,0.0120693908438761,0.142601431980907
"BST2",0.643448279677109,0.0114695640081339,12.9712584528866,0.00117641648875895,0.390662291169451
"BTAF1",2.93340106525578,0.245212053274504,12.8129274192029,0.0149321949418438,0.703908114558473
"BTBD1",3.05314579442227,0.287966303766282,12.5845768066693,0.0160569385211035,0.743585918854415
"BTBD10",2.78014233595856,0.310689815143268,12.7892131745857,0.017158325187888,0.782965393794749
"BTBD7",2.01410500774538,0.28166120693172,14.0907215642801,0.0186503997609003,0.818168257756563
"BTD",1.39238336274402,0.333038316199756,14.1904467471392,0.0204231386329327,0.892899761336515
"BTF3",8.5959670767044,0.0291670512448321,3.74110348392055,0.0203870236863715,0.00208830548926014
"BTF3L4",4.07816829869119,0.167420551186952,10.5594714605516,0.00645855788550143,0.492392601431981
"BTG1",1.03892435654203,0.00354130629870058,6.88203705329475,0.0193103027536359,0.0534009546539379
"BTG2",0.58440497272038,0.0120902800048746,13.294111560557,0.000187900628438157,0.408860381861575
"BTG3",0.982537037908321,0.0212622686478224,12.2410547655956,0.00209669150509926,0.368436754176611
"BTN2A1",1.88292917006069,0.17808610177888,14.7832730894137,0.0158963203075343,0.72255369928401
"BTN3A1",0.571288253634336,0.103257132344397,18.8583249380082,0.021513891867885,0.838007159904535
"BTN3A2",0.640805221247392,0.0362494134943912,16.5478621254676,0.0111147143406008,0.620375894988067
"BTN3A3",0.519362364103689,0.0670602166073211,18.863567559929,0.0194743350144831,0.7881861575179
"BUB3",2.15640941916274,0.0475448400608791,9.42321408720146,0.0063939566825348,0.266706443914081
"BUD13",3.44912819901531,0.388213979405477,11.5156574280355,0.0168784768398759,0.804892601431981
"BUD31",6.50841900358823,0.152104150855836,6.57028417606572,0.00219340019002514,0.282816229116945
"BYSL",0.650808496880885,0.100541694292246,18.6369842573542,0.0207854119226307,0.822195704057279
"BZW1",3.64081772693567,0.0494701793382017,6.76316992642791,0.0124373844010051,0.141855608591885
"BZW2",2.6863227286756,0.164512059834791,13.2691647533058,0.0118270052750385,0.625298329355609
"C11orf1",1.21092342733628,0.20073670547318,16.3509626069568,0.0202335817806172,0.835023866348449
"C11orf24",0.477508213409756,0.0785706495785839,19.3833754403306,0.0214844548450274,0.831891408114558
"C11orf49",1.59441201631009,0.268186640593979,14.8559701257862,0.0197033126340533,0.843078758949881
"C11orf54",1.96162908796691,0.277912397289902,14.1736045637758,0.0187063893756912,0.818168257756563
"C11orf58",7.06071254617734,0.103115687151943,4.7367571876871,0.0101047406299832,0.136634844868735
"C11orf68",2.21030963674876,0.575397465992253,9.38048986844179,0.0167552871164928,0.934815035799523
"C11orf71",1.48599427988766,0.518070733934646,10.6887199764749,0.0182888813662443,0.944361575178998
"C12orf10",4.87573604085309,0.304784959877465,10.4112190138957,0.0128123606263617,0.645883054892601
"C12orf29",2.56918969815097,0.274473108182301,13.3443850750711,0.0169883833957613,0.76804892601432
"C12orf4",5.48332343095185,0.70350847758535,7.39238098087116,0.0126086550242117,0.908263723150358
"C12orf43",1.86904290701136,0.333929875733427,13.657867331039,0.0194044096147162,0.862321002386635
"C12orf45",0.263035473864035,0.0236084612469934,19.6135446248181,0.0186697550893814,0.766706443914081
"C12orf49",3.23834859690533,0.465765077747228,10.7649530845344,0.0171337132726556,0.859337708830549
"C12orf57",1.54230088692487,0.0212443712153468,9.24073527277268,0.0101722067015734,0.212261336515513
"C12orf65",1.47164890956187,0.131026203772343,15.5610017716838,0.0151406106202554,0.7013723150358
"C12orf73",3.87763664594596,0.500677545155797,10.0416798886388,0.0163335248556392,0.853967780429594
"C12orf75",0.515595363258789,0.016678854636318,15.7510646729691,0.00719207496904381,0.548031026252983
"C12orf76",1.51035418001007,0.284026294054504,14.7707330480188,0.020068781759707,0.859486873508353
"C14orf119",4.28772966713058,0.139242019283122,9.01288834489436,0.00151028320651545,0.381414081145585
"C15orf39",0.444653651013916,0.0876970241899918,19.5959777947745,0.0225315218833731,0.85590692124105
"C15orf40",2.6533624090441,0.302922991082703,12.9770771707202,0.0172833355691156,0.784009546539379
"C15orf61",1.79742667484655,0.147296691730986,14.7143088308326,0.0141624044930153,0.678997613365155
"C16orf58",1.77070613170294,0.367095495952781,13.2664232987623,0.0195646596127539,0.884546539379475
"C16orf70",4.3907191289759,0.50039181567667,9.79624990165419,0.0158935269861193,0.834576372315036
"C16orf72",2.47884897259591,0.212411420151237,13.6704718827767,0.0151681477979106,0.707786396181384
"C16orf87",1.00594229453969,0.0780255566761534,16.4467551971542,0.0139483695523811,0.675119331742243
"C16orf91",6.22543828691525,0.457633781291514,9.34999294386175,0.0143337009877513,0.74477923627685
"C17orf49",1.41701062938823,0.0634905315357126,13.8738769547565,0.00633070882487698,0.519540572792363
"C17orf58",0.244824548770946,0.124338207527285,20.2236471894326,0.0258782407053136,0.940035799522673
"C17orf75",1.09239875944162,0.281776446434773,15.5053816966594,0.0214051752801545,0.89722553699284
"C18orf21",3.79688465849299,0.357013613272824,11.391968814242,0.0159799354263579,0.760143198090692
"C18orf32",2.29078598418854,0.192977006173178,13.8707536547153,0.0147261278664476,0.694212410501193
"C19orf12",1.67052344912612,0.226728518690909,15.0635018947395,0.018637520380407,0.800566825775656
"C19orf24",2.36821892063977,0.0998925765053668,12.0918715536084,0.005022610088233,0.480310262529833
"C19orf25",3.9025725942886,0.249928071079627,11.289288880794,0.012346253767049,0.630369928400955
"C19orf48",0.833671296264921,0.0909023554083068,17.7949981706321,0.0181190413927014,0.764021479713604
"C19orf53",9.02171804993283,0.148708277361564,4.06654560227598,0.00672983055844044,0.168854415274463
"C19orf66",1.28902310863713,0.108346810364454,15.8148314802974,0.014393817556922,0.684069212410501
"C1D",13.7569267275173,0.410484116624535,5.3110810627793,0.00813561877010514,0.459278042959427
"C1GALT1",1.5490222296468,0.170558821779258,15.5283425599555,0.0171615480410847,0.75208830548926
"C1GALT1C1",1.91627612498581,0.252639774024901,14.4603315767031,0.0183914412514373,0.801312649164678
"C1QBP",3.02713971799126,0.0617127807906176,8.73346688934564,0.00643295253997735,0.256414081145585
"C1RL",0.50019285157508,0.18923147702135,18.2411587584742,0.0239277473836763,0.921837708830549
"C1orf122",0.866413066525275,0.107480850247535,17.6192209343898,0.0186760872756016,0.777744630071599
"C1orf131",2.63726199538497,0.245973830136735,13.364404629785,0.0159741585282215,0.733591885441527
"C1orf159",2.10002634432762,0.488727594077968,10.9887723117174,0.018106039731883,0.913782816229117
"C1orf174",3.3819213079035,0.265461550283784,12.2306147479012,0.0145858072096792,0.697046539379475
"C1orf21",0.30575224016464,0.0405018670335954,20.1682766991596,0.0213133237708822,0.820704057279236
"C1orf216",0.836272524335606,0.21766770720885,16.9350282184616,0.0221733379654745,0.889618138424821
"C1orf35",1.98813046201474,0.1758122518175,14.5256625222778,0.0152349127086216,0.706145584725537
"C1orf43",13.1893030999156,0.194887707996411,2.65822723981458,0.00501752631557309,0.164528639618138
"C1orf52",2.90403457856094,0.137441660963658,12.1490966244727,0.00782923749572014,0.533711217183771
"C20orf194",1.04970625943275,0.31621693053045,14.9487096206561,0.0213735089587237,0.913335322195704
"C20orf27",1.0004511114209,0.116871970037089,17.2287361551031,0.0182314341005134,0.769689737470167
"C21orf91",1.29770242468379,0.10499569645037,15.8373867769149,0.0142139282968882,0.680489260143198
"C22orf39",3.83246105847711,0.288611055817859,11.4983269565112,0.0141911958488897,0.68645584725537
"C2orf49",3.03880818710326,0.303718836591091,12.5209734206597,0.0164552917797633,0.759397374701671
"C2orf68",1.09474759195539,0.267568318838172,15.6906918404994,0.0213422067480101,0.888573985680191
"C2orf69",2.22507891538141,0.30375768461882,13.5760776273681,0.0183789644529021,0.818019093078759
"C2orf76",5.2949552869107,0.669536452482333,7.80307547725913,0.0133375847155265,0.897971360381862
"C3orf14",0.584885857637066,0.109266475492599,18.9241476779122,0.0219569268315888,0.849492840095465
"C3orf38",2.66263768475676,0.209444085664136,13.1593314784806,0.014081513811107,0.678102625298329
"C4orf3",2.432994351745,0.0506892163472751,8.99579057919112,0.00707105486853873,0.250745823389021
"C4orf33",0.967923181108199,0.336388025374654,14.6891681626933,0.0214363211171277,0.926610978520286
"C4orf46",0.756855161202976,0.191182628611305,17.5469293821679,0.0224569449746382,0.886784009546539
"C4orf48",1.01558300273179,0.0305724042862122,13.2531736210584,0.00165402421864341,0.436903341288783
"C5orf15",2.18000613944853,0.159931589782416,13.9023479122684,0.0130771931909361,0.653341288782816
"C5orf24",2.04547715561791,0.128301587737689,13.8751201926879,0.011109330975872,0.61008353221957
"C5orf30",0.661250816054731,0.173042838348942,18.0247554124627,0.022794735453204,0.888126491646778
"C5orf51",2.65966538514796,0.250245703171723,13.2638869615101,0.0159767969152912,0.733890214797136
"C6orf106",2.63386142652183,0.28429420250021,13.1965251375033,0.0170435679980793,0.77222553699284
"C6orf120",1.81903475873515,0.337718219916706,13.6555915805147,0.0195106415765669,0.867392601431981
"C6orf136",2.70794767564803,0.282575896040253,13.1434901952499,0.0168619051388315,0.766855608591885
"C6orf203",4.74705294165805,0.525689873174154,9.41933859131244,0.0154786476237218,0.838007159904535
"C6orf226",1.33890904072486,0.281851873299,15.0843359719189,0.0205986542901024,0.87395584725537
"C6orf47",1.01876910493933,0.135299640077679,17.1114484847424,0.0189619723907595,0.788633651551313
"C6orf48",0.852312637229985,0.0282074501841391,14.2042251526008,0.00399542257339532,0.483442720763723
"C6orf62",3.03237211211045,0.147331736388163,11.8399769231165,0.0078844520977012,0.531473747016706
"C6orf89",2.06824809432264,0.168607185851277,14.2097014153222,0.014219235829076,0.680638424821002
"C7orf26",3.85879446958954,0.446471834555993,10.6324350828017,0.0165277307462361,0.823090692124105
"C7orf50",1.43818778558089,0.180845261699714,15.9191948467329,0.0184496849984139,0.785799522673031
"C8orf33",1.44171756563576,0.177136126799604,15.9120487473572,0.0182677678097534,0.780578758949881
"C8orf59",117.983654630775,0.778560665280338,35.5660566902679,0.00694958312832767,0.324433174224344
"C8orf76",19.0822014092495,0.710936131861149,9.37044827854341,0.00731581726074974,0.728371121718377
"C9orf16",2.17537714353733,0.0449370237516366,9.43733761382469,0.0066698329240034,0.263424821002387
"C9orf3",0.191843661110337,0.0120987160956864,19.9254396522948,0.0187354225880172,0.766855608591885
"C9orf64",1.74315682096135,0.407023927573381,12.6307233527518,0.0193755373870017,0.901998806682578
"C9orf72",0.334088178966584,0.145694302058716,19.4998202876915,0.0250588379284484,0.930340095465394
"C9orf78",1.99830315299795,0.0677138332196921,11.6057615083169,0.00108588349243627,0.409009546539379
"C9orf85",1.82421020609054,0.309734096879365,14.0537708602659,0.0194410071340713,0.852625298329356
"CAAP1",3.11720756044908,0.329455956115919,12.3247418288386,0.0168214781469835,0.779385441527446
"CAB39",1.92969033829089,0.152487464310231,14.5857894779629,0.0141150779607345,0.678699284009546
"CABIN1",1.29448213749648,0.199915703545984,16.1044445882692,0.0196992588853018,0.821002386634845
"CACUL1",2.26654696788931,0.161171423997926,13.8347003654369,0.0129603577064304,0.651103818615752
"CACYBP",1.12846087641528,0.00754694974735645,7.93872996690555,0.0157134564620197,0.117541766109785
"CADM1",0.171874799137206,0.0287675544426699,21.2765795673337,0.0236856510706185,0.864110978520286
"CALCOCO1",1.47419109463342,0.146441906000035,15.5524978823212,0.0160138832194521,0.721807875894988
"CALCOCO2",2.18312583423611,0.0901767481910968,12.0787693451902,0.00422514026243747,0.465990453460621
"CALD1",0.0964108115734437,0.0023521010065342,20.1852827584773,0.0188052546195842,0.766855608591885
"CALM1",2.83448608804777,0.0149591383023112,5.76985673383167,0.0198173692802749,0.0308770883054893
"CALM2",2.26416533138771,0.0172817066998169,6.5550854904067,0.0176503683705561,0.0704057279236277
"CALM3",1.20302401553288,0.0277024300013122,11.6705907112575,0.00290647959041426,0.349194510739857
"CALR",1.9022452457729,0.0151376510255176,7.06074375829138,0.0167477564394439,0.090244630071599
"CALU",0.641523376100098,0.0245576314163724,15.4231935471878,0.00700918646460629,0.542661097852029
"CAMK1",0.189007091253757,0.0849081736777386,21.1126567574805,0.0262956910262552,0.933621718377088
"CAMK1D",0.540001228786592,0.08839213330977,19.0648320108136,0.0212174328519378,0.82846062052506
"CAMK2D",0.68814403587237,0.122290708733702,18.4023315871131,0.0213524055429084,0.839498806682578
"CAMK2G",0.394685779059144,0.0596806603157471,19.7236363207333,0.0212877119286309,0.823836515513127
"CAMKK2",0.672722814347124,0.174057302875529,17.9829691331549,0.0227407759816668,0.887231503579952
"CAMKMT",3.8776455412007,0.596718134685322,8.77266007402079,0.0153030918265707,0.897374701670644
"CAMLG",4.63049651391449,0.14666904024415,8.95378358248551,0.00189720609938833,0.387977326968974
"CAMSAP1",0.804885179904809,0.242169184251875,16.6563771111269,0.0224436444464697,0.907368735083532
"CAMSAP2",0.570556292418596,0.117420837560397,18.9326038023268,0.0223909100798175,0.8611276849642
"CAMTA1",2.25204570424977,0.0900889994420609,12.5097413995464,0.00514082607435889,0.487470167064439
"CAND1",2.42237738586739,0.108407726810438,12.237964851684,0.00602110315255272,0.499552505966587
"CANT1",3.47908565042354,0.273812104735561,11.9990336674506,0.0145303597557959,0.695405727923628
"CANX",2.89729256897202,0.0466931942449461,7.9929199233661,0.00995850855740724,0.195554892601432
"CAP1",3.31223616734562,0.0492348733487442,7.22906450946363,0.0114195061936554,0.163036992840095
"CAPG",0.606014523648104,0.0175077042758533,14.8255839810079,0.00466990666029907,0.499701670644391
"CAPN1",2.08373941326088,0.136276169344424,13.9603780455659,0.0117873792905718,0.625
"CAPN10",1.1739849764486,0.438439684832322,12.4595527963907,0.019847767811469,0.939886634844869
"CAPN15",2.76891144102144,0.529779530330755,10.0352577953824,0.016989677508506,0.903937947494033
"CAPN2",1.783055102314,0.0524422311992216,11.7826560109924,7.57744395654333e-06,0.394838902147971
"CAPN7",3.16721720993239,0.242505113817248,12.4513733696087,0.0141338669699031,0.681533412887828
"CAPNS1",1.85381814935134,0.164380822113234,14.9264412826219,0.0154745183131933,0.7118138424821
"CAPRIN1",5.52982179310245,0.172906250171806,8.2744221435882,0.00248991079546124,0.388275656324582
"CAPRIN2",0.602462880625511,0.294618812437987,16.0121921911093,0.0228289560455804,0.944212410501193
"CAPZA1",4.93403484928098,0.117981122039321,7.4787352355703,0.00339909482807864,0.279683770883055
"CAPZA2",5.60172213500733,0.141660037180418,7.42487252874677,0.00146885350784857,0.308920047732697
"CAPZB",3.79276368874557,0.0507705395433147,6.60149983547801,0.012625836408213,0.136634844868735
"CARD16",0.303059952306388,0.00630222782004329,15.7628486502381,0.0062624896028271,0.532368735083532
"CARD19",1.42554345348855,0.110337440584196,15.472660110964,0.0136775173791521,0.668705250596659
"CARD8",0.83452893050934,0.100779122896546,17.6034708252695,0.0182779326307055,0.767899761336515
"CARHSP1",1.18411787628864,0.0504433853697401,14.2413705756051,0.00614459972191386,0.519391408114558
"CARM1",1.13627328910656,0.303897253725399,15.085790140085,0.0212461691430465,0.903639618138425
"CARNMT1",1.02578848749538,0.254962737874513,16.0157396115461,0.0215726935297076,0.889468973747017
"CARS",1.21260169121501,0.0826550035458274,15.5062702367804,0.0119302810430333,0.63230906921241
"CARS2",2.76772458961619,0.501068649389312,10.5180469245684,0.0173264614214162,0.894391408114558
"CASC3",2.79251989863273,0.191542746643489,12.8494467694532,0.0125687708682622,0.639468973747017
"CASC4",1.88403440555853,0.218364046565969,14.6846520749133,0.0175312568978662,0.769540572792363
"CASD1",0.431302336981387,0.221494695764573,17.8050570290831,0.0241676251738538,0.942422434367542
"CASK",0.708438515289552,0.209178771532846,17.3995598345393,0.0228328672341285,0.903192124105012
"CASP1",0.544634178558307,0.0353087689576236,17.4000835096925,0.0133637652688392,0.664528639618138
"CASP2",0.904652499150083,0.157547537839339,17.4191588951244,0.0207519483087745,0.834874701670644
"CASP3",1.48260450161759,0.0943906627791281,14.8127887615894,0.0110491345534207,0.612470167064439
"CASP4",2.00071436489209,0.0905458146643554,12.7242293514673,0.00577329632524657,0.499403341288783
"CASP6",1.10310963801793,0.217880076310504,16.3511286391963,0.0209416854015891,0.858144391408115
"CASP7",1.27467353225553,0.136356677992907,16.2799488230673,0.0170823650598341,0.746121718377088
"CASP8",0.750770095197958,0.0778765533444369,17.6665702114245,0.0170540241694568,0.739558472553699
"CAST",2.10466014916652,0.0452943538071992,9.85774806313899,0.00558515110738971,0.285352028639618
"CAT",1.37800843299501,0.105184167561091,15.5299179279549,0.0134897199033605,0.664677804295943
"CAV1",0.116023392151436,0.00130386790644456,18.7011622614487,0.0143787761713187,0.68436754176611
"CAV2",0.245663501733493,0.0259730622002652,20.3163040844333,0.020792794069748,0.808025059665871
"CBFA2T2",1.49053418049281,0.276267366741856,14.8896729735675,0.020058852628278,0.85590692124105
"CBFB",3.01749852196715,0.275379955377484,12.7296336365694,0.0158590250807566,0.735680190930788
"CBL",1.53056164216673,0.165353175175172,15.6218356674755,0.0170940774049937,0.75
"CBLB",0.682256376141689,0.0272205328169152,15.2007911971134,0.00664843142956455,0.534904534606205
"CBLL1",8.41585120244155,0.482852825824898,8.27076169081893,0.012878029393938,0.694063245823389
"CBR1",1.27295848223141,0.104320337127778,16.0377463543118,0.0146301113353417,0.689886634844869
"CBR4",1.45898080010462,0.320354451653058,14.3598882080251,0.0203450257691795,0.884695704057279
"CBWD1",1.13649599917146,0.135490604727398,16.8359076766507,0.0182954569426433,0.774015513126492
"CBWD2",2.43043301396256,0.14237646788209,13.1552163528738,0.0103895002111391,0.591736276849642
"CBWD5",1.10485355360062,0.142050853771324,16.9310418922053,0.018856880309108,0.787887828162291
"CBX1",1.57978865546558,0.107695404208202,14.9425468201048,0.0122364575059848,0.637380668257757
"CBX3",2.95341462330442,0.0540406480928782,8.59928024794573,0.0076301010120705,0.237768496420048
"CBX4",0.508726349343972,0.143601794922307,18.881913692485,0.0235097883859718,0.894242243436754
"CBX5",1.67895255524197,0.141006427361815,15.2410452537258,0.0149187915391921,0.697494033412888
"CBX6",0.773623237151244,0.11794140459989,18.024406370287,0.0202285241409062,0.81354415274463
"CBY1",0.808525036350128,0.268094697335885,16.1802184920824,0.0223430341448852,0.916616945107399
"CC2D1A",1.30873445704177,0.180502069518035,16.2027291130645,0.0190676912771932,0.800566825775656
"CCAR1",2.7716815142987,0.112256332891403,11.652153145698,0.00495646812909059,0.475089498806683
"CCAR2",3.53776132801875,0.278246422046477,11.8839316039462,0.014505300510487,0.69480906921241
"CCDC106",0.616087912205114,0.282855751255967,16.2372371276351,0.0229164286441879,0.940334128878282
"CCDC107",1.66631118207901,0.081151358488302,13.507437428228,0.00690253356555069,0.526252983293556
"CCDC112",0.381819059443428,0.138636586430284,19.4359849608951,0.0246014696531337,0.917213603818616
"CCDC115",2.88868870169823,0.235719678539558,12.862260836389,0.0146454353584697,0.694958233890215
"CCDC117",1.61017855208395,0.149318220741522,15.3364553605734,0.0156368727945728,0.71390214797136
"CCDC12",7.0585552215294,0.261202347939205,7.79249743485398,0.00681203294607374,0.465095465393795
"CCDC124",5.41173754489531,0.19572193666088,9.05014259846219,0.00532902398422692,0.452565632458234
"CCDC126",4.14841509872666,0.42563388186541,10.6826209566786,0.0161827961979352,0.798776849642005
"CCDC127",2.98942038494249,0.341568658904191,12.2738996543907,0.0171415977091339,0.792661097852029
"CCDC130",5.34672033614898,0.330117049839889,10.0143353581136,0.0129324813882451,0.651849642004773
"CCDC137",2.70953050627475,0.226633340037087,13.2536802482983,0.0149710800344312,0.703758949880668
"CCDC14",0.972746460235016,0.154446133369465,17.2643436703856,0.0202421141932181,0.822344868735084
"CCDC159",1.16018635226366,0.38286745677513,13.571322850638,0.0205622014125628,0.926610978520286
"CCDC167",0.79718156248441,0.0590232330423501,16.9503883956613,0.013912233994703,0.674821002386635
"CCDC174",3.44176961516124,0.228783734248092,11.9324722288916,0.0125793157606598,0.638126491646778
"CCDC186",1.51762980246205,0.0998528026819129,15.0126749786328,0.0118745056824108,0.63022076372315
"CCDC22",3.49888808546746,0.498264703524788,10.2082973144222,0.0166761270447742,0.865155131264916
"CCDC25",2.10088662818762,0.208376833414303,14.4369235968122,0.0165285694944674,0.742840095465394
"CCDC28A",2.66714590382965,0.195171398659518,12.9915200148356,0.0130899307085638,0.651849642004773
"CCDC28B",0.27946344293088,0.10493381043067,20.3422530697689,0.0252901299134991,0.919749403341289
"CCDC34",0.384692774565767,0.0743396356373585,19.9977345527424,0.022836511523286,0.858890214797136
"CCDC43",3.71083773566691,0.401076412849163,11.2065043536326,0.0166033874087383,0.801610978520286
"CCDC47",2.73071588399703,0.102294429948909,11.4337730514196,0.00367241469520367,0.450328162291169
"CCDC50",0.352280452768369,0.0192011432054089,18.1389176208132,0.014161889470212,0.680489260143198
"CCDC51",1.67854538872208,0.444932388451698,12.0273549926219,0.0191110854644443,0.918854415274463
"CCDC57",1.45388699072372,0.221195791379274,15.5824585401637,0.0194639331485217,0.821002386634845
"CCDC58",3.46340298410936,0.44444597803208,10.969232621252,0.0169990896282882,0.841736276849642
"CCDC59",4.24551427407707,0.19431347803491,10.5230120466613,0.00806953678659381,0.524164677804296
"CCDC6",1.14686159030437,0.080651542843954,16.0198862926673,0.013029107488937,0.656175417661098
"CCDC66",1.15227363578423,0.174076908562524,16.5526475248279,0.0195810090259871,0.811008353221957
"CCDC69",0.488256908202552,0.0623368265896672,19.0356509864863,0.0196299786917016,0.790721957040573
"CCDC82",2.60636404018219,0.244453547996851,13.4165669694031,0.0160159480575156,0.734486873508353
"CCDC84",2.25994061886253,0.331923955169019,13.2020518837057,0.0185284973751151,0.833532219570406
"CCDC85B",1.2828121279876,0.0533415193791699,13.7872785124313,0.00523541015535323,0.5
"CCDC86",0.826334396032412,0.129640404201325,17.9213970638748,0.0205497307414428,0.823687350835322
"CCDC88A",0.158215662748555,0.0238646068054933,21.3527143542009,0.0235987314853906,0.861276849642005
"CCDC88B",0.527034324051188,0.138389289976318,18.8342637470795,0.0231745333815273,0.884695704057279
"CCDC88C",0.504246073825497,0.0624557677129065,18.9209629021099,0.0193350823400846,0.784755369928401
"CCDC9",1.09270862437504,0.383025747403398,13.6534900717542,0.0207009982878557,0.931682577565632
"CCDC90B",2.05234998142293,0.125935607999925,13.6952733261511,0.0105766432289815,0.597852028639618
"CCDC91",2.58062722619583,0.232292654240965,13.4958458086553,0.01567239258642,0.723448687350835
"CCDC92",2.74071183650117,0.604081181372056,8.77846819611688,0.015912250992261,0.928102625298329
"CCDC93",1.77205486947402,0.167377136759835,15.0604780365878,0.0159474192663007,0.723001193317422
"CCDC97",2.09052341200278,0.255594349617851,14.1006539211711,0.0178231463848701,0.785948687350835
"CCHCR1",0.942919829828299,0.268270890274955,15.9815404225183,0.0219231191980292,0.905429594272076
"CCL4",0.0366429300874768,0.00138563893041928,22.3428888314445,0.0250851731755428,0.883353221957041
"CCL5",0.0842838740517711,0.00118916528313251,19.9234739375453,0.0179589534268986,0.750894988066826
"CCM2",0.655909898015791,0.0372718292521946,16.5392536053017,0.0111716481562882,0.621420047732697
"CCNB1IP1",0.714871030670715,0.0532149873553389,17.4147320095803,0.0147018921859602,0.691079952267303
"CCNC",3.41042064833874,0.200188783462814,12.1250717000041,0.011430166951316,0.611724343675418
"CCND1",0.114353841207697,0.00921387291438718,21.1882862520875,0.0221970938720237,0.831443914081146
"CCND2",0.453108621230505,0.0162632307904483,16.2510151156969,0.0085744434444558,0.574284009546539
"CCND3",1.30695892245409,0.086029107987836,15.4256316002739,0.0119337028152233,0.632607398568019
"CCNDBP1",1.33733119599255,0.0486235177573177,12.8140940751752,0.00230909666297428,0.442124105011933
"CCNG1",1.66215104553001,0.104927023107115,14.5607776147194,0.011153556182851,0.613812649164678
"CCNG2",0.511498986730138,0.0556210626666086,18.7137680946065,0.0183491313545143,0.764021479713604
"CCNH",1.26065391457535,0.0980407159777844,15.706053497659,0.0134746140480055,0.66423031026253
"CCNI",4.27519299649114,0.0265597633933781,5.1670777834203,0.0190932420911392,0.0313245823389021
"CCNK",4.22076211149757,0.225351676195312,10.8940973095964,0.0103998256016241,0.579952267303103
"CCNL1",1.02339905145383,0.0157303126634964,10.3002311031464,0.00807498008914366,0.256414081145585
"CCNL2",3.08746004894312,0.165947556211182,12.0350309622072,0.00946396836513196,0.565334128878282
"CCNT1",3.00056442278066,0.221374234272459,12.706930678018,0.0136906689375372,0.668854415274463
"CCNT2",3.479560532349,0.302226639175783,11.9728062620589,0.0154396237459464,0.727625298329356
"CCNY",1.24776138638459,0.297621124429583,14.9832890819743,0.0208913255942939,0.889618138424821
"CCP110",0.938647527797848,0.184312190172911,17.1205763965994,0.0212498405527806,0.854713603818616
"CCPG1",0.753936177512185,0.0615998886169142,17.1343483150823,0.014598896713281,0.688394988066826
"CCS",3.30569601610404,0.260493857464858,12.1043371111858,0.0142970936443184,0.686008353221957
"CCSER2",1.36722576239455,0.0620474760467496,13.7065616884865,0.00581472706625504,0.508800715990454
"CCT2",3.34090910151412,0.0568218104330915,7.98291510800855,0.00873776312580076,0.212559665871122
"CCT3",3.19840665033163,0.0445101519057169,7.32391818573815,0.0118031730318539,0.159904534606205
"CCT4",3.08721543577592,0.0482698389477509,7.5928015496966,0.0107030867538093,0.178699284009547
"CCT5",3.90245216104321,0.0804810551294558,8.19372851518394,0.005626321648604,0.259844868735084
"CCT6A",3.92828079518917,0.0599231050293699,7.02766545160413,0.0105162541961156,0.172285202863962
"CCT7",4.10008293665056,0.0984559097415226,8.28052820696227,0.00360605097133554,0.290125298329356
"CCT8",4.76256526697089,0.0800635543562292,6.77343923281502,0.00870638333498308,0.19272076372315
"CCZ1",1.08265576294933,0.330779424682811,14.637521002416,0.0211920230799205,0.915721957040573
"CD151",0.68956133665014,0.0264178332386503,15.3950321072501,0.00709226550430858,0.544003579952267
"CD164",5.4869605427768,0.118158660115633,6.8815580284871,0.00457899180969596,0.252386634844869
"CD276",0.179393169776697,0.0234679179256725,21.0390635349826,0.0226823758685818,0.843675417661098
"CD2AP",0.709320207435952,0.0535140064517431,17.4825425935794,0.0149013127570494,0.695107398568019
"CD2BP2",5.03287116442693,0.246362073300552,9.59420533371843,0.00926050811422862,0.540423627684964
"CD320",0.799142109719791,0.0878222295965607,17.7209820011214,0.0177855301013276,0.756115751789976
"CD37",0.607935681167374,0.012475303778276,13.6899291105165,0.000960179148432164,0.430787589498807
"CD3D",0.320781640174715,0.00415088690420099,15.2037155498995,0.00442155897869177,0.498657517899761
"CD40",0.184866091917588,0.0172331153183784,20.5105380307519,0.0207742873498687,0.806085918854415
"CD44",1.70386651560732,0.0125661078670209,7.38097594187259,0.0163264368765838,0.101133651551313
"CD46",1.5295705957558,0.0578179245609554,12.8831701826045,0.00333304738211166,0.45972553699284
"CD47",1.47864519886706,0.0440624690472276,12.153479044481,0.000122620374502693,0.400805489260143
"CD48",0.336719696974207,0.0147325633328224,17.7099803444931,0.0125853234055208,0.650656324582339
"CD52",0.310475027614643,0.00358214573511521,14.8217292740796,0.00326219151444288,0.477028639618138
"CD53",0.61291335747314,0.0159519665634219,14.4371188769205,0.00342550090869854,0.476431980906921
"CD55",0.455851997120708,0.00814723727983421,14.0107271778766,0.00141238738315944,0.440781622911695
"CD58",0.988082743001297,0.0408304805184738,14.5588492164452,0.00613278050757221,0.521628878281623
"CD59",0.609449665415701,0.00993121278700678,12.9696565136227,0.00135678931931048,0.387977326968974
"CD63",0.570493259221214,0.00732854207172056,12.0368963745598,0.00430491877793337,0.333383054892601
"CD68",0.10978236042476,0.00970672518960823,21.3202277746693,0.0226137576985022,0.839349642004773
"CD69",0.182707727081777,0.00957853852544446,19.4295242404189,0.0171315433312795,0.736276849642005
"CD74",1.25064427575214,0.00153258534477998,11.0194580521235,0.00791612686195673,0.272374701670644
"CD81",0.606908445292723,0.0746512203213992,18.5354612116354,0.0190696446770759,0.781175417661098
"CD82",0.963846805488696,0.0166335193535295,11.552751483124,0.00452597169214718,0.324284009546539
"CD83",0.179343615580911,0.00373499314547781,17.8836909902485,0.0121828097911398,0.643496420047733
"CD9",0.206151161397277,0.00283678696374012,17.1497476951158,0.00995706970049822,0.602177804295943
"CD99",1.70960530876327,0.0153776604951687,7.5170659322384,0.015552400521461,0.113066825775656
"CD99L2",0.854087923481436,0.267532753563384,16.1116524572811,0.0221854019869446,0.911992840095465
"CDADC1",1.18355207721145,0.31397265225289,14.8039698032203,0.0210306047116999,0.901849642004773
"CDC123",4.74552799855624,0.175232213812013,9.27492929844703,0.00457482066061025,0.439737470167064
"CDC16",2.40025839405542,0.286871252525738,13.433698863679,0.0176172075127862,0.789081145584726
"CDC23",2.16761231584588,0.340165673667641,13.2441415928276,0.0188010012282375,0.846360381861575
"CDC25B",0.603727725341528,0.0359709417392166,17.1128124641104,0.012614588424209,0.650059665871122
"CDC26",4.08046662934509,0.150465478036955,9.7373777646032,0.00379456565374028,0.43123508353222
"CDC27",4.33638011712678,0.299493406613038,11.0649790963801,0.0137017110290204,0.674373508353222
"CDC34",2.30949566667912,0.413761585312096,12.0992105095774,0.0185144850505181,0.876491646778043
"CDC37",4.59381354301172,0.0500060551015925,5.30626967264194,0.0155194231939154,0.0763723150357995
"CDC37L1",1.98413552451055,0.175266645870321,14.4479503582028,0.0150719400070647,0.701670644391408
"CDC40",3.39061991625629,0.234589366320752,12.0132681499893,0.0130039027939995,0.649463007159905
"CDC42",6.52880215511938,0.0790205771955308,4.77287892190355,0.0127523106378907,0.103669451073986
"CDC42EP1",0.145049677981685,0.0113088702546923,20.8020574477521,0.0212127362641224,0.813394988066826
"CDC42EP3",0.618556743261777,0.0219021368053835,15.1539675718836,0.00601992137547699,0.524164677804296
"CDC42EP4",0.15406140959458,0.0138534472529444,20.825088216793,0.0214506947938192,0.818317422434368
"CDC42SE1",2.45330645990494,0.0955176546885971,11.5816322291796,0.00350249205310618,0.448389021479714
"CDC42SE2",0.843989666111595,0.0198700841292412,12.7244946213917,0.000918238116860384,0.391557279236277
"CDC5L",2.0766723428818,0.104922346407858,13.3754800584191,0.00833807416519892,0.552505966587112
"CDC73",3.20982653135692,0.16984121776884,11.8238838735913,0.00927127615894691,0.559665871121718
"CDCA4",0.736091900247194,0.0722185962980424,17.7364454745519,0.0168544935094272,0.735232696897375
"CDCA7L",0.184638372519186,0.0490886067710177,21.4242644207492,0.025267350014546,0.900656324582339
"CDIP1",1.65510412625391,0.196588309340412,15.2984548350111,0.0178489402663763,0.773717183770883
"CDIPT",3.18542437105949,0.158101123507872,11.4633864316868,0.00786850595297977,0.526998806682578
"CDK10",2.62620945959247,0.270727254273026,13.2211188117018,0.016662852812072,0.757159904534606
"CDK11A",2.34807775970695,0.197012431994522,13.738692510433,0.0146598943971668,0.692571599045346
"CDK11B",2.25257930789283,0.184919764329598,13.9225498855989,0.0144364977268537,0.686605011933174
"CDK12",3.470333118057,0.219482056858467,11.9921720992965,0.0121902777425763,0.62917661097852
"CDK13",2.31663923807688,0.251689434606008,13.8381733991954,0.0171215994273705,0.766258949880668
"CDK16",1.30399267857224,0.0622596995058776,14.441439427642,0.00765849462278453,0.547285202863962
"CDK17",1.01279526982554,0.0727078270339925,16.1172137829089,0.0127589502546251,0.65035799522673
"CDK19",1.79694239809492,0.346728227808048,13.5486147304767,0.0195565286262997,0.873359188544153
"CDK2",0.625162110434226,0.101668313287698,18.7503581677662,0.0211298453645729,0.829803102625298
"CDK2AP2",1.27413327549895,0.0241042372635947,10.6189336019594,0.00614427413104869,0.2881861575179
"CDK4",1.4339160219824,0.0705115262474473,14.5469466052996,0.00855625135737822,0.56458830548926
"CDK5",3.56901253786621,0.441741329978529,10.8744501063966,0.0168557542915003,0.833084725536993
"CDK5RAP1",5.69258396008501,0.528105097525635,9.13227212778636,0.0147966849528336,0.812350835322196
"CDK5RAP2",0.847190802046347,0.177035765807197,17.4563509376854,0.0216825818657206,0.862917661097852
"CDK5RAP3",4.24145347679234,0.242423850879442,10.8428840093454,0.0111750251839467,0.598150357995227
"CDK6",0.535495687245311,0.0200911269469424,15.8915589575081,0.00790730509698879,0.560859188544153
"CDK7",1.46116568064496,0.170088298451455,15.8003968421989,0.0177187045135152,0.765662291169451
"CDK8",2.75078113054811,0.32176602254039,12.7886427097243,0.0174441476823287,0.796241050119332
"CDK9",1.70805853356174,0.216401974077518,15.0795871304621,0.0182431448136255,0.787887828162291
"CDKN1A",0.394585214177833,0.00248531295100671,12.3400359691646,0.00403661181108039,0.340990453460621
"CDKN1B",1.21793946292527,0.0297393166955473,11.5627273250377,0.00295625211703216,0.346807875894988
"CDKN2A",0.282804075695612,0.0141944774955599,18.5353477561362,0.0148988770055647,0.694510739856802
"CDKN2AIP",2.133741120177,0.141709087526287,13.8532762882092,0.0118953926497472,0.626789976133652
"CDKN2AIPNL",1.75475078811335,0.250683873181618,14.7888960820598,0.0189491147619459,0.816378281622912
"CDKN2C",0.223068695483434,0.0361161454205856,20.8424894726502,0.0229164569074521,0.850984486873508
"CDKN2D",0.343012508037451,0.0818956978530035,20.1985583877481,0.0237737594976149,0.88022076372315
"CDS2",3.24944042762468,0.221386961938993,12.0959486951795,0.012599668205234,0.638126491646778
"CDV3",1.8250617283968,0.099843545358183,13.7945443306433,0.00899539981994499,0.567273269689737
"CDYL",0.748029481277692,0.160860090449433,17.9276692875876,0.0220442063374401,0.866348448687351
"CEBPB",0.686592431031976,0.0367045687540184,16.4611505040384,0.0108970905908117,0.616348448687351
"CEBPD",0.17708239988082,0.0126735222951018,20.2722491972975,0.0197763810900416,0.786545346062053
"CEBPG",2.48697997733228,0.12484028578729,12.7792853440772,0.00837939726663158,0.549075178997613
"CEBPZ",2.43597160960048,0.0980937794474532,11.8890439276703,0.00440091958603733,0.467482100238663
"CEBPZOS",2.08073350889836,0.238569277484934,14.2721663393881,0.0174899161993265,0.773120525059666
"CELF1",4.14083486137731,0.178900147944149,10.2801178243079,0.00674850805920509,0.49373508353222
"CELF2",0.672111667385917,0.0278178114001386,15.5894919018476,0.00776145171833944,0.556533412887828
"CENPB",1.33138314054296,0.371437825616358,13.6369369875294,0.0203686574849083,0.913484486873508
"CENPBD1",2.66488504475992,0.670936583863958,7.56929277553122,0.0147300045396412,0.946897374701671
"CENPC",0.962426135492638,0.0896989361298706,16.8110284149436,0.015652726343239,0.71076968973747
"CENPH",0.386089712179466,0.107753028613193,19.8451596896855,0.024167604824063,0.896778042959427
"CENPK",0.401228350358617,0.0809569761479557,19.8876581002426,0.0229127220905851,0.862171837708831
"CENPN",0.340591657343998,0.0659214171612588,20.2540387184836,0.0230466200204154,0.860978520286396
"CENPQ",0.345118586573495,0.108461053827687,19.9977688607775,0.0245905793531702,0.906026252983294
"CENPT",3.28153650685032,0.309199254878846,12.1778743056893,0.0160258410216736,0.747315035799523
"CENPW",0.14134707599907,0.0143762547113754,21.0935661822872,0.022259673176536,0.83368138424821
"CEP104",1.93781984155599,0.197646988311734,14.6740404018791,0.0165887850893603,0.742094272076372
"CEP135",1.01275678720785,0.148833957887779,17.1113227261482,0.0196394442167879,0.806831742243437
"CEP164",1.3207368088086,0.243713180446602,15.6376746968196,0.0204058154104507,0.853520286396181
"CEP170",0.59237217134708,0.0850362567088841,18.7949993541331,0.0203364498653373,0.80936754176611
"CEP250",0.719294507522326,0.154687393397626,18.0243477008561,0.0220105020481128,0.863365155131265
"CEP290",0.691814765587815,0.138335995682548,18.2808940078737,0.0218479765764044,0.85486276849642
"CEP295",0.587863505437524,0.171119159248583,18.2668557508332,0.0232638518122151,0.898568019093079
"CEP350",1.57665375147219,0.0694635874251594,13.5564203906605,0.0060321154564298,0.511784009546539
"CEP57",1.69690014501464,0.0892990577625152,13.9626334359775,0.00860524682416051,0.561157517899761
"CEP57L1",1.39998034681062,0.464360842327612,11.8243670392084,0.0192059882473601,0.936605011933174
"CEP63",1.86406661913819,0.233655423358239,14.758438184158,0.0182350843361121,0.792511933174224
"CEP68",0.481343306713988,0.0916344274855458,19.3569262129312,0.0221405321323741,0.84859785202864
"CEP78",0.601657712874848,0.140056345768044,18.6089270369694,0.0226974837841997,0.874701670644391
"CEP85L",0.701297972742259,0.118379943141813,18.2690589141267,0.0208549491773018,0.827267303102625
"CEP89",2.48612881368339,0.428908996836684,11.7683443610263,0.0182127285732023,0.875745823389022
"CEP95",1.85750288328687,0.194573499080558,14.8941706891657,0.016891746616669,0.749552505966587
"CEPT1",2.63439767845989,0.320351624189122,12.9159328510758,0.0176512208169134,0.801909307875895
"CERK",0.634369570162973,0.058379761843384,17.8548682300068,0.0162620400795914,0.722106205250597
"CERS2",4.80208086302505,0.27460523544839,10.4039499620134,0.011699504724748,0.611724343675418
"CERS4",0.954663680499025,0.143394515750916,17.3461247542347,0.0199061212473012,0.811903341288783
"CERS5",1.66499589555023,0.194538781186696,15.1953216235244,0.0175763922814308,0.76596062052506
"CERS6",0.238315522908908,0.0664730271067559,20.9392822343035,0.0249036907089135,0.898717183770883
"CES2",1.70798182011491,0.295112453271909,14.3763309627569,0.0196287413517392,0.85173031026253
"CETN2",1.49271869569435,0.270309642322292,15.0380208427817,0.020105343186208,0.855608591885442
"CETN3",2.19182624588025,0.411988824297944,12.2280435839392,0.0186989352980958,0.882159904534606
"CFAP20",3.9921691372347,0.291643290676449,11.4764770865833,0.0141451519302621,0.687350835322196
"CFAP36",1.68782652279342,0.160840772006103,15.2161021884456,0.0159666448068765,0.722702863961814
"CFAP97",1.58702883200103,0.18233151286882,15.5254699745131,0.0176765733369687,0.76700477326969
"CFDP1",5.00067668687079,0.23721391785344,10.0443766129641,0.00937725996139502,0.550119331742243
"CFL1",4.31721461746838,0.012062640392588,5.05448427639049,0.0214150936406118,0.00343078758949881
"CFL2",0.334775227320867,0.0674879850367759,20.2371001495408,0.0230985982535739,0.862321002386635
"CFLAR",0.869555570992977,0.0205239968005232,12.5831371289856,0.00123347152609194,0.385143198090692
"CGGBP1",3.76618243950721,0.15047784441999,10.2229990891245,0.00479787240528962,0.455250596658711
"CGRRF1",1.33541986847581,0.245277375482718,15.5075286549929,0.0202448502966203,0.849045346062053
"CHAF1A",0.276297235449375,0.0859850348717718,20.5931136553857,0.0250001841128027,0.907070405727924
"CHAMP1",1.35790078012168,0.21201905262999,15.8468952109615,0.0196578280943471,0.823239856801909
"CHCHD1",4.36187481550783,0.221608108927589,10.5735567889012,0.0096606756537763,0.559665871121718
"CHCHD10",0.703233848621454,0.0274318199874736,15.3686347375755,0.00711305673855745,0.544152744630072
"CHCHD2",8.70145510151339,0.0417722985253482,3.47572160754764,0.0193103521567431,0.0073090692124105
"CHCHD3",11.2706978726772,0.452528749200089,7.32802481680107,0.0107400582402178,0.595017899761337
"CHCHD4",1.83317971927611,0.339278668706925,13.6202804413821,0.0194847414795468,0.867392601431981
"CHCHD5",2.34884458916963,0.207796733582083,13.9931150079239,0.0155781195502766,0.718526252983294
"CHCHD6",0.612866183513265,0.152624610146159,18.4438933590268,0.0228739137061863,0.882905727923628
"CHCHD7",0.510862852630854,0.0265019955659715,16.7465884945085,0.0108640462070369,0.616497613365155
"CHD1",1.7888159635695,0.0621273952504069,12.2422864575366,0.00211108684994053,0.433174224343675
"CHD2",1.25209389132461,0.049849109740272,13.7937781562265,0.00493035406921914,0.495077565632458
"CHD3",1.32608215647503,0.0920625740361992,15.4779423892022,0.0124860324122838,0.643794749403341
"CHD4",1.50851339276699,0.0851783316903408,14.5496770127455,0.00972214361205549,0.58576968973747
"CHD6",1.38376304044759,0.152416997215013,15.9912933676404,0.0172707510050571,0.752386634844869
"CHD7",0.292718208086276,0.102526400048219,20.3098174109923,0.0250928898854204,0.914677804295943
"CHD8",2.32471569911842,0.202558824009487,13.8724628189662,0.0151641044179419,0.706294749403341
"CHD9",0.613231234623304,0.060795638802179,18.2378284797828,0.0174136460429459,0.74582338902148
"CHEK2",0.628049595491352,0.287644773101085,16.1242571979398,0.022834128227581,0.94063245823389
"CHERP",3.61108985681884,0.262860114614414,11.9703399616286,0.0139769220106745,0.679743436754177
"CHFR",2.80406191201882,0.315756972413677,12.6887335825655,0.0171532384792737,0.784009546539379
"CHIC2",2.5781885230429,0.0889655689120478,11.0155040110642,0.00162125800481288,0.410501193317422
"CHID1",1.04672793783542,0.120022200177089,17.0541177863738,0.0179914091461613,0.764767303102625
"CHKA",0.892935556400599,0.294541368146526,15.5691898288457,0.0219435945653175,0.918705250596659
"CHM",2.1822199062329,0.323656388246494,13.4030365847784,0.0186539937783528,0.834128878281623
"CHML",0.214953810723806,0.0575762560430869,21.1524524166034,0.0249948719759526,0.897822195704057
"CHMP1A",7.19625830227748,0.340182320557801,8.55177016544467,0.0108432890105352,0.58159307875895
"CHMP1B",0.403192417731966,0.00944136507881772,15.3003238220624,0.00523209718602375,0.512380668257757
"CHMP2A",5.58026921755246,0.201045095945066,8.87669632537043,0.00534655284586862,0.450477326968974
"CHMP2B",2.08014960092297,0.0934816639591571,12.9127638231849,0.00640265403016021,0.512977326968974
"CHMP3",4.26720667901253,0.358469352481905,11.0791870105525,0.0153701799074283,0.741945107398568
"CHMP4A",1.28086587944913,0.227626150426836,15.8205277514367,0.0202300102206163,0.842631264916468
"CHMP5",6.86558063631562,0.205961239874278,7.53714895806567,0.00325263696117317,0.391408114558473
"CHMP6",1.10616336928977,0.277065409329232,15.5083702649067,0.0212955769789143,0.891408114558473
"CHMP7",2.68533780016804,0.238258991725774,13.1673148117742,0.0153536770448113,0.714349642004773
"CHORDC1",0.952940089517381,0.0166508090564036,11.2139451522197,0.00545241907620041,0.30623508353222
"CHP1",2.29167172010609,0.238085743070446,14.0300516020347,0.0169276120478275,0.758800715990454
"CHPF",0.373942293484371,0.0382431006861975,19.2463725152844,0.0186438023286441,0.767899761336515
"CHPF2",1.55257637484795,0.202944144677132,15.4192617725928,0.0184132421463845,0.788782816229117
"CHPT1",0.545260883184285,0.164333411548945,18.4875033499132,0.0234869050043894,0.901252983293556
"CHRAC1",2.83027822911355,0.203920632850141,13.0685722147971,0.0135359884785518,0.665423627684964
"CHRNB1",1.65980155821891,0.354702299613881,13.5670279490847,0.0198114046012585,0.885590692124105
"CHST11",0.682795001014388,0.0620137010219468,17.677141554646,0.0160386416334027,0.717780429594272
"CHST12",0.332468665351018,0.0330659996412678,19.4004056913114,0.0187212214851892,0.768794749403341
"CHSY1",0.228561923614339,0.0832352705624526,20.8730744444638,0.0255941870832806,0.91840692124105
"CHTOP",3.90547257353935,0.16077167876865,10.608119604851,0.00616450681271594,0.486724343675418
"CHUK",2.735509042742,0.407400275099204,11.8470210993409,0.0179239902520759,0.851431980906921
"CHURC1",2.09460485347868,0.128449147137789,13.6808023813024,0.0106946437927368,0.600387828162291
"CIAO1",8.14024238110612,0.340383981918874,7.68770422934379,0.00966557914282924,0.53714200477327
"CIAPIN1",5.74152239620892,0.426473810361883,9.67798065117807,0.0144846510036898,0.734188544152745
"CIB1",1.85431342171705,0.0463687543207523,10.808539508788,0.00307632197448071,0.335322195704057
"CIC",1.48936980992225,0.26933761231659,15.0275967061201,0.0200703186214116,0.853967780429594
"CIDEB",0.416086642998842,0.208939408551691,18.1036001023341,0.0243592481200763,0.941378281622912
"CINP",5.44666592785912,0.511083094775752,9.33798657467798,0.015034645616564,0.808472553699284
"CIR1",2.66742688141482,0.168008485255062,12.6942067474139,0.0110307753900689,0.602177804295943
"CIRBP",2.3594431670209,0.031985211157563,7.84198484961922,0.0122721283591482,0.161694510739857
"CISD1",1.50734872774004,0.126199670068238,15.5869941558326,0.0148720500296737,0.695853221957041
"CISD2",2.2804714730791,0.0819063235890457,11.6448177187506,0.00245884403192329,0.431980906921241
"CISD3",0.838859959381054,0.146457344926474,17.7526252304062,0.0209850939365286,0.837559665871122
"CITED2",0.530376810446801,0.015337186662371,14.8039732537296,0.00440970795598692,0.495077565632458
"CIZ1",4.91600617609875,0.5018003452279,9.64189960800357,0.0154757807681825,0.820704057279236
"CKAP2",0.540539647728825,0.0560968809477439,18.5228777425088,0.0178706880031912,0.754474940334129
"CKAP4",0.283991887878458,0.0540406120555788,20.5892887911877,0.0232742086395329,0.862470167064439
"CKAP5",0.830942093436827,0.112419300697954,17.7697457361743,0.0193200244101454,0.792511933174224
"CKB",0.167123274685052,0.0356850353349528,21.4928715007619,0.0247008785298084,0.885590692124105
"CKLF",0.553492944171855,0.0317901830548722,17.1325531551637,0.0123456622204265,0.644988066825776
"CKS1B",0.557679043928967,0.026875736585101,16.8076512461036,0.0110360506153183,0.620226730310263
"CKS2",0.719824674438773,0.0145110180982011,12.8308194339891,0.00122456369583463,0.388275656324582
"CLASP1",1.65363265121322,0.227447549587478,15.0625095833696,0.0186781407393431,0.801610978520286
"CLASP2",3.95731046273728,0.399059455647648,10.9818134180493,0.0162307457862253,0.78609785202864
"CLASRP",4.80179256496627,0.334365771833381,10.6292275201237,0.0139937870994229,0.689289976133652
"CLCC1",2.27497420866286,0.478180446766571,11.0988526189748,0.0180500093635283,0.903937947494033
"CLCN3",1.36243083296867,0.124203711818989,15.8446208492378,0.0154043985091127,0.707040572792363
"CLCN7",1.25841463542242,0.289810089909825,15.076715482116,0.020842711705746,0.884397374701671
"CLDND1",1.02552568367967,0.0184615451666138,11.0571913982545,0.00565745580851752,0.301163484486874
"CLEC16A",2.01433509707585,0.28664579460205,14.0003149185877,0.0186671780009633,0.819958233890215
"CLEC2B",0.495523162196126,0.00885169687747083,14.0242426171252,0.00152043352523579,0.44272076372315
"CLEC2D",0.419591686354707,0.0075797903447529,14.6809385572314,0.00326567807007579,0.475984486873508
"CLIC1",2.38920260701324,0.0179280105347726,6.97236280845424,0.016425289708043,0.0941229116945107
"CLIC4",0.448308106045779,0.0168964709968556,16.9515457479052,0.0105910347571242,0.612917661097852
"CLINT1",1.88707081556812,0.0804234804692639,13.1269009965573,0.00585622399634672,0.505369928400955
"CLIP1",0.850909064888962,0.0464465561073622,15.9692687499272,0.0103611844586099,0.604564439140811
"CLK1",2.80868727371028,0.0711147755767381,9.30476558611766,0.0040594443392359,0.298627684964201
"CLK2",10.8455706612099,0.747987899035995,8.14509622482512,0.00924440180611038,0.85903937947494
"CLK3",5.69197113102451,0.317429593514344,9.5532314379416,0.0118657705190132,0.614409307875895
"CLK4",3.51004488739839,0.219277082749459,11.6019330052005,0.0115805257889444,0.610381861575179
"CLN5",1.03891067207542,0.182315069639854,16.8542931886119,0.020587315357224,0.83785799522673
"CLN6",1.71773865839665,0.248409420902659,14.97682188466,0.0191828369175845,0.822941527446301
"CLN8",0.712315650153479,0.122906899334414,18.2470705767717,0.0210241311263571,0.832189737470167
"CLNS1A",2.9660039807147,0.116227092088898,11.2878355139923,0.00445699403362032,0.462261336515513
"CLOCK",0.808804937827517,0.196385029008105,17.3211786656721,0.022178269386263,0.881712410501193
"CLP1",7.09670537145022,0.608618059047816,8.33060880205889,0.0133410022247578,0.829206443914081
"CLPB",1.33274359475044,0.375739990284959,13.5409573253306,0.0203158436612199,0.914081145584726
"CLPP",5.28359333907908,0.210095987521565,9.23498420050725,0.00657891892077433,0.479116945107399
"CLPTM1",5.47330709132041,0.250293027539641,9.46102552960666,0.00903137623093244,0.53609785202864
"CLPTM1L",1.3294367660245,0.279705036369288,15.0959971374068,0.0205755951294315,0.872016706443914
"CLPX",2.46245959692149,0.262523251588297,13.4881819095219,0.0168855407202381,0.761485680190931
"CLSTN1",1.70689043381874,0.173625071038295,15.1221378099652,0.016433142703769,0.734785202863962
"CLSTN3",0.450730567179748,0.0794005722376829,19.4628735864331,0.0217507267689921,0.837410501193317
"CLTA",10.871517519594,0.15531210602057,3.46800774969729,0.00711738362791065,0.153937947494033
"CLTB",2.49232850739931,0.0772029769920633,10.6103649972826,0.000400338150851172,0.37291169451074
"CLTC",3.19602192362392,0.128712827161266,11.0318486196478,0.00486497141868761,0.466437947494033
"CLU",0.0791844602480778,0.00631155664774433,21.6687623779322,0.023413098176145,0.853520286396181
"CLUAP1",0.902070784354298,0.378990425081677,13.9070966696557,0.0210952163880884,0.941825775656325
"CLUH",1.09861601970128,0.247180881056478,16.0167672274093,0.0212958974673937,0.878878281622912
"CMAS",3.51687552889463,0.316988402980526,12.0175339086876,0.0158680254751929,0.746270883054893
"CMC1",0.401266852530836,0.02838461219674,18.2440481123132,0.0151740486176761,0.699731503579952
"CMC2",3.23873561992091,0.116932752130093,10.6846982748304,0.0031914442273899,0.433174224343675
"CMIP",0.87636311951684,0.070693150437101,16.8934856699367,0.0145854837540472,0.688394988066826
"CMPK1",2.12533276317863,0.0791088369183741,12.1572181607003,0.00341745561964354,0.453908114558473
"CMSS1",0.255790735491442,0.0196946280486078,19.4486741983956,0.0179225966734946,0.75208830548926
"CMTM3",0.997993340411914,0.0618895440353472,15.7340011458291,0.0109778499934075,0.614707637231504
"CMTM6",1.17626877272623,0.0202745245538139,10.2768687669268,0.00754551292517081,0.263424821002387
"CMTM7",0.364599150763473,0.0136639400979443,16.9140440165245,0.0102318655538251,0.606056085918854
"CMTR1",2.40123116461678,0.462899083439876,11.2536896476791,0.0180503042030447,0.891855608591885
"CMTR2",2.03785373870952,0.262406484041866,14.1604141746239,0.0181696260359562,0.797732696897375
"CNBP",8.32180385859747,0.0557943695054503,3.47202171110183,0.0177041736943271,0.0228221957040573
"CNDP2",1.64483877583434,0.130457319792975,15.0033224749657,0.0138292371897098,0.67153937947494
"CNIH1",1.0361636588596,0.0218670689898244,11.4577065598166,0.00415246230534044,0.328013126491647
"CNIH4",2.72494999667304,0.120162958190067,12.0677762299461,0.00646226525528975,0.506712410501193
"CNKSR3",0.13103287294547,0.0229783575968138,21.735402043829,0.0246332045037413,0.880817422434368
"CNN2",1.39171209470918,0.0303999647796011,11.4567028240636,0.00318094081138907,0.342780429594272
"CNOT1",2.54911339663494,0.145752882623373,12.7821363082046,0.00982987162616778,0.57741646778043
"CNOT10",4.79553434901609,0.490825188988488,9.78160937604913,0.0156044235922952,0.817571599045346
"CNOT11",1.96987114600238,0.377199744038288,12.9107510085505,0.0191679695142041,0.876939140811456
"CNOT2",5.34991634764862,0.2231001108918,9.16564203246286,0.00723417612689829,0.491348448687351
"CNOT3",3.73574860226576,0.307200851514513,11.6579833798401,0.015042226669602,0.716288782816229
"CNOT4",6.17461096272611,0.276701788202426,8.99834209256213,0.0093620069819961,0.540871121718377
"CNOT6",1.62708593375569,0.330459611374177,13.970937798828,0.0199153201169997,0.876193317422434
"CNOT6L",0.811477336888672,0.0507243915697267,16.1438132684575,0.0111968228311318,0.620226730310263
"CNOT7",5.2117207353134,0.159792569818845,8.37849432893231,0.00176302326084127,0.37708830548926
"CNOT8",2.34011825227909,0.126729470673278,12.7664667944913,0.00857958552639763,0.551610978520286
"CNP",1.56657882553616,0.162890274449832,15.5157380787807,0.0167398267168886,0.741199284009546
"CNPPD1",2.23443555367926,0.12649893766196,13.1285169747419,0.0093542607259735,0.569659904534606
"CNPY2",2.32320822484709,0.246867628485019,13.7725031457624,0.016854193623118,0.757159904534606
"CNPY3",1.92512224389164,0.0954003388010306,13.2438498348214,0.00737250689834,0.532816229116945
"CNPY4",0.656390692582131,0.206693554326043,17.5265277089489,0.0230321487436781,0.906921241050119
"CNST",1.45505081458804,0.126372071897183,15.4746537427533,0.0146920088961614,0.690781622911695
"CNTLN",0.35571607489176,0.157925152817051,19.2376066314045,0.024945092381786,0.932875894988067
"CNTRL",0.800861844397211,0.105610684343604,17.8488934108568,0.0191426134408139,0.787440334128878
"COA1",2.24318209708178,0.238372412745768,14.0810877760944,0.0170560952144695,0.762082338902148
"COA3",4.27679251111548,0.24400209674902,10.9378362617394,0.011350136701261,0.604116945107399
"COA4",4.46616460356561,0.256974208926975,10.821967162265,0.0116673782901812,0.612768496420048
"COA5",2.55859810768101,0.311506799111312,13.0623109912092,0.0176755569600368,0.799224343675418
"COA6",3.61230412353792,0.197827692772162,11.700583576692,0.0104982306731775,0.587410501193317
"COA7",1.08678740509684,0.284986822824207,15.471376089521,0.0214315967601132,0.899612171837709
"COASY",6.02048285235515,0.412810591423582,9.56364246671153,0.0140383229758025,0.7118138424821
"COBLL1",0.12461753612932,0.0257097616201183,21.8893156336748,0.0252334460867136,0.89304892601432
"COG1",1.51954134298694,0.333595983821013,14.0337115798023,0.0201371416093764,0.884397374701671
"COG2",2.05573366985059,0.372996479059148,12.8685313082378,0.0190083971478061,0.868884248210024
"COG3",1.84003717683132,0.221825702745661,14.7890886941499,0.0178698724099758,0.779385441527446
"COG4",2.56473104809839,0.350944621793088,12.6274511452926,0.0180216189552064,0.825178997613365
"COG5",3.46456332828232,0.393698698558649,11.3492364243101,0.0168187993719389,0.803400954653938
"COG6",0.991049687045608,0.246632145055379,16.2062382264508,0.0216776446400184,0.888723150357995
"COG7",3.53266331566251,0.5035889011602,10.1240069544391,0.0166058391066615,0.866497613365155
"COG8",1.32370018798393,0.307867629350966,14.6923229964792,0.020651464815358,0.887231503579952
"COIL",2.42049017454989,0.272854988844567,13.5098158690767,0.0172828995743287,0.775507159904535
"COL18A1",0.126180734924994,0.00903645898275372,20.7874661246045,0.0210244585789194,0.80936754176611
"COL4A3BP",3.49300292387495,0.253154487350205,11.9337875531411,0.0136317472029712,0.667511933174224
"COL6A1",0.043368024579677,0.00122116130303969,21.9952756670368,0.0240511595565059,0.864110978520286
"COLGALT1",0.818819454296866,0.147895280619753,17.7995821421837,0.0211647867628408,0.842034606205251
"COMMD1",6.47785071253664,0.276706116433759,8.59786448760215,0.00876331261503379,0.52118138424821
"COMMD10",2.41741995770193,0.346773872789911,12.8918511581398,0.0183343716563532,0.834427207637232
"COMMD2",3.55437667156547,0.229172623723004,11.8326624282841,0.0123732756155564,0.633054892601432
"COMMD3",1.00720646280992,0.15779141846784,17.0780999872358,0.0199965846799917,0.817124105011933
"COMMD4",2.01727997178795,0.204169856102235,14.6339612964044,0.0167398426941986,0.747762529832936
"COMMD5",3.62909210891101,0.259386314993663,11.7948146406252,0.0136037296697462,0.66736276849642
"COMMD6",5.9253006326699,0.0599919523281895,4.8189434417641,0.0150254517666814,0.0759248210023866
"COMMD7",2.31764296262483,0.176894349659609,13.6835594401802,0.0135438817837994,0.664081145584726
"COMMD8",1.4359716572909,0.130715735433799,15.6894372518359,0.0154145248351984,0.70763723150358
"COMMD9",3.98311818655979,0.387557983989251,11.0126416373961,0.0160711333260572,0.774612171837709
"COMT",1.41147194555593,0.0642930287648759,14.1998733343768,0.00719573774382533,0.537589498806683
"COMTD1",1.06301308504334,0.120297541032556,17.0227100045594,0.0179249693165063,0.763424821002387
"COPA",4.76293698890081,0.193503370524429,9.57334278696154,0.00628564520097979,0.476581145584726
"COPB1",3.19007954662097,0.158882873853463,11.6529778724142,0.00825754092759514,0.53714200477327
"COPB2",4.30854619674432,0.180316208848485,10.0594727143587,0.00639999413905397,0.484486873508353
"COPE",3.66814599789756,0.0705034562819614,7.82897319356551,0.00750370218406902,0.226581145584726
"COPG1",2.08895770860198,0.165540464674617,14.1765869521078,0.0139722830746702,0.674821002386635
"COPRS",1.07963617710186,0.289179229254213,15.3928268568325,0.0214203720920635,0.901103818615752
"COPS2",5.72908922282484,0.186821188985955,8.51089617109957,0.00378187473915902,0.415871121718377
"COPS3",4.69645725684294,0.206818572629754,10.1815322594952,0.00805534881038447,0.521479713603819
"COPS4",7.16578201051684,0.475757734181454,8.86757696754282,0.0137099662348706,0.728967780429594
"COPS5",10.0475914172538,0.321337026060228,6.25645755591298,0.00690961491607576,0.44480906921241
"COPS6",5.16813107969154,0.221864672755866,9.53493943364612,0.00776015755068815,0.507607398568019
"COPS7A",2.43033583709108,0.262068870844438,13.6040152744828,0.0170523563171097,0.766706443914081
"COPS7B",3.38178281149693,0.342776854772682,11.8959036898159,0.0164759598646669,0.771927207637232
"COPS8",5.55486572713235,0.243565820319603,9.27209153849168,0.00840238745073724,0.519242243436754
"COPZ1",3.51458711960336,0.129726853395685,10.1388897109682,0.00309456236380728,0.423776849642005
"COQ10B",4.24604497634423,0.208279118357039,10.4909695145817,0.00886149125144625,0.540125298329356
"COQ2",2.25175976167161,0.418181380855856,12.0675951379244,0.0185675132301235,0.880966587112172
"COQ4",2.89431585399244,0.211039018393702,12.9372241869322,0.0136305478088548,0.667661097852029
"COQ5",2.06088887974017,0.359951518442456,13.063223372474,0.0190205382093177,0.862619331742243
"COQ6",3.01784923012123,0.469674263647316,10.8165582647701,0.0173344839781536,0.869480906921241
"COQ7",1.3825175815002,0.305679436091511,14.6838000551819,0.0205406840135119,0.883353221957041
"COQ9",3.92620524671642,0.388639932866139,11.1112989416541,0.0162013052573297,0.780877088305489
"CORO1A",0.461450015413414,0.00644082095391854,13.6776548117051,0.000267493703963506,0.420047732696897
"CORO1B",0.795044519164621,0.0323228790647383,14.9865409859182,0.00652152755456121,0.531324582338902
"CORO1C",0.55507490968497,0.0550655379552651,18.5469203161018,0.0178480885009199,0.75417661097852
"CORO7",1.65061404519445,0.542664866537842,10.1390793006127,0.0177372471801169,0.943914081145585
"COTL1",0.417506587516049,0.00311101529590809,12.6663959224288,0.00302065753925466,0.359785202863962
"COX10",1.74093280578557,0.268768519213959,14.6054636034997,0.0192375728034867,0.830101431980907
"COX11",3.43770762261812,0.345337165440042,11.8974890233498,0.0164821245342736,0.774164677804296
"COX14",3.2138412665637,0.1109322716755,10.2126852253142,0.00172782458155803,0.401700477326969
"COX15",1.31446913591006,0.349487143096466,14.0313566462215,0.0205476118414991,0.906175417661098
"COX16",9.04922050378201,0.302939291174152,6.69071964229346,0.00687274675296237,0.450775656324582
"COX17",2.24922068622661,0.0594745775886451,10.6655975727529,0.00205540986889047,0.348896181384248
"COX18",0.76584320345538,0.307917978876469,15.4910669764582,0.0221983149587294,0.933174224343675
"COX19",4.91525125472693,0.346272122643331,10.4242413979118,0.0140517297933496,0.692124105011933
"COX20",2.08443689585755,0.0964282520000726,12.9329863868349,0.00669124082562863,0.518198090692124
"COX4I1",10.3648729648011,0.0444773952410645,3.10215857828743,0.0192040080827409,0.00626491646778043
"COX5A",4.22019510269459,0.0532986403903827,6.02004043130482,0.0135657675523381,0.114110978520286
"COX5B",4.40972678441094,0.0541501930967638,6.01979681875164,0.0134269802302574,0.116497613365155
"COX6A1",7.63088997003824,0.0491458335013213,3.75731231192953,0.0181457386441605,0.0222255369928401
"COX6B1",8.74502029488754,0.0766391606215867,3.47045326120688,0.0151538511804654,0.0525059665871122
"COX6C",4.77707184887578,0.0403791184680831,5.14325588131621,0.0171037716612639,0.0551909307875895
"COX7A2",7.43240649105893,0.0674830876757212,3.89732925739043,0.0156731994052225,0.0522076372315036
"COX7A2L",5.11076687909437,0.109313670425276,7.32939538973219,0.00455379608730827,0.261038186157518
"COX7B",4.42862600169819,0.050532099346346,5.86974729882211,0.0142174458176924,0.10381861575179
"COX7C",8.01947432323926,0.0457396877843195,3.57341807807248,0.0188298587047372,0.0119331742243437
"COX8A",4.06916025062759,0.0446437972380453,6.04437758176214,0.014646964513035,0.101282816229117
"CPD",0.882209310361283,0.0788569094298554,17.0163623175528,0.0154582522145065,0.706443914081146
"CPEB2",0.309422190123862,0.0734041270755142,20.4397303082815,0.0239512214890708,0.881414081145585
"CPEB4",0.515895140764313,0.0781229965954682,19.1296229113225,0.0208070647229002,0.81772076372315
"CPM",0.0997215218012102,0.0208977418382338,22.1538801021855,0.0257059694649311,0.900656324582339
"CPNE1",3.07345525134306,0.167823053019416,12.0195116469399,0.0095665132542058,0.567124105011933
"CPNE2",0.0937553181804165,0.0482897227550054,22.2955065598397,0.0276138006101941,0.946748210023866
"CPNE3",1.05072418164324,0.0561517840822208,15.261752480013,0.00928923982970458,0.581443914081146
"CPNE8",0.227692244932094,0.0833799942440031,20.8976169656229,0.0256612916832825,0.919898568019093
"CPOX",0.408590814528,0.052670339351782,19.4341905716488,0.0200903755782041,0.798478520286396
"CPPED1",0.986529667176508,0.186682852690706,16.9936769469191,0.0210613589670693,0.850984486873508
"CPQ",0.310578331020291,0.0994002736892745,20.2368324938421,0.0247611089299313,0.906473747016706
"CPSF1",2.14227824168748,0.29463180588703,13.7492252790221,0.0184410348373633,0.816229116945107
"CPSF2",2.08596365984827,0.25386414565002,14.2142053680605,0.0179273051743898,0.78923031026253
"CPSF3",2.66553366464202,0.400648937122471,11.9849864286164,0.0180269406166691,0.851133651551313
"CPSF4",10.8688047494343,0.757573402400364,8.17122551143554,0.00896966940950916,0.866199284009546
"CPSF6",3.58025724271964,0.159238444343778,10.9904338475665,0.00689200261774981,0.50417661097852
"CPSF7",11.985220125792,0.472959555124603,6.92255235753532,0.0106755907000601,0.588305489260143
"CPT1A",0.589623059109033,0.0948531188494158,18.7936157509755,0.0208939248097118,0.822941527446301
"CPT2",0.849236069416281,0.328080500349528,14.9893193162404,0.0217929343034238,0.932577565632458
"CPTP",2.03895868942572,0.288630827151532,13.9493884547266,0.0186313828855269,0.819659904534606
"CRADD",0.211678095367713,0.020807869735692,20.286345079913,0.0203775457232715,0.799075178997613
"CRAT",0.437635353873608,0.158203519777032,18.9423375650938,0.0242748291236885,0.91736276849642
"CRBN",2.56290485743879,0.191052564965515,13.1543513697359,0.013219285058143,0.655131264916468
"CRCP",3.52649530457472,0.400176771511366,11.320661650559,0.0168227608977033,0.80832338902148
"CREB1",1.90450872606559,0.108271484731754,13.8069599380552,0.00962050005216448,0.57950477326969
"CREB3",1.90163461910789,0.141252469846398,14.3477076821987,0.0130003465267655,0.651998806682578
"CREB3L2",0.416815172254637,0.0517162081311148,19.35950203592,0.0198275473970449,0.793108591885442
"CREB3L4",0.665728121785382,0.269376686634247,16.4215991136298,0.0228647474455313,0.931831742243437
"CREB5",0.113452944650435,0.00478521251839004,20.4653684983147,0.0197922098792386,0.785650357995227
"CREBBP",2.43908063985412,0.16284012724632,13.3288504367333,0.0120115573156898,0.627535799522673
"CREBL2",1.04072438778217,0.119454881534473,16.9363520065871,0.0177126075065774,0.758054892601432
"CREBRF",1.42513254113912,0.0864835793542527,14.711497292585,0.0102479980861717,0.596211217183771
"CREBZF",1.67614593075349,0.112656569133816,14.518955784984,0.0116088189430965,0.622464200477327
"CREG1",0.319231616066725,0.0198513177659736,18.5901181427871,0.0154946946543274,0.705847255369928
"CRELD1",1.69681869841471,0.236536755606727,14.9498002883534,0.0187815267018668,0.807130071599045
"CRELD2",0.488995678284519,0.0332428640197454,17.7373332255087,0.0141350120744984,0.679594272076372
"CREM",0.400489366261116,0.00249040563761217,12.0832319168987,0.00477626775793196,0.327118138424821
"CRIM1",0.217954387826976,0.061494464196089,21.1062951965516,0.025084267463809,0.900805489260143
"CRIP1",0.442960757305747,0.0137895225841967,15.8261945761323,0.00714653301932044,0.54758353221957
"CRIP2",0.163428518303719,0.0107349766754548,20.2578011501006,0.0196022900896534,0.782965393794749
"CRIPT",3.22518189536603,0.228468387455745,12.3370240212824,0.0133060629809438,0.658412887828162
"CRK",2.2286455837612,0.18015922711997,14.2155080246255,0.0147151163933172,0.69480906921241
"CRKL",3.12330754426727,0.2409415135746,12.5670427200132,0.0142622382823327,0.68541169451074
"CRLF3",1.83276485674472,0.161851397093488,14.709122501564,0.0149536202037054,0.697941527446301
"CRNDE",0.404101397130369,0.0589059175852152,19.7400049034547,0.0212724517238019,0.823538186157518
"CRNKL1",2.588633627605,0.219852938109389,13.3749306871262,0.0149558764905476,0.702118138424821
"CROT",0.633014161151562,0.19096178552687,17.8568534816562,0.023140634930128,0.903341288782816
"CRTAP",0.735644584449027,0.0324107665486998,15.5340469082094,0.00801729199769182,0.560560859188544
"CRTC2",5.21469825508318,0.27546353301831,9.90146601366175,0.0108918941501027,0.5868138424821
"CRTC3",1.81971100254886,0.194771795762034,14.9031891853538,0.016950036929584,0.750596658711217
"CRY1",1.30938944377743,0.100931392935668,15.7160991355184,0.013661033019437,0.668556085918854
"CRYBG3",0.276584295146011,0.0917878546681211,20.5270809607025,0.0251208639296273,0.911545346062053
"CRYL1",0.206980063762211,0.0335421535703412,20.975963250108,0.023131112445554,0.854564439140811
"CRYZ",1.54757080835403,0.202703671707894,15.4889810420162,0.0185244387039519,0.791915274463007
"CRYZL1",4.02834665847353,0.438927601690094,10.6048637773834,0.0163381933258914,0.811306682577566
"CS",7.58396371897227,0.352367454610609,8.55900428430476,0.010998715244568,0.590692124105012
"CSDE1",7.12776398012676,0.0949244506816096,4.77703047018796,0.0109109483114531,0.127983293556086
"CSE1L",2.12877365005522,0.226406930185775,14.3040236164715,0.0170363584720802,0.758949880668258
"CSF1",0.106917613994856,0.0155759652286536,21.7906707033626,0.0243462522820959,0.873359188544153
"CSGALNACT2",0.946806906501738,0.098529312991825,17.0871038986407,0.0168719332197386,0.737470167064439
"CSK",0.777514381218698,0.0667164385103544,17.2887316303249,0.0153395800496737,0.703758949880668
"CSNK1A1",2.24336886804406,0.0371705319411076,8.72441500621671,0.00939443261221466,0.214797136038186
"CSNK1D",3.31441296934616,0.109160303501664,10.0580233506792,0.00122025095109877,0.391557279236277
"CSNK1E",1.37138004970575,0.119964406058447,15.8133557722383,0.015070272792635,0.699582338902148
"CSNK1G1",1.22231394683555,0.232065713290667,15.9433793197877,0.0206211422714574,0.85486276849642
"CSNK1G2",1.44905500987079,0.226056260664419,15.5190336443006,0.0195373121942229,0.824134844868735
"CSNK1G3",1.2933888735038,0.108042378985443,15.8031358442319,0.0143447491569092,0.683025059665871
"CSNK2A1",4.35909535160224,0.285629628630993,11.0798621290654,0.0132118241705595,0.658860381861575
"CSNK2A2",3.41197930337826,0.486909196055707,10.4226468267372,0.0168434407345386,0.863961813842482
"CSNK2B",3.32972830890227,0.278464458332046,12.3234990792819,0.0152062812217039,0.717332935560859
"CSPP1",1.3183178736197,0.196719246422947,16.0808288037009,0.0195112354151027,0.815483293556086
"CSRNP1",0.839543549456125,0.0346516529779588,15.1197006189113,0.00707877339109073,0.541915274463007
"CSRNP2",1.54217663235995,0.292808762007849,14.6232725222616,0.020047419744711,0.862768496420048
"CSRP1",0.735384481782181,0.0252613288716672,14.6111658082857,0.00483386925594164,0.500447494033413
"CST3",0.117468716765692,0.00132835759428477,18.4869246219043,0.0137552783979504,0.672732696897375
"CST7",0.210745732895141,0.00235752586068468,16.2990021962938,0.00744064183221344,0.55519093078759
"CSTB",0.765366566919603,0.00481758126548655,8.21749114336025,0.0154476242767681,0.124850835322196
"CSTF1",1.8264852387803,0.210527755362203,14.8265267175667,0.0174940337902348,0.76700477326969
"CSTF3",1.97850709681233,0.341553432491159,13.4427360836721,0.0192003933687768,0.859785202863962
"CTBP1",1.82920616874477,0.210086648511286,14.8263664466986,0.0174731299440122,0.766408114558473
"CTBP2",0.459199986854153,0.11752311745686,19.4031318431659,0.0235485611316995,0.886485680190931
"CTBS",2.15464533939703,0.22942030662935,14.1834245723693,0.016948757364669,0.756712410501193
"CTCF",2.38073286424793,0.20297000025706,13.8592197543936,0.0151149910867692,0.705698090692124
"CTDNEP1",3.00475624313599,0.24516741223923,12.68172295195,0.0146917099033328,0.697046539379475
"CTDP1",2.21264144714765,0.272427833200273,13.7946639934713,0.0178267612320655,0.790721957040573
"CTDSP1",1.73478971489782,0.220291223128739,14.9584135267438,0.0181751149680711,0.786694510739857
"CTDSP2",2.69297164054312,0.205563460801162,13.0392950702008,0.0136790917736376,0.667213603818616
"CTDSPL2",2.65549505347195,0.297566437546425,13.0863135285513,0.0172646523099423,0.782667064439141
"CTNNA1",1.37850804890156,0.0483347660807715,13.5039543439972,0.0040028378517813,0.477625298329356
"CTNNB1",1.14278021892708,0.0287153152236785,12.3753293324103,0.000910199650771826,0.387828162291169
"CTNNBIP1",0.518934309989513,0.0576794469338667,18.9076321211169,0.0189743423445082,0.777147971360382
"CTNNBL1",7.51731629595556,0.45393954001845,8.68200135868681,0.013235118985839,0.696002386634845
"CTNND1",0.367328383293207,0.0341878122535203,19.3815595198188,0.0187213650402781,0.769242243436754
"CTNS",0.497868655164504,0.170015159064712,18.5395313056888,0.0238454259547749,0.911843675417661
"CTPS1",1.07228655011309,0.169175976344902,16.9305603061199,0.0201517800111294,0.824134844868735
"CTR9",2.49227474368582,0.140658098129739,12.8835715904316,0.00971128982543934,0.575775656324582
"CTSA",1.07802412839537,0.0510102774841534,14.7104843253817,0.00743200161982285,0.544898568019093
"CTSB",0.769490471192781,0.00848189430082916,10.404118293264,0.00876114294737067,0.248508353221957
"CTSC",0.380842940631468,0.00371242744686327,13.0415991039326,0.00186377310434497,0.380966587112172
"CTSD",1.09863441281235,0.0225647687162094,11.1168011626396,0.00499200575424612,0.311306682577566
"CTSF",0.323892439829202,0.073665316328114,20.3243994202737,0.0236658351786317,0.875596658711217
"CTSH",0.280701329614063,0.00946510842245491,17.6224228779765,0.011897594259269,0.637977326968974
"CTSL",0.0974951374693355,0.00318342644592624,20.4173413177863,0.0195440157315709,0.780727923627685
"CTSO",0.266306787895747,0.130149822407671,20.028237226847,0.025657745521015,0.9375
"CTSS",0.39537292882727,0.0266951949358345,18.2851305666783,0.0151541080763158,0.699433174224344
"CTTN",0.462287220734394,0.0622137905405486,19.3984796176933,0.0205584015139217,0.809815035799523
"CTTNBP2NL",0.591792548961061,0.0806722578233632,18.8517762201549,0.0202155369450817,0.80623508353222
"CTU2",1.32237120365498,0.2593605584862,15.4098224876199,0.0205093885570356,0.862022673031026
"CUEDC2",2.59923997183142,0.187122062471044,13.346284587991,0.0133019815004381,0.659009546539379
"CUL1",1.83694435702413,0.114010966496289,14.1581503611717,0.0108316206086409,0.605459427207637
"CUL2",4.07724500192228,0.41974582230496,10.7128026757205,0.0162032587134747,0.794898568019093
"CUL3",1.76182635638541,0.183513679854236,15.0599538745938,0.0167532665339872,0.744182577565632
"CUL4A",4.29858143291146,0.256269329071542,10.9641211010764,0.0119306161386121,0.61977923627685
"CUL4B",1.31210577694538,0.209751784790594,15.9909539490857,0.0198580361884778,0.827863961813842
"CUL5",2.78718538877897,0.208802190819701,13.0066040638549,0.0137133684812835,0.669003579952267
"CUL9",0.230697305344597,0.068233057446898,20.9738226639228,0.0250906043929592,0.903042959427208
"CUTA",2.0282698864912,0.032395144422738,9.06254669942329,0.00915444111029908,0.22359785202864
"CUTC",1.1990449578931,0.213199296254432,16.1440980428407,0.0203472976796705,0.840990453460621
"CUX1",1.0888770787504,0.103677934923446,16.7262329318865,0.0162646598112303,0.725238663484487
"CWC15",6.59373897622479,0.250776062712908,8.33111875871786,0.00709236052410463,0.479564439140811
"CWC22",2.30670699964187,0.210344554302621,13.8958125393952,0.0155746564321825,0.717482100238663
"CWC25",4.70368203979134,0.245839659464578,10.4039047668804,0.0104631555503355,0.578758949880668
"CWC27",2.35590017354102,0.249516532699991,13.8595914071597,0.0170397978942048,0.764170644391408
"CWF19L1",2.2815360116238,0.419247045742073,12.0182129847427,0.0185135373570657,0.879474940334129
"CWF19L2",1.22581847779802,0.204191666952673,16.1661116386004,0.0200337722169547,0.830250596658711
"CXADR",0.130655797265151,0.00475856674548919,20.0615012588631,0.0186070759748632,0.763573985680191
"CXCL16",0.192135013677419,0.00994112355771008,19.4807364846267,0.017299641113389,0.739558472553699
"CXCR4",0.312951372576694,0.0025317161227443,13.7720275134526,0.00011185215826243,0.41840692124105
"CXXC1",4.031631218939,0.238701941658503,11.1624640922754,0.011565227586954,0.609934367541766
"CXXC5",0.111158910052932,0.0329572034684944,22.1545429631776,0.0263974083323123,0.917661097852029
"CXorf38",2.23241099613181,0.324454971138562,13.2837229163963,0.0184967802033353,0.828908114558473
"CXorf40A",0.998075597150306,0.17334794191804,17.0064587498285,0.0205446411701791,0.834128878281623
"CXorf40B",1.44884302158904,0.121292547942723,15.4792217813888,0.0143877186107245,0.684069212410501
"CXorf56",4.82788715090599,0.591859007962441,8.72133109605709,0.0147879469883318,0.872016706443914
"CYB561",0.575950913872506,0.120024832080589,18.8707140239791,0.0223741884808476,0.861426014319809
"CYB561A3",0.670112397230883,0.0607435726790736,17.7563636319087,0.0161557760086267,0.720167064439141
"CYB5A",0.902997528208321,0.0609578611727547,16.419809380363,0.0126644589395738,0.649463007159905
"CYB5B",3.00867965891282,0.163017064347335,12.1531198464325,0.00953183290142777,0.567571599045346
"CYB5D2",0.190414607320699,0.0511566313012634,21.3146812736757,0.0250893665289098,0.897673031026253
"CYB5R1",0.182862930789932,0.00758020474209432,19.1301037286364,0.0161103683698279,0.717034606205251
"CYB5R3",2.0679565354202,0.0559345509002587,10.7219645058555,0.00226754270894446,0.346062052505967
"CYB5R4",1.91960924577124,0.172148820368092,14.6707304900158,0.0153616861530759,0.708979713603819
"CYBA",0.802554667007522,0.00739015495803155,10.2736883405879,0.00927132657066733,0.239856801909308
"CYC1",4.19927740594131,0.135348888526925,9.66040764424581,0.00239680380670813,0.407219570405728
"CYCS",2.24122275154064,0.0318732842443937,8.27537572116455,0.0112058521492172,0.183174224343675
"CYFIP1",1.10278347818298,0.156121753549397,16.9136589943519,0.0195062699095553,0.805787589498807
"CYFIP2",0.658624789566186,0.0503539304895423,17.3678964659557,0.0144039787753742,0.684665871121718
"CYHR1",1.93627697958731,0.296223913701565,14.0004017950171,0.0189769804506371,0.832488066825776
"CYLD",1.77335431947596,0.0650617435107498,12.35410824878,0.00267262249412642,0.443317422434368
"CYP20A1",1.64083380373204,0.135967610608326,15.0286049967492,0.0142249749490683,0.680340095465394
"CYP2R1",1.10566876687874,0.20582812965613,16.4678779128031,0.020723640191505,0.848448687350835
"CYP4V2",0.371881911495301,0.137428809883872,19.4769839260652,0.0246510645577458,0.917810262529833
"CYSTM1",1.40089536160774,0.0413361415479652,12.5308430089266,0.000812922426811507,0.416169451073986
"CYTH1",0.995070761065329,0.0376294828825495,13.9554215816337,0.00424364425996419,0.484934367541766
"CYTH2",2.64501185977808,0.18689985597946,13.1574443709477,0.0129386506479469,0.6493138424821
"CYTIP",0.474539173222991,0.0054930361922489,13.2719542793626,0.00100383601625172,0.396628878281623
"D2HGDH",0.718595010617543,0.179627411008176,17.7582945542471,0.0224755789860277,0.882756563245823
"DAAM1",0.312290829710057,0.0136745434026002,17.8356271835162,0.0128608763945374,0.655877088305489
"DAB2",0.0603852138506771,0.0117159510214356,22.6847556289826,0.026697052938148,0.916616945107399
"DAD1",2.42290327810736,0.0420027130487672,8.6637398337706,0.0089332807614187,0.220167064439141
"DAG1",0.764788372458738,0.193508128601489,17.4671333886968,0.0223858085936394,0.885739856801909
"DALRD3",2.43433244470819,0.256965690551673,13.5340610949129,0.0167833071011681,0.757159904534606
"DAP",1.26901832060184,0.101803739663714,15.9599494635002,0.0142931538559463,0.682428400954654
"DAP3",8.76306162811109,0.299140237366138,7.32979832971988,0.00736756561957641,0.475387828162291
"DAPK1",0.126391086094681,0.0458506141990211,21.9897348002126,0.0266435825833347,0.926760143198091
"DAPK3",1.15068754499774,0.0877735538564842,16.0924256523674,0.013711897897455,0.670047732696897
"DARS",3.01708996326785,0.13229708704133,11.6064179899383,0.00634303729102548,0.499850835322196
"DARS2",0.833895178844585,0.313141870995218,15.3065857622735,0.0219782553609251,0.929743436754177
"DAXX",3.36737954279188,0.146961114205297,11.4052659172431,0.00687224398916436,0.508651551312649
"DAZAP1",3.3055416303536,0.260118982487707,12.4567852113437,0.0147337398351922,0.701819809069212
"DAZAP2",4.80254781272624,0.0590290660251426,5.30026603294564,0.0143364643244807,0.0908412887828162
"DBF4",1.0225932461269,0.0881298316172334,16.6377535952857,0.0150969273130224,0.699284009546539
"DBI",1.70357586556591,0.0188190947531686,8.07617843564636,0.0135740161272748,0.148120525059666
"DBN1",0.230673217320091,0.0400487033883728,20.8726186578937,0.0232337832025833,0.858144391408115
"DBNL",1.73838250153091,0.124401506771186,14.7718314106489,0.0128951111894678,0.651103818615752
"DBP",0.504690408251371,0.185167207323426,18.3057217522637,0.0239106288037696,0.919749403341289
"DBR1",0.714816394473624,0.197309579912038,17.5642386562837,0.0227379256399627,0.896032219570406
"DCAF10",4.9159967817033,0.339120610188357,10.6074141215325,0.0140164935427401,0.692273269689737
"DCAF11",2.65819258698444,0.222684161950168,13.2030246725728,0.0147653457930245,0.696897374701671
"DCAF12",1.45797529080038,0.09291923141167,15.0595683143856,0.0115110346114627,0.623060859188544
"DCAF13",2.00855132156509,0.126909340504149,14.0956324762872,0.0114861001588436,0.619331742243437
"DCAF15",1.3589546993153,0.333491615694265,14.2548880426402,0.02053141696914,0.896927207637232
"DCAF16",1.18914200976778,0.24887013344672,15.8017374386571,0.0209296219705282,0.869480906921241
"DCAF5",2.02631082429598,0.233314438067061,14.366302294094,0.017486543765079,0.771628878281623
"DCAF6",2.06806799817071,0.171610646413436,14.4128568746978,0.0147472881025799,0.694510739856802
"DCAF7",3.14704338348971,0.124203767341304,10.8569775344198,0.00418009010836042,0.451819809069212
"DCAF8",2.36960472645885,0.180191348928301,13.636469792546,0.0136015112933727,0.665721957040573
"DCAKD",1.53285446798704,0.409872754732252,12.7684943016946,0.0196857324809734,0.914976133651551
"DCK",0.920464807058409,0.0672907873950648,16.5218455382093,0.0133936031444155,0.663931980906921
"DCLRE1C",0.924469394327308,0.189515219594312,17.1077883262705,0.0214356587999948,0.860978520286396
"DCP1A",3.43473958720754,0.213502332625723,12.011573412285,0.0119423837433101,0.62291169451074
"DCP2",1.74946736425562,0.111545174597346,14.3077547880623,0.011029833893416,0.609934367541766
"DCPS",1.02445592994053,0.124244483523079,17.1018423928101,0.0183481575897126,0.773120525059666
"DCTD",2.87436670382021,0.23579435286247,13.0323317578181,0.0149019108641994,0.703162291169451
"DCTN1",2.30733728137548,0.1868219597253,13.8558274168361,0.0143764615371184,0.68541169451074
"DCTN2",6.71780153656108,0.211744442142008,7.78531125805992,0.00402826707439879,0.409755369928401
"DCTN3",3.89153874136305,0.149121122897336,10.277519194981,0.0047334382195717,0.455698090692124
"DCTN4",3.97247185305709,0.288342853083396,11.4743072597188,0.0140447158014466,0.683621718377088
"DCTN5",5.02692441070471,0.357282981064613,10.3229017595568,0.0141601456532015,0.698389021479714
"DCTN6",3.65182777170324,0.278677705695955,11.9441552323457,0.0144996447895928,0.696897374701671
"DCTPP1",1.57106811265256,0.124507560787387,15.415449913392,0.014360918710218,0.684516706443914
"DCUN1D1",4.38370635599289,0.320599725685569,11.1113091676073,0.0143699131808344,0.699880668257757
"DCUN1D4",1.09440865498692,0.251186197254132,15.9584374512842,0.0213202110145,0.881115751789976
"DCUN1D5",3.65613335276018,0.20649156720326,11.815184761997,0.0111220457230676,0.603371121718377
"DCXR",1.40381710550949,0.0488771589760279,12.8089542609023,0.0023003469867678,0.442273269689737
"DDA1",6.11709685283197,0.265961077322626,9.05395863532296,0.00895109067151833,0.531622911694511
"DDAH2",0.558014462644725,0.0333617703164451,17.4555358561467,0.0133416007160085,0.664528639618138
"DDB1",4.53367233295742,0.213948694786494,10.1720957457893,0.008556252168098,0.530727923627685
"DDB2",0.776675230591841,0.0787401499468353,17.660338123143,0.0170744945022962,0.740304295942721
"DDHD1",0.731320836627858,0.0890650053356187,18.0128721635385,0.0186057484984206,0.773418854415274
"DDHD2",3.73957457159377,0.500166516984003,10.08535392264,0.0164515381408347,0.857696897374702
"DDI2",1.13256014848391,0.179727043301154,16.64660702745,0.0200111822014689,0.823239856801909
"DDIT3",0.459443170079694,0.0475856159358765,18.8427819733082,0.0181692048624694,0.759546539379475
"DDIT4",0.412504827228838,0.00447035688038415,12.9669733606548,0.00199026477343186,0.378281622911695
"DDOST",4.14846683491471,0.0876975816011808,7.88408713064799,0.00553618217299404,0.255668257756563
"DDR1",0.197924177404138,0.0125493142503175,19.9963065414291,0.0189659701052456,0.771330548926014
"DDRGK1",6.16834442544705,0.274698127219718,8.91592403900774,0.00918554379703535,0.53505369928401
"DDT",4.61592135197664,0.137662108680927,8.91473325421917,0.001087461317191,0.374254176610979
"DDX1",2.92364933727222,0.260575586715434,12.8639171783053,0.0155958076235973,0.725089498806683
"DDX10",1.15282879102343,0.177844443868778,16.6280347027087,0.0198787633216588,0.819659904534606
"DDX11",0.849225272811798,0.17279513002478,17.4960472712904,0.0215897546654641,0.859337708830549
"DDX17",3.16054857380731,0.0639849093980912,8.12379665309205,0.00757608284069817,0.229713603818616
"DDX18",3.1938943834629,0.0980666359965556,9.93093837704245,3.4043834974247e-05,0.369630071599045
"DDX19A",2.5747420737121,0.357026182114693,12.578698102267,0.0180648115559637,0.829803102625298
"DDX19B",0.850532545003232,0.384236697404323,13.8451872539798,0.0211192957777423,0.946002386634845
"DDX20",1.30626041528743,0.232138586335868,15.7801597319629,0.0202852564310628,0.846062052505967
"DDX21",1.3668303552753,0.0294971102053384,11.4143947391545,0.0033941572500461,0.339051312649165
"DDX23",3.05625161224013,0.222946028355119,12.5325486302878,0.0134632574364899,0.66214200477327
"DDX24",1.95556612348534,0.0373403204923056,9.06353169541417,0.00853352482922327,0.231205250596659
"DDX27",2.57578974291247,0.139040136228285,12.6685146753705,0.00913309207805843,0.562649164677804
"DDX28",1.4267298911564,0.369514479785749,13.556449199152,0.020185576868038,0.906026252983294
"DDX39A",2.64379679038146,0.0719183042537722,10.0283192426347,0.0022996355975173,0.335918854415274
"DDX39B",2.05063953184844,0.173216036788182,14.4525736941255,0.0149175384026687,0.698687350835322
"DDX3X",1.87846422710136,0.0430647050539717,10.3788107107161,0.00452911875327146,0.308025059665871
"DDX41",4.65712239814002,0.393422625488628,10.5044931899111,0.0152858025648713,0.749701670644391
"DDX42",1.8959128607118,0.245206237447658,14.5737363274174,0.0183298131010972,0.797732696897375
"DDX46",4.37843292894245,0.149372709890768,9.4773937414515,0.0031270395176352,0.416766109785203
"DDX49",6.83362950857788,0.382874774663794,9.02532082466168,0.0126029817063002,0.649015513126492
"DDX5",3.36817860024048,0.0197449791933673,5.35817143617142,0.0199454593862872,0.0223747016706444
"DDX50",2.71312936847816,0.240939733000022,13.2105872438377,0.015498906592595,0.719421241050119
"DDX52",2.59471990396802,0.222100691299427,13.423604333698,0.0151233575873762,0.707189737470167
"DDX54",7.24922529124994,0.404274488586068,8.79136618488461,0.012667455240321,0.655877088305489
"DDX55",3.10556224208535,0.408467749177868,11.5307620543753,0.0174013075269315,0.832935560859189
"DDX56",2.80607859733086,0.203769381509209,12.9870343059257,0.0134185198166686,0.661545346062053
"DDX59",2.10663058957883,0.297621093058854,13.778016835202,0.0185816752102176,0.821599045346062
"DDX6",3.08258781516288,0.107664125878972,10.3406995351697,0.0017409678915393,0.403490453460621
"DDX60",0.255744704276178,0.141075464079907,19.8711547251598,0.0257495402563615,0.944063245823389
"DDX60L",0.238512211138766,0.0963334939123286,20.6561002322089,0.0256773571400648,0.924821002386635
"DEAF1",0.484468725677248,0.139850453889726,18.992538143847,0.0236113652673339,0.89513723150358
"DECR1",2.09897303191416,0.143617842099964,14.0840788296837,0.0124890673322393,0.64096062052506
"DEDD",8.39272038312002,0.408677262940157,8.15249857220109,0.0117487909044765,0.62082338902148
"DEDD2",1.20296562605625,0.0645526614787437,14.9729665184505,0.00920920561928994,0.57846062052506
"DEF8",1.89710406797723,0.231956050634357,14.6605650975293,0.0179966497731677,0.785352028639618
"DEGS1",1.32854523613769,0.0563856397883335,13.7802033352074,0.00548569581478282,0.50417661097852
"DEK",1.5362393877329,0.0257854328279608,9.92987333956107,0.00776098780374389,0.255817422434368
"DENND1A",1.16331042772726,0.362751066112763,13.9612137186527,0.0207647478023283,0.920942720763723
"DENND1B",0.632579646895203,0.0828615897350918,18.5549628705021,0.0195988994538417,0.793556085918854
"DENND4A",0.848449722225923,0.0952064921441268,17.5850357609988,0.0178863477239403,0.759099045346062
"DENND4B",1.98908983717593,0.458728258777709,11.5491161262951,0.0185581290511155,0.907517899761337
"DENND4C",1.52619072571272,0.198876207582023,15.5670468559183,0.0185206265945072,0.791020286396181
"DENND5A",0.293151259972331,0.0847412644802997,20.4689050895315,0.0246227837360922,0.898717183770883
"DENR",5.05114285852465,0.20125268799836,9.48345492787336,0.00650191911739285,0.480757756563246
"DERA",2.73188003816048,0.311495936185774,12.9185829398802,0.0173609123058651,0.790423627684964
"DERL1",2.76353863308551,0.0965709076787682,10.7733281511236,0.00174405399043982,0.409307875894988
"DERL2",5.71448071078723,0.227642002805391,8.58800827930409,0.00654915236564966,0.468824582338902
"DESI1",1.42974753068589,0.124264243106469,15.6800418112544,0.0150092763192524,0.698389021479714
"DESI2",3.37833451572078,0.184448187249845,11.9414123620049,0.0102637672270663,0.583233890214797
"DEXI",1.67233203465068,0.315781004214909,14.1259472222348,0.0197896018418898,0.865304295942721
"DFFA",1.11340039711641,0.112431042530261,16.6993835250989,0.0167242484051822,0.735829355608592
"DGAT1",1.17086815026848,0.341747265133545,14.3320058796773,0.0209108190792598,0.9131861575179
"DGCR2",1.99216339457254,0.300012478470589,13.8576631999163,0.0188418308707861,0.829653937947494
"DGCR6L",3.80024336273489,0.274678550298809,11.6774743739241,0.0139214685343494,0.678550119331742
"DGCR8",1.16527030620233,0.218773149787658,16.2203129309624,0.0206943621644299,0.852177804295943
"DGKD",0.727889086663757,0.224034458323794,17.0833586748124,0.0227187698495271,0.906324582338902
"DGKZ",1.18203951568391,0.161748942906771,16.5577348479377,0.0190071509809388,0.794749403341289
"DGUOK",2.58222174227812,0.0912138080018202,11.1114690515282,0.00203997673230956,0.418556085918854
"DHCR24",0.225749614206649,0.0462831120436174,21.0336948795939,0.0240389639698533,0.875596658711217
"DHCR7",0.276293445241155,0.0751855795411357,20.6287494854493,0.0245454119507169,0.89409307875895
"DHDDS",2.25177633401358,0.40050682507602,12.3145693066874,0.0186353968275087,0.872165871121718
"DHFR",0.157716918214286,0.0450988806119838,21.6928478263632,0.0257832126368806,0.909606205250597
"DHPS",8.71675318421824,0.410086262171544,8.06547803569534,0.0115481690075079,0.615005966587112
"DHRS1",0.872920630670987,0.195917969077685,17.1702396667851,0.0218287435527221,0.87291169451074
"DHRS12",3.35813800962117,0.691266505282751,7.28037882138162,0.0139415854942011,0.939439140811456
"DHRS13",0.979437368454791,0.187007999059782,16.9654694222067,0.0210307756644666,0.850089498806683
"DHRS3",0.206822763404116,0.0473873969781349,21.2062400412883,0.0245762205997689,0.886485680190931
"DHRS4",3.90037750323485,0.360388346029815,11.3614117432029,0.0159348408138815,0.761187350835322
"DHRS4-AS1",0.637277523695629,0.256938902805844,16.6961707178417,0.0230342033796409,0.930041766109785
"DHRS4L2",1.09119708338367,0.302589838175824,15.171826971353,0.0213758025256139,0.906772076372315
"DHRS7",1.39213233740267,0.058272697831025,13.4362267952697,0.00478824971144119,0.489110978520286
"DHRS7B",16.1523664646175,0.849123276301129,10.4070484259324,0.00363610460666603,0.887977326968974
"DHRSX",1.77718404772138,0.20918139900471,14.9661564180692,0.0177101702771916,0.772523866348449
"DHTKD1",0.436940539826234,0.16382076858315,18.8612986079581,0.0243178222435159,0.920644391408115
"DHX15",2.7023044389625,0.107401750411094,11.7926735883034,0.00487381923971591,0.475387828162291
"DHX16",2.88842497538199,0.274284491876598,12.8793358106492,0.0161191168927828,0.74269093078759
"DHX29",3.14630538094632,0.205266391749693,12.4327244018991,0.0123692052458772,0.634546539379475
"DHX30",3.31576611548162,0.203541744926902,11.9708555476208,0.0114390728499721,0.609337708830549
"DHX32",0.896105750501022,0.283863483654973,15.7598877796403,0.0219923776278215,0.914677804295943
"DHX33",2.19905729311226,0.376031227852597,12.7481029173516,0.0188038281626294,0.864707637231504
"DHX36",1.6948221715042,0.0828307169013007,13.7678033107221,0.00762950368960979,0.541915274463007
"DHX38",2.86934603245995,0.266037167016031,12.8829414715216,0.0158610373071606,0.733144391408115
"DHX40",2.38727789175832,0.324488889012768,13.1235787268756,0.0181843244818485,0.819510739856802
"DHX57",1.47813831939854,0.503857405972259,10.9800901595981,0.0185236152624276,0.94167661097852
"DHX8",3.16093453368014,0.284984629168269,12.3851874261957,0.0156373599077298,0.729713603818616
"DHX9",3.36318885193941,0.135209842058002,10.9261617586122,0.00509866051564711,0.469719570405728
"DIAPH1",1.86941417512816,0.0874611877853538,13.3778121375501,0.00704019020568591,0.528341288782816
"DIAPH2",0.898516751215872,0.21113936815314,16.9132217797103,0.0218673914802741,0.879474940334129
"DICER1",1.63169912654057,0.179884151110169,15.4071032974687,0.0173127877613755,0.757607398568019
"DIDO1",2.75468871494425,0.226661949100586,13.173203822617,0.0148162415598455,0.699582338902148
"DIMT1",1.7530984440761,0.192721564390428,15.1656882107694,0.0173646677512259,0.761336515513127
"DIP2A",2.37299399174938,0.235978875177366,13.7594036010299,0.0163831487447838,0.742541766109785
"DIP2B",0.876244343783269,0.115441047464171,17.6578706436001,0.019198371739448,0.790572792362768
"DIS3",1.79052946905576,0.205029813870904,14.9674235443932,0.0175283201922889,0.767153937947494
"DIS3L",0.572039952008573,0.253701543553,16.8868633923669,0.0233191439476876,0.936157517899761
"DIS3L2",1.28171423781461,0.311227674400822,14.7077395889989,0.0207714223061319,0.892601431980907
"DKC1",1.1157368378086,0.0697934880629283,15.8353682837607,0.0117838638090119,0.631115751789976
"DLAT",3.0034916916823,0.464824633748382,10.9240647765345,0.0173933285694761,0.869182577565632
"DLD",4.40962973743428,0.266291178756163,10.914931407047,0.0122233721527769,0.628430787589499
"DLEU2",0.862189727833215,0.106877389498847,17.6144625705428,0.0186347058813651,0.776700477326969
"DLG1",0.766896600085403,0.0865978262479736,17.9229560586869,0.0182106781384679,0.765065632458234
"DLGAP1-AS1",0.380927653306228,0.100913263253842,19.8363218545289,0.0238310762079794,0.887082338902148
"DLGAP4",1.51651486304197,0.143154301451903,15.6027160520199,0.0158927286462424,0.719570405727924
"DLST",6.370803099958,0.346874503713953,9.36297343166778,0.0121942741880568,0.631115751789976
"DMAP1",4.87638374605698,0.457468650851169,9.98598654243339,0.0155244075433592,0.791169451073986
"DMTF1",2.06073466799314,0.23595696414511,14.2827506137383,0.0174288178518061,0.770584725536993
"DMXL1",0.881479240217632,0.168612964371115,17.4033343563923,0.0212140164844632,0.848896181384248
"DNAAF2",1.91564313617347,0.121499273568355,14.011472758463,0.0110041026487353,0.608144391408115
"DNAJA1",1.67139421847891,0.00836357797289447,6.59287796788361,0.0191013443444016,0.0522076372315036
"DNAJA2",3.56606023619336,0.0926526293866154,8.75562948617059,0.00311834487651136,0.304295942720764
"DNAJA3",3.7032028506473,0.321208868424716,11.6767983350149,0.0154834780310635,0.733591885441527
"DNAJB1",0.470644907887232,0.00177345116116644,9.02502582398991,0.0136750244679309,0.160799522673031
"DNAJB11",2.18318939234775,0.0704496804255588,11.6593715261684,0.00142474568931112,0.415871121718377
"DNAJB12",5.9995857305189,0.418671691501695,9.51136951445621,0.0141162082948391,0.715841288782816
"DNAJB14",5.0645412822765,0.249577445320603,9.69323395124601,0.00952861772978999,0.548478520286396
"DNAJB2",1.97678829402241,0.201287712248013,14.5293260498414,0.0164778723868238,0.739409307875895
"DNAJB4",0.445439990140776,0.0251346703485275,17.5937300199383,0.0130983355669059,0.659904534606205
"DNAJB6",2.26407034148098,0.0193559748949743,6.56629743588395,0.0173202401282894,0.0744331742243437
"DNAJB9",0.616053471195832,0.020219464078106,14.7150738525349,0.00464325679381497,0.498060859188544
"DNAJC1",1.63931469613312,0.0660124850165983,12.8857301778933,0.00408563997703176,0.472106205250597
"DNAJC10",1.41594145023419,0.167195559395823,15.9025030749292,0.0178109123877918,0.767303102625298
"DNAJC13",0.861304679100185,0.21423569484548,16.9299863552135,0.0220329510288751,0.884695704057279
"DNAJC14",4.92837185944959,0.616413669343249,8.39420949707489,0.0144042527569834,0.880071599045346
"DNAJC15",1.61593863296748,0.0717211797065366,13.6700896390991,0.00648424900042345,0.520883054892601
"DNAJC16",1.05240851244472,0.294587742287277,15.3084640336318,0.0214447050226185,0.904087112171838
"DNAJC17",4.29161134578021,0.526512759445781,9.57712316903589,0.0158150624662675,0.853371121718377
"DNAJC19",2.89523886040396,0.17681741724576,12.6726466784091,0.0113660631826066,0.611276849642005
"DNAJC2",2.89351175128298,0.12522271182753,11.8360441030491,0.00630896700125955,0.501789976133652
"DNAJC21",2.35394378573331,0.316549655397826,13.2911122022849,0.0182267556547321,0.818317422434368
"DNAJC24",2.6166960690351,0.480173402036283,10.8811357217815,0.0176698006376784,0.890513126491647
"DNAJC25",0.658646477554984,0.239862469528594,16.9856588248008,0.0230542961913654,0.922434367541766
"DNAJC3",0.993555851302198,0.0371699815781626,14.1867935144979,0.00480327438276347,0.496420047732697
"DNAJC30",3.25792256112096,0.522724053163735,9.9698008217577,0.0166651322308744,0.884695704057279
"DNAJC4",0.992008194136348,0.0721155701621693,16.3160066362161,0.0132077480540178,0.659904534606205
"DNAJC5",1.96732132467359,0.315209654719836,13.7690342998658,0.0190905024651792,0.843973747016706
"DNAJC7",5.88789668810587,0.211557798929811,8.50614960259949,0.00535980864230868,0.445107398568019
"DNAJC8",117.974445370317,0.784468318326672,34.590776225293,0.00478758755155556,0.306085918854415
"DNAJC9",0.827467921934606,0.0498780544130043,16.3672343141294,0.0116867119531035,0.630668257756563
"DNAL1",1.37146604408949,0.455017461265304,12.0143823107301,0.0193659048680119,0.935113365155131
"DNAL4",2.02830975783699,0.394153356833331,12.6215700648197,0.0190246032403268,0.88230906921241
"DNASE1L1",0.738172822574647,0.316879490487932,15.3629010571372,0.0221992705572662,0.938394988066826
"DNASE2",1.71672301275839,0.183644457257454,15.0818244476948,0.0168381907864514,0.74582338902148
"DNM1L",4.63461986136464,0.31261344776934,10.9312597566492,0.0137630944209984,0.68019093078759
"DNM2",3.46255042521447,0.253291386322521,12.0340503450425,0.0137918829440013,0.67258353221957
"DNMT1",0.99030061495779,0.0619222468372733,16.0845146689769,0.0118516380314644,0.633054892601432
"DNMT3A",0.423330976868712,0.149161161774506,19.1153733639704,0.0243013141894666,0.914379474940334
"DNPEP",4.02609072360577,0.257207429338047,11.3108423838237,0.0126022660765673,0.639021479713604
"DNPH1",0.745857620840013,0.0267890134780792,14.8130804192911,0.00553075452441009,0.513573985680191
"DNTTIP1",9.23725491599407,0.502209540749519,8.18331637215955,0.0125308872165417,0.696300715990454
"DNTTIP2",1.55621404260544,0.0608974703900264,13.2124287696935,0.0044226341426687,0.481354415274463
"DOHH",6.60561934087985,0.484716283199631,9.12897954431911,0.0141824811147016,0.75626491646778
"DOK1",0.788841577693471,0.141153852113088,17.8596813704073,0.0210105094316613,0.836366348448687
"DOT1L",1.15431759719474,0.198252135501232,16.479462715471,0.0204192800820036,0.838752983293556
"DPAGT1",2.43773326786873,0.320801028906886,13.1382167746172,0.0180759034140136,0.815184964200477
"DPF2",3.86482336757867,0.213335995035509,11.0846154777238,0.0102629281008164,0.5763723150358
"DPH2",1.31706904323544,0.154460970179413,16.218874245512,0.0178764839934192,0.76700477326969
"DPH3",4.15232145643703,0.23012592103746,11.0324862407076,0.0108826388021555,0.592631264916468
"DPH5",1.56617489256719,0.339171508991836,13.9322487035037,0.0200642478958967,0.885590692124105
"DPH6",1.02723685046977,0.285900821712749,15.5368772114129,0.0215984005464624,0.904683770883055
"DPH7",1.94684766439895,0.255034649317613,14.3234626527179,0.0182482275153335,0.797434367541766
"DPM1",2.97614092164807,0.221940818341965,12.9472464636772,0.0140922359856209,0.681085918854415
"DPM2",2.27525696417142,0.1887091529711,14.0686832186045,0.0148586640897569,0.698389021479714
"DPM3",1.67104397070878,0.145246400378953,15.1221079570039,0.014937772366245,0.697344868735084
"DPP3",2.07526768438237,0.249091715231891,14.2760387338436,0.0178661919499481,0.786396181384248
"DPP7",2.3720912570868,0.0704034238103289,10.5823321419036,0.00112772021001655,0.361276849642005
"DPP8",3.13609173327843,0.342463191194702,12.1484771352154,0.016913714145892,0.78609785202864
"DPP9",4.44458866539094,0.380882543779155,10.7086332042285,0.015380475241841,0.74791169451074
"DPY19L1",1.52925510888447,0.514638016852723,10.7359583741679,0.0183016007475732,0.941825775656325
"DPY30",4.91834138791504,0.240953254522839,10.2302845408138,0.00985996689446723,0.56354415274463
"DPYD",0.992716662378331,0.172305648802133,17.0388115726999,0.0205670556714342,0.834427207637232
"DPYSL2",0.422225382095327,0.045413677438959,19.2158846011374,0.019023949014976,0.77640214797136
"DR1",3.6069211160121,0.117381296614986,9.8918665047092,0.00152318071781625,0.394689737470167
"DRAM1",0.31710984748535,0.0602183926043852,20.3510723484466,0.0229895455991923,0.858293556085919
"DRAM2",4.72806044754178,0.397734446156542,10.5454951636622,0.015321125501468,0.755071599045346
"DRAP1",2.63072915983502,0.0607872014496496,9.42078414633961,0.00490843198813936,0.288484486873508
"DRG1",10.2499701097984,0.438400993355778,7.41659955455808,0.0110403806014577,0.597852028639618
"DRG2",7.52566825764098,0.501663770867395,8.59575645857934,0.0135753344214622,0.736873508353222
"DSE",0.431688949842409,0.0224847812895283,17.6592985302712,0.013060429433072,0.659457040572792
"DSN1",0.469173509476228,0.115349908473264,19.3837264530165,0.0233952198276405,0.882458233890215
"DST",0.0858906209109692,0.00125399989406623,19.7794774758124,0.0175425361678042,0.743138424821002
"DSTN",0.758661941397634,0.00987436845617418,11.5387141639894,0.00539695937932873,0.311605011933174
"DSTYK",0.736083798364924,0.20651322701982,17.3393508211247,0.0226183902439168,0.896479713603819
"DTD1",1.96430054723006,0.223557889167473,14.6836030351149,0.01765649415994,0.775208830548926
"DTNBP1",1.81746423406403,0.313835871397305,13.9947500420516,0.0194615958717286,0.85486276849642
"DTWD1",1.46841131815727,0.204298554849041,15.6508797180455,0.0189341583684653,0.802655131264916
"DTX3L",0.89281654496713,0.137088444690109,17.5292207277946,0.0200340039007287,0.813245823389022
"DTYMK",0.779203873360066,0.0843112151276821,17.7907268770122,0.0177443255479314,0.754922434367542
"DUS1L",0.855717277055743,0.277541864041824,15.9291401592517,0.0221392949231372,0.915572792362768
"DUS3L",4.47132504783038,0.379673732421289,10.7779485158256,0.0153861588289264,0.749254176610978
"DUS4L",1.38181688544217,0.476013879197917,11.5939816665682,0.0190543797296071,0.939737470167064
"DUSP1",0.34559576449428,0.00557742106129089,14.8221147344501,0.00347247551624024,0.480310262529833
"DUSP10",0.513475450993874,0.027255143074254,17.1775727250399,0.0121018420820431,0.640662291169451
"DUSP11",5.58647575339649,0.269404321155605,9.28042678271038,0.00968817726678631,0.549373508353222
"DUSP12",3.5047721809436,0.30905404759996,11.922725904845,0.0155641059366087,0.73299522673031
"DUSP14",0.380106291625207,0.0325448799727957,18.9921034608121,0.0175409068461226,0.745972553699284
"DUSP16",0.642985652009302,0.0371947729659816,16.6954555673301,0.0115863391497037,0.629624105011933
"DUSP18",0.694603598490788,0.182724468555656,17.7858117176122,0.0226632375058048,0.888424821002387
"DUSP2",0.238253233426427,0.00289851600260799,15.6734576869627,0.00567327999553406,0.522076372315036
"DUSP22",1.44208392894246,0.189394907068521,15.8306154871699,0.0186592098030688,0.792511933174224
"DUSP23",0.884191692944608,0.0916063641830504,17.4528449643048,0.0173266155584492,0.747016706443914
"DUSP3",0.590354448071786,0.0830337198361185,18.7967994952829,0.0202252298521263,0.806682577565632
"DUSP4",0.29940526474654,0.00274953771475695,14.321550000359,0.00172795636793028,0.448538186157518
"DUSP6",0.110511744393179,0.00707102228022,20.9792576084369,0.0214478432604358,0.816974940334129
"DUT",1.02681160883759,0.0259130450178359,12.4642982190281,0.000966856366849362,0.387828162291169
"DVL2",3.30016109235272,0.42605733749691,11.2197123283632,0.017177125109636,0.835471360381862
"DVL3",1.58150704880248,0.260577734976483,15.0024807349594,0.0197099938794886,0.840841288782816
"DXO",2.12310254891411,0.298144693006683,13.7562822059787,0.0185528065303376,0.821002386634845
"DYM",6.42999560151491,0.410130802766046,9.34400048930655,0.0135979563690024,0.694659904534606
"DYNC1H1",2.76914471074406,0.0838589481007666,10.2661491248509,0.000576777055074633,0.365602625298329
"DYNC1I2",2.03578977647516,0.154709848665328,14.2372913574868,0.0135034687515126,0.663782816229117
"DYNC1LI1",3.06306229909902,0.201342425344103,12.5717874053331,0.0124434887846042,0.636784009546539
"DYNC1LI2",2.19998785040059,0.135131926291849,13.6757297552621,0.0110695054085043,0.608741050119332
"DYNC2LI1",0.338945692098199,0.15535677939215,19.3238372361728,0.025046313122668,0.934069212410501
"DYNLL1",2.74627653574308,0.0149269938733925,5.87597186066597,0.0195835653516089,0.0355011933174224
"DYNLL2",1.2571222232288,0.258669344291283,15.5349971205536,0.020735374401184,0.867989260143198
"DYNLRB1",4.12385905817884,0.0769359785731449,7.0922309379687,0.00838443235801414,0.2013723150358
"DYNLT1",2.42526512382572,0.0761954843833518,10.9275235553542,0.000236586109019665,0.387380668257757
"DYNLT3",0.854399143205648,0.0689711226376677,16.9104762506388,0.0145174660846184,0.686903341288783
"DYRK1A",2.41830830958808,0.305663874855524,13.3355046729869,0.0179693076172117,0.806682577565632
"DYRK1B",0.813741331650496,0.216232597179142,16.9879128259569,0.0222418147642081,0.890662291169451
"DYRK2",0.617060609339805,0.175077550396354,18.1048170110242,0.0230680693327184,0.895286396181384
"DYRK4",2.17435058287805,0.33894387300564,13.254531355757,0.0187846677621798,0.845316229116945
"DZIP3",0.428971991293334,0.176033860165435,18.6612852893119,0.0243606004972167,0.926610978520286
"E2F3",0.732293117270261,0.122884969218746,18.2570090466905,0.0210240273030917,0.832488066825776
"E2F4",3.73652357307365,0.299864683213796,11.7008169208984,0.0148625208340475,0.70972553699284
"E2F6",1.39309827139577,0.167620833406705,16.0981293018546,0.0182159217320572,0.777744630071599
"E4F1",3.20094538259011,0.384473864220062,11.663151637194,0.0171511674772774,0.810859188544153
"EAF1",1.84569576048251,0.230247866838905,14.7591881607958,0.0181320365634562,0.788484486873508
"EAPP",3.6581829371889,0.167207389675911,10.6681841096866,0.00685144869394308,0.49895584725537
"EBAG9",2.33069365262989,0.245501902692304,13.7751424096931,0.0168016441996542,0.755519093078759
"EBNA1BP2",1.24563226161964,0.0800614097360302,15.7232428823045,0.0122192846653748,0.639618138424821
"EBP",1.35928310240963,0.117669851485937,15.9717430366503,0.0152732841938696,0.70450477326969
"EBPL",1.56336965417091,0.13220294154052,15.5831471219979,0.0151809033630434,0.70346062052506
"ECD",5.0372575881029,0.467690869136741,9.82320913283673,0.0153955379060562,0.792213603818616
"ECH1",1.59207672530902,0.126784706656538,15.0437116438942,0.0137199552942722,0.668854415274463
"ECHDC1",4.352642598643,0.227903707996421,10.8010875572576,0.0103169665385041,0.577863961813842
"ECHDC2",1.07297402513057,0.16167262662029,16.9252772475657,0.0198119474400997,0.813991646778043
"ECHS1",2.32756497159496,0.16851275941712,13.8803321791824,0.0134180462372428,0.662589498806683
"ECI1",2.39554833045061,0.53946641137006,10.0030340246858,0.0171695204201847,0.919898568019093
"ECI2",1.38629872599414,0.160491708593351,15.9286522768845,0.0175590392900504,0.759994033412888
"ECSIT",4.15279739224289,0.329654823006686,11.357078196986,0.0150315001701118,0.72359785202864
"EDC3",7.87185789056373,0.675258859808805,7.93054938845846,0.0120136278953676,0.855459427207637
"EDEM1",0.484526469005236,0.0569503362007362,18.9913258634974,0.019169318902404,0.780727923627685
"EDEM2",1.75310802951042,0.212334086709154,14.9551878169583,0.0178424431481443,0.776252983293556
"EDEM3",2.61645149776231,0.20157540080162,13.2485925706311,0.0138738311917605,0.672732696897375
"EDF1",5.0935696402106,0.0463533307804486,5.02744819692099,0.016493459285291,0.0607100238663484
"EEA1",0.829289543392422,0.0910266150450253,17.7766145414097,0.0180880003231281,0.763275656324582
"EED",1.58538813389298,0.113406495249544,14.8532254834355,0.012437566671925,0.640811455847255
"EEF1A1",7.48219137964152,0.0022837684301083,4.68166013283563,0.0222875208319419,0
"EEF1B2",3.7554113602224,0.0135810849752893,5.26391208222234,0.0209185458184873,0.0111873508353222
"EEF1D",5.36648636656639,0.0217820926883438,4.6499114624368,0.0205686111521481,0.00775656324582339
"EEF1E1",1.71848970964922,0.358082132651734,13.4713940745185,0.0197030962802116,0.884248210023866
"EEF2",5.63911298525223,0.0160404833561163,4.68166858173498,0.0211811744819932,0.00313245823389021
"EEF2KMT",0.823340560883294,0.296900842647371,15.6283562797556,0.0221338550270714,0.925417661097852
"EEFSEC",3.05435648158648,0.384500016876473,11.8840834249551,0.0174427604983514,0.822792362768496
"EEPD1",0.265288517339422,0.170161512222336,19.2834997648984,0.0255496350468349,0.952267303102625
"EFCAB14",2.46184677410565,0.166483880681464,13.2419363384249,0.0120575896298378,0.627983293556086
"EFCAB2",0.571546793238366,0.241403348147301,17.1267683363132,0.0234073135484395,0.932428400954654
"EFHC1",0.312839931727531,0.0743928585536929,20.4085249996791,0.0239233390632951,0.881115751789976
"EFHD2",1.45474097298739,0.0834643298071101,14.8332762561764,0.0102727234497264,0.598001193317422
"EFNA1",0.100710334720828,0.00284669780807514,20.2487386688965,0.0190251112565282,0.771032219570406
"EFNA4",0.467452873696189,0.170652366805457,18.6436002965868,0.0241011168948207,0.918257756563246
"EFR3A",1.8409965890262,0.176216077819756,14.8505415610647,0.0159584550001161,0.723747016706444
"EFTUD2",3.5369909628429,0.349352695110644,11.7345106333688,0.0163352619278494,0.77013723150358
"EGLN1",1.41567382169152,0.194120883324792,15.8314578902354,0.0188831544004459,0.798926014319809
"EGLN2",1.25379931550654,0.276948184162478,15.2682757826853,0.0208182833568772,0.877834128878282
"EGLN3",0.122405082609194,0.0178407264288434,21.666190824466,0.0241246320106591,0.86977923627685
"EGR1",0.10037508596101,0.00197518944506628,19.7714633616043,0.0175667096017977,0.74373508353222
"EHBP1",0.715506519791797,0.151567983018493,18.141047546476,0.0221153044580352,0.865155131264916
"EHBP1L1",1.08204951691187,0.312123691837228,14.9909277851771,0.0213257516693349,0.909904534606205
"EHD1",1.1163411982677,0.0707348860275129,15.4981559556597,0.0110444978483689,0.615005966587112
"EHD4",0.659132300850111,0.0583226322229721,17.8900609415314,0.0163268046523021,0.723747016706444
"EHMT1",0.743571528422658,0.0547098355733711,16.873175549031,0.0134210533434943,0.664677804295943
"EHMT2",1.49687547575454,0.211556661153909,15.5768655969239,0.0190626506493628,0.808025059665871
"EI24",2.92176927638205,0.166135665433757,12.6400187593901,0.0106464639309955,0.595614558472554
"EID1",1.47063133411722,0.0338066064905326,10.9874333899381,0.00401588685920221,0.323836515513126
"EIF1",5.73775038938765,0.0088342722120389,4.82193222411013,0.0218142818234146,0.000149164677804296
"EIF1AD",4.26056290798167,0.42254529613827,10.6063305139966,0.016025081859248,0.790572792362768
"EIF1AX",2.54916867431447,0.0557688879529487,9.52587940578893,0.00521797227799496,0.285948687350835
"EIF1B",3.32870892407668,0.0669048400658638,8.15837459928485,0.00716664361864238,0.236426014319809
"EIF2A",3.29257402960945,0.126610714002248,11.4356857577672,0.0054349437498213,0.48299522673031
"EIF2AK1",2.57893774158384,0.145673466544861,12.6927485695101,0.00963652893775141,0.572792362768496
"EIF2AK2",1.10947310688967,0.0858170115335784,16.200523599291,0.0138536239278552,0.673031026252983
"EIF2AK3",0.386859205102293,0.061559241280089,19.7740561293299,0.0215375604605054,0.829206443914081
"EIF2AK4",0.493930720001553,0.0729375113196942,19.2141841273066,0.0207263462815261,0.815035799522673
"EIF2B1",4.40809404804921,0.360713122852433,10.9068035107838,0.0151681241274576,0.73508353221957
"EIF2B2",2.81571802142904,0.258263752032749,13.0668527012381,0.0158706511645362,0.732846062052506
"EIF2B3",1.90011763803608,0.318530473629685,13.8542694709619,0.0193137027347525,0.85277446300716
"EIF2B4",3.92919761521958,0.325557898493405,11.3683932960067,0.0151156867296004,0.722106205250597
"EIF2B5",1.95321568863291,0.194240371320868,14.6472879634315,0.0163751556997219,0.736276849642005
"EIF2D",3.23869736893391,0.354277253913587,12.0667673046539,0.0169745261128068,0.79445107398568
"EIF2S1",5.0801406159932,0.18799476167593,9.25278503384849,0.00527383855785848,0.453609785202864
"EIF2S2",2.94673663932943,0.0587134557659047,8.79917374811657,0.00661929182031165,0.254922434367542
"EIF2S3",3.92735683161459,0.105938301592803,9.48675159848473,0.000414223042952726,0.35903937947494
"EIF3A",3.40989508321596,0.0616616394936245,8.28560366856501,0.00748035878232142,0.235232696897375
"EIF3B",2.41674952749877,0.242745824917031,13.7304539175342,0.0165599491755848,0.749105011933174
"EIF3D",7.37349057374237,0.151018101493303,6.11655857597718,0.0031891861187546,0.261038186157518
"EIF3E",3.32604683329958,0.0394689596761037,6.89071011656825,0.0134689917696488,0.130966587112172
"EIF3F",5.45631625404766,0.0542249663790573,5.07763333236193,0.0152903239892732,0.077118138424821
"EIF3G",14.0485580114763,0.191600295898277,1.69204885352489,0.00638335943480139,0.123060859188544
"EIF3H",6.98766834225135,0.0860813494768208,4.97190776984515,0.0115260977851936,0.124701670644391
"EIF3I",12.1108938212266,0.201155862961994,3.35012954282166,0.00362805121531115,0.198836515513127
"EIF3J",1.74256921409233,0.0542737691693633,11.7033397029097,1.53365626053975e-05,0.393496420047733
"EIF3K",11.1806482463504,0.111323465576656,2.63994958846381,0.0124853557735837,0.0699582338902148
"EIF3L",3.58050181470445,0.0416246003323524,6.73069701543146,0.0135248523247413,0.127834128878282
"EIF3M",10.3157134009435,0.180555764315667,4.00124389937423,0.00420411073030195,0.203908114558473
"EIF4A1",3.09681072030802,0.0895792091215932,10.2612758558252,0.000117106065821371,0.373806682577566
"EIF4A2",2.57520028404029,0.0247273833823069,6.65990354731835,0.0162147276128974,0.0905429594272076
"EIF4A3",1.29783043638902,0.0384205681436344,12.2865151903919,0.000101998110708601,0.398717183770883
"EIF4B",3.38541958117102,0.0501213931408269,7.28635414545049,0.011166604944053,0.167661097852029
"EIF4E",2.86352125818424,0.0913531406618361,10.6158317524579,0.000884953179434694,0.393943914081146
"EIF4E2",5.1387486830489,0.200570536424286,9.26645145897922,0.00609694016579822,0.469570405727924
"EIF4E3",1.14184611291955,0.456738336487479,12.1101947679234,0.0196252090858086,0.945554892601432
"EIF4EBP1",1.04713411823342,0.0631420302291449,15.9051620359056,0.0114702972819151,0.625298329355609
"EIF4EBP2",2.27629914481038,0.144748881128017,13.4348119719605,0.0111860959047517,0.609486873508353
"EIF4ENIF1",0.972708741861575,0.279534771970795,15.7063456499803,0.0217537266533912,0.905727923627685
"EIF4G1",2.05013230363397,0.0669143638953674,11.8070664531073,0.00146443966127811,0.418108591885442
"EIF4G2",5.61768367490069,0.0415635864124859,4.48296831632421,0.0181811701490206,0.0310262529832936
"EIF4G3",1.19327898389452,0.204300007981327,16.3329004074357,0.0203513646942765,0.83890214797136
"EIF4H",8.07668951745629,0.147054126399419,5.2312543690443,0.00502588239241398,0.217034606205251
"EIF5",2.98962755671689,0.0365145118642501,6.79812305295222,0.0141503842673998,0.119480906921241
"EIF5A",2.71103935251192,0.0320981213257374,7.27559308380734,0.0136165813529133,0.134994033412888
"EIF5B",3.42191335352466,0.096709580109472,9.6569142798194,0.000799417791520901,0.354266109785203
"EIF6",2.59752540298006,0.059558888251531,9.58299862300287,0.00466136973545053,0.294749403341289
"ELAC1",1.22362340543796,0.409556801942726,13.0056875791404,0.0201575396069463,0.930638424821002
"ELAC2",2.5362478095207,0.258013876977317,13.4315971763652,0.0165909418774625,0.752535799522673
"ELAVL1",4.76015297254222,0.174678051557308,9.40635484827558,0.00473876887960853,0.445107398568019
"ELF1",2.40861936826686,0.0524325743394409,9.210656448443,0.00634672222215751,0.264319809069212
"ELF2",2.1659417435696,0.127829585431262,13.5876085863418,0.0104169096810964,0.594570405727924
"ELK3",0.712549240220543,0.0440184089539917,16.7970442513204,0.0123838889003306,0.644988066825776
"ELK4",1.52479889455265,0.231738955708147,15.3358895086465,0.0193713048976041,0.821599045346062
"ELL",2.51339617756941,0.26689613141554,13.3929128097194,0.0168595660353403,0.761784009546539
"ELL2",0.509187554075421,0.0265079004726257,17.1705921976275,0.0120204638180058,0.639170644391408
"ELMO1",0.56385871808467,0.0693866566688822,18.6980904790874,0.0191728872005126,0.782517899761337
"ELMOD2",2.21605894052131,0.404091930348748,12.2781732778773,0.0186667808970488,0.875149164677804
"ELMOD3",1.87828792523998,0.297166836353154,14.0557453457406,0.019121479385398,0.836963007159905
"ELMSAN1",0.590212871606457,0.0844633342699877,18.7498126967209,0.0201977443563184,0.80623508353222
"ELOF1",9.39941909269984,0.354736241655466,6.9849430259989,0.00903707353618809,0.511784009546539
"ELOVL1",1.98783625076882,0.0906282550187168,12.8806674297385,0.00613507987128718,0.507458233890215
"ELOVL5",1.38021812239271,0.0344949002135786,11.4501266495043,0.00272340593844028,0.348896181384248
"ELP2",2.23865962499825,0.206898255839055,14.0428562854397,0.0157115805691252,0.720763723150358
"ELP3",2.70050649442279,0.448813368697745,11.2919240439933,0.0178124940533046,0.873060859188544
"ELP4",3.80610726192899,0.631736831943446,8.25625963279602,0.014799345401878,0.911843675417661
"ELP5",2.81056143549835,0.165810010229004,12.5244830869479,0.0104967560429341,0.590244630071599
"ELP6",2.84994410001346,0.342934224396857,12.4724719644083,0.0174775518685261,0.805041766109785
"EMC1",1.64375889781035,0.241669314031841,15.037015677645,0.0191318536737137,0.818317422434368
"EMC10",4.71713174557503,0.197743289432205,9.69967711703674,0.00677422301416995,0.487917661097852
"EMC2",3.28342229173397,0.381129410693743,11.7101662340306,0.0170695785878089,0.808025059665871
"EMC3",12.0166203768683,0.370485269236966,5.33463728628344,0.00751037050031147,0.440035799522673
"EMC4",9.19641012985392,0.245520437019614,5.86350766655487,0.00291825500996935,0.355310262529833
"EMC6",6.02242367099291,0.222297862125704,8.35728541401609,0.00576934857407918,0.450626491646778
"EMC7",5.74259974401595,0.193158228017477,8.11837342950347,0.00364472245367331,0.405727923627685
"EMC8",13.8645459787836,0.473607448464015,6.59077841312439,0.00979483067172214,0.555340095465394
"EMC9",1.47941121477173,0.221918051663787,15.5478895430119,0.0194091514630128,0.819958233890215
"EMD",3.63294343867579,0.0574842056708439,7.18392237589578,0.0104783802863931,0.174970167064439
"EML2",1.00223042904971,0.0931928630516507,16.7952274000219,0.0158165076018738,0.714647971360382
"EML3",1.66690510815418,0.263612233785628,14.7574870364311,0.0193732497657892,0.831891408114558
"EML4",0.960080458867819,0.0244854718182523,12.3666796436191,0.00137991172513523,0.38022076372315
"EMP2",0.178698930082522,0.00398863122826351,18.4776583426138,0.0139251111635827,0.676163484486873
"EMP3",0.80357939807353,0.00863782892295255,10.9052284771478,0.00733162744375831,0.275805489260143
"EMSY",2.35435509533292,0.305099353838516,13.3256185485829,0.018004904332955,0.806384248210024
"ENAH",0.247224810985155,0.0396079525607022,20.7412749624852,0.0228394445806462,0.850387828162291
"ENC1",0.0903419312014651,0.00919864399766236,21.7466109920192,0.0238206068154286,0.861873508353222
"ENDOD1",0.571071804539916,0.169506210019698,18.3377781022999,0.0233592739646909,0.900208830548926
"ENDOV",3.5182903736972,0.508858119963191,10.0919567607396,0.0165825692307896,0.87082338902148
"ENG",0.0717881708305738,0.0112060761690293,22.3588372074891,0.0257222885933734,0.898120525059666
"ENO1",2.10321856656875,0.0128737640936469,6.51646160128599,0.0184586016995008,0.0596658711217184
"ENOPH1",4.21093587499899,0.274499305701879,11.3089712976596,0.0131649525431022,0.657667064439141
"ENOSF1",0.969006856359467,0.112350370752357,17.2316873361972,0.0180082737894675,0.7638723150358
"ENOX2",1.03613369243643,0.305086520954614,15.1727811860136,0.0214778477344397,0.910650357995227
"ENSA",3.93736471708859,0.0912450328001934,8.48938457484637,0.00388095372299456,0.289826968973747
"ENTPD1",0.264883407449221,0.0142504609423493,18.7592616710208,0.0155479546001318,0.706742243436754
"ENTPD4",2.55235970352875,0.283567556764151,13.2010115488585,0.0171016525329866,0.772523866348449
"ENTPD6",0.76108245544219,0.111500579666743,18.074725317662,0.020009003251547,0.807428400954654
"ENY2",10.1745076956092,0.176198118612812,4.01114122691256,0.00452991084599812,0.199433174224344
"EOGT",0.913610936284835,0.257500803376763,16.1887477488479,0.0220047017119676,0.90244630071599
"EP300",2.35867964592757,0.172649069164762,13.6135669351588,0.0131530098524752,0.654832935560859
"EP400",2.67458836349318,0.296525513782454,12.998118489074,0.0171184085955516,0.777147971360382
"EPAS1",0.170867426728681,0.0140762530865641,20.4540444490502,0.0204003314311996,0.798478520286396
"EPB41",0.566956280610858,0.0418359519354834,17.5644282369068,0.0143124259051877,0.682875894988067
"EPB41L2",0.296336086869969,0.121967228887724,20.0350585904794,0.0253108371022269,0.926610978520286
"EPB41L4A-AS1",1.15089363196863,0.0639309886065406,15.2608780390849,0.00989034675601995,0.592631264916468
"EPC1",3.28439846648455,0.077870781842425,8.42107654315868,0.00535515589157942,0.265662291169451
"EPC2",1.87456708351687,0.36509250158927,13.2018676152684,0.0193848490979107,0.877684964200477
"EPG5",2.08574993549434,0.378426239499489,12.7410804980457,0.0189303742934176,0.868884248210024
"EPHX1",0.239995146941355,0.063480618717104,20.9278261828735,0.0247140430629127,0.893943914081146
"EPHX2",0.301292292452897,0.10525250669199,20.2287935900391,0.0250204027322547,0.914081145584726
"EPM2AIP1",1.39347716967251,0.194645193300569,15.8770366348059,0.019004583577536,0.802058472553699
"EPN1",7.11874551197891,0.273070395910284,8.12727414634909,0.00774259020371068,0.492392601431981
"EPOR",0.38477327021011,0.228509597213842,17.7752595780622,0.0243446471382132,0.950477326968974
"EPRS",2.07729759260625,0.108782420399147,13.3118811469486,0.00850183675288048,0.554743436754177
"EPS15",1.3761113871749,0.0968019645879276,15.1813937966601,0.0121267535270987,0.635143198090692
"EPS15L1",3.52587717449791,0.307056269432359,11.8240728791529,0.0153852026371072,0.725984486873508
"EPS8",0.12804379725374,0.0347752976467826,21.9509267972385,0.025928802892224,0.909158711217184
"EPS8L2",0.598878869258153,0.130820999305948,18.7015299777584,0.0224867365005328,0.867094272076372
"EPSTI1",0.255593807488089,0.0290882909872964,20.1719762521693,0.0206035982234816,0.804743436754177
"ERAL1",4.58968964064323,0.34111442940192,10.7848336253035,0.0144704723123844,0.705996420047733
"ERAP1",1.47488511249012,0.27081887953558,14.9758318415983,0.0200535405068413,0.853520286396181
"ERAP2",0.476489840825579,0.119598614725868,19.2328258161697,0.0232510371253808,0.880369928400955
"ERCC1",1.91681996292447,0.13799609324182,14.6729748758703,0.0134269094241101,0.663633651551313
"ERCC3",5.85468263193695,0.446899984892103,9.45945111267623,0.0145375869774021,0.744033412887828
"ERCC4",1.01084617059742,0.234870848778366,16.3219380743289,0.0215116006410754,0.879325775656325
"ERF",0.571110585649262,0.111371287144819,18.9443549351244,0.0221214818582182,0.853520286396181
"ERGIC1",0.4813236262152,0.0694681701412067,19.3026800320922,0.0207471677598228,0.814886634844869
"ERGIC2",3.30363061339533,0.171813671932759,11.6680029677828,0.00907245615329837,0.554295942720764
"ERGIC3",3.62635710758012,0.0688873935183244,7.98244611653165,0.00734539373956475,0.231652744630072
"ERH",4.96572497006134,0.07828082249061,6.10232799961352,0.0102950243537829,0.158562052505967
"ERI1",1.03232158191594,0.166932576562752,17.0177015809188,0.0202597865012163,0.825924821002387
"ERI3",1.92940683108156,0.227937923651872,14.7418934517785,0.0179421354739522,0.783860381861575
"ERICH1",1.1023627495906,0.118257222239617,16.7250152214126,0.0171355178935943,0.745226730310263
"ERLEC1",0.657670432501397,0.032451830597968,15.9800488319967,0.00925282343848918,0.584427207637232
"ERLIN1",2.61984788642184,0.442079836505822,11.4834357685283,0.0179697380252625,0.875447494033413
"ERLIN2",1.44109504956067,0.394740898517232,13.107553360293,0.0199671205004072,0.914528639618138
"ERN1",0.438923549272444,0.0325800236350268,18.1997929530051,0.0153615296528248,0.70346062052506
"ERO1A",0.592799569426879,0.0529268632837319,17.9642901226795,0.0161766902505555,0.720167064439141
"ERO1B",1.06822831860928,0.138526077224444,16.9033314723711,0.0186556660849361,0.782070405727924
"ERP29",3.3634026824738,0.0750053781340606,8.39090973325351,0.00574292677599379,0.260143198090692
"ERP44",3.79824712881056,0.164988029056365,10.4460398220011,0.00624168994309841,0.484934367541766
"ERRFI1",0.146925423541791,0.00822749100762384,20.278090705852,0.0194852369200789,0.780429594272076
"ERVK3-1",6.40614998165787,0.514547679334939,9.06282571781615,0.0143534815876953,0.784904534606205
"ESCO1",2.53634627270578,0.232897775616659,13.5434545934838,0.0158044126974139,0.726879474940334
"ESD",2.02644151350872,0.119994106228206,13.9231753147954,0.0106421852213008,0.601133651551313
"ESF1",1.04511872431853,0.0728080893385739,16.1918301835061,0.0129234483141591,0.654236276849642
"ESRRA",8.71563310572988,0.77691118808454,7.48456570083583,0.00942239108246035,0.901252983293556
"ESYT1",1.37896191138481,0.149459528377168,15.9979564963843,0.0171335116508445,0.748806682577566
"ESYT2",1.44866513086109,0.198421010023002,15.737186544421,0.018864955428481,0.799522673031026
"ETAA1",2.7518788732047,0.572757442379212,9.32007792757043,0.0164063571065863,0.918556085918854
"ETF1",2.4412764413247,0.076201056382391,11.3320770866423,0.00115187940514673,0.407816229116945
"ETFA",4.92857949029399,0.232805200813032,10.3335926915416,0.00957074126857209,0.558472553699284
"ETFB",1.92719197505983,0.19313147738659,14.8134199128472,0.0166275858287866,0.743138424821002
"ETFDH",1.29936668754692,0.18668122575692,16.180081014076,0.0192976326085033,0.807577565632458
"ETHE1",1.43617250945581,0.0907434686260656,15.0219828025101,0.0112775102852362,0.618138424821002
"ETNK1",2.34362300254015,0.117328928314426,12.8218565372791,0.00798279025058623,0.54131861575179
"ETS1",0.63869239068045,0.0242954212732862,15.3441254055656,0.00676929011105535,0.538036992840095
"ETS2",0.243928880248903,0.00628691701716373,17.5602461913042,0.0114483726318972,0.629773269689737
"ETV6",0.570649081613015,0.0701915569195798,18.7256042447386,0.019285641551713,0.78505369928401
"EVA1B",0.293468239919451,0.13843026745789,19.7757602475008,0.0254072110208944,0.935262529832936
"EVI5",0.636990164860928,0.152559484363399,18.3738359900847,0.0227051600053194,0.879027446300716
"EVL",0.361924457252603,0.0109351651675716,16.4063144764944,0.00853757225404307,0.574433174224344
"EWSR1",5.39782929244987,0.0976793509847326,6.75940049646524,0.00685950397959758,0.218675417661098
"EXD2",0.494087990330627,0.214260759199904,17.8118633857198,0.023917070681894,0.932726730310263
"EXOC1",2.30058524592398,0.261862438745988,13.778841947324,0.0173962691103393,0.776103818615752
"EXOC2",2.13473893685271,0.333261952528689,13.32193694852,0.0187933207412019,0.842332935560859
"EXOC3",1.77018253362034,0.261567162601801,14.6042173042503,0.0190040043085839,0.820853221957041
"EXOC4",4.04062483755878,0.348270036547657,11.2436498131857,0.0154702078123252,0.740751789976134
"EXOC5",3.74367766808286,0.278445369624051,11.8429293567524,0.0142987774019569,0.691079952267303
"EXOC6",2.35450402970504,0.518546607077355,10.3513716371755,0.0174852833470098,0.913484486873508
"EXOC7",3.26612015987416,0.318630106933367,12.1432490330055,0.0162525438834112,0.756861575178998
"EXOG",0.928416964345061,0.218584248514191,16.6933836066235,0.0217062706947474,0.877834128878282
"EXOSC1",2.84821887035512,0.221863292257719,12.8720347103035,0.0140795167792061,0.678550119331742
"EXOSC10",2.62576675587798,0.21072809870084,13.3130028185939,0.0144120593412272,0.687350835322196
"EXOSC2",1.90806995037743,0.396731331336281,12.6925082093393,0.0192089463968783,0.890363961813842
"EXOSC3",3.35045491795906,0.237859903620299,12.323613373812,0.0136129095350698,0.668257756563246
"EXOSC4",1.84241794097376,0.1765598626988,14.9666531351401,0.0161811364473675,0.72986276849642
"EXOSC5",1.41140908386083,0.151925303275335,16.0809664082115,0.0173941557884083,0.755966587112172
"EXOSC6",3.05006050490103,0.55227500096647,9.58362323964428,0.01647892292419,0.902744630071599
"EXOSC7",2.43410862837566,0.270564785631092,13.5758345697313,0.017283862679808,0.775656324582339
"EXOSC8",1.67568125073893,0.158978895069897,15.3668373262043,0.0161619636045945,0.72777446300716
"EXOSC9",1.39696938192573,0.217927622469357,15.7349202868691,0.0196486668464812,0.824880668257757
"EXT1",0.311274509040673,0.0636545305334775,20.4398793038097,0.0234161603565678,0.867840095465394
"EXT2",2.70525608127439,0.32255980411609,12.8372608848817,0.0175531852086595,0.799970167064439
"EXTL2",0.511895851453232,0.198230054580751,18.0650660814809,0.0238760544108894,0.924522673031026
"EYA3",2.91770846629875,0.340047603747734,12.4205435934998,0.0173126352043049,0.798478520286396
"EZH1",1.60416081714908,0.34453028739024,13.7494210909658,0.0199156465787705,0.882905727923628
"EZH2",0.698564194814158,0.0556773000636547,17.5465579633742,0.0152343601446081,0.701670644391408
"EZR",0.843126233236496,0.00622343732739374,9.2151884963584,0.0124056585362402,0.181384248210024
"F11R",0.193970567489368,0.0297886520638561,21.0938768249357,0.0232277635383358,0.855608591885442
"FAAP100",1.38585217209702,0.450232888993286,12.0940249575987,0.0194098589657914,0.933025059665871
"FAAP20",2.67231061743381,0.156402523873727,12.9744263036664,0.0108051218069285,0.600387828162291
"FABP5",0.188629562953813,0.00115848548440968,15.5359811330776,0.00510672333242616,0.511784009546539
"FADD",1.95105543699181,0.208783585139525,14.554503684597,0.0168693427213487,0.750447494033413
"FADS1",0.134695444305997,0.0587840481001132,21.8137701900025,0.0268438124725084,0.935262529832936
"FADS2",0.143206306596901,0.0620832943045083,21.7096554051236,0.0267327766838781,0.934218377088305
"FADS3",0.302693138032017,0.0855573524700489,20.403493648633,0.0244960595237899,0.896330548926014
"FAF1",1.59558252700471,0.377701452350362,13.2836891515311,0.0198481249283383,0.90035799522673
"FAF2",2.31481339837912,0.240630891069809,13.8928393336672,0.0168038911488186,0.75522076372315
"FAH",0.543710649702136,0.183906778098788,18.2103421354156,0.0236502028130156,0.912887828162291
"FAHD1",1.56493377414086,0.393877004991808,13.0234770417802,0.0197755959288327,0.907667064439141
"FAHD2A",1.61939226231289,0.334250038009117,13.9523589924659,0.0199609727665081,0.879922434367542
"FAIM",0.583440786869182,0.181194214912075,18.1587605084779,0.0234194265930514,0.906324582338902
"FAM102A",0.367386933042841,0.0481552826603791,19.6693992842308,0.020442600264036,0.804743436754177
"FAM102B",0.355731855159466,0.13636319519197,19.5596931731425,0.024801266570477,0.920793556085919
"FAM104A",2.23582235336728,0.12239605420204,12.9785005142446,0.00874819416668143,0.556533412887828
"FAM104B",2.91592117823026,0.398147432699134,11.879141285062,0.0177074734507732,0.839797136038186
"FAM107B",0.798586699680205,0.0336471854161461,15.0860883227156,0.00691260064839768,0.538633651551313
"FAM110A",0.60211265392651,0.0664580343591651,18.3750015562436,0.0181494076891696,0.761187350835322
"FAM111A",0.365445335039699,0.0532124778124644,19.8369275562569,0.0212033783737579,0.820853221957041
"FAM114A1",0.19907774491829,0.0489028775392186,21.2884145341541,0.0248857645067723,0.89304892601432
"FAM114A2",2.17765192352376,0.440115581252942,11.7620064715778,0.0185098257916897,0.89304892601432
"FAM118A",0.854086774026873,0.0569648795360829,16.3087920750473,0.0121015035687077,0.637977326968974
"FAM118B",3.23160827074675,0.453637040837298,10.8956489161624,0.0171832201065135,0.852177804295943
"FAM120A",2.89572946970186,0.239024630381373,13.0281754268818,0.015011447488661,0.706742243436754
"FAM120AOS",3.33432127470235,0.289833305155926,12.239734253154,0.0154772146067829,0.726879474940334
"FAM120B",1.2454647109081,0.260560214242174,15.5015800748709,0.0207494495790747,0.868884248210024
"FAM122A",3.68533877182756,0.419297862110315,11.0195655796728,0.016691666846074,0.81354415274463
"FAM122B",1.34859659223673,0.246166299440528,15.5469428209062,0.0203147386687595,0.851879474940334
"FAM126A",0.804621707604419,0.0977837965826155,17.8511585347611,0.0186900268795133,0.776700477326969
"FAM126B",2.39185006841911,0.253421906632316,13.667597088437,0.0168795518089509,0.759546539379475
"FAM129A",0.572673401984965,0.0174014993259029,15.007059325049,0.00517441304570103,0.509248210023866
"FAM129B",0.278354560417058,0.053346950524312,20.6406543738116,0.0233721006059323,0.864260143198091
"FAM131A",0.984138911222082,0.254757346776765,16.0808655208229,0.0217067527662683,0.892899761336515
"FAM133B",3.81641973773901,0.152618101102671,10.5882640786845,0.00558368148161625,0.475387828162291
"FAM135A",0.508337397978728,0.175489025919001,18.4413802472716,0.0238370533956882,0.913931980906921
"FAM136A",2.95954440568403,0.181869874740873,12.6567937496065,0.0115875681832213,0.616646778042959
"FAM13B",2.98419367212812,0.1964135762117,12.5284618240083,0.0121700090460723,0.629027446300716
"FAM160A2",3.49062932874486,0.460356384382021,10.7084117998398,0.0169002075029949,0.846957040572792
"FAM160B1",0.758946131945975,0.11579704079832,18.0149926121027,0.0201096227684676,0.810262529832936
"FAM162A",1.14076348379506,0.0483715832486041,14.5028927960907,0.00663252594435081,0.529982100238663
"FAM168B",3.05473478891482,0.326719166371182,12.3965870462136,0.0168859963579788,0.780280429594272
"FAM172A",2.28681676047869,0.371311901812732,12.6819279840557,0.01861431964213,0.855011933174224
"FAM173A",0.702911678663413,0.107987951976132,18.3017147656797,0.0203806472182613,0.814737470167064
"FAM174A",1.56564682755457,0.193577610723453,15.4886901257604,0.0181283847010377,0.779982100238663
"FAM177A1",1.50160302130644,0.0398484372441689,11.2140914689977,0.00273773104172089,0.345316229116945
"FAM189B",2.87521112037577,0.423910221797427,11.565982351244,0.0177291404935845,0.855011933174224
"FAM192A",2.34159381462917,0.205644312308745,13.8557343358983,0.01526696406773,0.709278042959427
"FAM193A",2.14084461319176,0.378422873794235,12.7403977549721,0.0188772052583786,0.867989260143198
"FAM199X",3.0249532296551,0.337867453617173,12.3587290784589,0.0171149295721158,0.791766109785203
"FAM200B",1.55958251315798,0.19889425171818,15.5919122670509,0.0185310834717624,0.791915274463007
"FAM204A",4.69031915292074,0.255496375617014,10.5116333784924,0.0110641749957749,0.595167064439141
"FAM207A",2.32450190806043,0.254547236452873,13.8289101736861,0.0171994910951166,0.769242243436754
"FAM210A",1.47975722553817,0.141265809276875,15.7856710815103,0.0161813436508002,0.726431980906921
"FAM210B",0.490497932247797,0.0786583960731101,19.3115593200446,0.0213029591041649,0.828162291169451
"FAM214A",0.751260602459237,0.105944301960683,18.0154770209108,0.0195814436500633,0.796837708830549
"FAM214B",0.601042249091531,0.209313775806814,17.6562398641695,0.0233930125668534,0.91736276849642
"FAM217B",0.673418486254376,0.139971673207941,18.3018838240702,0.021984064014609,0.858293556085919
"FAM219B",1.89315538211212,0.314103504221232,13.8462385634183,0.0192268564053912,0.847255369928401
"FAM222B",1.80392624855245,0.272676729831876,14.4481583913317,0.0190740038582906,0.826670644391408
"FAM32A",7.4728293510633,0.214120626863899,6.87267376298501,0.00270146395778411,0.369630071599045
"FAM3A",5.48963334498117,0.454775728458539,9.80269652450271,0.0149881131876043,0.771479713603819
"FAM3C",0.901769512887569,0.0759048101874383,16.9931996052567,0.0151805693493119,0.700924821002387
"FAM45A",1.35921479317959,0.19117506449166,16.0253544795053,0.019152799505996,0.80519093078759
"FAM49B",2.89443917080824,0.0869210789246419,10.5823024444444,0.000380286604544314,0.385889021479714
"FAM50A",1.87445942077145,0.108038264774856,13.8793650471839,0.00977648647458714,0.582935560859189
"FAM50B",0.361478665930582,0.0857989409882823,20.0358982195635,0.0235658148393791,0.876939140811456
"FAM53C",1.08641199344481,0.133146742437064,16.9319473647069,0.0184156213579385,0.776103818615752
"FAM76A",1.13151592663371,0.290765124264878,15.2667906112149,0.0212356988954558,0.896330548926014
"FAM76B",1.20237620953151,0.206271082663109,16.2436734812512,0.0202635455721062,0.836963007159905
"FAM89B",0.926198067398738,0.335284878910099,14.7511915483641,0.0215346091198698,0.928848448687351
"FAM8A1",1.36177084176455,0.375904898841147,13.5177790701094,0.0202676839983564,0.912738663484487
"FAM91A1",2.53213457311266,0.250712533349865,13.560651841684,0.0165116429736182,0.749701670644391
"FAM98A",3.02636862188635,0.336302251776258,12.3161151347214,0.0170412434210886,0.788036992840095
"FAM98B",1.26555862047624,0.286558729215857,15.1278385940076,0.0208327982921529,0.882756563245823
"FAM98C",1.23915218140363,0.223724099538258,15.9923030935345,0.0204158099828617,0.846509546539379
"FANCF",1.08034689810495,0.250728829311779,15.9416163919256,0.0212990254269194,0.879922434367542
"FANCL",0.664577167359443,0.218159901894088,17.3467303535563,0.0230553561745324,0.912589498806683
"FAR1",2.26955380091217,0.236934966348277,14.0049104038161,0.0168683458842621,0.756414081145585
"FARP1",0.30769224751547,0.0848512315943251,20.4057808438915,0.0244608241389186,0.895435560859189
"FARP2",0.603600400049365,0.172030836811554,18.1930807724595,0.0231394866079469,0.895883054892601
"FARS2",1.75934257079743,0.280658423816818,14.477073875547,0.0193629302539363,0.838305489260143
"FARSA",3.06126630628364,0.203151896576657,12.5136951715401,0.0124482352593178,0.636336515513127
"FARSB",0.913222554214936,0.20546238169361,16.9673390554368,0.0217584930321881,0.874701670644391
"FAS",0.490711152748183,0.0173587193862677,15.8755465371433,0.00761700235697611,0.555787589498807
"FASN",0.70253676423934,0.168580313317972,17.9537629858731,0.022447664955016,0.878281622911695
"FASTK",3.56483352561641,0.287594745674144,11.9101076805746,0.0148371212716939,0.706742243436754
"FASTKD1",3.39194911626309,0.400266521630797,11.4194853307346,0.0170032831174351,0.814737470167064
"FASTKD2",1.61164289824205,0.237753780359881,15.1220022306956,0.0191620517358966,0.817869928400955
"FASTKD3",2.92064255845512,0.569585477416301,9.33193512096083,0.0163331906255427,0.912440334128878
"FASTKD5",2.3317029241002,0.294153930210699,13.5334213500106,0.0179942132006541,0.803251789976134
"FAU",11.2451060823385,0.0206612611720012,3.46560422929942,0.0210776455342465,0.000298329355608592
"FBL",2.11999388006657,0.0478611112545433,10.3856639498126,0.00398973225708144,0.316527446300716
"FBRS",1.80344468881277,0.129255562145084,14.4638828229604,0.0125357365522384,0.64200477326969
"FBRSL1",0.631910148816918,0.211219705592917,17.5331168145689,0.0232049256000903,0.913335322195704
"FBXL12",1.94327305791792,0.236441344828641,14.5943670170796,0.0180146362619446,0.787291169451074
"FBXL15",1.71751533517714,0.211427290375285,14.9962889283841,0.0179056917682122,0.77744630071599
"FBXL17",1.01842498157943,0.430338657381332,12.7415893948423,0.020187467067688,0.946151551312649
"FBXL20",2.14063385067545,0.278689811733469,13.8180118642002,0.018105778460313,0.800268496420048
"FBXL3",2.56465959969843,0.219725043568354,13.4994743360487,0.0151590709052782,0.708084725536993
"FBXL4",2.06896645806545,0.433762845066308,11.9535981287086,0.0187093296620917,0.896330548926014
"FBXL5",2.74172118511596,0.24875594053858,13.0880752964624,0.0156097426180985,0.723001193317422
"FBXO11",1.11339262641478,0.135938234481508,16.8852927622976,0.0184416647684142,0.777297136038186
"FBXO21",2.80437231126631,0.262752177963919,12.992185379549,0.0159426991607236,0.734934367541766
"FBXO22",1.96532717988079,0.239577627930372,14.4829648652046,0.0179407006276941,0.785650357995227
"FBXO25",1.32964583274517,0.233849754854058,15.7321258322245,0.0202411524824784,0.845614558472554
"FBXO28",4.14179016769834,0.376046210358533,11.0042764071796,0.0157495280694277,0.759546539379475
"FBXO3",1.70174080368757,0.17920060546671,15.2371396206041,0.0169150239225289,0.747762529832936
"FBXO30",0.634633065818758,0.138835668057812,18.4976787217351,0.022379073333801,0.867094272076372
"FBXO32",0.262488943007062,0.0140391756267475,18.7318523209681,0.0154548286182603,0.704952267303103
"FBXO33",1.90994093667106,0.327508629757469,13.6661586935907,0.0192654137723976,0.854564439140811
"FBXO34",1.0091736117917,0.111131936390804,17.0568697597652,0.0175183540766621,0.752983293556086
"FBXO38",3.2433023141692,0.426153330828502,11.1862153399023,0.0172076291507971,0.835023866348449
"FBXO4",0.896312963098451,0.362645238283093,14.2505724168805,0.0213141073523045,0.93854415274463
"FBXO44",2.80921773984804,0.494434361185183,10.5668658665715,0.0173441796262476,0.888723150357995
"FBXO45",1.23815241904328,0.311774845371976,14.7852304960249,0.0209158160890086,0.897523866348449
"FBXO6",0.500642634587675,0.191463182233481,18.2044248968203,0.0239307258086246,0.922881861575179
"FBXO7",4.20278268242098,0.142287676968797,9.20034618819312,0.00213274637612708,0.394540572792363
"FBXO8",2.87457104848956,0.404177979857144,11.7843561074428,0.0177332103428578,0.842929594272076
"FBXO9",3.54245457664789,0.248502527939024,11.9522891224391,0.0134215892631214,0.662291169451074
"FBXW11",3.75120254844693,0.270569549300497,11.6296510491346,0.0137468735014247,0.671986873508353
"FBXW2",4.59963711016756,0.311846381154305,10.7168191974537,0.0135559159554618,0.670196897374702
"FBXW4",1.56355070956985,0.531975002821851,10.3794955750454,0.0179899696139312,0.944510739856802
"FBXW5",2.14506456091286,0.109711971753245,13.0460053442168,0.00797267195445654,0.542511933174224
"FBXW7",0.784550817688276,0.102494218845386,17.9418231906329,0.0191888662240958,0.788036992840095
"FCER1G",0.026140529098288,0.00176699694285429,23.0452158225039,0.0271731493887366,0.922285202863962
"FCF1",3.27079624552512,0.430126266032291,11.1937113982951,0.0172113945094301,0.839200477326969
"FCGRT",0.358990649426068,0.0318801410331363,19.2512228602382,0.0182092845978244,0.758949880668258
"FCHO2",0.707937070103931,0.209040457780399,17.3908939003672,0.0228146353540318,0.902595465393795
"FCHSD2",0.252896645311297,0.0513232940487269,20.7525357000717,0.0235701623844949,0.867541766109785
"FDFT1",2.18562805077962,0.0938071787313552,12.3480442762661,0.00513760946788177,0.484785202863962
"FDPS",2.27933484112792,0.123531581617952,13.088520393106,0.00902966528422362,0.563394988066826
"FDX1",2.12028687021713,0.0917271365357429,12.5413231568887,0.00541328788226092,0.491646778042959
"FDXR",0.491860738446732,0.153288160784525,18.8433260006168,0.0238326818385085,0.905280429594272
"FECH",2.09347023004532,0.494568208669309,10.9058013094886,0.0180460326557114,0.916616945107399
"FEM1A",4.67848404792176,0.447271575894144,10.1937210975898,0.0156971596114762,0.792511933174224
"FEM1B",0.598979646663687,0.0440082205248251,17.6639954062586,0.0147209369449775,0.691229116945107
"FEM1C",1.16656306237763,0.169889660627953,16.6181043423146,0.0195051092456785,0.808621718377088
"FEN1",0.314610198709143,0.0385090388497413,19.9768792001998,0.0206635047650832,0.807577565632458
"FER",0.526392328122622,0.170811069268854,18.4838620465294,0.0237346738099502,0.909755369928401
"FERMT3",0.583782435045384,0.0511738448108968,18.0315674286434,0.0162275809435081,0.721211217183771
"FES",0.219547633113209,0.0665549805769741,21.0612357983128,0.0252348408551785,0.905429594272076
"FEZ2",0.904297807673339,0.108627406267487,17.4598517078122,0.01835386134086,0.770883054892601
"FGD5-AS1",4.6026195842814,0.287380713977589,10.7173959159746,0.0126985948246292,0.642303102625298
"FGFR1",0.181047862287434,0.0256476510883866,21.0557574633103,0.0228697212111817,0.847702863961814
"FGFR1OP",1.6204845542093,0.21099085340097,15.2801182151863,0.0184392834479541,0.791616945107399
"FGFR1OP2",2.51316783921645,0.0764983772136643,10.3821049629283,0.000993633266709589,0.360381861575179
"FGGY",4.38356321847408,0.745709980921013,6.59498436847115,0.012257936332003,0.93958830548926
"FH",1.1350206481786,0.122825593634909,16.8566069745723,0.0176490799346219,0.757905727923628
"FHL3",0.786110365189675,0.129500734911827,18.0089968704267,0.0207678747243068,0.828311455847255
"FIBP",1.99123508190331,0.118065379164878,13.9554421131212,0.0105952965375482,0.600238663484487
"FIP1L1",6.46562741746566,0.293580661286862,8.74566691534094,0.00968080159689949,0.546390214797136
"FIS1",2.72384929490552,0.0888797219662027,10.7381163224489,0.000959309868119339,0.396479713603819
"FKBP11",0.11676835718149,0.00466131372007257,20.008237523089,0.018456527505635,0.760590692124105
"FKBP14",0.368079777704368,0.0643810460593539,20.032858499559,0.0223755373342636,0.846957040572792
"FKBP15",1.3921108519181,0.231597504033541,15.6576615304617,0.0199920468624662,0.838454653937947
"FKBP1A",2.72297436723131,0.0277211291586811,6.70949872808563,0.0156298410724288,0.0990453460620525
"FKBP2",0.855565376574185,0.022337930493676,12.7644747953879,0.00052915963475314,0.397673031026253
"FKBP3",2.22526437466966,0.150551951216369,13.8924212296683,0.0124607380901956,0.640065632458234
"FKBP4",0.790512750820927,0.00804378880174725,10.067934328706,0.00976269491591669,0.22986276849642
"FKBP5",0.368753341095939,0.042220267233569,19.4540706381229,0.0194778794571872,0.784755369928401
"FKBP7",0.226397070320658,0.0975209713500648,20.728862339723,0.0259144182532852,0.930340095465394
"FKBP8",4.18938556048133,0.109844175508023,8.42998186072401,0.00220671451823696,0.313394988066826
"FKBP9",0.185130041661882,0.0530779583986877,21.4205251234389,0.0254753472217849,0.906026252983294
"FLAD1",3.51852154355939,0.271303677185036,12.0109543900696,0.0144211168892749,0.692571599045346
"FLCN",1.26034835319701,0.40835014739375,13.0008970543603,0.0201150344016338,0.928400954653938
"FLII",4.69999596233561,0.282160583813167,10.6052040238278,0.0123038252930868,0.630369928400955
"FLNA",1.27719503675771,0.0167226581383331,9.56328110295252,0.00993365646492923,0.220316229116945
"FLNB",0.418722665198764,0.0396053479621721,19.0539535425112,0.0181914383626037,0.759397374701671
"FLOT1",1.26874724068092,0.0761961269642647,15.4622719140982,0.011292380408713,0.620525059665871
"FLOT2",1.09212174233481,0.111330855158689,16.7204885631484,0.0167220274728846,0.735531026252983
"FLYWCH1",1.77428526893222,0.431670664422345,12.18420737026,0.0191158020022451,0.909307875894988
"FLYWCH2",2.0195914674436,0.264585827449463,14.2671883286666,0.0183955895481521,0.805638424821002
"FMNL2",0.337706141523543,0.137160274191395,19.6431670625784,0.0250286600576802,0.926312649164678
"FMR1",1.21120520594073,0.17283907734556,16.4977120831957,0.0193675679493157,0.806085918854415
"FN1",0.0312840574232644,0.00153097321869918,22.7512950641726,0.0262939630801422,0.905877088305489
"FN3KRP",1.37763110407418,0.187997996691819,15.9730717404876,0.0189117262239184,0.798329355608592
"FNBP1",0.797644050356092,0.0213954395334751,13.5987680084324,0.0016511429619699,0.440483293556086
"FNBP1L",0.32442896525758,0.0496295877477722,20.2315070509374,0.0220413808096511,0.836963007159905
"FNBP4",3.42509176413259,0.112322393458535,10.0422114722309,0.00143547614579791,0.39513723150358
"FNDC3A",0.804589505010895,0.0564469606827981,16.7780289366509,0.0132743070654208,0.661992840095465
"FNDC3B",0.455236732401933,0.023836840003067,17.4692832091936,0.012639229645288,0.651252983293556
"FNIP1",1.56454126026851,0.127752178148045,15.3232162261843,0.0143778199812151,0.68436754176611
"FNIP2",0.125055370243195,0.0362457343964918,22.0009357219602,0.0261503982924358,0.913931980906921
"FNTA",4.45760881505899,0.232522045349524,10.5811847889342,0.0101882276557313,0.572643198090692
"FOPNL",3.67625465467534,0.296238464458516,11.8718388200473,0.0149834959659277,0.71390214797136
"FOS",0.130591304239766,0.00112514157671936,17.7345043981691,0.011534632995686,0.631414081145585
"FOSB",0.155351509834392,0.00435412374717641,18.9602705085272,0.0153691006297517,0.703013126491647
"FOSL2",0.641761119973807,0.0382505974786235,16.9242949943942,0.0122820335396238,0.643347255369928
"FOXJ2",2.14513507433066,0.417959273595167,12.124044254753,0.0187009093417725,0.884994033412888
"FOXJ3",2.76963896486344,0.242246945432084,13.0704154301247,0.0153067461836018,0.71390214797136
"FOXK2",2.12220321007843,0.404617877572557,12.3612831820044,0.0188153208628606,0.880966587112172
"FOXN2",0.706721656907228,0.0760794838503885,17.9597844968571,0.0176785916139934,0.752535799522673
"FOXN3",1.10705094910874,0.102139581984482,16.51359160021,0.0156774637771621,0.712112171837709
"FOXO1",0.596149922182066,0.116991257042389,18.7245502147495,0.0218874765679045,0.84964200477327
"FOXO3",0.630292044490768,0.0772954900273393,18.4498158174958,0.0190070252916457,0.780280429594272
"FOXP1",0.995855490792425,0.0270325344446978,12.8995339080664,0.000331088895744819,0.412589498806683
"FOXRED1",1.57659588308827,0.356062022989586,13.6607088276867,0.0199979461456498,0.892750596658711
"FPGS",2.41658493822626,0.253521007676231,13.727929942291,0.0169427985542728,0.762231503579952
"FRA10AC1",2.09756047660474,0.366165394802132,12.9670483827642,0.0189760658735077,0.864856801909308
"FRG1",5.06422757683513,0.221438776452511,9.51384205138216,0.00776550603841962,0.506712410501193
"FRMD4B",0.208831582930676,0.00950537282936933,19.0643992951894,0.0160626860961141,0.716288782816229
"FRMD8",1.72637783021408,0.175981555729651,15.1294672900914,0.0165454572860851,0.738066825775656
"FRS2",1.64087296952236,0.273227333894763,14.7507488225213,0.0196477365374311,0.843675417661098
"FRYL",2.92882018832095,0.209958238109328,12.7167480810421,0.0132110176148888,0.655578758949881
"FSCN1",0.168957443160245,0.00499701740411414,18.8661635215355,0.0151424899510007,0.698836515513127
"FSTL3",0.103219482833861,0.0307152106421127,22.2509410516376,0.0265429328749827,0.919749403341289
"FTH1",2.02218302853154,0.0011111123444354,5.79372856491793,0.0222442968472965,0.00104415274463007
"FTL",1.23036481362669,0.00130177063687259,6.01042691356758,0.0220243229951577,0.00477326968973747
"FTO",1.0024320104182,0.2469363327896,16.1705178534535,0.0216202948380831,0.887231503579952
"FTSJ1",4.23112535837272,0.262707628373848,11.1644167799926,0.0125034657421792,0.637082338902148
"FTSJ3",2.93678137333209,0.246220201195312,12.7871709526728,0.0149346278018526,0.703908114558473
"FTX",1.71770796162883,0.352186110935116,13.5364321262487,0.0196945290079362,0.880369928400955
"FUBP1",2.3027771733321,0.128551113553696,13.2370993767633,0.00967689507152521,0.577565632458234
"FUBP3",3.29582405903775,0.431091105340025,11.2203332640851,0.0172093792195711,0.840990453460621
"FUCA1",0.361244187684503,0.110648472846197,19.8483551727983,0.0243347934183643,0.901103818615752
"FUCA2",0.540002975817667,0.0740895711790176,18.9671849240797,0.0201481176607371,0.803400954653938
"FUNDC1",3.99935644075945,0.553451377247345,9.32645346599684,0.0157753286902532,0.875149164677804
"FUNDC2",3.86961761261676,0.151693036718556,10.6330492908669,0.00556848061628074,0.476133651551313
"FUOM",0.63992067368009,0.126697476083722,18.5722198520647,0.0219784948379566,0.854564439140811
"FURIN",0.526370879988248,0.0289012532984016,16.9387984787407,0.0115897317883614,0.630369928400955
"FUS",1.76896647254093,0.0253550284636208,8.83451665816296,0.0106765778786904,0.198985680190931
"FUT8",0.804614022715864,0.136859578818503,17.8554566234298,0.0207839605742569,0.830250596658711
"FUZ",0.352576600641146,0.150829016302096,19.3384598095542,0.0248972249645548,0.928699284009546
"FXN",0.62899376353457,0.143232935471948,18.4515906706414,0.022481252227148,0.870674224343675
"FXR1",4.40460866997918,0.120545961768848,8.88956716553913,0.000381288855603901,0.350238663484487
"FXR2",5.03216385322906,0.655183555570427,7.93073539159244,0.0137367817255765,0.895435560859189
"FXYD5",0.965783652147681,0.00677617130631445,9.09554220856044,0.0126378204571864,0.176760143198091
"FYN",0.485350574333493,0.0105715671691984,14.4577164113037,0.00294039322725654,0.468824582338902
"FYTTD1",1.7479866489119,0.062065002642482,12.3979894530555,0.00249331725977336,0.441079952267303
"FZR1",1.17921337120999,0.263854163845998,15.6136294017836,0.0210575954887062,0.87917661097852
"G2E3",2.16091130004183,0.282804685710859,13.8831586086826,0.0182809360052871,0.808025059665871
"G3BP1",3.33097899513823,0.0644589759686042,7.92974469485313,0.0079649140140457,0.221360381861575
"G3BP2",1.58895220725935,0.038785872909079,10.7895049523497,0.00395642515862527,0.321748210023866
"G6PC3",0.512511146053255,0.123300540497871,19.1191742649342,0.0231331117331018,0.87917661097852
"G6PD",1.92004960090276,0.178283333836053,14.7537959892336,0.0158220546126679,0.721062052505967
"GAA",0.461760503571432,0.128719967653444,19.252785732268,0.0237154616560828,0.893794749403341
"GABARAP",3.24784014139869,0.0293580844977075,6.0519352921201,0.0168927782773119,0.0720465393794749
"GABARAPL1",0.76100426320453,0.0266303579513092,14.5821920771871,0.00488521267382891,0.50104415274463
"GABARAPL2",4.84141409204326,0.0720707916216753,5.81163855494303,0.0116378306512296,0.134994033412888
"GABPA",2.53842810540237,0.29762860634836,13.2316443834361,0.0175402213468289,0.790871121718377
"GABPB1",2.57388960291909,0.149989972110541,12.9398685441896,0.010393001898516,0.590692124105012
"GABPB1-AS1",1.13289846773723,0.0907881613701866,16.2949392024646,0.0144031775885302,0.684815035799523
"GABPB2",0.575138528310828,0.237960182564994,17.1859429325725,0.0234135951626811,0.930936754176611
"GADD45A",0.455389594005813,0.0213407490494905,17.1002520105665,0.0114034316584948,0.627684964200477
"GADD45B",0.255991374012999,0.00407998014856716,15.9107090712635,0.00647594525791486,0.536843675417661
"GADD45GIP1",3.87921950162645,0.115837743321801,9.27795867049211,9.4344001597399e-05,0.362619331742243
"GAK",2.34443008730679,0.176270257008826,13.5813348806253,0.0133100536234265,0.658114558472554
"GALC",0.447196114070358,0.0838999952986378,19.5197051933722,0.0221418718105355,0.846658711217184
"GALE",1.28397304011879,0.421852377356079,12.7174217797975,0.0199147254646868,0.930638424821002
"GALK1",0.865259099055135,0.214918811386339,16.9528322451943,0.0220873151380363,0.886634844868735
"GALK2",2.9832538391096,0.377559243101887,11.934284444282,0.0174555502476411,0.818317422434368
"GALM",0.339252547085322,0.0165674088285566,17.9351060754479,0.013376302907721,0.665572792362768
"GALNS",1.17265802508392,0.289164574040323,15.2320001801544,0.0211165025770845,0.892153937947494
"GALNT1",1.3870343794432,0.233613071909166,15.5790849798681,0.0199417617488241,0.837261336515513
"GALNT11",0.764755052837999,0.0932859598273071,17.880244692988,0.0185240064022362,0.77222553699284
"GALNT2",0.50852103606544,0.0374725985499006,17.8279196207906,0.0147038611892569,0.69063245823389
"GALNT7",0.625456468862888,0.275122265565021,16.3579020668103,0.0229314459813751,0.93645584725537
"GALT",0.920688880645461,0.219107216188252,16.7358870581052,0.0217997735513865,0.880668257756563
"GAMT",0.327137492085054,0.134932819994126,19.7104217728425,0.0250960281584786,0.926909307875895
"GANAB",3.40082257784943,0.25257205285946,12.1438348799532,0.0139545128419059,0.677356801909308
"GANC",1.0877417069072,0.267367332685242,15.7032584838205,0.0213623847650694,0.889021479713604
"GAPDH",3.01353959275485,0.00252578163859406,5.54211391619308,0.0221998348327456,0.000298329355608592
"GAPVD1",3.30371405852183,0.271342339112454,12.333083533025,0.0149918476877496,0.709576372315036
"GAR1",2.14373078778479,0.192782751697981,14.4003142394552,0.0157259940504048,0.720763723150358
"GARS",1.54666356754631,0.0747051542635946,14.0007568098276,0.00755889311351644,0.54236276849642
"GART",1.02157301041791,0.0702551616623799,16.2150458491847,0.0128016981225027,0.651849642004773
"GAS6",0.144398237043615,0.0423938478492939,21.7980681153035,0.0259277349749976,0.911545346062053
"GATAD1",1.20153173662118,0.368646458909307,13.8148009523392,0.020638376069854,0.92049522673031
"GATAD2A",4.23165678185887,0.375173293542718,10.9886106890183,0.0156498328124328,0.756712410501193
"GATAD2B",2.70786314508077,0.183486089841021,13.0164109585256,0.0124668683636745,0.637678997613365
"GATB",1.50598993210416,0.468931328796658,11.6693813139997,0.0190141886735935,0.932875894988067
"GATC",0.962541643759118,0.189918309073941,16.9790209497236,0.0211817115911256,0.854713603818616
"GBA",0.850271445255944,0.145088669865508,17.6637483779135,0.0207318571581168,0.831145584725537
"GBA2",2.19839737734108,0.387336070763892,12.544771529292,0.0187519256945305,0.868436754176611
"GBE1",0.627222554236652,0.106669495447578,18.6407715589343,0.0211451745650567,0.830996420047733
"GBF1",3.66574204287676,0.319585026802845,11.648481068085,0.0154430084230424,0.73090692124105
"GBP1",0.203719705440248,0.0121758770832048,19.5962460371496,0.017796560711093,0.749105011933174
"GBP2",0.659821529014606,0.020267423875448,14.6575710517677,0.00447398120724872,0.495077565632458
"GBP3",0.470967964610274,0.0838902866933717,19.3920567875135,0.0218121356012654,0.839797136038186
"GBP4",0.246399792671351,0.0252855094808815,20.0296472336619,0.0199545371648953,0.791616945107399
"GCA",0.59723870620676,0.166165012044068,18.3118871463988,0.0231576384175477,0.894242243436754
"GCC1",4.62384501542323,0.544484842215537,9.25485402214987,0.0154254203599624,0.851879474940334
"GCC2",1.5506892355992,0.070044725031356,13.2778977734105,0.00543420019480984,0.498359188544153
"GCDH",1.27543660100475,0.208467204375746,16.0407653561725,0.0199309079656262,0.829057279236277
"GCFC2",2.60220058001214,0.458702220196795,11.2540068281855,0.0178811507815921,0.883800715990454
"GCHFR",0.328069912465455,0.0546602599806864,20.1397176875348,0.0221088280609991,0.839200477326969
"GCLC",0.443268446181686,0.14437396958018,19.1268653752065,0.0241169110331056,0.908412887828162
"GCLM",0.596705451936221,0.0518765950012848,17.9992530964525,0.0161860525817642,0.720465393794749
"GCN1",2.11125392619233,0.268220395298103,13.9737871281443,0.0180289410988246,0.795196897374702
"GCSH",0.778541553358911,0.113864587237991,18.1776336898498,0.020344252165405,0.815781622911695
"GDAP2",3.06134230759586,0.379985743121503,11.8820074628251,0.0173783318813657,0.817571599045346
"GDE1",1.25202825495781,0.0777361373473867,15.125590412805,0.0106289668112831,0.605459427207637
"GDI1",3.22850147282976,0.118051232719843,10.6587714587317,0.00323916892560659,0.433472553699284
"GDI2",5.23963652485049,0.0989784733176125,6.69946382050301,0.00682968686570186,0.217183770883055
"GEMIN5",1.23422759302846,0.353175378717931,14.0553147038387,0.0206926068788042,0.912887828162291
"GEMIN6",1.76534014362404,0.2821630568716,14.4366788200611,0.0193431743913353,0.838156324582339
"GEMIN7",1.63772081484898,0.206321806410947,15.2835917869302,0.0182436980380726,0.785650357995227
"GEMIN8",1.95910562555503,0.343990859388126,13.4036755419943,0.0192178399552321,0.8611276849642
"GFER",1.9062524072223,0.208543523879238,14.6880311689289,0.0171150277905007,0.757010739856802
"GFM1",1.86634579979449,0.189102012614952,14.86919387663,0.0165913576551321,0.741199284009546
"GFM2",2.20384970141258,0.326135106808153,13.3461080598647,0.018621397108262,0.834128878281623
"GFOD1",0.27420294730688,0.0765568376152955,20.6662336172536,0.0247099860860138,0.897971360381862
"GFOD2",4.13211182078203,0.447143613832721,10.4863862070086,0.0162474153279646,0.813245823389022
"GFPT1",1.24419875006507,0.120541336199134,16.2089379970687,0.0160484454348053,0.721211217183771
"GGA1",6.44682795569453,0.47656906066813,9.15547430279765,0.0142557032611139,0.751939140811456
"GGA2",0.559551680291009,0.0386943849510405,17.415578603907,0.0136725518942451,0.670346062052506
"GGA3",1.77978575816734,0.2887235238969,14.3031312218698,0.0193214823833254,0.839647971360382
"GGCT",1.17383555151743,0.0782339122811369,15.9852252268922,0.0127487194511249,0.650805489260143
"GGCX",4.08549212140373,0.471741343311855,10.3384222280895,0.0162985875412157,0.833233890214797
"GGH",0.484520648577159,0.0544882001611178,19.1061208141264,0.0192987097211531,0.783263723150358
"GGNBP2",3.34230562911967,0.13513507458006,10.9824823300148,0.00520922142177439,0.472404534606205
"GGPS1",6.0707833404288,0.499807006541865,9.20204491469817,0.0145934934132695,0.781921241050119
"GHDC",1.09732657288311,0.450427947297004,12.2747636174688,0.0197813797168037,0.946599045346062
"GHITM",5.15699614718873,0.100312519685202,6.54969679060856,0.00697584600606836,0.211664677804296
"GID4",3.18042439682466,0.463017287904845,10.8238615159357,0.0172050591982748,0.859934367541766
"GID8",6.66773212674766,0.235941144782584,7.95668723408852,0.00577382167113314,0.445704057279236
"GIGYF1",1.4476609043201,0.356857162373219,13.7493374531381,0.0202200570826458,0.899761336515513
"GIGYF2",3.1297320633594,0.254484414242219,12.4954872616852,0.0147116133304221,0.698538186157518
"GIMAP2",0.333402888896224,0.0676423982657749,20.1902913705671,0.0229919484332632,0.86008353221957
"GIMAP4",0.195747442498714,0.00796039576740961,18.9167481440085,0.0155207564273124,0.705996420047733
"GIMAP7",0.226599614243798,0.00658417582290001,17.7960537588074,0.0121634113257759,0.64304892601432
"GINM1",1.98551281998756,0.140071945203123,14.3179746116105,0.0128055631115923,0.648418854415274
"GIPC1",0.500813028039966,0.0721028875338253,19.2574569356211,0.0207757412967512,0.816079952267303
"GIT1",0.953842365426872,0.340147657904662,14.6170240483006,0.0214167998624668,0.927953460620525
"GIT2",1.31582404255862,0.1339821896496,16.0235372210357,0.0163905783265535,0.729713603818616
"GK",0.296805020294334,0.00627036217529194,16.4138261253558,0.00812859073101061,0.567571599045346
"GK5",0.367891503520915,0.141268671601192,19.4376611175363,0.0247236676019158,0.920942720763723
"GLA",0.338046105122011,0.0177157010504007,17.938704298824,0.0134864579496451,0.667511933174224
"GLB1",1.0597598387915,0.101077215263818,16.6505951882319,0.01595462719931,0.717929594272076
"GLCCI1",0.49527462677694,0.072763279470184,19.1449786262757,0.0205450140620881,0.811157517899761
"GLCE",0.58675136171889,0.183138760822194,18.1060110162984,0.0233844143321333,0.906175417661098
"GLE1",4.12215382636708,0.476126243973888,10.1925859433448,0.0162250318252194,0.830996420047733
"GLG1",2.18312274379636,0.111565296863239,12.7724784461749,0.00752141588684562,0.531324582338902
"GLIPR1",0.589599229838995,0.0157691834256806,14.5180247660775,0.00363854975092461,0.480459427207637
"GLIPR2",0.274654188350297,0.0416276598739119,20.430805154672,0.0221129535249516,0.836515513126492
"GLMN",1.81656277470383,0.272363886111532,14.3898970246023,0.0189769317382224,0.823389021479714
"GLMP",0.729197619329157,0.125528792941084,18.2126753854921,0.0210628284668469,0.833830548926014
"GLO1",1.14140868609914,0.0349215793170988,13.0309673767717,0.00149716213798888,0.432130071599045
"GLOD4",3.10966179245642,0.209619921419245,12.3327507690851,0.0124669867289134,0.635590692124105
"GLRX",0.334943751161232,0.0122770730867285,17.0967310286328,0.0106338674803805,0.613812649164678
"GLRX2",2.16494118989304,0.17217057241233,14.2202003351086,0.0143544095804084,0.685113365155131
"GLRX3",3.768351737385,0.174249181022577,11.2053629043682,0.008169560468455,0.533114558472554
"GLRX5",1.15422769085859,0.180819470084723,16.5860983413494,0.0199249010191746,0.821449880668258
"GLS",1.12280006889296,0.0579572334309095,14.8530173268187,0.00838861973174832,0.562649164677804
"GLT8D1",1.81805427765287,0.215970607644606,14.8298101228748,0.0177265255681334,0.774164677804296
"GLTP",1.87319648355911,0.147850242051124,14.5860139941789,0.0138877461650652,0.672881861575179
"GLUD1",1.43825072414998,0.048217115836262,12.5040708179508,0.00145578934701924,0.425417661097852
"GLUL",0.295893255901639,0.00651279746871906,16.222218998295,0.00760400575700933,0.557577565632458
"GLYCTK",0.969102931154236,0.310543079503242,15.1571945131067,0.0216177332424991,0.917511933174224
"GLYR1",6.86158183467653,0.404796957571869,8.92257838328893,0.0129983569718303,0.666467780429594
"GM2A",0.323133458474161,0.0410207002715269,19.9856464118322,0.020846021364031,0.811605011933174
"GMCL1",1.44878008303809,0.168518658543678,15.8278941529258,0.0177057577706777,0.765065632458234
"GMDS",1.27484371037507,0.144862811005106,16.3758811812419,0.0177316187146609,0.762380668257757
"GMEB1",2.67483473576905,0.347993478037588,12.6642189815455,0.0179042777118755,0.821897374701671
"GMFB",1.89219170339509,0.177078669270183,14.8362218550793,0.0159318666073834,0.723747016706444
"GMFG",0.583769230043171,0.0152685341156518,14.5996692043514,0.00381436480333557,0.48403937947494
"GMNN",0.500558410502501,0.0531573283413459,18.9011457488559,0.0186698685452262,0.770435560859189
"GMPPA",1.77111232950402,0.301581095596961,14.1962253333902,0.0194907854604233,0.850238663484487
"GMPPB",0.586216150746752,0.110494631809319,18.8193384739476,0.0217836341984442,0.845763723150358
"GMPR2",2.89494429884863,0.277048130846251,12.8285986483575,0.0161411561412575,0.743585918854415
"GMPS",1.38697770321667,0.129856068820751,16.011766948485,0.0160673820852707,0.723001193317422
"GNA12",0.307736738396987,0.0673379144977158,20.4238888876015,0.0235849587420973,0.872165871121718
"GNA13",0.975736520149766,0.0638286777108356,16.0586626068256,0.0119496290251221,0.634546539379475
"GNAI2",1.79512081555296,0.0779401065809248,13.1539559066169,0.00574265616441455,0.503281622911695
"GNAI3",3.48031330118711,0.108325890060043,10.0746215350399,0.00112331213490625,0.391109785202864
"GNAQ",0.381245967581313,0.103705916525054,19.8523096583636,0.0240004978116355,0.891706443914081
"GNAS",3.03560503710315,0.0558806621619428,7.9927163036136,0.00883435277349706,0.210322195704057
"GNB1",3.5681724049121,0.184754788773856,11.4812398169069,0.00940799831962722,0.560710023866348
"GNB1L",1.02457131708908,0.264819179030987,15.8478080810041,0.0215718049820824,0.893645584725537
"GNB2",6.21663890672981,0.11986828414068,6.35797212408572,0.00545564907966703,0.231354415274463
"GNB5",1.16767931712709,0.15721005077089,16.6098836413539,0.0189069252936935,0.791467780429594
"GNG12",0.270792127725047,0.0285171361804333,20.1807157913001,0.0205741288098036,0.804295942720764
"GNG2",0.383882589146385,0.00580581643764132,14.6214168650015,0.00291105971691015,0.469868735083532
"GNG5",3.50139989754961,0.0301139661992573,5.9694382137991,0.0169140089566642,0.0710023866348449
"GNL1",2.26012061716374,0.114127933458595,13.2350964929092,0.00864209644039711,0.557726730310263
"GNL2",2.10920588776986,0.13179939707738,13.9476021382122,0.0114478398422752,0.618138424821002
"GNL3",1.37282346563446,0.0594469449180206,14.0350224462871,0.00637691869041144,0.521927207637232
"GNL3L",2.36443414995155,0.399621512483575,12.2466984828233,0.0184765697096645,0.866348448687351
"GNPAT",5.75907516730284,0.380492322968325,9.71907662485275,0.0137195349915886,0.688394988066826
"GNPDA1",0.69334512037408,0.125649105050713,18.3698758886846,0.0214409665352783,0.842332935560859
"GNPDA2",3.79488764525369,0.566277991790066,9.20938931069839,0.0157673230478753,0.886933174224344
"GNPNAT1",1.13357613817863,0.218161838199207,16.3604137639766,0.0209336088285559,0.858591885441527
"GNPTAB",0.75066510394641,0.0936854365151522,17.9599635243244,0.0187450812001612,0.776998806682578
"GNPTG",3.22862815862783,0.185860995175595,11.968917305881,0.010492361022938,0.587261336515513
"GNS",0.617226154784917,0.0968459102200736,18.6639322849836,0.0206775625826509,0.81876491646778
"GOLGA1",1.85084302318688,0.454798132195972,11.7171378762053,0.0187732285168264,0.913036992840095
"GOLGA2",1.80394266317138,0.16695516298313,14.982910911641,0.0157560016861394,0.718377088305489
"GOLGA3",1.91412282249024,0.249492986009888,14.5354978030963,0.0183981653284339,0.801014319809069
"GOLGA4",2.03871537694068,0.0559529761597588,11.1762594441107,0.001161618919797,0.369331742243437
"GOLGA5",2.54501263800372,0.302347978030109,13.1281295094613,0.0175374579907096,0.791616945107399
"GOLGA7",6.1357411700361,0.188970452666486,7.57616779216311,0.00239830846116967,0.374850835322196
"GOLGB1",1.67815336511009,0.0571128464386087,12.3606995258645,0.00193402107211209,0.431682577565632
"GOLIM4",0.338932325323325,0.0469593628897305,19.9594330627081,0.0211491404526244,0.818615751789976
"GOLPH3",5.96227648597465,0.190500467012948,7.91918828737075,0.00307548826407941,0.392750596658711
"GOLPH3L",1.83169558234662,0.256972474931279,14.5848616735542,0.0187808070077071,0.81354415274463
"GOLT1B",4.42697374247974,0.208779239513137,10.3390248121289,0.00855913916840902,0.532667064439141
"GON4L",4.25210184892835,0.285829467585203,11.0383533106299,0.0132537654052452,0.658263723150358
"GOPC",3.11435475201626,0.197032719569024,12.3396502580623,0.011807357448908,0.619928400954654
"GORAB",1.39280002532736,0.262308129933972,15.2554935306786,0.0202988567670019,0.857398568019093
"GORASP2",2.47424329523571,0.0984355144132593,11.5819896846377,0.00375445080181755,0.452565632458234
"GOSR1",8.592939684117,0.486400683417462,8.2330597340633,0.012796942210671,0.693317422434368
"GOSR2",6.94617382930263,0.751411564814011,7.16695360056197,0.0108819428260735,0.908412887828162
"GOT1",1.88041481183414,0.213903757663714,14.7827855313039,0.0175112919948937,0.768645584725537
"GOT2",2.47695935652908,0.183863782492499,13.6068254152531,0.013663692569069,0.668257756563246
"GPAA1",3.24850737474407,0.186084075974084,12.2226240318104,0.0109083175416761,0.599492840095465
"GPALPP1",2.20635282021137,0.354813301089697,12.998295588284,0.0187539803121965,0.851581145584726
"GPANK1",1.40578599626325,0.176041893987485,15.9735755079168,0.0183636841395614,0.782517899761337
"GPAT4",1.84507939722879,0.142592041201215,14.5326601200073,0.0134884357795471,0.663335322195704
"GPATCH1",2.42121473006017,0.479968484348621,10.9845106402643,0.0178740864475761,0.89826968973747
"GPATCH11",1.10383199912756,0.198136331201292,16.5410421591397,0.020573024813164,0.842183770883055
"GPATCH2",1.76197983097669,0.234753171447088,14.9307208669979,0.018628795243281,0.803251789976134
"GPATCH2L",2.62376219397029,0.242634856585895,13.3790524103772,0.0158786669428939,0.730310262529833
"GPATCH3",8.37690249791441,0.651752807361557,8.03328555071602,0.0121869504695146,0.830399761336515
"GPATCH4",0.934141025874965,0.127484515295717,17.5034898572084,0.0194548114236123,0.7986276849642
"GPATCH8",3.20253605910009,0.194131237414086,12.1159108032453,0.0112263835907018,0.605011933174224
"GPBP1",2.80934286196228,0.0467165100898203,7.86261894951546,0.010275562799239,0.18854415274463
"GPBP1L1",4.56859004151294,0.221699568376697,10.2654527732495,0.00910657416930623,0.544301909307876
"GPCPD1",0.448454107473959,0.0455139820490922,18.9010588929742,0.0181845058916035,0.759695704057279
"GPD2",0.388997710280817,0.145886743671888,19.3192976794469,0.0246319785681831,0.920793556085919
"GPI",1.91916368634074,0.0505127221219187,10.9910071389957,0.0021759899694931,0.351282816229117
"GPKOW",3.0890324432578,0.420070220356156,11.4156387166826,0.0174324060097394,0.840841288782816
"GPN1",2.63350544860581,0.227849454584519,13.3298303620225,0.0151991953296429,0.709576372315036
"GPN2",2.30620767744436,0.351757207482287,12.9437272639719,0.0185649337891214,0.844122911694511
"GPN3",2.40389522297658,0.298232233322195,13.4351821950422,0.017915071252431,0.802655131264916
"GPNMB",0.166224906329349,0.009892731928159,20.1461897691575,0.0192176248418999,0.775656324582339
"GPR107",3.89874106043728,0.433274366309104,10.7565726563992,0.0164806267331885,0.813842482100239
"GPR108",3.70834973514994,0.250446874058545,11.6743476283167,0.0130135520036394,0.65035799522673
"GPR137",2.33492998974195,0.203641437875451,13.7615341480946,0.0150276232839427,0.702267303102625
"GPR137B",0.613459414349301,0.0300448901020671,16.2269770712843,0.00971928902417806,0.593973747016706
"GPR155",0.223268732357258,0.0491975159185471,21.003846548495,0.0241325406077657,0.87813245823389
"GPR180",1.45792105279654,0.264485129633633,15.1446108210771,0.0201361475191191,0.853967780429594
"GPR89A",2.28846180981591,0.394797123258736,12.3915031344933,0.0186145153522371,0.868585918854415
"GPRIN3",0.421470527291539,0.0267665611845327,18.0201988488368,0.0144175331520001,0.685262529832936
"GPS1",2.72052886382139,0.19681245027261,13.0870262301331,0.0132899972978684,0.658114558472554
"GPS2",2.20106426564783,0.21959403970895,14.0078403593347,0.0162435474417499,0.735531026252983
"GPSM2",0.185740184041603,0.0535773657389428,21.4159389315194,0.0254897712183584,0.906473747016706
"GPSM3",0.756608199968971,0.0237650489702394,14.3385211754358,0.00393156965345747,0.483591885441527
"GPX4",1.55546767420429,0.012641055695136,7.47167546554655,0.0161170498312949,0.10486276849642
"GPX7",0.51974409801211,0.118319419522786,19.1292820655052,0.0229184362962744,0.87291169451074
"GRAMD1A",0.485615514475904,0.0214284622662962,16.5450801404932,0.00986272697990293,0.598001193317422
"GRB2",2.15261801672436,0.0468759443849145,9.56286425912132,0.00612955609456175,0.272822195704057
"GRHPR",2.62772607244401,0.185845005881415,13.288721643107,0.0131150539948326,0.654385441527446
"GRINA",0.548104402161797,0.0189882929332567,15.5116997877334,0.00674333319185573,0.538782816229117
"GRIPAP1",4.64826891810456,0.400378451590615,10.4267340212213,0.0153502599397053,0.753878281622912
"GRN",0.630753530633653,0.0204832335404774,15.1480175387409,0.00585542309718955,0.521628878281623
"GRPEL1",2.88887337797692,0.150080065227831,12.2462079434509,0.00891135796933488,0.555489260143198
"GRPEL2",1.16675163370131,0.242244058828707,15.9335826746775,0.0209646047784596,0.867840095465394
"GRSF1",0.815919715548612,0.0169797170242265,11.8207448589553,0.00373574246042723,0.338603818615752
"GRWD1",1.98296390539571,0.168081068263953,14.5188362463261,0.0148193246581635,0.695704057279236
"GSDMD",1.67128521481689,0.167055584894386,15.2494238740031,0.0163655883294691,0.732696897374702
"GSE1",0.315173814244096,0.125414072683618,19.8970961152691,0.0251296280561977,0.923926014319809
"GSK3A",1.94277910917925,0.354415226521688,13.2765728042183,0.0192580788011876,0.86769093078759
"GSK3B",0.950894118915794,0.0441465999820463,15.2874900244114,0.00834535865396418,0.565035799522673
"GSKIP",9.30322751492141,0.524007969465248,8.05800949074895,0.0125917629266433,0.709278042959427
"GSN",0.183818547239402,0.00880070994504078,19.4896573931406,0.0172401269923945,0.738365155131265
"GSPT1",2.4037793806166,0.0735811965963508,10.8567081658756,0.000180498480428885,0.379922434367542
"GSPT2",0.521453587990108,0.268004543371223,16.6890259449347,0.0233777127176544,0.945107398568019
"GSS",2.56054214973175,0.23466372188237,13.5716040568701,0.0158950571472322,0.730161097852029
"GSTK1",2.11992867893887,0.0590345539863287,10.7152135747952,0.00195884797723446,0.350536992840095
"GSTM3",0.330007224294143,0.0478679026293462,20.0939834581399,0.0215673189140988,0.827118138424821
"GSTM4",0.707935744474235,0.207598190621053,17.4283192624279,0.0228343403179505,0.902595465393795
"GSTO1",1.15196985806448,0.0476482566899505,14.2274371593595,0.00585994470531245,0.514468973747017
"GSTP1",0.719195559050801,0.00535480198987785,10.1440624141446,0.00992335389496855,0.228967780429594
"GSTZ1",0.955942834258011,0.250632161962992,16.2509769596961,0.0218831878182446,0.896330548926014
"GTF2A1",1.34605544919494,0.179137610839209,16.022207503369,0.0186472956126705,0.789528639618138
"GTF2A2",117.553190437777,0.792653164919878,35.89359272657,0.00617781998717631,0.323090692124105
"GTF2B",3.79342381387578,0.126318335775055,9.63281919303149,0.001734856230016,0.394242243436754
"GTF2E2",8.58659894019855,0.393669010375983,7.97319965170576,0.0112017910308388,0.597106205250597
"GTF2F1",9.03913284163668,0.34495150271795,7.12033292099547,0.00895619428516293,0.510739856801909
"GTF2F2",2.74424178941559,0.184842628239849,13.1840885119507,0.0127965830623649,0.64722553699284
"GTF2H1",5.67666484955199,0.35036718819401,9.90402906213912,0.0131861960494351,0.665423627684964
"GTF2H2",1.38124748282901,0.425793398038139,12.5694613665656,0.0197254628662222,0.926760143198091
"GTF2H3",1.86882444255818,0.298401609076049,14.1109598795187,0.019224015246815,0.841139618138425
"GTF2H5",1.6291206341289,0.130003963805296,15.1866365038057,0.0141868829675988,0.68019093078759
"GTF2I",1.78968850035598,0.0768010688184068,13.1075302100184,0.0055362034726616,0.499254176610979
"GTF3A",1.66133196525154,0.0427784268417559,11.1298440221769,0.00264491973952568,0.345912887828162
"GTF3C1",0.955254695879658,0.0958178896985843,16.9993966426972,0.0164931130957462,0.729116945107399
"GTF3C2",4.88332351071681,0.47373641245664,9.8407741937363,0.015535057084754,0.801461813842482
"GTF3C3",1.89071871604968,0.323312163082147,13.7579753771146,0.0193070243335337,0.854116945107399
"GTF3C5",3.95463522546322,0.316205181820158,11.4629441030403,0.0149282329915097,0.715393794749403
"GTF3C6",4.28989886212524,0.134872734071345,8.95761624680786,0.00103799094254705,0.37291169451074
"GTPBP1",0.731603466380104,0.118914300644251,18.1637075542112,0.0206230052541109,0.822344868735084
"GTPBP2",1.21732302681206,0.444023941518912,12.3258872302886,0.0197153265117197,0.939439140811456
"GTPBP3",1.96590539258312,0.438375804608108,11.9594633203633,0.0188111242533836,0.903490453460621
"GTPBP4",2.03375234417176,0.114789207799,13.7696240002809,0.00994411918748674,0.586217183770883
"GTPBP6",3.05309780364858,0.461051116083357,10.9020181057799,0.0173432037288163,0.863365155131265
"GTPBP8",1.4592174866341,0.162755679564723,15.7633877688092,0.0172936643115824,0.75417661097852
"GUCD1",4.95601728212141,0.434482308375132,10.0701168437212,0.0153320264442414,0.769988066825776
"GUF1",3.21187124023154,0.497623083987635,10.3572789975658,0.0169444468000759,0.875894988066826
"GUK1",3.74616868687599,0.0436078177810916,6.06490596454521,0.014804955951073,0.0985978520286396
"GUSB",2.89290595967332,0.185347183436341,12.6192536612685,0.0117708480689142,0.61977923627685
"GXYLT1",0.96402233853704,0.198028730430928,16.8911884455782,0.0213197917577362,0.860829355608592
"GYG1",0.509044405521733,0.0245526370195469,16.6542639103128,0.0104368245078585,0.608591885441527
"GYPC",0.567297874688687,0.0223257786416503,15.9306102480928,0.00821507125940642,0.566378281622912
"GZF1",0.531561240131901,0.183554700644649,18.2404677879852,0.0237077522054367,0.914081145584726
"H1F0",0.10399835152482,0.00750461344129975,21.1810596621634,0.0220658777771537,0.828609785202864
"H1FX",0.562182711533949,0.0726255326769784,18.8155961250727,0.0196669806706959,0.793257756563246
"H2AFJ",0.883360916834887,0.0546286766392417,16.2909339162517,0.0118476640886492,0.633502386634845
"H2AFV",1.72280756814208,0.0218339819947073,8.36841970752218,0.0123806526797764,0.168556085918854
"H2AFX",0.750072779959788,0.0293392373645039,15.1147728721339,0.00659383828247349,0.533562052505967
"H2AFY",3.20116827014112,0.0952279462560293,10.3632020879994,0.000605362486485961,0.386933174224344
"H2AFZ",1.43152039819108,0.00758662019470354,6.88450200026845,0.0185176620183128,0.0641408114558473
"H3F3A",5.1381674519697,0.0145947598929624,4.78481115398369,0.0213508837657114,0.00149164677804296
"H3F3B",3.89051906963538,0.00744936012968751,5.23518632923093,0.0218322761504361,0.00119331742243437
"H6PD",0.326479268041071,0.156104811734762,19.3486767828344,0.0251369520557564,0.93645584725537
"HABP4",0.547995546894068,0.209018419289671,17.7468778316897,0.023599386888912,0.922136038186158
"HACD2",1.64445262592889,0.176357716294215,15.3968429658324,0.0171164243158114,0.752386634844869
"HACD3",1.11166409100634,0.0767027869314616,16.0255067644398,0.0127730197148423,0.650954653937947
"HACL1",2.07149531556896,0.323898265220728,13.4933929340075,0.0188605568358482,0.840095465393795
"HADH",0.978114732546033,0.126848505539247,17.3894865332431,0.0191391531956385,0.791616945107399
"HADHA",7.07352831607289,0.200468391635687,7.01202594944147,0.00208783546574777,0.360978520286396
"HADHB",5.14146369427847,0.24043015045679,9.86199431087901,0.00922359716479049,0.544749403341289
"HAGH",1.60423028095929,0.128362387862343,15.0228380596567,0.0137681362620809,0.669898568019093
"HARS",8.00362261770958,0.403814910709492,8.17788439951497,0.0118903768293248,0.621569212410501
"HARS2",8.13339152645424,0.562929189561026,8.2416852928521,0.0131948324875077,0.76804892601432
"HAT1",2.68266969577689,0.213059658139112,13.2456204655142,0.0143708429244116,0.686605011933174
"HAUS1",2.23969350205722,0.263152930030734,13.9594449720649,0.017733722656629,0.786843675417661
"HAUS2",2.21454987437243,0.27369153840503,13.9155869612265,0.0180168509131661,0.797881861575179
"HAUS3",0.917964165712936,0.136679144101162,17.3999444574185,0.0197230101763308,0.805936754176611
"HAUS4",1.9677512022729,0.233694480481368,14.6749393097824,0.0180133217574543,0.787440334128878
"HAUS5",1.06534118766199,0.365852282349422,14.0191641315873,0.0209442787076526,0.928848448687351
"HAUS6",1.00084401406738,0.177644476351596,17.0381994380842,0.0207751907085432,0.841288782816229
"HAUS8",0.728410774660573,0.209559824333026,17.352290923011,0.0227421779521983,0.901103818615752
"HAX1",3.46940788894684,0.129049991011042,10.4332583718702,0.00361953463763362,0.437201670644391
"HBP1",2.25104102813292,0.0646913248455983,10.9093479607862,0.000929029843213323,0.369182577565632
"HBS1L",3.62741554161933,0.220772779475046,11.6958227973822,0.0117103753226754,0.615751789976134
"HCCS",1.5938666925557,0.172377022658319,15.5939125079547,0.0173282894358847,0.75730906921241
"HCFC1",2.1439350537175,0.223125381236666,14.2966006527356,0.0168819427108098,0.754325775656325
"HCFC1R1",2.09491231291429,0.108098051991986,13.2846386277379,0.00838088584220737,0.552356801909308
"HCG18",0.764646191639536,0.0741090832386867,17.7022392879278,0.016875703423517,0.735978520286396
"HCLS1",0.73031504294556,0.0176910909093121,13.688716981874,0.00150870621095507,0.439289976133652
"HCST",0.421094030834335,0.0122784791118804,15.9143469752589,0.00725285624085236,0.549970167064439
"HDAC1",2.12603968271626,0.0983283959891643,12.8248278923636,0.0065917961089192,0.515363961813842
"HDAC10",1.77691314312806,0.297442676483748,14.1924117352573,0.0193907315081997,0.845017899761337
"HDAC2",1.68734207872132,0.0613825964631308,12.8872707416779,0.00362914481939242,0.465244630071599
"HDAC3",7.50505664232507,0.393332500189199,8.738136167148,0.0122425660975885,0.63991646778043
"HDAC4",0.657122434812087,0.170722121817375,18.0307455718787,0.0227246790718265,0.885441527446301
"HDAC5",1.02566358934302,0.119944780478749,17.0178088616228,0.017928532027005,0.762977326968974
"HDAC6",2.19533048914351,0.411172148269851,12.2230092832091,0.0186883840513325,0.880966587112172
"HDAC7",0.707484803912244,0.0770081639701194,17.9833055030175,0.0177953417728704,0.755071599045346
"HDAC8",11.1930957187249,0.670505387584721,8.18257878054594,0.0107068664144387,0.798329355608592
"HDDC2",1.64355978832858,0.139951007729544,15.1958578955135,0.0147960514537308,0.694063245823389
"HDDC3",1.26033125293804,0.268055523310311,15.3993881573765,0.0207791491739408,0.873060859188544
"HDGF",3.12628341241028,0.198789838524587,12.6214367394704,0.0123409340598538,0.635441527446301
"HDHD2",4.57006755607604,0.571184531150863,9.0006271360237,0.0151950440874709,0.868436754176611
"HDHD3",0.759705622572628,0.120882195904235,18.040133385163,0.0204287115042249,0.818466587112172
"HDLBP",1.44909594947903,0.0331573521974458,11.0825031005563,0.00384284312934332,0.327714797136038
"HEATR1",1.59812935767789,0.229357989751532,15.2231003964402,0.0190455850094114,0.812350835322196
"HEATR5A",1.65832427367326,0.525107197944843,10.4843842501339,0.0180162634272466,0.939737470167064
"HEATR5B",1.54638443589054,0.304456228585471,14.4107161177465,0.0200281720576329,0.866795942720764
"HEBP1",0.556585941852443,0.096329978490379,19.0516095090105,0.0216041969703576,0.838603818615752
"HEBP2",0.634252439244097,0.048022618233858,17.6738132115933,0.0150304611360803,0.697494033412888
"HECA",1.24022424224592,0.162843716715573,16.3534584366548,0.0186147964848348,0.785501193317422
"HECTD1",2.61965159355739,0.123297993341406,12.0792838978074,0.00678533783889661,0.511933174224344
"HECTD4",1.45554188324587,0.264785278004972,15.0984967001019,0.020083523180404,0.852177804295943
"HELB",0.756927927949153,0.160094247502953,17.8307317548344,0.0218152619351702,0.860381861575179
"HELLS",0.322335353416025,0.0574784325666575,20.3230884541988,0.0227531299905776,0.852923627684964
"HELQ",3.16281513846289,0.46609495969336,10.775449635298,0.0172003044760827,0.861426014319809
"HELZ",3.17370073862629,0.203107140858127,12.2580948640158,0.0119637727587513,0.623359188544153
"HELZ2",0.353179922158583,0.108884850830281,19.9103016050848,0.0244032864610316,0.901998806682578
"HERC1",1.10611063442671,0.106131457267633,16.4775248832956,0.0158536741158382,0.715841288782816
"HERC2",1.90878180190063,0.197311810401002,14.7698162004041,0.0167594997565275,0.746569212410501
"HERC3",1.32704849366629,0.398100325424134,13.1312899079151,0.0201135026043874,0.921390214797136
"HERC4",1.74481139625483,0.134273592688418,14.7740343952002,0.0135281299918702,0.664677804295943
"HERPUD1",0.412445768328566,0.00233826760480236,9.88815717624188,0.0111204602988634,0.208084725536993
"HERPUD2",1.49673717324143,0.103183789322057,14.7889769725939,0.0116370074157941,0.623657517899761
"HEXA",1.3793659164048,0.259559937484387,15.3042784838624,0.0203079472495784,0.856503579952267
"HEXB",1.3180439612239,0.0876814198609436,15.4503809438331,0.012106465729201,0.636187350835322
"HEXIM1",1.17563397215502,0.0991026618612488,16.1611723510692,0.0146334952851107,0.689439140811456
"HEXIM2",0.788797913543246,0.262546157976941,16.2957020131007,0.0224091206868649,0.915572792362768
"HGS",3.74856569244621,0.199352150821736,11.2237157993525,0.00975629425668758,0.566079952267303
"HGSNAT",0.868974311940216,0.0870144462615929,17.2956941560857,0.0166791986655048,0.732547732696897
"HIBADH",1.72223959937806,0.237258466762601,14.8901746409773,0.0186926096052655,0.804892601431981
"HIBCH",0.931713472654659,0.100643953034831,17.2107822459872,0.0172961870694859,0.74686754176611
"HIF1A",1.29626974893558,0.0297503170599928,11.3794943101001,0.00344795449095241,0.337410501193317
"HIF1AN",4.21352498740579,0.38022178746001,10.8431244127742,0.0156480892716106,0.756115751789976
"HIGD1A",2.5107335435126,0.438105018031218,11.5917423083646,0.0181161246028623,0.877684964200477
"HIGD2A",4.79919380908085,0.0728792727976995,6.29918127486898,0.0105162738933405,0.159606205250597
"HILPDA",0.143159623552072,0.0253670934823903,21.5656750967394,0.0242984016556435,0.875
"HINFP",10.7118840323226,0.672417602282274,8.07013545459749,0.0109077685995221,0.804445107398568
"HINT1",4.39346709133209,0.0194176502280801,5.01948486429321,0.0204113698496254,0.0138723150357995
"HINT2",1.30951299630615,0.133893771676276,16.2981127544455,0.0169519414046805,0.743436754176611
"HINT3",0.858305474660319,0.133381697600311,17.7100523788373,0.020260067024681,0.81772076372315
"HIP1",0.379272855143622,0.111485919986894,19.7981031918338,0.024239783259241,0.899463007159905
"HIP1R",0.536283489557108,0.127368712686048,18.9614682983855,0.0229515034253701,0.876342482100239
"HIPK1",2.37078068408094,0.234119534295888,13.8298234576294,0.0164151580927838,0.743585918854415
"HIPK2",0.527172378198391,0.0558042346439328,18.6341170363325,0.0181451452698905,0.759994033412888
"HIPK3",1.69022604795454,0.170511846356691,15.1782773692945,0.0163937854738944,0.733591885441527
"HIRIP3",0.723412430117702,0.134344439195846,18.2246652715423,0.0215153597891746,0.846360381861575
"HIST1H1C",0.207204264864843,0.0110440116345054,19.2529397194255,0.0167274322862408,0.72881861575179
"HIST1H2AC",0.35034986297133,0.0120232063346287,16.7257272276444,0.00955268561180382,0.593377088305489
"HIST1H4C",0.326954412396048,0.00269395341688707,12.5008272640777,0.00354197295428233,0.349791169451074
"HIVEP2",0.953251936070926,0.118821440944656,17.3362426659889,0.0186158269869127,0.778192124105012
"HKR1",1.92315654970916,0.392715824572134,12.7131059111893,0.0191838490885284,0.886485680190931
"HLA-A",1.67204828355724,0.0016518677289987,5.92540678147916,0.0219765951108373,0.00536992840095465
"HLA-B",2.8110352220134,0.0019695109163638,5.65095634640726,0.0220968453823108,0.00298329355608592
"HLA-C",1.79784915164745,0.00184214966015584,5.90920257765518,0.0219269049335539,0.00611575178997613
"HLA-DMA",0.262429193895522,0.0108729072968061,18.1830035804685,0.0136303307773433,0.67049522673031
"HLA-DMB",0.111344423632474,0.0249091629196388,22.0774945191345,0.0257205653007905,0.902147971360382
"HLA-DPA1",0.21574293594019,0.00169144875689691,15.1356652959187,0.00399171249188562,0.490900954653938
"HLA-DPB1",0.204609989816222,0.00150230807782826,14.911064052252,0.00332173650253124,0.478371121718377
"HLA-DQA1",0.141948837686722,0.00154824838785879,18.002239402194,0.0123476380418788,0.646628878281623
"HLA-DQB1",0.270369098428758,0.00333647355022108,15.1159389852813,0.00409692246267435,0.492541766109785
"HLA-DRA",0.176622771758769,0.00109045503984307,16.1028995490682,0.00675437047655568,0.542511933174224
"HLA-DRB1",0.279146585411417,0.00128164883892128,13.3966326919458,0.00111788552213471,0.395883054892601
"HLA-DRB5",0.208310219372067,0.00120819974194154,14.790815278101,0.00293817424104103,0.471360381861575
"HLA-E",2.35387991282503,0.0121180470467171,5.85349971573693,0.0202277890158714,0.0261038186157518
"HLA-F",1.49185917391071,0.0492844991516281,12.2937872722029,0.00102385569102802,0.416169451073986
"HLTF",0.661107173680865,0.10061905130212,18.5671307385332,0.0206203197285752,0.818615751789976
"HM13",1.65389829830334,0.0413697461558676,10.7649992373836,0.00372728712540175,0.324731503579952
"HMBOX1",2.52445063588198,0.291290364561119,13.2974620248159,0.01746123085442,0.786545346062053
"HMBS",1.06021503108576,0.320304335337529,14.8951824953336,0.0213599517914233,0.915572792362768
"HMCES",2.10426919818807,0.185997835107988,14.3892455974235,0.0154130578546224,0.7118138424821
"HMG20A",2.00049919920465,0.359624042959603,13.1303499038042,0.0191349250910808,0.866199284009546
"HMG20B",1.72119471095142,0.0906480358744131,13.8878571579032,0.00853197617055993,0.559218377088305
"HMGA1",0.662499797906474,0.0132372310690444,13.654071799486,0.000932798178539807,0.43019093078759
"HMGB1",2.01038030499412,0.00959021916910558,5.99110912599872,0.0203976002567179,0.0258054892601432
"HMGB2",0.358197787886742,0.0063606309356404,14.6937600559825,0.00318709836021586,0.47464200477327
"HMGB3",0.345821441825358,0.0390430213316008,19.7197958412525,0.0199856514163893,0.79445107398568
"HMGCL",1.61807395170108,0.388060437123979,13.0517553398436,0.0197110446298443,0.90140214797136
"HMGCR",0.915010418214454,0.121695816503856,17.505302209375,0.0191713741586912,0.791020286396181
"HMGCS1",0.75691230355025,0.0723492066472123,17.6865101650158,0.0167246028572342,0.732696897374702
"HMGN1",3.14614409119012,0.0281310656955911,6.2319243062341,0.0166479826513259,0.0784606205250597
"HMGN2",0.908068329288437,0.00724622104220318,8.71713066040096,0.0136446734466506,0.156921241050119
"HMGN3",1.490194858244,0.0455172088977508,12.4367648470711,0.000989928881465232,0.417810262529833
"HMGXB3",3.60890140605474,0.361828937737253,11.5148235754192,0.0163304947433568,0.773418854415274
"HMGXB4",2.34954188175618,0.204041109722591,13.955789609905,0.0153465801796292,0.711963007159905
"HMOX1",0.0595622898702488,0.00156858582314744,21.2928778027554,0.0220076884687791,0.826223150357995
"HMOX2",1.91579174298736,0.102413944660461,13.3792734900963,0.00824034038882961,0.549671837708831
"HNRNPA0",5.77926682404132,0.062617722149172,4.9154633639033,0.0145289229582147,0.0833830548926014
"HNRNPA1",3.62332169182874,0.0121895822374905,5.29090881900205,0.0211129805710804,0.00909904534606205
"HNRNPA2B1",4.55328081595543,0.0182868423918217,4.91251131392808,0.0207662037241756,0.00820405727923628
"HNRNPA3",4.07429137564228,0.0546892800977645,6.36900139265472,0.0126253533702105,0.132607398568019
"HNRNPAB",1.91734945742739,0.0689047251604097,12.6571472296805,0.00370536259290177,0.464498806682578
"HNRNPC",6.34138271052081,0.0482920957065636,4.45587343518505,0.0171583333390247,0.0447494033412888
"HNRNPD",2.6396924947554,0.141603691152794,12.838214600355,0.00959615489594725,0.574134844868735
"HNRNPDL",3.01106342055556,0.0343627782750095,7.00310477708036,0.013929035877687,0.126640811455847
"HNRNPF",4.01632450390754,0.0431894900807851,5.77525601913836,0.0154747899958078,0.0853221957040573
"HNRNPH1",2.81504379267587,0.0812271518134171,10.5569852617669,0.000206102816455285,0.376342482100239
"HNRNPH2",1.90448681155171,0.222626950054601,14.654564641408,0.0176320255624441,0.77326968973747
"HNRNPH3",2.99002701651044,0.0587596173806934,8.57860542729538,0.00712900813291455,0.244033412887828
"HNRNPK",6.88395600795518,0.0527738525635867,4.07625075832783,0.0172444487763396,0.0368436754176611
"HNRNPL",4.51368940374352,0.191736393429349,10.2848539187887,0.00738941666256058,0.508502386634845
"HNRNPLL",0.975667232896061,0.0313265071730846,13.5109561544827,0.00243011610781338,0.451670644391408
"HNRNPM",5.40861468791809,0.097044845084638,6.36916411824154,0.00768505260896437,0.199284009546539
"HNRNPR",3.50381042752888,0.0790750791261709,8.73576008474831,0.00456246953847014,0.283562052505967
"HNRNPU",2.74136851078031,0.0364619078624123,7.5096048017686,0.0124533557210529,0.154087112171838
"HNRNPUL1",1.69400724121048,0.0358862045348084,10.1119655664736,0.00604162670221368,0.282219570405728
"HNRNPUL2",6.8259956482704,0.690676396336424,7.70835017266442,0.0122153090944114,0.880966587112172
"HOMER1",0.37610134436507,0.0915855893447543,19.9889285725941,0.0237329869577671,0.88230906921241
"HOMEZ",1.39814571646525,0.467060774564642,11.7520696988444,0.0191605382170783,0.93645584725537
"HOOK2",0.851604179130638,0.123501354169615,17.792645265205,0.0199418873028702,0.808621718377088
"HOOK3",2.58201243928201,0.148052186118838,12.9511253215074,0.0102809562160357,0.588603818615752
"HOTAIRM1",0.544344690793101,0.110673761750403,19.0450777560217,0.0223394324003315,0.85799522673031
"HP1BP3",2.45039625820051,0.064798209169887,10.2719674195629,0.00245328173852227,0.337261336515513
"HPCAL1",0.98282546756478,0.0931955835454925,16.8857108779741,0.0160400458419689,0.719421241050119
"HPRT1",1.10031657114638,0.0499669623029403,14.5814192564919,0.0069987897335668,0.536545346062053
"HPS1",4.19443428932898,0.249962552287612,11.0969566754996,0.0118897632894441,0.619182577565632
"HPS3",1.08037040973116,0.172215432632869,16.8099391783254,0.0200485994176477,0.822046539379475
"HPS4",1.3513965757899,0.30413004814669,14.7299946619488,0.0205992858338603,0.884099045346062
"HPS5",0.935053702959094,0.193983745152104,17.032619161236,0.0214532211175067,0.862917661097852
"HRAS",1.33909933043761,0.240445857563008,15.7117521084867,0.0204007551576132,0.85277446300716
"HS1BP3",0.979152267916295,0.357182505709331,14.2645916551006,0.0211978980039784,0.931384248210024
"HS2ST1",1.61342464787986,0.27030960008551,14.8124553414092,0.0196816627914049,0.843377088305489
"HSBP1",5.40115279736977,0.105272508028495,7.02521174947215,0.00557265821293389,0.241646778042959
"HSBP1L1",0.265677033819746,0.0527758788172244,20.7074112317453,0.0235245800254677,0.867094272076372
"HSCB",2.27680056957874,0.331967273604544,13.2093776966016,0.0185205560457823,0.83368138424821
"HSD17B10",4.65005872941625,0.196963417761981,10.2168903736964,0.00753641326305502,0.511187350835322
"HSD17B11",0.688351294884655,0.0796492300183411,18.0410573186754,0.0181214475475296,0.761933174224344
"HSD17B12",1.57040679669363,0.121842459582269,15.3604220171193,0.0140786901816165,0.678102625298329
"HSD17B4",1.3243410217803,0.19042985875694,16.1502491712672,0.0193742909039772,0.810710023866348
"HSD17B7",1.87201904759392,0.209524034179785,14.7077521856016,0.0172192948256606,0.759546539379475
"HSD17B8",0.605474167069959,0.117466848363342,18.7718425030025,0.0220044591412745,0.852625298329356
"HSDL1",1.29720012325279,0.260227742051991,15.4242979557483,0.0205785841979875,0.864110978520286
"HSDL2",0.771910171194753,0.125123622296788,18.0259570903371,0.0206013350902133,0.823389021479714
"HSF1",13.339980041157,0.374326828877025,5.10532974976591,0.0070026643847957,0.424821002386635
"HSP90AA1",1.28316138996172,0.00147952775659514,5.99719561245467,0.0220053296250589,0.00492243436754177
"HSP90AB1",1.61381388730586,0.00261036744869179,5.89367987834748,0.0219422325874115,0.00477326968973747
"HSP90B1",1.00729156832896,0.00653349154443367,7.80246500445316,0.0162828816106052,0.107547732696897
"HSPA13",1.52897388540156,0.131292595116382,15.4305029438259,0.0148433498448065,0.69480906921241
"HSPA1A",0.629714732617977,0.00106174457324638,8.65294771551266,0.0148050491189088,0.140662291169451
"HSPA1B",0.272027571774445,0.00133306700848532,12.7142386845763,0.00309014783926861,0.358890214797136
"HSPA4",1.9866767541863,0.0566478417517679,11.2908863718821,0.000799081776998577,0.376193317422434
"HSPA5",0.778116411545842,0.00586107652213142,8.656951824205,0.0140474947322769,0.15035799522673
"HSPA8",1.97305832519903,0.00292421973867197,5.86867190267438,0.0217795015942733,0.00760739856801909
"HSPA9",4.27662860642342,0.097362720366674,7.81719792207126,0.00468226775189612,0.266408114558473
"HSPB1",0.524015767854176,0.00146193430054238,8.94776106335001,0.0139289913461529,0.156473747016706
"HSPB11",2.02152060864404,0.11032295813764,13.7201622020801,0.00951759537404692,0.577565632458234
"HSPBAP1",1.25749050527085,0.27371624612726,15.3370632110854,0.0208318034104489,0.87708830548926
"HSPBP1",3.6115830249656,0.270066214642387,12.0992618999639,0.0144080852635622,0.694212410501193
"HSPD1",0.884057192782503,0.0032418297516245,7.0800993651875,0.0188643396400849,0.0620525059665871
"HSPE1",0.841578870708723,0.00315493264861011,7.23749884256674,0.0184496098753842,0.0699582338902148
"HSPH1",0.826612595913959,0.00443037453239565,8.52959732664523,0.0146031511233253,0.141408114558473
"HTATIP2",0.451151645612588,0.0100327856802745,14.6128898106942,0.00333068740574456,0.476282816229117
"HTATSF1",2.57234017312287,0.13012756649167,12.5935367864559,0.00834969039549428,0.546837708830549
"HTRA1",0.0598176513674034,0.01780425212451,22.8309189346981,0.0274691162853244,0.933174224343675
"HTRA2",2.75617589901977,0.215133330287364,13.0402797230124,0.0140936832117442,0.678848448687351
"HTT",1.92228891839492,0.290193649711803,14.0975630246546,0.0189642133400051,0.829952267303103
"HUS1",2.01543760810867,0.273589746185187,14.1374406612069,0.0184892181135174,0.810560859188544
"HUWE1",2.24551763120426,0.102414243701036,12.6823822343818,0.00656049680358596,0.513723150357995
"HYI",0.633091165420789,0.115417139572369,18.656365985179,0.0216216614856702,0.843675417661098
"HYOU1",1.34966184862735,0.0865704013471849,15.1171562844016,0.0112353309058613,0.617392601431981
"HYPK",1.80015229032926,0.307100811818906,14.0949491297413,0.0194589934210594,0.85173031026253
"IAH1",1.88920309821789,0.120347475997085,14.1899494209692,0.0113108407979793,0.615602625298329
"IARS",2.07031420594296,0.149999911350387,14.2697660497932,0.0132583465180265,0.658860381861575
"IARS2",4.07260880385579,0.285730359586994,11.4285955049487,0.0138234868417164,0.677505966587112
"IBTK",1.54957520697509,0.172182411487889,15.5941562811548,0.0173598857584809,0.757458233890215
"ICA1",0.216982734221648,0.0570269513118815,21.1165623825981,0.0248707071718111,0.89513723150358
"ICAM1",0.146161325455889,0.00855003564227649,20.2582120693951,0.0194533129032148,0.779832935560859
"ICAM2",0.276166855815135,0.0330409984344546,20.0812196947718,0.0206095428093374,0.805489260143198
"ICAM3",0.684670638227655,0.0241762376144872,14.9928065653576,0.00578078579472579,0.51909307875895
"ICE1",2.55819040663934,0.241065596976862,13.4537435529601,0.0159801319095365,0.732547732696897
"ICE2",1.91014897414459,0.258892174481413,14.4664321030981,0.0185997831280332,0.80936754176611
"ICK",0.694733553643893,0.174221381961617,17.9179662095549,0.022600713723088,0.883949880668258
"ICMT",1.48802249784024,0.171041986571167,15.7587101533014,0.0176627390527019,0.764618138424821
"ID2",0.429307510109044,0.00761275264975437,14.3620004175777,0.00235830958495759,0.458830548926014
"ID3",0.141971996379445,0.00367718357967273,19.0634963985224,0.0156198757937506,0.70763723150358
"IDE",1.18366559357405,0.31176245069541,14.8416003573185,0.0210385029462697,0.900954653937947
"IDH1",0.690355246918495,0.0921524518625807,18.2410381159852,0.0193607380049977,0.789826968973747
"IDH2",0.900180304138209,0.0466365680845273,15.9208405592001,0.0102240148270919,0.602177804295943
"IDH3A",1.7937620639519,0.186817251357021,15.0268333589351,0.0168216931080955,0.746569212410501
"IDH3B",12.2917006805963,0.459760626522311,6.94698451575246,0.0103025369329506,0.575029832935561
"IDH3G",12.6514974618131,0.472584176343181,6.82805751246461,0.0103431069975856,0.576819809069212
"IDI1",1.53709232013354,0.086788934026376,14.3047055060256,0.00927268635429858,0.575477326968974
"IDS",1.17223679793589,0.0296667868195381,11.7513225032398,0.00245982923075634,0.356503579952267
"IER2",0.446718513887021,0.00685159682394885,13.5885126293811,6.41636421356701e-05,0.415871121718377
"IER3",0.154973242425642,0.00115234064900661,16.9177845447919,0.00914384194366789,0.586963007159905
"IER3IP1",3.3919899563152,0.193510994125063,11.7995477753587,0.010555674932389,0.588007159904535
"IER5",0.528261902945576,0.0405279690536094,17.9662163583805,0.0152956016401683,0.70241646778043
"IFFO1",0.653170907942824,0.191297366517375,17.7568295339883,0.0229503085713588,0.898568019093079
"IFI16",1.38605056017973,0.0317528882785104,11.2767271881924,0.00349368624837722,0.335471360381862
"IFI27",0.0490827359267163,0.00136156441886544,21.6666840144587,0.0230947828258976,0.846360381861575
"IFI27L1",0.912644463627633,0.180500445545571,17.2688946803714,0.0214012611652235,0.857398568019093
"IFI27L2",1.71934084097571,0.0839577982102093,13.6726156235653,0.00749324057124066,0.538633651551313
"IFI35",0.61969385926947,0.0809036865062563,18.4970284705167,0.0193536843761266,0.787887828162291
"IFI44",0.216796493367159,0.0535622519552736,21.0953265830599,0.0246249828668426,0.889170644391408
"IFI6",0.278741081644365,0.00854357588647684,17.0862952314699,0.0102835651070179,0.607547732696897
"IFITM1",0.462815797906626,0.00415589483216304,12.2531781901871,0.00408002537178929,0.339349642004773
"IFITM2",0.609502138573173,0.00633330307131545,11.5382869980633,0.00584676096545022,0.305041766109785
"IFITM3",0.262655996634133,0.00161790240699286,14.0272407826673,0.000753997392850456,0.430638424821002
"IFNAR1",2.31648597789487,0.128531976944233,13.2087060950828,0.00961018524608885,0.576073985680191
"IFNAR2",1.43400905535995,0.071175715677725,14.0271062999992,0.0073743560172804,0.538782816229117
"IFNGR1",0.600907622771644,0.0217496995990962,15.571249233447,0.00715709078193146,0.546241050119332
"IFNGR2",0.367507632738554,0.0119641541825377,17.0568735640595,0.0104738478617082,0.6111276849642
"IFRD1",0.71093074509882,0.0235765362523526,14.7669866024152,0.00509472499001505,0.506115751789976
"IFRD2",1.86611840820031,0.147425236327704,14.8016205721603,0.0142841944406423,0.683025059665871
"IFT20",2.76119467204477,0.165606016753709,12.6353358484394,0.0107135939363063,0.595614558472554
"IFT22",0.759365402118412,0.202698205094901,17.3776701521663,0.0225379153543353,0.893198090692124
"IFT27",3.15110953199696,0.335808421706964,12.2025141694299,0.0168128008687975,0.780727923627685
"IFT43",1.36751120839987,0.207778100310218,15.9357199912109,0.019638791427774,0.822046539379475
"IFT52",4.48489026436634,0.410445207019843,10.587544036015,0.0157067670966069,0.773717183770883
"IFT57",1.14446192553456,0.123767420505514,16.7737388833112,0.0175185895195831,0.754922434367542
"IFT74",0.624050481331375,0.203175533166472,17.6942107978432,0.0232500340074449,0.91109785202864
"IGBP1",5.48774505637394,0.178652140000653,8.62800798724749,0.00347965085066547,0.411843675417661
"IGF2R",0.609191516904773,0.0875707062360244,18.65479395681,0.0201367209681766,0.805489260143198
"IGFBP4",0.133259289616842,0.00506124041071292,19.8036618138448,0.0178832593625365,0.75
"IGFBP7",0.0728189632640025,0.00120354192556994,20.5105385209608,0.0196839446654637,0.782965393794749
"IGHMBP2",0.99737455263526,0.226565200607569,16.4788282569209,0.0215294905490703,0.876640811455847
"IGSF8",0.537347628999914,0.0534118006132573,18.5619438383903,0.0177864433994882,0.752684964200477
"IK",2.43135791393329,0.0863323535985325,11.114859306103,0.00164035802295148,0.411694510739857
"IKBIP",0.764556719503782,0.0820689806938385,17.7980689940956,0.017630732319534,0.752237470167064
"IKBKB",1.82436120137278,0.172820322019688,14.8655209868984,0.0158277982096776,0.720167064439141
"IKBKG",2.95329737260885,0.24053446604824,12.7706872241068,0.0146659607166502,0.696002386634845
"IKZF5",1.84707939809816,0.281041649825933,14.3100111233701,0.0190737332555485,0.829803102625298
"IL10RB",1.22443390275089,0.150479002910486,16.4856451112909,0.0182822955144909,0.775805489260143
"IL13RA1",0.394917792678193,0.0554744529437451,19.7771832628621,0.0211633506153617,0.820704057279236
"IL15",0.0873354075567378,0.0318665304197611,22.4654487095178,0.0272110383466615,0.933025059665871
"IL17RA",1.59562593182522,0.181260713949387,15.394223932753,0.0173870983170278,0.759099045346062
"IL1RAP",0.256111763527154,0.0676630355372376,20.8232268729123,0.0246562120951185,0.89409307875895
"IL27RA",0.657433949537255,0.0460002355486081,17.2094184140148,0.0136533829167363,0.669898568019093
"IL32",0.339351486832522,0.00144770909762103,12.9289881956552,0.00246043295777631,0.370972553699284
"IL4R",0.853253654197796,0.0475183728117669,15.7971821288118,0.0100102834380931,0.597106205250597
"IL6R",0.339710547735153,0.0423530778635939,19.8424044545835,0.0205395264384816,0.805787589498807
"IL6ST",0.887899350452596,0.0505669763434005,16.050240618513,0.0108977482515359,0.614856801909308
"ILF2",4.44001257995248,0.065423748410162,6.53718112545473,0.0109060729806666,0.158711217183771
"ILF3",5.18731563260737,0.124649817540291,7.792425999115,0.00224615588456734,0.303699284009547
"ILK",2.35990889051828,0.0842888805147131,11.3693843388893,0.00203748653540286,0.42153937947494
"ILKAP",6.17698029692981,0.317749728113594,9.30972660357376,0.011335249134123,0.59964200477327
"ILVBL",0.33744083995419,0.0339661693224554,19.5047095848071,0.0190628368382895,0.775656324582339
"IMMP1L",1.37911558466985,0.221780305891889,15.7686179544025,0.0198536905047509,0.83159307875895
"IMMP2L",1.08041839541841,0.328136356445849,14.7108545098031,0.0212398169493592,0.916020286396181
"IMMT",3.31530556097956,0.1785612286169,11.7889088242088,0.00969527292887508,0.56876491646778
"IMP3",2.57470272285366,0.0920846895359343,11.0922084891465,0.00208158929901303,0.418854415274463
"IMP4",4.99825055487486,0.236709688347517,10.0078745991354,0.00930520862552095,0.547881861575179
"IMPA1",3.2166358867819,0.377827919906022,11.7477820442561,0.0171106693280765,0.806980906921241
"IMPACT",0.936844840607279,0.276191231091872,15.8349994379069,0.0218966864348679,0.908263723150358
"IMPAD1",1.97812718320319,0.277641394965312,14.1786541772077,0.0186894638254131,0.817869928400955
"IMPDH1",1.28259019997675,0.174140677942205,16.3325785916878,0.0190514253444146,0.798926014319809
"IMPDH2",1.85953447569825,0.0614582685391541,12.5057322136054,0.00265409098323332,0.445704057279236
"INAFM1",0.326129658715515,0.122744035800348,19.8933579119181,0.0249989762295331,0.920047732696897
"INF2",1.06785381731242,0.200894105000017,16.6946671625185,0.0209733459420845,0.853669451073986
"ING1",0.87410734968034,0.137761417835317,17.6555206534765,0.0203450704324521,0.820704057279236
"ING2",1.02040846046643,0.174653607821931,17.0187814066268,0.0205981590270844,0.836217183770883
"ING3",2.28073511318693,0.272865420553172,13.7271434754043,0.0176895254655576,0.787291169451074
"ING4",2.08520336024786,0.203577045489766,14.2510192683994,0.0160301680794768,0.727923627684964
"ING5",1.94960235195405,0.355162003559255,13.2434126636713,0.0192305694367922,0.866945107398568
"INIP",2.08161432745607,0.201101137961923,14.4213208774055,0.0161994642205829,0.73299522673031
"INO80",1.64735414440125,0.240000576853884,15.0502087860871,0.0190937283966237,0.816825775656325
"INO80C",3.53022061201983,0.3422697238755,11.834785322532,0.016282541740674,0.766706443914081
"INO80D",1.7580782509854,0.189484975714266,15.1329613540235,0.0171593586837435,0.755519093078759
"INO80E",4.33088837663974,0.235087849570997,10.66319734471,0.0105131033270321,0.580399761336515
"INPP1",0.806792226952286,0.112243910127839,17.928104918678,0.0196817605006239,0.800566825775656
"INPP4A",0.4834638351756,0.0940894862613651,19.3064731748433,0.0221510667505326,0.849343675417661
"INPP5F",0.55725723958935,0.0759495500946425,18.8452614006685,0.0199485102537075,0.799522673031026
"INPP5K",3.47841793193411,0.244796604599885,11.8696000234708,0.0132000302625337,0.654534606205251
"INPPL1",1.73883706358236,0.446355332698628,11.9314324087033,0.0190013973802658,0.915125298329356
"INSIG1",0.370679187598497,0.0081191322205633,15.2732767611493,0.00502771363248269,0.508800715990454
"INSIG2",1.31284060642133,0.131691697207934,16.0939200126136,0.0164060828841278,0.730161097852029
"INTS1",2.05769214388193,0.362553279199152,13.068468942598,0.0190602357813221,0.865900954653938
"INTS10",3.53101366835769,0.216484310566053,11.8965852298493,0.0118548374236304,0.620525059665871
"INTS12",8.49166186803577,0.576440414855065,8.32458372151232,0.0129150944411137,0.776849642004773
"INTS3",1.88687386739937,0.269170847833736,14.3897955610218,0.0188192628729626,0.818615751789976
"INTS4",4.3001269892621,0.546846700400322,9.30171561295234,0.0156300640731824,0.862022673031026
"INTS5",3.51817152445651,0.62628983111194,8.33038188869489,0.0150629983868885,0.915572792362768
"INTS6",0.688459039199457,0.0667146446286513,17.8904456389936,0.0168946099767322,0.735680190930788
"INTS7",1.39192920912986,0.262342054878047,15.301402025009,0.0203639736191992,0.859636038186158
"INTS8",1.79492684737226,0.237539594313612,14.7782109463017,0.0184660128008941,0.799075178997613
"IP6K1",4.3227991650511,0.283093108822521,10.8953519367148,0.0129382422874565,0.647971360381862
"IP6K2",2.15740743577686,0.0838839079433946,12.14978792786,0.00382659519041529,0.460471360381862
"IPMK",0.896077087031881,0.167998092340627,17.4046228489734,0.021175960820067,0.848001193317422
"IPO11",0.853349424349835,0.233194397590545,16.6804592810575,0.0221922012263428,0.896628878281623
"IPO13",2.64065347821702,0.387063783597205,12.1503333200753,0.018041185325645,0.843675417661098
"IPO5",1.03526865238383,0.0612188467709168,15.8238708275964,0.0111216064925689,0.618287589498807
"IPO7",2.60186320192602,0.110881579186645,12.1951461188044,0.00604453368082554,0.500447494033413
"IPO8",2.46431653283399,0.438971165602974,11.5793357674645,0.0181524575391892,0.878878281622912
"IPO9",2.06907411914034,0.255692861211485,14.2225422710219,0.0180137604433714,0.792064439140811
"IQCB1",1.8561772584349,0.22139884095585,14.825586728323,0.0178949825912794,0.780429594272076
"IQCE",0.930661794729261,0.391734970956422,13.6192581683247,0.0208760739448963,0.943019093078759
"IQCG",0.217439874145685,0.0217506625088644,20.2890421117445,0.0204469430045366,0.800566825775656
"IQGAP1",3.17802645811122,0.0738565601957065,8.82441660792355,0.00488861557971916,0.279534606205251
"IQGAP2",0.37191879227281,0.0285701576597225,18.6965808887648,0.016443101666795,0.724343675417661
"IQSEC1",0.448892694538717,0.215635638904746,17.8852602826874,0.0241294493996066,0.938693317422434
"IRAK1",1.14906574598068,0.263232338856527,15.6899889727209,0.0211807472917584,0.882458233890215
"IRAK4",1.94577047747016,0.202842875030283,14.577836929682,0.0166542911414911,0.744033412887828
"IREB2",3.6562066362858,0.307977548680837,11.7638932355079,0.0152410409977938,0.722852028639618
"IRF1",0.848460765261804,0.0203255955809208,12.6769364827536,0.000996573636364333,0.389767303102625
"IRF2",1.35935062269075,0.0703113642543102,14.4073486699386,0.00824671958289934,0.55727923627685
"IRF2BP2",0.579144897116269,0.0224575164556739,15.7596576101827,0.00775312621308418,0.557428400954654
"IRF2BPL",0.400227593796632,0.0917332035970845,19.8171825413451,0.0233107417828734,0.873359188544153
"IRF3",2.16669548489791,0.138954934776718,13.579104821065,0.0111580525192443,0.609337708830549
"IRF7",0.470324766047911,0.0155201906527767,15.3320108874818,0.00592602122730721,0.523717183770883
"IRS2",0.409714729148709,0.0315502627126199,18.6478970082768,0.0165122915688964,0.725984486873508
"ISCA1",2.10276324469052,0.0875176563358363,12.2623980830042,0.00443021639235138,0.471509546539379
"ISCA2",2.63553384076875,0.343826767229713,12.6026682377309,0.0178110084439294,0.814886634844869
"ISCU",1.27520051467588,0.018700441193736,9.5212112208847,0.00978505639482291,0.221360381861575
"ISG15",0.321139388329269,0.00891222941235323,16.4008422287702,0.00834257930374242,0.571002386634845
"ISG20",0.536225358216149,0.0106497120325184,13.7777677196406,0.00101740761890659,0.432428400954654
"ISG20L2",2.64263347323874,0.172240606556074,13.1498908627274,0.0121033943885414,0.629922434367542
"ISOC1",1.0125253137921,0.0809101931717282,16.4021411941417,0.0140465470251871,0.676909307875895
"ISOC2",1.24561363752519,0.135610632731307,16.5626448811332,0.0176431936459341,0.759546539379475
"IST1",7.46267058890432,0.255116053608361,7.19808332349142,0.00563537508410366,0.430340095465394
"ISY1",2.28829248038279,0.359988545748117,12.8506813537019,0.0186150301784891,0.84964200477327
"ISYNA1",0.166079318452607,0.0254589377085733,21.2779640079149,0.0234858562242194,0.859486873508353
"ITCH",2.78245287924205,0.213329816370515,13.0645475862862,0.0140245981690495,0.677505966587112
"ITFG1",2.44590979714459,0.183644532674557,13.4842318102591,0.0134675154694099,0.662291169451074
"ITFG2",1.5485025930586,0.234593513968045,15.2235222513255,0.0192725499562839,0.819510739856802
"ITGA1",0.14214901415392,0.019900129716438,21.373474633916,0.0234167023538196,0.856801909307876
"ITGA6",0.100445315287497,0.00593148022126566,21.1051222251309,0.0217382978402895,0.822195704057279
"ITGAE",1.05185333872658,0.0410210898026314,14.0292743274528,0.0047518825696858,0.494033412887828
"ITGAV",0.570838662008534,0.0427254740039228,17.9142586175472,0.0152969961334354,0.702714797136038
"ITGB1",1.38801601760839,0.0182694932171364,9.3674021065002,0.0102447536195318,0.213156324582339
"ITGB1BP1",2.05147105931615,0.0845366227216082,12.588290900693,0.0049188811100718,0.483741050119332
"ITGB2",0.383172046019887,0.0175467239066051,17.4411000179105,0.0120537325002826,0.640363961813842
"ITGB3BP",1.32200218238785,0.241227346520376,15.7212153143321,0.0204556477405203,0.854415274463007
"ITM2A",0.314099072216971,0.00655987648314614,15.9950016005062,0.00694972249049368,0.545346062052506
"ITM2B",1.99003501047828,0.0115743150216948,6.24365922098716,0.0194268158009925,0.0422136038186158
"ITM2C",0.208191626263363,0.00603015990731448,18.077837310219,0.0129346051935528,0.657517899761337
"ITPA",3.82772064188006,0.215031276501345,11.5048794292645,0.010995545519056,0.598299522673031
"ITPK1",0.39582748462436,0.0759658657529731,19.8395957374989,0.0225284842631515,0.85277446300716
"ITPR1",0.235928597880032,0.0132822548833655,19.0135087625573,0.0162081557429675,0.719122911694511
"ITPR2",1.08341717301693,0.140180672303006,16.8735018014677,0.018665913252407,0.782667064439141
"ITPRIPL2",0.303380410916516,0.11098599174355,20.145925622579,0.0250838936287056,0.917511933174224
"ITSN1",0.664781565030772,0.180982905953445,17.9440820223876,0.0229253401025045,0.894391408114558
"ITSN2",2.38560734866284,0.0977353555648613,12.0347611612778,0.00470603823102658,0.474343675417661
"IVD",0.738622088204154,0.198617468653782,17.4454666717655,0.0225466768976941,0.891557279236277
"IVNS1ABP",0.901684437092161,0.0273637472031888,13.629573247593,0.00234893982173858,0.451670644391408
"IWS1",4.14523852627854,0.269677221345438,11.2391717212663,0.0129427611559975,0.649463007159905
"JADE1",0.634412760922095,0.13168766067898,18.4980553583163,0.0220590229995977,0.857547732696897
"JADE2",0.500601504047502,0.0978049723721166,19.2135924418088,0.0221136326060105,0.849492840095465
"JAG1",0.154285655338083,0.00753287330842172,20.0118670654452,0.0186612479891211,0.76491646778043
"JAGN1",6.42091416844772,0.311333860716718,8.88538562605327,0.0105630493009283,0.572195704057279
"JAK1",1.60041097461225,0.0185567614484963,7.98159805452541,0.0138865367544264,0.14200477326969
"JARID2",0.710958976667176,0.0559555988774756,17.3866562357585,0.0148410267271093,0.693615751789976
"JAZF1",0.851157783540573,0.116992764094781,17.7029707431847,0.0194048550427127,0.795196897374702
"JKAMP",3.61530054481708,0.282472187857395,11.7918666121107,0.0144847053863123,0.69480906921241
"JMJD1C",1.70417349626668,0.0565612108957348,12.194512400697,0.00146431582927921,0.422285202863962
"JMJD4",0.456871229833232,0.189187205144211,18.35427259763,0.0241812430699207,0.927953460620525
"JMJD6",2.67125026514427,0.124408648975829,12.1149918504989,0.00691549893750275,0.515065632458234
"JMJD8",2.53456220637042,0.475939653640708,10.9972615611875,0.0177971731832143,0.892452267303103
"JMY",0.58834014745582,0.0756073975765882,18.5929417172602,0.0192862069672564,0.785650357995227
"JOSD1",1.13224443326591,0.0723949320919047,15.5274629044002,0.0112371150339868,0.618884248210024
"JOSD2",2.63267903704057,0.195384982251675,13.3417933899064,0.0136994666616489,0.669152744630072
"JPX",2.78566976971434,0.266468377750139,13.0870413220097,0.0162096002304968,0.744033412887828
"JTB",4.12817403224992,0.0664707381804046,6.40272600638437,0.0111014062325685,0.152147971360382
"JUN",0.440152526449657,0.00273951490616855,11.3003585757733,0.00699749925246572,0.285352028639618
"JUNB",0.752985773036148,0.00478679220652683,9.03937515196797,0.0131270881430165,0.168854415274463
"JUND",0.707869338010941,0.0360527806429574,16.0670269107078,0.00978363631219219,0.594421241050119
"KANSL1",3.26107440848475,0.210299471937494,12.0760220450558,0.0119993593283088,0.623210023866348
"KANSL1-AS1",0.416080388451235,0.143366592849102,19.2382102919055,0.024337383266996,0.913036992840095
"KANSL2",2.93588427415576,0.23334539098088,12.8227807061043,0.0144489575644601,0.689737470167064
"KANSL3",4.13242599450168,0.522474362651258,9.67796560345782,0.0159686804934856,0.856354415274463
"KARS",8.57765176469288,0.4765359062939,8.35816973508092,0.0127392401808076,0.68958830548926
"KAT2A",1.78059602741464,0.325328410456005,13.8889716257468,0.019591105241957,0.864110978520286
"KAT5",3.84154875838233,0.361529834259931,11.3523723705963,0.0159984725390307,0.762828162291169
"KAT6A",2.36331863426737,0.177124813410162,13.6287872512548,0.013425569382342,0.661396181384248
"KAT6B",1.2048043684289,0.120426829209704,16.3481435709476,0.0163705128023144,0.728371121718377
"KAT7",4.1174569401977,0.382054333873361,10.9115326312399,0.0158047997431581,0.762380668257757
"KAT8",4.7925799439719,0.369534720956007,10.5577118156484,0.0147852374175847,0.72464200477327
"KATNA1",3.85499607050903,0.367144814210939,11.3543327869012,0.0160923772318012,0.768943914081146
"KATNAL1",1.00585097704518,0.260894690471767,15.9656558754132,0.0216659114668747,0.894689737470167
"KATNB1",2.45836201300256,0.404261003045766,12.0929884380136,0.018316904369866,0.863215990453461
"KATNBL1",4.37163220626613,0.263618479870276,11.0000993584636,0.0122403256221349,0.629474940334129
"KBTBD2",1.59436051952684,0.203426850114725,15.4153186936185,0.0183860906718007,0.788782816229117
"KBTBD3",1.11426866571573,0.348030543594037,14.2648350877876,0.0209709482939566,0.91840692124105
"KBTBD4",2.74404071793134,0.290826102924482,12.897348893313,0.0167793147499219,0.76491646778043
"KBTBD7",0.356782964632419,0.126352647952872,19.6923408297454,0.0246776392690544,0.91423031026253
"KCMF1",2.36182176284608,0.26163319472334,13.7932716594217,0.0173514630105625,0.775805489260143
"KCNAB2",0.503481225053185,0.0486783236007777,18.5469098303874,0.0174414267913517,0.745226730310263
"KCNQ1OT1",0.17629206278936,0.0270691346222626,21.1919445347458,0.0233412884918884,0.857100238663485
"KCTD10",2.68575100581967,0.316313928032462,12.9194697289588,0.0175170211917632,0.796688544152745
"KCTD13",3.93797684259319,0.373313405842503,11.2250470617689,0.0160325244632866,0.768943914081146
"KCTD18",1.32877901659026,0.311927240958527,14.6343150260014,0.0206493847771075,0.889319809069212
"KCTD20",1.52462909994529,0.0974854193394947,14.7855873610891,0.0111920472875708,0.615304295942721
"KCTD5",2.48137251600708,0.275368965899975,13.4501901204051,0.0172286116525989,0.775059665871122
"KCTD6",1.53677622485194,0.339757497947231,13.9270258289647,0.0200968924249558,0.886485680190931
"KCTD9",0.688348908397654,0.10778300043734,18.4587128908142,0.0207347619417803,0.822643198090692
"KDELC2",0.248214168995597,0.1068025328441,20.486016705118,0.0257357263253145,0.930041766109785
"KDELR1",1.70362910522273,0.0371291355767215,10.5578336072928,0.0047532180373174,0.307428400954654
"KDELR2",1.84107443700724,0.0373945224376256,9.68445655883302,0.00695337340854781,0.262977326968974
"KDM1A",1.48891098092705,0.283444875019429,14.8651245183095,0.020197519583856,0.863514319809069
"KDM2A",2.77455708412098,0.159814760809512,12.4623185937687,0.0100265957784768,0.57950477326969
"KDM2B",0.802711888243459,0.0718590583876422,17.2209361248845,0.0155219576496384,0.707488066825776
"KDM3A",0.824484766865424,0.100546831667199,17.715685792869,0.018527282998505,0.773418854415274
"KDM3B",2.01114048481163,0.363322572134014,13.0727536111322,0.0191182527140802,0.86769093078759
"KDM4B",0.863090030529846,0.182354562427551,17.3205622513638,0.0216183834596534,0.862917661097852
"KDM4C",2.96445253236296,0.410136419625576,11.6227262711793,0.0175967532023777,0.840990453460621
"KDM5A",2.77747521536024,0.112966830779423,11.4571882754411,0.00461346361935048,0.466437947494033
"KDM5B",1.07933387562449,0.0507573593058873,14.9031473216918,0.00789546673074319,0.554594272076372
"KDM5C",3.06880544861126,0.244591223122235,12.6714920721015,0.014601670176726,0.695256563245823
"KDM6B",0.684409807235755,0.0316710649066523,16.109930701085,0.00951441388877377,0.590095465393795
"KDM7A",0.613363534747415,0.0671381018814373,18.4375368864446,0.0183394035746367,0.765363961813842
"KDSR",1.15060324123413,0.0446808981342925,14.0541939176321,0.00513402819710912,0.500894988066826
"KEAP1",3.23059691116393,0.189755834426863,12.0805032604966,0.0109006684722392,0.59755369928401
"KHDRBS1",4.38105839331178,0.111841331434255,8.79172574544608,0.00135754409059589,0.33368138424821
"KHNYN",1.24337671548411,0.274013022571262,15.3253694531126,0.0208380057416484,0.87708830548926
"KHSRP",2.47966764159308,0.22944793668437,13.8179020740039,0.0161169007551827,0.7361276849642
"KIAA0040",0.458518500399458,0.0360813814687467,18.4231963515249,0.0162186736884,0.720465393794749
"KIAA0100",2.6267065147688,0.266284742578456,13.2437316247232,0.0165451953879919,0.752834128878282
"KIAA0232",1.20288635933983,0.184024110129291,16.4089546988807,0.0196900600060537,0.816378281622912
"KIAA0319L",0.241168896200852,0.0105481611715907,18.3923721667494,0.0142118295394733,0.681384248210024
"KIAA0355",0.953661231464378,0.240732308988952,16.3489312157304,0.0217765550322532,0.888723150357995
"KIAA0930",0.478717654852408,0.121724414099502,19.2443035208885,0.0233701757312783,0.883800715990454
"KIAA1109",1.18932481714801,0.12768341067221,16.412143037718,0.0169427007082656,0.741646778042959
"KIAA1143",5.30740741099231,0.420093464972546,9.92466823370503,0.0148404157605691,0.744033412887828
"KIAA1191",3.05359412690193,0.170655856944303,12.1480671836462,0.00998237344305035,0.577118138424821
"KIAA1586",1.16127856057902,0.216646710251761,16.2411143603979,0.02066174577361,0.850536992840095
"KIAA2013",1.27834851377476,0.351120641377948,14.035551758282,0.0206066278678138,0.908860381861575
"KIAA2026",2.32808048110707,0.31331612736659,13.3307933682448,0.0182239796922319,0.81667661097852
"KIDINS220",1.42646128443676,0.165413041569162,15.9307946978771,0.0177678635542527,0.766258949880668
"KIF13B",1.43325995023144,0.255881661989024,15.248178235628,0.0200736586526234,0.84859785202864
"KIF16B",0.58194286671294,0.161675959206963,18.4434031359687,0.023260744551151,0.89513723150358
"KIF1B",0.644658504357994,0.0927197470366341,18.6256034939275,0.0203305460012036,0.810859188544153
"KIF1C",1.13719212108746,0.314920652667734,14.857267276655,0.0211557467468972,0.906175417661098
"KIF20B",0.343963978947292,0.0498467969369983,19.9639647619071,0.0213403361144846,0.822941527446301
"KIF21A",0.515191881369617,0.0850153546208229,19.1827048545045,0.0213317097169261,0.830101431980907
"KIF22",0.692940981190411,0.0559615945553592,17.5126613086174,0.0151740247173379,0.700328162291169
"KIF2A",1.55056361953745,0.0766252052228208,13.9433527977533,0.00758667355797264,0.542213603818616
"KIF3B",1.08993959483245,0.150870620341964,16.8778197444354,0.019200184945338,0.797136038186158
"KIF5B",3.95336705623223,0.0876861091938924,8.33016837879136,0.00458248959234367,0.276998806682578
"KIF9",0.904110369501426,0.201535456529911,17.0462528122927,0.0217720219348295,0.873657517899761
"KIFAP3",1.70990440871101,0.19945640242885,15.1353883995865,0.0176459121200675,0.768943914081146
"KIFC3",0.230184232898608,0.0680777953058233,20.9976133098627,0.0251425996524201,0.904087112171838
"KIN",7.43308947342113,0.542346715433792,8.6003957480287,0.0136437077099553,0.77535799522673
"KIZ",2.00057426675786,0.33994684277009,13.4124537008044,0.0191244169318935,0.856205250596659
"KLC1",4.85458863124209,0.391069057547245,10.3950930771551,0.0150249346322587,0.739856801909308
"KLC2",3.15336881894896,0.443470761371189,11.1006165195369,0.0173197393929005,0.851431980906921
"KLC4",1.84498133040525,0.489616312447772,11.0939163793209,0.0183576238645845,0.924075178997613
"KLF10",0.253049235794151,0.00962391089014444,18.1901985649732,0.0135474581861935,0.669003579952267
"KLF13",1.05391728505306,0.10581860519042,16.7336071000399,0.0164446416968364,0.72881861575179
"KLF2",0.0770988609729322,0.0301827160988487,22.6076157853958,0.0275196269362757,0.938394988066826
"KLF3",0.236505883564984,0.01799202202676,19.7677498951694,0.0187008818142594,0.766855608591885
"KLF4",0.129351200888757,0.00572456900804273,20.2214988237785,0.0191456976720447,0.773717183770883
"KLF6",0.732328856994766,0.00497824703930718,9.27187485884793,0.012445393775001,0.181533412887828
"KLF7",0.258504763630944,0.0318967451500127,20.3775518666405,0.0213516227185971,0.81980906921241
"KLF9",0.290533211406886,0.0646133303523573,20.5414002115036,0.0237471322036777,0.874701670644391
"KLHDC10",1.23325985178818,0.263150334371695,15.5593609674128,0.0209077102680311,0.875
"KLHDC2",2.4091301425125,0.17385729421971,13.4313128364588,0.0128622925897719,0.64722553699284
"KLHDC3",4.37690010834457,0.215298875331712,10.6042682246839,0.0093464342320216,0.553251789976134
"KLHDC4",4.04472433276018,0.514761899548581,9.76243846520716,0.0160896462791148,0.853669451073986
"KLHL12",1.98918591068598,0.350334151637526,13.2844146688376,0.0191654139432622,0.862619331742243
"KLHL18",1.92964074537959,0.270703165330449,14.3486175464977,0.0187661868702564,0.818019093078759
"KLHL2",0.578857596831803,0.148659907866119,18.5582360110296,0.0229798460092912,0.883800715990454
"KLHL20",2.42256382638088,0.359502411542877,12.6787226272397,0.0183307904045067,0.839349642004773
"KLHL21",0.50347998473202,0.0426073642733773,18.3731608609211,0.016544317918039,0.727177804295943
"KLHL22",0.426616406078531,0.143246476399019,19.1820099703823,0.0242049308881713,0.909904534606205
"KLHL24",1.41835143654428,0.0832069093192673,14.7157787841209,0.0100031568556039,0.591736276849642
"KLHL28",2.17264263554614,0.183888196527383,14.0357053280667,0.0146425239715375,0.691378281622912
"KLHL36",1.34468926165745,0.253448653110469,15.4097843094919,0.0203267480989335,0.854415274463007
"KLHL42",1.14700811159348,0.17505505881749,16.6672832971486,0.0198388654941668,0.818019093078759
"KLHL5",0.806225535340228,0.168886765806415,17.6580412282844,0.0217863406626225,0.862768496420048
"KLHL7",1.63433211096634,0.187389576783719,15.3667226787204,0.0175828844445788,0.765363961813842
"KLHL8",0.899477671215117,0.306824245642715,15.3316075394107,0.0218439367313289,0.922285202863962
"KLHL9",1.06273117818076,0.195781548383441,16.6693823849723,0.0207505634868843,0.845912887828162
"KMT2A",1.53901279425689,0.0622745440752951,13.1433718320516,0.00439264354442257,0.47986276849642
"KMT2B",2.04207862629924,0.340173298777913,13.3578491932003,0.0190338652270333,0.853371121718377
"KMT2C",2.05019273084423,0.118467105458304,13.6867282438271,0.0100285592914964,0.587112171837709
"KMT2D",2.6647520187195,0.350244083993209,12.5608121787501,0.0178573388046742,0.819958233890215
"KMT2E",2.14827942764442,0.0425936726711885,8.9456784447474,0.00817160978434902,0.234337708830549
"KMT2E-AS1",1.06407329422398,0.368776945043108,13.9343559870769,0.0208894964677698,0.928400954653938
"KMT5A",2.3931486819718,0.480001473968652,11.0376431941919,0.0179175315198827,0.901103818615752
"KMT5B",1.98450009370661,0.217923172379233,14.5559105048448,0.0172195387004374,0.761784009546539
"KMT5C",1.13841777131047,0.307172564007666,14.9960216932447,0.0211920898149945,0.903341288782816
"KNOP1",0.864710575564928,0.17631605330973,17.4160828193076,0.0215617646608431,0.859785202863962
"KNSTRN",0.252427113302296,0.114840893697206,20.3443007653437,0.0257511608119007,0.933472553699284
"KPNA1",2.58497518814431,0.142454052870694,12.8247471191539,0.00966327413814799,0.574880668257757
"KPNA2",0.971731425022749,0.0352613406341147,14.0926798926771,0.00437384318106242,0.488514319809069
"KPNA3",3.37976353163435,0.230235508545986,12.3086996284599,0.0132279383001049,0.657965393794749
"KPNA4",1.99094038542281,0.11078098590663,13.8835157907432,0.00991652288744935,0.586515513126492
"KPNA6",4.17023711029726,0.271544132854139,11.1760656294471,0.0129238324531057,0.648568019093079
"KPNB1",4.57503435994319,0.104716189547575,8.00232189315042,0.00362067257213555,0.28609785202864
"KRAS",2.35085545858761,0.0920043592119807,12.1585737159078,0.0044909929925992,0.472404534606205
"KRBOX4",7.62092196953923,0.696643369855035,7.73177934887116,0.0117526326442304,0.870525059665871
"KRCC1",1.45430437356334,0.0943151572785783,14.9677166159464,0.0114105011749227,0.620375894988067
"KRI1",1.14565394134766,0.188211784053489,16.5438863650204,0.0201564018493728,0.829057279236277
"KRIT1",2.74280253829278,0.270938254461099,13.0700678109657,0.0163751098514767,0.749105011933174
"KRR1",3.48680337648029,0.169266103844743,11.3691610679517,0.00828524832099446,0.535799522673031
"KRT10",1.16649950560252,0.0176047630844028,9.38690282693531,0.0103075030300448,0.2118138424821
"KRT18",0.105437988556618,0.00519216469762376,20.8074036590273,0.0208194086250716,0.804892601431981
"KRT8",0.0575876613016338,0.00481327013740631,22.2380292305435,0.0249824770170959,0.882458233890215
"KRTCAP2",2.91675877405225,0.0518819464508709,7.86496642586334,0.00962434998299484,0.197195704057279
"KTI12",1.61434110588291,0.264441049809807,14.8606880466348,0.0195889957373161,0.838454653937947
"KTN1",2.22435668363439,0.0348605445487453,8.46197672652473,0.0103494959815946,0.197494033412888
"KXD1",5.64649106962993,0.223554697616126,9.24817966741893,0.00720870536234496,0.494033412887828
"L3HYPDH",0.353460524954434,0.188268506910559,18.6628311266285,0.0248355469430176,0.943466587112172
"L3MBTL2",1.65325576784189,0.314612166184474,14.1436645100416,0.0198072613297399,0.865005966587112
"LACTB",0.93778863362137,0.126122192086845,17.4258218164431,0.0192161361473021,0.792810262529833
"LACTB2",1.73677652471878,0.341874861219884,13.6853523616102,0.0196829820991948,0.874850835322196
"LAGE3",2.10341843421254,0.0917902059772373,12.8642091493418,0.00614100728769068,0.508054892601432
"LAMC1",0.239757043309633,0.0449178984567645,20.8618299750622,0.0234910158177815,0.864409307875895
"LAMP1",2.84483600011937,0.0919227156904767,10.3955788873881,0.000469986856227001,0.383800715990453
"LAMP2",1.16812197803305,0.0624057648715607,15.1011141772904,0.00936039969239295,0.582040572792363
"LAMTOR1",2.6096991056016,0.0883968324011837,10.9189119433767,0.00134534927556153,0.404832935560859
"LAMTOR2",4.19369490840283,0.165675790246942,10.0825535588442,0.00547536979903162,0.467183770883055
"LAMTOR3",4.18993331342482,0.176967449289031,10.4388144948181,0.00684973540160531,0.498508353221957
"LAMTOR4",3.28309165809119,0.0986951675059525,9.85197758741979,0.000164862113580598,0.366646778042959
"LAMTOR5",8.12669477847757,0.156949472391802,4.9950937933219,0.0045085466777083,0.218526252983294
"LANCL1",1.53101594136395,0.291241322011464,14.6508733120225,0.0200589164618735,0.862321002386635
"LAP3",1.07065209783814,0.050374925659349,14.7541877461882,0.00748823265690736,0.546241050119332
"LAPTM4A",1.65132266064233,0.021289928241784,8.56209908299261,0.0119541857421618,0.177356801909308
"LAPTM4B",0.542055970871856,0.0952931950204398,19.1142712846256,0.0217084785650136,0.840542959427208
"LAPTM5",0.458476638657258,0.00403344815749204,13.0576789894575,0.00178925922684251,0.382607398568019
"LARP1",1.88919784207836,0.179978898210899,14.7918282912332,0.0159998932966069,0.725387828162291
"LARP1B",0.886814754885568,0.246377872574072,16.4129503980167,0.022092501967275,0.899761336515513
"LARP4",2.47928402292029,0.141829581082091,13.1904705422018,0.010388241408603,0.592482100238663
"LARP4B",2.07923304794474,0.259764450800401,14.1792291283265,0.0180738094140061,0.794898568019093
"LARP7",2.98463904702959,0.195654746689026,12.6930893465148,0.0123934664966031,0.635889021479714
"LARS",2.33377496726893,0.159192258217064,13.6988434791478,0.0125438865521997,0.641408114558473
"LAS1L",2.19239886596756,0.323176549543684,13.4444191858672,0.0186783227392815,0.835322195704057
"LASP1",2.22192061373611,0.0973034525986044,12.3534984602379,0.00543391427434109,0.490005966587112
"LATS1",1.82936365242433,0.23515308676649,14.6893596409439,0.0182183047881223,0.791467780429594
"LATS2",0.316989549957505,0.0873121797311059,20.3227891924854,0.0243747813333419,0.894391408114558
"LBR",1.11224696798394,0.0780218673216416,15.9108829159428,0.0126000044451317,0.646927207637232
"LCMT1",4.6091875408331,0.29269399813532,10.712478964924,0.0128858735641128,0.648120525059666
"LCOR",1.88462279234297,0.258686143020217,14.4590383808711,0.0186082399378031,0.809069212410501
"LCORL",0.999430685311915,0.227904719207823,16.4660398972617,0.0215467598853229,0.877684964200477
"LCP1",0.501395065326744,0.00767086091839824,13.6693060710077,0.000377613902161743,0.421688544152745
"LCP2",0.420236667153306,0.0235672427801031,17.6699329734755,0.0131900449077957,0.661694510739857
"LDAH",0.901403784100094,0.275067996305563,15.8909011627725,0.0219879860013468,0.91005369928401
"LDHA",1.58833225346573,0.0071602935508983,6.61804720641807,0.0192504502698625,0.0507159904534606
"LDHB",1.38197730474036,0.0159535781325925,9.35314458245057,0.0105933574657438,0.208532219570406
"LDLRAD4",0.385415551742869,0.0188534670632918,17.4235503576628,0.0121197771487487,0.641408114558473
"LDLRAP1",0.597591663888159,0.203091986531147,17.7500411791934,0.0233740764096189,0.914081145584726
"LEMD2",8.513245675882,0.71407246709267,7.77373137008431,0.0110002327154844,0.867840095465394
"LEMD3",1.64107970107085,0.156016509402754,15.3202298576336,0.0159460205155941,0.721807875894988
"LENG1",2.82683082026228,0.377378615221673,12.1020981291988,0.0177233693319995,0.827863961813842
"LENG8",1.63749141511489,0.112896984770102,14.857807513839,0.0123750130740345,0.640065632458234
"LEO1",2.75428781535352,0.279239123149564,13.047658828066,0.0166024868313074,0.757905727923628
"LEPROT",0.866290457110235,0.0598185278709149,16.5887761704673,0.0130209714531925,0.656772076372315
"LEPROTL1",0.594587231884509,0.0120670007369009,13.2110599957539,0.000425506533271641,0.404385441527446
"LETM1",2.75322154601797,0.299322770548694,12.9078758999938,0.0170202505979352,0.77535799522673
"LETMD1",2.21101231905245,0.181407057425279,14.0592721105787,0.0145233683288476,0.688991646778043
"LGALS1",0.388880392422476,0.00150903497502938,11.6933306034948,0.00602766419415857,0.304295942720764
"LGALS3",0.763885788832751,0.00639899037504122,10.2756481246674,0.00940380361751722,0.238066825775656
"LGALS3BP",0.216703386006024,0.0394329060050325,20.9904603735368,0.0235249866001896,0.863663484486873
"LGALS8",1.3409177173781,0.0765506878059002,14.6983009204359,0.00947124149552787,0.581443914081146
"LGALS9",0.252112651435878,0.0363976763724564,20.5318047180338,0.022070160995502,0.834576372315036
"LGMN",0.362289937564035,0.0236326824540731,18.4905485829671,0.0154944966807486,0.705996420047733
"LHPP",1.42600945670977,0.296126388717057,14.7961005356161,0.0204471838146726,0.876491646778043
"LIAS",2.88255643897096,0.5703642763377,9.34490850460625,0.0163489683969613,0.914528639618138
"LIG1",0.569367162849604,0.123344138193197,18.8985799709573,0.0225971782280905,0.867392601431981
"LIMA1",0.631180947401135,0.02674950068576,15.9777198389552,0.00873124995798097,0.575626491646778
"LIMD1",1.06149725258598,0.275493241115312,15.6205252937062,0.0214592392533121,0.895435560859189
"LIMD2",0.539095663020447,0.012261534031677,14.2730945404526,0.00258992442284275,0.461664677804296
"LIMK1",0.728285928720065,0.364951759820995,14.3792165374388,0.0216293899291261,0.950029832935561
"LIMK2",0.594358094058929,0.102519191703657,18.8701795815415,0.0214784953559106,0.837410501193317
"LIMS1",0.805994689278338,0.0278187256588278,14.3479515437841,0.00435839075930992,0.490453460620525
"LIN7C",3.14930466310433,0.344417920460839,12.1393523794291,0.016932643270856,0.787738663484487
"LINC00665",0.398303604929679,0.0919683148470569,19.888079376527,0.0234912202432462,0.877386634844869
"LINC00667",1.69356359736917,0.238917960016457,14.9585648511129,0.0188774668600781,0.810560859188544
"LINC00909",1.72740187549677,0.3445129424811,13.6344238607932,0.0196789340389582,0.875745823389022
"LINC01006",0.404610864971056,0.144053165703029,19.2647785455366,0.024431897369716,0.915423627684964
"LINC01089",0.8837714618179,0.164873210631166,17.4036344373123,0.0210575318226719,0.843973747016706
"LINC01184",1.30476493568778,0.388661297037323,13.3496242576679,0.0202639875457627,0.920793556085919
"LINS1",3.95803178076335,0.412061832258772,10.8622298700858,0.0163077815203801,0.794898568019093
"LIPA",0.483722011966787,0.097299885547296,19.2990468178647,0.0223020754934154,0.853371121718377
"LITAF",0.775735602884152,0.00900449291316229,11.0354909950834,0.00691932038574388,0.283263723150358
"LIX1L",1.10682112846319,0.141821495829826,16.7623905718494,0.0185035719598825,0.779087112171838
"LLGL2",0.956729087063046,0.33644261114256,14.6967662235504,0.0214569804009534,0.927207637231504
"LLPH",4.56817917907124,0.374817541310995,10.6355214358969,0.0151206262602719,0.736575178997613
"LMAN1",1.23325544174832,0.034196345611269,12.408997007183,0.000231166413711566,0.398418854415274
"LMAN2",3.96655838815138,0.0943614201331004,8.16521869928725,0.00423669667747498,0.278490453460621
"LMAN2L",1.50874278969257,0.31939712104245,14.2877217701351,0.0201985038444036,0.879474940334129
"LMBR1",2.60603801351671,0.266849769572311,13.2946234049143,0.0166479839737746,0.756115751789976
"LMBR1L",1.20020724153774,0.120622345723756,16.2950727953122,0.0162734111804772,0.725984486873508
"LMBRD1",2.46286590996133,0.156865933975716,13.1242473159077,0.0112525681714234,0.609486873508353
"LMBRD2",1.04401617200547,0.292698962052022,15.3576281699094,0.0214805984505598,0.904236276849642
"LMCD1",0.154843788057472,0.0171547744871389,21.0037906878562,0.0221837887542847,0.832786396181384
"LMF2",2.14057561289243,0.147799523302736,13.9175184564632,0.0124000656963381,0.638126491646778
"LMNA",0.497098236773387,0.00344190644689955,11.8226315237241,0.00540587712612613,0.315035799522673
"LMNB2",0.663660968651323,0.153102181674492,18.2557702601131,0.0224633232040451,0.873508353221957
"LMO4",0.542882905067527,0.0177072652873243,15.7297863614645,0.00722251497956738,0.548478520286396
"LMO7",0.0969285918878223,0.015585425961274,22.0344345300065,0.0250466754754385,0.886634844868735
"LNPEP",1.40212030883437,0.104054819260942,15.193638348507,0.0126549181884523,0.645883054892601
"LONP1",1.62591704264642,0.34956779375169,13.6833290849279,0.019893890919861,0.885441527446301
"LONP2",2.86620924598629,0.245878788131141,12.8836586632904,0.0151119920988962,0.70868138424821
"LPAR6",0.214663143070985,0.0451414208323638,21.0707420608132,0.0240813785356262,0.87604415274463
"LPCAT1",0.803440969565582,0.144219398106009,17.7902146104125,0.0209954966518882,0.8368138424821
"LPCAT3",2.16076946537378,0.231203729328388,14.0971099546675,0.0168837084432196,0.754773269689737
"LPCAT4",0.872393716788494,0.112959200474624,17.5544550545875,0.0188385338709566,0.781921241050119
"LPGAT1",1.61829908019231,0.273424301130055,14.7963764834498,0.0197355290963835,0.846360381861575
"LPIN1",0.670719857661458,0.0673774637632396,17.8960645742406,0.016968926488479,0.737022673031026
"LPIN2",0.561064080858911,0.0624826016055638,18.4984146358432,0.0182267927487464,0.762231503579952
"LPP",0.861307684301579,0.0746656483309945,17.2357040096625,0.0157084545831701,0.711963007159905
"LPXN",0.573840522797574,0.00823519411550898,12.8317927865457,0.00194268355650937,0.377684964200477
"LRBA",1.30512966428657,0.124250549873786,15.9894873579738,0.0157581169654221,0.714797136038186
"LRCH1",1.16856465332375,0.142416401608409,16.667758760177,0.0182859269027707,0.774612171837709
"LRCH3",2.67527763923668,0.280623873989967,13.1567294132542,0.0168487602442406,0.765513126491647
"LRIF1",0.787413074042505,0.0572265674492052,16.9967526570032,0.0138977447704961,0.674671837708831
"LRP1",0.158682485671455,0.0249881794986464,21.3643998708927,0.0237022116342575,0.863514319809069
"LRP10",2.51932676734692,0.0965109722824859,11.48006716702,0.00334558910731358,0.444659904534606
"LRPAP1",1.96600721717359,0.0777921705187272,12.1871059864375,0.0034253068743817,0.453609785202864
"LRPPRC",3.26574226439728,0.222639755680789,12.2627520137189,0.0128925522139905,0.647374701670644
"LRR1",0.835781753825529,0.148245327974568,17.7729165104194,0.021109427095265,0.840990453460621
"LRRC14",2.16011140404602,0.478969245925328,11.1099283079007,0.0181501410904928,0.907368735083532
"LRRC23",2.43995976842387,0.472649502830749,11.1090513951539,0.017932305269324,0.895435560859189
"LRRC28",0.482589808525418,0.11116762466604,19.2788521091693,0.0229508025387799,0.871270883054893
"LRRC40",1.88935188519109,0.366732394812954,13.1784096518719,0.0193674803193343,0.878281622911695
"LRRC41",4.79128656491293,0.278586356067964,10.5222933834223,0.0120040724614293,0.621718377088305
"LRRC42",1.00603536029576,0.112800702981696,17.2658877074398,0.0180752810085166,0.76596062052506
"LRRC45",0.743927010007979,0.315880572543665,15.3777452307837,0.0221972732464584,0.937798329355609
"LRRC47",4.15162127759815,0.300068568030696,11.1807328934831,0.0139852070361118,0.682130071599045
"LRRC57",2.62574002777773,0.397158221646121,12.089107501908,0.0181061627634228,0.852476133651551
"LRRC58",1.21138863992646,0.0964401983846076,16.1565202370082,0.0144152676431211,0.685262529832936
"LRRC59",2.78160101013166,0.0859538295859616,10.960161019751,0.00114862056719204,0.403341288782816
"LRRC8B",0.564030608876175,0.171190709276926,18.3458471592421,0.0234431412980703,0.902893794749403
"LRRC8C",0.47983879813185,0.0861088105259862,19.3572779300025,0.021843106446795,0.840990453460621
"LRRC8D",0.473910875636712,0.0775499154432389,19.3159222853266,0.0212658763048744,0.826968973747017
"LRRCC1",0.323117063253932,0.10317771093245,20.172033498441,0.0247719513876216,0.908114558472554
"LRRFIP1",2.0411436464299,0.0264622257023305,8.41739591044588,0.0115796483972423,0.180638424821002
"LRRFIP2",1.25165056574421,0.0318007306730956,12.5310239020064,0.000179261181807017,0.401103818615752
"LRWD1",5.44291428831477,0.5294091600348,9.1067198022335,0.0149559149825388,0.816825775656325
"LSG1",1.98048759368881,0.183677641520626,14.6692096372791,0.0158880176582532,0.723448687350835
"LSM1",14.079162745284,0.388616645102247,5.02629453328893,0.00719706042996045,0.428251789976134
"LSM10",1.9905619530859,0.0966541049584964,12.9249878927209,0.00674047599482654,0.518347255369928
"LSM12",10.2740989145823,0.447423987603001,7.60351437493668,0.0112356920082084,0.612768496420048
"LSM14A",118.25591942169,0.777742815860494,33.6949355508318,0.00396556279715877,0.295196897374702
"LSM2",1.85223756519513,0.0769396215149027,12.9825424476525,0.00523055294819703,0.492989260143198
"LSM3",3.07286035419894,0.115307142922285,11.0568986556171,0.0038681292145471,0.449433174224344
"LSM4",1.62916115346161,0.0665619522566921,13.3134251647286,0.0051645401097219,0.494928400954654
"LSM5",2.96736389260293,0.10647207048294,11.0258434212631,0.00308986292483687,0.435710023866348
"LSM6",1.87632971782329,0.0955302927798666,13.4647354529679,0.00789726349814488,0.544301909307876
"LSM7",3.78541803204022,0.0862997962122912,8.58452946240068,0.0041672918796124,0.28714200477327
"LSM8",4.45309221192558,0.139736135988633,8.86839933728618,0.00123453045289471,0.375
"LSP1",0.58530501939235,0.00666547772903036,12.1532240477999,0.00405873220857908,0.338603818615752
"LSR",0.320919001290032,0.0346206557468167,19.8173822764039,0.0199654534601496,0.79340692124105
"LTA4H",2.2481558479302,0.145215190349716,13.7554658331033,0.0118499719456841,0.62604415274463
"LTB",0.159659105741208,0.00317517174277716,18.261055898537,0.0132373322956432,0.6631861575179
"LTBP3",1.01257022764709,0.136440250985414,17.1508747260295,0.0191074395079333,0.792213603818616
"LTBR",0.322450151913494,0.0476977795231733,20.2211365954449,0.0218961475154788,0.83368138424821
"LTN1",1.02393089728936,0.102104667856916,16.9969205454265,0.0168259344763016,0.737321002386635
"LTV1",2.71943798654758,0.267515862160775,13.1277670705343,0.0163552869304546,0.74791169451074
"LUC7L",4.40307788443095,0.16421815245877,9.73208183960495,0.00468156968596956,0.448090692124105
"LUC7L2",7.37499490984504,0.234949348187989,7.36988667566245,0.00468474173429798,0.415572792362769
"LUC7L3",3.24426662352863,0.0778413670012167,9.14996379124117,0.0037499182988079,0.301760143198091
"LUZP1",1.21636256309544,0.0821220989452769,15.709843435163,0.0123629646890917,0.64200477326969
"LY6E",0.810614041185382,0.0117670877393586,11.3061040791173,0.00580838920647072,0.302505966587112
"LY96",0.231202429941627,0.0464685177083702,20.9175034276887,0.0237386370611132,0.869630071599045
"LYAR",0.919765397486404,0.0653529693303114,16.5700047102174,0.0133645881251916,0.663633651551313
"LYN",0.1437361859548,0.0506220840278263,21.7979529718069,0.0263727304407923,0.923031026252983
"LYPLA1",3.50307438043297,0.15867510935668,11.4014592473233,0.00761745072526038,0.523418854415274
"LYPLA2",6.53743962151544,0.271201950059354,8.4610879583245,0.00832032545712674,0.508651551312649
"LYPLAL1",1.02598005491067,0.259060798492061,15.9658157708524,0.0216007840202037,0.892153937947494
"LYRM1",1.1836712851978,0.198982949655628,16.3969077343657,0.0202748404916349,0.835322195704057
"LYRM2",2.57192231640886,0.221168356434497,13.4815893093285,0.0151891535752159,0.708979713603819
"LYRM4",2.1811357542309,0.158522637280143,14.1721954900688,0.0134924342708431,0.664677804295943
"LYRM7",1.13292736527404,0.308192962937033,14.983983213235,0.0212005862662244,0.904087112171838
"LYSMD2",0.543690637169015,0.0367934005100589,17.5042628321098,0.0137638173909619,0.672285202863962
"LYSMD3",2.5388478239446,0.302761419745298,13.1515095567509,0.0175798870865897,0.793257756563246
"LYST",0.851540253403771,0.0362476461556711,14.9101433590178,0.00667283981073227,0.533263723150358
"LYZ",0.00640818194513385,1e-06,23.3101408981423,0.0278636503088199,0.93436754176611
"LZIC",5.22448693405129,0.431694882138509,10.0358334614609,0.0150870193465647,0.761784009546539
"LZTFL1",0.812124412735977,0.189368374514364,17.3993985967859,0.0220705876051817,0.876491646778043
"LZTR1",1.02874891099675,0.322482772433546,14.8545417709555,0.0213783476476754,0.916766109785203
"M6PR",3.16570380901414,0.100441876601275,10.016545042817,0.00037770835613226,0.377237470167064
"MACF1",0.979968247912216,0.041941529612882,14.8270449539672,0.00693732278634747,0.537440334128878
"MAD2L1",0.221372918307697,0.0367135759563997,20.926723300461,0.023182090086558,0.856354415274463
"MAD2L1BP",4.04356152365435,0.318637593012776,11.3467443017183,0.0148112611118586,0.711963007159905
"MAD2L2",1.72753017282261,0.144923385174653,15.1388642501561,0.0149056648374825,0.697344868735084
"MADD",1.06472483154695,0.16461681735824,16.8367483425672,0.0197834285855979,0.81354415274463
"MAEA",3.17340040142571,0.170200405746958,11.8412368288727,0.00934707457249571,0.561157517899761
"MAF",0.521543222578354,0.0214316878513485,16.1589035887153,0.0087800903906283,0.577267303102625
"MAF1",6.12580892950796,0.188737889163191,7.66418179145625,0.00251299678931961,0.378579952267303
"MAFB",0.153363892816293,0.00957446565359624,20.3463710786311,0.0197769313760592,0.78609785202864
"MAFF",0.320665628410775,0.0210505660538292,18.9590751253441,0.0166149273003338,0.727476133651551
"MAFG",0.559424533229319,0.0994638435471936,19.0149316890883,0.0216834913636609,0.840990453460621
"MAFK",0.537195696457559,0.140054076813411,18.8220624726544,0.0232082482090362,0.886187350835322
"MAGED1",0.457205189799274,0.0745813660166472,19.4840507421934,0.0215194959048082,0.831742243436754
"MAGED2",1.29880143243946,0.0728860709336602,14.8515806324701,0.00955802765473492,0.584128878281623
"MAGEF1",0.572016563899421,0.145768749290018,18.6590307859819,0.023072975675728,0.885143198090692
"MAGEH1",0.201855543868077,0.0165276488370879,20.0037542449316,0.0192829081280642,0.777595465393795
"MAGOH",5.08333178149925,0.100653180612023,6.74402630669453,0.00655676151190035,0.221211217183771
"MAGOHB",1.49381527397301,0.195873464484832,15.7068230730849,0.0186658341628537,0.794301909307876
"MAGT1",1.91336968619325,0.156138219151259,14.6875043363627,0.0145292878713407,0.688693317422434
"MAK16",1.02588389376813,0.233250918663464,16.343279483388,0.0214820584675412,0.87813245823389
"MALAT1",5.32519538721011,0.00158919783428185,5.12832499614054,0.0222854089458501,0.000447494033412888
"MALSU1",5.66942859634943,0.389826141186827,9.75192983324129,0.0139943260316483,0.700626491646778
"MALT1",0.403296863084064,0.0267101448385921,18.2657596439428,0.0150966203757012,0.698389021479714
"MAML1",2.25979495360803,0.341359333109884,13.0723046370612,0.0185657852099343,0.838603818615752
"MAML2",0.440495837698676,0.0833376727445396,19.5707769877342,0.022240048579823,0.84859785202864
"MAN1A2",2.213394945356,0.15690706076526,13.8488206267362,0.012773482592679,0.646479713603819
"MAN1B1",7.2784786097252,0.566060715594531,8.54330683976889,0.0136211668501561,0.796837708830549
"MAN2A1",1.04118495767066,0.108311296298155,16.8570073314125,0.0168819204433749,0.738663484486873
"MAN2C1",1.67704761155398,0.304259741596831,14.256498489639,0.019711417619478,0.857547732696897
"MANBA",0.40074293699544,0.0681924248652047,19.7431712333577,0.0218417877181795,0.8368138424821
"MANBAL",1.49990304373013,0.19602756151887,15.7651626641604,0.0187656132100181,0.797285202863962
"MANEA",0.442160697555122,0.0861549170405955,19.5591603622145,0.0223639612355817,0.851879474940334
"MANF",0.766612018350704,0.0240144486033206,13.9500887892447,0.00289928480825734,0.463305489260143
"MAP1LC3A",0.741475700356766,0.041300557157966,16.2007440238377,0.0105802635586585,0.609337708830549
"MAP1LC3B",3.84694366035173,0.0435530979843479,5.99646511532538,0.0149499605163322,0.095763723150358
"MAP1S",2.01736401441943,0.19570939627331,14.441386609098,0.0160416812796305,0.727625298329356
"MAP2K1",1.57425671083453,0.090509045350816,14.372026800663,0.00969908333126396,0.584128878281623
"MAP2K2",2.40398013749305,0.377020277829127,12.5071905468007,0.018426962059905,0.851879474940334
"MAP2K3",1.53114813337199,0.038902844899933,11.5586940432115,0.00196793004306448,0.361873508353222
"MAP2K4",2.38020938114302,0.373906123849142,12.6145939418543,0.0185008649933817,0.853520286396181
"MAP2K5",2.27263269586699,0.39191382958979,12.4185421162477,0.0186260621876968,0.866795942720764
"MAP2K6",0.251626750961627,0.140577050773513,19.897729675904,0.0257916722646959,0.94480906921241
"MAP2K7",3.59287013618137,0.27543800249146,11.8873547284203,0.0143637544386268,0.691079952267303
"MAP3K1",0.867939930677879,0.101342251201178,17.497080230176,0.018041024777961,0.762977326968974
"MAP3K11",2.42596918223097,0.235589310788105,13.6642257997009,0.016183272708878,0.737022673031026
"MAP3K13",0.402705101769663,0.0270228771299474,18.4297420245609,0.0155700919718896,0.70763723150358
"MAP3K2",1.97171470550909,0.139606681565073,14.2687929853957,0.0126899240180727,0.645435560859189
"MAP3K3",0.92789640616381,0.265083027582098,16.0001982754678,0.0218955631046024,0.902595465393795
"MAP3K7",6.45247758245734,0.470067550227217,9.17208140687213,0.0142170980334111,0.746270883054893
"MAP3K8",0.565876065717547,0.0180975087326851,15.2789078348846,0.00600181289045588,0.524910501193317
"MAP4",1.95824489859714,0.0879502864039572,13.0853764230076,0.00637874130438821,0.514021479713604
"MAP4K2",0.90035764747046,0.152794867743929,17.4219812645185,0.0205504798454769,0.828758949880668
"MAP4K3",0.944939585700954,0.321631697314125,14.9953278375569,0.0216149822914301,0.9236276849642
"MAP4K4",0.580002026087773,0.0441152900566375,17.7553377222915,0.0149817915587956,0.696300715990454
"MAP4K5",1.52417974546358,0.133234170671801,15.5528249970709,0.0152127608740386,0.703609785202864
"MAP7D1",1.80649340578372,0.0878545023513667,13.5722149960124,0.00754474660665538,0.538931980906921
"MAP7D3",0.563993691729368,0.164341586972531,18.4291965278546,0.0233532796133458,0.898120525059666
"MAPK1",2.66402982657782,0.234528151518768,13.3023001152421,0.0154123873203372,0.716288782816229
"MAPK14",3.57417951007421,0.484902608135886,10.3835269479422,0.0167073594989883,0.857398568019093
"MAPK1IP1L",117.882216027649,0.785002755292753,35.191273832795,0.00572367977975602,0.315334128878282
"MAPK3",0.732749205530302,0.312561231438849,15.465444732212,0.0222687292262394,0.938096658711217
"MAPK6",2.39390351645917,0.17639715473977,13.8346246126714,0.0137207895509283,0.670196897374702
"MAPK7",2.63289573850622,0.487740698863028,10.7660579346788,0.0175849651645488,0.893347255369928
"MAPK8",2.88566534635241,0.248676929689177,12.9325773525504,0.0152725591145877,0.714200477326969
"MAPK8IP3",2.50754948406603,0.32839745550987,12.8825206376834,0.0179049670218771,0.81145584725537
"MAPK9",2.19053542835638,0.590581467783899,9.09182812855174,0.0165124706420477,0.938842482100239
"MAPKAP1",6.08994429719034,0.503753078973143,9.21222185998063,0.0145845942722923,0.785799522673031
"MAPKAPK2",1.32994791024098,0.104007370506972,15.6892343823413,0.0137962176334233,0.671390214797136
"MAPKAPK3",1.42870704696142,0.230511999516124,15.595821246383,0.0198248912329071,0.83368138424821
"MAPKAPK5",5.84834848368142,0.441305785992961,9.5740355863864,0.0145310445551678,0.743287589498807
"MAPKAPK5-AS1",1.88432483584173,0.171960151023272,14.6517709506296,0.0153474458744275,0.708084725536993
"MAPRE1",5.28035903375736,0.158088966753025,8.60767900492549,0.00198137067832654,0.385441527446301
"MAPRE2",1.10599189057009,0.0671252359148586,15.3288933564958,0.010348125379236,0.600984486873508
"MARCH5",2.98687231478375,0.145078424133327,12.0182292534326,0.00808198488703862,0.537291169451074
"MARCH6",3.04626179430077,0.180829964271516,12.2599216585083,0.0108000878842281,0.595763723150358
"MARCH7",2.46087706292119,0.1649242369258,13.3424966314699,0.0121455503915515,0.630817422434368
"MARCH9",0.437572760543878,0.191672160818846,18.3629520346127,0.0242954005969058,0.931831742243437
"MARCKS",0.272240164987673,0.00975976671801947,18.1872794350648,0.013538556629831,0.669003579952267
"MARCKSL1",0.38259061796629,0.00811964730367069,15.2979938842885,0.0050937882839444,0.510143198090692
"MARK2",1.8596166439293,0.248054739048235,14.644573253,0.0185590136751118,0.805041766109785
"MARK3",3.87604140036941,0.276000780180966,11.5742840541737,0.0137896115298857,0.674671837708831
"MARK4",1.61955056270716,0.384190064326075,13.1439679395131,0.0197572272641712,0.901103818615752
"MARS",1.54061888213381,0.0768154140618171,13.8531398876647,0.00739702631913657,0.537887828162291
"MAST3",0.427615136672848,0.242909771493263,17.3803138558504,0.0239979535812627,0.948687350835322
"MAST4",0.534966943951343,0.021532139309965,16.1841730140245,0.00885232552479264,0.578758949880668
"MAT2A",1.13805308779164,0.0325127635778597,12.6154275850018,0.000147306636005075,0.406473747016706
"MAT2B",1.21836209420792,0.0235522016465639,10.6205163770959,0.00620748343671781,0.28714200477327
"MAU2",5.48594451961748,0.495892358750784,9.37979719482315,0.0150236874613715,0.794749403341289
"MAVS",2.24692726580466,0.296023864333561,13.6296185840979,0.0182344940648259,0.811008353221957
"MAX",5.4139290842095,0.151192559605222,7.75666352892574,3.77194506681298e-05,0.3368138424821
"MAZ",1.6344920306609,0.118697984424887,14.8072033920949,0.0126653919250223,0.645584725536993
"MBD1",6.48904676985585,0.383847445265027,9.16705789449106,0.0129415012186627,0.659904534606205
"MBD2",2.07215644197927,0.199150887613118,14.4650951670383,0.01619144904625,0.732696897374702
"MBD3",1.35214884870224,0.373214457871348,13.5795317250275,0.0203109113847636,0.912589498806683
"MBD4",1.80752785056608,0.142779547460881,14.7481733796838,0.0139509482453192,0.674522673031026
"MBD5",1.89884709156155,0.385578342588298,12.8354211596453,0.0192487626460887,0.884248210023866
"MBD6",3.4535790224819,0.396251487605268,11.4589846928498,0.0169324981552469,0.811157517899761
"MBIP",1.38489573468579,0.15754618467391,16.0251664401695,0.0175966145135729,0.760889021479714
"MBNL1",2.27859122736461,0.0375195016245515,8.27850471942035,0.0104646863831866,0.192571599045346
"MBNL2",0.730898264197633,0.0385125612885514,16.1554897418766,0.0102231845625313,0.60277446300716
"MBOAT7",0.703298023404452,0.0677258673432374,17.815851499073,0.0167681961696945,0.733144391408115
"MBP",0.778092495119049,0.0215474182208588,13.9669983497725,0.00267812886780511,0.460322195704057
"MBTD1",1.27255832634505,0.317848786724589,14.6211822705954,0.0207901160256868,0.896628878281623
"MBTPS1",2.22891645117744,0.186518263737069,13.9097272843663,0.0145162045362881,0.688245823389022
"MCAT",2.64119773207144,0.468819554785289,11.0696748974498,0.0177539497993784,0.886038186157518
"MCCC1",1.18257396509997,0.222863080840194,16.1424346606193,0.0206847243527632,0.853371121718377
"MCCC2",2.51152319114932,0.30043129848553,13.2364450336221,0.0176424606300863,0.794749403341289
"MCEE",0.90115316885093,0.208665993584581,16.9387034138233,0.0218278956541521,0.877535799522673
"MCFD2",1.52364984594387,0.130210261969031,15.5098136889928,0.0149442365033508,0.697344868735084
"MCL1",2.06428059957539,0.0190924434887665,7.17005643970115,0.015839667279135,0.10381861575179
"MCM3",0.528944865482051,0.051754748364745,18.5894083701132,0.0177479483715941,0.751789976133652
"MCM3AP",2.91567921973673,0.279752280925579,12.7699690967607,0.0161388038960793,0.743884248210024
"MCM5",0.523163877858131,0.0464476361511144,18.4550310553382,0.0170256031966571,0.737022673031026
"MCM6",0.514587874239066,0.0541937431718524,18.716247681551,0.0182549630522041,0.762082338902148
"MCM7",0.723938279914169,0.0374930125909705,16.3419340787862,0.0106288282242068,0.6111276849642
"MCMBP",2.14464047183687,0.21606900415813,14.339045537567,0.0166598700785745,0.747464200477327
"MCOLN1",1.41054050676418,0.226223967091324,15.6260387137061,0.0197483197375771,0.829952267303103
"MCRS1",4.19193659333607,0.314303314810892,11.1732670884164,0.0143960697375788,0.697643198090692
"MCTS1",5.79561711064486,0.332722329388629,9.93328711003529,0.0126230579054613,0.646479713603819
"MCUR1",2.39317798898204,0.128152742186066,13.2773166709822,0.00967210981671027,0.578609785202864
"MDC1",1.02072558454824,0.257346270431121,16.0055352660987,0.0216217901746569,0.89200477326969
"MDFIC",0.480904434850322,0.0569107069211146,18.9834954691713,0.0191500161036728,0.780280429594272
"MDH1",2.57025282305496,0.0666139953114391,9.93971232495342,0.00305269052462533,0.323389021479714
"MDH2",4.02382194450251,0.0923087852229503,8.51658580647096,0.00373035211838252,0.292810262529833
"MDK",0.123218048032189,0.0101254412943887,21.0711752832378,0.021917387725366,0.8263723150358
"MDM1",0.709436490407353,0.198544948382851,17.5217436285932,0.0227097170868071,0.895584725536993
"MDM2",0.993284731500555,0.0804444698813511,16.5660905603215,0.0144150019420413,0.684815035799523
"MDM4",1.38172342584676,0.166913115087214,16.042511907507,0.0180897769057331,0.774164677804296
"MDN1",1.03088097302011,0.152507707495438,17.0736398839968,0.0197207888509253,0.809665871121718
"ME2",1.76572944486896,0.186349525029526,15.0769095093604,0.016912006806934,0.748657517899761
"MEA1",5.85739583337314,0.191586276475845,8.24737693924826,0.00367346021544174,0.409307875894988
"MEAF6",117.728755764459,0.78822698625616,35.4428638211422,0.00584828683136712,0.318019093078759
"MECP2",2.03944769517344,0.111501779968442,13.3521122585529,0.00881784929772279,0.560710023866348
"MECR",0.788868997656846,0.289875393792148,15.8356838863562,0.0223172450120551,0.927207637231504
"MED1",2.70358488033171,0.281367940797545,13.0767840984326,0.0167486226108794,0.762380668257757
"MED10",11.1406339521454,0.272346615959713,4.5789016245797,0.0026415170178014,0.322643198090692
"MED11",1.41777547460596,0.240440384525485,15.4398281003311,0.0199149560113257,0.838752983293556
"MED12",1.86998584190778,0.327544620329417,13.7176586706027,0.0193593843486283,0.857547732696897
"MED13",1.65845047456772,0.127514110277891,14.9900626051747,0.0136053864447069,0.666766109785203
"MED13L",1.41828286724206,0.165455089840339,15.9884931981822,0.0178852008727466,0.769242243436754
"MED14",1.11094559571468,0.228441676907971,16.2499892495755,0.0211040561198647,0.866497613365155
"MED15",4.36650238091282,0.240485955960637,10.6666405534351,0.0107641987274276,0.5868138424821
"MED16",3.75580228046441,0.416592074584022,10.9976226629184,0.0165970599128841,0.808621718377088
"MED17",2.6846553999773,0.194981856303216,13.1053665882033,0.0132523080670259,0.656921241050119
"MED19",2.97483999289708,0.227274561279406,12.8188382293392,0.0141450597668779,0.681682577565632
"MED21",4.1293925611433,0.260644971879038,11.2639876842297,0.0126136950705657,0.640065632458234
"MED23",1.40985581742747,0.219621336890595,15.6165403912884,0.0195067233498729,0.821151551312649
"MED24",1.8350518880323,0.28873695786934,14.209831823443,0.0191521837373164,0.834576372315036
"MED25",2.88703127092126,0.273323802304167,12.8426070634291,0.0160430479778199,0.739856801909308
"MED27",26.4164749015331,0.80238268403402,13.2953673247857,0.00182534411513653,0.765065632458234
"MED28",7.15966012261491,0.301136444809714,8.15982866917069,0.00904857204044334,0.524015513126492
"MED29",1.82673346620663,0.182319144682442,14.9262546219843,0.0164045504589373,0.735531026252983
"MED30",2.93967318553691,0.15708540842759,12.4500405523031,0.00972031666633162,0.574433174224344
"MED31",2.35923660774729,0.171653436174619,13.6344018614585,0.0131331936624478,0.654534606205251
"MED4",4.84755708648199,0.225262582526803,9.95416689269994,0.00870791523022446,0.532667064439141
"MED6",5.47937325678754,0.45433328245157,9.70907284342706,0.0149593762820255,0.767303102625298
"MED7",2.56652119654698,0.447728106096073,11.3865102459722,0.0179746907640434,0.878281622911695
"MED8",12.2934096694034,0.504617535841173,7.19515031269498,0.0109564108678139,0.620077565632458
"MED9",7.2017923789586,0.687115521248358,7.76968436102991,0.0121133654605956,0.872613365155131
"MEF2A",1.11536009660092,0.152156488151284,16.8064850946615,0.019097437701402,0.795047732696897
"MEF2C",0.0738775221783797,0.0162983595617246,22.5278419859109,0.0265101683776474,0.914528639618138
"MEF2D",1.76298139778918,0.121708841339315,14.4524828217674,0.0120366304704448,0.63126491646778
"MEGF9",0.833109497507625,0.254525277894608,16.3821571606697,0.0223036111895691,0.909158711217184
"MEMO1",2.7821971024054,0.30183395011699,12.9389088360318,0.0170954274235829,0.779385441527446
"MEN1",2.19222028758712,0.429742282475611,11.9231497027721,0.0185714695319376,0.888424821002387
"MEPCE",2.34230376979157,0.377744731457006,12.5610500675656,0.0185356964153307,0.856056085918854
"METAP1",5.37635996018584,0.386275702099427,10.1242940613401,0.0143727471480997,0.716437947494033
"METAP2",6.07444523233651,0.187004866632104,8.07946914077419,0.00301420854299263,0.395435560859189
"METRNL",0.351082131991264,0.0518814125123943,19.9130631000168,0.0213299679401165,0.823090692124105
"METTL1",0.582648130915134,0.183683092168298,18.1088373198225,0.0234125224655075,0.907070405727924
"METTL14",2.42327984109029,0.346971757605281,12.8128587820203,0.0182585276877622,0.830996420047733
"METTL15",1.60111559505778,0.251375119649412,15.0519622495965,0.0194959469742442,0.83159307875895
"METTL16",1.669195162353,0.276014499411165,14.6389432483485,0.0195443104164907,0.841437947494033
"METTL17",2.80331244440861,0.193922000508081,12.82461642681,0.0126484220696444,0.641258949880668
"METTL18",1.37310448884346,0.400402817054382,13.0572121530897,0.0200205552018914,0.919898568019093
"METTL21A",0.506401014708289,0.0867249122603499,19.2246230087028,0.0215356994530911,0.83472553699284
"METTL22",3.51398527291794,0.490579602090395,10.342992101432,0.0167282033530415,0.862619331742243
"METTL23",2.01716993591598,0.209877282756448,14.4023767729508,0.01661264930858,0.743884248210024
"METTL2A",2.45055224361819,0.371473954995352,12.5601691792974,0.0183619320384576,0.847255369928401
"METTL2B",2.87267626383947,0.366648118248361,12.2242318345736,0.0176336109309549,0.820554892601432
"METTL3",2.19104078811555,0.247724862219465,14.0138210723036,0.0173435199086606,0.771032219570406
"METTL4",1.32698389789167,0.221261340014231,15.8375952290643,0.019998465289616,0.834874701670644
"METTL5",2.92492435078544,0.203054292237699,12.7839242478302,0.0129703259687451,0.650059665871122
"METTL6",2.4849455241105,0.506697734845394,10.5248951486555,0.0175202312820033,0.905877088305489
"METTL7A",0.091894756442229,0.0199993016273997,22.2648355508535,0.0259710671005449,0.905429594272076
"METTL8",0.498689879359434,0.0597164965337716,18.881162779736,0.0190604530559985,0.778788782816229
"METTL9",4.02975396614872,0.112023462171501,8.73656129043444,0.00136015118109234,0.331145584725537
"MEX3C",1.93007965577339,0.27888844149234,14.2131270349648,0.0188134243918692,0.821599045346062
"MFAP1",3.8400654797609,0.242934888165558,11.4423011561124,0.0122750918724061,0.629474940334129
"MFF",5.44579718137269,0.209192489533888,8.93157682683677,0.00601410015802841,0.463454653937947
"MFGE8",0.123498905951479,0.0138085033398885,21.3630898440558,0.0230022851523442,0.84755369928401
"MFHAS1",0.378132087707897,0.0253573772898676,18.3379277772952,0.0152029193732604,0.700328162291169
"MFN1",0.858953448302481,0.142186139252244,17.7155905217116,0.0206931774421355,0.829803102625298
"MFN2",1.82083966692147,0.230438410626655,14.8327136990369,0.0182736440252157,0.792511933174224
"MFNG",0.630759469070387,0.0799144801716506,18.4249175809652,0.0191098146544003,0.782667064439141
"MFSD1",1.03262334675851,0.0894067311144005,16.6993869599109,0.0153184641673499,0.704206443914081
"MFSD10",2.00972802330972,0.0692240351018186,11.7602249148632,0.00159523072824522,0.419152744630072
"MFSD11",2.99630543955077,0.264567451640936,12.724721052586,0.0154983408401762,0.722702863961814
"MFSD12",0.384179803398332,0.0760487747190505,19.926705600433,0.0227577241274593,0.857547732696897
"MFSD14B",1.00346613469187,0.180936179064271,16.9823583118705,0.0208013852432557,0.842780429594272
"MFSD3",0.876684544325531,0.339018167817551,14.7411488170181,0.021617478122743,0.933621718377088
"MFSD5",3.93774490287871,0.297077785061888,11.3107512533104,0.01419115357432,0.686754176610978
"MFSD8",1.59821962746771,0.333991004741595,13.9165279293085,0.0199417315154657,0.878281622911695
"MGA",2.12841913281062,0.247246160607021,14.1443311711457,0.0175685260154569,0.777297136038186
"MGAT1",1.42894028137026,0.0406861124294155,11.7751486837212,0.00119634406080204,0.375745823389021
"MGAT2",1.2995137245044,0.101067263034505,15.6264527473336,0.0134784184406109,0.66423031026253
"MGAT4A",0.341943188939979,0.0187209458437646,18.0880294312511,0.013986541953194,0.677058472553699
"MGAT4B",1.08331766993564,0.282809631567812,15.4540530868194,0.0213692726964971,0.89618138424821
"MGAT5",0.394085620675291,0.109407931491809,19.7108568338801,0.0239324280801661,0.89200477326969
"MGLL",0.116363286385856,0.0153671013068976,21.648541845506,0.0239212013685144,0.865304295942721
"MGME1",1.00290632070253,0.143741842471887,17.2744944917189,0.0197307809318,0.80832338902148
"MGMT",2.41979259092905,0.226950990553717,13.8585114080024,0.016129007736426,0.735531026252983
"MGRN1",3.39972839122328,0.273126144148426,12.0904343800286,0.0146805995243357,0.699582338902148
"MGST1",0.0562233209007149,0.0167721005734598,22.9041646180035,0.0276209638588588,0.935710023866348
"MGST2",0.310658630985758,0.0439489421947516,20.1798738957909,0.0215620780136383,0.826223150357995
"MGST3",1.35828530196471,0.0406582101972592,12.6974132470226,0.00117944137600233,0.423776849642005
"MIA3",1.93457657321872,0.141004722185139,14.2351126935829,0.0127395949054839,0.645883054892601
"MIB1",1.23636806198507,0.183914285209169,16.3370648418932,0.0195238083850905,0.812350835322196
"MIB2",1.27147090185214,0.176856423388036,16.258503009267,0.0190466023085687,0.798926014319809
"MICA",1.16898548890577,0.204365921894477,16.3866195845615,0.0204692101993175,0.841885441527446
"MICAL3",0.48437715230588,0.14376937443258,18.9869749358526,0.0237593555028815,0.900059665871122
"MICU1",2.24125129979178,0.294871495059464,13.648085277038,0.0182329344550741,0.810560859188544
"MICU2",2.99143814092441,0.254631556706499,12.793083968786,0.0152250833000753,0.71390214797136
"MID1IP1",0.450448902346695,0.0495241915113789,19.0396059401534,0.0188226342132027,0.772822195704057
"MIDN",0.618852738287015,0.0635900981215374,18.3042325698567,0.017766331873644,0.753281622911695
"MIEF1",2.33337209139998,0.306664242739119,13.3831378861684,0.0181260877366022,0.811157517899761
"MIEN1",3.55273771925866,0.146121552083723,10.8407518569301,0.00568429271207236,0.479713603818616
"MIER1",3.88294018287691,0.179292022245857,10.7010816048639,0.00760122884715949,0.515214797136038
"MIF",2.4413037699511,0.0112930442247632,5.79276147538682,0.0204744194446841,0.0223747016706444
"MIF4GD",1.18123951511867,0.176269749148805,16.5125477455577,0.0195730563080789,0.811605011933174
"MIIP",0.878567226270393,0.0816768407658514,17.0853146332997,0.0158193640237247,0.714051312649165
"MINK1",1.39517181684963,0.176510985360225,15.9621251231064,0.0183742652281014,0.782667064439141
"MINPP1",1.15020920250892,0.174226553804486,16.6024758973919,0.0196812006196835,0.813693317422434
"MIOS",1.65409005092108,0.313134488289802,14.2172039684214,0.0198616103053615,0.866646778042959
"MIR22HG",0.381002602687424,0.0244925306109875,18.4874001943949,0.0155413435439322,0.707040572792363
"MIR4435-2HG",0.568245590736915,0.0112252076968592,13.6955439831383,0.000843722996316385,0.428997613365155
"MIS12",2.35436424089015,0.281230083772382,13.6158037453231,0.0177241231787227,0.79131861575179
"MIS18A",0.785193475600815,0.132095632364077,18.0369708175057,0.0209533096230963,0.833233890214797
"MIS18BP1",1.07147425835348,0.0615310951940781,15.3990647022867,0.0100762179297986,0.596509546539379
"MITD1",2.31432260660107,0.220729696605892,13.8035019791806,0.015879256251237,0.726133651551313
"MKKS",2.60254576125211,0.20294700741557,13.4157748803089,0.0142200707911769,0.682577565632458
"MKLN1",2.96252461822032,0.193492225590477,12.5066270956748,0.0119911002574571,0.624403341288783
"MKNK1",2.13314194151573,0.333908707689552,13.334280771816,0.0188185198331598,0.843675417661098
"MKNK2",1.07886385292639,0.0974074717293256,16.5318369537441,0.0154326663078775,0.70659307875895
"MKRN1",7.44307865828712,0.256636208674227,7.40133338718859,0.00595018382918483,0.440930787589499
"MLEC",1.64893713316978,0.0722083791024038,13.3489654294723,0.00575401239885079,0.505071599045346
"MLF1",0.2606704816319,0.0393987644902846,20.5809500223167,0.022385135979502,0.841437947494033
"MLF2",5.90263341093014,0.131187848727315,6.9368829193524,0.00331835019850731,0.272673031026253
"MLH1",1.89226934165227,0.292424797435764,14.1403379255187,0.0190989659324545,0.835023866348449
"MLH3",0.383194395683532,0.18750215406307,18.5886325626365,0.0246420532154514,0.938394988066826
"MLLT1",1.49354203122117,0.38315939852288,13.2496446452325,0.0199612351630758,0.906772076372315
"MLLT10",2.22372344536278,0.231619331061483,14.0809414643621,0.0168188395169195,0.753878281622912
"MLLT3",0.5117432538229,0.0676570921764987,18.9545108675725,0.0197447811818596,0.793854415274463
"MLLT6",1.37456495286997,0.205542941423098,15.8274713267895,0.0193685522304941,0.813842482100239
"MLST8",2.04297026491057,0.249600158665861,14.355978615215,0.0180257950580656,0.791169451073986
"MLX",6.80264173232858,0.345574237134736,8.87285621987682,0.0115048886718347,0.604564439140811
"MLXIP",1.6968683999459,0.270028323779253,14.6843328654789,0.0194201938518284,0.835918854415274
"MLYCD",0.874596060144566,0.36467303502346,14.2168026779021,0.021319612366358,0.939737470167064
"MMAB",0.94848184856204,0.307318840580116,15.2808442664981,0.0217372951797047,0.919749403341289
"MMADHC",5.17263801558,0.127092836617897,7.7267601145678,0.00213823356495469,0.303848448687351
"MMD",0.354598157693127,0.0513172483175636,19.9483560871614,0.02138238778424,0.824134844868735
"MMGT1",2.53238640017618,0.194158427828656,13.4919586848143,0.0139625318485896,0.675566825775656
"MMP14",0.115073375202927,0.00653352660626596,20.7142382289833,0.0206407461412811,0.801760143198091
"MMS22L",0.552242099994922,0.213547681101107,17.7004358399085,0.0236432609237342,0.925566825775656
"MNAT1",1.33801340072029,0.195178004382051,16.0341802228388,0.0193506889805828,0.811008353221957
"MNT",1.00070547763913,0.269717663821961,15.8206046369993,0.0216704430655105,0.898717183770883
"MOAP1",1.82878934328599,0.238980139104102,14.69848866964,0.0183653734191893,0.796688544152745
"MOB1A",3.2677081453208,0.0738708706562451,8.58584426064942,0.00542714364504843,0.267899761336515
"MOB1B",0.453530716042616,0.0894265632221268,19.5056997308869,0.0224011819442222,0.853520286396181
"MOB2",4.65693731956248,0.217911058481222,9.8545516365629,0.0082646912589192,0.520286396181384
"MOB3A",0.848588977376508,0.0563008698884323,16.4238669058743,0.0123409433679367,0.64304892601432
"MOB3B",0.186890911652423,0.0780707712478143,21.2219713490931,0.0262430776900872,0.930041766109785
"MOB4",2.27806955420145,0.20388194712782,13.8567625182859,0.0152401549007075,0.70763723150358
"MOCS2",1.77691287457802,0.227403777075079,14.8804453111305,0.0182786829145584,0.791467780429594
"MOGS",2.31848382998937,0.333695337930729,13.0929173017892,0.0183959703111157,0.829803102625298
"MON1B",3.11779108719071,0.300258557269709,12.4177194568583,0.0161760653023519,0.749701670644391
"MON2",2.95919988380248,0.282295117008393,12.6725239688685,0.0160648250343885,0.741945107398568
"MORF4L1",5.28892939587109,0.0651271233073391,5.25121728192601,0.0136006061981852,0.100238663484487
"MORF4L2",2.22780668425444,0.0515639175180349,10.4787623399233,0.00336234114508635,0.327267303102625
"MORN2",0.684458860652161,0.188898708611783,17.7816729311721,0.0228796142546875,0.896330548926014
"MOSPD1",1.07253299034938,0.179694085376206,16.8067917808227,0.0203616082472005,0.831742243436754
"MOSPD2",0.848852556049237,0.210861280940786,17.0450528798398,0.0221329007304147,0.886187350835322
"MOSPD3",2.07634014261596,0.281150427260979,13.9641430962398,0.0184183219907221,0.810859188544153
"MOV10",2.11060395406741,0.448727742932773,11.6620236050001,0.0185185891674348,0.8993138424821
"MPC1",1.81713744675262,0.1314005781488,14.5740767621137,0.012888390932933,0.65035799522673
"MPC2",2.86263172786851,0.109417989809622,11.3043957544768,0.00396233231012308,0.453758949880668
"MPDU1",2.23130498870164,0.187832198640047,14.1278671963289,0.0149516004927059,0.700477326968974
"MPG",2.02102948622288,0.113078792164573,13.5985965067655,0.00946705386882589,0.575328162291169
"MPHOSPH10",2.25386618344464,0.158287227366808,13.8044639911721,0.0127436703650738,0.645883054892601
"MPHOSPH6",3.22704367650788,0.287939208698671,12.4650692544668,0.0157677207718064,0.7361276849642
"MPHOSPH8",2.49050852136388,0.0850054249971167,10.7943408202836,0.000782958602758937,0.393645584725537
"MPHOSPH9",0.838011979115537,0.195862665062372,17.2420354821075,0.0219902210322809,0.876789976133652
"MPI",0.897526750041037,0.345257101253783,14.5888377664372,0.0214996733388573,0.933621718377088
"MPLKIP",2.72828969228677,0.145510343046549,12.6691032041099,0.00948669080829573,0.570704057279236
"MPP1",0.129553210192738,0.043029497020579,21.9550050697194,0.0263965357023745,0.920942720763723
"MPP5",0.798472836443358,0.227469116389702,16.9122493919746,0.0224608926019353,0.90140214797136
"MPPE1",2.22878806634064,0.272918946460579,13.8434844692428,0.0178886764151675,0.79340692124105
"MPRIP",1.13241799099483,0.115244125434065,16.5112389352137,0.0164702539110795,0.730011933174224
"MPST",2.31534997090268,0.217158485209187,14.0732130732777,0.0161410885561196,0.734486873508353
"MPV17",2.38721971292753,0.213172451800716,13.8206025425395,0.0155140098408737,0.716736276849642
"MPV17L2",1.32813086638788,0.293947873843868,14.9308215014697,0.0206710263108426,0.881563245823389
"MPZL1",0.445630611295574,0.0448616988704051,19.036647766069,0.0184958498341113,0.76596062052506
"MR1",1.08478273663801,0.296558111589028,15.2266847685769,0.021344200445573,0.902147971360382
"MRFAP1",4.84413215583487,0.114740786272481,7.5735426527959,0.00351668954037838,0.279683770883055
"MRFAP1L1",2.0632523606682,0.0760583871868486,11.7659953455762,0.00225578536481882,0.429594272076372
"MRGBP",1.96918177927505,0.545922953473354,10.0056857379722,0.017421303418467,0.935262529832936
"MRI1",1.3116044112705,0.288861990749229,15.0346888913956,0.0207143464892218,0.880519093078759
"MRPL1",0.778338141126905,0.110458764238689,17.96266628636,0.0196879479170456,0.800119331742243
"MRPL10",1.48378850775157,0.117321450611336,15.3317608194667,0.0137934441344171,0.670942720763723
"MRPL11",2.75983943974635,0.161763304079915,12.83851326416,0.0108371206084286,0.600387828162291
"MRPL13",4.22036803833008,0.207052843004467,10.8484596985584,0.00933371027950055,0.555340095465394
"MRPL14",3.09578717312454,0.10360042914836,10.7508107444264,0.002217628914533,0.417959427207637
"MRPL15",3.05792726038415,0.204670107021996,12.7277148882952,0.0128636790914084,0.648418854415274
"MRPL16",2.04649022526106,0.149192862215942,14.1342109433458,0.012969239034492,0.651252983293556
"MRPL17",2.46924044609295,0.167254515112737,13.4615504989924,0.0124903687491586,0.639618138424821
"MRPL18",1.02456748679952,0.0212703082772238,11.6454214005551,0.00371537738820033,0.336963007159905
"MRPL19",4.61473911087703,0.329824938336968,10.7944372957214,0.0141578381248858,0.693615751789976
"MRPL2",5.88421253392228,0.407751430790847,9.62980338620811,0.0140891504683006,0.711217183770883
"MRPL20",3.7130613025542,0.116392871844059,9.60529521429994,0.000837089567115198,0.379325775656325
"MRPL21",3.49816824214029,0.201360076554772,11.7549074115638,0.0108580514794344,0.595167064439141
"MRPL22",8.02606987554795,0.345893078989567,7.9419651382938,0.0101018964895126,0.554295942720764
"MRPL23",1.48747281418212,0.182627835116194,15.7752915390875,0.0182255762141818,0.780578758949881
"MRPL24",2.13116927508639,0.216356041188324,14.4003936480152,0.0167795787133836,0.750894988066826
"MRPL27",3.75005287247687,0.200642187938754,11.4755086549848,0.0102173519126595,0.57950477326969
"MRPL28",4.09513648552336,0.242565416444298,11.2666850738764,0.011841327581742,0.618884248210024
"MRPL3",2.63882811615887,0.145177850613246,12.9992394246861,0.0101435541339806,0.5868138424821
"MRPL30",3.72670967033272,0.666931932910477,7.70591877326226,0.0142197018313037,0.925119331742243
"MRPL32",4.46302555563739,0.170456159815132,9.95280752133102,0.00546748098813461,0.466288782816229
"MRPL33",3.10118320175572,0.107779900430726,10.3740154764665,0.00181326640518188,0.405280429594272
"MRPL34",2.49931231985558,0.0866778309736158,11.0724663247982,0.00155667130812634,0.41005369928401
"MRPL35",2.12674215111354,0.271075343065931,13.9799833441753,0.0181069906062208,0.798776849642005
"MRPL36",3.14476062299663,0.137128858491891,11.4494289602838,0.00634449797487616,0.498359188544153
"MRPL37",3.12993587125402,0.189982503684646,12.5373708928654,0.011726605617346,0.620226730310263
"MRPL39",3.75964735226427,0.39862738713954,11.2119340373849,0.0165375340823562,0.798478520286396
"MRPL4",3.95681684804579,0.148786731719947,10.2093532314869,0.00455637838645423,0.451819809069212
"MRPL40",1.90364648599132,0.166599671313354,14.7106411125345,0.0151548123915081,0.703758949880668
"MRPL41",2.79025490232566,0.0862483972996497,10.3215428634782,0.000224972756428982,0.37186754176611
"MRPL42",3.48540809569867,0.201324501354543,11.9504843175332,0.0111679952911513,0.604415274463007
"MRPL43",8.84473138055345,0.304285030938537,6.89105155082946,0.00719847568473685,0.4618138424821
"MRPL44",3.53368299348582,0.244681967919147,11.854023809621,0.0131319376488543,0.653192124105012
"MRPL45",7.0442635620575,0.387108043030534,9.13494288995275,0.012620782362121,0.655429594272076
"MRPL46",6.67470591507548,0.503310638599482,8.9265582516205,0.0141583313524904,0.764618138424821
"MRPL47",4.58627624012406,0.177790199944548,9.93514655994763,0.00588631930939503,0.474343675417661
"MRPL48",4.01416101065457,0.359123769154815,11.2709310651363,0.0157432259991387,0.754325775656325
"MRPL49",4.14059869458332,0.337984315548979,11.1395169504341,0.0150557602393415,0.723448687350835
"MRPL50",3.09595091883478,0.181222564678061,12.2681636865656,0.0108034026808197,0.596360381861575
"MRPL51",4.88509830579581,0.105966123426098,7.31795315888584,0.00487765339177161,0.255519093078759
"MRPL52",3.83431384793037,0.111288999211259,9.22328033570644,0.000417412524399391,0.353669451073986
"MRPL53",1.47417773245162,0.360468681343659,13.6664107749148,0.0201531016462749,0.899761336515513
"MRPL54",2.80142366623182,0.125580373263941,12.0026373852542,0.00671376042817366,0.510739856801909
"MRPL55",2.22707058945035,0.172947080314147,13.9851266765906,0.013929206889124,0.674224343675418
"MRPL57",2.51593346886042,0.0894519505638864,11.2212714984714,0.00213945874529517,0.42153937947494
"MRPL9",3.96029496942,0.223259097826981,11.2102042198173,0.0109100280463145,0.593824582338902
"MRPS10",3.61755990347543,0.239003849144398,11.9866203251422,0.0129952621161229,0.651700477326969
"MRPS11",3.80492103455305,0.258879057263133,11.5993003932021,0.0132009497694264,0.656175417661098
"MRPS12",4.35193295545155,0.177223220569585,10.1252145935954,0.00627311069118333,0.483442720763723
"MRPS14",3.03149395148476,0.281721089073116,12.7016942213926,0.0160187789036288,0.741795942720764
"MRPS15",6.71507017106295,0.251120718888073,8.39252584339415,0.00711689112220578,0.48195107398568
"MRPS16",3.82195487205906,0.216948297183681,11.4722855272605,0.0110526252975737,0.599194510739857
"MRPS18A",3.26501668243109,0.241708224789389,12.401727877812,0.0139540111523091,0.677356801909308
"MRPS18B",4.2216310069053,0.221689658656611,10.8360705011492,0.0101243386406104,0.572792362768496
"MRPS18C",3.87585755262117,0.173348155893539,10.7015393482385,0.00721011449028552,0.507607398568019
"MRPS2",3.39142407509434,0.237277941511645,12.1445205445619,0.0133076832183482,0.658860381861575
"MRPS21",2.88022592635214,0.0781523603573663,9.73937812733221,0.00234806170867076,0.330996420047733
"MRPS22",3.77582367562802,0.248051955028465,11.6623654682534,0.0128428767297479,0.646330548926014
"MRPS23",4.37399590216953,0.260777571838853,11.0217083787692,0.0121438988049446,0.62708830548926
"MRPS25",4.48720589266062,0.266591882757234,10.9089033344078,0.0121729229042363,0.627834128878282
"MRPS26",3.12345822216664,0.143479818081882,11.5140641572998,0.00695055935982243,0.510143198090692
"MRPS27",3.68794595341557,0.353948956705359,11.6058105882124,0.0161886012480014,0.767601431980907
"MRPS28",2.99603532545622,0.32172882036885,12.5930951512843,0.0170217775173595,0.784158711217184
"MRPS30",3.8385541112087,0.257468280426054,11.4929211143707,0.0129823885046967,0.6493138424821
"MRPS31",1.74437210845713,0.191488326668445,15.0771734322261,0.0171665957020611,0.755519093078759
"MRPS33",2.2488870871138,0.147386825352294,13.7417306115499,0.0119608136908848,0.628281622911695
"MRPS34",2.39997389517704,0.081945462422003,11.1858902231332,0.0013898043552346,0.408860381861575
"MRPS35",6.84731924537095,0.321987126773943,8.86311630613532,0.0106734465856903,0.578908114558473
"MRPS36",8.1635947913387,0.240123921839885,6.55410763069387,0.0037308900736857,0.382756563245823
"MRPS5",2.59081381311551,0.150947742362223,12.8389916997976,0.0102568086384753,0.586963007159905
"MRPS6",1.12427325039264,0.0119750335773355,9.22959050380906,0.0115098937071591,0.19376491646778
"MRPS7",7.01896440442907,0.284115434867805,8.21129624457601,0.00841237406899547,0.508800715990454
"MRPS9",2.51071380347381,0.288900734585737,13.3393643776369,0.0174580868906527,0.785799522673031
"MRRF",3.2309706097308,0.300746185884485,12.4638071910049,0.0161425291601156,0.75104415274463
"MRS2",3.423792367904,0.384838945242199,11.5341870171748,0.0168692719282357,0.802356801909308
"MRTO4",0.886089176347861,0.0815510225235655,17.3257638809474,0.0163738644129466,0.726282816229117
"MSANTD3",0.31573524128322,0.0838228204541554,20.3714125838622,0.0243179299204243,0.892153937947494
"MSH2",0.681928144364378,0.135861536550419,18.3412948214086,0.0218715155505648,0.854713603818616
"MSH3",1.69089344941106,0.313923495900307,14.1728711432295,0.0197891201691575,0.865005966587112
"MSH6",0.891229454164425,0.132440380751283,17.6201408496521,0.0199935435666312,0.811605011933174
"MSI2",0.964172547004145,0.0771203225568194,16.4938977097662,0.0140257810232742,0.676461813842482
"MSL1",1.91976919359977,0.278413286583371,14.2576622913793,0.018867546900041,0.823239856801909
"MSL2",1.70985187451737,0.222982798355257,15.0030973523419,0.0183696206801698,0.792511933174224
"MSL3",1.33972850195547,0.0717043174675596,14.4853442232631,0.00856253618838153,0.563394988066826
"MSMO1",0.794889349900522,0.0895376622023873,17.6912098455887,0.0178276033380026,0.757010739856802
"MSN",1.96489270912833,0.0219034316764681,7.8446254592819,0.0137009909792262,0.142899761336516
"MSRA",1.69458796002,0.27791052365544,14.6349366537998,0.0195612667660223,0.843227923627685
"MSRB1",0.835826636192677,0.175986466888448,17.4993264814998,0.0217340300077925,0.863812649164678
"MSRB2",0.435238296606823,0.197967066499831,18.265573725432,0.0243110689539896,0.935113365155131
"MSTO1",1.22408442096546,0.335116961110264,14.3875180817493,0.0208323380486175,0.907070405727924
"MT-ATP6",3.89951927182704,0.00314966382312771,5.47217501719613,0.0218598475241076,0.00641408114558473
"MT-ATP8",2.65237189251624,0.00437258606359584,5.83090941595731,0.0213269482464862,0.0147673031026253
"MT-CO1",4.65268303671116,0.00251392907225365,5.31888901117843,0.0219902834235914,0.00492243436754177
"MT-CO2",3.92382944553992,0.00223320544222763,5.48762099376578,0.0219445456522336,0.00596658711217184
"MT-CO3",3.31103735676078,0.00317431314050473,5.63858779734085,0.0217035273435539,0.00924821002386635
"MT-CYB",2.9099439657047,0.00307368722282162,5.68016029955557,0.0218018750277619,0.0073090692124105
"MT-ND1",3.26398288433751,0.00720171950090438,5.5015039544264,0.0214780352193126,0.00835322195704057
"MT-ND2",1.80860056519966,0.00543158021988344,6.07820529167372,0.0208959140414277,0.0213305489260143
"MT-ND3",2.41257088107167,0.0033198093144247,5.83532402044588,0.0215915349772882,0.0108890214797136
"MT-ND4",2.77207542815497,0.00475686534794826,5.63767826816355,0.0217244856345851,0.00656324582338902
"MT-ND4L",2.88061586116957,0.00376886482642406,5.64027296232019,0.0218157707522886,0.00611575178997613
"MT-ND5",2.62172400342418,0.00718969844410003,5.72846744716245,0.0211845583644992,0.0138723150357995
"MT-ND6",1.62517860696348,0.0219101892842824,8.79023516644592,0.0112698509997176,0.190184964200477
"MT1E",0.319836385713566,0.00186024323425245,14.4657996935841,0.00203855057014387,0.454952267303103
"MT1F",0.307550050727749,0.00369961031087088,14.5183675120408,0.0024015650141419,0.46076968973747
"MT1X",0.378684834824796,0.0016876406509062,10.8655255752387,0.00839547762551229,0.259695704057279
"MT2A",0.6781074585153,0.00109848683326756,8.81638926372925,0.0143173552279056,0.149910501193317
"MTA1",2.17251671017083,0.44790606008924,11.6802411099579,0.0184724584782519,0.898120525059666
"MTA3",0.790214900160074,0.30966578670177,15.4415585598598,0.0221370067628083,0.932577565632458
"MTAP",0.581062350030979,0.165042631529358,18.4088185739836,0.0233207185042619,0.897822195704057
"MTCH1",3.96298280611089,0.0773703223697541,7.8718837174158,0.0066583631521258,0.239707637231504
"MTCH2",4.56651992636242,0.206640357282853,10.3971468822946,0.00843513150757476,0.531921241050119
"MTDH",3.45209097761638,0.0510760745825406,7.01814881691874,0.0116669699070187,0.156026252983294
"MTERF1",1.96118908615143,0.452176246194726,11.6886546910789,0.0186635784606591,0.906921241050119
"MTERF3",2.99819226611538,0.419915211902121,11.5266214884122,0.0175758919366158,0.846957040572792
"MTERF4",1.39442741724079,0.137613055235494,15.7524494514285,0.0159809312693867,0.720465393794749
"MTF1",1.95312715876858,0.215310012835371,14.6678992051903,0.0173189021854359,0.764170644391408
"MTF2",2.03008219254177,0.152069602340203,14.2930371119473,0.0134568787058474,0.663036992840095
"MTFMT",2.80752337918295,0.48414223041098,10.7128003350669,0.0174370339764495,0.884099045346062
"MTFP1",0.598163178662664,0.0822598263484401,18.666769131049,0.0198616761531277,0.798776849642005
"MTFR1",0.670051088255631,0.150706504205094,18.2903559031791,0.0224263493021304,0.872016706443914
"MTFR1L",7.28250242335706,0.643372168115531,8.13275465031838,0.0127860266327618,0.848001193317422
"MTG1",2.83552443818659,0.264382760237306,12.908636621327,0.0158652465572561,0.732696897374702
"MTG2",2.60788346140754,0.359694053833949,12.5382170336009,0.0180388323785614,0.83054892601432
"MTHFD1",0.89655228414621,0.142194879998783,17.6218326615848,0.0204650604713411,0.824731503579952
"MTHFD1L",0.51702884332322,0.203344465697026,17.9551018140252,0.023828933597583,0.925566825775656
"MTHFD2",0.770071429947942,0.0171180716426448,12.9868955763994,0.000499898160197784,0.400954653937947
"MTHFD2L",0.645851811806193,0.124942818834992,18.5933331905298,0.0219346012881745,0.853221957040573
"MTHFR",0.185718928830497,0.085119963720585,21.1236181302713,0.0263356564527083,0.934516706443914
"MTHFS",1.19815414029033,0.127036206998189,16.4309153534566,0.016937071394011,0.741646778042959
"MTIF2",1.36498598063948,0.305029742408187,14.7301687794805,0.0206016984079576,0.884994033412888
"MTIF3",2.38166350256088,0.144163738295066,13.2194628646599,0.0106641455066447,0.59755369928401
"MTMR10",1.16003366389189,0.367251470198507,13.8745249161197,0.020724527007384,0.922285202863962
"MTMR12",2.1138163454182,0.46238477023104,11.4438130815564,0.0183891282345764,0.904683770883055
"MTMR14",5.00859664810092,0.319675325238434,10.231919444276,0.0130432774947348,0.653341288782816
"MTMR2",1.45776359160835,0.247597972316805,15.3572087973359,0.0199678766489895,0.843227923627685
"MTMR3",2.28220995652385,0.310920774942068,13.4017990148479,0.0182922368008843,0.81772076372315
"MTMR4",0.941634656485576,0.259172536895225,16.0976434156209,0.0218828206158164,0.899761336515513
"MTMR6",1.2137267656813,0.107644152313205,16.071691715712,0.0149695232299848,0.696599045346062
"MTMR9",1.2591967630945,0.199828731461679,16.1752092601751,0.0198517515451326,0.824731503579952
"MTO1",3.72980262516543,0.436094534493691,10.7852947750224,0.0166507476414253,0.820704057279236
"MTOR",1.21855493555007,0.226043766780056,16.0191332434795,0.0205543239621794,0.850984486873508
"MTPAP",1.29740582800865,0.409225444776968,12.963212679067,0.0200531576007845,0.927058472553699
"MTPN",9.97099557807701,0.270472687699248,5.85249671337213,0.00407706637387177,0.377834128878282
"MTR",1.5335748811865,0.191600658464781,15.5254107758302,0.0181370997744053,0.779534606205251
"MTRF1L",3.14987307619046,0.302731942251399,12.4934787769084,0.0163009188086118,0.755668257756563
"MTRR",2.47642183588624,0.269682021650234,13.4715428579894,0.0170839034562087,0.769242243436754
"MTSS1",0.274471589455727,0.0254266142095878,19.7731216364473,0.0192337455535991,0.777893794749403
"MTX1",3.95220076861262,0.365820443054339,11.2948051226565,0.0159412442020493,0.763573985680191
"MTX2",2.86801891021904,0.353210360074024,12.4495432889957,0.0176213648994525,0.815483293556086
"MUL1",64.8623091050541,0.910201642037027,36.7783989783852,0.0216529998960516,0.764767303102625
"MUS81",2.7291074144327,0.337927964682593,12.6196943615072,0.0176312396498349,0.807577565632458
"MUTYH",2.28674717421189,0.361261127032103,12.8475920847454,0.0186307277490956,0.850984486873508
"MVB12A",2.84748794290946,0.278917941204684,13.0466341706358,0.0165084386456513,0.756414081145585
"MVD",1.43845777991324,0.156441630066534,15.7664884044985,0.0169971418838632,0.746121718377088
"MVK",1.03904579070325,0.35684266226795,14.2169570983538,0.0210860797715004,0.927804295942721
"MVP",1.4460426569751,0.0698812881577077,13.8763860689273,0.00689514892227861,0.529087112171838
"MX1",0.188873530988181,0.0156848693640597,20.2381790712712,0.019892043946317,0.789081145584726
"MXD1",0.287842058362599,0.0259736098808277,19.6205515251013,0.0188427152205064,0.770435560859189
"MXD4",0.755509932634871,0.135547725388395,17.990082085799,0.0210506412989335,0.83576968973747
"MXI1",0.548307718289231,0.118777611972482,18.9247322711499,0.0224621185507217,0.862768496420048
"MYADM",0.315227554667142,0.0124863814741708,17.681467047193,0.0123178341310876,0.645733890214797
"MYBBP1A",1.33567828048542,0.252685244777741,15.4833768422748,0.0204201137392193,0.857100238663485
"MYC",0.122939654799955,0.00204486404749966,18.9436543882358,0.0151452607765091,0.698687350835322
"MYCBP",3.28320966989631,0.504447444132436,10.2234149942071,0.0168195396605258,0.87604415274463
"MYCBP2",1.84054758820112,0.0928936367834851,13.5666894483249,0.007928740339694,0.545793556085919
"MYD88",1.23006698610426,0.0935022046758609,15.7905346131861,0.0133686146964219,0.662291169451074
"MYDGF",0.960501016183404,0.0207781541849027,11.7206140395892,0.00356414246109929,0.33994630071599
"MYH9",2.05640563469614,0.025038631452625,7.85439666877776,0.0132268862300874,0.149164677804296
"MYL12A",2.75259221831142,0.0187906812799223,6.20640918601946,0.0181637093132347,0.0589200477326969
"MYL12B",4.99834596234925,0.0315179960059543,4.84899259364889,0.0189029469862725,0.0290871121718377
"MYL6",3.94598238367483,0.00944437499190384,5.23549113328236,0.0215117543597329,0.00492243436754177
"MYL6B",1.88698477077067,0.127554613517039,14.5827267858006,0.0126051022366825,0.64513723150358
"MYLIP",0.358668389103685,0.0463466630762338,19.7424539996062,0.0205228731483883,0.806085918854415
"MYNN",2.02916456043383,0.179201280093896,14.5120757444207,0.0153497945958107,0.709576372315036
"MYO19",0.978431497103234,0.147058891687093,17.3570231387598,0.0200785341226117,0.817124105011933
"MYO1B",0.218030863046751,0.0220149926426746,20.4425975991786,0.0208917491535468,0.809218377088305
"MYO1C",0.779118412818396,0.109443947255665,18.0830712116254,0.0198984645275637,0.804892601431981
"MYO1E",0.351922958573553,0.0370535298469587,19.6037932370522,0.0195334979799688,0.785352028639618
"MYO1F",0.332924218509151,0.0465534642527805,19.9527644947241,0.0211112766169473,0.81772076372315
"MYO5A",0.931379646778424,0.128696530442721,17.411839632108,0.0193277880468199,0.795644391408115
"MYO6",0.365317654457334,0.0693390100463346,20.0763385126488,0.0227711119419709,0.856205250596659
"MYO9A",1.08518754803973,0.192435258911781,16.6833089629314,0.0206266630596897,0.842034606205251
"MYO9B",0.848495096542858,0.0923976011211384,17.5280608588788,0.0175811840454984,0.752237470167064
"MYSM1",1.56760000800725,0.231414789751117,15.3018197849269,0.0192658864149008,0.819063245823389
"MZF1",1.78779994455819,0.404057384362948,12.6558719716173,0.0193373325905525,0.899015513126492
"MZT1",2.33806503808542,0.111412805612794,12.6427058755323,0.00715399285872569,0.524164677804296
"MZT2A",2.99303456823142,0.126540084981842,11.698619045454,0.00609040112823004,0.496569212410501
"MZT2B",3.06334638747872,0.128924202606518,11.7187235058949,0.00627808288196943,0.500596658711217
"N4BP2",0.683474839051704,0.147768355237101,18.2225240944317,0.0221519337688328,0.864558472553699
"N4BP2L1",0.665752018939543,0.0679607826476445,17.9879212993162,0.0172394975349608,0.74269093078759
"N4BP2L2",3.37110096821455,0.0818092471742753,8.51046392702656,0.00474358032280255,0.276103818615752
"NAA10",4.30722095221021,0.334962773183855,11.058126638541,0.0147732914053691,0.714498806682578
"NAA15",1.49656437404581,0.156427198641655,15.8216309489051,0.0170496781209715,0.748359188544153
"NAA16",1.13287095744664,0.140871347816958,16.7743718160238,0.0184543276058917,0.778192124105012
"NAA20",4.63338226409378,0.198908757315729,10.1016362783655,0.0074936989506462,0.508353221957041
"NAA25",0.951468675336912,0.11532767964471,17.333204584474,0.0184156438964702,0.77326968973747
"NAA30",2.73145874101495,0.275864960042451,13.0843430689192,0.0165621615447822,0.755817422434368
"NAA35",1.60973203250944,0.24939892264982,15.0460492909206,0.0194197423278892,0.828758949880668
"NAA38",2.11234460225979,0.101400305468785,13.1112764766253,0.00747074487064896,0.534158711217184
"NAA40",1.13645841452809,0.354086660516503,14.1534013275608,0.0208980098875938,0.920047732696897
"NAA50",2.96835049025751,0.0712619228582081,9.45697346618694,0.00372180978277604,0.306831742243437
"NAA60",5.41698134821294,0.341428826376512,9.81931261982451,0.0130563124570086,0.654982100238663
"NAAA",0.642610690633261,0.0845320316321156,18.4080182149862,0.0193414151640301,0.7881861575179
"NAB1",1.03073629259203,0.103154503468811,16.8585259969808,0.0165759846666143,0.731652744630072
"NAB2",0.624033451411612,0.114987966234192,18.6981493580675,0.0217014931056406,0.845316229116945
"NABP1",0.403630822401938,0.0263267151990105,18.1761975839208,0.014820404348729,0.693019093078759
"NABP2",1.77538628174396,0.148022451593508,14.9294329118306,0.0146386965900054,0.690781622911695
"NACA",6.55295542591748,0.0152447170521521,4.49152016288191,0.0213548629312898,0.000894988066825776
"NADK",1.83642605481554,0.264751487497925,14.5007769365466,0.018890926158893,0.819063245823389
"NADSYN1",3.12559901310713,0.323538618405672,12.3028684845763,0.0166564853216747,0.771479713603819
"NAE1",1.5451341117981,0.190893375787762,15.6227624121066,0.0182636875414749,0.783263723150358
"NAF1",0.753841283329496,0.0913000594248755,18.0161083030717,0.0187285909755069,0.776551312649165
"NAGA",0.82460628078427,0.188820672087778,17.389484588213,0.0220199255843422,0.875149164677804
"NAGK",2.30348426056678,0.171843351296673,13.6366176809745,0.0131904285799207,0.655280429594272
"NAGPA",2.5954038724117,0.446414315860346,11.3655355525733,0.0179376298992536,0.875447494033413
"NAIP",0.284786359169915,0.109616506804206,20.2616019331714,0.0253062722158721,0.921837708830549
"NAMPT",0.884382882292796,0.0182385262513823,12.1978556528279,0.00255639332984802,0.360978520286396
"NANS",1.31260013720281,0.074925639821767,14.9336473280041,0.00991182020584032,0.591288782816229
"NAP1L1",2.6794499566664,0.044754184814558,8.43946764957156,0.00913176147907204,0.214200477326969
"NAP1L4",1.0045302121028,0.0201586839825756,11.3828639586768,0.0045606701437178,0.321151551312649
"NAPA",4.69956877450818,0.122190823047387,7.795256825429,0.00236095843711667,0.300268496420048
"NAPEPLD",1.03352755349688,0.309291073103741,15.0893920574317,0.0214490085787568,0.911843675417661
"NAPG",2.78826115081571,0.232854111904027,13.2225378038433,0.015123447566253,0.709278042959427
"NAPRT",2.43772432144041,0.263570587788356,13.5890470150948,0.0170751644759675,0.767750596658711
"NARF",1.73183884876343,0.0753764129643981,12.9221357693034,0.0050022574248137,0.487768496420048
"NARS",3.84802261512971,0.17691075642689,10.9487857650601,0.00787145042052205,0.524015513126492
"NARS2",2.11679837554179,0.395515782942678,12.52902409384,0.0188817672103324,0.878281622911695
"NASP",1.65949044008635,0.0577376718094322,12.6315853509961,0.00266359189295245,0.446599045346062
"NAT10",2.24934154500373,0.357949666781838,12.8765102010293,0.018647119945388,0.849045346062053
"NAT9",2.69217936030518,0.291697089281304,13.0462077759311,0.0170246438476843,0.773418854415274
"NBAS",0.25200840771121,0.0260514539925918,19.9538602095023,0.0197955971298947,0.788633651551313
"NBEAL1",2.03785574804751,0.0206204936692015,7.34000837334589,0.0151846425256607,0.115005966587112
"NBN",1.60948730327216,0.186144798787946,15.4498983884574,0.0176950847260169,0.76804892601432
"NBPF1",0.666209654611844,0.130470509820813,18.418959769798,0.021802344895706,0.851581145584726
"NBR1",1.68496529688597,0.115294746481501,14.4970968970487,0.0117418911998396,0.625
"NCAPD3",0.753512705803365,0.141464592998887,18.0748076507825,0.0215008947310672,0.848001193317422
"NCAPH2",1.16493243016937,0.148499708726713,16.7308759207572,0.0187224964940291,0.785948687350835
"NCBP1",2.32658751051749,0.294280009518253,13.4933113428977,0.0179551300787729,0.801610978520286
"NCBP2",4.80649251444227,0.210268394547977,9.82006983627518,0.00767781257755967,0.508502386634845
"NCBP2-AS2",2.09932587557758,0.159790213365882,14.2086586617557,0.0136964994960636,0.668705250596659
"NCBP3",2.90943627455387,0.183344341095929,12.5696627256757,0.0115616960737369,0.614707637231504
"NCK1",1.26931664757554,0.0596310253265905,14.1993260732796,0.00684706349641875,0.530877088305489
"NCK2",0.829346968427661,0.156463507815999,17.6557911268621,0.0212447541241351,0.846062052505967
"NCKAP1",0.455984664538466,0.0907906341628525,19.5933018173839,0.0226768863585379,0.859934367541766
"NCKAP5L",0.323735166396169,0.11374283480462,20.0347416694931,0.0249314595729307,0.91527446300716
"NCKIPSD",1.00743397725594,0.353184036597244,14.318585618284,0.0211859835378454,0.928699284009546
"NCL",3.07584176084069,0.0259560005131805,6.11188076972364,0.017272925458332,0.0683174224343675
"NCLN",2.53394191563093,0.275583727517297,13.4031956510734,0.017128218994783,0.772523866348449
"NCOA1",1.41806628692568,0.198409601351036,15.8196414650728,0.0190342433245241,0.803848448687351
"NCOA2",0.813436113558298,0.100210652082615,17.7173972059299,0.018521399447234,0.773120525059666
"NCOA3",1.34401129141673,0.103084858985618,15.5431568338014,0.0134001408742913,0.662589498806683
"NCOA4",2.78582443666564,0.100481508005322,11.0573666279921,0.00269571202756319,0.428997613365155
"NCOA5",0.420278861028567,0.0454785277911067,18.9806574265989,0.0184143726963099,0.764021479713604
"NCOA6",1.90670255697484,0.313774953209829,13.8974590263948,0.0192636904547302,0.849045346062053
"NCOA7",0.264083658872601,0.00501301123541664,16.342756923467,0.00781323294426203,0.561754176610978
"NCOR1",3.42135319198338,0.0974089589559461,9.17256298293829,0.0017410650771439,0.331443914081146
"NCOR2",0.882351954598935,0.112125303912092,17.6075511721726,0.0188988877087423,0.783412887828162
"NCSTN",2.81616964127732,0.28338699089334,12.9297776089711,0.0165323999936999,0.756712410501193
"NDC1",1.00172065679021,0.21903716966798,16.6143657982675,0.0215127442768781,0.873657517899761
"NDEL1",2.09042962505537,0.121143468750719,13.6159212139982,0.0100498312803073,0.587112171837709
"NDFIP1",3.68506666273799,0.081474323851953,7.84282924559442,0.0062521558734093,0.243436754176611
"NDFIP2",0.689245589653883,0.042340415463231,16.9782355977408,0.0127330799186816,0.652147971360382
"NDRG1",0.37094279799818,0.00860250691069782,15.5710340859784,0.00592629359173248,0.525656324582339
"NDRG2",0.176631632818733,0.0587140924346833,21.4738461144175,0.0259213715338907,0.916766109785203
"NDRG3",1.72245024695639,0.222607596614072,15.0157669715286,0.0183632890221305,0.792511933174224
"NDUFA1",5.25821825138153,0.0695927171172749,5.40919266604344,0.0127321208371059,0.114110978520286
"NDUFA10",10.3699752331082,0.388896851846754,7.22835107027039,0.00973475232748051,0.544898568019093
"NDUFA11",3.34040546042743,0.13517545133747,10.9935549465386,0.00523421991593993,0.473001193317422
"NDUFA12",3.70870047770499,0.0999746567477338,9.05997190930167,0.0017884974823602,0.329803102625298
"NDUFA13",2.97689774915006,0.109358129091045,10.698829746685,0.0026659296642511,0.423627684964201
"NDUFA2",118.246984075317,0.776699088590946,33.9552872616565,0.0044918815810907,0.299821002386635
"NDUFA3",2.33729487452745,0.0685514204469483,10.5201840665301,0.00145620582443156,0.355310262529833
"NDUFA4",4.4204245475141,0.0410812860285758,5.39516326930116,0.0165315447243082,0.0660799522673031
"NDUFA5",9.24443422391498,0.28210680094131,6.16173919454806,0.00529089858099382,0.406175417661098
"NDUFA6",3.84399043003735,0.0694388692239994,7.29239760023917,0.00880997181238481,0.199134844868735
"NDUFA7",0.843007523566503,0.30601296268766,15.4354325706357,0.0220182534066569,0.927058472553699
"NDUFA8",7.00750665616171,0.294746757718243,8.38419312256818,0.00906557578116748,0.527893794749403
"NDUFA9",4.30109161825435,0.529497928009406,9.5382168289819,0.0157842121921759,0.854564439140811
"NDUFAB1",5.15052584836791,0.10244183033244,6.70117128676719,0.00645915916439854,0.221807875894988
"NDUFAF1",2.52482403805943,0.424861816726386,11.741690993013,0.0181477432113704,0.869480906921241
"NDUFAF2",2.07498219812441,0.219499049259972,14.4867284601498,0.0170922104279225,0.759546539379475
"NDUFAF3",1.51487800114849,0.0795208149868677,14.3046103959251,0.00869297003021425,0.565035799522673
"NDUFAF4",1.4944262106527,0.118839580350746,15.4866775718239,0.0142112305305187,0.680787589498807
"NDUFAF5",3.24984047694519,0.418075537299536,11.359181457192,0.0172466661554059,0.83368138424821
"NDUFAF6",0.850909737980676,0.127102274854065,17.7376497166585,0.0200106050571679,0.810710023866348
"NDUFAF7",1.77102707754674,0.310499511020892,14.0310436654944,0.0194836615915294,0.853221957040573
"NDUFB1",2.39322757713872,0.080543050305626,11.3509069102608,0.0016284277830345,0.415125298329356
"NDUFB10",4.91179344289989,0.100396489587078,6.82302512114636,0.00641574583214713,0.224194510739857
"NDUFB11",6.60493775970056,0.0789911576525455,4.60974522953546,0.01306532805277,0.0963603818615752
"NDUFB2",3.55727201514711,0.0487623151073915,6.76453023207844,0.0125358827615434,0.140363961813842
"NDUFB3",2.96607482225828,0.0864432240983996,10.2153419183751,0.000485144106022871,0.366945107398568
"NDUFB4",4.00281410371527,0.0530868802612253,6.4228369867965,0.0127135949594422,0.132458233890215
"NDUFB5",7.08740398228005,0.262326842630735,8.23453196614132,0.00733147200658645,0.485381861575179
"NDUFB6",4.36558147725665,0.116086550549133,8.52801070314142,0.00146771576528924,0.326819809069212
"NDUFB7",2.92093683972035,0.0820019969838676,10.0044654157965,0.00137662478615475,0.349940334128878
"NDUFB8",1.08811248530719,0.172425312832232,16.7759140776724,0.019986637382314,0.820554892601432
"NDUFB9",4.11173464153276,0.0747004731500345,7.43034781660203,0.00791062339768585,0.214647971360382
"NDUFC1",3.60034542413287,0.0906428097235238,8.701043179955,0.00344422905473536,0.298776849642005
"NDUFC2",3.31016925502569,0.297647033392089,12.2716395844763,0.0157730004924949,0.737768496420048
"NDUFS1",3.6749355813165,0.30880436176374,11.79382552465,0.0152807644177182,0.724940334128878
"NDUFS2",3.73956962702258,0.171681264329254,10.8477848072991,0.00741793242007653,0.512977326968974
"NDUFS3",8.09765943146397,0.277209143167214,7.05569713507766,0.00638658028328085,0.444958233890215
"NDUFS4",5.09031079048783,0.286364056406071,10.5874828637246,0.0121678525333147,0.630817422434368
"NDUFS5",3.77683483214967,0.0383615082981019,5.8206026288369,0.0160719783555382,0.0784606205250597
"NDUFS6",3.79686162161756,0.0902785982736953,8.43124964863333,0.00407972764910963,0.285352028639618
"NDUFS7",4.153420181101,0.137143018424265,9.53996175485059,0.00234180939378565,0.403937947494033
"NDUFS8",3.32439799048818,0.104088185118984,10.0758541638148,0.000790397057971039,0.385292362768496
"NDUFV1",3.88598479176915,0.127299791288987,9.75892426748926,0.00202495139433052,0.401551312649165
"NDUFV2",2.30658889721965,0.0339325474133024,8.06821277113492,0.0114531658725557,0.176163484486873
"NDUFV3",1.66323773539138,0.209553427164089,15.2932445286799,0.0183632716759228,0.789976133651551
"NEAT1",0.689150179853231,0.0034705089555457,9.02916071424335,0.0133610933441524,0.165572792362769
"NECAP1",2.74017094683121,0.321994024690805,12.7272700134861,0.0173958772233947,0.793854415274463
"NECAP2",2.96849235251664,0.134736004017978,11.4678847825849,0.00628832228135381,0.496569212410501
"NEDD1",2.10928417139737,0.277679783071542,13.979658825692,0.0183113876931168,0.806980906921241
"NEDD4L",0.206546782515824,0.0122170865744431,19.7083699310805,0.0181159235685295,0.75522076372315
"NEDD8",4.05532579753721,0.0884589627726173,7.97943722260631,0.00524722052276346,0.261187350835322
"NEDD9",0.28654690769516,0.0344235599495619,20.0868289403809,0.0207091719877377,0.807726730310263
"NEIL2",1.03531349087509,0.398246159882526,13.3985025243263,0.0206134097515544,0.938693317422434
"NEK1",0.886736724069699,0.09614098785228,17.3010487471628,0.0172607173713128,0.745525059665871
"NEK4",3.00247507891988,0.450074016339972,11.0855818144611,0.0174564946384071,0.860381861575179
"NEK6",0.225252630649071,0.098515387573359,20.7228382832443,0.0259458125586498,0.931384248210024
"NEK7",2.0063686865196,0.105329982289042,13.335647889086,0.00832469770294521,0.551312649164678
"NEK9",1.55595298719984,0.290737322282773,14.6011700639955,0.019961016884179,0.85903937947494
"NELFA",5.8310756355713,0.366073080572909,9.68098014782523,0.0133136752450117,0.670793556085919
"NELFB",2.35305455117637,0.470743323568914,11.1550297020523,0.018031746887329,0.896927207637232
"NELFCD",3.84088403285421,0.209722337575102,11.5424093621893,0.0107592395269607,0.593377088305489
"NELFE",4.6234246438978,0.213624597535258,10.2925899039117,0.00865559348193823,0.535352028639618
"NEMF",2.55661110038569,0.14571271269235,12.8022870077335,0.00986045840216774,0.578311455847255
"NENF",3.0041344811155,0.214102965252495,12.8686363623112,0.0135869595286925,0.66736276849642
"NET1",0.193338838890306,0.0303323535900254,21.1182079087873,0.0233292718893284,0.857696897374702
"NEU1",1.14209491922343,0.067511325127156,15.3000038357861,0.0102876789600652,0.599940334128878
"NF1",1.20613732172263,0.140528224342513,16.5046129684037,0.0178243632977543,0.763573985680191
"NF2",2.08255028731289,0.342710141902249,13.2896594947791,0.0189678183426626,0.852625298329356
"NFAT5",1.54039843879711,0.0611509957508437,13.2424255210052,0.00452602035192558,0.483293556085919
"NFATC2IP",2.96504427530172,0.262740043989964,12.8457642955235,0.015614804352293,0.726431980906921
"NFATC3",1.37402254493136,0.143405450099913,15.9507341868482,0.0167199683197804,0.738365155131265
"NFE2L1",1.13546685796659,0.114185318946752,16.6108176376848,0.0166188969138879,0.733591885441527
"NFE2L2",1.73187089174342,0.0402679059212969,10.7480870645621,0.00390632684095836,0.322344868735084
"NFIB",0.13649552208808,0.0122253875313017,21.0352280428899,0.0219496089266015,0.82741646778043
"NFIC",0.546533810644008,0.0455074908219574,18.2520529249616,0.0164090482105225,0.724791169451074
"NFKB1",0.613573211522321,0.0225464698556512,15.4366136441721,0.00686073114255237,0.54027446300716
"NFKB2",1.02965972229358,0.0261047747547716,12.3625997555158,0.00121810126463667,0.382756563245823
"NFKBIA",0.687799898504673,0.00324557729305643,8.62368929550472,0.0145492831374794,0.143347255369928
"NFKBIB",4.28905950833371,0.225216704794602,10.8398927850543,0.0102722735419502,0.576819809069212
"NFKBIE",0.365020995034819,0.0818910000795742,20.0596921514841,0.0234153132586902,0.872762529832936
"NFKBIL1",3.142689138455,0.322615683597521,12.364242420241,0.016681102345607,0.772971360381862
"NFKBIZ",0.5142954289465,0.0101657050617364,14.086777802356,0.00184000611193906,0.448239856801909
"NFRKB",3.06469585347565,0.458580114730764,10.96446744103,0.0173590329572982,0.863215990453461
"NFS1",1.59979634779391,0.322493205072237,14.1501606744594,0.0200063637978666,0.875447494033413
"NFU1",1.13828283029252,0.118843453363622,16.540787557343,0.0167442121504705,0.736426014319809
"NFX1",1.45861108824793,0.182577979944548,15.780110392204,0.0182593170650056,0.781026252983294
"NFYA",0.787705583135848,0.178966543993759,17.6054571699965,0.0220943726817223,0.873508353221957
"NFYB",1.25936272098377,0.144100185277051,16.3818486035985,0.017717778454421,0.761784009546539
"NFYC",4.75900482744407,0.218608536042901,10.1678671868038,0.00868196958892424,0.534904534606205
"NGDN",8.6219881277265,0.302186896031073,7.06466854504544,0.00735636648082254,0.468377088305489
"NGLY1",1.53561967766025,0.13754005055404,15.3749436484972,0.0150992559710292,0.700477326968974
"NGRN",5.46240079660005,0.155863904550096,7.8400036123545,0.000473752186774052,0.346658711217184
"NHLRC3",0.947508469265836,0.224612286871769,16.5873549359039,0.0216976746793746,0.880071599045346
"NHP2",2.67671449832461,0.0792535676473096,10.7349599068676,3.41545691896449e-05,0.38230906921241
"NIF3L1",1.55980709570662,0.297385883326379,14.5583579992082,0.0200470027391016,0.865005966587112
"NIFK",1.4983542610266,0.0662654423151887,13.8659912987354,0.00652278210707291,0.523120525059666
"NIFK-AS1",0.847913948456585,0.299523615885921,15.5278268808858,0.0220245335782938,0.923478520286396
"NIN",0.887240702442568,0.118176347327059,17.5424268570659,0.019087107993955,0.788335322195704
"NINJ1",0.545559845080061,0.0109117854183574,13.7917555996334,0.00108427057541145,0.433621718377088
"NIP7",2.53465935611792,0.159781191837386,13.2463151965592,0.0116072086670956,0.618884248210024
"NIPA2",4.75040048391669,0.225115131677728,10.1474966825473,0.00902145305164091,0.541915274463007
"NIPAL3",0.850739076313811,0.138987003082338,17.6571143261268,0.0204308146929113,0.822643198090692
"NIPBL",3.43815035230778,0.118069951795935,10.1415854535035,0.00213548237023559,0.407965393794749
"NIPSNAP1",1.01544608284429,0.197063639792416,16.8161306122093,0.0211010355349093,0.855310262529833
"NIPSNAP3A",1.67360746606571,0.285785889748434,14.5686376160175,0.0196884262892663,0.849940334128878
"NISCH",1.68479249492067,0.278666615549946,14.5746424532803,0.0195125196511342,0.841437947494033
"NIT1",1.57982959939818,0.214105386262637,15.3188057813247,0.0186608719162684,0.797881861575179
"NIT2",2.13887898716726,0.168196339894614,14.4391772695215,0.0145539304207639,0.690781622911695
"NKAP",3.16649734035799,0.206248191167259,12.3276048847891,0.0122426363822242,0.630668257756563
"NKIRAS1",1.17741759233744,0.329878446773538,14.5510511382728,0.0209869768938882,0.909158711217184
"NKIRAS2",3.61495229333681,0.318960441638628,11.7973605994186,0.0156164986921819,0.737470167064439
"NKTR",2.10800451663879,0.112844883807306,13.2389680038486,0.0086420064443441,0.556682577565632
"NLE1",2.2267907980967,0.446263581836268,11.6510585184431,0.0184091264856191,0.89409307875895
"NLRC5",0.729026861790998,0.129786217636157,18.1378759736138,0.0211116383390908,0.83576968973747
"NMB",0.0937134662210107,0.00311429728729764,20.3668654727386,0.01939514822267,0.777893794749403
"NMD3",1.2310772880848,0.133154217359916,16.4869771004521,0.0173676288138638,0.752535799522673
"NME1",1.18259933196806,0.1406701893767,16.7702629489764,0.0183889824139384,0.777297136038186
"NME2",2.4305328119056,0.0410396643187585,9.17860470334485,0.00778002959451873,0.245077565632458
"NME3",1.51433495016867,0.104742029426777,14.8943584731355,0.0119681900593509,0.631115751789976
"NME4",0.295560223888971,0.0340005007137267,20.0434781698761,0.0205552133290129,0.804743436754177
"NME6",1.43051371364907,0.236471395460115,15.471871783665,0.019826023626179,0.835173031026253
"NME7",1.48647419503391,0.242676535262114,15.2961332761166,0.0197015915521158,0.833830548926014
"NMI",1.47820982537794,0.148679783143841,15.7024144950881,0.0164268540405361,0.732249403341289
"NMRAL1",1.24432466416603,0.243122090320971,15.7915663365997,0.0206963160782417,0.8611276849642
"NMRK1",0.443172989918486,0.0334180831581564,18.2327365886948,0.0155131883544266,0.706443914081146
"NMT1",2.91621122733529,0.256159073664597,12.8234629214295,0.0153863412998477,0.717929594272076
"NMT2",0.587564306162839,0.258715655566797,16.750005936119,0.0232063751027595,0.935560859188544
"NNMT",0.0316401803211605,0.00299392309613187,22.9946371095507,0.0270945206376607,0.921241050119332
"NNT",1.60592062757105,0.246524823887469,15.0573273445261,0.0193520579957655,0.825775656324582
"NNT-AS1",0.923866745698174,0.228704833922124,16.6098652073653,0.0218786790045643,0.886634844868735
"NOA1",4.66776441846987,0.387981295377125,10.5594807351915,0.0152248523587042,0.746121718377088
"NOB1",3.46161723047435,0.196593492153358,11.7828358022608,0.0106586570205622,0.590692124105012
"NOC2L",2.34043188403054,0.148142400301469,13.4674811311215,0.0114236066231673,0.615304295942721
"NOC3L",1.06036245087795,0.161275213589905,17.026052137951,0.0199995661810112,0.818615751789976
"NOC4L",5.10472154096028,0.466008653234809,9.83898923926113,0.0153439043702474,0.790125298329356
"NOL10",3.07839023882413,0.358517849429777,12.1575156013937,0.0172669191169925,0.805489260143198
"NOL11",2.74215390222517,0.189137142571024,13.0311438357058,0.012775982288287,0.645435560859189
"NOL12",1.64063394637599,0.495554468462566,11.0789112227936,0.0184865362289388,0.933770883054893
"NOL7",4.41111812609064,0.116990022694421,8.34330878331646,0.00174815509801118,0.319212410501193
"NOL8",1.36900556512161,0.126038247210113,15.9585066288829,0.0157471557582577,0.715244630071599
"NOLC1",1.4532214265193,0.073171632172564,14.4318960531721,0.00849650022118167,0.5625
"NOM1",1.36173713240208,0.230905892748765,15.7239307843811,0.0201027204703537,0.841139618138425
"NOMO1",2.38292555360654,0.534985575057483,10.0621940638618,0.0172399306071565,0.917959427207637
"NONO",4.25237883417343,0.0805682360070208,7.41178397238633,0.00730266044771299,0.222702863961814
"NOP10",3.17592947369416,0.0535665636472516,7.74532206949984,0.00968612733803952,0.194958233890215
"NOP14",1.72312945702747,0.141792935162134,15.0249069024406,0.0145026235697378,0.6875
"NOP16",0.949890415665278,0.0481323149969913,15.551175291402,0.00937865435622031,0.584874701670644
"NOP56",1.48593981330103,0.0570440422196928,13.251324450583,0.00417807639715106,0.477625298329356
"NOP58",1.69091877714866,0.0339679801193044,10.02486012299,0.00649803564482397,0.274612171837709
"NOP9",4.3344776581154,0.749399208201445,6.50654691626491,0.0122130071797576,0.94063245823389
"NOSIP",9.43560680216666,0.277392999722522,5.77262878542843,0.00460651296154489,0.384099045346062
"NOTCH1",0.433834667928213,0.065321086433513,19.5664260085956,0.0211976461859839,0.823239856801909
"NOTCH2",1.19173410479879,0.0840494860757403,15.8686801956976,0.012893756387038,0.653042959427208
"NPC1",0.643356191004833,0.0599668853914292,17.9256775838697,0.0165466819647683,0.728072792362768
"NPC2",0.594899971165551,0.0132461441295491,14.3369463340856,0.00285981658861887,0.466736276849642
"NPDC1",0.276330588978782,0.0283909038228652,19.8426392701843,0.0196361271095795,0.785948687350835
"NPEPL1",1.79096474838659,0.505663191599889,10.8200401344734,0.0181896869004657,0.930638424821002
"NPEPPS",3.16238438887001,0.11025175345729,10.6321265451826,0.00253782580340231,0.421390214797136
"NPHP3",1.3765677110401,0.446994670655728,12.165285013019,0.0194660931549071,0.932726730310263
"NPLOC4",2.41577765252863,0.340432115756098,12.9410385920401,0.0182758937230161,0.829355608591885
"NPM1",4.07837679428063,0.0143349523593177,5.12219653949637,0.0210223144806153,0.00820405727923628
"NPM3",1.18824003008041,0.173321311990753,16.6159501178495,0.0196291079763273,0.812798329355609
"NPRL2",1.79482569138139,0.239038869112141,14.698337645093,0.0183998750214347,0.797136038186158
"NPRL3",2.41462646980699,0.317065473658799,13.168535069181,0.0180496848410275,0.8125
"NPTN",1.59578623047582,0.0635571934063254,13.2806797551706,0.00482164317398644,0.488812649164678
"NQO1",0.132265337458819,0.0397317393179175,21.9162212875648,0.0261091148907988,0.91423031026253
"NQO2",0.557990760914393,0.0640160268340246,18.7546080043359,0.018971682308378,0.777893794749403
"NR1D1",0.320948352269245,0.0636337769175492,20.3231178757297,0.0231107554323583,0.861575178997613
"NR1D2",1.01002863493402,0.159337301368377,17.0914295299429,0.0200892154066584,0.81980906921241
"NR1H2",5.23961782302697,0.203621826475986,9.09324693711892,0.00599186353370405,0.46494630071599
"NR2C1",2.27742128905996,0.392780756619726,12.4050247971085,0.0186187069166515,0.867094272076372
"NR2C2",2.76410558804374,0.38303694159166,12.106044827122,0.0178515729726539,0.835322195704057
"NR2C2AP",0.646691497417353,0.0623113617534893,18.1004717586931,0.0171465088829688,0.740602625298329
"NR2F6",3.00582930821851,0.656238321456755,7.86147394364067,0.0148177396503209,0.936754176610978
"NR3C1",0.655587529289009,0.00977992700860976,11.7302663100504,0.00486747775281813,0.321300715990453
"NR4A1",0.150766872417822,0.00243413074781933,18.2953833089914,0.0132758058184531,0.663931980906921
"NR4A2",0.177399356480559,0.0113950924229353,19.9462860397731,0.0187527684106473,0.76700477326969
"NRAS",5.22023734823171,0.311428659090295,10.2180150664828,0.0126042095991084,0.641408114558473
"NRBF2",4.05326210352245,0.224604033789223,11.2340991191824,0.0109494189155976,0.595912887828162
"NRBP1",5.72138301409189,0.164486342980063,7.66093270615474,0.000799138128797346,0.349045346062053
"NRDC",6.1648657169875,0.230753125835104,8.51035305055404,0.0064026079550247,0.466736276849642
"NRDE2",1.66273276622456,0.32807875609426,13.9786146008199,0.0198498538972775,0.873210023866348
"NREP",0.0986197695015816,0.0159875202599024,22.0267661950854,0.0250484058717784,0.886784009546539
"NRIP1",0.272848860837299,0.0396320989896693,20.4448835173734,0.0220251184936284,0.834427207637232
"NRM",0.832371121078334,0.167620078918451,17.631168782956,0.0216570800137279,0.859486873508353
"NSA2",8.8661615548859,0.178094414854466,5.22118116065672,0.00254120230042895,0.253579952267303
"NSD1",2.73197415184368,0.176473152286924,12.8154163158389,0.0117060492819891,0.61873508353222
"NSDHL",1.61153940170933,0.301338265205641,14.4209399262858,0.0199113256049455,0.862619331742243
"NSF",1.16984164984235,0.138067016090745,16.5558711672549,0.0178304469517112,0.763126491646778
"NSFL1C",1.75984461461074,0.0695293635014498,12.9689604674209,0.0045633634743121,0.481503579952267
"NSL1",2.53001650918859,0.196187509539849,13.43110045872,0.0139674338875405,0.675268496420048
"NSMAF",1.36324894258327,0.181794265253643,16.021876626992,0.0187467011060033,0.792810262529833
"NSMCE1",0.5810800739888,0.0348874447301697,16.9232110850279,0.0120325141233011,0.638424821002387
"NSMCE2",2.82199720360241,0.321542357919019,12.7359419733055,0.0173202394606629,0.792661097852029
"NSMCE4A",1.68093433868262,0.22287693556639,15.0769113310152,0.0185083593871378,0.796241050119332
"NSRP1",1.62979766631652,0.139202635512108,15.3100226829293,0.0149902267230901,0.698836515513127
"NSUN2",2.41344260281334,0.213028283276117,13.7543937419102,0.0153819883234129,0.713156324582339
"NSUN3",2.3953623109975,0.505585941209571,10.5619947078028,0.0176119742911151,0.907965393794749
"NSUN4",3.06123338690727,0.432011003036978,11.313143246111,0.0174645287073283,0.849791169451074
"NSUN5",4.0393344426609,0.309277674724518,11.3508773800865,0.0145432573294723,0.701521479713604
"NSUN6",0.770824216492146,0.161238969540634,17.8243866699933,0.021835063196463,0.861426014319809
"NT5C",3.14047516500337,0.179983215184815,12.2012054293538,0.010587293992708,0.591288782816229
"NT5C2",1.73042315452818,0.208334914608187,15.0959884558412,0.0179303274143831,0.778192124105012
"NT5C3A",2.46440585131413,0.136353912778442,12.6965219793768,0.00906544035141757,0.560859188544153
"NT5C3B",3.13364310383159,0.390352814459884,11.7569047631564,0.0173492032183492,0.822494033412888
"NT5DC1",1.19794394873669,0.213851611768952,16.2033602839568,0.0204677191175211,0.844719570405728
"NTAN1",1.90564483159706,0.185807086041007,14.7218261887395,0.0161472620789601,0.729415274463007
"NTHL1",1.03287264727662,0.26567063964805,15.8344330780868,0.0215637608851106,0.893943914081146
"NTMT1",2.55278608036699,0.184151798286533,13.4126917354167,0.0132906015659895,0.658711217183771
"NTPCR",3.57355632951632,0.445607251208644,10.9022903745687,0.0168803727559435,0.838305489260143
"NUB1",0.886275704210943,0.0620569484601511,16.285039551212,0.012428082289858,0.64409307875895
"NUBP1",4.65601379699856,0.423028229508028,10.4056107553415,0.0156130373979589,0.776700477326969
"NUBP2",3.61174082491069,0.215841476033748,11.5656800041249,0.0112769035924448,0.603669451073986
"NUCB1",2.50569132706247,0.0891851525325737,11.3419333250689,0.002383171908384,0.427207637231504
"NUCB2",0.410773453283053,0.0316581571655403,18.60590913766,0.0164063324109347,0.723896181384248
"NUCKS1",0.862310869854168,0.0248480229096361,13.9547859059685,0.00296978015323712,0.46494630071599
"NUDC",2.06213224384515,0.039431640560394,9.15138984697888,0.00804903987456207,0.239558472553699
"NUDCD1",1.63275549203343,0.235441299738604,15.1905584330333,0.0191672734623903,0.818019093078759
"NUDCD2",2.62118895917838,0.146306032441865,12.7252757859432,0.00971409150563697,0.575029832935561
"NUDCD3",4.86625924145066,0.484825692716975,9.78161120575165,0.0155507814654473,0.81041169451074
"NUDT1",0.8394742264131,0.0753920871453315,17.4459652965655,0.0162824623099262,0.724045346062053
"NUDT14",1.00353918876393,0.178549737174209,17.005953483564,0.0207495899499055,0.840841288782816
"NUDT15",1.63141957931727,0.201660294755321,15.4880679691285,0.0184001524715876,0.789677804295943
"NUDT16",0.935272130684501,0.295121280484844,15.4919012051045,0.0218103456354956,0.915125298329356
"NUDT16L1",1.59926984326666,0.13772881986002,15.1485019421808,0.0146050616891188,0.688991646778043
"NUDT19",1.81497134554669,0.488523222122835,11.1254442258957,0.0184023918906511,0.924821002386635
"NUDT2",2.93780088272609,0.339470894400866,12.4611032842423,0.0173213108304434,0.799373508353222
"NUDT21",3.38400397131414,0.115516086403636,10.3932517889411,0.00243248883763569,0.416766109785203
"NUDT22",1.22081734368043,0.127886700137853,16.331453407237,0.0167586055002693,0.737619331742243
"NUDT3",2.20311484472484,0.24463063161303,14.1605774636866,0.017431313418148,0.774015513126492
"NUDT4",0.90596627078772,0.0325089851515926,14.1621324781685,0.00430362919039413,0.487917661097852
"NUDT5",1.88704660142161,0.0741358984571203,12.4294814979742,0.00367494399694795,0.460620525059666
"NUDT8",0.389829364671159,0.181898887036805,18.6963780644877,0.0246601234986353,0.93645584725537
"NUDT9",2.23346633077367,0.262787343343694,13.8815513483318,0.0176246635414654,0.782816229116945
"NUFIP1",0.816435678766934,0.156027632912677,17.7716202392011,0.0214665029660811,0.851431980906921
"NUFIP2",1.94495370043829,0.107434329765895,13.8037684863634,0.00952576964633846,0.578013126491647
"NUMA1",1.38032104809,0.0846224211680553,14.74325060744,0.0102023551814526,0.595316229116945
"NUMB",2.49540934081233,0.167273314452366,13.3508798872581,0.0122747139461794,0.634099045346062
"NUP107",1.22512470834457,0.160249405029122,16.4916700088173,0.0187692452219149,0.789081145584726
"NUP133",4.26459379240883,0.467578755307281,10.2052311946968,0.0161071428697295,0.820405727923628
"NUP153",1.10309681015192,0.0828036805410454,16.2889963629764,0.0138491823254251,0.673329355608592
"NUP155",0.936068965782052,0.195614109421294,17.002338522176,0.0214572089481184,0.863514319809069
"NUP160",2.45083931361356,0.299500193847033,13.3280539532593,0.0177798951951464,0.7986276849642
"NUP205",1.76637841458391,0.306823714770768,14.1369876570567,0.0195353599362966,0.85381861575179
"NUP214",2.56211473647813,0.281381874779087,13.2665325876845,0.0171079221691507,0.772822195704057
"NUP35",1.32551922874178,0.266149860776795,15.3445491013361,0.0205891602736874,0.867243436754177
"NUP37",1.11281883950853,0.186327028424392,16.677156341555,0.0203520848180282,0.833532219570406
"NUP50",2.87574857935447,0.162071744791861,12.6123345403255,0.0103739024818978,0.589200477326969
"NUP54",6.38836648314064,0.416765627855387,9.36489813943658,0.0137446786065107,0.702714797136038
"NUP58",2.3194233544751,0.120704914130363,12.8668835206859,0.00834507197126744,0.548329355608592
"NUP62",2.32962853784005,0.169261430569763,13.7653673063621,0.013253288403741,0.657965393794749
"NUP85",3.0445805231815,0.430725553502434,11.3527056651269,0.0174944981380861,0.850387828162291
"NUP88",1.26624251405067,0.222737373221847,16.009235926209,0.0203822091863069,0.845763723150358
"NUP93",1.59897708921545,0.260928928545839,14.9508379572756,0.0196309767873292,0.838603818615752
"NUP98",1.81272280298977,0.0910800133978891,13.3752533420542,0.00736691320722215,0.533562052505967
"NUPL2",5.65601289126695,0.387571686374924,9.69082026973098,0.0139225156020184,0.695853221957041
"NUS1",2.36488675067263,0.187357160890962,13.779822055207,0.0142288053050042,0.681980906921241
"NUTF2",4.29090560395484,0.121356288542266,8.89718538299547,0.000261298522616926,0.35173031026253
"NUTM2A-AS1",5.51303399228716,0.284281397264052,9.9703532866773,0.011138182519649,0.597404534606205
"NUTM2B-AS1",4.88243154696618,0.213659315483747,9.81656601156945,0.00783174073325057,0.512082338902148
"NVL",3.26418741685314,0.502753061881741,10.2569102861694,0.0168516830208091,0.87604415274463
"NXF1",1.66142801982148,0.110649290396063,14.6826407110251,0.0118271159089012,0.627983293556086
"NXPE3",0.658852477730309,0.14798954143269,18.2678109477093,0.0222790979775275,0.867392601431981
"NXT1",1.94910136277323,0.0927976499506559,13.3453345915721,0.00737011508137941,0.534158711217184
"NXT2",0.56412447679673,0.0631849335328202,18.7125352807508,0.0188066509294782,0.774463007159905
"OARD1",2.37091776863814,0.280674133922705,13.5895447080134,0.0176604412326023,0.78923031026253
"OAS1",0.215242231056281,0.0226856158953564,20.3715239493146,0.0207439383850137,0.806384248210024
"OAT",1.11770550500954,0.0639740754871333,15.3382215151495,0.0101030448039453,0.596807875894988
"OAZ1",3.95186683484327,0.0100763239427435,5.2144738013454,0.0214692627964058,0.00492243436754177
"OAZ2",1.14456401162366,0.124987793414237,16.6789725756051,0.0173878587735293,0.751789976133652
"OCEL1",1.01856438932866,0.28974027376026,15.4448815195143,0.0215632561399008,0.905131264916468
"OCIAD1",5.37579910367453,0.161137670617627,8.09686091589245,0.00135045431663811,0.365453460620525
"OCIAD2",1.50899696362226,0.0565276879028375,13.0216142208135,0.0035544506223485,0.46494630071599
"ODC1",0.445757542924372,0.0196782074228617,16.8636749612948,0.0106039659658585,0.612470167064439
"ODF2",1.80326640187384,0.211288448239612,14.928401921246,0.0177103604428705,0.773120525059666
"ODF2L",1.32881211568935,0.0741148269884198,14.6449198113722,0.00915085482548213,0.575178997613365
"ODF3B",0.652696658713449,0.105390323923504,18.5659633873061,0.0208836631487141,0.825178997613365
"OFD1",1.16396283649178,0.0788133822466126,15.6791469842514,0.0120765919949501,0.635889021479714
"OGDH",1.948555704483,0.124217998674997,13.9095067005177,0.0109624318005138,0.606652744630072
"OGFOD1",3.75742903929844,0.360127285852825,11.403136050239,0.0160828649689818,0.764618138424821
"OGFOD3",1.95553860276972,0.285275392628042,14.1346659231874,0.0188553434646715,0.825328162291169
"OGFR",3.09045296178181,0.180445056393536,12.1230797263511,0.0105175245379515,0.588454653937947
"OGFRL1",0.220142543537548,0.0471742501896129,21.0485201467597,0.024135731852073,0.877684964200477
"OGG1",1.49180591241375,0.448033552638897,12.0652060228416,0.019300486745817,0.927356801909308
"OGT",1.86344259956394,0.07645991125481,12.7245624683566,0.00458480096837744,0.479116945107399
"OLA1",6.58734778888869,0.244153346711337,8.59974339479874,0.00704843720396685,0.483890214797136
"OMA1",0.819209112222152,0.281587083461665,15.9202811963713,0.022245502866326,0.920644391408115
"OPA1",2.03674600769578,0.210177456594223,14.5317520694071,0.0168146158380573,0.750298329355609
"OPA3",1.41796149273091,0.256114764725355,15.3256798560742,0.0202050030187799,0.85277446300716
"OPN3",0.113583319902689,0.0141696563999027,21.5836876037316,0.0236619032444922,0.86008353221957
"OPTN",1.49901547094461,0.0306272163951068,10.4100488727208,0.00590076048013663,0.288633651551313
"ORAI1",0.960252104634667,0.114377874583622,17.1874492780219,0.0180366146618254,0.764468973747017
"ORAI2",0.517012877399233,0.0643571219675285,18.8795688738057,0.0193429115515177,0.785202863961814
"ORAI3",0.81351239312996,0.301266894009109,15.5477655076066,0.0221147350681198,0.927058472553699
"ORC2",2.21546028400829,0.349163453979255,13.0463817918544,0.0187074243652317,0.847106205250597
"ORC3",0.961136066533689,0.215743140678432,16.6930329986002,0.0215815380399274,0.873806682577566
"ORC4",3.86152622306336,0.406505350416874,11.0019690713551,0.0164107557243118,0.796390214797136
"ORC5",2.46174102704151,0.404189188780471,12.0825396012784,0.0183061979620482,0.862619331742243
"ORMDL1",2.95863226741819,0.128503598138632,11.3703137331938,0.00561916185993984,0.483293556085919
"ORMDL2",2.36960357432821,0.188082371659947,13.7611690396483,0.0142308323990705,0.681980906921241
"ORMDL3",1.0419672859011,0.101997567293222,16.6466159313869,0.0160194836400918,0.719122911694511
"OS9",3.46133015701052,0.129057085435584,10.3527670902372,0.00346942082695073,0.43332338902148
"OSBP",3.32346936203244,0.407167386027716,11.411149402363,0.0171253897415012,0.822941527446301
"OSBPL11",0.941628279541289,0.264531110536314,16.0339779608726,0.0219152544559593,0.903341288782816
"OSBPL2",1.41625699307218,0.173762224602358,15.9785767249951,0.01825899073949,0.779683770883055
"OSBPL3",0.891164351805615,0.139709961604928,17.553744377595,0.0202134552153384,0.818019093078759
"OSBPL8",1.61527824548641,0.062208408423085,12.9726683744524,0.0039426029634402,0.470912887828162
"OSBPL9",2.30146637270944,0.218992528560855,14.0470846181709,0.016190200347318,0.735680190930788
"OSER1",1.90019870660762,0.0708146980387542,12.6192381544693,0.00380216646224063,0.465393794749403
"OSGEP",2.27963614340333,0.216394391138783,13.9300586363452,0.0159181051781312,0.727028639618138
"OSMR",0.213241607718401,0.052494882043929,21.1734803720124,0.0247718236919528,0.891855608591885
"OST4",3.65713399554481,0.0330169732863139,5.73104789131476,0.0170468080084784,0.0647374701670644
"OSTC",2.46042120019675,0.0451679168635586,8.58381787814369,0.00873824575168257,0.221211217183771
"OSTF1",1.0206454547819,0.0236911743137623,12.1430616634231,0.00208438117752397,0.367243436754177
"OSTM1",1.20921641690347,0.12197282088546,16.3038897981922,0.0163649928297015,0.728221957040573
"OTUB1",117.843063101975,0.786922125301502,34.7302209602676,0.00480296671371551,0.307428400954654
"OTUD1",0.176298169273975,0.0801270477955876,21.2517136842767,0.026424984372668,0.934516706443914
"OTUD4",1.39852747332548,0.163973137516119,15.9822714033411,0.0178202739190091,0.767153937947494
"OTUD5",1.29004497284239,0.138190810442649,16.1705221106198,0.0169481558022004,0.742989260143198
"OTUD6B",1.27131973166091,0.25194811918166,15.63188674144,0.020680296200857,0.864110978520286
"OTUD6B-AS1",2.45742034644211,0.174118610537803,13.4280351797884,0.0128350411452442,0.647076372315036
"OTULIN",0.950372037481137,0.129000201091494,17.3480194481205,0.0191914809936808,0.792661097852029
"OXA1L",4.57613362261325,0.156484115083497,9.13451792334608,0.00301216677677052,0.409457040572792
"OXCT1",1.42134556239799,0.143670670442733,15.8613462605422,0.0165156175290242,0.733890214797136
"OXLD1",1.28606464580786,0.18510495576221,16.1673911738355,0.0192225437190472,0.805041766109785
"OXNAD1",0.511558774029089,0.0937565335568109,19.167475922419,0.0217807700301942,0.841437947494033
"OXR1",1.02000695682501,0.125619709355994,17.1819423063593,0.0185964664349699,0.779087112171838
"OXSR1",1.13540623469432,0.0821980127627214,16.0425142847966,0.0132041948043152,0.659606205250597
"P2RX4",0.516630347538113,0.161947435521611,18.6025103356433,0.0236546064303233,0.904236276849642
"P3H1",0.751701424407631,0.123978981270405,18.0880018777964,0.0206967516278152,0.825178997613365
"P4HA1",0.638721126713089,0.0393075848632899,17.0012653652442,0.0125756467439628,0.649015513126492
"P4HA2",0.27830792127418,0.0396360695951208,20.356002402874,0.0217831446375229,0.829653937947494
"P4HB",1.89082470581358,0.0250049490438603,8.29704853086001,0.012110274713084,0.171091885441527
"P4HTM",0.878348150022088,0.163879579324287,17.4078028050104,0.0210294151233911,0.842929594272076
"PA2G4",3.59883806384207,0.0768233817027414,8.2636155998113,0.00584327934432721,0.257159904534606
"PAAF1",0.877035447992245,0.315169350454563,15.2021610781011,0.0218374899706449,0.926610978520286
"PABPC1",3.63918505111542,0.00852447666254987,5.27211392247475,0.021696110549425,0.00238663484486874
"PABPC4",1.60963256986397,0.0909394337068513,14.491273120446,0.00998035903344412,0.590692124105012
"PABPN1",3.96136986697555,0.187166218282878,11.0439974062236,0.00861055671526269,0.541020286396181
"PACS1",0.958783446979607,0.206892442923916,16.7920752699657,0.0214608853438265,0.867392601431981
"PACSIN2",1.08396429756163,0.101409330537404,16.5949146202218,0.0158312123935357,0.715393794749403
"PAF1",3.57357500433124,0.170496050852542,11.2878902175588,0.00817704487197356,0.533114558472554
"PAFAH1B1",118.307440562182,0.773836997849377,34.2357207310401,0.00521433533697414,0.305489260143198
"PAFAH1B2",2.52211851272556,0.204817415150161,13.5986068117737,0.0146671532945853,0.694361575178998
"PAFAH1B3",0.830870269802741,0.0672195725163261,17.2656571549065,0.0152776378944052,0.703013126491647
"PAG1",0.425673991516339,0.0247111379479174,17.6658540102487,0.0132729024989605,0.6631861575179
"PAICS",1.12777459358771,0.103847902215166,16.7206671928415,0.0162302660858672,0.724940334128878
"PAIP1",2.28832808420364,0.141436752581472,13.4937128870677,0.0110736296228654,0.607846062052506
"PAIP2",3.16095792958634,0.044005056148513,6.63198041792779,0.0135286377455752,0.12395584725537
"PAK1",0.559616826914454,0.0747738292387849,18.885785515069,0.0199730029123596,0.799970167064439
"PAK1IP1",1.04113844289351,0.123075327052847,17.1122876641355,0.0182905682982306,0.771927207637232
"PAK2",2.48229681001825,0.0444508293052584,8.34417943490588,0.0094118601876286,0.207935560859189
"PAK4",1.58269558882737,0.315573283071615,14.2868226697923,0.02005620284523,0.873806682577566
"PALLD",0.162146451984501,0.00672952291802769,19.630618016011,0.0174951361118842,0.742989260143198
"PAM",0.27269717557712,0.0317720174515913,20.0650179569199,0.0204818424222903,0.802804295942721
"PAN3",1.70373460984032,0.301829459828889,14.275702307571,0.0196569320963937,0.855161097852029
"PANK2",3.0325960863977,0.210324862351084,12.6360293545496,0.0130256598366198,0.65140214797136
"PANK3",1.85211549642336,0.23769865611329,14.7343388110536,0.0183516428209326,0.79653937947494
"PANX1",0.714898248214851,0.0863182587095958,18.177012277709,0.0188377490203451,0.778192124105012
"PAPOLA",8.91948952683283,0.165827785632702,4.58981735314247,0.00444032953153309,0.2118138424821
"PAPSS1",1.27222802837812,0.0746934801451672,15.0621019147555,0.0102222912872349,0.597702863961814
"PARK7",3.1800396211899,0.0378802929518797,6.7075081881313,0.0141493003539152,0.118287589498807
"PARL",7.01158950066776,0.411636763962587,9.00123834879179,0.0130640896853051,0.674671837708831
"PARN",3.12687247036841,0.422291889774746,11.3842233232826,0.0173955197419763,0.841288782816229
"PARP1",1.6524194274505,0.0710396933448852,13.3913542602421,0.00574726701506341,0.505519093078759
"PARP10",0.936980298413611,0.152545846814221,17.2929514248842,0.0202477360519726,0.821599045346062
"PARP12",0.934569300564825,0.137831959646994,17.3898778608962,0.0197433161726269,0.806831742243437
"PARP14",0.807552532446845,0.0806166184092911,17.4517602268394,0.0166757142421107,0.73195107398568
"PARP2",0.807539433690195,0.22968296993713,16.8573205215288,0.0224245722999901,0.90140214797136
"PARP3",1.21008951696038,0.44987009072648,12.2118237359901,0.0196411958894654,0.941079952267303
"PARP4",1.14377841285608,0.160848622623025,16.6254303155229,0.0191314314179476,0.797285202863962
"PARP8",0.450747270545572,0.0470161238781651,18.8264914716629,0.0180940562992663,0.757905727923628
"PARP9",0.715895049831854,0.123811700338666,18.2324600111101,0.0210340315926484,0.83263723150358
"PARVA",0.328551258221876,0.0703746676111438,20.3496534760871,0.0235449130901577,0.872315035799523
"PARVB",0.518147685145181,0.0705685860467011,19.0845933656105,0.0202412446761953,0.804743436754177
"PATL1",2.77151815058858,0.247430240677086,13.1164512749796,0.0155721681447733,0.722404534606205
"PAWR",0.276912296274806,0.0469960678961302,20.6070756020542,0.022908411303354,0.853520286396181
"PAXBP1",1.348032665815,0.167347621513026,16.136261333214,0.0183166118024654,0.779683770883055
"PAXIP1-AS1",1.16645450683145,0.355992720326472,14.0763882608669,0.0208105297343867,0.918257756563246
"PBDC1",1.57277953441648,0.0780333128412986,14.0527808852538,0.00795008490645128,0.549821002386635
"PBRM1",2.43839520440157,0.160580682885362,13.5279851291735,0.0122377029922091,0.634248210023866
"PBX2",1.52595820394932,0.328417202988523,14.1135120906144,0.0201369463147222,0.881861575178998
"PBX3",0.362958531858536,0.148781310772357,19.3381275542935,0.0248091527955185,0.925865155131265
"PBXIP1",0.397258730323003,0.00946474626984393,15.3052093511327,0.00525065683222468,0.512678997613365
"PCBD1",1.63407926917639,0.0933399135530047,14.4639094810903,0.0100894268715601,0.592631264916468
"PCBD2",0.726231402751431,0.222720317661452,17.1230641773139,0.022748192668338,0.906622911694511
"PCBP1",2.15545646449324,0.0263464436189408,7.72599208710709,0.0133610719121563,0.145286396181384
"PCBP2",8.93696101583791,0.0354190241895551,3.51644534379546,0.0199435421691735,0.00268496420047733
"PCBP4",0.952422586899627,0.312038780990251,15.1546862587111,0.0216552628678301,0.91945107398568
"PCCA",1.54968777264469,0.481240422201362,11.3918952826315,0.0187859170866178,0.933472553699284
"PCCB",3.46914723498199,0.548721480463173,9.58460059227643,0.0162150023461858,0.891109785202864
"PCED1A",0.546028562028804,0.209064145513817,17.7784363070939,0.0236565926588649,0.923776849642005
"PCF11",1.85613197943873,0.102361245450236,13.8028779700004,0.00919065168859279,0.571151551312649
"PCGF1",4.44887301723953,0.378100204566794,10.813718851705,0.0154015047120113,0.749403341288783
"PCGF2",0.215190901856732,0.0341725198116394,20.9602058392028,0.023119849075083,0.854564439140811
"PCGF3",3.00995174899618,0.346758993957199,12.3009660558593,0.0172475795735234,0.799522673031026
"PCGF5",1.16587016588219,0.0884717906064161,15.8974713221976,0.0133008562289195,0.660948687350835
"PCGF6",1.7847000800393,0.360479143218932,13.3542660243501,0.019557907808042,0.880668257756563
"PCID2",1.93707961915981,0.188753293418186,14.6458575196385,0.0161300140835816,0.729266109785203
"PCIF1",3.67162364732019,0.283384972360324,11.7285197056593,0.0143982790209334,0.692422434367542
"PCK2",0.522578830283459,0.146987628752219,18.8140002569427,0.023492417823885,0.89513723150358
"PCM1",2.44665536745973,0.117594735944322,12.5208177169333,0.00732861174904177,0.52640214797136
"PCMT1",3.73158003243673,0.122107817168926,9.67994074783199,0.00148161362496168,0.390811455847255
"PCMTD1",2.20148863091291,0.125442470039499,13.3924955152066,0.00983177969950497,0.581443914081146
"PCMTD2",1.08969973676668,0.288534395278583,15.352579750564,0.0213459875139106,0.89826968973747
"PCNA",0.46130713693752,0.0256018283438449,17.4810875868169,0.0128197919657078,0.654534606205251
"PCNP",118.833717566201,0.764198571413579,32.143716386594,0.00274532941046228,0.277147971360382
"PCNT",0.794656279762979,0.13336181359185,17.9522247930477,0.0208275247765552,0.83054892601432
"PCSK7",1.73212085974962,0.131487730544998,14.7021828664742,0.0132164552308121,0.657368735083532
"PCTP",0.567385392700791,0.229369980598653,17.3504593641609,0.0234709939648227,0.928251789976134
"PCYOX1",1.32487058311489,0.254210832696637,15.4565276495614,0.0204348977629976,0.857846062052506
"PCYT1A",1.25887808621704,0.160533555275301,16.4243311992941,0.0186220323821751,0.785799522673031
"PCYT2",1.48517414473549,0.371059593668183,13.4756478509936,0.020068809722567,0.903192124105012
"PDAP1",3.94414362594381,0.134475972933703,9.90328846632654,0.00287238009648661,0.418108591885442
"PDCD10",5.2368079760197,0.16280062097973,8.40570821965389,0.00203494342290156,0.382159904534606
"PDCD11",1.169975325208,0.219306507286681,16.2044702128508,0.0206814723818958,0.852028639618138
"PDCD2",6.10029527437303,0.22039900459053,8.40879544940481,0.00568147552963578,0.450328162291169
"PDCD4",0.710810673719597,0.011208221185977,11.7460367489993,0.00464695746105449,0.324731503579952
"PDCD5",2.15702639610123,0.0531264994684235,10.4906577157208,0.00314998555109417,0.330101431980907
"PDCD6",4.57596182712397,0.104438257280338,7.50756112270165,0.0046199259661536,0.261933174224344
"PDCD6IP",9.62152621868192,0.321128233493054,6.49817387850525,0.0072736044866947,0.457338902147971
"PDCD7",2.33705104793904,0.263739336082146,13.6910777113727,0.0173070731442857,0.773866348448687
"PDCL",2.4414069038977,0.249933209796796,13.5319554349856,0.0165249966196046,0.748359188544153
"PDCL3",0.907208720158191,0.0284779247381734,13.4585430147442,0.00200814253405184,0.444361575178998
"PDE12",4.42571509685438,0.405311250863521,10.64953013365,0.0157264529050154,0.771778042959427
"PDE4B",0.61563900148907,0.0178286068924616,14.5987908597352,0.004072290358475,0.488066825775656
"PDE4D",0.455464255247271,0.0187592828500186,16.5679480099603,0.00969314202089872,0.595167064439141
"PDE4DIP",0.468165507451718,0.0219454754687523,16.7829998977481,0.0105758045475549,0.611575178997613
"PDE6D",2.92295077107679,0.322037119015677,12.5941816670059,0.0170955188392236,0.785501193317422
"PDE7A",0.785777657446111,0.104780125514256,17.8863917640992,0.0191935826455323,0.788335322195704
"PDE8A",0.471472865775811,0.160008491498465,18.7966942350149,0.0240148062356678,0.911992840095465
"PDHA1",3.33902230851976,0.226913949915092,12.3953287765487,0.0132301108845051,0.658263723150358
"PDHB",2.90199645992214,0.215435130169423,12.6955415184374,0.0134681628615191,0.661694510739857
"PDHX",3.24599066621166,0.404542024112984,11.5487639216466,0.0172558761709903,0.827267303102625
"PDIA3",2.94658764366013,0.0360831137860099,7.05165417357187,0.0135946108868001,0.131414081145585
"PDIA4",0.790740486288777,0.0325910547144857,14.9421219544386,0.00643128703563446,0.529385441527446
"PDIA5",0.262991873373615,0.112435854471746,20.328106805397,0.0256019153632055,0.929295942720764
"PDIA6",1.92385822497288,0.0325566515178527,9.07325722862052,0.0091130633787705,0.223896181384248
"PDK1",0.36497051629218,0.100325781748167,19.9524326431173,0.0240876139253564,0.892452267303103
"PDK2",0.975795891303526,0.232468924079933,16.4120602560084,0.0216204753965117,0.881115751789976
"PDLIM1",0.203356774497935,0.013924015193186,19.8680905927813,0.018702676457392,0.766408114558473
"PDLIM2",0.523449146575522,0.0730558885655317,19.0554693923226,0.0203166307431358,0.806682577565632
"PDLIM5",0.38418416542256,0.016133991203074,17.4063920357913,0.011829630926763,0.636336515513127
"PDLIM7",0.371643118177491,0.0386799245929764,19.4721462241062,0.0192780759506053,0.780578758949881
"PDP1",0.188064091587035,0.0146955658467966,20.2540077969189,0.0198647031427735,0.788484486873508
"PDPK1",2.52553429498013,0.225628186636671,13.4585308318591,0.0153864752643322,0.71390214797136
"PDRG1",3.1852077073483,0.280819605706148,12.5930871934274,0.0157279547468337,0.73403937947494
"PDS5A",4.34319218708176,0.301567722384928,11.026771292251,0.0137262748151804,0.674970167064439
"PDS5B",1.47354210111475,0.191485629948827,15.7147041949267,0.0185161805503989,0.78923031026253
"PDSS2",3.00930920619525,0.549452248270367,9.64449940362394,0.0165471251939706,0.903192124105012
"PDXDC1",3.36589895092233,0.182078095206178,11.6837953778708,0.00970472941592889,0.568019093078759
"PDXK",0.992252029183844,0.111608536236813,17.2170359402763,0.0179121851830987,0.761933174224344
"PDZD11",3.96689449823682,0.329603122092569,11.5404352022723,0.0153520688973596,0.733890214797136
"PDZD8",1.60346488116975,0.196857877548586,15.4494329271727,0.0181644052939694,0.781921241050119
"PEA15",0.769842585575842,0.0260715994054046,14.6686618361547,0.0050585933549186,0.504773269689737
"PEBP1",2.53575785042126,0.0401557564685547,8.27859578915211,0.0101063038539639,0.198090692124105
"PECR",0.884039959598547,0.357010202218146,14.3835630167736,0.0214121221413504,0.938245823389022
"PEF1",7.40130821067146,0.278319866761158,7.67939187216362,0.0074012748622222,0.477028639618138
"PELI1",0.695781988037398,0.0269259133246462,15.3327663176095,0.00697037134824018,0.541467780429594
"PELO",1.23324678025191,0.120786009236896,16.3364247218446,0.0163427297081927,0.728072792362768
"PELP1",1.78359359838452,0.195973707129994,15.0363625879661,0.0172609004581255,0.758949880668258
"PEMT",0.861574798726982,0.129934626511368,17.784583606222,0.02024165867926,0.816825775656325
"PEPD",1.53767716928792,0.149032896396946,15.6002379105491,0.0161953475152982,0.727177804295943
"PES1",5.00435005642427,0.344791099928983,10.4095498513494,0.0139340010104745,0.688842482100239
"PET100",2.59617722131941,0.0745247265487926,10.1689268077041,0.00169856264786683,0.346807875894988
"PET117",0.811738680043117,0.304121346022972,15.5023155424972,0.0221051306491159,0.928400954653938
"PEX1",1.11313731795335,0.293366110491715,15.2542792244498,0.0212891702305008,0.899164677804296
"PEX10",4.54255617026004,0.673022767411539,7.70072384812253,0.0136611565882755,0.913036992840095
"PEX11B",2.46197809362167,0.278888140048191,13.3829722328817,0.0172684683279804,0.77640214797136
"PEX13",1.46945248637667,0.176260682879689,15.8193392471528,0.0180343042493643,0.774612171837709
"PEX14",4.9909028627953,0.637869601365329,8.1535234437451,0.0140403827437216,0.889170644391408
"PEX16",2.5759103363669,0.255120233098788,13.3280812984451,0.0163151372968035,0.74373508353222
"PEX19",5.06574399997455,0.576291556818414,8.82923822266689,0.0148290075811476,0.857100238663485
"PEX2",3.37306478300989,0.307837766838229,12.1048247876418,0.0158326540663921,0.741348448687351
"PEX26",3.68445610620732,0.442438642681004,10.7681328548515,0.0167134026421407,0.82741646778043
"PEX3",0.55570497387872,0.0922007640910144,18.9282595078428,0.021093651680242,0.826521479713604
"PEX5",1.94491853294557,0.435259714668126,12.0160337929353,0.0188610202976067,0.902893794749403
"PEX6",4.92049146299279,0.687110847911939,7.5375807143101,0.0132044389875184,0.911396181384248
"PFDN1",5.16249069113804,0.251791157093413,9.7367507770854,0.00963196883675905,0.552356801909308
"PFDN2",3.14119543834069,0.070093165757814,8.8962488228526,0.00513470653353911,0.27744630071599
"PFDN4",6.25740942963877,0.24471808597263,8.88967932516086,0.00760153232837543,0.499254176610979
"PFDN5",6.94207159993269,0.0370398973208402,4.07114196954475,0.0192445584554989,0.0150656324582339
"PFDN6",3.05791563097321,0.169453757521968,12.2527318893578,0.0100854994453123,0.58054892601432
"PFKFB3",0.54705024085551,0.02290897090122,16.1002005625425,0.00874604131936879,0.5763723150358
"PFKL",2.73521929690466,0.162645145631186,12.9316971594422,0.0110758087798288,0.606205250596659
"PFKM",0.638484482445246,0.247281444561196,16.889932153994,0.0231061988789185,0.927356801909308
"PFKP",1.16913687430018,0.118816866160472,16.5958220515035,0.0168334307058846,0.738961813842482
"PFN1",2.65106707738465,0.00538905696637168,5.59122693785446,0.0218098258598,0.00402744630071599
"PFN2",0.139588672560082,0.0196898463786872,21.4865366250957,0.0237220806181382,0.862619331742243
"PGAM1",2.73323484981497,0.0248634139374819,6.32142866050129,0.0170085124665221,0.074582338902148
"PGAP2",1.61387326584088,0.288318192051618,14.6102988574285,0.019859175499235,0.855757756563246
"PGAP3",0.833638455811772,0.367823269981419,14.2023435219411,0.021369919040915,0.943466587112172
"PGD",2.22254110916313,0.0983557182235952,12.7128422591152,0.00630231482052096,0.509546539379475
"PGGT1B",4.07560156042878,0.485422469870267,10.1069155105868,0.01623343226479,0.837708830548926
"PGK1",2.29343143305503,0.0147159019475957,6.36849531316863,0.0185056964622931,0.0566825775656325
"PGM1",0.860835425339896,0.0682087190899953,16.897816455441,0.0144255971184478,0.685113365155131
"PGM2",1.51950509500339,0.21470482972945,15.5547453805491,0.0191214824042627,0.810710023866348
"PGM2L1",0.226600577934156,0.0176049171599548,19.6945430311323,0.0184746466643942,0.762380668257757
"PGM3",0.668574931868637,0.125893601900574,18.4671367301012,0.0216861002207439,0.847852028639618
"PGP",1.23365247522762,0.204271393486851,16.2024271713134,0.0200896729172096,0.832040572792363
"PGPEP1",0.340911113688958,0.17005777119142,19.0352250497889,0.0249786260977702,0.938693317422434
"PGRMC1",0.69268283487061,0.025044244843046,15.3985115908333,0.00696638433503116,0.542064439140811
"PGRMC2",2.69633295065461,0.413626137407254,11.8155623078595,0.0179810839898773,0.857547732696897
"PGS1",1.60528183214531,0.21431660513958,15.2849219876602,0.0185898361839922,0.796241050119332
"PHACTR1",0.0591836905321988,0.0145500695625113,22.797395268062,0.0271869764406876,0.926760143198091
"PHACTR2",0.477272600370761,0.0459636411754988,18.6300246572492,0.0174843376571285,0.74582338902148
"PHACTR4",1.10864959472901,0.0863423684487942,16.2264955596528,0.0139519674854461,0.675119331742243
"PHAX",4.15070247452108,0.226985013634484,10.9469884320807,0.0106050084915726,0.584874701670644
"PHB",4.5964898433113,0.135085433216379,8.69411576658162,0.00047741933501853,0.360381861575179
"PHB2",4.73568979460034,0.0904001008945682,7.45813202142304,0.00618216743534071,0.240304295942721
"PHC2",0.608473083106749,0.170098003277044,18.2088516091368,0.0230934830464938,0.89409307875895
"PHC3",2.39715796984293,0.227115285795623,13.6672042740566,0.0158703632381313,0.726879474940334
"PHF1",1.73003179432155,0.103790437226081,14.1287712499443,0.0100857529458039,0.590095465393795
"PHF10",1.53989040416224,0.320327201071615,14.2415298644863,0.0201312478763484,0.877983293556086
"PHF11",1.34240841146659,0.112873782076177,15.6939428666292,0.0143866752924087,0.683920047732697
"PHF12",2.37278499616777,0.305961990505369,13.2858960594585,0.0179636740752207,0.805340095465394
"PHF14",2.15099392899753,0.118011974675693,13.456657828911,0.00945625382310958,0.574582338902148
"PHF19",0.398497687086403,0.0433324665574257,19.3232799422265,0.0191832022381403,0.779236276849642
"PHF20",2.76291323087784,0.160416463632225,12.5584601527808,0.0102463142976715,0.585023866348449
"PHF20L1",1.99357819461392,0.111200009533453,13.687564954926,0.0095313283512804,0.577267303102625
"PHF23",1.23752886498195,0.136107397384743,16.3996617994323,0.0173454132477936,0.75208830548926
"PHF3",2.41023604278265,0.0959431092024332,11.8126562787147,0.00405841856915551,0.460620525059666
"PHF5A",9.72074082279137,0.27396562038348,5.96873072163814,0.0044768625742609,0.387380668257757
"PHF6",1.53530709918658,0.203305359386925,15.5502936540557,0.0186624459796696,0.795793556085919
"PHF8",1.42362116287815,0.207484533778698,15.7566450369656,0.0192760878387286,0.812350835322196
"PHGDH",0.18594495318804,0.0143342318437359,20.3215859642829,0.020031052193901,0.791616945107399
"PHIP",2.08166592443852,0.0961458676737612,12.9734335380663,0.00675777535923175,0.519838902147971
"PHKA2",1.28822946638096,0.414202666209341,12.8698620613484,0.0200058760745999,0.928699284009546
"PHKB",1.40373443911732,0.20982982526529,15.7734839598599,0.0194114689273823,0.816378281622912
"PHKG2",3.48296415910317,0.3418587196303,11.8750359284767,0.0163505561447741,0.768645584725537
"PHLDA1",0.419357543941659,0.00669988512304021,14.1355125486122,0.00161283375789764,0.445107398568019
"PHPT1",1.64308594305881,0.0615904011742449,13.0111542997616,0.00396571923861287,0.471957040572792
"PHRF1",1.86484763681363,0.237230514552401,14.6244307015142,0.0181613199734476,0.790572792362768
"PHTF1",1.28356975577921,0.201943629743748,16.1159197241128,0.0198067228144017,0.824284009546539
"PHTF2",0.752002223023449,0.0683702621116177,17.4520387733041,0.0158793695553357,0.714797136038186
"PHYH",0.600598776209545,0.0986811931486428,18.7653177440712,0.0210277062717965,0.826670644391408
"PHYKPL",1.80815372982658,0.167774160797756,14.7976034074826,0.0154562646002625,0.710322195704057
"PI4K2A",0.723832773058913,0.251021636943048,16.6453732255394,0.0227307265670945,0.919003579952267
"PI4K2B",1.02389065267541,0.296533513871656,15.3348839971101,0.0215432175810124,0.908114558472554
"PI4KA",3.13970691065707,0.413215341021181,11.4718784064771,0.0173733077201737,0.835023866348449
"PI4KB",3.78305922503448,0.252325867995587,11.5712353234489,0.012904698455879,0.64722553699284
"PIAS1",7.26144831616099,0.321744178120614,8.19616661378453,0.00986269641189974,0.546688544152745
"PIAS2",0.988010789099285,0.169694687961717,17.1545874947481,0.0206795851387295,0.8368138424821
"PIAS3",1.34637246566002,0.273743945368445,15.1666063088568,0.0205122885644962,0.867840095465394
"PIAS4",6.03379288602891,0.505872076220786,9.16571420792597,0.0146159179712984,0.786843675417661
"PICALM",1.12385662114634,0.0822447613519939,16.0199292561492,0.0131630098381532,0.658562052505967
"PICK1",1.32300094695241,0.418457603404912,12.7656326602597,0.0199059369590182,0.928251789976134
"PIDD1",1.04635843616186,0.348119239047778,14.3744979777823,0.0211525880168498,0.924671837708831
"PIEZO1",1.3413563718727,0.198608257749127,16.0117185093818,0.0194442345663001,0.814289976133652
"PIGB",1.1156546916242,0.302599845147017,15.0809399222384,0.0212403133876847,0.902147971360382
"PIGBOS1",2.2817123277526,0.376299356214641,12.5968933613731,0.0186058105233108,0.85695107398568
"PIGC",4.26064382897327,0.384259601895163,10.9322606344408,0.015738611448825,0.763723150357995
"PIGF",2.55338491397835,0.257839000313515,13.4624582585737,0.0166107333528577,0.753579952267303
"PIGG",4.1684245295077,0.45236141821919,10.3928843707237,0.0162036017625975,0.814140811455847
"PIGH",3.93173468679808,0.379004749083937,11.1214152976283,0.0160564854933619,0.770733890214797
"PIGK",1.71658228565693,0.340238593425665,13.7335647927452,0.019727911698845,0.875447494033413
"PIGL",3.18966468248279,0.523384336202154,9.99095443225306,0.0167156507334878,0.887529832935561
"PIGM",0.967803911004518,0.259204429724401,16.042087453002,0.0217759131296727,0.896778042959427
"PIGO",8.14379759199366,0.789852968321718,7.19783039378274,0.00936213521577133,0.913335322195704
"PIGP",2.98407101627946,0.302656860177937,12.7039537196388,0.0166757267649941,0.767153937947494
"PIGQ",1.99377905758654,0.43487689332594,11.9806652453789,0.0187953259245471,0.900059665871122
"PIGS",4.66677942089951,0.476489920442069,9.96620823734784,0.0157401933954724,0.812947494033413
"PIGT",1.92879309006859,0.104241146981313,13.6131380033494,0.00888195483799251,0.563991646778043
"PIGU",1.75082643909778,0.402888735109532,12.7082765254151,0.0194050189871532,0.900656324582339
"PIGV",0.828045968404557,0.29786470441087,15.5893436086828,0.0220957867057574,0.924671837708831
"PIGX",1.07312738481836,0.0872182149930981,16.4045279470965,0.0144537292962506,0.685710023866348
"PIH1D1",6.71121976992236,0.311422323263302,9.01461538994915,0.0104983345814485,0.575328162291169
"PIK3C2A",1.04955432680057,0.160867775169819,16.9958670516374,0.0199343798721576,0.81667661097852
"PIK3C3",2.74595952637701,0.245516525799366,13.094232842666,0.0154892004399148,0.719272076372315
"PIK3CA",1.14462387906064,0.232513403848125,16.0972140879404,0.0209535495253032,0.863812649164678
"PIK3CB",0.702057180818907,0.1601636708198,18.0639428571976,0.0223306582986974,0.872762529832936
"PIK3IP1",0.393721907991995,0.024547794914508,17.9441700068632,0.0140445008451821,0.677953460620525
"PIK3R1",0.471649019925211,0.0210428234708184,16.522334717773,0.0097716890691389,0.596211217183771
"PIKFYVE",0.855178294127343,0.113913558832246,17.6429718414464,0.019101702733676,0.787887828162291
"PILRB",1.0924827885951,0.226169688217496,16.3013421956535,0.0211352192294803,0.866348448687351
"PIM1",0.550929907661884,0.00646565636194705,12.1424419115061,0.00411205934228347,0.337559665871122
"PIM2",0.250862460818275,0.00627608699633822,16.9746119768719,0.00976132399184346,0.598001193317422
"PIM3",0.88985306312682,0.0175973732171807,11.9902655645428,0.00320261680947818,0.348896181384248
"PIN1",2.94863759916579,0.148457718620253,11.9707228711475,0.00825423096123575,0.539677804295943
"PIN4",2.78059838142268,0.184695865396189,12.9664077369241,0.0123962137540123,0.636336515513127
"PINK1",0.806803467118083,0.245321663220531,16.5723416698248,0.0223932464011353,0.907219570405728
"PIP4K2A",0.549960497270421,0.152016823391783,18.608821474055,0.0232487704432597,0.891109785202864
"PIP4K2C",3.08543274026697,0.347815198225632,12.1671716751399,0.0170797346154817,0.793705250596659
"PIP5K1A",0.967910179450302,0.074986209804566,16.6511500633675,0.0142438904846399,0.681533412887828
"PIP5K1C",0.785568507648457,0.180585540053149,17.5566447879518,0.0220669585385229,0.873210023866348
"PISD",1.00257927998337,0.107260819144202,17.0788557518512,0.0173419301798647,0.748806682577566
"PITHD1",4.05409627211337,0.14656321943438,9.81967099247655,0.00364620668866269,0.430041766109785
"PITPNA",1.50384884648355,0.272127806633124,14.9625568604913,0.0200390263479271,0.854116945107399
"PITPNA-AS1",1.82764617662713,0.33642239683451,13.6589578180847,0.0194856923576919,0.865900954653938
"PITPNB",2.76747242826072,0.121171593279778,11.8966318256125,0.00617618358343882,0.499552505966587
"PITPNC1",0.625280435217387,0.0609089014865928,18.0286572180836,0.0168866047675428,0.734934367541766
"PITRM1",1.40838594678945,0.221399594008414,15.6621304709132,0.0196426551155296,0.825626491646778
"PJA1",0.645145834615862,0.105982979174425,18.6272059586196,0.0210604417810447,0.829206443914081
"PJA2",1.97049311393573,0.13992609400995,14.1936735124789,0.012563582149772,0.642153937947494
"PKD2",0.366585028515672,0.186558053977521,18.6595909431276,0.0247628445381415,0.940930787589499
"PKIG",0.154216791664236,0.0129222243338923,20.6573870625123,0.020908447810807,0.807875894988067
"PKM",1.66817718976774,0.00807032059356502,6.70197669424447,0.0188494802736763,0.0574284009546539
"PKN1",1.0186223450773,0.148764640779316,17.0369637243058,0.0194828109723897,0.802953460620525
"PKN2",1.09579528551565,0.0853453584568605,16.3136095862324,0.0140934303973412,0.678251789976134
"PKNOX1",1.07799420732969,0.126396050771407,16.9493392991795,0.018095224681833,0.767899761336515
"PKP4",0.468678358434225,0.181469915848314,18.4644704260256,0.0241248180071078,0.923329355608592
"PLA2G12A",1.2402201210813,0.207715461811283,16.2084283893115,0.020217725754028,0.836664677804296
"PLA2G15",0.832687448436863,0.328648376329195,14.9946777496982,0.0218235203902606,0.933770883054893
"PLA2G16",0.124145254146372,0.0150428123022783,21.4155564436752,0.0232329567470285,0.852177804295943
"PLAA",3.28298189053446,0.238839639240864,12.3619551881767,0.0137616264453316,0.671837708830549
"PLAUR",0.107097416342095,0.00161282582318759,19.2233007745245,0.0159340691519364,0.713305489260143
"PLBD2",0.557466668637814,0.145917707492214,18.6933141570336,0.0231649226648814,0.887231503579952
"PLCG2",0.225064092234912,0.0672726690738357,21.017883656713,0.0251572577831689,0.904087112171838
"PLD3",0.692115485154759,0.0381303006938705,16.5363702819811,0.0112162814093715,0.622464200477327
"PLEC",0.89585134562556,0.0509652404216201,15.8944588240583,0.0105301831997054,0.607249403341289
"PLEKHA1",0.888279912444731,0.0793231128016397,17.1768296104612,0.0158676964916748,0.715393794749403
"PLEKHA2",0.503067320456721,0.0527129864720587,18.6396007271201,0.0179659154472158,0.755966587112172
"PLEKHA3",1.6567747026986,0.193209761214704,15.3207895674378,0.0177398327821016,0.770435560859189
"PLEKHA5",0.158945370855361,0.0149574639361528,20.7378585765024,0.0212772148661933,0.815184964200477
"PLEKHA8",1.16287060110104,0.350486141979693,14.2027955193764,0.0208835023750971,0.917661097852029
"PLEKHB2",2.3374460782144,0.0946480113846135,12.008316621999,0.00440056270883006,0.468675417661098
"PLEKHF1",0.514048366366558,0.0373855577626931,17.9289208155123,0.014961363180299,0.695853221957041
"PLEKHF2",1.05065777986832,0.0979258980305134,16.7849723104932,0.0160620086582673,0.720465393794749
"PLEKHG2",0.533837832271488,0.0698374217453697,18.8842778009134,0.0196878308867653,0.793108591885442
"PLEKHJ1",2.65800324966136,0.155446191197369,12.7995483246148,0.0104333127299633,0.590692124105012
"PLEKHM1",1.88588752652248,0.242403502684404,14.5221973274824,0.018170842594055,0.791915274463007
"PLEKHM2",0.951139951303862,0.221976268079402,16.6476068595996,0.0217111125415915,0.879624105011933
"PLEKHO1",0.9922812918782,0.115277957308075,17.1298210202818,0.017934063126473,0.762529832935561
"PLGRKT",1.02005530330198,0.109467977253986,17.1413496724217,0.0175958164411609,0.754922434367542
"PLIN2",0.422877161847811,0.00942938482103758,14.755824486979,0.00367908333378035,0.48299522673031
"PLIN3",0.694361025437923,0.0330706370230526,16.3736136792289,0.0103395064780996,0.606205250596659
"PLK2",0.190681352581416,0.0130134222638655,20.0546690973145,0.0191727584197419,0.775208830548926
"PLK3",0.509941664312711,0.0384643668461682,18.0838093272991,0.0154600977048584,0.705698090692124
"PLOD1",0.412617336649794,0.060244922387115,19.6175635807258,0.0210364227904452,0.818914081145585
"PLOD3",1.80909834615782,0.155484368324663,14.8320513497381,0.0148500414696978,0.695704057279236
"PLP2",1.23659517007117,0.0127037374562682,9.04701031585865,0.0118917478469835,0.186008353221957
"PLPP1",0.359959924650593,0.0374117797022117,19.3124217266976,0.0187728617213507,0.770286396181384
"PLPP5",0.518182611898916,0.0408226936011694,17.915099855763,0.0151912495015846,0.700178997613365
"PLRG1",5.57624848171544,0.359582387105973,9.85707068813446,0.0134618007990124,0.674373508353222
"PLS3",0.164633155440682,0.0121450541931946,20.4701007038911,0.0203105052577017,0.79653937947494
"PLSCR1",0.383109026977912,0.0129393840367907,16.7609840561728,0.00972230045659712,0.596658711217184
"PLTP",0.186361393108156,0.0407820420396793,21.346954466694,0.0245888096921839,0.884844868735084
"PLXNB2",0.618381789875642,0.121774054237863,18.7040836879331,0.0220511793511008,0.85486276849642
"PLXND1",0.177162183434746,0.0805677787716699,21.234726670587,0.0264032542441184,0.934218377088305
"PMAIP1",0.493966812107242,0.00967764330988796,14.4121223887391,0.00271080933497351,0.46494630071599
"PMF1",2.16555743197145,0.542492698979748,9.99696669005812,0.0173110657126172,0.927356801909308
"PML",1.56523753929035,0.115633612933211,15.0736975748155,0.0130729098952236,0.655131264916468
"PMM1",1.45990725816796,0.181500196760753,15.8028603726131,0.0182506215143141,0.780727923627685
"PMM2",1.36109292313006,0.169560887648499,16.1250862827168,0.0183867278003992,0.781921241050119
"PMP22",0.0591549525431292,0.0043049311248783,22.1229497443347,0.0246136795828935,0.875447494033413
"PMPCA",2.79001177204507,0.273791312206479,13.052410704143,0.0164042918494835,0.751193317422434
"PMPCB",6.36731277347072,0.285449942489399,8.91069148478276,0.00954914004786759,0.545346062052506
"PMS1",1.32005564595778,0.221610786293664,15.8576104831304,0.0200491126776482,0.836366348448687
"PMVK",1.61464351726967,0.0912064778637445,14.3288118198175,0.00963181363395659,0.582786396181384
"PNISR",3.16525937874542,0.0583261837302111,7.79174291539465,0.00900532178607026,0.20450477326969
"PNKD",2.07652720404615,0.144045701499001,14.0545684708074,0.0124752966380019,0.640214797136038
"PNKP",3.29103240295758,0.26420155388798,12.2826201132181,0.0146780363033944,0.698836515513127
"PNMA1",0.757612762300695,0.0482092681553843,16.6253907641045,0.0122560528459307,0.64200477326969
"PNN",2.82735324179455,0.0770780762462568,10.1238205403185,0.0015890060150044,0.34859785202864
"PNO1",1.1864169756331,0.114673062485519,16.495807264553,0.0163562749258379,0.728072792362768
"PNP",0.622709764877148,0.019793427771272,14.7972813521071,0.00482292045508447,0.501789976133652
"PNPLA2",2.39346550301018,0.0851631015347292,11.4065337310532,0.00219098617949856,0.424671837708831
"PNPLA4",0.557289776256226,0.233922046666079,17.300381579938,0.0235159207988187,0.931682577565632
"PNPLA6",2.23961045616256,0.27918685674771,13.6933963065507,0.0178700474619347,0.793854415274463
"PNPLA8",1.52144625889515,0.0735174607686795,14.056727079872,0.00760196961750915,0.543556085918854
"PNPO",0.956590322357727,0.396876410724697,13.4917400789065,0.0207629683835103,0.94272076372315
"PNPT1",1.61191617677217,0.249874636001358,15.0310980002919,0.0194105398793935,0.828609785202864
"PNRC1",1.6782302637513,0.0147416220922971,7.20997034336887,0.016478656638923,0.0956145584725537
"PNRC2",2.60063167762579,0.0592016305154061,9.64353714196547,0.00455907861549278,0.297285202863962
"POC1B",1.26470813888166,0.253365144415374,15.5746782014909,0.0206435103420736,0.863215990453461
"POFUT1",0.782761769419716,0.218299261499825,17.0634219419961,0.0224614948624852,0.897374701670644
"POGK",1.73003850393102,0.228220841455853,14.9976502574387,0.0185322656992618,0.7986276849642
"POGLUT1",0.825464857124022,0.0884226161039846,17.4714110779018,0.0172178674032357,0.743884248210024
"POGZ",2.74066716259552,0.190634865608909,12.9844636013895,0.0127807334465805,0.64513723150358
"POLB",0.507335114381054,0.0440377712724778,18.2328141979364,0.0162801089315701,0.721807875894988
"POLD2",1.66487802183334,0.134547943813127,15.3572527972217,0.0147807498382584,0.694659904534606
"POLD3",0.707438115190045,0.145528939419162,18.1858550002577,0.0219556826347564,0.859486873508353
"POLD4",1.39810006055278,0.0759758465045973,14.5032513306296,0.00893074088886224,0.570405727923628
"POLDIP2",6.1559090685797,0.325986515297712,9.3894359660408,0.0117034644969058,0.612171837708831
"POLDIP3",9.367660009337,0.432742074394785,7.71426228832813,0.0115053736885212,0.614558472553699
"POLE3",2.08417140828382,0.10457531741013,13.2757313446459,0.00809281375559466,0.546986873508353
"POLE4",2.82534240966441,0.148021904749659,12.3337027898438,0.00897101694260372,0.55727923627685
"POLG",2.39297646880558,0.210989386517124,13.610930220618,0.0150822942820978,0.703908114558473
"POLG2",1.54851287809544,0.360759091300215,13.5933604455007,0.0200139302361139,0.895584725536993
"POLI",0.864484200791539,0.32945123050045,14.9434381162797,0.0217420958009078,0.931831742243437
"POLK",1.79326830299618,0.206846423518022,14.9169039037687,0.0175190419372352,0.76700477326969
"POLL",2.9800142954481,0.522160390468833,10.0804194991784,0.0169033491580077,0.893943914081146
"POLM",1.27299524458522,0.269768406700694,15.339838467152,0.020726322829485,0.872165871121718
"POLR1C",1.17243617929778,0.081362385536336,15.8923812576279,0.0127642597065101,0.650507159904535
"POLR1D",5.51765738983491,0.10270623207618,6.6932482388318,0.00647710880933805,0.222702863961814
"POLR1E",1.33170839505022,0.200766156978462,16.0383760182039,0.019582531276181,0.818466587112172
"POLR2A",1.63665368872932,0.0659768727131321,12.7997244878692,0.00387741702164705,0.467631264916468
"POLR2B",4.24159255759906,0.23248349486589,10.7084083189883,0.0105003796641668,0.579952267303103
"POLR2C",8.43830310413248,0.35129010171199,7.53224652920058,0.00977915416075546,0.539081145584726
"POLR2D",2.54639306449476,0.198338595674284,13.4479701875777,0.0140898773101552,0.678699284009546
"POLR2E",4.4337187353855,0.0991966170603893,7.95853906288517,0.00423401014981486,0.276103818615752
"POLR2F",7.37371592044116,0.234874155660824,7.02680269540224,0.0042766283658885,0.400507159904535
"POLR2G",2.49093231218641,0.117873235508846,12.5851100742331,0.00745746021015236,0.529832935560859
"POLR2H",2.53465884542736,0.128298915984245,12.8048160756176,0.00865618239638275,0.554892601431981
"POLR2I",3.11844923924901,0.143509322158269,11.5989939477145,0.00711369963565423,0.514319809069212
"POLR2J",3.81630700576711,0.167136172341733,10.542279196766,0.00654782863694114,0.492243436754177
"POLR2K",4.67454295112316,0.113898435750492,7.91391763361681,0.00291867634136784,0.294600238663485
"POLR2L",3.41828769857602,0.0402705951675634,6.54959929905321,0.0141646716419098,0.115602625298329
"POLR2M",2.20126098403576,0.266779435755083,13.8652217796034,0.0177579806205775,0.787291169451074
"POLR3A",0.814748170192678,0.21998748258187,16.9638306376297,0.0223129060906581,0.894242243436754
"POLR3D",1.30617736940106,0.202585529633825,16.110206981705,0.0197983589028269,0.824582338902148
"POLR3E",1.71831297556779,0.144509278325374,14.9204980504239,0.0144620654152757,0.686008353221957
"POLR3F",4.20144695499907,0.538243932019956,9.50106481193077,0.0157858884308516,0.863514319809069
"POLR3GL",0.950412872935164,0.0976213301806914,17.0599830099954,0.0167500439840926,0.734785202863962
"POLR3H",1.70420662197313,0.273943118167881,14.6482593582447,0.0194681279793494,0.83890214797136
"POLR3K",1.22335658108956,0.122288755239729,16.3267775811559,0.0164199950765789,0.729713603818616
"POLRMT",2.11400385996606,0.33546975491487,13.2818786724182,0.0188114722045411,0.843377088305489
"POM121",3.10447748085424,0.327097797446592,12.3151013634496,0.0167700829062228,0.77640214797136
"POM121C",2.52845385931223,0.267118613902468,13.3811455692238,0.0168380464509181,0.761336515513127
"POMGNT1",1.51145582555218,0.358628681589148,13.6707661636001,0.0201005836581888,0.89722553699284
"POMP",6.39577276414554,0.0800024736203813,5.05650466537774,0.0120980337736719,0.117690930787589
"POMT1",1.36304906361677,0.262029182010184,15.2891157246992,0.020368918906397,0.85903937947494
"PON2",0.463161634016529,0.0882459077853389,19.5557683889402,0.0224463933226956,0.854415274463007
"POP4",2.13674727258661,0.170066017138511,14.0859349762368,0.014022309165868,0.676014319809069
"POP5",2.00827076016506,0.220158549723654,14.4771311313196,0.0171647595170864,0.760590692124105
"POP7",3.12302325496878,0.200350965694986,12.6170218535874,0.0124184179868342,0.637231503579952
"POR",1.18400424894008,0.0992124175284289,16.0656999645578,0.0144201541369067,0.684665871121718
"POT1",6.5977941825755,0.776991540449334,6.80524980674604,0.010437768701447,0.9236276849642
"POU2F1",0.789900838254027,0.228281305862249,16.9042356514222,0.0224801033384543,0.902147971360382
"PPA1",2.05763397254209,0.0388531229117897,9.85978940457616,0.00633931976857672,0.275208830548926
"PPA2",2.85825293371125,0.289522298403631,12.9894617041003,0.0167472216628678,0.766258949880668
"PPARA",0.544566516141207,0.19940158359642,17.940724905534,0.0236553377560242,0.91945107398568
"PPARD",0.53137776561016,0.0981281376312159,19.1380734415934,0.0219247725720927,0.845763723150358
"PPAT",0.958767211758707,0.219413705055823,16.6916744423764,0.021696020471095,0.878430787589499
"PPCDC",0.32733344850631,0.133081603632207,19.7235694920092,0.0250509984737407,0.925119331742243
"PPCS",3.2596434908544,0.216993859852765,12.1414594899247,0.0124411501804374,0.634695704057279
"PPDPF",3.3328715863319,0.0187713167439516,5.58275130448122,0.0195355888057803,0.0319212410501193
"PPFIA1",2.02580138291766,0.258199604779571,14.3237732876999,0.0182723588040526,0.800417661097852
"PPFIBP1",0.239439282348719,0.0297942412506432,20.4709454799097,0.0214828588943879,0.821897374701671
"PPHLN1",2.95630087043032,0.161155204222379,12.0594506156147,0.0092761398865928,0.560859188544153
"PPIA",5.91951220798313,0.012358533303531,4.70516333166638,0.0215202310039068,0.00134248210023866
"PPIB",2.0543514441277,0.0122565683116634,6.16481141437553,0.0195079061242656,0.039826968973747
"PPIC",0.210679237484984,0.0311924710788552,20.930621893212,0.022855228613968,0.848747016706444
"PPID",1.88523267183685,0.0885774468869475,13.0703457379729,0.00643470828140427,0.514319809069212
"PPIE",5.29348515451298,0.377109791241374,9.99804542247969,0.0141711163915129,0.70241646778043
"PPIF",0.457151657986683,0.0122390657784822,15.2259453903223,0.0052944298533556,0.512828162291169
"PPIG",2.68260883304599,0.0910584185684635,10.9467030291873,0.00163241193094115,0.41005369928401
"PPIH",1.904323555993,0.145901141016014,14.6551856194115,0.0138810510676623,0.673478520286396
"PPIL1",2.09995962212483,0.297171759721262,13.8520438787882,0.018664293273769,0.824582338902148
"PPIL2",2.0431539883708,0.330238027581218,13.4556461454847,0.0189648259980992,0.846211217183771
"PPIL3",3.18116620984893,0.348912774649987,12.0981911617552,0.0169543254604781,0.790572792362768
"PPIL4",4.78396122702004,0.314164517965221,10.5359696580994,0.0133172863463686,0.662887828162291
"PPIP5K2",2.93642260228325,0.267794481050114,12.8494548425737,0.0158215571908674,0.73299522673031
"PPM1A",5.13064894298094,0.362188474647979,10.2394866791037,0.0141343211470678,0.698836515513127
"PPM1B",3.33372398324831,0.21779242622455,12.1037973826244,0.0123705178422664,0.633353221957041
"PPM1F",0.641721914734605,0.277307635671425,16.2942680770362,0.022866314897673,0.935859188544153
"PPM1G",2.14209933208283,0.0417920874090533,9.15038390980942,0.00776067480133353,0.243585918854415
"PPM1K",0.568525281443951,0.04669284362975,17.8407291094134,0.0154109241763484,0.704653937947494
"PPME1",0.978864076127841,0.0917672318670148,16.9242818216804,0.0160381284185102,0.719421241050119
"PPOX",1.15330905957685,0.312562063689794,14.8655808728671,0.0211113161833382,0.903490453460621
"PPP1CA",2.58773986130503,0.0430975586078757,8.2092962662494,0.00990346359707987,0.199433174224344
"PPP1CB",2.33682822398782,0.0725682395899272,11.1318780123494,0.00036803613951578,0.392303102625298
"PPP1CC",3.29732668928184,0.0815306867986367,9.16563806183485,0.00333801676976785,0.308025059665871
"PPP1R10",1.51775268850651,0.053005036901238,12.8624704936145,0.00281114207589322,0.451372315035799
"PPP1R11",3.37075478376264,0.167776117328585,11.5075655237272,0.00849314421729423,0.541020286396181
"PPP1R12A",2.70615834864963,0.082020506098739,10.3713519034583,0.000510241161807302,0.368138424821002
"PPP1R12B",0.698242444204873,0.248312557134694,16.7326388661663,0.0228266437733175,0.920196897374702
"PPP1R12C",4.46499889649145,0.645047327096148,8.05933487194666,0.0142073089572356,0.902893794749403
"PPP1R14B",0.45795676131884,0.0443757760723756,18.8459772328853,0.0179514050003936,0.755071599045346
"PPP1R15A",0.549020606980596,0.00396115550068238,10.7959605946872,0.00827459459507529,0.260739856801909
"PPP1R15B",0.975740004979632,0.0805292272493311,16.7033461900994,0.0147590718868312,0.692124105011933
"PPP1R16A",1.01532942926502,0.253897791025689,16.0559025037748,0.0216155779931894,0.890214797136038
"PPP1R18",1.57892626216367,0.0371546426870598,11.3458803522321,0.00271824062098974,0.348150357995227
"PPP1R2",1.41210916362119,0.0277076182462404,10.0857511246335,0.00711050704648645,0.266557279236277
"PPP1R21",1.29675264037783,0.22281138917859,15.8545453187379,0.0201084999816965,0.838007159904535
"PPP1R35",4.50257288068946,0.607557926232989,8.56741135218664,0.0147686626988179,0.887082338902148
"PPP1R37",13.0617433242371,0.778867836388652,8.79022920484113,0.00749019884362875,0.857249403341289
"PPP1R3B",0.287184900670464,0.117249201839255,20.147178446837,0.0253728051967541,0.926163484486873
"PPP1R7",1.83489288767315,0.119706670460625,14.1964241655451,0.0113165861868118,0.615304295942721
"PPP1R8",4.86960586871355,0.437406876984257,10.1206412932644,0.0154464818515284,0.77640214797136
"PPP1R9B",1.06185091433283,0.229474079580121,16.2906478813465,0.0212511017391541,0.870375894988067
"PPP2CA",6.12773065648694,0.132377155026866,6.83879404540086,0.00342197803444783,0.269838902147971
"PPP2CB",1.38058292675452,0.172746551763337,16.1498944021423,0.0185597779621072,0.78714200477327
"PPP2R1A",5.53360378257737,0.130271214245714,7.30345496458735,0.00268446929388593,0.288335322195704
"PPP2R1B",1.48559319686128,0.272057631271191,14.990849871634,0.0200935765165841,0.855608591885442
"PPP2R2A",1.55316305408845,0.0595178688522153,13.2206117297946,0.0043126984683506,0.479713603818616
"PPP2R2D",1.67147371051504,0.286780596289379,14.5201123555801,0.0196532112244104,0.848896181384248
"PPP2R3C",2.40110245778358,0.193652455968146,13.6265596845986,0.0142643140151756,0.682428400954654
"PPP2R5A",1.00426405983399,0.129475940522911,17.1114280644616,0.0186701774956055,0.780877088305489
"PPP2R5B",1.23732311839754,0.237092650330969,15.8194341031899,0.0205688578951359,0.855011933174224
"PPP2R5C",0.799714518528335,0.0321255999854436,14.6997349337371,0.00573630758632558,0.515811455847255
"PPP2R5D",1.4742338931997,0.197254965029058,15.6632447294112,0.0186673012413092,0.794152744630072
"PPP2R5E",3.86596320917643,0.226171996111394,11.4626891616213,0.0114802309782689,0.609785202863962
"PPP3CA",1.52033962926615,0.179618644645746,15.6244433770437,0.0177905624249853,0.768943914081146
"PPP3CB",4.79570270660832,0.552471926917948,9.15940570388064,0.0152381888589613,0.852625298329356
"PPP3CC",1.20737364364192,0.0812226293925576,15.4995002003247,0.0118088622736895,0.629922434367542
"PPP3R1",3.65099066472054,0.328424350012281,11.6955869928409,0.0157311944632712,0.743287589498807
"PPP4C",9.98880308575099,0.188294297742969,4.07525215125554,0.00342741294516975,0.215542959427208
"PPP4R1",0.634120998224019,0.0706872147897634,18.3949537182944,0.0184485483562803,0.76804892601432
"PPP4R2",3.92724279758766,0.107146766468754,9.00367201052782,0.00126658780506842,0.337261336515513
"PPP4R3A",4.03661487051885,0.226558017367097,11.0861508283385,0.0108537263338963,0.591587112171838
"PPP4R3B",5.18829645639044,0.235217282520253,9.48393147614769,0.00843307555914663,0.52118138424821
"PPP5C",3.55079547306322,0.322956707296102,11.9142690151033,0.0158899428814344,0.748060859188544
"PPP6C",8.16139360315884,0.256639506512513,6.73560854579421,0.00491279908191309,0.408711217183771
"PPP6R2",2.53186298583046,0.272089264971959,13.2911770562673,0.0168801731487496,0.763126491646778
"PPP6R3",4.05658622950551,0.288335788569577,11.265278046722,0.0137462954814688,0.673329355608592
"PPRC1",1.08092649267939,0.133253297127441,17.0257428711021,0.0186199466597249,0.781026252983294
"PPT1",1.20044414768257,0.0670154727709919,15.136096636677,0.00981407091774278,0.590542959427208
"PPTC7",1.44140661601701,0.169617251889935,15.9422683655712,0.0179760430438332,0.77222553699284
"PPWD1",3.21081234588753,0.286416886564196,12.2623237814209,0.0154979205214115,0.725238663484487
"PQBP1",6.60255117428114,0.196845708337923,7.52453580740675,0.00271089432141059,0.380817422434368
"PQLC1",0.769658425468039,0.250823369093811,16.5524344321154,0.0225374298043548,0.913633651551313
"PQLC2",0.641724317552042,0.263254658665761,16.5626618778726,0.0229686363974131,0.931384248210024
"PQLC3",2.02007812884197,0.228443252794123,14.3895970879788,0.0173438467242253,0.766706443914081
"PRADC1",1.25589637816455,0.254411323626163,15.6387120952736,0.0207722067599252,0.86769093078759
"PRAF2",1.45470214489408,0.340524278354797,14.0194941845242,0.0202842210858184,0.892899761336515
"PRCC",4.92158366878742,0.210500935422897,9.88254472825274,0.00771555710886611,0.511038186157518
"PRCP",0.56121212955884,0.0537958878812137,18.2060759936123,0.0168834269013921,0.734337708830549
"PRDM2",1.53347806776401,0.0950240186602622,14.5910890797032,0.0105668569601874,0.601879474940334
"PRDX1",2.19388820208765,0.0130289403612309,6.45067666705397,0.0185756505635697,0.0572792362768496
"PRDX2",1.55034192018441,0.0340100332026054,11.1450105759129,0.00359285628852954,0.33263723150358
"PRDX3",2.40282876986009,0.0653247643105649,10.387356291624,0.00211873872940994,0.343824582338902
"PRDX4",0.388477479352762,0.0115916242355063,16.1056054498217,0.0077389243359979,0.559218377088305
"PRDX5",2.44259311294447,0.0429152204349212,8.73888112275742,0.0086351348810083,0.225536992840095
"PRDX6",2.72925556125012,0.0456917550304338,8.20695205195225,0.00957739525509971,0.204057279236277
"PREB",2.39084357781455,0.16558394825831,13.4196200814609,0.012374646759899,0.635889021479714
"PRELID1",2.46305584744181,0.040117274529907,8.34814996547941,0.0099452289783651,0.201223150357995
"PRELID3B",5.09001354585446,0.154105375033232,8.78023157084703,0.00202628738435955,0.388723150357995
"PREP",3.03264383668859,0.245612336334666,12.5829369946108,0.0145521539660656,0.69272076372315
"PREPL",1.19180790124944,0.237888668368164,15.9108433571402,0.0207785455517726,0.860978520286396
"PRIM1",0.632012307076925,0.217821287338193,17.4320167468912,0.0232234916808746,0.916766109785203
"PRIMPOL",1.00052120882301,0.330758950712259,14.7449948368285,0.0213952707054711,0.921986873508353
"PRKAA1",2.49167661499399,0.296847836057183,13.2229771961756,0.0175530597292514,0.790125298329356
"PRKAB1",2.22663836265012,0.333228770111745,13.1878800058453,0.0185697908565185,0.834874701670644
"PRKAB2",0.807342016416536,0.175346755648896,17.551757500519,0.0218373926047445,0.865900954653938
"PRKACA",1.59300510056211,0.447869717080744,12.0197479919301,0.019181632290848,0.923329355608592
"PRKACB",0.537666233015557,0.0439686133919932,17.9699941208178,0.0155634737985513,0.70763723150358
"PRKAG1",4.61262746771243,0.361527467563221,10.6850717569743,0.0148524879627167,0.723747016706444
"PRKAG2",0.710915074660406,0.123512011918264,18.2307633504526,0.0210206126838777,0.832189737470167
"PRKAR1A",1.9155565375747,0.0325487379867233,8.65488733836962,0.0101869043521139,0.202118138424821
"PRKAR1B",0.406700438687615,0.0662215230360392,19.7143970573619,0.021647873041999,0.832488066825776
"PRKAR2A",1.61171761322513,0.100382995507888,14.6386880452293,0.0110239499047537,0.611575178997613
"PRKCH",0.638742240825062,0.0228206566009111,15.0601992818484,0.00584725499512186,0.520584725536993
"PRKCI",0.987050855541726,0.0938213202118353,17.0808871794083,0.0165243134681745,0.730310262529833
"PRKCSH",4.23372545777469,0.170821719685879,10.2422033537435,0.00608489275696408,0.481205250596659
"PRKD2",1.58141121360422,0.239873833281648,15.1839661082177,0.0193526593240121,0.823836515513127
"PRKD3",0.894848033922064,0.145170229946468,17.5575019232707,0.0204762176910615,0.825477326968974
"PRKDC",1.41749888076234,0.0610530975689055,13.9900754416205,0.00639202879761315,0.521927207637232
"PRKRA",5.60834857057221,0.330019676950433,9.91118127443066,0.0126542322455264,0.644540572792363
"PRKRIP1",3.38948836949314,0.354124231542446,11.7745404434599,0.0165899740665612,0.779236276849642
"PRKX",0.728160563056675,0.0606644379427353,17.3999491572538,0.015212257885175,0.701073985680191
"PRMT1",1.85241294377024,0.047140610383749,11.2157184911349,0.00197800016372695,0.357547732696897
"PRMT2",4.38723074620305,0.131929927903404,8.6358291131261,0.000161819072281206,0.353520286396181
"PRMT3",0.924060431119816,0.20113675039599,16.9734548016991,0.0216121181730643,0.869331742243437
"PRMT5",8.07358757968775,0.569966927460655,8.49947963485588,0.013153930385917,0.78505369928401
"PRMT7",1.39780705337437,0.289677740194803,14.8617333328843,0.0204245932902296,0.872165871121718
"PRMT9",0.461241889054083,0.0749713219775071,19.371637822351,0.0212637221708644,0.8263723150358
"PRNP",0.555386468395264,0.00705094744357268,11.9634862620191,0.004547201172956,0.328908114558473
"PROSER1",1.68570239496314,0.264159848934516,14.7230080157923,0.0193230124664343,0.830698090692124
"PRPF18",11.3212511278159,0.618837328157033,7.94906501112953,0.011378309913141,0.749552505966587
"PRPF19",3.86066492207525,0.206995881474717,11.413332443324,0.0104045571142921,0.583830548926014
"PRPF3",3.27772347976942,0.257658310067449,12.3470265857855,0.0145209025618055,0.694063245823389
"PRPF31",5.54739352817065,0.313401990274549,9.78083871092856,0.0120316773352859,0.621270883054893
"PRPF38A",7.35723829261958,0.298812839198309,8.18320135157236,0.00885626904733376,0.521032219570406
"PRPF38B",3.79231829814499,0.0834126986928588,8.21939732288127,0.00524685068682549,0.265065632458234
"PRPF4",2.36129193616681,0.218531013548881,13.9053623148351,0.0159006920415507,0.72777446300716
"PRPF40A",4.4746702615377,0.108386048229371,8.15074855013328,0.00295325063822691,0.298180190930788
"PRPF4B",1.96175048265862,0.0673173094496266,11.9154183915953,0.00178806827100705,0.424224343675418
"PRPF6",2.32609057698965,0.114285771946219,12.5731308491798,0.00724265991184445,0.524761336515513
"PRPF8",3.67331086589802,0.146790127116385,10.3700178905271,0.00482268191273081,0.45763723150358
"PRPS1",1.52557992181792,0.155710364138946,15.6291084627729,0.0166189327793711,0.737619331742243
"PRPS2",0.981397886022586,0.1116831169973,17.2573134822312,0.0180145197163445,0.764170644391408
"PRPSAP1",1.75756075649811,0.14250504375094,14.7610439184815,0.0139987910715576,0.675119331742243
"PRPSAP2",1.74294625361596,0.249513630609594,14.8007290805658,0.018941183916698,0.81563245823389
"PRR13",1.90746390919708,0.0365614771973534,9.47169265526019,0.00759623097856659,0.250894988066826
"PRR14",3.44255815686979,0.240122858607987,11.9891635395483,0.0131820575704052,0.654683770883055
"PRR14L",1.60241490249641,0.262203406851363,14.9218395670613,0.019622983124382,0.838752983293556
"PRR3",1.74773971537082,0.324026317865536,13.9120582463944,0.0196263963146202,0.864110978520286
"PRR34-AS1",0.729911832749275,0.17138499682949,17.8058712969605,0.0222450998678702,0.874254176610978
"PRRC1",1.55491239655092,0.178447663169318,15.5162477399362,0.0175108939162365,0.761784009546539
"PRRC2A",2.41822044647332,0.118115938366068,12.7028191611907,0.00775698415300359,0.536247016706444
"PRRC2B",1.86283301902143,0.0926288829562268,13.4575883795453,0.00765198913225546,0.539826968973747
"PRRC2C",4.43862060539823,0.0490613955588578,5.70435694851401,0.0147774341970117,0.0935262529832936
"PRRG4",0.188655790249333,0.0222644566608785,20.8868600509047,0.0221707937160979,0.83368138424821
"PRSS23",0.0594012713471694,0.00450529633846384,22.1231315709996,0.0246271695091456,0.875745823389022
"PSAP",1.27545192542811,0.0159536535352685,8.79289961803728,0.01212992032548,0.178251789976134
"PSD3",0.194335560986259,0.0443777871252878,21.2950533991579,0.0246510193874053,0.887082338902148
"PSD4",0.619087837511621,0.123369049283115,18.612469278379,0.0219289721468798,0.852326968973747
"PSEN1",3.1139625029549,0.212588016556155,12.5008615736939,0.0128702926434586,0.64722553699284
"PSENEN",3.71174562377471,0.227638219865436,11.6237719531143,0.0118895468007315,0.620226730310263
"PSIP1",1.12827773337055,0.062628688455069,15.1989622988733,0.00964252055663593,0.587559665871122
"PSMA1",2.43925811481699,0.0969218384839615,11.6006180689948,0.0036745659460777,0.451372315035799
"PSMA2",2.21697963456909,0.49627410512729,10.8165710184738,0.017901236143031,0.912291169451074
"PSMA3",4.1715126254697,0.10870107394506,8.67617668031961,0.00182768150157974,0.323687350835322
"PSMA3-AS1",2.29485966462284,0.139473671044693,13.2364842385895,0.0104395992303846,0.592482100238663
"PSMA4",4.36392851778906,0.120505380264355,8.69758156095612,0.000737355891614392,0.340990453460621
"PSMA5",3.87348025560156,0.0750374356933956,7.48294826701334,0.00775390640263743,0.216885441527446
"PSMA6",3.41467599736632,0.0758687266348424,8.65700339658253,0.00506758172076,0.274761336515513
"PSMA7",6.11696667508986,0.0506521246209266,4.45308702804586,0.0169241901354261,0.046390214797136
"PSMB1",7.45946047572926,0.0888800333141111,4.21931467151621,0.0125792061636824,0.095763723150358
"PSMB10",1.2559554024891,0.0625504190236617,14.5003456400309,0.00785309639755642,0.550865155131265
"PSMB2",4.10315524646457,0.0915549146255202,8.16831448881348,0.00453877562065187,0.274910501193317
"PSMB3",4.64277544914749,0.077523840089519,6.61785684604829,0.00931844782400763,0.181085918854415
"PSMB4",11.6136782844573,0.28036868472956,4.77165493654942,0.00310000860472984,0.336515513126492
"PSMB5",4.17402260515415,0.11634080459657,9.18791857375422,0.000122375139744658,0.358890214797136
"PSMB6",5.69473729344284,0.0956582404854093,5.87093949524067,0.00880560374837977,0.174671837708831
"PSMB7",3.9068752566065,0.124696051315243,9.92569260780421,0.00211307842486109,0.406026252983294
"PSMB8",1.48959428247528,0.0345576873491878,11.0747695692787,0.00370379328261935,0.329653937947494
"PSMB8-AS1",0.606752825227179,0.0680426510156793,18.3523629101546,0.0181945060270833,0.762231503579952
"PSMB9",0.758510270939326,0.0189997844501149,13.5063398693276,0.00114447469334846,0.431682577565632
"PSMC1",7.39919076107514,0.214275013839551,6.92792775555203,0.00281014507334713,0.372464200477327
"PSMC2",5.15852315728264,0.199207779177418,9.21708373365987,0.00592672795244209,0.465542959427208
"PSMC3",4.49608314191113,0.149446110068431,9.39867317840855,0.00294758156851313,0.412887828162291
"PSMC4",3.75838572964278,0.0939237714165124,8.63984680236629,0.00326577780986559,0.300715990453461
"PSMC5",117.763077769611,0.786362034317552,35.6363735423108,0.00633744749087532,0.321897374701671
"PSMC6",5.53812917516831,0.170606403952565,8.38615977430324,0.00248852274825966,0.390513126491647
"PSMD1",3.314123910202,0.140889941935276,11.2022427581563,0.00607689739680015,0.490900954653938
"PSMD10",4.64453250841892,0.286118217235758,10.7720306170209,0.0126797623655585,0.642899761336515
"PSMD11",4.99331194676819,0.124793267628545,8.08326970212566,0.0016561426708929,0.317571599045346
"PSMD12",3.41778412491089,0.150920225781021,11.4425244582992,0.00719632916851012,0.515513126491647
"PSMD13",2.97757896495738,0.115123672496536,10.9040187685049,0.00358413614747548,0.441825775656325
"PSMD14",3.60043785326543,0.152429993606971,11.0113698729256,0.00643219014028047,0.496121718377088
"PSMD2",3.74631847079386,0.0955869002824718,8.87523944765311,0.00260864646023408,0.31458830548926
"PSMD3",7.16522758246567,0.243169926483546,7.73947748859483,0.00569874181200853,0.441974940334129
"PSMD4",5.27312361394623,0.162975723467082,8.34456056164063,0.00193565236891228,0.379474940334129
"PSMD5",1.60327804501017,0.194837099123299,15.3589055962659,0.01792523460198,0.774910501193317
"PSMD6",5.61007146255114,0.186590811094474,8.424162013653,0.00368745637290481,0.411992840095465
"PSMD7",4.39144712918149,0.109478013534917,8.12734868101755,0.0028766054997099,0.298478520286396
"PSMD8",6.93817932390661,0.112540493888862,5.22245291287239,0.00825225966560655,0.170942720763723
"PSMD9",5.88588176813227,0.215942900291388,8.50529780863713,0.00563701489761939,0.450328162291169
"PSME1",2.44526997340024,0.0255305198410724,7.113301349656,0.0149799805272326,0.114260143198091
"PSME2",1.74572572325917,0.0276639636268556,9.20779787426888,0.00940317976342295,0.222106205250597
"PSME3",4.7594040564266,0.254685723175065,10.3796736101474,0.0108181606645091,0.587708830548926
"PSME4",1.08826304220696,0.100065407104183,16.6554315746594,0.0158768361397549,0.716587112171838
"PSMF1",7.39946211230219,0.245314790797951,7.24787745609659,0.00515278861581689,0.421837708830549
"PSMG1",0.920790970885718,0.0943246986162409,17.3721120428438,0.0172799982395183,0.746420047732697
"PSMG2",6.36135771209779,0.184045732942277,7.39135235778753,0.00168180055955443,0.359934367541766
"PSMG3",1.59173757512308,0.190046845503826,15.4742702049701,0.0179265858091498,0.774463007159905
"PSMG4",1.47863561002637,0.199896245213207,15.7046551116486,0.0188399797505624,0.799522673031026
"PSPC1",3.61225149390435,0.241901132430905,11.8030997590976,0.0128803381898102,0.646778042959427
"PSPH",0.476394229355655,0.0507565879171533,18.9722644699574,0.0187101735135221,0.770883054892601
"PTAR1",3.05710651845301,0.394594087785176,11.7225421809537,0.0174390022949648,0.826819809069212
"PTBP1",4.7362039361519,0.112904962883211,7.87865688717667,0.00309345243996119,0.291616945107399
"PTBP2",1.94563435936427,0.292996756981798,14.076615218685,0.018983117312746,0.832040572792363
"PTBP3",1.68770315989776,0.0753997170908886,13.5208076495377,0.00642267834108561,0.518496420047733
"PTCD3",5.5901580685154,0.433562796659112,9.70911138832967,0.014691535913165,0.74477923627685
"PTDSS1",5.5719037259904,0.20616174592129,8.9394350436089,0.00576950649713412,0.459576372315036
"PTEN",2.22232508727451,0.208190346366588,14.0801258343061,0.0158433199800256,0.724343675417661
"PTER",0.363332347643909,0.194536373044627,18.51550943773,0.024741049744593,0.944063245823389
"PTGES2",1.66509570744689,0.240340079183732,15.0581545339538,0.0190988555255395,0.817422434367542
"PTGES3",3.30877157492103,0.0215575013988416,5.57482092226813,0.019162482320383,0.035799522673031
"PTGR1",0.270945638785919,0.0612372106281639,20.7490603187692,0.0241058131459177,0.881115751789976
"PTK2",0.329585626819708,0.0593420928606623,20.2745367191592,0.0227312908115648,0.852923627684964
"PTMA",5.17138152267531,0.00575037961079708,5.02388220432748,0.0220161367776551,0.000149164677804296
"PTMS",0.792841478880235,0.0173447820026409,13.3591373661174,0.000546483895065945,0.421241050119332
"PTOV1",2.38455241550913,0.195042912936631,13.7509996083661,0.014553065918828,0.690334128878282
"PTP4A2",1.90693542866021,0.0715544224292355,12.337951368725,0.00321022649315353,0.452118138424821
"PTPMT1",2.83211614646895,0.267286949373675,12.9962284741365,0.0160808651468196,0.740304295942721
"PTPN1",1.0087314843464,0.0286791370695749,12.906280407448,0.000527660635637476,0.415572792362769
"PTPN11",4.00050010000298,0.263440991589482,11.5031735009977,0.013119739942961,0.655429594272076
"PTPN12",0.457450110347136,0.0591502001401164,19.3613918220225,0.0202765126519351,0.803550119331742
"PTPN14",0.239760091966306,0.0537861033321475,20.9439317249671,0.0242214688999314,0.88126491646778
"PTPN18",0.873121825788767,0.172646835802307,17.4032891502476,0.0213852404172259,0.854266109785203
"PTPN2",3.81592973605078,0.149674390851492,10.6445892081456,0.00546605595315823,0.474194510739857
"PTPN23",2.14640555940941,0.333449774720626,13.3044333210366,0.0187677433682374,0.841587112171838
"PTPN4",0.588884442626318,0.0728162367107708,18.4914821245111,0.0188624214159775,0.77640214797136
"PTPN6",0.390351669274722,0.0809527910498231,19.9002954993836,0.0229543895436354,0.862917661097852
"PTPN9",2.09135436190495,0.328702507050018,13.4382088986096,0.0188726597474419,0.842929594272076
"PTPRA",1.58628658495743,0.187763839306065,15.4360282097429,0.0177648031376962,0.769689737470167
"PTPRC",0.394156114239203,0.00289810850813073,13.1786753556173,0.00156975332934629,0.387082338902148
"PTPRE",0.313565303787012,0.0220524994943756,19.0001902404637,0.0168131917143552,0.731205250596659
"PTPRJ",0.515237099095136,0.0670634911540254,18.8913872156418,0.019547379763571,0.789677804295943
"PTPRK",0.234114725499925,0.0222718267337094,20.1712997347485,0.0201421310479609,0.794898568019093
"PTRH1",2.03446468103433,0.36076650733482,13.1060902800165,0.0190943712831463,0.865900954653938
"PTRH2",1.5365659204582,0.146062267397364,15.5841563957935,0.016001505302733,0.722404534606205
"PTRHD1",4.47558461307143,0.196609723171374,10.4421110771378,0.00795384772857024,0.522076372315036
"PTS",1.15398127859044,0.0759055642312151,16.0194173972445,0.0126689448574591,0.6493138424821
"PTTG1",0.540528521673198,0.0244621129467962,16.5603108698707,0.0101538929866708,0.603371121718377
"PTTG1IP",1.24804898177143,0.0385648146166395,12.8868575658187,0.00147783661006523,0.430340095465394
"PUDP",0.993861912688732,0.280669956393859,15.664624977386,0.0216983477069916,0.904832935560859
"PUF60",5.97216655121557,0.172012398476668,7.68796738163691,0.00134901464103061,0.359337708830549
"PUM1",2.12986438643787,0.0936955800310197,12.8082451050656,0.00616584097947021,0.507905727923628
"PUM2",3.31445340834701,0.204316834505498,12.0321200465978,0.0115767584964475,0.613215990453461
"PUM3",1.0738818013883,0.0759107442386045,16.1799351961214,0.0131079178211383,0.657965393794749
"PURA",1.29292064193356,0.155147976728186,16.2233002871672,0.0179418562866172,0.768347255369928
"PURB",1.49190394616535,0.179464955560935,15.8478040285098,0.0182095648344523,0.779982100238663
"PUS1",2.10724520651716,0.420805404607149,12.1390957011859,0.0187557548871541,0.889468973747017
"PUS3",2.46318135706272,0.404583769416611,12.0967138525426,0.0183172607038928,0.863663484486873
"PUS7L",1.03485871361389,0.195748305431069,16.7518916858391,0.0209216607370648,0.850238663484487
"PUSL1",1.89420480764346,0.379517470303707,12.954406865538,0.0192979564857381,0.882756563245823
"PVT1",0.531978464075631,0.107668505531585,19.0933886500117,0.0223114834513928,0.856503579952267
"PWP1",4.1982609895072,0.226655726553237,10.882050505722,0.0104660700711879,0.581145584725537
"PWWP2A",2.29711702850966,0.283385247607472,13.6317562811625,0.0178577863594025,0.795346062052506
"PXDC1",0.369662744821883,0.0701754196123465,20.0746562758748,0.0228095397497183,0.857249403341289
"PXK",0.650825645943935,0.080216515745073,18.2904185702755,0.0187880407239096,0.775954653937947
"PXN",0.728328663986229,0.116305339500182,18.2996534493782,0.0207882546977116,0.825775656324582
"PYCARD",0.905277859819016,0.0691404649501993,16.7785926029213,0.0141701993465097,0.680041766109785
"PYCR1",0.255868441464691,0.0854112792694515,20.7157132448728,0.0252891318204234,0.912887828162291
"PYCR2",1.14443715597993,0.212950774663949,16.2785205360517,0.0206156339162114,0.847852028639618
"PYGB",0.574572832619757,0.0772922387555274,18.7800288812887,0.0198559911446321,0.797881861575179
"PYGO2",1.74595717965725,0.2388260676376,14.8173545560296,0.018614998463964,0.803102625298329
"PYM1",2.07382411766028,0.211075204702495,14.4440789062764,0.0166795220510483,0.74686754176611
"PYROXD1",1.78503726205476,0.318728072675153,13.936740009581,0.0195217243925254,0.858442720763723
"PYURF",3.2021136016034,0.115544878079554,10.719878390867,0.00315799152771412,0.433025059665871
"QARS",6.27083636087943,0.340145745630927,9.50180828980374,0.0121685766642126,0.630966587112172
"QDPR",1.35086087442439,0.24024817667,15.6019121567802,0.0202189961901349,0.847106205250597
"QKI",1.64891226069236,0.1600031217475,15.3682423388319,0.0162416471631507,0.729415274463007
"QPCT",0.119070085980777,0.0317866148264797,22.0280843979017,0.0259776359277801,0.909158711217184
"QRICH1",3.95692881668347,0.248723786013127,11.3113348729537,0.0122810877780878,0.629474940334129
"QRSL1",0.986744812663571,0.278420123738548,15.7047722893236,0.0217137645530334,0.904087112171838
"QSER1",0.576871183123691,0.160057723831835,18.4933926856661,0.0233026405870202,0.895584725536993
"QSOX1",0.651920139526286,0.0713653009358303,18.1759931843511,0.017941290816822,0.757458233890215
"QTRT1",2.16396386341755,0.160129615298722,14.2207833646267,0.0136879208908697,0.669301909307876
"R3HCC1",5.1189398401829,0.459877585340366,9.80623078359917,0.0152924772346438,0.782368735083532
"R3HCC1L",4.69390159276768,0.59684894017715,8.66150414234445,0.0148060665714026,0.876939140811456
"R3HDM1",1.2781293661366,0.191327858144414,16.2141192517723,0.0195678540850043,0.815483293556086
"R3HDM2",1.64255946659787,0.353096690845552,13.6217218782239,0.0198611751519598,0.886485680190931
"R3HDM4",2.39933491851269,0.115137822543295,12.6287803584839,0.00738493435830743,0.528490453460621
"RAB10",4.81417197318414,0.0944162902785863,7.37784964327736,0.00593168295414012,0.242243436754177
"RAB11A",4.54239992795044,0.095695780983865,7.50872219258689,0.00550860216569493,0.249701670644391
"RAB11B",117.589922488307,0.793287049992737,35.9353656137572,0.00616468454863511,0.323090692124105
"RAB11FIP1",0.35862775322573,0.0160419171596702,17.5160125648259,0.0121439003052698,0.642153937947494
"RAB11FIP2",0.727950868433588,0.270116970862859,16.2752109767752,0.0226060772641172,0.924821002386635
"RAB11FIP5",0.676115894616725,0.298382987588366,15.8232050563701,0.0225646505576034,0.938693317422434
"RAB13",0.257414428140389,0.0101912917551006,18.4749397382569,0.0144051367846443,0.685262529832936
"RAB14",6.00048915431517,0.173982527646012,7.57335458834476,0.00131554488755019,0.356503579952267
"RAB18",5.3460522294178,0.180499356499467,8.51387380203788,0.00349766764962838,0.409307875894988
"RAB1A",4.50754038501126,0.148046828625878,9.59885957923141,0.00318239648941028,0.42049522673031
"RAB1B",5.41446220137113,0.180865791948788,8.44978871696174,0.00339730674340124,0.406622911694511
"RAB21",1.95148842882257,0.144213435325208,14.3635095620383,0.0131772391094062,0.656473747016706
"RAB22A",2.27662739659593,0.220407800389985,14.1517841426172,0.0164314847222887,0.74269093078759
"RAB27A",0.614967758400668,0.0267761537908859,15.8814478739739,0.00848096397891385,0.570554892601432
"RAB28",5.29771693606857,0.480628401636482,9.53808938406694,0.0151667744561212,0.78923031026253
"RAB29",0.770817543092457,0.0792626691348777,17.6683756746975,0.0171332610878747,0.741497613365155
"RAB2A",5.88529226683029,0.13795480300373,7.18451117270853,0.00227501232366875,0.292959427207637
"RAB2B",2.52749878087487,0.361428765626069,12.5644557876977,0.0181611930264431,0.834874701670644
"RAB30-AS1",1.0708980340657,0.259001706060786,15.8896873674396,0.0214428066596269,0.887828162291169
"RAB32",0.103873738133001,0.0261101166449543,22.2082180417924,0.0261609319213887,0.910948687350835
"RAB33B",1.33432015014884,0.333541749753103,14.2777015389624,0.02058157857195,0.898418854415274
"RAB35",3.92317321251092,0.262397500624352,11.4233073671795,0.0130371970954091,0.651252983293556
"RAB3GAP1",2.73249717578485,0.236698578088559,13.1831280719483,0.0152726176541958,0.712708830548926
"RAB3GAP2",2.30976410386368,0.281426138231185,13.6119692722314,0.0177666508957919,0.791915274463007
"RAB3IP",0.728738260420423,0.0686284930125571,17.8024190104494,0.0167763143162337,0.733591885441527
"RAB40B",0.286113772275244,0.0652650115762139,20.5885311256416,0.0239062631360191,0.87813245823389
"RAB4A",3.7374720607418,0.19174715471686,11.5061429398061,0.00975960224112937,0.56980906921241
"RAB5A",2.94665177824994,0.123859256603843,11.6857122845629,0.00587837262974174,0.492392601431981
"RAB5B",2.33266558288151,0.136104255288722,13.0609095178787,0.00984105772879288,0.579057279236277
"RAB5C",3.25891441825619,0.190328672357542,11.902338494518,0.0106258853426022,0.589647971360382
"RAB6A",4.68050082399791,0.147978376686644,8.8494373593876,0.00180380584277885,0.384695704057279
"RAB7A",3.38755454087743,0.051446368034985,7.3111538859661,0.010944341684162,0.170942720763723
"RAB8A",2.98743481671546,0.122805535861905,11.2397852066314,0.00489196827561411,0.468973747016706
"RAB8B",1.04789865956817,0.0440025390281375,14.38548397774,0.00596245233860773,0.517303102625298
"RAB9A",0.920663662665359,0.0248338227078342,13.1561278489236,0.00079589509186968,0.42258353221957
"RABAC1",1.27568956037237,0.0192052219259483,9.28802687565852,0.0103472953928468,0.209874701670644
"RABEP1",2.09991625969315,0.191350903306646,14.3164935692543,0.0155541065941163,0.715244630071599
"RABEP2",2.74861461932764,0.355797977881194,12.4095460694095,0.0177372671972035,0.818317422434368
"RABEPK",2.18794326301214,0.305362183145214,13.650265626701,0.018535370171647,0.823836515513127
"RABGAP1",1.76732594091968,0.245465726811197,14.8118677367068,0.018805051583693,0.810859188544153
"RABGAP1L",0.77608976844009,0.0338281327232248,15.1395735072163,0.00708244877617819,0.541766109785203
"RABGGTA",3.77380066551057,0.437773928648862,10.7981868133214,0.0166306226158743,0.822344868735084
"RABGGTB",2.51036783464235,0.0942209070373584,11.9033914189688,0.00406108794655068,0.462559665871122
"RABIF",2.94242874646309,0.173497163896013,12.4891591474365,0.0108203991828391,0.597852028639618
"RABL2B",1.30220900319845,0.385000055544719,13.4023416613617,0.0202897206578338,0.919003579952267
"RABL3",1.82686885413573,0.371892016441119,13.160713747308,0.0194655280094731,0.884397374701671
"RABL6",1.57377577228733,0.311448579196396,14.3481840766701,0.0200605845547127,0.87186754176611
"RAC1",3.54843587018851,0.0386914955331701,6.62011741200888,0.0141761128322755,0.117541766109785
"RAC2",0.453709212712725,0.00611806990988417,13.7678349594743,0.000488991945892046,0.424373508353222
"RAD1",2.71120097409682,0.340973887725276,12.6621534607083,0.017745310057828,0.813245823389022
"RAD17",2.01787478913366,0.335133911769542,13.4267422646815,0.0190440806273338,0.850984486873508
"RAD21",2.57276192153742,0.0473857380021278,8.48566727905975,0.00870191377385341,0.220167064439141
"RAD23A",4.26784922524037,0.0928609337946185,7.86257011884715,0.00505335931334227,0.262231503579952
"RAD23B",3.06951458841754,0.159428485864377,12.2854929107615,0.00949513029598785,0.568914081145585
"RAD51C",1.12813959327778,0.157088546289081,16.7911724955876,0.0192894573998497,0.800715990453461
"RAD51D",0.941294680234741,0.285318935539131,15.6640361067849,0.0218454494090786,0.911247016706444
"RAD54L2",1.49267808144465,0.359275998217164,13.6608206026463,0.0201171260517075,0.897822195704057
"RAD9A",2.07623345764803,0.355048950619909,13.1207125200051,0.0189937151431349,0.859337708830549
"RAE1",5.42771182321015,0.305244623578507,10.0194451675098,0.0120507017994353,0.623806682577566
"RAF1",9.3790114192681,0.361359179081075,7.23489567401844,0.00942195637386989,0.528490453460621
"RAI14",0.109125340676606,0.0232464099489971,22.0905344502672,0.025660128768104,0.900507159904535
"RALA",0.870120338895352,0.0185388027502228,11.9123167636671,0.00330098353562444,0.346211217183771
"RALB",1.24777488947646,0.157566617719198,16.3963935004271,0.0184366831656685,0.780578758949881
"RALBP1",2.62096738272928,0.131630253399963,12.6922398316716,0.00862431474103469,0.553550119331742
"RALGAPA1",1.42394912568062,0.0995056910771493,15.0695872513489,0.0120403287849079,0.633054892601432
"RALGAPA2",0.46318281048424,0.14595578721185,19.0135326765767,0.0239246121811418,0.904534606205251
"RALGAPB",2.39763581612173,0.270208420336503,13.5952438064017,0.0173312438479584,0.776551312649165
"RALGDS",0.745872503644061,0.0501327636886933,16.6782218785624,0.0125566771752261,0.647673031026253
"RALY",4.39151881005131,0.0920774986041123,7.51361261442024,0.00586171531051696,0.244480906921241
"RAN",4.38090679708447,0.026212249413038,5.08536580880225,0.0192989785543282,0.0275954653937947
"RANBP1",1.90202370045047,0.050860451994068,11.11156727732,0.00183837051944686,0.35799522673031
"RANBP2",1.12881788432182,0.0506409030400371,14.1803149287518,0.0060341794337753,0.516557279236277
"RANBP3",3.59785668622136,0.271027779281633,11.8267038540321,0.0141234698897776,0.683025059665871
"RANBP9",1.47903833461486,0.20583395159485,15.6097033668407,0.0189153488004846,0.802505966587112
"RANGAP1",1.20496811107451,0.0512375298074591,14.0073029650793,0.00562068671238607,0.508353221957041
"RANGRF",2.44732715204369,0.204560332648691,13.6607240857522,0.0148158466457577,0.697643198090692
"RAP1A",1.80083091697173,0.0462054903273617,10.7640684040673,0.00319768171078923,0.33263723150358
"RAP1B",2.2104183863191,0.0259821277798371,7.51159992684298,0.0139515280707162,0.133949880668258
"RAP1GDS1",3.4058263498213,0.304771497862201,12.0831832677246,0.0156947661373724,0.736426014319809
"RAP2A",0.774843192927181,0.204575336450115,17.2842358073518,0.0224204376574937,0.890811455847255
"RAP2B",0.366283757625327,0.0109515297718405,16.3976144394085,0.00851240837595443,0.573985680190931
"RAP2C",1.6376074769935,0.17269639898218,15.380857351777,0.0169171172037009,0.74686754176611
"RAPGEF1",0.456898347098815,0.0504466985507769,19.0011214466237,0.0187805848246041,0.772076372315036
"RAPGEF2",0.255831206835551,0.0652142126812101,20.7886632791708,0.0244391416562913,0.8888723150358
"RAPGEF6",1.01031311846347,0.122322273048142,17.0396106846923,0.0181227167534254,0.767452267303103
"RARA",0.803219592407822,0.0769666939567632,17.4563140568777,0.0164444136573093,0.727028639618138
"RARRES3",0.231166262432564,0.00775739452740809,17.9582995857296,0.0127325638471876,0.653639618138425
"RARS",10.0302828927168,0.517059874811199,7.8888057181675,0.0121738418699929,0.68645584725537
"RARS2",3.34216745193881,0.434342098806896,11.0877027900403,0.0171168362683724,0.838007159904535
"RASA1",1.46401254366851,0.238069309496898,15.4043470375844,0.0197411815703102,0.833532219570406
"RASA2",1.2497202079946,0.110705757925222,16.1243316700383,0.0152525302047022,0.703311455847255
"RASAL2",0.18362448568778,0.0712875034688264,21.3216173480425,0.026164885740936,0.926014319809069
"RASGRP3",0.0845398586077291,0.0375886301388489,22.4910919756033,0.0275917402640244,0.942422434367542
"RASSF1",1.98247023962034,0.156234270845129,14.4099601392824,0.0139582230661982,0.674671837708831
"RASSF3",0.530462744260374,0.146343176627548,18.7765902295676,0.0233816407323662,0.892303102625298
"RASSF7",1.24438971358239,0.161436589298196,16.3886618190295,0.0186109155161499,0.785352028639618
"RB1",2.0158777616626,0.147052280230218,14.2944203328678,0.0131686951282428,0.656473747016706
"RB1CC1",2.27265028266563,0.0730160289026214,11.4666707664521,0.00120212527973582,0.409904534606205
"RBBP4",3.2257300882602,0.0822385057840708,9.09625771669833,0.00340335268090632,0.305489260143198
"RBBP5",2.27491870318353,0.259146939228285,13.8465172717159,0.0174221358356583,0.776252983293556
"RBBP6",1.50612429676955,0.0536507508377199,12.9011525206061,0.00297523745564137,0.454355608591885
"RBBP7",1.72730774072946,0.0623343095123581,12.4916363033455,0.00275240510403063,0.446300715990453
"RBBP8",0.949097176409536,0.0723365113632743,16.7456954783308,0.014292574412935,0.682726730310263
"RBBP9",1.81972791478993,0.390365913301509,12.8381378263333,0.0193627966062399,0.891109785202864
"RBCK1",4.61860844909116,0.253754566055196,10.5907091866372,0.0111302006471248,0.597255369928401
"RBFA",2.67088715403071,0.342286497817991,12.7320252865743,0.0178719971393317,0.818466587112172
"RBFOX2",0.292881136128727,0.0569356847817125,20.5531603751346,0.0233403117275241,0.864558472553699
"RBKS",0.0817247870597934,0.0160595720148128,22.3285388153248,0.0259238435308798,0.903341288782816
"RBL2",1.06183692358832,0.0780042991998371,16.0197408927279,0.0128921062057627,0.652744630071599
"RBM10",6.10880624931905,0.402160714486961,9.47532663828431,0.013751650143762,0.696151551312649
"RBM12",1.35538059843791,0.201940354097538,15.9485421871799,0.0194524252622877,0.815334128878282
"RBM14",1.968044709658,0.226703144422532,14.5363586122304,0.0175478642476597,0.772076372315036
"RBM15",1.53782688993426,0.209265626716374,15.56302475537,0.0189131744762995,0.803997613365155
"RBM15B",2.81757006414677,0.374850289060249,12.1427907628028,0.0177310133869775,0.826968973747017
"RBM17",2.75071694661982,0.0648304250650452,9.33779707510724,0.00466466612816123,0.290721957040573
"RBM18",4.12916875431053,0.26700650010062,11.2494029611773,0.0128592665076609,0.646927207637232
"RBM19",1.90561313174209,0.32905552952698,13.6511665290647,0.0192807644754817,0.855757756563246
"RBM22",3.00497938217561,0.137232450599978,11.4617024751826,0.00644808776209441,0.499552505966587
"RBM23",3.89292333670764,0.234654573185312,11.3655530561241,0.0117432488411293,0.615453460620525
"RBM25",4.1436434074151,0.078367061549799,7.26151346424186,0.00786203416422787,0.2118138424821
"RBM26",1.71570894349409,0.154224627202232,15.108678671941,0.0153824580018736,0.708383054892601
"RBM27",1.81040543135806,0.439342164214132,12.0253939112312,0.0189920331829373,0.910202863961814
"RBM28",2.60302683889898,0.268327984742738,13.3548520807066,0.016776402409104,0.760739856801909
"RBM3",2.37121805914703,0.0217239690162896,7.20049859441454,0.0153035453917206,0.112022673031026
"RBM33",2.91961757429547,0.182081586843892,12.5273035286691,0.0114104126895229,0.610978520286396
"RBM38",0.418078383526471,0.126374786462807,19.4335983342303,0.0240514095754024,0.90035799522673
"RBM39",4.73601562973538,0.0433169979764359,5.21729052738049,0.0165580820367192,0.0629474940334129
"RBM4",4.53695111169822,0.254570488809738,10.505789056964,0.0111185288000554,0.595017899761337
"RBM41",1.20392328667228,0.298083086367384,15.046799772611,0.0210239117575446,0.893794749403341
"RBM42",9.88602196128448,0.315562975077927,6.49706942904427,0.00690066964789924,0.450029832935561
"RBM48",2.65541438600383,0.244278957640494,13.1965550936944,0.0156601954680296,0.723448687350835
"RBM4B",4.62837805515583,0.390930982997668,10.4982867008549,0.0152645530011302,0.747165871121718
"RBM5",2.87049055776182,0.204731700391961,12.7177347480805,0.0129934270577798,0.649463007159905
"RBM6",4.69182901511389,0.24181788644364,10.1823912340155,0.00998730908812958,0.563991646778043
"RBM7",2.72637536806278,0.266434847751389,13.1382485850713,0.0163262417225392,0.747016706443914
"RBM8A",7.68636366976292,0.0915770211473533,3.9139736191387,0.0128122598521907,0.0863663484486873
"RBMS1",0.763521610103344,0.0438634846916631,16.2674791816972,0.010962399357582,0.616646778042959
"RBMX",3.61256432766117,0.0853440483169371,8.92829244010564,0.00350852567996405,0.302356801909308
"RBMX2",8.41828363345622,0.497103383436121,8.42401219384171,0.0129950967046789,0.71285799522673
"RBMXL1",2.2795042714792,0.320531358421371,13.3234038111971,0.0184149633834087,0.825477326968974
"RBPJ",0.644886307483298,0.0133826920008273,13.057831619739,0.000710766935144012,0.398418854415274
"RBX1",4.4233577170152,0.0752022821477636,6.79363405122793,0.00921624734009099,0.18541169451074
"RC3H1",2.99527186843771,0.140139138172099,11.7538047551175,0.00722444923935405,0.517750596658711
"RC3H2",2.04286113874875,0.193754873920275,14.3994199080252,0.0158575212124321,0.722852028639618
"RCAN1",0.0906115333057903,0.0136371302608189,22.0549143771625,0.024988708681509,0.884994033412888
"RCAN3",0.751779023659472,0.0544201289552844,16.9613679310444,0.0136161287573651,0.668854415274463
"RCBTB1",0.935833463919391,0.245362080248349,16.3198866224162,0.0218740645417244,0.893347255369928
"RCC1",2.24433810698293,0.18812748024874,14.2425528423037,0.015149788793883,0.706294749403341
"RCC2",1.12439069026545,0.142090695840044,16.829417097555,0.0186357230718216,0.782667064439141
"RCCD1",1.26525108213643,0.446688361845376,12.2615139949144,0.0196258301053703,0.938693317422434
"RCE1",7.18109519641483,0.424013158388199,8.80068481116664,0.0130766767772647,0.676461813842482
"RCHY1",1.77541326438718,0.154640588114719,14.9253655968311,0.0150073094923548,0.699433174224344
"RCL1",0.789856892958371,0.151685781632751,17.8924033778482,0.0215467467774978,0.852028639618138
"RCN1",0.216545507966832,0.0169732661771604,19.9293435330491,0.0190945006697819,0.774164677804296
"RCN2",1.39533196381588,0.0617250424486306,14.145957047292,0.00684368053880019,0.531026252983294
"RCOR1",1.09003351509786,0.205268390150185,16.5855296038121,0.0209182659387151,0.853669451073986
"RCOR3",1.61069229754148,0.207234552933536,15.3061180682642,0.0183430215953024,0.7881861575179
"RCSD1",0.333545168565025,0.026347711401632,19.0388183435998,0.0172367541056953,0.739558472553699
"RDH10",0.211363869755699,0.0270980111461569,20.6736379950367,0.021883889597342,0.829057279236277
"RDH11",2.22629255311608,0.173082836551502,13.8403064031776,0.0136806085170802,0.66736276849642
"RDH13",0.413410581913086,0.138554415428136,19.3190518067915,0.0243179748404005,0.910799522673031
"RDH14",3.12561501524329,0.291526024196222,12.4552220709363,0.0159538721255021,0.741050119331742
"RDX",0.937684632938751,0.0740754006253112,16.7195344629772,0.0143646898157168,0.683920047732697
"RECQL",1.64601026617683,0.108295877317992,14.6252061737239,0.011547173124819,0.62186754176611
"REEP3",1.79094334959673,0.125530928896137,14.5678052034095,0.0125113503503077,0.642153937947494
"REEP4",1.11679240498402,0.120473216926011,16.7318904744721,0.0172663082640092,0.748508353221957
"REEP5",2.33165807351828,0.0507966396883478,9.28598036573499,0.0063528223526986,0.265363961813842
"REL",0.648724395152041,0.00969623283076536,12.433216125539,0.00290005634157206,0.358890214797136
"RELA",5.07135565060211,0.231990031616851,9.62580627764757,0.00850915225588721,0.524463007159905
"RELB",1.64851255409892,0.0446721019401008,11.3206416284927,0.00195032579815575,0.358741050119332
"REPIN1",0.302133089378761,0.0779359933072473,20.4327934835352,0.0241802522297613,0.887380668257757
"REPS1",2.16136386580129,0.279429750591135,13.8490160751631,0.0181457285813845,0.802356801909308
"RER1",3.56322860981528,0.122810006397723,10.105334011042,0.00242683172203556,0.412589498806683
"RERE",1.60123108618129,0.204489546265844,15.3949030239711,0.0183884490777539,0.789081145584726
"REST",2.36673887462458,0.0863233374456045,11.586134602875,0.00270841808021254,0.43541169451074
"RETSAT",1.81936882047421,0.376087647127318,13.0547820411551,0.0194229042363737,0.884546539379475
"REV1",1.88712338849261,0.251007443372403,14.5555172158869,0.0185009506634762,0.804146778042959
"REV3L",0.672193275174635,0.0780127167961693,18.2009521056657,0.0184149825584182,0.76804892601432
"REXO1",2.95629299828894,0.496816845929022,10.4725315576721,0.0171851421860286,0.884546539379475
"REXO2",2.17264309594424,0.0802364359512237,11.6864155671902,0.00243391387397046,0.431682577565632
"REXO4",2.32016099558973,0.279803096241429,13.6342392094115,0.0177383616697112,0.790871121718377
"RFC1",1.81159865222394,0.118623250898633,14.4175846601708,0.0117183571469128,0.625
"RFC2",0.879726880276007,0.14278992343639,17.679838086861,0.0206276504272532,0.828609785202864
"RFC3",0.328941184220164,0.12273251224422,19.9000443169335,0.0250098124881432,0.920346062052506
"RFC4",0.46313227290482,0.0816880932418097,19.5180975686098,0.0219995103324606,0.843377088305489
"RFC5",0.587168078919077,0.175716847199019,18.2393706990014,0.0233762570834507,0.903192124105012
"RFFL",0.918725484774379,0.115797410774096,17.3595266140543,0.0185295593137692,0.775507159904535
"RFK",1.07469310194643,0.104901280611262,16.6853078930695,0.0162625339924368,0.724940334128878
"RFT1",2.10624078481081,0.479938087966279,11.1386672567138,0.0182032975954677,0.910650357995227
"RFTN1",0.74926527901966,0.0297954125554733,15.0565891375066,0.00648265700593599,0.531175417661098
"RFWD3",1.00770125990602,0.227184711758836,16.4715148530482,0.021525165429596,0.876939140811456
"RFX1",1.10252031475207,0.234380381723024,16.1550846979034,0.0211425644390234,0.869480906921241
"RFX5",1.45027435324108,0.199886326582392,15.7478503093632,0.0189401210927032,0.801909307875895
"RFXANK",6.79912473348735,0.475466981494426,9.03049668413014,0.0139845405658678,0.740602625298329
"RGCC",0.23531816545108,0.0058137598076969,17.2324167515081,0.0104662753801609,0.611276849642005
"RGL2",0.922587803987237,0.13460361773543,17.5533510401308,0.0199316298505445,0.810859188544153
"RGP1",2.54431104756176,0.403408613476931,12.030814628279,0.0181899376388194,0.858144391408115
"RGS1",0.239728911679707,0.00342376775358134,16.0371620330843,0.0067798014072677,0.542661097852029
"RGS10",0.897629708975268,0.0210897194058618,12.8872960162472,0.00034561570998556,0.402297136038186
"RGS14",0.462131012424036,0.0607994799031656,19.2212677830737,0.0200229103363725,0.798478520286396
"RGS19",0.985787705486924,0.137857941301768,17.2208065117119,0.019348410113103,0.797881861575179
"RGS2",0.238152487316643,0.00630800610242546,17.3696215191556,0.010905972571387,0.619480906921241
"RGS3",0.0739595631205885,0.0196357578152059,22.5892811770659,0.0268791236164108,0.92258353221957
"RHBDD1",0.338643400534751,0.125257580481112,19.7694711242508,0.0248197335769658,0.916915274463007
"RHBDD2",0.670001919419031,0.019596378216905,14.1023375352558,0.0028729726419528,0.464349642004773
"RHBDD3",2.33297681002472,0.404785776669703,12.2294797889849,0.0185289812212796,0.87186754176611
"RHBDF2",0.739518364497908,0.0790381127436404,17.7684197764997,0.0173845049022991,0.746569212410501
"RHEB",3.58675437313832,0.0743248726737277,8.7119207099119,0.00513233527949848,0.275656324582339
"RHNO1",0.78233646866997,0.108422478862406,17.9625364766855,0.019571564129528,0.797285202863962
"RHOA",5.9468304233679,0.0317704164710532,4.39239268259879,0.019577131114269,0.0149164677804296
"RHOB",0.197843282457001,0.00433530121089527,17.8315448795336,0.0120763001419024,0.641557279236277
"RHOBTB3",0.0707541032512881,0.0249718575136018,22.7036144334712,0.0275047658193566,0.936306682577566
"RHOC",0.949024773745585,0.0833840408533027,16.9798006276318,0.0156301468965036,0.710620525059666
"RHOF",0.618280580851546,0.0232279400014645,15.4671196445871,0.00700917319629722,0.542959427207637
"RHOG",1.35711870181394,0.0220272383708561,10.0735369477897,0.00786213094188876,0.256414081145585
"RHOQ",0.24986059804291,0.0734645128611144,20.82560581186,0.0249706752565033,0.902297136038186
"RHOT1",1.71875737658332,0.276394247779633,14.5634775916794,0.0194064612345144,0.837708830548926
"RHOT2",5.01167404940251,0.338021694683057,10.2117843746441,0.0135794247730533,0.672732696897375
"RIC1",1.62441451739314,0.181311427116913,15.3586507700687,0.0173000650567522,0.757159904534606
"RIC8A",1.4591864171981,0.0828110613397593,14.3656015313515,0.0091365956271765,0.573090692124105
"RICTOR",1.43623031596772,0.144919352769005,15.7104537678218,0.0162730383310447,0.727923627684964
"RIF1",1.46904512457153,0.0991415834596835,15.1395170149025,0.0121380781912771,0.635889021479714
"RILPL2",0.751811095876632,0.0435905877514431,16.3339555730769,0.0111189121011369,0.61977923627685
"RIN3",0.322056247384705,0.0556208538589048,20.2287645006954,0.0224015640508548,0.845316229116945
"RING1",4.07722523822246,0.24481583298828,11.3411504832608,0.0120556572633375,0.625149164677804
"RINT1",3.41322919504648,0.508845684361057,10.1217197661651,0.0166702348689387,0.87395584725537
"RIOK1",0.626957318917122,0.0529109533887902,17.9735491950237,0.0161721201436262,0.720465393794749
"RIOK3",1.15434929877205,0.0392796988383742,13.4270918377518,0.00297963849661207,0.45972553699284
"RIPK1",0.995037715219111,0.148475526760041,17.1948416577092,0.0198057787595319,0.810710023866348
"RIPK2",0.263236666607559,0.0267613661598318,20.0440381641883,0.0200838323304997,0.79445107398568
"RIT1",1.54186754409723,0.147894482013543,15.5115867109227,0.0159565105029821,0.721211217183771
"RITA1",2.37990885255737,0.396838133318034,12.2754592350897,0.0184615516065306,0.864260143198091
"RLF",1.53527635023026,0.118737583845842,15.3077877251468,0.0137956674576377,0.671390214797136
"RLIM",1.34244259746053,0.146294115428079,16.1964562650493,0.0173897301003967,0.754773269689737
"RMDN1",2.88605983903337,0.396464977247169,11.9211152219374,0.0177475218119484,0.840244630071599
"RMDN3",2.30515373596234,0.2873317699805,13.5928795928218,0.0179108473338242,0.798180190930788
"RMND1",2.21906482013669,0.413986410449743,12.1508441830347,0.0186325560648055,0.880519093078759
"RMND5A",2.26586491673137,0.260064036111909,13.8204500491096,0.0174255016044343,0.776252983293556
"RMND5B",1.80525199447495,0.459600961535442,11.6694311090633,0.0187790199240436,0.917064439140811
"RNASEH1",3.84005946061161,0.317958168494184,11.5655982203257,0.0151725847452627,0.723299522673031
"RNASEH2B",1.04114569653503,0.0876792179356608,16.5594366733165,0.0148697966508373,0.694510739856802
"RNASEH2C",1.7798475807921,0.101113265558135,13.9151843176668,0.00938498318158029,0.575328162291169
"RNASEK",2.03654133977292,0.109730694154087,13.4848505820614,0.00896529534093331,0.564886634844869
"RNASET2",0.727308137998171,0.0284735115576067,14.9068407781361,0.00595948787513144,0.52118138424821
"RND3",0.129293826086319,0.00377065320372384,19.726553868774,0.0175593622877002,0.743884248210024
"RNF10",118.045643388893,0.783247891197244,34.4290424135688,0.00463104773036155,0.303997613365155
"RNF103",1.01653187836472,0.247909535183114,16.1181939676707,0.0215530673818701,0.885739856801909
"RNF11",2.34594891133696,0.0795281667336959,11.4571064479294,0.00178678084009992,0.419003579952267
"RNF111",1.95274338698984,0.214291044428849,14.6418982023129,0.0172368770277796,0.761634844868735
"RNF113A",3.35190865170137,0.233515968015462,12.0634703091606,0.013054101085777,0.650805489260143
"RNF114",2.24968462646397,0.0679613057838355,10.944988841189,0.000507632396454488,0.375894988066826
"RNF115",2.87114019182877,0.175828434176913,12.52555157225,0.0110722304396026,0.603072792362768
"RNF121",4.27247944439232,0.484155099626437,10.0316529961172,0.0160622951286227,0.829952267303103
"RNF126",2.63395454163386,0.165219768290501,13.1817028370124,0.0117506538425068,0.622315035799523
"RNF13",2.61426570462809,0.170673355804415,13.0620551640875,0.0118778325517446,0.623806682577566
"RNF130",0.157195651538662,0.0199880814203739,21.1766700689138,0.0228571516721757,0.846211217183771
"RNF138",1.64060348195373,0.118249709092833,15.0604714392737,0.0131633750218323,0.657667064439141
"RNF139",3.90604283884804,0.356026107996133,11.2798627571198,0.0157772021891998,0.752684964200477
"RNF14",2.44239113274813,0.341067501124948,12.9100702482254,0.0182322468146636,0.828311455847255
"RNF141",1.17879254056936,0.217901765398711,16.2371148759995,0.0206785567621052,0.85173031026253
"RNF144B",0.222264669786646,0.019347842422926,20.1084268870593,0.0197665613661401,0.787291169451074
"RNF145",1.38350452868123,0.0376527663124464,11.9076744275894,0.00118285676849747,0.377834128878282
"RNF146",1.73143231555679,0.201475291308939,15.0617240802252,0.0175889985861614,0.767750596658711
"RNF149",2.24339015523596,0.048087101565718,9.33658310430069,0.00654542720622601,0.263424821002387
"RNF166",0.464429074553546,0.0572490249445895,19.0572246622372,0.0193748309068657,0.784755369928401
"RNF167",4.64902872055788,0.156203687236938,8.93635703479222,0.00262423780248005,0.399612171837709
"RNF168",0.527087226286714,0.0330828563133157,17.5258953284792,0.0135280652818329,0.667959427207637
"RNF169",1.05551782433904,0.413873857687682,13.0519091093388,0.020364285725694,0.94063245823389
"RNF170",1.82163680557528,0.375279920907029,13.0926023723683,0.0194448520166292,0.885292362768496
"RNF181",7.40970725626132,0.194165865252018,6.30232068025111,0.000554544929746111,0.321300715990453
"RNF185",4.64760486179426,0.549718769780316,9.20257945995597,0.0153631521121781,0.854415274463007
"RNF187",0.850611655334651,0.16757122920807,17.4810172672987,0.0213510091450855,0.85173031026253
"RNF19A",0.885863151456555,0.0352673418936519,14.6230373829087,0.00580578867772048,0.516557279236277
"RNF19B",0.763748460304047,0.14916850728478,17.9741920251202,0.0216282395981871,0.853072792362768
"RNF2",2.45405882928441,0.25414060245003,13.6759690610359,0.0168595861338736,0.760143198090692
"RNF20",1.67967037982141,0.267392772866757,14.7006491750099,0.0193881461326075,0.83368138424821
"RNF214",2.77036541858295,0.450501016747286,11.260109182293,0.0177382852327872,0.872315035799523
"RNF216",2.37319889872876,0.191376105277176,13.673558689786,0.0142494842333947,0.681980906921241
"RNF219",1.11394684360729,0.189994947992386,16.6234122241046,0.020398739233125,0.835620525059666
"RNF220",3.08793507106387,0.392300745037129,11.7635901197498,0.0174158586153133,0.825626491646778
"RNF24",0.785074464866355,0.0893510374730342,17.8392545699438,0.0181696454418395,0.764468973747017
"RNF26",1.46130056313478,0.344543226055541,13.9708320654821,0.0202795496202903,0.895286396181384
"RNF34",2.76211857254401,0.211238352534212,13.0159560587119,0.0138659372121064,0.672732696897375
"RNF38",1.8075946957033,0.201570921009042,14.9082427533367,0.0172683372420289,0.759695704057279
"RNF4",5.92067782134802,0.280313432748053,9.25299064490737,0.00994926070867043,0.558025059665871
"RNF40",3.36683938401446,0.271370877548046,12.1255232367974,0.0146864058951728,0.699433174224344
"RNF41",4.54392350698962,0.359751662561877,10.7236405514799,0.0148976053363399,0.724343675417661
"RNF44",2.1433794075987,0.178541172430954,14.1560151167106,0.0145971622865069,0.690483293556086
"RNF5",3.31721314467611,0.161836931566985,11.5030962688826,0.00811913829393605,0.533263723150358
"RNF6",4.43489369163143,0.283859755279059,11.0021587048378,0.0130030876173635,0.652595465393795
"RNF7",7.7948321663301,0.163206807272702,5.48660536836514,0.00317986650534447,0.247762529832936
"RNF8",3.29911622161802,0.349346211794706,11.9923645895744,0.0167657041655676,0.784755369928401
"RNFT1",1.83175230534405,0.287953966695425,14.2482711033376,0.019183797284974,0.835471360381862
"RNGTT",1.21968832873395,0.197491753295831,16.2370510953559,0.0199081033374731,0.825178997613365
"RNH1",3.49889365306583,0.0997216885856831,9.66053093377571,0.000524749380974351,0.358741050119332
"RNMT",2.31085793803729,0.104917175669904,12.6179889549919,0.00659428876411023,0.5138723150358
"RNPC3",2.53495969407839,0.225034098042584,13.4508998538821,0.0153416655250482,0.712708830548926
"RNPEP",1.55128438304661,0.140861895954776,15.594956608038,0.0157181992047702,0.715841288782816
"RNPEPL1",0.85188254850911,0.222399922746697,16.8191707302036,0.0221084251699311,0.889767303102625
"RNPS1",7.21778591557966,0.116111973937025,4.91535512416361,0.0084326437830804,0.162291169451074
"ROCK1",3.31488132564377,0.0925511057514853,9.46708319761637,0.00157721561223335,0.33890214797136
"ROCK2",0.655541545718682,0.136034678498885,18.4315238982792,0.0220950108920127,0.859785202863962
"ROGDI",1.63414482853583,0.4358316919263,12.2086519025496,0.0192629932556541,0.917511933174224
"ROMO1",3.73863066975889,0.0674513688050013,7.76726417176655,0.00798896236582157,0.219272076372315
"RORA",0.56688624556584,0.0142682373252478,14.3210651307329,0.00293512105663616,0.467482100238663
"RP2",0.473853723791141,0.0579481751251547,19.152548959422,0.0196543263999552,0.790721957040573
"RP9",2.37879209931373,0.198043785248113,13.8500167043436,0.0148672635183576,0.698985680190931
"RPA1",1.49584569821802,0.146460270351974,15.6331291504739,0.0161545654252575,0.7256861575179
"RPA2",2.64994924216294,0.156290896747484,12.8154067101428,0.010522217892424,0.592631264916468
"RPA3",1.1089489740059,0.056568629240956,14.9922570971239,0.00862054409654889,0.567869928400955
"RPAIN",4.15187041801499,0.178865532782353,10.2471442030358,0.00668689109505329,0.492094272076372
"RPAP1",2.01798121733507,0.501804175231308,10.795912514673,0.0180224005959955,0.921091885441527
"RPAP2",1.70207766984639,0.193514188178461,15.2205649465381,0.017540109869906,0.765513126491647
"RPAP3",2.14156749303733,0.277564046238664,13.9272757583843,0.0182110731644225,0.803997613365155
"RPE",6.04185571249926,0.568418526985688,8.77318671587867,0.0143112893055357,0.829653937947494
"RPF1",4.25516134869908,0.334822354146757,11.088349381082,0.0148381473113267,0.716288782816229
"RPF2",1.86502065870734,0.209724715075889,14.9299333066143,0.0175918097757551,0.770584725536993
"RPGR",0.627666751625079,0.218564305293362,17.4268357622329,0.0232404651951056,0.917511933174224
"RPIA",4.51759456349043,0.323402926067483,10.7973067342179,0.0140513635568843,0.687649164677804
"RPL10",8.14265366711439,0.0047097882296306,4.48712343188917,0.0221243807737402,0.000149164677804296
"RPL10A",4.1626295602545,0.00865008350234928,5.15777666298633,0.021724908565245,0.00178997613365155
"RPL11",8.31798694883418,0.00910407589562364,4.32365015710044,0.0218359038004661,0
"RPL12",5.96310003467467,0.00886360147762387,4.78459362679978,0.0218007159489235,0.000447494033412888
"RPL13",7.4295098503008,0.00507593304984002,4.60975474464309,0.0220976393123309,0
"RPL13A",3.58882748184267,0.00793939604390188,5.2972508892373,0.0217424572217552,0.00223747016706444
"RPL14",8.23433427085944,0.0156451584708713,4.16318495925297,0.021364142956078,0.000596658711217184
"RPL15",6.724335924343,0.00967029857877006,4.61065855905685,0.021770219626552,0.000149164677804296
"RPL17",5.54700401613011,0.0537548101796472,5.04251057516453,0.0154054496421391,0.0753281622911695
"RPL18",7.72274040705693,0.00995348242043027,4.41434108719275,0.0217637955323923,0.000149164677804296
"RPL18A",6.08305406613933,0.0062144518052368,4.83591667472364,0.0219962649648832,0.000149164677804296
"RPL19",6.42606042236463,0.00670321448028909,4.75590284229551,0.0219675004954522,0.000149164677804296
"RPL21",3.34051416573833,0.00620892762079065,5.39351589434928,0.0218710755165899,0.00193914081145585
"RPL22",9.60490548079007,0.0260439127738181,3.63845525417295,0.0206390511541003,0.00149164677804296
"RPL22L1",1.50067781390284,0.0251308047566194,10.0725929710338,0.0074675832519472,0.262082338902148
"RPL23",9.5950270876215,0.0637355442272195,3.2302229224027,0.0169057396397097,0.0305787589498807
"RPL23A",5.81206399947614,0.0101027680178748,4.78153147044221,0.0217003331846439,0.00074582338902148
"RPL24",6.70073401538142,0.01387141494565,4.48971451087949,0.0214852106815502,0.000149164677804296
"RPL26",4.18366389691355,0.00949007567559728,5.16299179260031,0.0215793353763579,0.0035799522673031
"RPL26L1",3.7998957521359,0.225281999402383,11.6331306046029,0.0117234662634366,0.617094272076372
"RPL27",10.0152022643727,0.0284443883691515,3.50547998945906,0.020469591047143,0.00178997613365155
"RPL27A",5.2963595632611,0.0233724502090252,4.72000813801882,0.0202118364373926,0.0129773269689737
"RPL28",9.50097168054867,0.00736463605791465,4.14924486200808,0.0219686885892507,0
"RPL29",6.18462318373686,0.00887140269863216,4.73334525448133,0.0218246720733607,0
"RPL3",4.30574022474998,0.00689429454486409,5.16208547208107,0.0219052422725906,0.000596658711217184
"RPL30",8.36958299534264,0.00839956390083795,4.33420723408223,0.0218842880210819,0
"RPL31",6.83982234083581,0.0293737590825562,4.21833963465704,0.0199636463897049,0.0104415274463007
"RPL32",8.63739140767004,0.00802699090185995,4.29740688594206,0.0219059764604379,0.000149164677804296
"RPL34",6.83804260430923,0.00777929944051262,4.64242033117156,0.0219069635095874,0
"RPL35",6.50530765422035,0.0150038486641524,4.49825757250409,0.0213917809752348,0.000447494033412888
"RPL35A",7.43246101121666,0.00957192041278231,4.48331120410205,0.0217788838089786,0.000298329355608592
"RPL36",7.12516418101583,0.0126717434880366,4.44325281069412,0.0215790068294833,0
"RPL36A",2.17472675021447,0.0103702307673441,6.26788588217883,0.0194663685369213,0.0431085918854415
"RPL36AL",3.86391181427926,0.0190806940708757,5.18913907478312,0.0202603032067023,0.017153937947494
"RPL37",6.93615346490311,0.00790836788686135,4.61998730565464,0.0218994548872412,0
"RPL37A",6.61358812647625,0.010971749064228,4.59878795817806,0.0216663517409109,0.000447494033412888
"RPL38",5.9191106476188,0.0197812278479641,4.5322976502655,0.0208974354497798,0.00387828162291169
"RPL39",6.48960473687479,0.00551727930667863,4.77936926423082,0.0220486840634445,0.000149164677804296
"RPL39L",0.50702330805808,0.111280257988378,19.2484577664571,0.022862130801907,0.869630071599045
"RPL4",3.69713114278365,0.0106911639290863,5.24542146186179,0.0214161936480266,0.00507159904534606
"RPL41",6.01840254662527,0.0039902993802435,4.91250911489855,0.0221534886403626,0
"RPL5",6.26471428937382,0.0136927745000235,4.60685282049654,0.0214204268503988,0.00164081145584726
"RPL6",6.74978912094377,0.0109516548769336,4.57075915566472,0.0216765986494926,0.000298329355608592
"RPL7",4.0042473267125,0.0131579418082762,5.12247231405899,0.0212255022017555,0.00566825775656325
"RPL7A",6.7588086825246,0.00956530318257395,4.61349254161534,0.0217635187728783,0.000447494033412888
"RPL7L1",2.52410958900784,0.085778658590083,11.1788680024192,0.00169853500381125,0.414081145584726
"RPL8",6.54074136861065,0.00927723808408269,4.65700860882867,0.0217945116444677,0.000149164677804296
"RPL9",5.66939217982251,0.00980082937979824,4.80537339173908,0.021747886835238,0.000149164677804296
"RPLP0",3.86149931507912,0.00348498644156071,5.34835082747373,0.0221456066297833,0.000298329355608592
"RPLP1",8.62658172601548,0.00312694310530261,4.43663762866151,0.0222447345481328,0
"RPLP2",8.3753873063833,0.0129267109416351,4.20908072807221,0.0215638421960384,0.000298329355608592
"RPN1",3.27851382575163,0.0541389732145444,7.43024971494691,0.0103449371689033,0.180489260143198
"RPN2",2.65281204075928,0.065809949074995,9.65613286117791,0.00380866813099109,0.308025059665871
"RPP21",1.97956889567903,0.137461109349111,14.2531702432591,0.0125169551289942,0.641706443914081
"RPP25",0.475572639986311,0.132719183927849,19.1626011858984,0.0236792148895494,0.894391408114558
"RPP25L",3.30929270790632,0.454206936590795,10.8526115541248,0.0171005951993674,0.84964200477327
"RPP30",4.30660843365117,0.321696037196523,11.0370996975315,0.0143914546738346,0.698687350835322
"RPP38",3.29472103256824,0.319726414647861,12.116350824284,0.0162284347271602,0.756563245823389
"RPRD1A",1.602635820097,0.162992682075965,15.5825051202788,0.0168376585217161,0.744331742243437
"RPRD1B",2.89181248304118,0.330644218194177,12.5632002945616,0.0172817523063375,0.79445107398568
"RPRD2",3.14674726378727,0.310615547531459,12.3395943412127,0.016351493463386,0.757905727923628
"RPS10",1.83612611841232,0.0254653941494847,8.54069676879029,0.0114212646669538,0.184218377088305
"RPS11",6.79670854413808,0.0288150315974504,4.19237351854809,0.020109923698951,0.00805489260143198
"RPS12",5.03289184277819,0.00325059008940827,5.12451201546704,0.0221912747127856,0
"RPS13",6.27698128044179,0.00807417299008456,4.74297642398477,0.0218726832158431,0.000149164677804296
"RPS14",7.30369001464338,0.00791848529769012,4.55004233627832,0.0219034131861476,0
"RPS15",8.32877720893724,0.0107812316955314,4.27643710823178,0.0217154751772672,0.000149164677804296
"RPS15A",4.99199542980756,0.00466175425771562,5.09175738431087,0.0220876690798928,0.000149164677804296
"RPS16",8.80613874078136,0.0140022039001217,4.0981585832623,0.0214965964323576,0.000298329355608592
"RPS17",6.70714406624016,0.0493948862557128,4.2652252727316,0.0173229926671308,0.039826968973747
"RPS18",4.33751651032922,0.00344669997200794,5.25215829015605,0.0221692492607046,0
"RPS19",6.64027490804498,0.00498907451081256,4.76330000610069,0.0220935979675329,0
"RPS19BP1",3.9356370955213,0.104338443067069,8.59620940851894,0.00235450726487169,0.31354415274463
"RPS2",4.24376582962961,0.00655426628396996,5.18156097154505,0.0219349301301668,0.000447494033412888
"RPS20",5.33259800544001,0.0328273000670443,4.75107057277288,0.01883628034146,0.0289379474940334
"RPS21",4.83143740036265,0.00734864236536606,5.04216986770175,0.0218960713511494,0.000298329355608592
"RPS23",6.03801161637744,0.0064476206504005,4.83438507028102,0.0219871389727579,0
"RPS24",5.75035399452208,0.00657392549000275,4.88531212174537,0.0219749488132519,0
"RPS25",7.92345954485948,0.0137227055875206,4.27010858955694,0.021504071887699,0.000298329355608592
"RPS26",2.0696419395538,0.0040257377850486,5.80865477840922,0.0217227203092187,0.0073090692124105
"RPS27",4.4678854091154,0.00316577290398373,5.23883721406363,0.0221824673679515,0.000149164677804296
"RPS27A",6.37404254820654,0.00654499189574822,4.76747659385962,0.0219847746198982,0
"RPS27L",1.04617666046206,0.011379356557233,9.30256053332968,0.0114035804478697,0.196151551312649
"RPS28",9.31799419348243,0.0101257439313367,4.10930194668799,0.0217725293320802,0.000149164677804296
"RPS29",1.99394512432515,0.003744917004781,5.79240879819546,0.0218486194730993,0.00522076372315036
"RPS3",5.36485700129465,0.0054762689199701,4.99235889408297,0.0220445186502785,0
"RPS3A",4.85752491564729,0.00522151851280512,5.09716120769474,0.0220554090460861,0
"RPS4X",3.56001419777736,0.00368115999328364,5.40296413283832,0.022120884317344,0.000447494033412888
"RPS5",3.54872178509116,0.00614495243853038,5.33261545237633,0.0219386144272489,0.00074582338902148
"RPS6",4.89462711445626,0.00540960070213916,5.08424293414798,0.0220431205737744,0
"RPS6KA3",1.64304489859669,0.160382314530548,15.2816268689181,0.0161039493052859,0.7256861575179
"RPS6KA4",1.68387502154298,0.246746321882196,14.9302084475757,0.0190981522599751,0.819063245823389
"RPS6KA5",0.758320175005943,0.107055273313712,18.0652214281021,0.0197477336005705,0.800865155131265
"RPS6KB1",3.00109726239096,0.268619469247653,12.7526044303084,0.0156723915079775,0.72881861575179
"RPS6KB2",2.6436214854617,0.172645012382648,13.1112968722934,0.0120588000931084,0.628579952267303
"RPS7",7.17820100869442,0.00988693053829151,4.51565261775851,0.0217684188253581,0
"RPS8",4.74360081076861,0.00425966716274828,5.14882187884889,0.0221192090670578,0
"RPS9",7.89164453684844,0.0147196211341066,4.25333398927324,0.0214222718878016,0.000596658711217184
"RPSA",3.71123208640479,0.00678012128268508,5.29328576675759,0.0218676723920129,0.00134248210023866
"RPUSD1",2.84906129124189,0.287226011190081,12.7673861929952,0.0164269064463874,0.753430787589499
"RPUSD3",1.66640316065642,0.216959216955621,15.1671455255403,0.0184433006607381,0.793257756563246
"RPUSD4",76.2077156307658,0.934008529127258,46.4229181549999,0.0317204493151947,0.800268496420048
"RRAGA",4.26990479704673,0.205765032038738,10.5902706640566,0.00884643595056801,0.541467780429594
"RRAGC",1.22610847339808,0.0973200653364495,16.1747878389953,0.0145046496764988,0.687350835322196
"RRAS2",0.596222636486167,0.128410264787655,18.7323002776701,0.0224452990409364,0.865453460620525
"RRBP1",0.61389495440838,0.0315736007584126,16.7214082146025,0.0111851068555995,0.622613365155131
"RREB1",0.315950541697965,0.0745593011681405,20.3847506273924,0.0238704474218087,0.880071599045346
"RRM1",0.7217757565103,0.0650666384452631,17.8164854201678,0.0165698240961214,0.729266109785203
"RRM2B",0.658999779987696,0.148487627694053,18.3019967336437,0.0223688401930619,0.86977923627685
"RRN3",2.5666435884212,0.198972212324979,13.3035691170363,0.0138713822275103,0.672434367541766
"RRNAD1",1.55445475905205,0.323114714016082,14.2004302548367,0.0201173095965562,0.87917661097852
"RRP1",0.920555602508046,0.0815120310161127,17.0252085786731,0.0156320813957984,0.710471360381862
"RRP12",0.627043065713326,0.111364541636382,18.666851887974,0.0214466836281486,0.838752983293556
"RRP15",0.773041484976487,0.0924222044017334,17.9884559754565,0.0187145348989737,0.776551312649165
"RRP1B",1.12570859207681,0.106003769155931,16.5272951466583,0.0159393343628165,0.718078758949881
"RRP36",3.15583526799048,0.458540827773414,10.9215687492209,0.0172641457612085,0.859785202863962
"RRP7A",1.01788271412522,0.068348316225986,16.0239109730433,0.0121930202584923,0.639170644391408
"RRP8",2.93507852258966,0.296827810046211,12.772386259354,0.0166360761077273,0.764021479713604
"RRP9",1.45064330293648,0.275911394794481,15.0297169138544,0.0202747158765943,0.862619331742243
"RRS1",0.712101156129773,0.0845342086279265,18.1874310638194,0.0187553811123638,0.776252983293556
"RSAD1",2.52425453612448,0.301803391856445,13.1008011511274,0.0175118979653509,0.789976133651551
"RSBN1",2.65929616836113,0.176607896459171,13.0185849615995,0.0121163139394137,0.62917661097852
"RSBN1L",3.19573821828505,0.153788041784179,11.3853037080589,0.00741957047399896,0.517452267303103
"RSF1",2.32019985962641,0.0768554466820327,11.2986475528719,0.00117746016732926,0.407070405727924
"RSL1D1",4.59130195957456,0.0861367724746632,7.20182714344208,0.00714937786369689,0.221509546539379
"RSL24D1",6.12599008116076,0.111835624342295,6.20825475092984,0.00650784959345682,0.213603818615752
"RSPH3",0.848285764566085,0.242978666649259,16.5334409642864,0.0222299081661775,0.901849642004773
"RSPRY1",3.29243992514039,0.243128240105343,12.2831213190945,0.0138309957954794,0.673329355608592
"RSRC1",1.59545713167165,0.14244215369834,15.5288228732701,0.0156395839562151,0.714349642004773
"RSRC2",3.54681190448618,0.0730088311679091,8.17192573488092,0.00646038598910112,0.24686754176611
"RSRP1",3.10196247751912,0.0415606051012826,6.77111570988966,0.0135257717389351,0.126789976133652
"RSU1",2.86891132199301,0.142027835650816,12.2150644152249,0.00830383808940717,0.543257756563246
"RTCA",5.37425132077031,0.364553803193204,10.1617036085531,0.0139498778766226,0.695107398568019
"RTCB",2.95052001504828,0.147627761809365,12.0460409639674,0.00833441560144954,0.542213603818616
"RTF1",2.58589671691371,0.121787723932388,12.2283087369565,0.0069852781159671,0.517303102625298
"RTN3",2.89059722328253,0.0848170346046135,10.1469340670227,0.000775040478014105,0.361127684964201
"RTN4",1.30675435953564,0.0185981472703579,10.0518399841523,0.00836319804736075,0.249403341288783
"RTP4",0.368272666537313,0.161006677518866,19.107546503869,0.0247810689354979,0.93019093078759
"RUFY1",2.25750668480817,0.358354067284998,12.8821073755959,0.0186498907146037,0.84964200477327
"RUFY3",0.519937036484066,0.153353763107406,18.7385940610326,0.0235942111031954,0.899761336515513
"RUNDC1",2.2012621571226,0.385246045598889,12.5553548369541,0.0187386595017301,0.866497613365155
"RUNX1",0.983717688361854,0.0536526650520161,15.7004348528285,0.010214928099481,0.600835322195704
"RUSC1",2.00819153152748,0.216406468235008,14.5946004901414,0.0171972600422445,0.761485680190931
"RUVBL1",1.71815348323908,0.188775021829575,15.2910789048546,0.0174364071259116,0.762678997613365
"RUVBL2",2.90486189279234,0.215735945241026,13.0004458877593,0.01394258048833,0.676461813842482
"RWDD1",5.05818518754303,0.121293767391355,7.67132260158616,0.00275131381758889,0.29340692124105
"RWDD2B",1.64661927388956,0.477660817633587,11.4212778244944,0.0187327985740665,0.928997613365155
"RWDD4",2.7313643601571,0.249454324330297,13.2046724980983,0.0158042705216817,0.729415274463007
"RXRA",0.466351832177697,0.140946174960229,19.0744879119723,0.0238461493039516,0.900954653937947
"RXRB",4.6367501638436,0.348320262273529,10.6877641385503,0.0145323829845088,0.709128878281623
"RYBP",1.21614553817342,0.0889997328182445,15.8933881788038,0.013292782723438,0.661247016706444
"RYK",0.695782626980354,0.192800034711749,17.676889268244,0.022810016243401,0.896032219570406
"S100A10",1.15536685998539,0.00404876343870687,6.98221601219658,0.0189006581439462,0.0607100238663484
"S100A11",0.991370972073612,0.00338058171964475,7.29972758983425,0.0181782547268097,0.0750298329355609
"S100A13",0.157661697011306,0.0114619337126446,20.5045397111736,0.0203646230756573,0.797434367541766
"S100A16",0.151186055760442,0.00516780012456826,19.574175250187,0.0172147188331289,0.737619331742243
"S100A4",0.477882833587191,0.00152313900919079,10.6951415826128,0.008899987995925,0.250745823389021
"S100A6",0.832425318476278,0.0022643729121777,7.42388265022363,0.0180618559408428,0.0783114558472554
"S100PBP",1.91597842666327,0.256845581141434,14.3885506315637,0.0184246348928022,0.803102625298329
"SAAL1",2.18605445006776,0.432693939664186,11.8974098912187,0.0185681778303823,0.890662291169451
"SACM1L",1.96803496766284,0.162449325116712,14.3094549774643,0.0141376644348433,0.678102625298329
"SAE1",1.74364738862794,0.122046794205271,14.7804625895674,0.0127538153052853,0.64826968973747
"SAFB",4.4678467599933,0.16237799790326,9.50150450913597,0.00412904357459239,0.434665871121718
"SAFB2",2.81543327278364,0.130746203646254,11.8621932898538,0.00682623131091253,0.510889021479714
"SAMD1",0.606344908453505,0.165871115016387,18.3156527353601,0.0231437283491896,0.893943914081146
"SAMD4B",1.16095684639605,0.179125038342151,16.611026173057,0.0198930655680321,0.820405727923628
"SAMD8",1.34458873611751,0.167000150981285,16.1418527420677,0.0183139660706024,0.779534606205251
"SAMD9",0.416995880053686,0.0473964368873659,19.1698333040776,0.0190446033212713,0.776849642004773
"SAMD9L",0.335050326527661,0.0603678948689737,20.1491716385591,0.0224675120546987,0.847702863961814
"SAMHD1",0.424827363430803,0.0395398281446138,18.8292970232442,0.0175855883847249,0.747315035799523
"SAMM50",4.50496913980062,0.330836044892616,10.825371777252,0.0142987509762885,0.697344868735084
"SAMSN1",0.354793460984479,0.00790311833134597,15.7323573351393,0.00632001074321956,0.533263723150358
"SAP18",7.04306089232923,0.0763310983992156,3.98536692106447,0.014524492268389,0.0659307875894988
"SAP30BP",4.3919695798526,0.187641831343933,9.98603942945465,0.00672916453302044,0.490005966587112
"SAP30L",4.12052388617283,0.701768210455766,7.22077835701164,0.0133251547136274,0.929892601431981
"SAR1A",4.42331486227533,0.188273256597483,10.3528115106373,0.00732482309781521,0.507756563245823
"SAR1B",1.84057453571467,0.0704933207505843,12.1610681974297,0.00271802783875361,0.441527446300716
"SARAF",1.25727299680647,0.00425747676056762,6.46760418407619,0.0202617469954971,0.0346062052505967
"SARNP",2.35127420859726,0.367205715523591,12.6849877784801,0.0185063967741557,0.849492840095465
"SARS",3.3930941778586,0.117055834063621,10.1571826050591,0.00209434356381131,0.407368735083532
"SARS2",1.69489766665991,0.380436496822448,13.1608412742605,0.0196690769723698,0.896330548926014
"SART1",3.58227664802351,0.346111986511726,11.6854822096853,0.0161869747045937,0.763723150357995
"SART3",3.35348701481296,0.26708054980037,12.182294423967,0.0146091080546558,0.697046539379475
"SASS6",0.526588186621463,0.198008940488934,18.0233951953406,0.0237791332429141,0.921986873508353
"SAT1",0.640003132473178,0.00143537963104382,7.79562470733825,0.0172029327293462,0.0951670644391408
"SAT2",2.31412338098772,0.117107290795406,12.9130185521947,0.00817022404273646,0.545644391408115
"SATB1",0.3622542593116,0.0137291732531396,17.0338650215078,0.0105766284245774,0.612619331742243
"SAV1",0.506016260050476,0.121626456152507,19.1502644171687,0.0231315493668851,0.878579952267303
"SAYSD1",1.49812843887399,0.237565336285495,15.3295384614264,0.0195788891151907,0.828908114558473
"SBDS",2.23008513126559,0.0652385222751003,11.289306452181,2.56958324221929e-05,0.389319809069212
"SBF1",1.44085257750049,0.251055770532237,15.2879616839045,0.0199859386235101,0.844421241050119
"SBF2",0.627927486226409,0.234689112125759,17.1382223419604,0.0231991572553548,0.923776849642005
"SBNO1",3.24909067155203,0.147395969525543,11.2761069447925,0.0067306239201309,0.503430787589499
"SBNO2",0.781975491464535,0.12966987338496,17.9714815588934,0.0207013487732981,0.826670644391408
"SC5D",0.567839745910105,0.0917548377060745,18.8960085627485,0.0209814893479119,0.824134844868735
"SCAF1",2.56883586044043,0.275849836888015,13.3053882746344,0.0169824643444416,0.767899761336515
"SCAF11",2.67172219877869,0.0732206164073247,9.7548752872003,0.00278988662331204,0.324134844868735
"SCAF4",2.82897795917175,0.151105781460621,12.4517254879034,0.00939710855187092,0.567124105011933
"SCAF8",3.43395235574545,0.38948921068696,11.4650406866496,0.0168722267027049,0.804295942720764
"SCAMP1",1.34478284102934,0.152951634160815,16.0812837992059,0.0175081412814849,0.757905727923628
"SCAMP2",2.05237078716205,0.0718537395553558,11.5104554965501,0.00125781884761971,0.410352028639618
"SCAMP3",4.82852069077979,0.1939203422795,9.42940339026261,0.0060623604796639,0.470167064439141
"SCAMP4",3.11035263206413,0.388696596859482,11.7737123505933,0.0173626757627237,0.821748210023866
"SCAND1",2.91379617740026,0.0865955080373298,9.90617667044585,0.00112993113256611,0.35173031026253
"SCAP",2.61424355139416,0.231953656709638,13.2714311551279,0.0153033196710146,0.712112171837709
"SCAPER",1.19011420195497,0.26387194287619,15.6068430171528,0.021036999952756,0.878729116945107
"SCARB1",0.281750261017591,0.123511375605615,20.0817983628319,0.0254927305736234,0.93123508353222
"SCARB2",0.617664078952734,0.0794664300997764,18.5956615613124,0.0195040545918201,0.791020286396181
"SCCPDH",1.00004013529685,0.181840278447165,17.0151091897742,0.020899759710675,0.845614558472554
"SCFD1",3.3714890739686,0.300916418579578,12.1110143090443,0.015641369404235,0.733591885441527
"SCLT1",1.07124211276801,0.201370771854141,16.6069654220589,0.0208371494872314,0.849940334128878
"SCML1",0.336206267812584,0.0583993478078136,20.2384757138463,0.022577367540819,0.84964200477327
"SCNM1",8.55834211208958,0.359477542366212,7.64752281975587,0.0100585071621238,0.550865155131265
"SCO1",3.88773971473057,0.387255325464003,11.1060959169755,0.0162095924346424,0.779683770883055
"SCOC",2.71946463393188,0.209999652967562,13.2706432687589,0.0142357892274837,0.683621718377088
"SCP2",5.83213523322702,0.183160408947847,8.32870281830104,0.00320674883455107,0.402744630071599
"SCPEP1",0.55796629068513,0.0657496215611438,18.7588056384305,0.0190947741493831,0.780578758949881
"SCRIB",0.874875393423333,0.252627778070647,16.3284530025185,0.0221343419622022,0.903639618138425
"SCRN2",2.17091800342461,0.364661310179332,12.9044419524486,0.0188337114380479,0.859188544152745
"SCRN3",2.19523788713005,0.562611015152494,9.62195831514832,0.0169749905945935,0.931980906921241
"SCYL1",2.65761591105245,0.197780540733443,13.1945207095084,0.0135627416709148,0.664976133651551
"SCYL2",5.04809617434216,0.3382242434005,10.345981449407,0.0136715430617246,0.678400954653938
"SCYL3",1.36020865734192,0.325535114398263,14.3721657251531,0.0205414173515364,0.892899761336515
"SDAD1",2.76109273518141,0.195877088896472,13.0373349835122,0.0131296543834691,0.654236276849642
"SDC1",0.0967167076603675,0.00419687744010789,20.7952467789192,0.0207183138423866,0.802804295942721
"SDC4",0.29041777440007,0.0102359705597663,17.7277631035155,0.01226163358987,0.644838902147971
"SDCBP",1.43514604788768,0.0241753039194284,9.94608982493648,0.00792522293135769,0.253579952267303
"SDCCAG8",0.920957680183578,0.0931834022200502,17.3683431756603,0.0171995050644023,0.744630071599045
"SDE2",1.71826352018175,0.198788957897079,15.1608660907915,0.0176522929542503,0.769242243436754
"SDF2",9.11466400583954,0.303550332067549,6.38752909293965,0.00662503124171789,0.438394988066826
"SDF2L1",0.304523953914087,0.0107361411606606,17.0681937750308,0.0104253644081515,0.609934367541766
"SDF4",1.96021535984613,0.0368556346088337,9.26529265269623,0.00808268340880505,0.240900954653938
"SDHA",2.20423792917484,0.101114668294542,12.4047799017559,0.00587654337183278,0.498060859188544
"SDHAF1",2.69645034055546,0.328812411466604,12.7931333025414,0.0176491206905834,0.805340095465394
"SDHAF2",2.687594339292,0.362461520270047,12.3706523650568,0.0178628332007178,0.825029832935561
"SDHAF3",0.794979067706187,0.186624737682351,17.488118357222,0.0221510844108433,0.877535799522673
"SDHB",13.2405802443068,0.400538410857636,5.67308889254785,0.00813927715543681,0.469122911694511
"SDHC",7.04012789433345,0.226245970187313,7.65231795031948,0.00464080295479773,0.41945107398568
"SDHD",5.80914075985346,0.257183274135945,9.25602666773199,0.00893366718391279,0.532667064439141
"SDR39U1",3.34928596825013,0.279112468842725,12.1809112279007,0.015042192784186,0.711366348448687
"SEC11A",4.77170403043994,0.0732385555337826,6.11890527364716,0.0108570351869634,0.151252983293556
"SEC11C",0.661179313046398,0.00998737981153431,11.5206293261841,0.00543081396996789,0.31041169451074
"SEC13",3.68085786215762,0.102389562768231,9.16457861544677,0.00133460051600904,0.338305489260143
"SEC14L1",1.02904322998608,0.0379083606418051,13.9245946263495,0.00417837744166099,0.483741050119332
"SEC16A",2.12902503165718,0.24152991008263,14.1490191617508,0.0173736795863755,0.770435560859189
"SEC22B",3.1916421972829,0.244181435433477,12.3800784566752,0.0140877426921038,0.680041766109785
"SEC22C",2.77281356049572,0.252021683015562,13.0252456581635,0.0156220640166882,0.723747016706444
"SEC23A",1.86451414957436,0.188832717015884,14.8269440888059,0.0165079751416385,0.738812649164678
"SEC23B",3.06176157112937,0.223096751634742,12.5898241941171,0.0135502729991216,0.664976133651551
"SEC23IP",3.25989340584201,0.359317126622458,11.9056183488017,0.0169078913590234,0.792661097852029
"SEC24A",1.02866146249091,0.0921255111511021,16.6795065351501,0.0154587306763043,0.707040572792363
"SEC24B",3.45045757995169,0.329205774472302,11.8672311188019,0.016083973868952,0.754325775656325
"SEC24C",3.47721588432167,0.296542169522621,11.9046284997959,0.01519315570322,0.717929594272076
"SEC24D",0.691155141464812,0.0862110458049628,18.2026153936268,0.018913256510596,0.779534606205251
"SEC31A",3.02574073571682,0.121762557766835,11.3044644675697,0.00491768676451224,0.470614558472554
"SEC61A1",1.94035922553829,0.0659109530617073,11.7699576300055,0.00131139085904533,0.414677804295943
"SEC61B",1.72110304862213,0.010924781132633,6.58618155635037,0.0187118732326271,0.0566825775656325
"SEC61G",2.74257988447615,0.0289289788449965,6.61337216718776,0.0156994602553867,0.0962112171837709
"SEC62",3.61654084415094,0.0699856699994873,7.46889923227484,0.00835875990879915,0.207786396181384
"SEC63",2.50708903892314,0.137416725229667,13.0169368298642,0.00973567025792959,0.577863961813842
"SECISBP2",2.89772056676407,0.191470356833596,12.7078472807699,0.0122550338304659,0.631861575178998
"SECISBP2L",1.91305006762827,0.112102928281091,13.7035802008312,0.0096823639287028,0.579653937947494
"SEH1L",1.51515157984435,0.150995042289583,15.886019489607,0.0168747848566349,0.744182577565632
"SEL1L",0.802559308789392,0.0545531309383135,16.4300629356033,0.0122460768558808,0.64096062052506
"SEL1L3",0.142546828611198,0.019654019135345,21.3275916657495,0.0232718004597079,0.853967780429594
"SEMA4A",0.360098885000454,0.078770246191023,20.0900435869265,0.0233283572544476,0.870077565632458
"SEMA4B",0.160213526275048,0.037338833116411,21.5986492282475,0.0250903007213847,0.893645584725537
"SENP2",1.36006630903684,0.225903730042606,15.7273109742076,0.0199468506984897,0.835023866348449
"SENP5",1.94967549596107,0.189322425678901,14.7251309682611,0.0162813919797855,0.733741050119332
"SENP6",3.13752020468621,0.177759469122987,12.1674232916673,0.0103985401771594,0.5868138424821
"SENP7",1.22100821793426,0.2214404506235,16.0136804030089,0.0203934896664922,0.844868735083532
"SEPHS1",0.713109115048597,0.157206756405758,18.0310331651353,0.0221345741896466,0.867094272076372
"SEPSECS",0.807882731630385,0.3459547714672,14.6776113313608,0.0216932531941444,0.940035799522673
"SEPT1",0.614973235621356,0.0264394984797678,15.8883520504333,0.00846786794563788,0.570405727923628
"SEPT10",0.35058589701156,0.0740380975123787,20.1880736553881,0.0233226226437455,0.86873508353222
"SEPT11",0.558014919702533,0.0590084021951889,18.5671581004076,0.0181675451395158,0.760889021479714
"SEPT2",3.37248186634138,0.0798188795518085,8.57831505539989,0.00480958370415283,0.276551312649165
"SEPT6",0.713931975728792,0.0172128083950089,13.4970001203243,0.000930711096883773,0.428251789976134
"SEPT7",2.93310135017035,0.0527561274177621,7.94302645432119,0.00933211640912373,0.202565632458234
"SEPT9",1.23824104772606,0.0431711852482111,13.238056634097,0.00286231415833185,0.455847255369928
"SERBP1",4.38724940236064,0.0428989867668316,5.52507524671213,0.016000280538774,0.0750298329355609
"SERF2",4.67380905001095,0.0142739783841896,4.96744836950864,0.0211544697267927,0.00581742243436754
"SERGEF",4.03989854832745,0.587709044417003,8.89138703287504,0.0153261477915512,0.890214797136038
"SERINC1",3.42283206131196,0.0932993224146975,8.87110912884611,0.0027832670778832,0.310710023866348
"SERINC2",0.149003975911521,0.0237223197747523,21.49102251179,0.0239825725544453,0.868585918854415
"SERINC3",3.12222599856448,0.0896683716702201,9.54559346098614,0.00165197376495331,0.338454653937947
"SERINC5",0.76825999076428,0.0734085537814118,17.6043635927296,0.0165880930528347,0.72986276849642
"SERP1",2.35309342122651,0.0177617432375459,6.14010044201975,0.0186334388483014,0.050417661097852
"SERPINB1",0.391684096133377,0.00932475219986958,15.3950331326696,0.00549311922864019,0.517303102625298
"SERPINB6",0.331102500077243,0.0853473263431641,20.2768921510093,0.0241514238263007,0.889170644391408
"SERPINB9",0.217303754967167,0.00721790794183607,18.1903894473566,0.0133585046059028,0.665423627684964
"SERPINE2",0.0574328243540086,0.00577837718826909,22.3330214073587,0.0253201927298014,0.889021479713604
"SERPINF1",0.0468424543277247,0.0035912200147549,22.4498607709624,0.0255297767176845,0.892303102625298
"SERPING1",0.0490304382487164,0.00440737159091863,22.475106630765,0.0256530797355338,0.894838902147971
"SERPINH1",0.206293236287118,0.00423481115121357,17.5572487084904,0.0112695227345635,0.626491646778043
"SERTAD1",0.835538504787665,0.0268826312218292,14.0438835739201,0.00343287456888254,0.472852028639618
"SERTAD2",0.74942871587458,0.0775103330661224,17.8800426866758,0.0175434339211091,0.750149164677804
"SERTAD3",0.928043207503751,0.111388197424081,17.4094013138308,0.018379733400523,0.771927207637232
"SESN1",0.322438492370051,0.0652355360578246,20.2723452557205,0.0230725303403719,0.8611276849642
"SESN2",0.707497128409685,0.107369378709565,18.2957326683302,0.0203293855937775,0.81354415274463
"SESN3",0.220084952805841,0.0112652724715124,18.9499868997706,0.015873907860664,0.712708830548926
"SESTD1",0.354209931801468,0.0737403427661773,20.1709416588228,0.0232605080186726,0.867392601431981
"SET",3.50573190134736,0.0648587315606522,7.96738500070385,0.00783560613181437,0.224492840095465
"SETD1A",1.22199789312273,0.319178017900778,14.6572182839864,0.0209043385640115,0.900656324582339
"SETD1B",1.08194127004337,0.169352909739258,16.7897781775301,0.0198862939971983,0.817273269689737
"SETD2",1.68927244493576,0.0920573219866058,13.9107532371293,0.00871522071523462,0.5625
"SETD3",8.02097892257224,0.519609439684154,8.5337986051044,0.0133151215602759,0.743138424821002
"SETD4",2.3409659591352,0.401801058040515,12.2538163338337,0.0185187490565508,0.869480906921241
"SETD5",3.14272162967644,0.163520554428773,12.0203684816711,0.00924600617510246,0.561157517899761
"SETD7",0.478716135939538,0.0966100124862015,19.3539095688727,0.0223983090007507,0.855310262529833
"SETD9",1.99442558727013,0.405190319069037,12.473757526882,0.0190172169430713,0.888723150357995
"SETDB1",3.30619448942737,0.429220376831456,11.1535017178481,0.0171545957336043,0.835918854415274
"SETDB2",0.775630481840003,0.154085377463825,17.8411880833072,0.0215635390650961,0.85277446300716
"SETX",1.33388783341292,0.119421046164417,15.9060595852731,0.0152632504085698,0.703758949880668
"SF1",5.66679071899429,0.0820686663827623,5.29937372112712,0.0114470654299402,0.128579952267303
"SF3A1",3.63107612821928,0.122363416374432,9.72915930385115,0.001634237110716,0.393645584725537
"SF3A2",117.841203606271,0.784539683492488,35.4328944598614,0.006172366638988,0.319510739856802
"SF3A3",5.11924958080371,0.215842190503878,9.46626354264376,0.00733931286467148,0.497464200477327
"SF3B1",4.9278419506206,0.108744247852632,7.02367974611699,0.00517006052270041,0.245375894988067
"SF3B2",6.4289668991437,0.109268531166425,5.2074504011548,0.00860663206923991,0.164379474940334
"SF3B3",2.19237203118613,0.150251428959305,13.8023900454537,0.0122959868181197,0.635441527446301
"SF3B4",7.51361347154866,0.161644357287025,5.8137369016867,0.00276941518462302,0.260441527446301
"SF3B5",5.80022075458072,0.125622499494679,6.64457833812407,0.00433570614800856,0.251640811455847
"SF3B6",8.17581018108523,0.121207208663211,4.39136651347114,0.00882342011174004,0.147822195704057
"SFI1",0.745340713297338,0.132378016484847,18.0780459794912,0.0210936605360147,0.836068019093079
"SFMBT1",1.0514733463531,0.242021485842148,16.1595161057452,0.0214198411096901,0.879922434367542
"SFPQ",3.51861833865692,0.047078331830515,6.78188200355476,0.0127149960497354,0.138424821002387
"SFR1",0.567590854445824,0.273195760727975,16.5077340022727,0.0231677886703317,0.942124105011933
"SFSWAP",3.80556432166926,0.253195140370874,11.6470364500517,0.0130225818199795,0.651551312649165
"SFT2D1",1.81306753627883,0.10441145252696,14.1179463167039,0.0100566785191913,0.590095465393795
"SFT2D2",1.95902225901585,0.132948653087542,14.1401675224958,0.0120142130154758,0.630071599045346
"SFXN1",1.08460678609865,0.0615229325572307,15.3598917154211,0.00997110405002471,0.594421241050119
"SFXN3",0.788434928585615,0.139835852118517,17.8679398427033,0.0209665021937446,0.835023866348449
"SFXN4",1.36381828949018,0.316499545201001,14.5504183148825,0.0205934057372131,0.890363961813842
"SFXN5",NA,1,NA,NA,0.944063245823389
"SGCB",0.622833919428891,0.0864461734100728,18.6323448371605,0.0200048932793722,0.802655131264916
"SGF29",1.91345465444483,0.180349726010118,14.6698972301014,0.0157830217554489,0.719719570405728
"SGK1",0.181686538237073,0.00605588243240867,18.9224058675444,0.0153860268731978,0.70346062052506
"SGMS1",1.0839361788467,0.100057555768079,16.7425449778695,0.0160755992580183,0.721062052505967
"SGPL1",0.833783875316347,0.176536707893678,17.4784671777655,0.021718714198586,0.863514319809069
"SGSH",0.513427128948376,0.194291342893964,18.1013469652327,0.0238190766811073,0.921241050119332
"SGSM3",2.67145365780034,0.42233419944024,11.6661237824472,0.0179603652029945,0.860978520286396
"SGTA",7.15734577717685,0.371758260496063,8.91641260617661,0.0120505964693656,0.629624105011933
"SH2B1",7.31667477486256,0.58330370700036,8.44164596972323,0.0134769462621024,0.807428400954654
"SH2B3",0.126077692212834,0.0371527145411227,21.996802518935,0.0261888839850336,0.914976133651551
"SH3BGRL",3.31024954258382,0.0723914688961989,8.65444631442114,0.00544086062016793,0.269242243436754
"SH3BGRL3",1.55296033649426,0.00510354958888495,6.71942581388827,0.0193011090698857,0.0522076372315036
"SH3BP2",0.828092989532139,0.118977056095809,17.8625705887387,0.0198788389390267,0.80623508353222
"SH3BP5",0.558324308400057,0.0390364857737226,17.7149534428487,0.0144927617844681,0.686754176610978
"SH3BP5L",1.69760533418523,0.33990733520036,13.7293441622122,0.0197380185492446,0.875149164677804
"SH3GL1",1.72710588535944,0.23019231459124,15.0169137233924,0.0186341877913726,0.802058472553699
"SH3GLB1",4.53195705357977,0.12957997560777,8.43137865279746,0.00046441818351823,0.340542959427208
"SH3KBP1",1.04575952595256,0.0346788253991511,13.4956819903268,0.00271908166069939,0.456145584725537
"SH3PXD2A",0.461954084345064,0.0842061879543275,19.485262987971,0.0220613186850287,0.845167064439141
"SHARPIN",5.35928056426719,0.366259599862253,10.0214148310612,0.0138996322520033,0.691079952267303
"SHC1",1.565523549146,0.108972207230076,15.038621310002,0.0125433912938788,0.64409307875895
"SHISA4",0.245885632791372,0.0898741701489763,20.7286317082766,0.0255428322198983,0.919749403341289
"SHISA5",1.70974933304393,0.0795365628265311,13.3128333708565,0.00629141464516124,0.5138723150358
"SHKBP1",2.4049966013665,0.154098418937983,13.2786012304234,0.0114033801159734,0.613663484486873
"SHMT1",0.38443730887223,0.155414091581125,19.1796490935987,0.0247069577745183,0.926312649164678
"SHMT2",1.53456109942975,0.0638851694820722,13.6431994850787,0.00575364391730177,0.508054892601432
"SHOC2",2.88070445818086,0.144261032601972,11.9950184293914,0.00804181389202742,0.535501193317422
"SHPRH",0.923342922405352,0.168316873998662,17.2763017044546,0.0209182700211951,0.841736276849642
"SHQ1",4.78439652779698,0.551009818298391,9.1965144212079,0.0152593055127794,0.852923627684964
"SHTN1",0.317055930876359,0.09596811565603,20.2790645597121,0.0246909695026185,0.903937947494033
"SIAH1",1.27700167930317,0.140407027914796,16.4063113001221,0.0175553912955667,0.757905727923628
"SIAH2",0.616974932128638,0.0646722928920117,18.2631354498642,0.0177389386705517,0.752684964200477
"SIDT2",1.06450629988642,0.298563205419227,15.2321053041287,0.0214084805845621,0.905131264916468
"SIGIRR",2.16386505887383,0.157229586065323,13.8031133062521,0.0127448766849202,0.644988066825776
"SIGMAR1",0.918570750138239,0.130865018734798,17.5431345947277,0.0197267070568015,0.805340095465394
"SIK2",1.60490131769903,0.260901041934593,14.9279697625908,0.0195927924060488,0.837410501193317
"SIK3",1.09196634498033,0.182963724964271,16.7007152407703,0.0202819390102412,0.83054892601432
"SIKE1",2.60412720623318,0.215422805622499,13.4323216836836,0.0148314442256513,0.699134844868735
"SIL1",0.601041022204891,0.111929135610944,18.7635637670028,0.0217166604137825,0.844719570405728
"SIN3A",2.83905166190198,0.290787322120542,12.8934940487207,0.0166888929201089,0.763573985680191
"SIN3B",1.77991837460538,0.284194989248373,14.3882381522907,0.0193177380809829,0.838156324582339
"SIPA1",0.825872378685377,0.280152685701692,15.9248113877122,0.0222170753951698,0.919003579952267
"SIPA1L1",0.61983985512587,0.050375256693494,17.7232866375969,0.015347685746922,0.703609785202864
"SIRPA",0.117598245338027,0.0372983288502992,22.1002800046832,0.0264852220718497,0.920793556085919
"SIRT1",0.737061085205199,0.153621950761508,17.9967291401793,0.0218921858094052,0.860381861575179
"SIRT2",4.50130670813733,0.244382564523478,10.4912106658718,0.0106376746794726,0.582488066825776
"SIRT3",5.92237615838814,0.762705426000046,6.75551417283399,0.0111178396023475,0.925268496420048
"SIRT5",0.886162700185849,0.347928928558647,14.5551225014458,0.0215026113166051,0.93541169451074
"SIRT6",6.40241536338862,0.43863730483893,9.23702503126538,0.0139817420598829,0.718973747016706
"SIRT7",2.6106780243318,0.159799831546674,12.6995717403363,0.0105627251861258,0.591885441527446
"SIVA1",1.72527543438292,0.0521486531730597,11.5327884686692,0.000624713095324272,0.381414081145585
"SKA2",0.896699217960901,0.0867056802073937,17.27562766568,0.0165887612158341,0.73090692124105
"SKAP2",0.712374663544941,0.138745243632294,18.2122736819069,0.0217032006185216,0.85173031026253
"SKI",0.808915646843152,0.107052711238276,17.7851855091487,0.0190746745092561,0.78609785202864
"SKIL",0.93290977595991,0.049639956591226,15.6524720773495,0.00977843048746792,0.592482100238663
"SKIV2L",2.28904984036947,0.33417285838028,13.1011482736915,0.0184408266315377,0.831145584725537
"SKP1",5.75632329320002,0.0435026343395747,4.41805366173285,0.0180263009580934,0.031772076372315
"SKP2",1.35235790847879,0.316007697996194,14.5690068522002,0.0206183036944823,0.890811455847255
"SLAIN2",1.2174350695229,0.0706762710968945,15.1950530601206,0.0102473875986174,0.598896181384248
"SLBP",1.65597396993261,0.0449042454157475,11.2443986266846,0.00211761995522557,0.355161097852029
"SLC10A3",1.45302905903577,0.135543404018838,15.7037284943019,0.0157134745101624,0.714797136038186
"SLC11A2",0.970782129827713,0.190022047120432,16.987225077783,0.0211913431910244,0.855161097852029
"SLC12A6",0.698169286128856,0.15798664872374,18.0548990555676,0.0222293531816293,0.869480906921241
"SLC12A7",0.164523477296164,0.0337191478587397,21.4860464492068,0.0245680434213246,0.882458233890215
"SLC12A9",2.42249712068527,0.474503145801169,11.0624715378122,0.0179229730501486,0.895733890214797
"SLC15A4",0.195696090438905,0.0498877651191844,21.2787774456192,0.0249194229974258,0.893943914081146
"SLC16A1",0.666659618407332,0.0795076644551383,18.288705995599,0.0187251735943724,0.774761336515513
"SLC16A3",0.39041740565938,0.0228222069417399,17.9951485043387,0.0140424325128746,0.678102625298329
"SLC16A7",0.280414371066262,0.117062496652383,20.1766853219917,0.0254382420478219,0.927505966587112
"SLC17A5",1.0618951490039,0.272481860422788,15.6638695133622,0.0214517053318926,0.893794749403341
"SLC18B1",0.421878304833169,0.147192501420424,19.1751081927765,0.0243492741896417,0.914826968973747
"SLC1A4",0.348829740115684,0.0102018662172327,16.4190596589213,0.00850815257944006,0.573985680190931
"SLC1A5",0.488613098157409,0.0344232275637212,17.9758859281556,0.0148701734980411,0.694063245823389
"SLC20A1",0.684870634178626,0.0344626321267989,16.1649861943112,0.00991371052281541,0.597255369928401
"SLC20A2",0.202452498229645,0.0154127773912573,20.0232237165644,0.0192540331073436,0.776998806682578
"SLC22A18",0.494515812757931,0.184589028104955,18.3301812192232,0.0239485270222762,0.920346062052506
"SLC23A2",0.651558308366843,0.196359954209634,17.7120891990891,0.0230377186952957,0.902893794749403
"SLC25A1",3.65736782234303,0.294285491239794,11.8680617108661,0.0149329020899357,0.711664677804296
"SLC25A11",3.62618865703264,0.294985277207942,11.9018518362313,0.0150180557641833,0.714349642004773
"SLC25A13",1.03209167689599,0.269283679270292,15.787790157935,0.0215818091365096,0.89618138424821
"SLC25A14",1.77206947184327,0.360112843777295,13.3789626916665,0.01958860124401,0.881563245823389
"SLC25A16",9.6154922068231,0.768049850896046,7.78300633140104,0.00925666226356228,0.886038186157518
"SLC25A17",3.54457265782454,0.383285624833451,11.5106898762535,0.0167275340989432,0.797881861575179
"SLC25A19",0.510468355053404,0.0756434727953265,19.1325073685992,0.0206726556869698,0.814439140811456
"SLC25A22",1.32693659230375,0.320123754980853,14.5065979868138,0.0206407799865506,0.893198090692124
"SLC25A24",2.70046861669541,0.218928766655803,13.2883359016619,0.0146907530741841,0.695853221957041
"SLC25A25",0.44537660967861,0.0712668276145408,19.548115862762,0.0214950670833177,0.83054892601432
"SLC25A26",6.02225476792385,0.482151106299436,9.31923014439388,0.014608880235513,0.770435560859189
"SLC25A3",5.84436547240874,0.040297554907406,4.61511771221673,0.0179854557653614,0.037291169451074
"SLC25A30",0.638161344811807,0.275152755627815,16.3361296362253,0.0228878571280386,0.935262529832936
"SLC25A33",1.32004239006125,0.12298356264293,16.1766309142563,0.016062438718216,0.722404534606205
"SLC25A36",1.15430274025672,0.0735660705471295,15.7499297479133,0.0118473432639301,0.632010739856802
"SLC25A37",0.362741714080678,0.0284344205403749,19.0255483740181,0.0173362490082941,0.741795942720764
"SLC25A38",1.13658518760878,0.0828926478717236,15.8033210298014,0.0126946940189309,0.64826968973747
"SLC25A39",3.04491159425186,0.132898642136208,11.6770637901955,0.00651052300507119,0.504027446300716
"SLC25A4",0.410921279035742,0.0692593303792302,19.7275112771142,0.0218551517019593,0.837410501193317
"SLC25A40",1.37156984570205,0.273129121220769,15.1644162891966,0.0204683953478723,0.866646778042959
"SLC25A43",1.08691151998842,0.258319399590185,15.8837763241555,0.021400517843957,0.886485680190931
"SLC25A44",3.05204688552433,0.339939481066816,12.2642429030217,0.017044226396525,0.789528639618138
"SLC25A46",2.4929949747352,0.220451036264024,13.5857987012056,0.0153823909065902,0.713752983293556
"SLC25A5",2.29119027046834,0.0157091482349161,6.66427927813501,0.0175828230873207,0.0736873508353222
"SLC25A51",13.2961963547352,0.778300083558641,8.83829081700181,0.00742916536134713,0.85381861575179
"SLC25A53",1.13534585154522,0.324442763869353,14.6828000905586,0.0211011462103988,0.909457040572792
"SLC25A6",3.34566888671662,0.0208579552050905,5.83418753865457,0.0185982966043231,0.0481801909307876
"SLC26A11",1.1910826213031,0.421809031087405,12.7847794680252,0.0200505858714381,0.935262529832936
"SLC26A2",0.17751529349611,0.0516771361118139,21.4560933216666,0.0255002047899155,0.906026252983294
"SLC27A3",0.550459590430137,0.221615104550317,17.536984962266,0.0235921131037396,0.927804295942721
"SLC27A5",0.850679475033274,0.320080063049051,15.1660606641778,0.0218904294922003,0.93123508353222
"SLC29A1",0.285836703258613,0.0688718441018445,20.5838462124147,0.024090980014622,0.882905727923628
"SLC2A11",0.665597293140215,0.302885476613348,15.7420066782335,0.0225423982213512,0.940483293556086
"SLC2A13",0.547149499437657,0.242502670588275,17.1497052215132,0.0234959355001234,0.935262529832936
"SLC2A3",0.324602959154699,0.0079036579961733,16.0247191385603,0.00716715097940338,0.549075178997613
"SLC2A4RG",1.72407914296829,0.44520152161958,11.9917370384586,0.0190490193736913,0.916766109785203
"SLC2A8",0.571428330428622,0.120259082721071,18.8171004347952,0.0222735560168383,0.85903937947494
"SLC30A1",0.627826676105919,0.0945228306586826,18.6267089227907,0.0204514825045794,0.81354415274463
"SLC30A5",4.16828068711286,0.262544351147204,11.13351594298,0.0125049861536083,0.636038186157518
"SLC30A6",2.46780025757041,0.347695256940622,12.7886572244826,0.0182062584027995,0.830101431980907
"SLC30A7",2.86556623581171,0.271876081296575,12.8493436784142,0.0160217003907142,0.738663484486873
"SLC30A9",4.45282403829165,0.388277083144246,10.7514111929863,0.0155258591141816,0.757607398568019
"SLC31A1",0.678323716036305,0.13078642478253,18.4334072315722,0.0218347766316817,0.852625298329356
"SLC33A1",1.91365856500063,0.244561502111158,14.5194482307788,0.0182134295049293,0.794152744630072
"SLC35A1",1.76449597785288,0.564384285140645,9.66576006237343,0.0172762345249862,0.944510739856802
"SLC35A2",2.06966514888985,0.239278984706766,14.3484501575328,0.0176364695879789,0.777744630071599
"SLC35A3",1.90975418702697,0.302236568587956,14.0112644247398,0.0191512353400709,0.840542959427208
"SLC35A4",3.36761501126834,0.354248022716914,11.9392680668147,0.0167518215462835,0.786992840095465
"SLC35A5",2.14140821311366,0.337889966896492,13.3037749129021,0.0188474621485147,0.846807875894988
"SLC35B1",2.90217122196534,0.191044672776035,12.6886989768312,0.0121971069287417,0.630369928400955
"SLC35B2",1.41133100819687,0.189850756862324,15.9249650550276,0.0188724373268033,0.798031026252983
"SLC35B3",1.54867553601398,0.227319822001577,15.3609283838397,0.0192360830303093,0.816974940334129
"SLC35B4",1.12386949400774,0.299665993904393,15.130375784725,0.0212399050093092,0.900805489260143
"SLC35C1",2.59666922643012,0.458143827361704,11.1864594901102,0.0178560082811026,0.880369928400955
"SLC35C2",3.83558604893981,0.384904400294284,11.247306584245,0.0163169490915832,0.784009546539379
"SLC35D1",1.07035547873831,0.275064890883754,15.6184946617846,0.0214377396284647,0.894689737470167
"SLC35E1",1.66385842599608,0.316080096902949,14.1446177488049,0.0198243235835614,0.866646778042959
"SLC35E2B",1.37675451101279,0.232213487409508,15.5820996955022,0.0199119751981898,0.83576968973747
"SLC35E3",0.70645276965376,0.157870571521663,18.0537540945909,0.0222134185889335,0.869182577565632
"SLC35F5",1.65212961216911,0.194213048109919,15.3116821110065,0.017772140607299,0.771330548926014
"SLC35F6",1.25726101355123,0.358083349329368,13.9413154795967,0.0206077027056377,0.913036992840095
"SLC36A4",1.54236169367825,0.21278447626562,15.5054874346604,0.0189483027305624,0.805638424821002
"SLC37A1",0.455586655488635,0.158171129044549,18.855682726126,0.0240817884868279,0.912738663484487
"SLC37A3",1.55817065430374,0.225647683648658,15.3542225992949,0.0191584104390527,0.814439140811456
"SLC37A4",0.832838168539021,0.332044606846366,14.9396929084779,0.0218019130841337,0.935262529832936
"SLC38A10",1.36640984616663,0.13845390069588,15.8923373286798,0.01633473586295,0.72881861575179
"SLC38A2",0.94394334155453,0.0142274248985431,10.9031953189168,0.00661291794647519,0.285650357995227
"SLC38A6",0.619433105693516,0.274294556466836,16.3897762652479,0.0229666413726037,0.937052505966587
"SLC38A7",0.618911188188866,0.287484773967168,16.1286005558079,0.0228475761273345,0.940781622911695
"SLC38A9",2.58693686186677,0.435867107261227,11.523483505793,0.018006463977712,0.870972553699284
"SLC39A1",2.69203214522235,0.144184172737475,12.735661883738,0.00954470843772913,0.572344868735084
"SLC39A10",0.419003179967941,0.0663786892364321,19.6353368444637,0.021447813237911,0.82846062052506
"SLC39A11",1.13124450300231,0.395211975233643,13.3644172346576,0.0204796949103822,0.931980906921241
"SLC39A13",0.762297230729965,0.136595960981841,18.0312717955681,0.0211783428377127,0.839200477326969
"SLC39A14",0.235823928114358,0.012248235358051,19.0643112208519,0.0162677894297371,0.720316229116945
"SLC39A3",0.860740608394338,0.355784441333624,14.4226482996879,0.0214653621581762,0.938991646778043
"SLC39A6",1.2291922583262,0.0614891516658052,14.7824846819832,0.00846573550901221,0.563991646778043
"SLC39A7",1.86358410871313,0.0974109240546081,13.8241031811887,0.00884704045249635,0.565184964200477
"SLC39A8",0.298994166612666,0.0276272408223324,19.4985351330207,0.0186201653304098,0.766258949880668
"SLC39A9",3.18927629207981,0.369883306222583,11.8887006877612,0.0171280292633722,0.804743436754177
"SLC3A2",1.78524909594552,0.0157223566559614,7.52637558914043,0.015456287331848,0.114707637231504
"SLC41A2",0.23393319371983,0.0537067664173624,20.9535876102756,0.0242481458334265,0.881712410501193
"SLC41A3",3.26181941063438,0.375651948337106,11.8037467210719,0.0170829958548257,0.806384248210024
"SLC43A3",0.391232516024594,0.052189455651727,19.6563968366335,0.0206482957976796,0.809665871121718
"SLC44A1",0.383957275149222,0.0453631418929837,19.5417034753729,0.0199083323444571,0.793854415274463
"SLC44A2",0.841574666925212,0.10228005364627,17.6278087509852,0.0184154737375392,0.77118138424821
"SLC4A1AP",4.27793523853174,0.327699261562196,11.079233214544,0.0146224098154707,0.70763723150358
"SLC4A2",2.24594378463492,0.280460110682887,13.7389128090169,0.0179568441654321,0.797434367541766
"SLC4A7",0.671743262115998,0.0547330953649606,17.4711009541935,0.0149925312164791,0.696449880668258
"SLC50A1",0.837940871741587,0.1081637831084,17.7451314571622,0.0190212553865399,0.785352028639618
"SLC52A2",2.64942071659905,0.133684380623278,12.428037365418,0.00824038586277797,0.543257756563246
"SLC5A3",1.04131091862995,0.0372820146550861,13.614349375924,0.00330051742011832,0.466437947494033
"SLC5A6",1.40502431747387,0.219204767251365,15.7218522917278,0.0196644562240164,0.825775656324582
"SLC7A5",0.715020835157201,0.0155563572198949,13.0168536752541,0.000586108881979922,0.399910501193317
"SLC7A6",0.707681768859049,0.0926590787666183,18.111578848527,0.0190742019538374,0.783711217183771
"SLC7A6OS",2.42823826004274,0.286412005921681,13.3820750207241,0.0175162150614394,0.785799522673031
"SLC8B1",0.384973659099983,0.0708612595716752,19.9110762375851,0.0224279289290731,0.849492840095465
"SLC9A3R1",0.887324146545499,0.0260116117659145,13.4282378452735,0.00166667781837383,0.438842482100239
"SLC9A6",0.848815615197734,0.256763276628073,16.2947830083672,0.0222116070047061,0.907517899761337
"SLCO3A1",0.306896050044043,0.065246284346273,20.4564612467305,0.0235515077540738,0.870972553699284
"SLF1",0.564541923338423,0.0961843218136668,18.9184366446604,0.0212806734193666,0.831443914081146
"SLF2",2.01698070505491,0.315845922857041,13.6705438682256,0.0189466833705322,0.839498806682578
"SLFN5",0.386921717673142,0.0241448225013017,18.0718935544341,0.0143665948696962,0.684218377088305
"SLIRP",3.36972142823779,0.0940834125129038,9.60624263824207,0.00114638997529307,0.348001193317422
"SLK",0.528859384037708,0.0576765902059041,18.7842756215129,0.0186524862089401,0.770584725536993
"SLMAP",2.02750111880621,0.131168724403548,14.049423615046,0.0116661836021176,0.622762529832936
"SLTM",3.5686534477506,0.111246030934727,9.65591737216384,0.000518111743979255,0.374701670644391
"SLU7",5.98080920168174,0.257360433268661,9.01833699778393,0.00856683221546584,0.52118138424821
"SLX4IP",1.22109088643148,0.367809239102466,13.8203567600528,0.0206167771943066,0.91945107398568
"SMAD2",2.95237613682579,0.176324568629095,12.6281827699432,0.0112211493404054,0.608144391408115
"SMAD3",0.532205416254941,0.0637329180442793,18.8472107830305,0.0192078582612908,0.782517899761337
"SMAD4",3.65868621001761,0.42995892911092,10.9945801535343,0.0167784207826839,0.824284009546539
"SMAD5",0.64954977558474,0.101485149653579,18.5826977738982,0.0207144167941375,0.820704057279236
"SMAP1",3.6574465952184,0.169032412801997,10.9817094422711,0.00751124994045765,0.516258949880668
"SMAP2",0.549251924297753,0.0322353384994883,17.0973611176715,0.0122918957859453,0.643794749403341
"SMARCA2",1.01545508693006,0.0847959996049209,16.5435562038686,0.0146524838042702,0.689737470167064
"SMARCA4",1.54829069702924,0.121575629405626,15.4777383991838,0.0143243083983285,0.683770883054893
"SMARCA5",3.41282272514306,0.120124743588213,10.3091281468465,0.0026523491121831,0.419003579952267
"SMARCAD1",1.8392178600272,0.247173868825758,14.6091919870335,0.0184998907844919,0.802505966587112
"SMARCAL1",2.15447133935466,0.442190251265678,11.7245371158204,0.0185119956907139,0.89409307875895
"SMARCB1",4.64939367893766,0.180177612735817,9.68993530630566,0.00562853579105333,0.465692124105012
"SMARCC1",2.56713643845379,0.14029251463824,12.9312771941449,0.00973026706298737,0.577267303102625
"SMARCC2",2.24191120276556,0.143579246485942,13.3904224439366,0.0110475345668897,0.60590692124105
"SMARCD1",3.25547741471312,0.300962276023121,12.3169087630944,0.0159664665330748,0.744331742243437
"SMARCD2",2.03202377619993,0.372661144982192,12.9284271348632,0.0190777283873364,0.871569212410501
"SMARCE1",3.38465574580372,0.132355144381698,10.690311399583,0.00441542052166941,0.454355608591885
"SMC1A",1.47215722049603,0.0985442204340354,15.2267469089952,0.0122868704341473,0.639468973747017
"SMC2",0.413546173507244,0.0473604371778615,19.3813592756842,0.0195966472381459,0.788036992840095
"SMC3",2.02754076209956,0.0917418431637784,12.9746262825512,0.00641905668576094,0.513723150357995
"SMC4",0.542970587345796,0.0208563522419822,15.9391731978417,0.00810909562101089,0.56458830548926
"SMC5",1.50684126159849,0.101058137090683,15.0605014794879,0.0120745523732618,0.634397374701671
"SMC6",0.895302684134573,0.120478177361767,17.5786938729207,0.0192821568516168,0.793257756563246
"SMCHD1",1.09349277919799,0.0369819876173219,13.2684456613026,0.00234934005592461,0.447792362768496
"SMCO4",0.468774180750081,0.050814455237621,18.96421977142,0.0187000410436461,0.770584725536993
"SMDT1",3.26587271144135,0.0973323241293855,9.94284078508286,9.94300712801287e-05,0.369182577565632
"SMG1",2.14190952552013,0.0676361602572573,11.3930794165651,0.000536151530711768,0.398120525059666
"SMG5",2.3233520385871,0.211867678480318,13.9334792460585,0.0156876058029313,0.721062052505967
"SMG6",1.48307988336761,0.299505841301266,14.6084596802111,0.0202291289717625,0.870972553699284
"SMG7",6.58984590192868,0.441949962584249,9.20217311485986,0.0138790334969957,0.718227923627685
"SMG9",1.78371190010155,0.21206733487389,15.0088884664874,0.0178890976240822,0.778192124105012
"SMIM10L1",2.28665672294845,0.189007129603241,13.8711127882002,0.0145307423544237,0.689140811455847
"SMIM12",3.90384744300727,0.161402906291358,10.3614504474411,0.00578579602066816,0.475835322195704
"SMIM13",0.698605675235214,0.155619785946729,18.1496878575212,0.0223185612184888,0.871121718377088
"SMIM14",0.318558068641896,0.0364359278497743,19.7958441609834,0.0200349185129346,0.794898568019093
"SMIM15",7.23884982526903,0.331654155788093,8.60862827194276,0.0105683124311422,0.574731503579952
"SMIM19",1.94247829113567,0.182172375170783,14.7762431900762,0.0160338070230351,0.727028639618138
"SMIM20",2.04010856050448,0.268526364132967,14.2114935988123,0.0184175499426954,0.807577565632458
"SMIM3",0.376880984443999,0.0157049622322035,17.2963869257055,0.0114872001154219,0.629773269689737
"SMIM4",2.26140975643304,0.334454311067018,13.2326880645257,0.0186030765536872,0.83785799522673
"SMIM7",5.91443094943006,0.373443986942248,9.58491912819198,0.0133646082358424,0.673478520286396
"SMIM8",1.08953957952312,0.361066114052694,14.068809506164,0.0209279618222865,0.925119331742243
"SMNDC1",4.3558436296321,0.166422075230711,9.9536039247655,0.00523407789449714,0.461515513126492
"SMOX",0.221372539305999,0.0196782354676128,20.0827425068492,0.0197196736510107,0.786396181384248
"SMPD1",0.99509776926635,0.142165070264826,17.1727801035569,0.0194563133835554,0.801163484486873
"SMS",0.893550133888426,0.023904555592991,13.4935944462683,0.00161262872112327,0.438991646778043
"SMU1",3.42895768542672,0.191324952694264,11.7718950960067,0.010360011843848,0.58368138424821
"SMUG1",6.08552275932179,0.702703419688853,7.4706778192609,0.0123442594873042,0.897673031026253
"SMURF1",0.829371617628999,0.269512642903979,16.1311796543754,0.0222813549361715,0.915721957040573
"SMURF2",1.17737572522013,0.239437257312755,15.9411257783663,0.0208845766256682,0.864558472553699
"SMYD2",1.71241587912409,0.257936980181326,14.8253327420319,0.0192592335312101,0.827565632458234
"SMYD3",0.952156573786196,0.188534884511077,17.0461353629965,0.0212605408133561,0.856354415274463
"SMYD4",0.829714240616184,0.261641378063924,16.2595568993771,0.022292477622358,0.91214200477327
"SNAP23",0.799018777065802,0.0294837258562262,14.5323006736852,0.00502527388125978,0.502834128878282
"SNAP29",4.77249834995183,0.328142812008713,10.52057603408,0.0137427414615397,0.677953460620525
"SNAP47",1.13926340821207,0.159265824880817,16.6726260358799,0.0191522726469985,0.79758353221957
"SNAPC1",0.894764982241825,0.140811294697039,17.5635794653354,0.0202827860296931,0.819958233890215
"SNAPC2",3.63616290788241,0.363465243175001,11.5697319936419,0.0163811697858111,0.777297136038186
"SNAPC3",2.22083534452943,0.323353674364673,13.3768411437607,0.0185835548915659,0.832040572792363
"SNAPC5",1.91240204648642,0.299747682523993,13.9733534347177,0.0190492431822443,0.83576968973747
"SNAPIN",4.44835731953818,0.252407545502001,10.7473607759809,0.0113803729721113,0.604116945107399
"SND1",3.30445377067899,0.156817321093309,11.4845817991489,0.00774918114769929,0.525805489260143
"SNF8",3.10503549381251,0.245264706860572,12.6163503646139,0.0145243896975386,0.693168257756563
"SNHG12",1.30093664974136,0.0503473830385649,13.5422546732271,0.0043260832873719,0.482696897374702
"SNHG15",0.793509982263629,0.0258652601800698,14.4502801640922,0.00443836938922921,0.492840095465394
"SNHG19",0.662193140451901,0.192181654907145,17.7811279893401,0.0230125769222548,0.900805489260143
"SNHG7",1.19465165911603,0.0611803724802609,14.9764141698152,0.00893441975987476,0.573687350835322
"SNHG8",1.56243290928214,0.032979715302489,10.9927922163592,0.00410840467688045,0.323090692124105
"SNHG9",1.34515977112951,0.181410766584946,16.0526861499743,0.0188025965079538,0.794003579952267
"SNN",0.251809450145936,0.0781395000039161,20.7857199048072,0.0251067443823938,0.906622911694511
"SNRK",1.23071116018827,0.16430725379723,16.3908303181447,0.0187633095569763,0.789379474940334
"SNRNP200",2.33200840614074,0.114967359246196,12.4853568685581,0.00711145349637615,0.521330548926014
"SNRNP25",0.70365906611867,0.082207246201478,18.1802753042766,0.0186017492524658,0.772673031026253
"SNRNP27",3.15090302980434,0.190644573904447,12.1838112546498,0.0111742367626714,0.604116945107399
"SNRNP35",1.51416392300908,0.155463412084182,15.5436837011728,0.0164526138093964,0.733144391408115
"SNRNP40",4.42656258783632,0.204174052343431,10.314038313947,0.00824931866530219,0.525805489260143
"SNRNP48",2.48594283337515,0.233767644714299,13.6710982542746,0.0160686780957453,0.734486873508353
"SNRNP70",5.66817252605893,0.163525668734173,8.11925290640109,0.00147267656575315,0.369033412887828
"SNRPA",3.18230333422014,0.114383799973883,10.9621595472599,0.00355350053731427,0.443317422434368
"SNRPA1",2.93891364256767,0.15324310220496,12.3733440312999,0.00932773827185367,0.56563245823389
"SNRPB",3.63892229650145,0.0438572579769677,6.6222489318545,0.0134827604749366,0.126193317422434
"SNRPB2",118.09195907878,0.782201561054938,34.1751714271037,0.00431955947793936,0.300566825775656
"SNRPC",5.11580959770956,0.138806390427792,8.14224650323908,0.000342466797214409,0.33890214797136
"SNRPD1",3.99135791139421,0.0861284104538838,8.19107866095767,0.00504207626070721,0.26804892601432
"SNRPD2",7.06095871522991,0.0624036007811621,4.16212532990347,0.0158397455518079,0.0553400954653938
"SNRPD3",5.75280940359679,0.11226169016935,6.3034048018982,0.00625767066563844,0.217780429594272
"SNRPE",3.37867648845897,0.0805075853778095,9.0543155913984,0.00370036567695983,0.301163484486874
"SNRPF",4.14919557671091,0.0865877450689812,7.96547456175395,0.0054838398629183,0.258054892601432
"SNRPG",3.22925028835245,0.0386489555682852,6.65667204966276,0.014160328692538,0.117243436754177
"SNRPN",1.01321864368347,0.067159369659626,15.7929105145587,0.011539490404977,0.625447494033413
"SNTB2",0.485550646401116,0.163679399590482,18.6836742214789,0.023911370782497,0.910948687350835
"SNU13",6.62426177569409,0.0892512688085751,4.86141058111625,0.0114108484440593,0.122165871121718
"SNUPN",1.30033373813003,0.250587435554414,15.5752011288639,0.0205310029241042,0.859337708830549
"SNW1",6.07272204360326,0.231112387374995,8.71765016605151,0.00673268253991128,0.476879474940334
"SNX1",4.91872279277004,0.211341966377367,9.51466091794837,0.00724566721170481,0.495226730310263
"SNX10",0.367164595169919,0.0812484768578068,20.0855737176581,0.0234415567086919,0.873210023866348
"SNX11",0.819982500924008,0.136378625666174,17.782640644021,0.020594951558448,0.825775656324582
"SNX12",6.26507958429333,0.515789872373984,9.08072772692259,0.0144462583977981,0.789081145584726
"SNX13",2.92027758749706,0.315547659757685,12.6542664407803,0.0170074888836024,0.780727923627685
"SNX14",1.56051753378281,0.235168006379158,15.1989700577947,0.0192426967992156,0.818914081145585
"SNX16",0.760298863343093,0.159976233501831,17.882097181292,0.0219065877458459,0.862768496420048
"SNX17",3.15218653230997,0.14058559517215,11.2153457703715,0.00616093122478646,0.491646778042959
"SNX18",0.706826225378438,0.129387375480342,18.2528836014909,0.0213581430425917,0.841288782816229
"SNX19",1.9537202309754,0.367194070619886,13.0536533551258,0.0192015665086015,0.872165871121718
"SNX2",2.18627075793247,0.150619021525173,13.7825001380976,0.0122856197728219,0.634994033412888
"SNX27",2.61841642870233,0.361468406051429,12.4999260053434,0.0180221330371768,0.830698090692124
"SNX3",2.51737647177202,0.0357835326899159,7.72862142994229,0.0120331497616376,0.162887828162291
"SNX4",4.08439026733884,0.383653558457905,11.0703729579681,0.0159683403579361,0.771479713603819
"SNX5",2.91512116493259,0.150994617204522,12.2604366997329,0.00898397058129614,0.55727923627685
"SNX6",6.02616718247487,0.178369317494735,7.54972650983773,0.00160745808121064,0.360829355608592
"SNX8",0.237190883040943,0.0752466807806113,20.9129187400968,0.0252900221804332,0.909457040572792
"SNX9",0.750172150055346,0.0191297373986422,13.5893335631374,0.00138896164221311,0.436306682577566
"SOAT1",0.611909706847566,0.09168027544568,18.6456781944085,0.0203498868122561,0.810710023866348
"SOCS1",0.269177485620193,0.0150554606709836,18.6679936934743,0.015354279310736,0.703013126491647
"SOCS3",0.255632647815495,0.0134804067267894,18.7856695279346,0.0155654955451424,0.707040572792363
"SOCS4",2.88966654866684,0.340705664155771,12.4550243292488,0.0173830052143983,0.801163484486873
"SOCS6",0.339335467655986,0.067412806434241,20.2652889018246,0.0231599561891057,0.863663484486873
"SOD1",1.44752071008351,0.00791605201120282,6.75278465450644,0.0188235756065002,0.0578758949880668
"SON",3.3370488362446,0.0354850250610592,6.02357455594261,0.0160931593705322,0.0809964200477327
"SORBS3",0.476469249861272,0.0678269483747592,19.3545852374241,0.0207807688242935,0.815334128878282
"SORL1",0.250358434614456,0.0400369509865798,20.6016924892441,0.0224909084271013,0.843526252983294
"SOS1",0.762354578235186,0.124523867215982,18.0138883250843,0.020555031948098,0.822046539379475
"SOS2",0.857891507562215,0.182380418349424,17.3668188605535,0.0217089788657429,0.865304295942721
"SOX4",0.2942098649141,0.00269696183166144,14.7302649730422,0.00290454924257355,0.470614558472554
"SP1",1.37696401018132,0.205220376509945,15.9069062952187,0.0194860722091606,0.817273269689737
"SP100",1.11424172450571,0.0485909059417435,14.1852383760772,0.00585906333808259,0.513723150357995
"SP110",0.637258056801323,0.134480397652815,18.4630813866105,0.0221100832419285,0.859486873508353
"SP140L",0.566111308348298,0.0845330202746659,18.8133201412934,0.0203759072385764,0.809815035799523
"SP2",2.72682281800641,0.364817090620624,12.3736027840746,0.0178638209270227,0.827267303102625
"SP3",2.45825546861036,0.159429206023679,13.2464853930909,0.0116398146767957,0.618884248210024
"SPAG16",0.669426063977143,0.209279223039786,17.4900468235961,0.0230327811359224,0.908263723150358
"SPAG7",6.50712826316616,0.322654286056354,9.08457531801357,0.0110998473913841,0.592183770883055
"SPAG9",1.04576701591998,0.0400001283320483,14.3058034123643,0.00537082139302415,0.507010739856802
"SPAST",1.65596298342662,0.258980708922448,14.8402359185636,0.0193663291984758,0.830250596658711
"SPATA13",0.642898471135169,0.102562253958788,18.5210721519925,0.0206396981270457,0.819063245823389
"SPATA2",3.11176505852789,0.427449476567994,11.3288913148374,0.0174071040972177,0.844719570405728
"SPATA20",1.19533494093743,0.285293242658081,15.2469827816907,0.0210330521298753,0.887828162291169
"SPATA2L",1.48693599583793,0.347851945820569,13.8625078539347,0.0201870916150561,0.893794749403341
"SPATA33",1.72200777112139,0.320784478878047,14.0097387799918,0.0197012042507172,0.865155131264916
"SPATA5L1",2.31272946449103,0.397569541060046,12.3235099993048,0.0185639101320465,0.868287589498807
"SPATC1L",0.950089129844958,0.244733746905763,16.3369543509399,0.0218676763954913,0.893198090692124
"SPATS2",0.532661392807396,0.0776028138397955,19.0659541965924,0.020606111745834,0.81354415274463
"SPATS2L",0.548193630176426,0.0314274301392973,17.1565090286532,0.0123824748044961,0.645733890214797
"SPCS1",2.22590578690783,0.0398815194175554,8.60775448979322,0.0093467514823348,0.213007159904535
"SPCS2",2.83511866680794,0.0530338471049814,7.98463087424945,0.00920431281484407,0.204653937947494
"SPCS3",1.02995713730404,0.0381467902972894,13.6909618035332,0.00359284727943032,0.471807875894988
"SPDL1",0.353218332016783,0.119594657681826,19.8213931912908,0.0246776911277681,0.911843675417661
"SPEN",1.75016660574073,0.0799448042164174,13.5540708096516,0.00686381766646501,0.526700477326969
"SPG11",1.37590930718461,0.198698845731555,15.8793956043648,0.0191886826857698,0.807577565632458
"SPG21",3.82650484588441,0.171010503913121,10.8332967872253,0.00729989065091606,0.511038186157518
"SPG7",3.42608766890596,0.225184050259384,11.9005145022133,0.0123711945579114,0.63230906921241
"SPHK1",0.151896312316398,0.0085887693769291,20.1614083841773,0.0191738340727495,0.774612171837709
"SPHK2",1.64019040840039,0.326986273838383,13.9962058826912,0.0198737253506097,0.873060859188544
"SPIDR",2.04071290661266,0.261065676936536,14.2435098984227,0.0182375342645233,0.799970167064439
"SPIN1",1.61146710450313,0.171885847896605,15.5040202167003,0.0171250802050896,0.75208830548926
"SPIN2B",1.05004507695207,0.389191220290981,13.5557988416173,0.0206923288423094,0.935113365155131
"SPNS1",3.26927582941441,0.19102503312936,11.9697855315788,0.0107682747471262,0.593675417661098
"SPON2",0.0750170747999573,0.001889107265916,20.7903158016868,0.0205508095592922,0.799224343675418
"SPOP",3.65433529227975,0.205731562036148,11.548743535777,0.0106777870182464,0.58994630071599
"SPOPL",1.33355098540753,0.294621210029858,14.9182877319295,0.0206632967690272,0.881712410501193
"SPPL2A",3.26075610183255,0.134880191924168,10.8867050234138,0.00504642353928676,0.467631264916468
"SPPL2B",1.503848366937,0.43746473978154,12.2596456390612,0.0194151408010066,0.923926014319809
"SPPL3",0.824640466346904,0.142944337014282,17.792502744554,0.0209196842567875,0.835023866348449
"SPR",0.37618600029747,0.139896360562777,19.44002858704,0.0246657355106407,0.919152744630072
"SPRED2",0.184124920038063,0.0606358549236213,21.3853830596622,0.0257868955361626,0.914677804295943
"SPRTN",2.09462056525442,0.282794047868365,13.9233139093664,0.0183939845924111,0.810710023866348
"SPRY1",0.0634952490012955,0.0161767380357593,22.7251735644277,0.0270724488415414,0.925119331742243
"SPRYD3",1.85327152017517,0.296047694846531,14.1286854693181,0.019207475117227,0.839349642004773
"SPRYD4",0.916648118426912,0.316123380768656,15.1303642861775,0.0217245930791578,0.923776849642005
"SPRYD7",3.05063103794051,0.520284200468763,10.1118868763008,0.0168698564374439,0.89200477326969
"SPSB1",0.312052977170923,0.0531448987201084,20.3412821015683,0.022552572786345,0.847852028639618
"SPSB3",3.07810105144723,0.0881209271640504,9.40845647346656,0.00209324118191169,0.329355608591885
"SPTAN1",1.10717550494675,0.0286926856480353,12.0101428498512,0.00187580966048849,0.368436754176611
"SPTBN1",0.499711385965391,0.0374787219607852,18.0738958263363,0.0153646752579428,0.703758949880668
"SPTLC1",3.46537150671192,0.249928064410534,12.1194275302596,0.013762369980433,0.672434367541766
"SPTLC2",1.1147404636589,0.125913399979347,16.823525578817,0.0177706201462226,0.760590692124105
"SPTSSA",0.48619979355398,0.019786635964066,16.5059347283207,0.00960113099669803,0.593377088305489
"SPTY2D1",1.53920196580799,0.106541205918113,14.935179811459,0.0121677682794272,0.635590692124105
"SQLE",0.51419470864,0.0462727644517124,18.442090542023,0.0169864629844697,0.7361276849642
"SQSTM1",1.12307468182537,0.00458579911517087,6.90859700255437,0.0190374952451891,0.0574284009546539
"SRA1",2.96529180636827,0.159929510150583,12.353441796847,0.0097154958283188,0.573389021479714
"SRBD1",0.555624799136731,0.272893773264853,16.5242296742694,0.0231988011303152,0.94272076372315
"SRD5A1",0.374963677910812,0.039472532904629,19.4397436995758,0.0192442248369044,0.779982100238663
"SRD5A3",0.579919372015645,0.133446158037513,18.7488706236161,0.0227242378642156,0.873210023866348
"SREBF1",0.433830462147036,0.105559015442304,19.5796159736627,0.0234107683094696,0.879624105011933
"SREBF2",2.04364088454878,0.222516132706379,14.4256639409315,0.0171466725355529,0.760739856801909
"SREK1",3.03126153177875,0.136460683884328,11.684063584411,0.00679966546754945,0.509248210023866
"SREK1IP1",3.46971782813445,0.176969267502947,11.5301710367737,0.00906582683258221,0.553550119331742
"SRF",0.509003726380653,0.0882555920969562,19.2789096461988,0.0217459176889917,0.839647971360382
"SRFBP1",1.22796249478397,0.139507200856493,16.5058074497112,0.0177526268325776,0.762082338902148
"SRGAP2",1.23847730523437,0.36362945215251,13.8647361133066,0.0206054050203373,0.91631861575179
"SRGN",0.480451849060314,0.00112065731996603,11.9898333784585,0.00522303697146517,0.320107398568019
"SRI",1.67109026059839,0.0635464325703435,12.7257279245321,0.00345391098437524,0.460173031026253
"SRM",0.649556415873699,0.0900483226505017,18.5452614663687,0.0199851406324252,0.802953460620525
"SRP14",5.90455307193837,0.031470173724927,4.38089603829776,0.0196584159763248,0.0135739856801909
"SRP19",2.26466824515287,0.236444841024782,13.9883515798899,0.0168302718831636,0.755071599045346
"SRP54",3.84912316785968,0.211752307615913,11.2079648508808,0.0103680360499781,0.580250596658711
"SRP68",4.14422042042682,0.217160039353747,10.9033761094006,0.0100261187505636,0.570853221957041
"SRP72",4.17424853231739,0.191321053153324,10.6915848512883,0.00818665622964179,0.528639618138425
"SRP9",4.16857994639624,0.0669035270871424,6.86511482923367,0.0100330227434594,0.175715990453461
"SRPK1",0.864209841794144,0.0435725918542805,15.6579006883481,0.00929762374557697,0.583830548926014
"SRPK2",1.50091535876554,0.0960312625168216,14.7186486391678,0.010949582886635,0.609934367541766
"SRPRA",2.62417916762052,0.0969587448572656,11.0418738362174,0.00240400944294232,0.423329355608592
"SRPRB",1.41654622310741,0.0689164869925797,14.1430474951752,0.00746302600936243,0.541467780429594
"SRRM1",3.57781374528156,0.0675435057637094,7.92378666067686,0.00762724323610879,0.226581145584726
"SRRM2",4.16736712012648,0.0985476001520875,8.19586786273559,0.00377963369990478,0.286247016706444
"SRRT",1.8447270811492,0.0699611160165483,12.5294454009513,0.00353254599256305,0.459576372315036
"SRSF1",3.98636353747199,0.124048541470891,9.56196868752058,0.0013362084704863,0.387529832935561
"SRSF10",4.37992326686776,0.0802633186865612,6.97750455926122,0.00825526937143017,0.201521479713604
"SRSF11",5.18636440446859,0.0711509021676277,5.69548554254298,0.0119554789413619,0.129773269689737
"SRSF2",2.57908283076048,0.0265845594473193,6.76005440481894,0.0156989279638583,0.0987470167064439
"SRSF3",2.6356831747329,0.0279354422541884,7.12181172636287,0.0145813930251751,0.119928400954654
"SRSF4",5.04533763963322,0.121493259921448,7.46744021682462,0.00310621813429024,0.284009546539379
"SRSF5",2.03327239328119,0.0538095323783858,10.5309578297774,0.00295735778573657,0.332935560859189
"SRSF6",2.26535870156771,0.116053894288168,12.9480404390988,0.00819002643085219,0.546091885441527
"SRSF7",1.55011256018104,0.0133716992031759,7.30185215603131,0.0164723274963006,0.0971062052505967
"SRSF8",1.01545602107831,0.076447501398643,16.1888463016762,0.0132109421774823,0.659457040572792
"SRSF9",4.61612486866836,0.145799799581617,8.81017208257782,0.001579903247975,0.380071599045346
"SS18",3.21543858813099,0.230525930371245,12.3542296735723,0.0134328597380984,0.661843675417661
"SS18L2",2.57703966071744,0.0889504973549165,10.917641005593,0.00140573299656805,0.405578758949881
"SSB",2.59100583881589,0.109334870442645,11.9496910495497,0.00541358056347144,0.486127684964201
"SSBP1",5.43444127145665,0.128716170051245,7.31666541953552,0.00278308280952702,0.286843675417661
"SSBP2",0.519909623320252,0.0808443941339307,19.091627206063,0.0208706621626121,0.819510739856802
"SSBP3",0.736585782209891,0.18641143195161,17.6424419999381,0.0224858108372631,0.885590692124105
"SSBP4",0.940186842935452,0.267341142689097,15.9735374222619,0.0218948991227398,0.903937947494033
"SSH1",0.509419552983088,0.0621469653314817,18.8845730566336,0.0192189326775118,0.782368735083532
"SSH2",1.94972243578054,0.155058409111658,14.446304930643,0.0139843719445688,0.675119331742243
"SSNA1",3.04046541347092,0.0937985766587041,10.0100462878107,0.00023232789739135,0.367392601431981
"SSPN",0.107536795127077,0.037094846182285,22.2181742153323,0.026803138792643,0.926909307875895
"SSR1",2.93143031923614,0.10009742200843,10.7399319881923,0.00193818262290374,0.412589498806683
"SSR2",6.54875317897552,0.0743711957565863,4.38294955857611,0.0140617099965064,0.0790572792362769
"SSR3",1.40056573546659,0.0259140124311579,9.85557040795523,0.00794511913537335,0.251491646778043
"SSR4",0.785148265297751,0.0043161060900089,7.00317677921793,0.0189568367022301,0.0589200477326969
"SSRP1",2.97525110227784,0.138287093107517,12.1191228200355,0.00779284719352167,0.533114558472554
"SSSCA1",1.27933206606399,0.138118906925135,16.3045673555378,0.0172247706113571,0.749701670644391
"SSU72",3.11908295663472,0.0831637183773985,9.55871468353765,0.00227972389192315,0.329653937947494
"ST13",4.74794148737183,0.0486247030443131,5.3576932131736,0.0155462357778248,0.0778639618138425
"ST3GAL1",0.562869816559962,0.0533509257745276,18.3541886319289,0.0172290525435632,0.741497613365155
"ST3GAL2",0.971977050711391,0.338178912677123,14.635114730136,0.0213950042263966,0.926163484486873
"ST6GAL1",0.148756732221347,0.026924532819761,21.5084465902725,0.0242314399359994,0.874105011933174
"ST6GALNAC4",0.268538731896857,0.0360619938410972,20.2693512130211,0.0213270852259067,0.819958233890215
"ST7",0.673371624310512,0.164677808582085,18.0970740219011,0.0226037015727106,0.880668257756563
"ST7L",2.25808418447453,0.354193418533565,13.0045896671827,0.0187015128845248,0.850387828162291
"STAG1",1.72059094154138,0.130796633159942,14.8929427039963,0.0135679856024459,0.666020286396181
"STAG2",3.31100279431734,0.136779211688111,10.990135141293,0.0053666213830844,0.475089498806683
"STAM",0.712635777520622,0.0347975735571298,15.8021398876272,0.00896459181105611,0.57846062052506
"STAM2",3.25517971825355,0.50670435974354,10.2054825896727,0.0168246273188223,0.87813245823389
"STAMBP",1.81572859556119,0.165492781765624,14.893539889244,0.0155050749202966,0.711963007159905
"STAP2",0.328686569531966,0.0447132375793457,20.1391720392504,0.0214864386232939,0.825029832935561
"STARD10",0.955120448960856,0.22734545481315,16.558160384146,0.0217236961565764,0.882010739856802
"STARD3",5.0235465762923,0.289872220915544,10.0404306980557,0.0117707536029662,0.6111276849642
"STARD3NL",1.70887205792396,0.137174506314544,15.0375599764212,0.0142625386881581,0.681980906921241
"STARD4",0.32957150724731,0.103061866622411,20.107212960522,0.0246109080124486,0.904534606205251
"STARD7",1.14093610698584,0.0353219910723083,12.8206246946305,0.000989996936429441,0.421688544152745
"STAT1",0.596514640641462,0.0517153021363449,17.9527868923406,0.0160551589011796,0.717780429594272
"STAT2",1.13776747545167,0.135798851194072,16.6442231071896,0.0179184356303617,0.764767303102625
"STAT3",1.29190404064243,0.0252874490706552,10.4480900697501,0.00645279531310711,0.281175417661098
"STAT5B",0.587603936775388,0.0541837298395216,18.0367045925584,0.0164575059901065,0.725835322195704
"STAT6",1.17423977171023,0.120272266228883,16.5395143252939,0.0167945559938267,0.738066825775656
"STAU1",4.19726314886434,0.135645242576821,9.58023116953023,0.00227516225940775,0.403788782816229
"STAU2",2.11753187882113,0.418745815034704,12.1578099004372,0.0187509206643383,0.887828162291169
"STIM1",0.912915686957468,0.0916343633132246,17.0881157174264,0.0164618108798469,0.728072792362768
"STIM2",1.06984639008463,0.144928961728166,16.9521428700859,0.0190766904549701,0.793108591885442
"STIP1",1.81121478594081,0.0330449960886977,9.7284286013188,0.00737471213854586,0.258204057279236
"STK10",0.801938447956368,0.0552501714056772,16.5781520771836,0.0126770763544165,0.649761336515513
"STK11",1.02882627041526,0.296654017146275,15.3143648689426,0.0215146285270294,0.907219570405728
"STK11IP",11.386355939178,0.85852082919248,8.18818355544507,0.00569343446523713,0.923478520286396
"STK16",1.61178142735566,0.240667998611239,15.1145881147572,0.0192454289574637,0.821151551312649
"STK17A",1.20842467959052,0.0257416391949833,11.3085418707601,0.00410178755484538,0.326968973747017
"STK17B",0.67997572027794,0.0156276410129625,13.4258177802712,0.000563432047442379,0.421837708830549
"STK19",2.20549053059714,0.269533799927563,13.8839165655943,0.0178621928431758,0.791467780429594
"STK24",1.74363945670013,0.165652587298394,15.062643192571,0.0158863051981205,0.721062052505967
"STK25",2.93016990379192,0.252079762440087,12.8754360876892,0.0152891683878401,0.715244630071599
"STK3",0.731229181522513,0.113448427967936,18.3032838343942,0.020645471505842,0.822046539379475
"STK32C",1.78706880248057,0.523170673523443,10.4879295902681,0.0179322802173874,0.935262529832936
"STK38",1.61418593806043,0.10486764424711,14.5346542683269,0.011124317590194,0.612619331742243
"STK38L",0.659408717244226,0.0620939127876057,18.0395094489899,0.016968489979536,0.737022673031026
"STK4",0.842247769850006,0.0133401212642471,11.3358582273703,0.00552766770816602,0.306831742243437
"STK40",1.34432851936712,0.142729550927847,16.1700597703573,0.017146139736488,0.748657517899761
"STMN1",0.367987719871446,0.00398990879946023,13.8356257439553,0.00045457031470976,0.424373508353222
"STOM",0.375606004976955,0.0191173549472071,17.6958824386147,0.012906674442212,0.656473747016706
"STOML2",5.10752309186068,0.176706508105508,9.23765228290124,0.00445513166488264,0.438693317422434
"STRADB",0.924112419229311,0.335923307776827,14.7501547634607,0.0215427940102852,0.929594272076372
"STRAP",10.6504286521382,0.188795126532945,3.99817645245251,0.00359831089142145,0.21285799522673
"STRBP",0.489509957672176,0.176612635451056,18.479216446757,0.0239677669285542,0.917511933174224
"STRIP1",1.65324071697331,0.211296851458211,15.183538815737,0.0182636182959503,0.786992840095465
"STRN",1.71361070125391,0.278101161128186,14.5813455627958,0.0194779708590885,0.840692124105012
"STRN3",1.15156567548958,0.230688503334584,16.1310215594356,0.0209435766321382,0.863066825775656
"STRN4",2.17243158697013,0.416700734157328,12.1559478081959,0.0186909103482234,0.884546539379475
"STT3A",2.36527568989117,0.156403265638719,13.4733700496451,0.0119362568551627,0.626491646778043
"STT3B",3.74773643107762,0.278455989410599,11.6140184115546,0.0140276813610934,0.680638424821002
"STUB1",2.26626019415729,0.135086303905319,13.2187604014106,0.0101225641814551,0.58576968973747
"STX10",3.18900488332758,0.229844584581015,12.5427830569292,0.013691827299707,0.670047732696897
"STX12",0.718663754347032,0.041622079001506,16.4811276784332,0.0113547913559519,0.624701670644391
"STX16",1.9980373293693,0.248190434808836,14.3599265171025,0.0180273238647048,0.790125298329356
"STX17",3.37689819404204,0.397923463982382,11.4320569306549,0.016999069517293,0.812947494033413
"STX18",1.72445113404444,0.224827485859919,15.0169461753366,0.0184448308694001,0.795346062052506
"STX2",0.485674522553151,0.218283924712426,17.748122332555,0.0239275011458459,0.934815035799523
"STX3",0.424736664390589,0.0588391499717829,19.6088178976778,0.0209153575121275,0.816378281622912
"STX4",1.62869465045081,0.133469427774607,15.0622792142952,0.0141489991621977,0.678699284009546
"STX5",3.74652257282741,0.190112302715084,11.076061764496,0.008973843276323,0.547434367541766
"STX6",1.57835114274129,0.201101109204746,15.4610079500122,0.0183832449717711,0.7881861575179
"STX7",1.8607800961864,0.160355055030275,14.7082747104774,0.0148465636918546,0.695704057279236
"STX8",2.96380037379342,0.308826606498781,12.6023414673699,0.0167456646828367,0.769988066825776
"STXBP2",0.842350447733198,0.139157617151714,17.6628597123603,0.0204592273140069,0.823239856801909
"STXBP3",2.82506678681979,0.26821421553393,12.9415143820261,0.0160490558802221,0.738961813842482
"STYX",3.83977290308769,0.450232591379361,10.5430437707741,0.0165198876124631,0.823538186157518
"STYXL1",3.03117642943779,0.368498761713429,12.0376130552028,0.0173664631811604,0.812052505966587
"SUB1",4.12901480737952,0.0244738941608326,5.15225179855595,0.0194762826036327,0.0261038186157518
"SUCLA2",3.6116882443027,0.307773280299629,11.9266593939993,0.0154421759371054,0.730459427207637
"SUCLG1",3.99084711630957,0.208936717218942,11.1076217731022,0.00997049270097276,0.571151551312649
"SUCLG2",1.74464401784743,0.24623657773509,14.9146798760664,0.0189997118821801,0.816974940334129
"SUCO",1.02197233487367,0.06242412000823,15.9065081894601,0.0114319541136519,0.624403341288783
"SUDS3",3.95113504320605,0.260843324882211,11.4758908819721,0.0130171346283668,0.651551312649165
"SUGP2",2.88409616415492,0.302777870608632,12.7494641497269,0.0168182241322625,0.770584725536993
"SUGT1",2.72144274370176,0.0753004955141298,10.0419597574719,0.00193236455450845,0.341736276849642
"SULF2",0.129106317375598,0.039820412661476,21.9663834828412,0.0262518739331812,0.917064439140811
"SUMF1",1.82160147441211,0.338222765749934,13.6565376664749,0.0195166296604359,0.867989260143198
"SUMF2",3.56815719778126,0.190156235747323,11.5719594669417,0.00987973936105914,0.571897374701671
"SUMO1",11.3465461564109,0.159386645134383,2.76063612302773,0.00771861458540304,0.129325775656325
"SUMO2",7.26169778226969,0.0386330693720388,3.92069409686613,0.0192534829956577,0.0126789976133652
"SUMO3",2.75256553794414,0.111911830057837,12.004986824616,0.00566169320301392,0.492094272076372
"SUN1",0.618062481005001,0.0597109523449046,18.236762971151,0.0173317491893261,0.744182577565632
"SUN2",0.650761215801602,0.0568131630631898,17.675450011058,0.0156816982741146,0.710322195704057
"SUPT16H",2.72402723774454,0.139312799277216,12.3938449288106,0.0085360258072088,0.548926014319809
"SUPT20H",2.5707302972902,0.19588026624569,13.343329861893,0.0137760650502243,0.670346062052506
"SUPT3H",0.689610473541675,0.111645270596532,18.3240534754874,0.0206383222574929,0.821002386634845
"SUPT4H1",3.24623935644549,0.0785624212316988,8.96061478887742,0.00409034581464386,0.29340692124105
"SUPT5H",3.50171018249857,0.127743431480881,10.1667897472338,0.00298713998822814,0.422434367541766
"SUPT6H",4.17763163011358,0.225566861787443,10.9271928833643,0.0104858116708647,0.582040572792363
"SUPT7L",11.3537604487719,0.527972520321691,7.60817908559213,0.0115721821330843,0.66631861575179
"SUPV3L1",2.82696730167214,0.281196001812071,12.9503205968735,0.0164802844903195,0.754922434367542
"SURF1",2.91948070854287,0.256391319498507,12.8566004164539,0.0154360031682471,0.719719570405728
"SURF2",2.03230044542185,0.173430767813254,14.3307879860235,0.014726819621446,0.693168257756563
"SURF4",1.93442601359756,0.043027143589962,9.88010794174011,0.00578610165015193,0.282368735083532
"SURF6",1.58140615740129,0.216547424901627,15.3753482484567,0.0188414916954955,0.803699284009546
"SUSD6",0.98260675948768,0.107030424473126,17.1144617124183,0.017424534756559,0.750447494033413
"SUZ12",2.03843596718786,0.160432027740022,14.3772707664551,0.0140929181636666,0.678251789976134
"SVBP",2.41433127009084,0.197576354132377,13.7040173132674,0.0145764055929708,0.691079952267303
"SVIL",0.175461223675814,0.00893738507911843,19.7521572207769,0.0180090741796015,0.752834128878282
"SVIP",1.02356700170287,0.0853359343617811,16.4890120464255,0.0145566385116048,0.687649164677804
"SWAP70",0.290959447905992,0.036756274645715,20.1667302237141,0.0210764978435306,0.815334128878282
"SWI5",1.60160955785488,0.255393008985978,15.0292183056671,0.0195807007549807,0.835471360381862
"SWSAP1",11.9239849593644,0.895823508179484,8.44233634486912,0.00399776090234687,0.943317422434368
"SYAP1",0.881994237877192,0.0325497332605571,14.3554479429144,0.00482977163122128,0.498210023866348
"SYF2",118.654342687537,0.772702993441001,32.0070928391161,0.00168154575568751,0.270733890214797
"SYMPK",4.96277073547386,0.41131251033038,10.2275335800563,0.0151447149021685,0.752535799522673
"SYNCRIP",2.69200820728836,0.0869537089440784,11.1189807558881,0.00162068140017873,0.412738663484487
"SYNE1",0.41638926122223,0.0411824011320709,18.9320750271564,0.0179840568321191,0.75522076372315
"SYNE2",0.812706983366283,0.0262876305468096,14.2609737111275,0.00396387923421678,0.483442720763723
"SYNGR1",0.201638411883755,0.0955744112969238,20.8949209100779,0.0262452271642577,0.936605011933174
"SYNGR2",0.753116090531507,0.010354250231027,11.0873026945607,0.00659995476714516,0.2881861575179
"SYNRG",1.78682462255934,0.120403607203845,14.2051894696008,0.0114162579685646,0.616945107398568
"SYPL1",1.21634469922064,0.0523234526840745,14.5138686378412,0.00698888842808606,0.536396181384248
"SYS1",3.04991416476519,0.355800875806277,12.177295107658,0.0172636124583981,0.803699284009546
"SYVN1",1.13005612257073,0.109503221933893,16.4149201861995,0.015908946767165,0.717183770883055
"SZRD1",13.4604841257309,0.341097536256997,4.6728079810565,0.00540394272610438,0.379027446300716
"SZT2",1.26394769547229,0.417256080102885,12.8160993265674,0.019996916297423,0.93019093078759
"TAB1",0.746477340900958,0.330949695876322,15.0625342543859,0.0220179910743338,0.941079952267303
"TAB2",1.04007364540311,0.0655864333521188,15.6381351466288,0.0110174627923169,0.615005966587112
"TAB3",1.41753241568642,0.327125078922954,14.2953027074555,0.0204228137283672,0.890363961813842
"TACC1",1.10555461717818,0.0577280834380532,15.0162722333992,0.00878355161958382,0.570853221957041
"TACC3",0.40743248302799,0.0491065748354078,19.398065901443,0.0197626980542082,0.791467780429594
"TACO1",1.79333504837443,0.249193084446155,14.6803189563296,0.0187106802252498,0.808920047732697
"TADA3",3.33365965206912,0.179165233369526,11.7652761756128,0.00968137269551527,0.568317422434368
"TAF1",1.61455070175084,0.270331314362857,14.7995720545835,0.0196639802174126,0.842780429594272
"TAF10",2.0961876366998,0.222849488896613,14.3812332690624,0.017043725825467,0.758502386634845
"TAF11",3.44773101715089,0.208599761116124,11.9757846271184,0.011624070195515,0.615005966587112
"TAF12",3.06780914068898,0.240583959384001,12.5942594124651,0.0143295918004828,0.686754176610978
"TAF13",1.60871755454199,0.227791007936082,15.3162098046149,0.0191238339227844,0.814737470167064
"TAF15",2.38217064188903,0.096758468975392,11.9910372569257,0.00452821176981233,0.470763723150358
"TAF1B",2.16248336321019,0.247994832916356,14.1674801021806,0.0175949617722323,0.778937947494033
"TAF1C",3.80927075215794,0.548717241669151,9.43735375397147,0.0159627018047935,0.878579952267303
"TAF1D",1.94553894504226,0.0381685138822557,9.68140671988103,0.00686846772047034,0.264468973747017
"TAF2",2.12976441981278,0.241991917565278,14.2409774409148,0.017521448496198,0.77535799522673
"TAF3",2.27471509942565,0.200842964322754,14.0115452114281,0.0153513681238991,0.711217183770883
"TAF5L",1.34632539409142,0.380722704168363,13.4584227875573,0.0202657225955512,0.915871121718377
"TAF6",3.58948757278545,0.313772751721615,11.8237170731016,0.0155233524910079,0.73299522673031
"TAF7",2.30467018649721,0.0745608586077691,11.291916144504,0.000942293068927846,0.403341288782816
"TAF8",2.18464550225373,0.306800571792501,13.6026635930563,0.0185171140396077,0.823389021479714
"TAF9",2.96201480884709,0.150523355518687,12.0840709483869,0.00859904673024216,0.547881861575179
"TAF9B",1.27171438855179,0.257825755586963,15.5576958368823,0.0207300757425059,0.867840095465394
"TAGLN2",1.87218213581731,0.00930931467644719,6.63588750644368,0.0187601719715744,0.0578758949880668
"TALDO1",3.07990272317612,0.071647356061768,9.31265581965623,0.0040219876795156,0.300417661097852
"TANC2",0.461489427502283,0.131338173003222,19.2104808432171,0.023737725067615,0.89513723150358
"TANGO2",7.13317347892667,0.691881259388324,7.70631250382455,0.0120652392540138,0.875596658711217
"TANK",0.852266198799915,0.0197420434610185,12.61317232648,0.00123880073577935,0.385441527446301
"TAOK1",2.59004064730785,0.197086655317501,13.3890119328217,0.0138964543864045,0.673926014319809
"TAOK2",1.65270356381304,0.330067085052876,13.9406773913002,0.0198516294887655,0.87395584725537
"TAOK3",1.09276375636319,0.0725075272927191,15.79803336847,0.0119214173920235,0.633204057279236
"TAP1",1.7764041993455,0.0366978103736534,10.0324110732047,0.00615031959397918,0.279683770883055
"TAP2",0.614860761929538,0.206151955923436,17.6539886389287,0.0232807439674169,0.913036992840095
"TAPBP",3.11182631291073,0.0700947693218187,8.63525890711436,0.00571965876914667,0.264319809069212
"TAPBPL",0.785553881346199,0.13849149499613,17.885307885931,0.0209421471818611,0.834128878281623
"TARBP2",2.83030653279462,0.307223108368753,12.757946537259,0.0169919724043324,0.776849642004773
"TARDBP",1.9055389118799,0.289841749219183,14.1723001337417,0.0190632046072894,0.833233890214797
"TARS",1.75386495333171,0.0802378365893772,13.4142860421171,0.00656502356968326,0.519988066825776
"TARS2",6.23636447238462,0.736597924666876,7.14581317631112,0.0115541959779168,0.910948687350835
"TARSL2",0.747450973890705,0.121873042837518,18.0467502908848,0.0205059245459487,0.820256563245823
"TASP1",1.08339071644241,0.193246832569985,16.7040654036291,0.0206952438329796,0.844122911694511
"TATDN1",3.31154921303594,0.314257506457079,12.3168404804117,0.0162793047643519,0.759099045346062
"TATDN2",0.999976769631057,0.358568364128398,14.2042866616247,0.0211296240437613,0.929892601431981
"TATDN3",1.07896995705486,0.299405468377055,15.1896347843256,0.021355769771146,0.903937947494033
"TAX1BP1",4.6913237677737,0.0916750334416729,6.84500898925214,0.00728421518619046,0.212410501193317
"TAX1BP3",0.947895117949233,0.132011927312715,17.4586750190918,0.019580264250386,0.802356801909308
"TAZ",6.49193674590167,0.496525972421641,9.02613753706199,0.0142783094292045,0.765065632458234
"TBC1D1",1.05693076099697,0.157310341970261,16.9302397143188,0.0196387393719891,0.808621718377088
"TBC1D10A",1.34084142641038,0.126970671897992,15.9382469286539,0.0157842498198911,0.715692124105012
"TBC1D10B",1.4981231424914,0.350314655468253,13.8164120566902,0.0201601264997957,0.894391408114558
"TBC1D12",0.361068262462804,0.168178287372266,19.0265168696984,0.0248759538247115,0.935560859188544
"TBC1D14",2.19637047341825,0.305524266318315,13.554795939516,0.0184230158647454,0.819510739856802
"TBC1D15",2.55196383503218,0.222323240123273,13.5006705766364,0.0152850007593525,0.711515513126492
"TBC1D17",2.82413717194677,0.239526248567782,12.9176887281045,0.0149365469233604,0.702863961813842
"TBC1D20",3.97235225981716,0.355086856902104,11.2246887308711,0.0156577452832949,0.748359188544153
"TBC1D22A",2.60867382481197,0.325886282121599,12.8552821132613,0.0177317176814053,0.805936754176611
"TBC1D23",2.153879579301,0.194629911157756,14.2912389976401,0.0156223548016131,0.717780429594272
"TBC1D25",2.26875237550709,0.34365705923723,13.0427517535464,0.0185668194541421,0.839797136038186
"TBC1D2B",0.452617777721865,0.107159875082122,19.4224386340842,0.0231121243209381,0.873508353221957
"TBC1D4",0.169576548523357,0.0101025272870744,19.928794626531,0.0186098262946816,0.764170644391408
"TBC1D5",1.72412606210703,0.24807639551799,14.8648360630903,0.0190062350188948,0.817124105011933
"TBC1D7",1.98905604957433,0.264379617546944,14.315475211476,0.018483349802823,0.808025059665871
"TBC1D9B",2.89157596401954,0.272218988199032,12.8788219678309,0.0160473733964365,0.740155131264916
"TBCA",5.60434444090738,0.089974356792304,6.06781239848253,0.00903869744779725,0.175865155131265
"TBCB",4.03764249892469,0.1182421909812,9.09913821191742,8.18412795909849e-05,0.357249403341289
"TBCC",1.58064484468322,0.0862881314852141,13.9298845366515,0.00835063781801697,0.555489260143198
"TBCD",0.734675011918907,0.0845543135534099,17.9195130902433,0.0181031310908342,0.762231503579952
"TBK1",2.66257335066219,0.233653825014903,13.2142087707176,0.0152505691074178,0.711068019093079
"TBL1X",0.506303089177622,0.106475981814948,19.1956485289695,0.0225093860834498,0.860381861575179
"TBL1XR1",1.51373390021413,0.132937397765829,15.5207331140743,0.015138464511477,0.701670644391408
"TBL2",0.960874283199278,0.211216921439235,16.7437579303029,0.0215204381842551,0.870525059665871
"TBL3",2.4065425339445,0.366302870149905,12.63005602074,0.0183965176554567,0.845167064439141
"TBP",10.1947476379409,0.568979329514534,8.08138535357178,0.012126526777995,0.733890214797136
"TBPL1",2.55771216822328,0.149008361091372,12.9131563290579,0.010288973045171,0.588156324582339
"TBRG1",4.82025987317117,0.165361533826988,8.56301109216472,0.00265057658559729,0.393645584725537
"TBRG4",3.8913727553864,0.282665792169798,11.6749516597927,0.0141364502803236,0.686903341288783
"TCAF1",0.67786381012073,0.182216258898504,17.8551004311299,0.0227906913960843,0.891408114558473
"TCAIM",3.25063920489345,0.448074894907139,10.9993373581863,0.0172021779690892,0.850387828162291
"TCEA1",4.76025169681902,0.0975041740236156,7.12335458811382,0.00611229701327159,0.234188544152745
"TCEA2",1.00641887250354,0.342171558358309,14.5255623128379,0.0212874973272724,0.925268496420048
"TCEAL1",0.842515738757939,0.305326573027682,15.4434047818856,0.0220180823802725,0.926610978520286
"TCEAL3",0.63100393868293,0.143140677145255,18.4750315495628,0.022523012860782,0.871718377088305
"TCEAL4",0.656293179587655,0.0734508840469049,18.3998420879721,0.0186189911349136,0.772076372315036
"TCEAL8",1.20185629605142,0.128369843791711,16.5018593452639,0.0171575636176255,0.747016706443914
"TCERG1",2.76195983939295,0.142943171685615,12.6756799407955,0.00930273037993188,0.567422434367542
"TCF12",2.89925225853466,0.202996960676359,12.8441023429406,0.0130818926426433,0.653042959427208
"TCF20",2.62764206160132,0.461781477233233,11.1771926956955,0.0178222245104314,0.883353221957041
"TCF25",3.39483502159482,0.0852705999830218,8.65439772477812,0.00406851672985627,0.288335322195704
"TCF3",1.09708634850187,0.253265008848761,15.9239983235075,0.0213208847785412,0.882010739856802
"TCF4",0.0969298618821592,0.00663422454962452,21.2257514090878,0.0221397725785533,0.829803102625298
"TCF7L2",0.340431403712429,0.0767324652319787,20.2489026908062,0.02362724261193,0.875745823389022
"TCHP",1.31634909531433,0.253113336477151,15.5139286643753,0.0204956933752032,0.859337708830549
"TCIRG1",1.02145703173035,0.0834112361508586,16.4118260462883,0.0142416868746596,0.680936754176611
"TCOF1",1.65691405620643,0.16446666539683,15.352683315243,0.0164367820935091,0.734486873508353
"TCP1",2.00518901779005,0.035323396993589,9.46118151758331,0.00777436862725049,0.248806682577566
"TCTA",1.39592832744159,0.318895246572851,14.4703418260873,0.0205091041288509,0.889021479713604
"TCTN1",0.59349548627163,0.200124168849687,17.8168915787911,0.0234048257119845,0.913633651551313
"TCTN3",0.488116715705296,0.0274536154868091,17.1679352982024,0.0121088051312358,0.640513126491647
"TDG",3.42346631740415,0.173947976421249,11.6041124679008,0.00902670302143942,0.553400954653938
"TDP2",2.56600394154884,0.222438464236465,13.3461945641712,0.0150458696129352,0.704206443914081
"TDRD3",0.4374506712099,0.110806340031632,19.4769289552653,0.0234252374548273,0.881414081145585
"TECPR1",1.03718310664549,0.320480060122066,14.8767452673502,0.0213664979508691,0.91527446300716
"TECR",2.57396241157071,0.0563775091684965,9.4151043046472,0.00541407004226248,0.281324582338902
"TEFM",5.35472650525477,0.558697369194009,8.96392998032979,0.0148180410238007,0.840542959427208
"TELO2",2.17812200895638,0.400329301933294,12.3995607838388,0.018763253117238,0.876939140811456
"TERF1",1.58382229787625,0.11752537879333,15.0355499461659,0.0131049092290947,0.655727923627685
"TERF2",0.877535247812386,0.29741331001346,15.544124606315,0.0219775654948876,0.921241050119332
"TERF2IP",2.87861853338885,0.0584535432335366,8.34457642153132,0.00770799393413652,0.231354415274463
"TES",1.0456052200905,0.0416527822993006,14.672136996826,0.00647870045978847,0.528788782816229
"TESK1",1.29878302930204,0.376192450899962,13.5695119036503,0.0203780453882056,0.916467780429594
"TET2",0.77370394802636,0.094082912882781,17.9639821025883,0.0187569944102828,0.777595465393795
"TEX2",0.40148508858804,0.171540624125856,18.8305408352423,0.0245645229953368,0.929594272076372
"TEX261",2.28327871948008,0.52822030482661,10.205244552697,0.0174169785788085,0.918854415274463
"TEX264",3.23311560117066,0.231237840763838,12.3067286100878,0.0133841072314995,0.660352028639618
"TEX30",1.27621866029748,0.155799339852814,16.4215916748065,0.0183722343019176,0.779236276849642
"TFAM",2.69525642397073,0.16596369501594,12.9814030038465,0.0113955120293407,0.613215990453461
"TFB1M",1.31062061491229,0.262644366882502,15.3904129815872,0.020579608449745,0.865304295942721
"TFB2M",0.925162483051645,0.093525554035419,17.2987382871371,0.0170575981077583,0.741497613365155
"TFCP2",1.38145683438731,0.368431379875202,13.6170084029733,0.020275944232394,0.908263723150358
"TFDP1",1.54978853147486,0.188874016884071,15.6648736402321,0.0182455248383692,0.782667064439141
"TFDP2",0.847170214193037,0.0924536333355281,17.6160220366389,0.0177888874112654,0.756861575178998
"TFE3",2.4815738006802,0.214987136831609,13.6935904316615,0.0153170783173023,0.712112171837709
"TFG",2.01812803512171,0.0612678881348582,11.8761093374759,0.00107522659741146,0.4131861575179
"TFIP11",3.6034175546618,0.274156830347371,11.7530710235682,0.014147502449098,0.68332338902148
"TFPI",0.0769296185044463,0.0103803511354102,22.1944231027758,0.0251946424685111,0.887977326968974
"TFPT",2.54679343710248,0.275094212054818,13.2456505049611,0.016904239683976,0.764468973747017
"TFRC",0.396121903307612,0.0131876404432444,16.488408356519,0.00897148497323468,0.582338902147971
"TGDS",2.15927704659105,0.366246810880866,12.876774535283,0.0188401743421594,0.859934367541766
"TGFBI",0.10078686360431,0.00919468086868095,21.4813913296173,0.0230492247645753,0.847404534606205
"TGFBR1",0.310273361618488,0.0687986517380129,20.3884735693175,0.023574383310802,0.872315035799523
"TGFBR2",0.645662248025087,0.0422141684557174,17.0044471469489,0.0128203145830991,0.653490453460621
"TGFBRAP1",1.17147531116432,0.445688741897977,12.325113016929,0.0197542356348092,0.942124105011933
"TGIF1",0.948255413073838,0.0144973309283788,11.1099802751347,0.00600850064261909,0.297136038186158
"TGIF2",1.24104368230183,0.146743574194523,16.3914545362021,0.0178912472906856,0.76596062052506
"TGOLN2",2.92465028649643,0.140471255133268,11.7453598800456,0.00727165315299857,0.51804892601432
"TGS1",1.72120724275193,0.142394694855787,15.026320750436,0.0145425358781058,0.688394988066826
"THADA",0.374878284957689,0.0741413001590128,19.9417516589155,0.0226984413102546,0.855757756563246
"THAP1",2.56767542663686,0.208378436948282,13.4746219712658,0.0146017683696313,0.692571599045346
"THAP11",1.57580756796411,0.19887241092139,15.4395831586501,0.0182581037649853,0.784307875894988
"THAP2",0.434670989715981,0.0344176058526033,18.366561494544,0.0159571245437516,0.715095465393795
"THAP3",2.82789292286598,0.31701687229881,12.6237302477938,0.0170938456382252,0.782219570405728
"THAP4",4.12107480995353,0.295793861969228,11.2070452497625,0.0138929495941291,0.678699284009546
"THAP5",1.67914022078179,0.292181630919645,14.433951119373,0.0196627259519748,0.851282816229117
"THAP6",1.47961280500666,0.28465528739251,14.7995552668874,0.0201513179319617,0.862022673031026
"THAP7",1.69373980438044,0.184470813627747,15.1319021609466,0.0169853729960923,0.749552505966587
"THAP9-AS1",0.81389872732083,0.109665807206478,17.945764927166,0.0195727798473043,0.797881861575179
"THBS1",0.111255884444582,0.00309408944127463,19.900215295216,0.0180230957385227,0.752386634844869
"THEM4",0.409313634828297,0.0463053774374335,19.2211566684486,0.0191104771537247,0.778042959427208
"THEM6",0.836727160193259,0.312880629315855,15.3142141432386,0.0219804299995476,0.929743436754177
"THG1L",3.61655681526417,0.389788661903606,11.3406953619353,0.0166339509947825,0.79653937947494
"THOC1",1.56380710632099,0.227529897085356,15.3186964584908,0.0191632023934695,0.815035799522673
"THOC2",2.31886639102103,0.122549913720246,13.1400857423269,0.00903838395879251,0.564439140811456
"THOC3",2.87060751220574,0.165786648606671,12.6465088218715,0.0106707825231936,0.595763723150358
"THOC5",9.34282610400142,0.687006742778532,7.97000912368928,0.0111908748942802,0.837559665871122
"THOC6",5.9770909139079,0.419561830707867,9.63631411278926,0.0142042390014358,0.722255369928401
"THOC7",4.0558016722679,0.196330643747536,10.9292346889706,0.00893094174210131,0.546688544152745
"THOP1",3.05974409378967,0.378260538717433,12.0058118143285,0.0174515279718895,0.821151551312649
"THRAP3",5.07997553206011,0.114784271121137,7.16114491290845,0.00432894316311147,0.260441527446301
"THUMPD1",2.32897278807132,0.162685146007471,13.5085765117798,0.012408459494858,0.636784009546539
"THUMPD2",1.17135549441428,0.28263556427074,15.3587878149559,0.0211475160599977,0.890214797136038
"THUMPD3",1.96356569807461,0.280088863394414,14.2038516845383,0.0188005413866809,0.822195704057279
"THUMPD3-AS1",1.58896699930412,0.0992020179339919,14.6373507277487,0.0109483447186297,0.609934367541766
"THYN1",1.41667681468242,0.098011374195271,15.0665147823562,0.0119298932120607,0.630817422434368
"TIA1",2.71860711835026,0.139261457855971,12.3216135576564,0.00839739052320045,0.545346062052506
"TIAL1",6.44625801615578,0.176984868785757,7.10494247182106,0.00069202184363493,0.338156324582339
"TICAM1",0.772243163543361,0.0402256581213111,16.1959915462773,0.010455893107249,0.607398568019093
"TIFA",0.492240399147025,0.0205435363986667,16.4036810357304,0.00938631231169575,0.589051312649165
"TIMM10",2.71893636340326,0.147701434916277,12.6354715944458,0.00957803109729152,0.572046539379475
"TIMM10B",1.45795586446089,0.317363908272377,14.3688577315046,0.0203067104996491,0.881563245823389
"TIMM13",3.01563169399969,0.0966193886860305,10.9069734349172,0.0019447333378054,0.415871121718377
"TIMM17A",5.29928701371248,0.154042382293465,8.53694295081472,0.00153745591652292,0.376939140811456
"TIMM17B",5.45512728103742,0.252975710154052,9.62520949354334,0.00937455377296891,0.546688544152745
"TIMM21",2.4725357234131,0.277660795124313,13.5234186171811,0.0173968002893048,0.781324582338902
"TIMM22",18.0698087703267,0.684598105707395,8.75098447914993,0.00824085208850556,0.710471360381862
"TIMM23",8.23423229481119,0.359155286318584,7.97705937772303,0.0104388181457493,0.567124105011933
"TIMM44",1.90233297156585,0.203495894609235,14.8114151857023,0.0171048202968234,0.756563245823389
"TIMM50",6.9355086825917,0.392671900165714,9.08880368389361,0.0127884077323702,0.660352028639618
"TIMM8A",0.854954237632168,0.163744713713395,17.5855031852327,0.021388568648085,0.851879474940334
"TIMM8B",3.23536277432262,0.15573197629105,11.7035052894811,0.00810545816064221,0.535202863961814
"TIMM9",3.21353709909272,0.273351108215166,12.562289829351,0.0154184674999724,0.723448687350835
"TIMMDC1",3.96146705109869,0.219436326424756,11.2796561265193,0.0108091517110529,0.592332935560859
"TIMP1",0.160462986370266,0.00129774830399803,16.4394706322524,0.0077627495573177,0.561157517899761
"TIMP2",0.0767474396327771,0.00755011267740561,21.9646787066894,0.0243520498506279,0.871420047732697
"TINF2",3.82222525471123,0.27524942772746,11.4936453590094,0.0137080710936852,0.670644391408115
"TIPARP",0.773418890130547,0.0396904076333377,16.0080950101548,0.00991594230560082,0.596658711217184
"TIPIN",2.5598778539822,0.405546999366972,12.060253880659,0.0182109020161284,0.861575178997613
"TIPRL",6.74290771810156,0.258509005645686,8.2742055034075,0.00736082724250429,0.484934367541766
"TJAP1",4.46578025764862,0.489745865109128,9.88034688880902,0.0158733739955651,0.826073985680191
"TJP1",0.34345277267904,0.0529274023986681,20.1064379202795,0.021901951579718,0.834874701670644
"TK1",0.123043585876034,0.0208313115625041,21.8216503647596,0.0247486357011946,0.882458233890215
"TKFC",1.85563494216127,0.412668286163622,12.4670594723488,0.01917721542925,0.899164677804296
"TKT",2.69756107001651,0.0725755492315678,10.4103924648141,0.00137331534491299,0.356205250596659
"TLE1",0.319910247413798,0.0600801413351266,20.3523298139744,0.0229818600751357,0.858144391408115
"TLE3",1.09720099502984,0.0890365696796312,16.3365923181061,0.0144048805930957,0.684665871121718
"TLE4",0.432203551004728,0.0525322638310154,19.3533372480713,0.0198513763209435,0.793854415274463
"TLK1",0.894945784927808,0.0519997143712592,15.7200881069515,0.010176099584827,0.59964200477327
"TLK2",1.9399369989662,0.341521266593063,13.4703197946282,0.0192647717768624,0.861575178997613
"TLN1",2.74320925871804,0.120904784664545,11.8815447862152,0.00613705991917075,0.498508353221957
"TM2D1",3.59406823136854,0.224313237826018,11.9422858654429,0.0122652636292641,0.631861575178998
"TM2D2",2.28979848130573,0.177756526308229,13.9175361931139,0.014020931026152,0.676760143198091
"TM2D3",2.34139356156927,0.133305862226389,12.9487658157154,0.00941834168662211,0.569659904534606
"TM7SF2",0.305352066249428,0.156542663288709,19.4030704371695,0.0252858037346667,0.940035799522673
"TM7SF3",2.03348226123503,0.228305330210878,14.4617862740053,0.017435003672284,0.769838902147971
"TM9SF2",2.3922085909387,0.0881383861260724,11.5489375443425,0.00278427160284055,0.436157517899761
"TM9SF3",4.80088867113953,0.31583190431674,10.5820942717376,0.013402231153485,0.666616945107399
"TM9SF4",3.65925777533427,0.328951681716105,11.6977657744184,0.0157394534388122,0.743884248210024
"TMA16",2.37158258693896,0.34265498330891,12.9955130620657,0.0184076225938472,0.835023866348449
"TMA7",3.73504057152329,0.0217150141033664,5.3001416131156,0.0196586958620545,0.0258054892601432
"TMBIM1",1.45516249644211,0.0562335263171825,13.3350422275156,0.00431852930469335,0.480757756563246
"TMBIM4",2.44684839008937,0.407021847725685,12.056353822893,0.0183214499583945,0.864856801909308
"TMBIM6",5.43066552924695,0.0392344242812395,4.4513564695985,0.0186214619952362,0.0246121718377088
"TMC6",0.714551420961179,0.0778298676224426,17.9102098300809,0.0176669775772825,0.752386634844869
"TMCC1",0.893147628385272,0.30033478212875,15.4645713398309,0.0219099961989798,0.920793556085919
"TMCO1",5.6221520082565,0.160619267908739,7.71601733288741,0.000608249889544884,0.346807875894988
"TMCO3",1.03993174986167,0.098168730916341,16.803237297343,0.016127851964495,0.721807875894988
"TMCO6",1.18136891903837,0.40334948375744,13.160235815848,0.0202984033333469,0.93123508353222
"TMED1",1.1531853931589,0.17730582101159,16.6001016902883,0.0198049015997955,0.817571599045346
"TMED10",2.33486692164,0.0499553933335808,9.53876636899942,0.0058381029757123,0.276998806682578
"TMED2",4.18061013791329,0.0667923937654974,6.4788729033667,0.0108913391682255,0.156622911694511
"TMED3",2.25279760139057,0.122338455280395,13.42596906566,0.00964478380322829,0.578609785202864
"TMED4",3.6034233279673,0.177678831699354,11.1830411095315,0.00845194280700058,0.537291169451074
"TMED5",2.41299745060797,0.074369202855643,10.8305282863118,0.000163582060121951,0.379773269689737
"TMED7",1.03011447813108,0.231346567815456,16.3538116369914,0.0214388316819449,0.876193317422434
"TMED8",0.416681399044963,0.0482174221413438,19.2318799104913,0.0192625101082014,0.781324582338902
"TMED9",2.74514999391232,0.0635311174118659,9.18477531954453,0.00516278792483287,0.281026252983294
"TMEM101",3.8572827543116,0.385182618581589,11.1721065308378,0.0162502525543153,0.780727923627685
"TMEM106B",1.7336026996196,0.191086991057641,15.1347786930065,0.0172569978588372,0.757905727923628
"TMEM106C",0.493854846901918,0.0323405690532049,17.8524119267152,0.0143674140857257,0.68436754176611
"TMEM107",0.51917541522503,0.118414541989105,19.0830600888056,0.022822339308261,0.870674224343675
"TMEM109",2.56347306185108,0.113958889778707,12.2057329145338,0.00633360126127876,0.505369928400955
"TMEM11",34.0067100944105,0.725928406034342,12.1693393530421,0.00352989253776677,0.600984486873508
"TMEM115",5.63419134729002,0.325618907474209,9.68041386469811,0.012296653258175,0.629474940334129
"TMEM116",0.943217071029264,0.352611398332428,14.3944159246889,0.021323433038424,0.932577565632458
"TMEM120A",0.980420634743951,0.125488931402485,17.1968173238019,0.0186579077298476,0.779982100238663
"TMEM120B",1.91889815416631,0.510975427104214,10.6579601726715,0.0179881457513028,0.926909307875895
"TMEM123",2.1515451668449,0.0462982771713959,9.73721392039231,0.00576813385455883,0.280877088305489
"TMEM126A",4.97873256883852,0.345386185475357,10.4392961703537,0.0139931286204778,0.691079952267303
"TMEM126B",2.03320391472051,0.135996549877764,13.8781967335231,0.0116420019670759,0.62082338902148
"TMEM127",2.14435389341975,0.326406838603957,13.3764630671566,0.0187152559898335,0.836664677804296
"TMEM128",2.19383857483987,0.325090989756017,13.3632956326385,0.0186289336947353,0.833830548926014
"TMEM129",1.10685194657124,0.410068325123845,13.0861155722552,0.0203328316234296,0.936903341288783
"TMEM131",2.6262645856162,0.331374676962754,12.8055445646505,0.0177780927708967,0.809815035799523
"TMEM134",1.31698923502349,0.104119166966692,15.7902999901032,0.0140365204427779,0.676760143198091
"TMEM135",1.78343335715713,0.402383760403958,12.6632751417383,0.0193388096521582,0.897523866348449
"TMEM138",1.68934426657487,0.178836872922429,15.2232729570292,0.0168841764071191,0.746718377088305
"TMEM140",0.330129096557742,0.0322119065703858,19.3621544165942,0.0185579415851922,0.765513126491647
"TMEM141",2.26716740305287,0.23282978807259,14.1182861376947,0.0168809755859786,0.756712410501193
"TMEM147",2.55181953317955,0.107627422927241,12.0052840300916,0.00540647171477492,0.486575178997613
"TMEM14A",1.16105285348317,0.0913533986742154,16.2968434644404,0.0144249242132522,0.685560859188544
"TMEM14B",2.89159694919147,0.116664578816161,11.4966244679053,0.00494824506683504,0.473299522673031
"TMEM14C",1.74261642598081,0.0694242234454432,13.2335776352448,0.00518695802722067,0.494928400954654
"TMEM150A",0.835077683439014,0.318073520950726,15.1964038362328,0.0219160978416965,0.930489260143198
"TMEM160",2.32512117730705,0.125665932636405,12.9756614494511,0.00893057467369578,0.560560859188544
"TMEM161A",4.14428912721626,0.524129980278237,9.6755254446391,0.0159493263973018,0.857696897374702
"TMEM161B",3.36178864029906,0.574393266779096,9.17396539195018,0.0159566186603286,0.901998806682578
"TMEM161B-AS1",1.6621788401778,0.449876417043745,11.9366503001845,0.0190690533331786,0.920644391408115
"TMEM165",2.0313172157685,0.0492641570767497,10.4090550115315,0.00376268564429259,0.319659904534606
"TMEM167A",3.00556404709336,0.0915106562354393,10.0436719656068,0.000372361693310553,0.365751789976134
"TMEM167B",7.62865947721456,0.459751274710544,8.62408644182058,0.0132132803278952,0.697643198090692
"TMEM168",1.27104964227709,0.295066861461158,14.992653515683,0.0208292872277818,0.886634844868735
"TMEM170A",3.0680075269255,0.230775636591736,12.6453861541499,0.0139761383770454,0.677058472553699
"TMEM175",1.41144466949737,0.320107557396652,14.3832382604872,0.0204160053004116,0.886187350835322
"TMEM179B",2.89603884924108,0.127325622042548,11.4029874066838,0.0056203722885457,0.483442720763723
"TMEM18",1.84464588515815,0.162400070482872,14.9721093123114,0.0154612961905479,0.711515513126492
"TMEM181",1.48332006310859,0.264221662140352,15.0766294045967,0.0200103013574056,0.850089498806683
"TMEM183A",7.82765615054522,0.256101847132472,7.3020031054953,0.00563129522810719,0.434069212410501
"TMEM184B",2.1062104438568,0.225123623979433,14.2360396788813,0.016903431157193,0.754325775656325
"TMEM184C",1.4522445258769,0.236229423513972,15.4400804086295,0.0197484437356339,0.833084725536993
"TMEM185A",0.96567660483038,0.13587332361794,17.2673158171727,0.0193630699428915,0.797732696897375
"TMEM185B",1.52012430110621,0.298148340281674,14.6002726800326,0.020153772032373,0.868436754176611
"TMEM186",4.09955750457193,0.631886921513888,8.25199195023557,0.0146277424896099,0.905727923627685
"TMEM187",1.0374797334415,0.435669070660031,12.6174219738055,0.0200816805531949,0.946300715990454
"TMEM189",1.1060661439393,0.179618044868044,16.7615811845744,0.0202421297767167,0.829057279236277
"TMEM19",0.631592132160257,0.125651060401922,18.5661526728157,0.0219249593178733,0.852923627684964
"TMEM192",0.71106386269483,0.266371346315556,16.3790471190385,0.0226942216526156,0.925417661097852
"TMEM199",5.39679438804091,0.401225948524571,9.87172782246831,0.0144692642085356,0.721062052505967
"TMEM203",1.89680366599399,0.421754420197954,12.2634656823042,0.0190333185761603,0.899612171837709
"TMEM205",1.21225271193302,0.107608658024255,16.3186348312494,0.0155102734275005,0.709128878281623
"TMEM206",1.83533596050328,0.334303578638629,13.6668385662211,0.0194529304150423,0.863663484486873
"TMEM208",1.99876770380082,0.086953243741878,12.6264354676623,0.00524216624667472,0.489260143198091
"TMEM209",2.37430086943242,0.459681048858762,11.3231485617661,0.0181099192918041,0.891855608591885
"TMEM214",1.41668105321883,0.19073272042452,15.8175014355548,0.0187173782148675,0.793854415274463
"TMEM216",1.39537787467337,0.192227880986262,15.8375957864872,0.0188353555565632,0.796986873508353
"TMEM218",1.45745528726404,0.331343763173671,14.1841452137104,0.0203253185222782,0.889618138424821
"TMEM219",3.1477633948087,0.137725048063437,11.4330270527661,0.00635692954709364,0.498359188544153
"TMEM222",3.57375305051462,0.313888496645847,11.8465032038087,0.015562977698329,0.734337708830549
"TMEM223",1.42664472963172,0.233504537527209,15.4738566916955,0.0197380039500936,0.83159307875895
"TMEM230",3.00507051053311,0.110383285284696,10.9215265687768,0.00320072298991893,0.436008353221957
"TMEM234",2.2787788953672,0.451742216737594,11.5038099566018,0.0182871624140378,0.892750596658711
"TMEM237",0.707806577566401,0.16961826557669,17.9874159864693,0.0225452153208148,0.88126491646778
"TMEM242",1.78906629213383,0.231654398404734,14.8309890209981,0.0183449282306795,0.794301909307876
"TMEM243",1.59337187494135,0.0677449586151918,13.0987250461681,0.00477644635450696,0.485680190930788
"TMEM245",1.14520695746737,0.0910145287151102,16.0023061400323,0.013738541301379,0.670047732696897
"TMEM248",4.54619314676795,0.198514030117244,9.77107654464702,0.00702235892808476,0.492989260143198
"TMEM251",0.927001211924375,0.271679516576833,15.9389439066567,0.0219548131311236,0.907816229116945
"TMEM254",0.746199167407333,0.184462772661175,17.6444450761961,0.0224102805738886,0.883054892601432
"TMEM256",2.81044413133088,0.122731258776241,12.2466606395249,0.00697483370021483,0.518794749403341
"TMEM258",3.74218662113199,0.0478377158557893,6.32633957494204,0.0136446891904967,0.118138424821002
"TMEM259",2.66918741292972,0.213054665067106,13.1805220281653,0.0142811084249131,0.683621718377088
"TMEM260",2.14023533428794,0.415482218583202,12.1778937166077,0.0187298945979776,0.884695704057279
"TMEM263",1.37645005499716,0.110518466344176,15.5976341582892,0.0139974479749787,0.675566825775656
"TMEM30A",3.44054776667534,0.159924432639372,11.1000631232146,0.00720888263309513,0.510889021479714
"TMEM33",4.10480427882662,0.248452923576055,11.2052164773359,0.0120245571744998,0.623060859188544
"TMEM38B",0.736023101104769,0.141606117959468,18.1473010938528,0.0216737831060863,0.852028639618138
"TMEM39A",1.60908272559674,0.13303893010896,15.1729428809316,0.0143619544560193,0.683770883054893
"TMEM39B",3.14253152525153,0.394116351502667,11.72988383056,0.0173638418191511,0.825328162291169
"TMEM41A",0.248504990889057,0.0184671118737572,19.5205760555909,0.0180352419810996,0.75417661097852
"TMEM41B",1.15758846873686,0.14536955169622,16.7683987471306,0.0186478453628167,0.783711217183771
"TMEM42",0.932614308528011,0.306667808772606,15.2797869958303,0.0217433736890461,0.919152744630072
"TMEM43",2.72299350796365,0.14361714827156,12.2440409995672,0.00855730580447655,0.547434367541766
"TMEM45A",0.115087716766164,0.0134625594347403,21.5448975612705,0.0235035749278705,0.85695107398568
"TMEM50A",4.71270787873534,0.0551409612602642,5.28311519654285,0.0148845859830227,0.08368138424821
"TMEM50B",1.76625420798443,0.116645885613547,14.3964045863849,0.0115679241775188,0.621420047732697
"TMEM59",3.61854276180235,0.0428018110561327,5.84791038009743,0.015453171583603,0.0856205250596659
"TMEM60",1.92526072737602,0.203624405610867,14.602539083795,0.0167475181664666,0.746420047732697
"TMEM62",1.08093430214626,0.366710163329446,13.9606695036282,0.0208809195449032,0.926909307875895
"TMEM63A",0.607540118456337,0.271601658555714,16.4647050370195,0.0230332801308746,0.9375
"TMEM63B",1.20036851903044,0.186514596898135,16.482096046919,0.0199239264935992,0.823239856801909
"TMEM64",1.34202391424959,0.316878205246574,14.5338005506585,0.0206036694201787,0.890363961813842
"TMEM68",1.58494902978656,0.216166358708736,15.4046612012997,0.0188706449230618,0.804594272076372
"TMEM69",1.86097980296259,0.250808153883001,14.6738043708009,0.0186864230716457,0.809815035799523
"TMEM70",2.96336025695808,0.126348666488686,11.4950769786716,0.0056908519320595,0.486426014319809
"TMEM80",2.72722556737388,0.407708764587959,11.860011325383,0.0179421755406095,0.852476133651551
"TMEM87A",2.35682367667143,0.121349301071278,12.8667054070936,0.00837145549469664,0.549075178997613
"TMEM87B",1.80511144278936,0.194722529838981,14.9692700398912,0.0170726912759668,0.753878281622912
"TMEM8A",1.1718642787971,0.425191569819961,12.7345389513191,0.0200362973125278,0.937201670644391
"TMEM9",0.669839403326224,0.100206683718535,18.5071933089618,0.0204525420026549,0.814886634844869
"TMEM97",0.509991408461867,0.11284891324845,19.2221605329242,0.0228755830943985,0.870375894988067
"TMEM99",1.50748683098041,0.296624665693127,14.6707584336252,0.0202207481007072,0.870077565632458
"TMEM9B",6.22866935460172,0.260969919451683,8.57974470323182,0.0081105743206262,0.504325775656325
"TMF1",2.85194557346191,0.127878330310207,11.6466054676911,0.00616409899321647,0.496270883054893
"TMLHE",1.30992012995969,0.363687230562426,13.7941482727621,0.0204677779976877,0.911992840095465
"TMOD3",3.99737501381058,0.125643169585054,9.35904964300482,0.00108558213298378,0.379922434367542
"TMPO",0.639227722592427,0.0280669799263552,15.8756402289883,0.00857455178086279,0.572195704057279
"TMSB10",2.50012126754844,0.00291917673573863,5.66269391883078,0.0220742406508756,0.00208830548926014
"TMSB4X",2.06629287355742,0.00132446956048664,6.03108264002687,0.0215391803977137,0.0143198090692124
"TMTC4",0.54388996664463,0.24528411360324,17.107767180199,0.0234985816790647,0.936754176610978
"TMUB1",2.53448027864486,0.113986176777081,12.0259099765537,0.00598012976673224,0.496569212410501
"TMUB2",3.8625352444744,0.31046475846837,11.4465684407262,0.0148185309517947,0.709128878281623
"TMX1",3.78012880545737,0.166455499096846,10.7212478543089,0.00682402916955749,0.5
"TMX2",5.12893569852108,0.311791363991289,10.2289160726505,0.0126924420716084,0.643198090692124
"TMX3",2.43456217501379,0.202576600753936,13.5586150240432,0.0145675705584785,0.690334128878282
"TMX4",0.860065160082445,0.0642294858579379,16.6650968564264,0.0135556513355256,0.667213603818616
"TNFAIP1",1.10989678780666,0.135369010040635,16.8910698381574,0.0184268983243021,0.776849642004773
"TNFAIP3",0.838051818165553,0.00756094627340433,9.5879580012465,0.0111707258655924,0.203609785202864
"TNFAIP8",0.677823054242909,0.0178614042483351,14.2010887083761,0.00295602933155227,0.466885441527446
"TNFAIP8L1",0.261222447108029,0.0925197254012659,20.579504089035,0.02529629651054,0.915423627684964
"TNFRSF10B",0.442599325091639,0.0691846601008977,19.5238040992115,0.0213147565551591,0.8263723150358
"TNFRSF12A",0.192546499765791,0.00462403974223243,18.191208653992,0.0131447939256722,0.661545346062053
"TNFRSF14",0.812054725292826,0.0470108255665211,16.1100260837429,0.0107952307144385,0.612917661097852
"TNFRSF1A",1.14774268099598,0.0508495608254069,14.5772427933153,0.00704652920112796,0.537589498806683
"TNFRSF21",0.174693330637945,0.0186402377510672,20.8527517448324,0.0218425918571501,0.826670644391408
"TNFSF10",0.440690623988066,0.0183967286454709,16.7307041388737,0.0101193962964717,0.603371121718377
"TNFSF13B",0.0847800483079366,0.00854407084324423,21.8128642112701,0.0239728720077878,0.864558472553699
"TNIK",0.360544342869112,0.0243727362443181,18.4225645914071,0.0153684774149788,0.70346062052506
"TNIP1",1.21906425944089,0.0199471057829325,10.2465643775598,0.00766793256817345,0.261485680190931
"TNIP2",1.31173157899157,0.0597161336065014,14.0055173921019,0.00635789768814976,0.520883054892601
"TNK2",1.35332551463355,0.37258439890601,13.5698228717357,0.0202965224301213,0.911396181384248
"TNKS",2.30389115549961,0.284585955740077,13.6121150850259,0.0178605675666356,0.795793556085919
"TNKS1BP1",0.39016184140981,0.0650178014005916,19.9029299678669,0.0220646922873288,0.840841288782816
"TNKS2",3.04156716727115,0.206465103239912,12.5480423462783,0.0126879862984144,0.642303102625298
"TNPO1",3.06248589698033,0.178104269697765,12.1363480283048,0.0104169273209731,0.586217183770883
"TNPO2",1.79380022356828,0.371386659471667,13.1850741936469,0.0195139584347198,0.885441527446301
"TNPO3",2.72102689746753,0.219574579696818,13.2530534797775,0.0146495899983401,0.69480906921241
"TNRC18",1.55209229290263,0.301924507262217,14.487144594122,0.0200620980401727,0.867243436754177
"TNRC6A",1.61110866070126,0.180419151986217,15.4194918532854,0.0173785971910541,0.759099045346062
"TNRC6B",1.68631064896258,0.0898193817285466,13.6892336811559,0.00803654440533445,0.548031026252983
"TNRC6C",0.768599052544136,0.176232292999219,17.6457356558741,0.0220874258532484,0.872165871121718
"TNS3",0.157850502198519,0.054656304085326,21.6359087859827,0.0261476960157474,0.919898568019093
"TOB1",0.891680168993912,0.040711270341808,15.0927366554911,0.00755462098994621,0.549671837708831
"TOB2",1.64260797512027,0.107258906908288,14.7127082773372,0.0116644267776086,0.624850835322196
"TOE1",1.42287241545565,0.316857771228721,14.4253252671804,0.0203975838077893,0.884099045346062
"TOLLIP",5.32326723508643,0.313494537366121,9.9642323144981,0.0123621278177454,0.631563245823389
"TOM1",0.949709989790826,0.07693081067304,16.6301953283224,0.0143482342617687,0.68332338902148
"TOM1L2",1.71178054503371,0.395471089896252,12.8384784505665,0.019500063945868,0.898717183770883
"TOMM20",4.53469128435967,0.0657952312802414,6.41916521600906,0.011110678956156,0.153937947494033
"TOMM22",117.447327892428,0.79112509041429,36.6477422695469,0.00758316744610808,0.336068019093079
"TOMM34",0.749292117078763,0.0804874846127671,17.8679330645093,0.0177081938763161,0.753729116945107
"TOMM40L",2.50665906246252,0.654820205124097,7.86414562882734,0.0151354281533447,0.946449880668258
"TOMM5",2.88259174519318,0.0613860135572558,8.94811717932728,0.00596453661768266,0.266258949880668
"TOMM7",4.72417018053366,0.0373437395708829,5.08672742200618,0.0176546915949516,0.0474343675417661
"TOP1",1.63677502880505,0.0285986959905818,9.9055772053824,0.00746954651964863,0.259546539379475
"TOP1MT",1.57044225083832,0.354354557109058,13.698875042979,0.0200209763640974,0.892601431980907
"TOP2B",2.26320452055812,0.21946687047291,13.9393128184822,0.0160781829532788,0.731503579952267
"TOP3A",4.38484192323266,0.561572482285733,9.16622088101898,0.0154226384823302,0.869331742243437
"TOPBP1",0.940153701822926,0.0958367145575755,17.3074579424706,0.0172099343388643,0.745077565632458
"TOPORS",2.02919392446047,0.126175776113401,13.9201659493936,0.0110656127832919,0.609486873508353
"TOR1A",3.04696232677998,0.221374401734081,12.544050914578,0.0134132262303309,0.660799522673031
"TOR1AIP1",1.45733044044571,0.0800208626357852,14.4821753020911,0.00918057261842039,0.575029832935561
"TOR1AIP2",1.33191033288994,0.083945012574547,15.2880525018913,0.0114410885037025,0.622464200477327
"TOR1B",2.35353865057905,0.286074695905635,13.5095755874263,0.0177303812761136,0.792213603818616
"TOR2A",0.966724923352418,0.19517456132049,16.9270662725994,0.0212776243354558,0.858890214797136
"TOR3A",0.757428691395785,0.0611644342221187,17.1780519205912,0.0146727386455706,0.690035799522673
"TOX4",7.33451563803744,0.270202908218693,7.63733356885063,0.00698127154207016,0.466736276849642
"TP53",2.38464639014707,0.314477985323377,13.3173457044411,0.0181812413306417,0.81667661097852
"TP53BP1",1.88460808500439,0.194828257605425,14.7234345972688,0.0165911962904033,0.741348448687351
"TP53BP2",0.855525922323597,0.100484335445486,17.6811093812165,0.0184169476664416,0.771330548926014
"TP53I13",1.40236137780991,0.15782151567914,15.9757611434668,0.0175001136588602,0.758651551312649
"TP53I3",0.38827252345603,0.143663748194317,19.3329363205573,0.0245759537664524,0.918556085918854
"TP53INP1",0.311414407645046,0.0521513267190394,20.2185940339119,0.0221758615289084,0.83994630071599
"TP53INP2",0.642124667306313,0.155107857648412,18.2933755754578,0.0226430261042777,0.878281622911695
"TP53RK",2.08075946196499,0.178878766310373,14.3453809252685,0.014997869276699,0.700626491646778
"TP53TG1",1.4726272912625,0.263366559641515,15.1838370575772,0.0201454144496234,0.854266109785203
"TPCN1",0.348185160885717,0.174975023099799,18.9335478447343,0.0249351373447491,0.939886634844869
"TPCN2",0.314581571054437,0.157649103140904,19.3559800402526,0.0252192786422252,0.938991646778043
"TPD52",0.521559800634542,0.0837891095309915,19.1304641274378,0.0211314895249719,0.825626491646778
"TPD52L2",3.66155840305018,0.157194184831815,10.9783979489968,0.00668263015774542,0.500596658711217
"TPGS2",2.29914525910739,0.135711370327696,13.5160128985892,0.0107276018431609,0.601133651551313
"TPI1",2.44097169218922,0.0135718383542743,6.05284408003105,0.0194474543592351,0.0396778042959427
"TPK1",0.417289959213062,0.239438018891985,17.4788886092079,0.0240863506434247,0.949284009546539
"TPM1",0.184910719313303,0.00731515809975419,19.1816094256022,0.0162347690900899,0.719421241050119
"TPM3",4.11850479986733,0.0395663214351108,5.67774222488751,0.0161569001993677,0.075626491646778
"TPM4",0.808266029439713,0.0066492668294035,9.95704737379745,0.0102627105050613,0.221658711217184
"TPMT",1.24942322708949,0.200771812068944,16.2672160565098,0.0200533628882419,0.83054892601432
"TPP1",1.50014467175659,0.0923247616967109,14.5792375782485,0.0103545073650817,0.59755369928401
"TPP2",2.39094898817692,0.197208372906673,13.7253351449557,0.0146124151555378,0.691825775656325
"TPR",2.26932542070366,0.059349192384161,10.2912949305121,0.00296360150438416,0.329653937947494
"TPRA1",1.18169178434743,0.0772543839839497,15.5650833860239,0.0116752435384925,0.627684964200477
"TPRG1L",1.84389396803345,0.399725952356394,12.6563848102098,0.0192616278855595,0.893198090692124
"TPRKB",4.21559733596549,0.285579987386187,11.3814471641886,0.013654597035066,0.673776849642005
"TPST2",0.703767706045964,0.0728617841740423,17.9326330762725,0.0174024110292863,0.746569212410501
"TPT1",5.56347988404396,0.00378809096345727,5.00600420179793,0.0221614857877573,0
"TRA2A",3.50479309530198,0.119510368469198,10.1359500027905,0.00222477532572684,0.409606205250597
"TRA2B",3.31536344012112,0.0551522203890146,7.72603987347642,0.00953222720871126,0.197046539379475
"TRABD",1.85285885996871,0.0758156471645337,12.5265243617033,0.0040707163441273,0.468078758949881
"TRADD",1.42610435864856,0.131324887829016,15.6804657148604,0.0154405927920631,0.708084725536993
"TRAF2",1.55818658815358,0.161251976651567,15.5551890682563,0.0167374913274116,0.741050119331742
"TRAF3",0.898580990940064,0.06298250447184,16.3714307071756,0.0127065238758413,0.649910501193317
"TRAF3IP2",0.559298549961505,0.103595478801173,19.0381450840472,0.021951788093722,0.847852028639618
"TRAF4",0.685159009089859,0.0227689681451901,15.0926161841422,0.00591133676479037,0.52222553699284
"TRAF5",0.34260343599911,0.0796993093916126,20.182316524824,0.0236200821360341,0.876342482100239
"TRAF7",4.88720588283311,0.270467903981015,10.6203009136813,0.0117138942815036,0.615900954653938
"TRAFD1",0.756787710423349,0.105970264044082,17.998198463491,0.0195389187860983,0.795942720763723
"TRAK1",0.632922245131284,0.175639694297421,18.0908368367897,0.0230442343856939,0.89513723150358
"TRAK2",1.05303965488838,0.168045239040655,16.866584735141,0.020002468655931,0.819659904534606
"TRAM1",2.68222534471019,0.0612335465392372,8.91505222223906,0.00604541933058493,0.263723150357995
"TRAP1",1.17377317244999,0.113751833172194,16.6101302706134,0.0165583622227258,0.732696897374702
"TRAPPC1",1.6951189395327,0.046218401942569,11.4164024187633,0.00154853851998313,0.366199284009547
"TRAPPC12",1.82059737194246,0.375327770357504,13.0679218289553,0.0194257133223483,0.884248210023866
"TRAPPC13",2.66148141938745,0.432253254633705,11.5331584890728,0.0179346525574059,0.866199284009546
"TRAPPC2",1.85868581472232,0.322449049224073,13.8025890607054,0.0193708811926708,0.855608591885442
"TRAPPC2L",2.22662050449792,0.157987760828073,13.8973757737874,0.0129179788866673,0.650208830548926
"TRAPPC3",13.4205298657281,0.336928222156738,4.59432682925662,0.00519224827070044,0.372613365155131
"TRAPPC4",2.91406789492467,0.148905341067014,11.958366260178,0.0082830426467968,0.539826968973747
"TRAPPC6A",2.15572509394257,0.230739704114959,14.1991457889064,0.017022085072773,0.759099045346062
"TRAPPC6B",5.05321248241864,0.35655952788336,10.2378969774986,0.0140578261313232,0.693615751789976
"TRAPPC8",1.86698554474111,0.255029386875703,14.5308310493834,0.0186122165944929,0.808174224343675
"TRAPPC9",1.27799370113669,0.349887310055902,14.0669301486171,0.020624439045889,0.908860381861575
"TRIAP1",2.16954145680622,0.136217554358496,13.5974193700084,0.0110088369312744,0.606503579952267
"TRIB1",0.398073096262236,0.0265547308151665,18.5120501641162,0.0157611201495107,0.711366348448687
"TRIB2",0.313484141098002,0.042617920264385,20.0310804258475,0.0210804003294315,0.816378281622912
"TRIB3",0.136867483377274,0.0775253790455365,21.5531948862568,0.0270876125699757,0.947195704057279
"TRIM11",4.23883121069482,0.342200972720949,11.0257734786468,0.0149814421760907,0.721957040572792
"TRIM13",1.39035548407426,0.196646679066432,15.8571662311517,0.0190546427282815,0.803699284009546
"TRIM22",0.531527307070448,0.029539262153035,16.9656772207769,0.0117151387188382,0.632756563245823
"TRIM23",2.49103413879826,0.351353879967602,12.7326004194136,0.0181921496884463,0.831443914081146
"TRIM24",0.868077472396357,0.245249972842013,16.4708990112482,0.0221713977122922,0.90140214797136
"TRIM25",0.77667746982962,0.139066124337817,17.9833734044578,0.0211797102063385,0.83994630071599
"TRIM26",1.5214210216643,0.113923799598871,15.2371530883106,0.0133390513696776,0.661247016706444
"TRIM27",1.22187204433767,0.0650574216115966,14.8934133436463,0.00904753135639487,0.575029832935561
"TRIM28",2.0447612062027,0.120536220242895,13.7753004023601,0.0103636606829052,0.594421241050119
"TRIM33",1.7357052376132,0.196446997721705,15.1710214996094,0.0175525929940604,0.766557279236277
"TRIM37",1.73107465100078,0.270038702396909,14.5920519747036,0.0192641310427876,0.831145584725537
"TRIM38",0.809744329813482,0.0677464927413323,17.1633478770544,0.0150810402183917,0.698538186157518
"TRIM4",4.32054194324711,0.314806752409722,10.917156303881,0.0140588856096183,0.68541169451074
"TRIM41",2.26710035323929,0.449785762257332,11.5310623178774,0.0183118144121202,0.89200477326969
"TRIM44",1.3161419882346,0.161581321749595,16.2327427156931,0.0182538991070438,0.777147971360382
"TRIM5",0.931801385235282,0.243290712346637,16.3508008670878,0.0218709945155649,0.892303102625298
"TRIM52",0.308463652781483,0.0928257352439874,20.2938962704098,0.0245854194207113,0.900507159904535
"TRIM56",1.09976184678072,0.127961240142578,16.8251478425111,0.0179010790629444,0.763573985680191
"TRIM69",0.912462801694407,0.0640803560153892,16.4332722982951,0.0129352189941719,0.654683770883055
"TRIM8",1.44187599143811,0.218546774666875,15.5904541627771,0.0193949886984894,0.818168257756563
"TRIO",0.424125476073921,0.129302417847486,19.3991029024525,0.024094997029536,0.90244630071599
"TRIOBP",0.75245362876197,0.226485300435484,17.0141853165956,0.0226477571483818,0.905727923627685
"TRIP10",0.484063268623893,0.0607445973582512,19.1971610358275,0.0199382159696987,0.796986873508353
"TRIP11",1.39852675953588,0.190327557831526,15.9706365071207,0.0189842109062653,0.801014319809069
"TRIP12",3.8991168953826,0.212316776294527,11.2000047160058,0.0103540503299819,0.580250596658711
"TRIP4",1.97659541501246,0.311074025038472,13.7778695700503,0.0190074745034699,0.839349642004773
"TRIP6",0.76885261658122,0.0937130225660522,18.1062010233085,0.019067474592755,0.784457040572792
"TRIQK",0.654941001622268,0.231399552166906,17.1633436324753,0.0231250019231827,0.92049522673031
"TRIT1",1.03097620160337,0.279106087310177,15.6187280457825,0.0215657713510342,0.900208830548926
"TRMT1",1.78783017811519,0.163248265824023,15.0676345954556,0.0157315259869577,0.717780429594272
"TRMT10A",0.620556831050878,0.23163654852532,17.2119522930736,0.0232471280028285,0.9236276849642
"TRMT10B",1.4821004184591,0.254082853476776,15.1637692528469,0.0198538388455038,0.841736276849642
"TRMT10C",1.12104895572314,0.0571019823174317,14.983265338464,0.00863828746449843,0.568168257756563
"TRMT11",1.84733793020494,0.397144764250414,12.7463126126894,0.0193095629148368,0.894242243436754
"TRMT112",4.17735376995279,0.0481392774441798,5.75475038377585,0.0148378680963341,0.0929295942720764
"TRMT13",1.1697699363859,0.259451095845886,15.6780533763842,0.021049067997833,0.876939140811456
"TRMT1L",2.13796435344448,0.361493284155714,12.9640303584645,0.0188779141744929,0.858741050119332
"TRMT2A",2.25229078123358,0.372044249030997,12.7180217311765,0.0186853369122238,0.85799522673031
"TRMT6",0.929308726831091,0.128076187078301,17.5310113287738,0.0195480540929776,0.800865155131265
"TRMT61A",1.94399640625973,0.360363242577209,13.2175070179366,0.0192769660373432,0.87186754176611
"TRMT61B",1.31834492944152,0.276434936935441,15.1804178181898,0.0206229006495158,0.872165871121718
"TRMU",3.50311884342906,0.394468278589088,11.3701436458025,0.0168094826286218,0.804594272076372
"TRNAU1AP",5.27046191351799,0.340687559397999,10.1452510488157,0.0134082565092802,0.669898568019093
"TRNT1",2.1621307286502,0.231824632779635,14.1689121692356,0.0170128798025452,0.758949880668258
"TRPC4AP",3.91959062134813,0.215194161472962,10.8983725061775,0.0100571034649569,0.569659904534606
"TRPM7",2.60560808849193,0.202196246949265,13.1770944684187,0.0137989180168904,0.670196897374702
"TRPT1",1.94939921465136,0.239156282931049,14.4840262249181,0.0179425653459722,0.785352028639618
"TRPV2",0.442174879598378,0.113838859426087,19.4676120990987,0.0235408060382622,0.884994033412888
"TRRAP",1.59229366129263,0.232873914840301,15.1888053842674,0.0191191126811692,0.815184964200477
"TRUB2",3.26896187627562,0.357271130724121,11.9232626685049,0.0168788567214333,0.791020286396181
"TSC2",4.51303302686493,0.472532697130493,9.97775114090479,0.0158519974113816,0.811903341288783
"TSC22D1",0.14795863586192,0.00209286008287343,18.145938622238,0.0128121710138279,0.655280429594272
"TSC22D2",0.688209749677831,0.0685263062377758,18.0377169424201,0.0173814167393377,0.745972553699284
"TSC22D3",0.45671522800756,0.00777800749482828,13.8227232475092,0.000835758855838212,0.430041766109785
"TSC22D4",2.24648757894676,0.100188007986526,12.2574291271795,0.00546047323080354,0.489260143198091
"TSEN15",1.24039762184448,0.121616309086354,16.2795195246187,0.0162655861157612,0.726282816229117
"TSEN34",1.84629860169774,0.121862059396988,14.4420207410294,0.0119666013563588,0.630519093078759
"TSEN54",0.763532711109942,0.0531935654634234,16.698465528809,0.0128434291211391,0.653192124105012
"TSG101",4.4668822311799,0.242334669910872,10.6801525512052,0.010804946511957,0.58890214797136
"TSN",3.79587537902309,0.19667965749263,11.0537226012125,0.00930549110312138,0.554445107398568
"TSNAX",1.05578468457307,0.353152209822723,14.2589064807057,0.0210764214043362,0.925119331742243
"TSPAN14",1.10462647973097,0.0513707588133889,14.4383718076453,0.00676502545979328,0.531175417661098
"TSPAN17",0.859100298478819,0.177426748330689,17.3767379597897,0.0215380204452825,0.859337708830549
"TSPAN3",0.694046857970197,0.0399469343216885,16.6456155937133,0.0116583378983718,0.630966587112172
"TSPAN31",1.45921606114874,0.311219622151238,14.4757089452354,0.0203196778014971,0.87917661097852
"TSPAN4",0.160545483682458,0.0241587548028635,21.3257795093849,0.0235405607526062,0.860232696897375
"TSPO",1.95561024307782,0.0362451551578001,9.93233969137218,0.00646552057333185,0.274463007159905
"TSPYL1",2.04821431812168,0.14352488089325,14.0049846665761,0.0123671220916284,0.637231503579952
"TSPYL2",0.442873393537506,0.0202842340341061,16.9074183166655,0.0107822047747394,0.615751789976134
"TSR1",1.76037679284418,0.18037191845151,15.1098043489129,0.0166928501990246,0.742541766109785
"TSR2",6.02796085996056,0.362280437883866,9.55757890411447,0.0129939631075282,0.659307875894988
"TSR3",1.41516707264483,0.252658160120339,15.3333447465703,0.0201227986889642,0.848896181384248
"TSSC4",8.7767312824094,0.330672804929934,6.92287757171545,0.00840389121585186,0.490453460620525
"TSTA3",2.98498357761674,0.176109077520814,12.4081038356171,0.0108101488070832,0.597106205250597
"TSTD1",1.58034469703313,0.0832023589925498,14.370506056429,0.00910903689233861,0.573538186157518
"TTBK2",1.5038888918551,0.323191699084137,14.2210429904522,0.0201927537170293,0.880966587112172
"TTC1",2.19090277655534,0.1411871454563,13.6019498181812,0.0113335904725321,0.613365155131265
"TTC14",1.53873189537553,0.12141093066764,15.17567801639,0.0136890071759159,0.66840692124105
"TTC17",4.54050667724613,0.294788605002129,10.733972612505,0.0130354408862031,0.652147971360382
"TTC19",2.01705510055912,0.200166017859583,14.5297128966699,0.0163924918275329,0.737619331742243
"TTC27",2.68389191802684,0.507218943654557,10.4170808453226,0.0173270630323973,0.898120525059666
"TTC3",1.1893635646285,0.0515800484874147,14.3458439503928,0.0065113162172162,0.526551312649165
"TTC31",1.10855030264238,0.281238547831277,15.4485828725911,0.0213026266587482,0.893645584725537
"TTC33",2.64577835337435,0.370023842538451,12.3519612136122,0.0179920327451797,0.833383054892601
"TTC37",2.23957165086382,0.257621115099773,13.9793295352156,0.0175842603602319,0.781026252983294
"TTC38",1.07968351585802,0.357088732124698,14.1409214208435,0.0209728260854304,0.923926014319809
"TTC39C",0.639866071422656,0.0323654631037543,16.2877361770367,0.0100780332803246,0.6006861575179
"TTC5",1.66251197587059,0.324924119452988,13.9850673002261,0.019805424918109,0.86977923627685
"TTC9C",4.21433199443363,0.301731888283323,11.169382085113,0.0139795172599566,0.682875894988067
"TTF1",1.41430164274761,0.189506946422074,15.8707203753081,0.0187606827635382,0.794898568019093
"TTF2",0.607119509067405,0.112388894193207,18.8018087849256,0.0218182004755106,0.847255369928401
"TTL",1.11928666536705,0.322299595834427,14.758036135159,0.0211714490979719,0.910650357995227
"TTLL12",3.01711272514291,0.563189981593556,9.45907630900834,0.016356147323257,0.909307875894988
"TTLL5",1.55501661670343,0.353409851530886,13.7046762769952,0.0200314015362986,0.89200477326969
"TTPAL",1.6816878609538,0.390982416277931,12.9479063116069,0.0195859933008338,0.899015513126492
"TTYH3",0.215331820132872,0.0568267166746135,21.1328288604611,0.0249033480255801,0.895733890214797
"TUBA1A",0.822013945566594,0.0106398033106425,10.7658575590389,0.00745974432663403,0.271778042959427
"TUBA1B",0.809605397359935,0.00500129040963324,8.84712211460081,0.0136266487960505,0.159307875894988
"TUBA1C",0.792378966010201,0.0114436104145866,11.8192374533876,0.00441789216432485,0.329355608591885
"TUBA4A",0.36913127643932,0.00926512056465955,15.6814054108581,0.00630952508051251,0.532667064439141
"TUBB",1.11023175050785,0.00678792086783252,7.87644786767841,0.0160046991235852,0.112768496420048
"TUBB2A",0.259852375607843,0.00730319212407725,17.5455181091753,0.0114912424538113,0.630519093078759
"TUBB4B",1.13546395233142,0.0117656835119224,9.22086735580348,0.0115608698432606,0.193019093078759
"TUBD1",1.53966591139767,0.27793498766836,14.8540121511896,0.0200023301527386,0.855608591885442
"TUBE1",2.34861706572165,0.368349005247112,12.6750017766217,0.0185147071042681,0.850387828162291
"TUBG1",1.30104727129203,0.183668117473009,16.2659854213263,0.019322701626769,0.807875894988067
"TUBGCP2",6.16709927243959,0.415204266381901,9.53033035760818,0.0139546517626929,0.710918854415274
"TUBGCP3",1.81272375854307,0.325912643603379,13.8549422449203,0.019532845313449,0.862768496420048
"TUBGCP4",1.53228631783094,0.315205617232779,14.3640559155515,0.0201878887327067,0.877684964200477
"TUBGCP6",1.6271231280247,0.420514201333395,12.4721306701843,0.0194202057923278,0.91214200477327
"TUFM",6.67739297146735,0.112887322288684,5.17125835531161,0.00830011138501029,0.168257756563246
"TULP4",1.51359340358864,0.235099613088541,15.3199494041064,0.0194693295026812,0.825178997613365
"TUSC2",3.05831836442839,0.151674589427306,11.5896448626288,0.00771774157830676,0.525059665871122
"TVP23B",3.43089149879561,0.213876202867946,11.896038742707,0.011791875304438,0.617989260143198
"TWF1",2.27076185981439,0.134579356148932,13.6439334406099,0.010921818600591,0.606056085918854
"TWF2",1.65161023927565,0.066021137081343,12.8856413153743,0.00408131635103022,0.472106205250597
"TWISTNB",0.419733512410342,0.0261263756872834,17.9432724402045,0.0141556285073828,0.68019093078759
"TWSG1",0.561793009995559,0.0833067838768335,18.9602102377139,0.0206583020946131,0.815781622911695
"TXLNA",2.05822009453144,0.229906145247834,14.3282195081231,0.0172722459867717,0.765214797136038
"TXLNG",1.01003874552415,0.127922294906009,17.1952177158832,0.0187573473003518,0.782965393794749
"TXN",0.673835158281385,0.00249100762574596,7.70574152135435,0.017285517318849,0.0924821002386635
"TXN2",4.33484251865703,0.192913626319887,10.461736689017,0.00783656732621182,0.51909307875895
"TXNDC11",0.51418499272813,0.0463636341750557,18.2311832402807,0.0164438723791183,0.725089498806683
"TXNDC12",7.90723090733137,0.288832783695577,7.5500426040649,0.00752461822010314,0.479564439140811
"TXNDC15",0.892721936815618,0.0513074910793177,15.6003521845093,0.00981362300899435,0.592332935560859
"TXNDC17",2.34330949396232,0.0687318645412441,10.96168876707,0.000413733423840393,0.377983293556086
"TXNDC9",5.03695323061595,0.281829375315456,10.1628414530384,0.0115681095117598,0.607249403341289
"TXNIP",0.405834721766357,0.0149073250460156,16.461157547908,0.00905554494287466,0.583532219570406
"TXNL1",6.57943853636589,0.132982753657859,6.22718197469189,0.00448709934331948,0.242840095465394
"TXNL4A",3.01802039636171,0.182461529670082,12.5646010334283,0.0114257540790499,0.612619331742243
"TXNL4B",1.93852763063024,0.311851861952831,13.8692148905649,0.0191626788652266,0.845017899761337
"TXNRD1",0.596125999280705,0.0202121680231938,15.3342754336494,0.00635519794918789,0.531175417661098
"TXNRD2",0.836782568721576,0.25919314682828,16.2844212282836,0.0222654838048546,0.910202863961814
"TYK2",2.110904867248,0.21660457017395,14.2027833902619,0.0164997831864753,0.741945107398568
"TYMP",0.639284128292888,0.00888531935354317,12.1699363719018,0.00373996761731322,0.343377088305489
"TYMS",0.107301370827161,0.00785077551102618,21.1967867225778,0.0221324536957153,0.829952267303103
"TYSND1",3.83223139817191,0.65113617216821,7.9521227496706,0.0144519118383347,0.917661097852029
"TYW1",3.28886497195581,0.372600647589263,11.7880508712865,0.0170025946948362,0.801909307875895
"TYW3",2.10686534070898,0.157938835545502,14.1503406454766,0.0134753553794368,0.663335322195704
"TYW5",2.50340028766528,0.42740929543383,11.7172702888603,0.0181625924814202,0.871569212410501
"U2AF1L4",0.922723110281821,0.0860951266403142,16.8621375585899,0.0155600403404594,0.708532219570406
"U2AF2",4.34987917216213,0.175523809258247,10.1903890408672,0.00626383480083875,0.484337708830549
"U2SURP",1.62446240818163,0.0659067025181872,13.3003181521736,0.00507477718053897,0.493287589498807
"UAP1",0.569753395461833,0.0398856177676068,17.6527647714844,0.0143878489009994,0.684665871121718
"UBA1",3.58848473277,0.146046130318211,10.7707034218491,0.00553349959309548,0.476133651551313
"UBA2",3.98301324915405,0.125931262179375,9.57377223213731,0.0015223306910236,0.390662291169451
"UBA3",4.67288799543924,0.283152461206442,10.5374412716298,0.0122875294738949,0.628729116945107
"UBA5",1.76900651293118,0.219895621041796,14.9577330592357,0.0181264101735124,0.785799522673031
"UBA52",16.0629123097813,0.0407001480144704,2.13197445941977,0.0197526956360574,0.00119331742243437
"UBA6",3.75986651572358,0.274129292174061,11.6862783316146,0.0139431413476189,0.678699284009546
"UBA6-AS1",1.45865288530218,0.426961150975465,12.4904160045134,0.0196009501216497,0.923180190930788
"UBA7",0.587963924853486,0.221263677491399,17.4376201983173,0.0233771084156216,0.921986873508353
"UBAC1",1.42302316950976,0.205558971770397,15.825480680759,0.0193176116858278,0.813245823389022
"UBAC2",2.08559457112867,0.129752544569014,13.6769374215074,0.0107829743127348,0.602028639618138
"UBALD1",2.27331054084368,0.141874034581483,13.516432081026,0.0111565823159763,0.609636038186158
"UBALD2",0.558301199427954,0.105877646624654,18.9832744001039,0.0219456107153228,0.848150357995227
"UBAP1",1.45196711399914,0.0628128118176911,13.8712433261566,0.00624630323426733,0.518347255369928
"UBAP2",1.37694577018726,0.161248123758616,16.1353069560646,0.0179962779034893,0.771330548926014
"UBAP2L",5.11000720846326,0.313938150317822,10.3840174682804,0.0129250691199813,0.652595465393795
"UBB",1.61892160266601,0.00644674796352943,6.31408505956593,0.0201804416859181,0.0337112171837709
"UBC",1.53408660685003,0.00263789270996336,5.89393351577888,0.0219781343787791,0.00402744630071599
"UBE2A",7.66881000609284,0.134834345899384,5.2993620686853,0.00598972176294023,0.20450477326969
"UBE2B",3.60991808103868,0.040950602699597,5.98088439621618,0.0153872891406717,0.0893496420047733
"UBE2D1",1.49096516744776,0.0671487630744452,13.7073138266203,0.00622457209300742,0.516258949880668
"UBE2D2",5.76020644457172,0.0823031560751339,5.31471737360727,0.0113816517770779,0.130071599045346
"UBE2D3",6.5719989373676,0.0436983299996164,4.11579676587676,0.0184052123230425,0.0237171837708831
"UBE2D4",1.82448454839552,0.34352922688733,13.5382065841172,0.0194745795969139,0.86873508353222
"UBE2E1",1.57386064585106,0.126922771565782,15.4064742130487,0.0144904490624288,0.687350835322196
"UBE2E2",0.352337842330173,0.112724919286446,19.9195016701916,0.024597037888123,0.907667064439141
"UBE2E3",1.42369988108609,0.0683847418408116,14.1064593236515,0.00732509805996608,0.538782816229117
"UBE2F",0.623320691965277,0.067261306302281,18.2587549365012,0.0178968818880102,0.756115751789976
"UBE2G1",2.71750949426764,0.103067451448564,11.4684256811342,0.00381820836349535,0.453162291169451
"UBE2G2",2.09822216244654,0.154534353600455,14.1503487524314,0.0132818641585976,0.658860381861575
"UBE2H",0.722886284961018,0.0523259590170043,17.196247447486,0.0140709625588709,0.678251789976134
"UBE2I",7.33168645293069,0.118403097632348,4.74238529407183,0.00850008271649946,0.157667064439141
"UBE2J1",0.795705125355876,0.0326513209508616,14.7969267463225,0.00604860012863575,0.521778042959427
"UBE2J2",7.77004818041083,0.337378748731077,8.03092821355501,0.0100164882660854,0.551610978520286
"UBE2K",5.00152032382861,0.168850343143939,8.75438452317901,0.00315704464664303,0.406622911694511
"UBE2L3",7.32854624175537,0.158048754743665,5.87229745800419,0.00295003124580619,0.258651551312649
"UBE2L6",0.970021031387835,0.0384704652877361,14.2930527121158,0.00521919577110842,0.504027446300716
"UBE2M",4.17739576025268,0.609208983103704,8.57461846760375,0.0149362988607431,0.895435560859189
"UBE2N",6.21805492938013,0.121712464414538,6.26738915396379,0.00543758042488946,0.229564439140811
"UBE2O",1.07842046044467,0.241325601942465,16.0981578696991,0.0212796048937396,0.875745823389022
"UBE2Q1",3.0536334966396,0.407053615975872,11.5887135526733,0.0174716753837841,0.83472553699284
"UBE2Q2",2.54976065078968,0.204093836353741,13.4791196452612,0.0144194873876511,0.6875
"UBE2R2",2.07777700814246,0.207421372176975,14.4173099087654,0.0164763307757604,0.740900954653938
"UBE2S",0.572599192248115,0.0504413249419706,18.2173835289581,0.0166608872270583,0.730011933174224
"UBE2V2",4.19170387373519,0.190552655858276,10.7621013689855,0.00823866721566453,0.530877088305489
"UBE2W",2.77145249048621,0.444560011792949,11.3501528395539,0.0177735703828939,0.86977923627685
"UBE2Z",3.01405173667325,0.184999913717805,12.3800782939173,0.0112675425571744,0.607100238663485
"UBE3A",4.17615198361334,0.148793726182754,9.77931051805167,0.00369713003972577,0.430787589498807
"UBE3B",23.4002334821629,0.858844855269439,13.7185368257097,7.46333484398509e-06,0.850536992840095
"UBE3C",3.13057791752924,0.355406261165284,12.1153566632013,0.0171317365124764,0.799373508353222
"UBE4A",3.61754770464376,0.257371564531795,11.7866912759854,0.0135200060933433,0.664677804295943
"UBE4B",2.04857168608807,0.262821768353838,14.1935102527331,0.0182164206224324,0.799671837708831
"UBFD1",2.27306470456815,0.333994063679058,13.1793359109123,0.018530659491743,0.83472553699284
"UBIAD1",0.926977116594583,0.147117050315704,17.4437930622335,0.0203063271585298,0.822046539379475
"UBL3",1.29821638101531,0.0857878629282987,15.32987889052,0.0117003949871634,0.627386634844869
"UBL4A",1.48227752332654,0.2103584425148,15.583574859564,0.0190428225203349,0.806980906921241
"UBL5",6.89283321987881,0.0565229144413612,4.1228810036151,0.0166791672002812,0.0443019093078759
"UBL7",2.40334003696613,0.150754928434274,13.1778192135136,0.0110026376728781,0.604266109785203
"UBL7-AS1",0.429929020729853,0.209776292502337,18.0525205212871,0.0242782914983413,0.939737470167064
"UBLCP1",2.24811809895145,0.215729073632481,13.9758041230365,0.0159878663168938,0.728669451073986
"UBN1",2.58961482020965,0.190698046840057,13.2643673974069,0.0133624179305867,0.659755369928401
"UBN2",1.03612249161848,0.23031218849157,16.3514685185187,0.0213984746170897,0.874701670644391
"UBP1",4.01717156265338,0.480261952811466,10.2484796532023,0.0163241695283172,0.839349642004773
"UBQLN1",3.29882631816856,0.128653037000659,11.1092205027946,0.00496175052420692,0.469868735083532
"UBQLN2",2.15784008836345,0.165972882973667,14.0681481292411,0.0137453661335241,0.669600238663485
"UBQLN4",2.23081685700449,0.320291917233355,13.4354471453614,0.0185753685090305,0.830996420047733
"UBR1",2.54073085735394,0.316372997869993,13.0269513116112,0.0177659863407126,0.803550119331742
"UBR2",2.72403942333466,0.161852969744965,12.5917406376802,0.0104238205005485,0.588752983293556
"UBR3",1.06955796340757,0.261786314848837,15.8110987940678,0.0214006436877271,0.887529832935561
"UBR4",2.55597532690715,0.138444813424749,12.7622304137787,0.00928410904188851,0.566527446300716
"UBR5",1.95773517681674,0.139563590907977,14.3104292544087,0.012779340519344,0.647523866348449
"UBR7",2.97009847183214,0.329717333255458,12.4907243686568,0.0171204719418924,0.789081145584726
"UBTD2",0.708601765761905,0.195980146029554,17.6123667730106,0.0227860735376187,0.896778042959427
"UBTF",1.47286513370311,0.143392423049058,15.6734961955484,0.0160834543086178,0.723747016706444
"UBXN1",7.61866110033383,0.12088591275926,4.55252851449051,0.00857700237525228,0.153042959427208
"UBXN11",1.17018281591051,0.225981012127267,16.1134798577215,0.0207512497461973,0.856056085918854
"UBXN2A",3.11703481221499,0.274749655537949,12.6560317242102,0.0156625122578809,0.730459427207637
"UBXN2B",1.59477081768814,0.369080131187783,13.4172305446409,0.0198904471299824,0.896479713603819
"UBXN4",4.49578795973129,0.0987214718822541,7.4444663224556,0.00531895100436377,0.250745823389021
"UBXN6",2.43116295016512,0.335959441434604,12.9810627040155,0.0182204760806125,0.825775656324582
"UBXN7",2.11428445601072,0.153142296995051,14.1386779335405,0.0131648848836665,0.656324582338902
"UBXN8",1.39254423075829,0.356879357783531,13.8371345228551,0.0203588338606242,0.904683770883055
"UCHL3",0.985713215322406,0.0788142615888888,16.9072307976935,0.0151141142665339,0.700178997613365
"UCHL5",4.58155783974886,0.330442164778162,10.8177777711117,0.0142216498619387,0.695704057279236
"UCK1",9.04045045596737,0.671856807482436,8.03969047288786,0.0115571006831022,0.834128878281623
"UCK2",1.19055145782596,0.133304368144922,16.6662394345093,0.0177807130960597,0.762082338902148
"UCKL1",3.95074782611975,0.363847043595253,11.3031368017727,0.0159123788231938,0.761784009546539
"UCP2",0.307178285087617,0.00974539558098761,17.080118685032,0.0103643325474164,0.60903937947494
"UEVLD",1.1324475136364,0.295359287269166,15.2057613476656,0.0212452028339868,0.899015513126492
"UFC1",8.19939684081851,0.16377069645284,5.21328091652439,0.00360761075496155,0.236426014319809
"UFL1",1.33289636021808,0.158532553309819,16.160877603455,0.0179529890176337,0.769391408114558
"UFM1",3.51165575817386,0.0925100053706849,9.31326605550342,0.00195055222087214,0.331443914081146
"UFSP2",1.65188939235413,0.237342124231101,15.0707881117731,0.019032511185942,0.814439140811456
"UGCG",0.332213035804344,0.0186293138937784,18.3228892537008,0.0146401950089979,0.68958830548926
"UGDH",0.394319461801631,0.0306849840612828,18.7291562438703,0.016677655834223,0.729116945107399
"UGGT1",1.43848770512974,0.240214962523625,15.4011468429921,0.0198294200266117,0.836366348448687
"UGP2",0.982285090687871,0.0494055322579455,15.1663770762787,0.00849252121898071,0.566527446300716
"UHMK1",3.37276814358003,0.177993842006192,11.5948782518287,0.00929893596657785,0.558472553699284
"UHRF2",1.34099655512685,0.122845917586394,15.8787289554046,0.0154107067533304,0.707040572792363
"UIMC1",4.64995336609695,0.372095569251928,10.5796028297222,0.014963608428527,0.730161097852029
"ULK3",3.52463647419828,0.45744111081324,10.7342306784009,0.0168783795250613,0.844421241050119
"UMAD1",3.53295082114713,0.471312262171256,10.5285199142484,0.0168037134136551,0.850089498806683
"UMPS",1.06477010956872,0.171762335203359,16.9058421488817,0.0202232790595148,0.8263723150358
"UNC119",1.10246560163695,0.0835697596433818,16.1027905657781,0.0134692209474888,0.664826968973747
"UNC13D",0.864713274195325,0.199010952837032,17.1027091360857,0.0218264907707856,0.873657517899761
"UNC45A",3.50792809718354,0.240727535328674,11.9049456740229,0.0130445047526754,0.650954653937947
"UNC50",6.05307432395428,0.355525722189702,9.47556159040778,0.0127397341190541,0.648418854415274
"UNG",0.677309594688352,0.0950783917094711,18.4317389236712,0.0199844873665661,0.803848448687351
"UNK",1.51368226424733,0.307415875148664,14.4429973981304,0.0201562332248021,0.872315035799523
"UPF1",1.58178933724046,0.272470829148949,14.8331399431423,0.0197968171702502,0.847404534606205
"UPF2",3.33170724465816,0.176411547680187,11.7396709644198,0.00946835469222314,0.56354415274463
"UPF3A",2.25063875361049,0.168671534402357,13.9139409285706,0.0135467683738012,0.664976133651551
"UPF3B",2.22565863583898,0.113375388103902,13.2117073924374,0.00855659322489319,0.555638424821002
"UPP1",0.408136681304748,0.0243266662442998,17.9456675424109,0.014020197559382,0.677655131264916
"UPRT",0.966387569911125,0.260627379974739,16.0235830422839,0.0217845668070839,0.897673031026253
"UQCC1",2.98654881431399,0.559876946766104,9.50760654223788,0.016424542120716,0.908562052505967
"UQCC2",1.47015221040622,0.10805861083197,15.4311865126026,0.0134007804987094,0.6631861575179
"UQCC3",1.54468599606383,0.213063059659336,15.4555606549262,0.0188758847652565,0.803550119331742
"UQCR10",4.25579057287454,0.0578923679426462,6.25451954685483,0.0124602983723474,0.132756563245823
"UQCR11",2.6797526317318,0.0356058760388324,7.62508370760047,0.0122889620711851,0.158263723150358
"UQCRB",5.87174945666133,0.0399075099848235,4.4062601471127,0.0184890563850261,0.0268496420047733
"UQCRC1",4.37198709531796,0.114987481504133,8.74878391933719,0.00114696314118838,0.335918854415274
"UQCRC2",2.22927382456661,0.0740203964264743,11.2640214706542,0.00084773913966418,0.401103818615752
"UQCRFS1",9.11693303856837,0.167537228769916,4.57882117826406,0.00433978359705609,0.213454653937947
"UQCRH",7.04624382814846,0.0576204255922566,4.21475165990497,0.0163197520694466,0.0511634844868735
"UQCRQ",3.87197850625197,0.0592420268711437,6.98742375869346,0.010693009361777,0.169003579952267
"URGCP",1.9325198168822,0.310353575299789,13.8865482485989,0.0191576253952722,0.844122911694511
"URI1",2.3364112810989,0.345674160410374,13.0259087384955,0.0185189283774518,0.840393794749403
"URM1",2.54735793276529,0.166474939319413,13.2502829868522,0.0120102096332954,0.627834128878282
"UROD",2.06928284063807,0.210911423260259,14.4599181654636,0.0167018550575133,0.747464200477327
"UROS",1.29624305930292,0.14135899603677,16.306467638681,0.0173884335845458,0.754027446300716
"USB1",4.41244921550153,0.347262431137578,10.8982218365147,0.0148570462220786,0.719868735083532
"USE1",2.68657783127218,0.236543282001857,13.2919694544059,0.0154604734978661,0.718078758949881
"USF2",1.90181873593574,0.190095992223074,14.7111595219635,0.0163360368181285,0.734486873508353
"USF3",0.798076307464102,0.218105481189774,17.0419204888287,0.0224035701528697,0.895883054892601
"USO1",3.16660388521648,0.176865227944294,12.0641712766418,0.0101503283609788,0.58054892601432
"USP1",1.08702604399325,0.0510136058649557,14.9730697429786,0.00809129498134662,0.558621718377088
"USP10",3.5412810823545,0.179202254046255,11.7163985162705,0.00947010897312869,0.564886634844869
"USP11",0.930780603054334,0.0691135776263305,16.5751725757905,0.0136540044757599,0.669301909307876
"USP12",0.720468473675231,0.0660384966054818,17.6699303689011,0.0162765846693444,0.723001193317422
"USP14",3.27681111399805,0.142203935928389,11.2556710639774,0.00629408389972209,0.495375894988067
"USP15",2.5789023109138,0.102188048331675,11.4565133862868,0.00377401578822026,0.451521479713604
"USP16",3.32561242910348,0.143005752973678,11.36330159797,0.00652797718892367,0.501491646778043
"USP19",1.62074675124292,0.294343029698503,14.4378471182839,0.0197744993570649,0.85486276849642
"USP22",2.70647656680451,0.14177631366113,12.553010453752,0.00902365472472678,0.560113365155131
"USP24",1.14952371939686,0.206838144149567,16.3479284148467,0.0205126351528466,0.843377088305489
"USP25",1.15571288914622,0.333531058326203,14.4952633207426,0.0209976296983087,0.911247016706444
"USP28",0.735860656093729,0.250782950460346,16.6210258183468,0.0226757143258946,0.91736276849642
"USP32",1.57951270949352,0.287199600447403,14.6737674425798,0.0199480669948231,0.857846062052506
"USP33",3.91277405870279,0.287983241158014,11.4700800127666,0.0140743559735062,0.683621718377088
"USP34",2.61958280350924,0.174306997761135,13.0321736674188,0.0120352176783292,0.62708830548926
"USP36",0.884582441127506,0.0564212388821833,16.2007349199249,0.0117659601045682,0.631414081145585
"USP38",1.49450266403105,0.137265950345875,15.5646064460691,0.0154982329746664,0.709874701670644
"USP39",4.34034700752367,0.277393523109116,10.9503584005311,0.012766577197565,0.643645584725537
"USP4",2.96583875391117,0.218269415596699,12.5838271510773,0.0133870077306221,0.659457040572792
"USP42",1.70563179497595,0.199833334754031,15.1798632038927,0.017740220982303,0.771628878281623
"USP46",0.510152058332038,0.137665786927388,18.9611855402307,0.0234266988808594,0.890363961813842
"USP47",2.1310868258685,0.116597330336626,13.2283017121284,0.00889028974232128,0.561306682577566
"USP48",2.20547081739671,0.135177355381095,13.4578058046117,0.0106393137158415,0.598001193317422
"USP5",2.30645315912477,0.292453710396143,13.580069483897,0.0180294152544167,0.803699284009546
"USP53",0.247407602901917,0.0381949232791284,20.6728984477415,0.0225679327969715,0.844719570405728
"USP6NL",0.517340598157119,0.206694919057082,17.9047184332288,0.0238380669935286,0.927356801909308
"USP7",3.00951486023607,0.265872635577848,12.7324069477182,0.0155433836142195,0.724492840095465
"USP8",3.72787466239805,0.188890236491195,11.2810447691503,0.00923723498629531,0.555638424821002
"USP9X",3.0633817460633,0.205563944049999,12.5692906398385,0.0126584252642411,0.64200477326969
"UTP14A",1.5768107194388,0.223169202442882,15.3738689881815,0.019083514762768,0.812052505966587
"UTP15",1.36859097664793,0.265859152628186,15.2886840133939,0.0204606010762352,0.863663484486873
"UTP18",5.64777064723674,0.375444539589648,9.93096221524215,0.0138301386698739,0.693466587112172
"UTP20",0.756334668501826,0.201656243619782,17.3888869031208,0.0225272870629201,0.892452267303103
"UTP23",2.51538655073911,0.189981890474754,13.5263850551103,0.0138188216561316,0.671986873508353
"UTP3",1.85499590086555,0.21438961284441,14.848307431593,0.0176584672508002,0.772673031026253
"UTP4",2.24748307535342,0.212803817226869,14.1590764926379,0.0161487628729421,0.733741050119332
"UTP6",2.56331978099696,0.233147387755198,13.4666448668435,0.0156796607635037,0.723299522673031
"UTRN",0.751727145339393,0.0995391989239861,18.0164498523466,0.0192186093727343,0.788036992840095
"UVRAG",2.31839060117416,0.234570064443313,13.9232856725504,0.016615696996569,0.749105011933174
"UVSSA",0.229729657177698,0.0931975454505943,20.7561598191637,0.0257798568127331,0.925865155131265
"UXS1",0.721106739040736,0.0480050193835941,16.7731699404032,0.0126439021000356,0.649612171837709
"UXT",11.2145102025064,0.199970707587611,3.90808495608247,0.00293697025340822,0.220912887828162
"VAC14",1.18393265722595,0.208663482976322,16.2623223399476,0.0203989531100667,0.841139618138425
"VAMP2",1.58711647351036,0.116471318895471,14.7658058298953,0.012461014990709,0.640662291169451
"VAMP3",2.47046995103232,0.200285999819137,13.6944357637605,0.0146466164496888,0.693615751789976
"VAMP4",1.0806813289866,0.14679054285926,16.8895831143214,0.0190334392452379,0.79236276849642
"VAMP5",0.566671540100062,0.0484858736436562,18.0109876817108,0.0159888798236235,0.716288782816229
"VAMP7",3.18069991890043,0.258745540790246,12.5044822901421,0.0148459000878124,0.703609785202864
"VAMP8",2.26331035343011,0.0550123694604872,10.2252966242276,0.00359757915021883,0.319659904534606
"VAPA",4.60683031643419,0.0705442342605351,6.47541374668139,0.010425266706467,0.163931980906921
"VAPB",3.51851902361171,0.300049204128745,12.0977721360281,0.015477383273842,0.730310262529833
"VARS",1.35069860970735,0.240514468933214,15.6818884043731,0.0203462444482475,0.851282816229117
"VASP",1.15925710313704,0.0340266974989487,12.9380767986666,0.00115333604261033,0.425865155131265
"VAT1",0.658441099334484,0.0636853212190579,18.0413684151412,0.0170844606675327,0.739409307875895
"VBP1",10.2442832501338,0.362725064535081,6.73877973153528,0.00874199221577124,0.502386634844869
"VCL",0.233085961165595,0.0137161801362473,19.4097923537706,0.0173662477906493,0.741199284009546
"VCP",4.16512012699754,0.0566827614054901,6.30431189332415,0.012510752220352,0.132905727923628
"VCPIP1",2.57358959940178,0.263027632590394,13.3224016980446,0.0165851573149782,0.75313245823389
"VCPKMT",1.71043879846204,0.188905871243855,15.1668255789345,0.0172349722526195,0.756861575178998
"VDAC1",5.87968149686811,0.0924496634185342,5.92796853758223,0.00904225363886393,0.1736276849642
"VDAC2",4.23947142710753,0.0594058619211316,6.58308012719542,0.0115449559707223,0.151103818615752
"VDAC3",2.13997505987929,0.0713725163664745,11.4888811802742,0.00113293513909446,0.408562052505967
"VEGFA",0.126357766339507,0.0129700185771317,21.259188930618,0.0226476216266087,0.840692124105012
"VEGFB",0.335427293521607,0.190852548642491,18.6632023310929,0.0249335850191103,0.947046539379475
"VEZF1",2.83321811739473,0.170872697029186,12.6491031508432,0.0110130481477433,0.60277446300716
"VEZT",1.3614553939017,0.0836165365376124,15.2384406506485,0.0112815234766184,0.619331742243437
"VGLL4",0.937783224145187,0.0693069529402793,16.5015721597899,0.0134843574190971,0.665721957040573
"VHL",2.88989296592878,0.194880256134656,12.6650940109538,0.0123766218366901,0.634248210023866
"VIM",0.609882671129038,0.00114482927288285,9.54323076991582,0.0122437438811037,0.188693317422434
"VIPAS39",1.54688215033577,0.304152342077405,14.44744676734,0.0200647014612739,0.868138424821002
"VKORC1",2.77503193123816,0.283314522943488,12.969924954799,0.0166149192238028,0.758949880668258
"VKORC1L1",1.97110796448655,0.336223624342204,13.4949333767282,0.0191760697549039,0.856056085918854
"VMA21",3.89175951754617,0.22207144075481,11.3919912085441,0.0111543094712651,0.601282816229117
"VMP1",1.38228081704816,0.0412920681558838,12.3240976918859,0.000284413103448521,0.405280429594272
"VOPP1",0.598464396927889,0.0259536503672465,15.9886203644956,0.0087028196270567,0.575029832935561
"VPS11",2.23121741155279,0.423991195975091,11.9609072390184,0.018542094861244,0.883054892601432
"VPS13C",1.04463108291689,0.0785910240434564,16.1404229491816,0.0132343582777681,0.659904534606205
"VPS13D",0.920521678979852,0.152875135887012,17.4207786107223,0.0205311661840863,0.828609785202864
"VPS16",3.82099896859245,0.488071935859047,10.2123021197792,0.0164565200956698,0.849194510739857
"VPS18",1.16999681658225,0.266015090177222,15.5551688330258,0.0210388927733962,0.87917661097852
"VPS25",2.07717613244067,0.17702097355678,14.4190960690212,0.0150345209416426,0.701819809069212
"VPS26A",3.39018754152394,0.192495384474612,11.9842625039636,0.0107936210960895,0.595465393794749
"VPS26B",2.15933296886672,0.195386729314404,14.1082689712069,0.0153491463277557,0.709874701670644
"VPS28",117.689254197001,0.789799886924875,35.4133981532613,0.00565287370982657,0.316825775656325
"VPS29",4.4271114968772,0.162657397959277,9.90647018933132,0.00484881863251816,0.454206443914081
"VPS33A",1.25163891672807,0.398421668972538,13.1704516833251,0.0202200600769144,0.924821002386635
"VPS35",3.74067755661415,0.154467198060309,10.7785934947915,0.0060936247453366,0.487171837708831
"VPS36",2.68306760663299,0.181961653072803,13.0322089723351,0.0124267300714991,0.636634844868735
"VPS37A",6.45587647623997,0.38791279222828,9.37894602917303,0.0131774586337041,0.673329355608592
"VPS37B",0.59886151000016,0.0384717271778894,17.1714299199954,0.0129817660017742,0.656921241050119
"VPS37C",1.39658079715876,0.306744353309994,14.6671563612063,0.0205258066291835,0.883651551312649
"VPS39",2.14836066465414,0.321253718953899,13.4154285928468,0.0186525877905056,0.832338902147971
"VPS41",2.25445428847132,0.318028105674148,13.396411667228,0.0184652219997141,0.826223150357995
"VPS45",2.68392696457442,0.449783507152396,11.3127745836867,0.0178378362643621,0.875298329355609
"VPS4A",6.9744341877757,0.38359827722498,8.91015288205512,0.0124595676671195,0.643347255369928
"VPS4B",1.55610163568357,0.0636813835022421,13.1404214261162,0.00451151613530587,0.481801909307876
"VPS50",2.04773920438231,0.394855148935787,12.5508047421653,0.0189586188841735,0.879624105011933
"VPS51",3.94537806952793,0.194696461618015,10.9026293841797,0.00885900040871289,0.544003579952267
"VPS53",3.86147851267791,0.374728912527786,11.3293526311601,0.0161975472545492,0.776103818615752
"VPS54",2.28717597563271,0.578559204885533,9.3081331776426,0.0166471929678436,0.933472553699284
"VPS72",12.3599234926276,0.497012919901403,7.08941357989281,0.0108404600717795,0.609337708830549
"VPS8",1.67007087847128,0.217943749820532,15.1946763158286,0.0185204614715265,0.795793556085919
"VRK1",0.763014196295615,0.161210626183393,17.8859524662469,0.0219614550399114,0.864558472553699
"VRK2",2.07651758457258,0.314136870076709,13.6738580054991,0.0188576896594781,0.8368138424821
"VRK3",4.62121120740645,0.371569804499732,10.573929290719,0.0149715460247452,0.729713603818616
"VTA1",3.97602515474612,0.245784890708371,11.3496364257431,0.0121841652154117,0.627535799522673
"VTI1A",5.94319895952199,0.451664499348253,9.46955981875205,0.0145215834532175,0.74791169451074
"VTI1B",4.25666791537766,0.18766390515713,10.1863753517589,0.00711740898031575,0.5
"WAC",4.7149703656106,0.178372935382565,9.38868455455398,0.00499384867674109,0.449134844868735
"WAC-AS1",0.476008479125508,0.137984185824441,19.0718196921033,0.0237085666241186,0.896778042959427
"WAPL",4.26748784760991,0.191379523277652,10.4446440606898,0.00775257514122014,0.516706443914081
"WARS",0.502895117469018,0.0304955418831298,17.4180766410435,0.0130378844450721,0.658412887828162
"WARS2",2.45173739460253,0.363082141934395,12.6901969817006,0.0183629351104376,0.843526252983294
"WASF2",5.13907709530367,0.128181145124431,7.77535607602344,0.00194333990864792,0.307577565632458
"WASL",0.763953632328589,0.0631038389696182,17.5610169786669,0.0157633084042919,0.71285799522673
"WBP11",3.90902344345808,0.170139333840386,10.5716220451591,0.0067565165775587,0.497165871121718
"WBP1L",1.39171054798304,0.220755613616913,15.6380841075636,0.0195990148282099,0.823836515513127
"WBP2",3.87002856613119,0.150217153726698,10.0958781383125,0.00450362796233598,0.448538186157518
"WBP4",1.76330288362321,0.160441301040791,15.1542100641393,0.0157649801515682,0.718526252983294
"WDFY1",1.01248710417274,0.156913820270538,17.072534846054,0.0199405890784838,0.81563245823389
"WDFY2",0.95031396854384,0.10468792471333,17.2754367004636,0.0176705302964275,0.755668257756563
"WDR1",3.30436942931097,0.0471817191706445,7.47647311091813,0.0110928987124577,0.172285202863962
"WDR11",1.53545287709328,0.21324984730859,15.4455264046186,0.0188757739152702,0.803400954653938
"WDR12",1.53897816804068,0.242919487425387,15.2374991991755,0.0195699367546867,0.830698090692124
"WDR13",1.78763923042947,0.196766575480393,15.0591708338303,0.0173302567817727,0.761038186157518
"WDR18",2.52766686292491,0.228969908295519,13.572457874849,0.0156938760609657,0.723448687350835
"WDR20",6.85994862518795,0.449565301131381,8.99504507067924,0.0137111771817729,0.713454653937947
"WDR26",2.80601945386561,0.243462336237486,13.0078756506736,0.0152375879346664,0.712112171837709
"WDR3",0.645616431483925,0.169629673197945,18.1341621526893,0.0228928685624479,0.889319809069212
"WDR33",5.71653421202839,0.226854002667079,8.91102385021496,0.00692116882080151,0.482398568019093
"WDR34",0.604876894208994,0.0937650824595227,18.8422997076575,0.0209313913014006,0.823836515513127
"WDR36",1.34337922319771,0.185444791015739,16.0730312102221,0.0190134948630702,0.800268496420048
"WDR37",3.51723787313635,0.396483794330134,11.3312612287424,0.0167953992665119,0.804892601431981
"WDR4",1.20847350177989,0.292496225342172,15.1760262364854,0.0210730108638856,0.89304892601432
"WDR41",1.16424333381707,0.225045652671029,16.1732903260883,0.0208222645741431,0.857846062052506
"WDR43",0.805531091690503,0.0619998486571275,17.2075820671227,0.0147722493640211,0.692571599045346
"WDR45",2.2570888992797,0.130679522776069,13.3638972962454,0.0101089379578294,0.586963007159905
"WDR45B",4.07413763297389,0.231414759129423,11.215847245916,0.0112524980755796,0.603221957040573
"WDR46",2.46348143467171,0.1529702201752,13.1636321014106,0.0110775306505344,0.606205250596659
"WDR48",3.19236334232522,0.249707487454142,12.4342253133503,0.0143888531420691,0.689289976133652
"WDR5",3.26660979042151,0.291674539037559,12.4177567995704,0.0157946576507467,0.737917661097852
"WDR54",1.15260614192481,0.146090659966042,16.718544996528,0.0185895703356324,0.782219570405728
"WDR55",2.75636891300361,0.302047047350753,12.8906717478894,0.0170705233343839,0.777744630071599
"WDR59",1.1635829510833,0.189448117695853,16.4425013748058,0.0200082501206737,0.825477326968974
"WDR6",2.50439665391441,0.250566723530922,13.4151530020792,0.0163316602392401,0.742989260143198
"WDR60",0.582498154558871,0.177742835785065,18.1885448727401,0.0233572809710372,0.903341288782816
"WDR61",3.42051798565055,0.27546790881367,12.2232019119288,0.0149074451322573,0.708233890214797
"WDR70",3.17536512939395,0.424527314354917,11.2741078508836,0.017304829194641,0.838156324582339
"WDR73",1.37898533978183,0.313989399548,14.5267868677133,0.0205092439397007,0.886038186157518
"WDR74",1.91685067079515,0.111815089297393,13.9348725435502,0.0101482576222905,0.590841288782816
"WDR75",1.93386012236638,0.292346583949152,14.0580511957422,0.0189568737528615,0.83054892601432
"WDR77",1.86004841090174,0.229369474053652,14.8509344771786,0.0182252701535209,0.791616945107399
"WDR82",2.84349816040644,0.174183474901039,12.4922811349429,0.0109348587517909,0.599492840095465
"WDR83",2.52954181162979,0.357728980434099,12.6093213373156,0.0181442428799918,0.83263723150358
"WDSUB1",0.672157037607933,0.303665327213871,15.7209912153933,0.0225204588438675,0.940334128878282
"WDTC1",1.20365667839554,0.226555452056045,16.0175175200014,0.0205836553416821,0.85173031026253
"WDYHV1",2.04355551368378,0.392545113228113,12.6644296475002,0.0190307328021166,0.882159904534606
"WEE1",0.453775179944732,0.0689493875871437,19.5060888128899,0.0212459099200924,0.825029832935561
"WHAMM",1.70908896290885,0.15821206550067,15.1269950643777,0.0156405908144227,0.714647971360382
"WIPF1",0.606265820938934,0.00962182026828637,12.8904193118948,0.001616186798893,0.383204057279236
"WIPF2",3.89774814662278,0.308809201311963,11.6340547708005,0.0149329204438188,0.715244630071599
"WIPI1",0.226478149401231,0.0274209212708929,20.5222758349451,0.0214756610141372,0.821300715990454
"WIPI2",4.38854025491118,0.178376968741843,9.86437201679912,0.00591333861912138,0.47255369928401
"WIZ",2.55651167288109,0.608988285622858,8.70939294527379,0.0159477993327346,0.934069212410501
"WNK1",2.41606928834596,0.0900132097452536,11.6556867327203,0.00318216879742061,0.444212410501193
"WRAP73",3.78289480589267,0.321931129326236,11.5226898342094,0.0152862040845405,0.726581145584726
"WRB",2.74162111274112,0.292329299109712,12.9843810643842,0.016925827944322,0.770733890214797
"WRNIP1",0.862703795120329,0.156638113224035,17.6162788736648,0.0211401641218924,0.843973747016706
"WSB1",2.18790897429482,0.038908361143244,8.8816570989371,0.00878600853776463,0.225387828162291
"WSB2",1.28219227908661,0.292880393627226,15.0332631671482,0.0208248345315746,0.885739856801909
"WTAP",1.16578957517217,0.0303149705602834,12.1084590461599,0.00144042405012044,0.376342482100239
"WWOX",0.898899373863213,0.241619155142983,16.4745832020258,0.0220500752031102,0.896628878281623
"WWP1",1.93626998562206,0.297428464064186,14.0078437521057,0.0190136133586372,0.834278042959427
"WWP2",2.19010746580366,0.350764218086239,13.0500263432116,0.0187588857471376,0.849492840095465
"WWTR1",0.249077040367895,0.0215387531911925,19.9238963817206,0.0193891006075672,0.780429594272076
"XAB2",4.29757723318119,0.282570331061906,10.8803743850875,0.0129200803921388,0.646927207637232
"XAF1",0.305116431095013,0.046287318254286,20.2033720171086,0.0217779271583728,0.830847255369928
"XBP1",0.364900466544531,0.00534686415835744,13.6844972405008,0.000179556520015788,0.41840692124105
"XIAP",2.13545922828257,0.194306169196057,14.2872789027724,0.0156161657086359,0.717332935560859
"XKR8",1.13650993556373,0.257962531635056,15.7198757304131,0.0211061672118682,0.877535799522673
"XPA",1.35319850033625,0.238838188126137,15.5988467614616,0.0201692842952393,0.845167064439141
"XPC",0.971537260678716,0.13745696115116,17.2113064049378,0.0193225478709841,0.796986873508353
"XPNPEP1",3.46430199915925,0.371200005190431,11.6765301633221,0.0167421809084711,0.792959427207637
"XPNPEP3",3.70375955556966,0.545114541604762,9.54887462010285,0.0160816415504933,0.881563245823389
"XPO1",2.08209202370167,0.109240600290708,13.5197478526869,0.00897486251326809,0.565781622911695
"XPO4",3.77130078136364,0.407152479780251,11.0309272193392,0.0165103616454442,0.799671837708831
"XPO5",2.42857268710929,0.341533869688371,12.9563868450464,0.0182975437398837,0.831145584725537
"XPO6",3.51891503329904,0.477277508469653,10.4955309199502,0.0167998851493088,0.855161097852029
"XPO7",3.65819875844789,0.510985913100284,10.0252666358408,0.0164495025508774,0.86769093078759
"XPOT",1.59506975332141,0.171715512625324,15.487458725171,0.0171015044031799,0.751193317422434
"XPR1",1.93715462232282,0.343523780426989,13.4313624275895,0.0192593228527865,0.862171837708831
"XRCC1",1.93042736007477,0.280453799286466,14.2205118489766,0.0188635321425308,0.823836515513127
"XRCC5",3.5186186460673,0.0876503756135668,8.80350318713957,0.00352114171895387,0.299373508353222
"XRCC6",5.1468082598998,0.08289871188991,5.98723638016467,0.00999634750802776,0.160352028639618
"XRN1",1.6872750937718,0.117136782527006,14.5472121864404,0.0119742182849951,0.630071599045346
"XRN2",3.88659268367947,0.122770283451792,9.81253564500914,0.00173963595821359,0.397971360381862
"XRRA1",0.715459074559763,0.265994515761241,16.3714365691962,0.0226708991286359,0.924522673031026
"XXYLT1",1.68924553812163,0.389103179425006,12.9983464456187,0.0196058252518301,0.899015513126492
"YAF2",2.24768061693934,0.184444286167548,14.0177078156643,0.014578849351215,0.69063245823389
"YAP1",0.412021014413135,0.0816867072434558,19.844365844565,0.0228364363687422,0.860829355608592
"YARS",1.81354695422341,0.0803586702396323,13.0911335115992,0.00580304778766292,0.503579952267303
"YARS2",4.89504122840285,0.437271603709021,10.0974937583537,0.0154156612771964,0.774910501193317
"YBEY",1.73548624269415,0.23395949807856,14.9982392437685,0.0187283715450988,0.805787589498807
"YBX1",5.35847159883961,0.0222909390005523,4.68745263092219,0.0204133711833191,0.0102923627684964
"YBX3",0.439562898492217,0.016124037735191,17.0898486353495,0.01091101660503,0.619182577565632
"YDJC",2.96865771282548,0.250118099394879,12.7844385018277,0.0150587801319099,0.708233890214797
"YEATS2",1.31195274188518,0.231176774772101,15.7757166299559,0.0202422362958826,0.844570405727924
"YEATS4",1.07230985328537,0.134832547021973,17.0146146731056,0.0186877757468516,0.782667064439141
"YES1",0.476934505278819,0.0485273939026222,19.01606978028,0.0186699112445848,0.769988066825776
"YIF1A",1.07756767558174,0.0678533061370882,15.7634454223661,0.0114812741185514,0.624701670644391
"YIF1B",3.74101445586946,0.238393088189282,11.8445761208229,0.0126816204139978,0.643347255369928
"YIPF1",3.62284015740252,0.416893339608458,11.1296946008928,0.0167866919505109,0.81667661097852
"YIPF2",2.18882574962646,0.224734326112319,14.2105695680296,0.0167746015976031,0.751789976133652
"YIPF3",3.8529634402593,0.111156943665027,9.05185390679966,0.000774270353115558,0.345167064439141
"YIPF4",6.33541655163848,0.254502328290791,8.57947175379785,0.00771522999062542,0.496270883054893
"YIPF5",1.68182047128939,0.0781040439048093,13.2156942353459,0.00595346881148956,0.506861575178998
"YIPF6",2.12957857631045,0.162648107875886,14.0320096861593,0.0135121716346557,0.663633651551313
"YKT6",7.16114605414283,0.410228119847576,8.84407722917618,0.0128660552708862,0.664976133651551
"YLPM1",2.54173647643888,0.231976885111403,13.5119552318057,0.0157164823710687,0.724194510739857
"YME1L1",6.75931904849138,0.19367388144892,7.02582129435716,0.00173039784727615,0.354266109785203
"YPEL2",0.480915334502391,0.035402585632194,17.9956677086769,0.0150066328377812,0.696599045346062
"YPEL3",1.10892091407143,0.0947932669713842,16.251959798225,0.014598704470781,0.688394988066826
"YPEL5",1.84302840839768,0.0405563413885482,9.92134779137102,0.00597179357063061,0.280280429594272
"YTHDC1",3.9904844238726,0.132802744283957,9.45763781929418,0.00188803775184182,0.394391408114558
"YTHDC2",1.38835335970461,0.223653828865241,15.694086593066,0.0197905331220335,0.830250596658711
"YTHDF1",1.63266042463445,0.334434713697986,13.9163141940216,0.0199131980410691,0.878281622911695
"YTHDF2",3.89964224923043,0.1015542086509,8.87969483072266,0.00204562854720833,0.323389021479714
"YTHDF3",3.35413493807583,0.230486741240817,12.3358110586579,0.0132975816450805,0.659755369928401
"YWHAB",2.85396412161105,0.0173316131263143,5.66736220994015,0.0197234004834516,0.0296837708830549
"YWHAE",4.11052658771682,0.0545758957610709,6.85689735320638,0.0115310705241943,0.156772076372315
"YWHAG",1.84182546075785,0.062353346114781,12.4099094712632,0.0025177196296585,0.442124105011933
"YWHAH",1.11667271958977,0.0304688621868415,12.8214051644969,0.000471955179544029,0.414081145584726
"YWHAQ",2.43673722684068,0.0361378825787718,8.2380461531079,0.0107263238571183,0.189140811455847
"YWHAZ",2.7438339362472,0.0116767753873061,5.62498538694259,0.0207223850642192,0.017153937947494
"YY1",5.48776192961471,0.132824695205971,7.38822988020841,0.00229233059133545,0.295644391408115
"YY1AP1",4.69899451708656,0.275519436110671,10.5666035874237,0.0119943662270479,0.620972553699284
"ZADH2",0.970152070950689,0.245712473583316,16.2645566530011,0.0217631575625023,0.890662291169451
"ZBED1",0.975746541044802,0.135825537159207,17.2762243823228,0.0193692195943028,0.798031026252983
"ZBED5",1.61696869757509,0.223496622407072,15.2413785076263,0.0188491029090857,0.805638424821002
"ZBTB1",1.00774166208452,0.0407071443239118,14.1289365417639,0.00499694029711053,0.498806682577566
"ZBTB10",0.226351274265718,0.0613742547450115,21.0515860317976,0.0249296306102986,0.897673031026253
"ZBTB11",1.08785239314325,0.103666415920634,16.705985838159,0.0162197266041605,0.724194510739857
"ZBTB17",3.09694322747604,0.326337752750619,12.3488973770054,0.016792733626383,0.777147971360382
"ZBTB2",1.0101256489172,0.136876235771123,17.153603950629,0.0191376167930963,0.792959427207637
"ZBTB20",0.509415514540776,0.0971448034929086,19.1922431019578,0.022020612563396,0.847404534606205
"ZBTB25",1.04154652563314,0.18035705969825,16.8189533012299,0.0204423247683997,0.833532219570406
"ZBTB33",1.22446144186632,0.277379979004128,15.3461776756401,0.0209616225641047,0.882458233890215
"ZBTB38",0.640066632316634,0.0201249144317572,14.7260757062207,0.00465479460756661,0.498508353221957
"ZBTB4",1.05185601678997,0.249418962855369,16.0174375083355,0.0214062114815727,0.88230906921241
"ZBTB41",1.00706812070722,0.297926188254863,15.3380794857013,0.0215897334793125,0.910202863961814
"ZBTB43",0.504126564533709,0.0272920452279224,17.2430778136375,0.0122890594711726,0.644242243436754
"ZBTB44",1.69063591550077,0.174285933325441,15.1442002419227,0.0165200640243514,0.736873508353222
"ZBTB7A",1.21855803272292,0.107210661299439,16.2863084343699,0.0154087751805313,0.706891408114558
"ZBTB7B",0.736941097255401,0.171545738144998,17.8300889004562,0.022289170747607,0.875596658711217
"ZBTB8OS",2.90358663383387,0.22312379796912,12.8772817503783,0.0141006795963065,0.679892601431981
"ZC3H12A",0.623419498780168,0.0196365034549387,14.9301554249956,0.00517247791885053,0.508651551312649
"ZC3H13",2.05156252927477,0.110392749641361,13.4525431051079,0.00893833398316141,0.564140811455847
"ZC3H14",3.2897845570154,0.291554267751095,12.3022669567116,0.0156399574089306,0.732249403341289
"ZC3H15",118.112345217651,0.779693191332767,34.5939361010863,0.00524094895957873,0.30832338902148
"ZC3H18",2.10916572820943,0.137385548664369,13.7096608263705,0.0113489946581911,0.613961813842482
"ZC3H3",2.47828983572625,0.349711678738728,12.7703433440259,0.0182123108144328,0.831443914081146
"ZC3H6",0.677035988550854,0.192192430623404,17.7032156006975,0.0228576646545377,0.896778042959427
"ZC3H7A",1.43383022848066,0.114452808817218,15.4047633416869,0.0137986132738835,0.670942720763723
"ZC3H7B",1.07247629035784,0.197772461989264,16.6315650648316,0.0207481011094863,0.846509546539379
"ZC3H8",0.740174445031394,0.0890810674540897,17.9703910999065,0.0184994391005832,0.77118138424821
"ZC3HAV1",0.983984272009401,0.0306213605751778,13.297531471998,0.00178612353855272,0.439289976133652
"ZC3HC1",1.46666297160984,0.326730666835296,14.1956947551537,0.0202594232797783,0.884546539379475
"ZCCHC10",7.99275503463263,0.429121323391652,8.44062723598237,0.0125026526528698,0.656622911694511
"ZCCHC17",2.66259578288311,0.213519155247689,13.3365613845332,0.0145487784787899,0.69167661097852
"ZCCHC2",1.08502648010614,0.187103394124631,16.7202969878799,0.0204877923646605,0.836963007159905
"ZCCHC3",1.84957713173861,0.485144880555183,11.1701207568292,0.0184102225571427,0.922434367541766
"ZCCHC7",1.75088472003891,0.197125663250081,15.1192219727413,0.0174806816127759,0.764767303102625
"ZCCHC8",2.49954108423704,0.211083280023187,13.6062796719697,0.0149901882023258,0.702863961813842
"ZCCHC9",1.5744207506119,0.200071481234182,15.478147755058,0.018373652793609,0.787738663484487
"ZCRB1",1.55135609876773,0.094691952636882,14.8040505371515,0.011007076790025,0.612171837708831
"ZDHHC12",1.58549608096678,0.145888244227849,15.4103561447289,0.0156095988429587,0.713156324582339
"ZDHHC13",0.646872563098089,0.134524194165954,18.5019260893442,0.0221829869625616,0.861426014319809
"ZDHHC16",1.79524948296592,0.188755148063745,14.9847678652664,0.0168374514342618,0.747016706443914
"ZDHHC17",1.76641349054696,0.332710807643557,13.7602980860392,0.0195919419547309,0.867094272076372
"ZDHHC18",1.2016490239112,0.21851156906294,16.1346511520165,0.0205098823962871,0.847255369928401
"ZDHHC2",1.57965618097388,0.509969174550178,10.8173538261872,0.0183287134875963,0.939289976133652
"ZDHHC20",1.78720944729028,0.192330278368106,15.0262295441053,0.0170785093029752,0.753729116945107
"ZDHHC21",1.15470753883984,0.252601540899598,15.8232186895584,0.0210966985069595,0.875596658711217
"ZDHHC24",2.05203565498861,0.293429407063004,13.9157485753793,0.0186967916294489,0.823687350835322
"ZDHHC3",6.89385426947992,0.379267518901424,8.94703765983618,0.012430763726862,0.641408114558473
"ZDHHC4",1.50080662408548,0.27859794285289,14.8765542403114,0.0200873044401032,0.85799522673031
"ZDHHC5",3.81658620960442,0.387554445325696,11.1612185958441,0.0163111253140941,0.783412887828162
"ZDHHC6",6.63564784627923,0.401686526432678,9.10044150556933,0.0131801341309344,0.673478520286396
"ZDHHC7",5.64773626014763,0.46613568422373,9.51501809301903,0.0148491896690455,0.768496420047733
"ZDHHC9",0.439896059581714,0.108898792044902,19.5506722970183,0.0234979739094288,0.882607398568019
"ZEB1",0.421193204133105,0.0527790893157451,19.3256225618384,0.0198063572984499,0.792810262529833
"ZEB2",0.395439874966796,0.0166601744035213,17.111865219565,0.0110470389910737,0.621270883054893
"ZFAND1",3.32700055619448,0.277714515102771,12.4367044010462,0.0153186232986535,0.721658711217184
"ZFAND2A",0.415132982667126,0.0171242091863871,16.7109294500986,0.00995952449639904,0.600387828162291
"ZFAND2B",2.59965432770192,0.23462018714754,13.3563228087117,0.0155488765283872,0.719570405727924
"ZFAND3",5.50870825420773,0.261428791148443,9.53466480668324,0.0096466083033243,0.552058472553699
"ZFAND5",1.13662127413753,0.0154211809279845,9.90578486339892,0.00918749106819141,0.235531026252983
"ZFAND6",3.78231122822313,0.160501452408736,10.5339962255099,0.00608028307495212,0.483293556085919
"ZFAS1",1.95970139241566,0.0152713056082188,7.03910172042185,0.0167671866851765,0.0897971360381862
"ZFC3H1",1.76709700655225,0.113328926603482,14.4585893615478,0.0114657178543119,0.619928400954654
"ZFHX3",0.237085726617931,0.0930821402897813,20.7290966362425,0.0257023490878021,0.924224343675418
"ZFP14",1.02273369199462,0.298791560340015,15.2828012444367,0.0215197900681468,0.908412887828162
"ZFP36",0.551274832482043,0.00254858272803127,9.89799856250321,0.0110385881477639,0.209874701670644
"ZFP36L1",0.912875540331221,0.00444372912590057,8.41669468500866,0.014895443308142,0.136038186157518
"ZFP36L2",0.677471275329174,0.00418616410418102,9.53708264754734,0.0118157150939263,0.194063245823389
"ZFP62",0.853734936845892,0.391045427054602,13.7055245600196,0.0210237044360402,0.947494033412888
"ZFP64",1.69154747438933,0.335367336896411,13.8596650962319,0.0198095108436903,0.875894988066826
"ZFP91",1.3157305355623,0.252484751745706,15.5175933045522,0.0204843795948022,0.858741050119332
"ZFPL1",3.5194555443192,0.358530233802854,11.665392042995,0.0164691752751692,0.777595465393795
"ZFR",4.04818030381165,0.161680789581087,10.443174842302,0.0058732766040403,0.479564439140811
"ZFX",2.73771041125784,0.229174633556979,13.2174799577894,0.0150034684685467,0.704952267303103
"ZFYVE16",0.514531906741158,0.081957927976721,19.1640412725383,0.0211139625288564,0.824880668257757
"ZFYVE19",2.95141096251484,0.491923717458944,10.5457446934383,0.0172338752602876,0.882607398568019
"ZFYVE21",1.67024544759388,0.207254938726192,15.2073604380456,0.0181253333435245,0.782816229116945
"ZFYVE27",4.62019880745796,0.41975934690886,10.3370391695682,0.0155707014618876,0.770883054892601
"ZHX1",1.37770004624718,0.170431269005961,16.1443171511545,0.0184466148192648,0.783860381861575
"ZHX2",0.531825948641179,0.0926373119578708,19.0653226086967,0.0214614419510251,0.834427207637232
"ZKSCAN1",2.16271542241392,0.168671634733972,14.1029599710298,0.0139552135488604,0.674821002386635
"ZMAT2",3.71567280016699,0.148833335035392,10.1474577449719,0.00455951733627952,0.449582338902148
"ZMAT3",0.811719519117566,0.0998902662182748,17.7779906387913,0.0186414782151725,0.775805489260143
"ZMAT5",3.13192947621961,0.356506116901376,12.0477920905445,0.0170917628347804,0.79758353221957
"ZMIZ1",0.804611074432917,0.084677351472844,17.6543517899494,0.0174240757762601,0.748210023866348
"ZMIZ2",1.43251545245934,0.192986949376415,15.8435246136511,0.0188408483558595,0.797881861575179
"ZMPSTE24",2.21080665054435,0.173596893564582,13.9528970102782,0.0139205237028356,0.6736276849642
"ZMYM2",0.84063490548425,0.053663653807052,16.3210848549686,0.0118727506511505,0.633800715990454
"ZMYM4",1.37923833896641,0.246423645588555,15.5046098113343,0.0202286433095288,0.849791169451074
"ZMYM5",1.37219173966536,0.0970060776817021,15.371366212282,0.0125700163754586,0.64513723150358
"ZMYND11",1.12848508420158,0.125247933042223,16.6666220475714,0.0173909910990378,0.751640811455847
"ZMYND8",0.747696554801478,0.118327983084688,18.1032118779043,0.0204454355231572,0.818317422434368
"ZNF106",1.32301339951856,0.0823177017177373,15.1672809886644,0.0110412055556084,0.613961813842482
"ZNF12",1.26959574678144,0.255240261202797,15.5741536838906,0.0206877882684129,0.865453460620525
"ZNF121",0.787431060724998,0.117519063182141,18.008749437102,0.0201587877340517,0.812052505966587
"ZNF131",2.65779862607,0.193679989198604,13.2138827504215,0.0133826575074976,0.660650357995227
"ZNF136",1.04884496426306,0.302593954790459,15.1837712321743,0.0214360127454894,0.907965393794749
"ZNF138",2.33168850265393,0.498476147101868,10.7109147949006,0.0177577492839395,0.907965393794749
"ZNF140",2.75559088972316,0.39318409008988,12.0392047332866,0.0179169787256631,0.843824582338902
"ZNF143",0.820872333908044,0.155994465741768,17.7377447065707,0.021394025529337,0.84964200477327
"ZNF146",2.27577584344091,0.135203610253658,13.4158224033569,0.0105119266374406,0.595614558472554
"ZNF148",2.62822516842775,0.159512315835241,12.9796234761098,0.0110407795748761,0.605011933174224
"ZNF160",2.16030186188969,0.390353071369091,12.5483192322879,0.0188159684285076,0.872613365155131
"ZNF189",1.26724846189526,0.368316361026604,13.758772865839,0.0205179992669205,0.916467780429594
"ZNF195",1.8137498984443,0.248473104419018,14.6570052999707,0.0186346868108956,0.806682577565632
"ZNF197",1.73353178313709,0.534723159346094,10.275423497398,0.0177968701837802,0.93958830548926
"ZNF200",1.85707559040562,0.379017527841973,12.9870547072258,0.0193563212821932,0.884248210023866
"ZNF207",6.29946074797099,0.115495373830438,6.10255351947074,0.00634934118875281,0.21390214797136
"ZNF212",5.92998088846478,0.643027603309948,8.11235996853313,0.0134629171473741,0.873359188544153
"ZNF217",1.05185650071829,0.0831431739238218,16.4164137976394,0.0142104043344309,0.680638424821002
"ZNF22",1.23523499044325,0.101345651238092,16.1003974459577,0.0146011965394592,0.689140811455847
"ZNF224",2.13115822161589,0.252898952392257,14.0573840670934,0.0176364958308629,0.780131264916468
"ZNF226",1.57275924599423,0.323104182200641,14.1324159733306,0.0200248114577076,0.875745823389022
"ZNF227",1.71678700059872,0.338474571399712,13.7527188800069,0.019721486737362,0.874254176610978
"ZNF24",4.29518759255284,0.176562982658544,10.0143081923339,0.00607772023280275,0.477625298329356
"ZNF26",0.975936277157424,0.254449296734709,16.1113679332546,0.0217521724190171,0.89409307875895
"ZNF260",1.01682256560468,0.169204761888083,17.0235393302086,0.020383661294524,0.829355608591885
"ZNF263",1.50462250051264,0.236070285254348,15.367012351644,0.0195805508544938,0.828758949880668
"ZNF264",1.33764974859511,0.244928985445511,15.5638163289188,0.020314940404795,0.851282816229117
"ZNF267",1.15137748902828,0.0733065159820971,15.5003078364767,0.0112319387959453,0.61873508353222
"ZNF274",0.813020429681326,0.159625902371259,17.729781957454,0.0215401450483991,0.854116945107399
"ZNF276",1.61448390670112,0.362965409064351,13.4716712956833,0.0198598954960652,0.891557279236277
"ZNF277",3.06664434147942,0.337521190915699,12.2272193468622,0.0169469010095178,0.784904534606205
"ZNF280D",1.7700742603828,0.229412391710539,14.9227284368378,0.0184220585850607,0.796091885441527
"ZNF281",1.54551130292024,0.128358180726028,15.259671778382,0.0142998811257429,0.682130071599045
"ZNF292",1.73508749957738,0.0767993891674244,13.2256461916741,0.00583571509470842,0.505369928400955
"ZNF3",2.49652255520852,0.356539727154639,12.6587334604883,0.0182007390028661,0.833979713603819
"ZNF302",1.72252862411152,0.231846946623722,14.9445309460717,0.0185871411593117,0.800715990453461
"ZNF316",0.939160859704876,0.322361796561135,14.98744809945,0.0216220103199889,0.924224343675418
"ZNF317",2.19019187753478,0.336991148176177,13.2406406554603,0.0187231089676258,0.842183770883055
"ZNF32",2.21972047761095,0.273998497336095,13.7972096323555,0.0178697571588508,0.792661097852029
"ZNF322",1.45016169803085,0.213988382104586,15.6656401958549,0.0193427663374862,0.815930787589499
"ZNF324",1.82244886238512,0.382356348977902,12.9693888142452,0.019403719347968,0.887828162291169
"ZNF326",1.17946297210543,0.0556514711441691,14.8237281172527,0.0080819652660006,0.557577565632458
"ZNF330",3.80131723799997,0.252508819722225,11.6414157064789,0.0129892856808498,0.650507159904535
"ZNF331",0.212538736930512,0.0112654028234561,19.0983363191209,0.016301472699317,0.720763723150358
"ZNF335",1.51558894491118,0.151174944063301,15.6141640870836,0.016357662808835,0.73090692124105
"ZNF33A",1.6858312462046,0.185980452190694,15.2185032746448,0.0172136526191186,0.755817422434368
"ZNF33B",1.2934987727438,0.26724050226268,15.3701622228714,0.020684601462777,0.870226730310263
"ZNF385A",0.326022100040731,0.0531679382697378,20.2919207020704,0.0224125186427668,0.845167064439141
"ZNF394",4.57143125448831,0.320577560737819,10.7338648060629,0.0138663890453409,0.681085918854415
"ZNF395",0.359379919758188,0.179397469117172,18.8130491650769,0.0248350674710401,0.939439140811456
"ZNF397",0.996206442515544,0.239019648594531,16.2936599013763,0.0216000116631753,0.883353221957041
"ZNF408",15.596244434849,0.795327869385091,9.67542214486736,0.00595121364652143,0.846211217183771
"ZNF414",1.91959808802503,0.439451245715406,11.968157647186,0.0188588510387817,0.905877088305489
"ZNF428",2.15939337470959,0.116071895217224,13.3408385379799,0.00906760092141081,0.566079952267303
"ZNF429",0.9525719587903,0.411776725802769,13.1801717069297,0.0205577889624799,0.945853221957041
"ZNF431",1.21449007046182,0.165168179397729,16.4670182834528,0.0189624837238911,0.79445107398568
"ZNF44",1.42527869458122,0.327495034091457,14.2786777049362,0.0204024949697298,0.88991646778043
"ZNF444",3.02560051674092,0.399050756730195,11.6946802694369,0.0174930342426992,0.830996420047733
"ZNF445",1.62121494356792,0.484826615592268,11.284906204796,0.0186568027811625,0.931384248210024
"ZNF451",2.29128735663956,0.17346039281858,13.842867172992,0.0136551827391198,0.667511933174224
"ZNF480",0.687092808255983,0.251866005701665,16.6932606822526,0.022862172723143,0.922881861575179
"ZNF493",1.26675022113151,0.245600497159721,15.6678419276681,0.0205609397216524,0.85799522673031
"ZNF511",2.48662856867886,0.224713206417698,13.6322733290636,0.0156404085604133,0.721360381861575
"ZNF512",1.63785321868781,0.399748759376975,12.8453559082889,0.0195996987260343,0.905131264916468
"ZNF518A",1.05660996801035,0.275880718915162,15.6122338854957,0.0214617567811133,0.895584725536993
"ZNF524",1.97525677917717,0.224602253879623,14.4777491560548,0.0173711281714032,0.766557279236277
"ZNF544",1.31696065527058,0.28573821670884,15.072485380645,0.0206909356711606,0.878430787589499
"ZNF557",1.4437805530275,0.36517381960428,13.604413812461,0.0201727333823261,0.902893794749403
"ZNF561",0.495236982613445,0.0785077296530547,19.259160840893,0.0211629218866901,0.825178997613365
"ZNF562",0.677679412934095,0.123761329660478,18.4374838482784,0.0215105571436063,0.843377088305489
"ZNF567",1.261201936719,0.252283266476937,15.6267232623517,0.0206925900315958,0.864409307875895
"ZNF576",4.17971921850423,0.52858491154621,9.59411258141953,0.0158838126479806,0.858144391408115
"ZNF580",1.57784724854689,0.152586301139304,15.6221366539386,0.0163944095347017,0.732696897374702
"ZNF581",3.65974788418637,0.249094849804756,11.8947996293401,0.0132808190625697,0.659307875894988
"ZNF592",1.85539650919418,0.259422117166011,14.4609193074785,0.0186615163461879,0.81041169451074
"ZNF593",1.31388180848951,0.0863049184554287,15.4854204523175,0.0120874982451993,0.636038186157518
"ZNF598",2.2194816828122,0.433249415019832,11.8455620285608,0.0185091322725959,0.888424821002387
"ZNF605",0.410567350451422,0.21112517016199,18.0728839385045,0.0243718684493797,0.94272076372315
"ZNF609",0.93374236394642,0.280735402665167,15.764024476169,0.0218963531131759,0.910501193317422
"ZNF621",1.91923716858412,0.401711736297137,12.5839615786043,0.0191481236196931,0.89096062052506
"ZNF622",5.97388617150672,0.318854163635106,9.36575113787143,0.0115585714224489,0.605161097852029
"ZNF627",1.6852681840918,0.473642386512832,11.4705193913486,0.0187406096876754,0.926014319809069
"ZNF638",3.21639929588573,0.145290326424471,11.3290307705563,0.00669074535970981,0.503281622911695
"ZNF639",1.15523933113731,0.272313340446096,15.5260318908288,0.0211616800425574,0.885739856801909
"ZNF644",1.90284847989826,0.0946017857257376,13.4836127760914,0.00784907183906635,0.543854415274463
"ZNF652",0.581344234111371,0.245518802971502,17.0265500212315,0.0233375970488858,0.932577565632458
"ZNF654",2.26457896405307,0.519660965127272,10.3777528374818,0.0175532957110173,0.917511933174224
"ZNF655",2.82747528087285,0.188936758111074,12.8280311896951,0.0123653893752181,0.634844868735084
"ZNF664",1.43997556172526,0.177859950174662,15.8197751177193,0.0181359183908298,0.776998806682578
"ZNF668",6.89292630237458,0.650535175744841,8.06391857839819,0.0128682780712871,0.85903937947494
"ZNF669",2.18423811393425,0.493137958957659,10.8770543182343,0.0179690185272519,0.91214200477327
"ZNF672",1.4559761376621,0.224792601178587,15.4980779567199,0.0194544037158372,0.821449880668258
"ZNF680",0.94777995877649,0.327956353356399,14.8661624422731,0.0215493948262409,0.925119331742243
"ZNF687",NA,1,NA,NA,0.92049522673031
"ZNF688",0.777773953264243,0.201392138746119,17.2890712692894,0.0223229399212699,0.886933174224344
"ZNF689",1.39608481851507,0.310734848717353,14.5517399054768,0.0204637199468075,0.883054892601432
"ZNF692",2.08798575977157,0.442582731008226,11.7902785235389,0.0186076016512765,0.898568019093079
"ZNF7",2.97338778856981,0.466111236462083,10.9286914904728,0.0174195365902023,0.871270883054893
"ZNF706",1.87149563430499,0.0281820795509762,8.74386184018409,0.0105299388833183,0.199433174224344
"ZNF720",1.78030828084955,0.269330554924314,14.5349256876513,0.0191203307561631,0.826968973747017
"ZNF721",2.62244051664708,0.245800633691069,13.4006829401618,0.0160308311011714,0.735232696897375
"ZNF738",0.621502911290605,0.168143638787095,18.1973042865653,0.0229847249848149,0.890811455847255
"ZNF75A",1.28008680132777,0.251313135593669,15.6257663219634,0.0206450270415276,0.862917661097852
"ZNF76",2.08760427165576,0.391111164179626,12.6165470363218,0.018942243835991,0.877684964200477
"ZNF770",1.26161933931716,0.117307611397269,16.2077470647529,0.015834825321031,0.716587112171838
"ZNF780A",2.10250951956037,0.547075888632111,9.90981487616482,0.0172900693569991,0.929743436754177
"ZNF790",1.65748362327979,0.509771519573533,10.7849943461967,0.0182551187179151,0.936157517899761
"ZNF791",1.56209445699074,0.180641103108069,15.5626043262096,0.0176883831750924,0.766855608591885
"ZNF800",3.23274134459086,0.153772665296652,11.5466664014551,0.0076888745665536,0.525059665871122
"ZNF821",0.577675319382873,0.146402995017732,18.6053113843009,0.0229837320738037,0.883204057279236
"ZNF83",0.75820829413256,0.144397227935492,18.0396907007154,0.0215560170774085,0.850089498806683
"ZNF830",3.68936948928162,0.273016159226957,11.8274991478828,0.0141261572622072,0.684516706443914
"ZNF84",2.1002606994525,0.262711446387703,14.0665933888105,0.0179940722216188,0.792959427207637
"ZNF91",1.22818418649699,0.179336063679081,16.398774468057,0.0194504374942984,0.809516706443914
"ZNFX1",1.52360215445186,0.105767512942012,15.0404978239646,0.012353558081951,0.63991646778043
"ZNHIT1",5.29313581548257,0.169075758812563,8.60612058375801,0.00281812065635756,0.3993138424821
"ZNHIT2",1.49448843796265,0.31907223609384,14.2851476115265,0.0202048818377234,0.87917661097852
"ZNHIT3",9.5387401370407,0.362007935542542,7.04396177414048,0.00925047861022546,0.519988066825776
"ZNHIT6",0.882867619503106,0.204035525639921,17.048787706755,0.0218827412524689,0.877237470167064
"ZNRD1",4.17793875574217,0.147490086936522,9.3608035778429,0.00285273756948819,0.409158711217184
"ZPR1",4.29647586000569,0.216177128577165,10.7831523573025,0.00970188798850354,0.563096658711217
"ZRANB1",1.15189255914699,0.181741581718424,16.6519259942227,0.0200836693497669,0.825924821002387
"ZRANB2",2.57711307461516,0.111594684228036,11.9993684615225,0.00570943509254534,0.491795942720764
"ZRSR2",2.20956853719493,0.306035173314712,13.4936887283513,0.0183531706422881,0.817124105011933
"ZSCAN16-AS1",1.31487933527226,0.23086904291411,15.7813695561885,0.0202381618651541,0.844421241050119
"ZSWIM7",2.28421603210166,0.278980054887263,13.751958206829,0.0178953722208045,0.795793556085919
"ZSWIM8",2.00558257170275,0.338088361783305,13.3929885046083,0.0190708158601915,0.853072792362768
"ZW10",3.0854186453904,0.461369024106674,10.931297262182,0.0173284200907024,0.864409307875895
"ZWILCH",0.524041550827849,0.174424837402902,18.4399775509512,0.0237799423615127,0.912291169451074
"ZWINT",0.170902269859412,0.0295089521681014,21.3816933174101,0.0240207464591577,0.87082338902148
"ZYG11B",0.978109779804527,0.301562898982415,15.3209073095257,0.0216616516702525,0.91423031026253
"ZYX",1.48242640645975,0.0365224139189568,11.6893707194837,0.00189059889669059,0.364856801909308
"ZZEF1",1.04022010222073,0.122058867242162,16.9219131207531,0.017830160718384,0.760889021479714
